{
  "models": [
    "sweep_b",
    "sweep_c"
  ],
  "windows": [
    "1:12",
    "12:24",
    "24:48",
    "48:49"
  ],
  "r2_linear_mean": {
    "sweep_b": 0.9999897685164245,
    "sweep_c": 0.9999904518303351
  },
  "r2_log1p_mean": {
    "sweep_b": 0.9999900953378955,
    "sweep_c": 0.9999907153105189
  },
  "mse_mean": {
    "sweep_b": 3.847681671054204e-07,
    "sweep_c": 3.891966207092423e-07
  }
}