{
  "checkpoint": "models/dynamic_gnn_sweep_b/best_model.pt",
  "data": "data/processed/pbpk_enriched/dynamic_gnn_dataset_enriched_v3.npz",
  "device": "cuda",
  "metrics": {
    "per_organ": {
      "blood": {
        "mse": 3.757574162932542e-08,
        "mae": 6.319975364021957e-05,
        "r2": 0.9999999951495
      },
      "liver": {
        "mse": 5.9460671053557235e-08,
        "mae": 9.135173604590818e-05,
        "r2": 0.9999993690692074
      },
      "kidney": {
        "mse": 3.302820772432824e-08,
        "mae": 6.126527296146378e-05,
        "r2": 0.9999996555043652
      },
      "brain": {
        "mse": 2.0724923999182465e-08,
        "mae": 5.193995457375422e-05,
        "r2": 0.999999786672627
      },
      "heart": {
        "mse": 2.0572665349050112e-08,
        "mae": 4.893924415227957e-05,
        "r2": 0.9999997904867891
      },
      "lung": {
        "mse": 7.5725502313162e-08,
        "mae": 0.00013049205881543458,
        "r2": 0.9999991605925882
      },
      "muscle": {
        "mse": 3.19091171263608e-08,
        "mae": 7.775496487738565e-05,
        "r2": 0.9999996676713446
      },
      "adipose": {
        "mse": 3.038125484522425e-08,
        "mae": 4.806590368389152e-05,
        "r2": 0.9999996910759912
      },
      "gut": {
        "mse": 2.0755068774747087e-08,
        "mae": 4.8615467676427215e-05,
        "r2": 0.9999997867690043
      },
      "skin": {
        "mse": 2.2079230888039092e-08,
        "mae": 4.6790690248599276e-05,
        "r2": 0.9999997760124242
      },
      "bone": {
        "mse": 2.7474529318283203e-08,
        "mae": 5.284227154334076e-05,
        "r2": 0.9999997215663513
      },
      "spleen": {
        "mse": 1.7972379140474004e-08,
        "mae": 4.679640187532641e-05,
        "r2": 0.9999998172621658
      },
      "pancreas": {
        "mse": 1.959319284594585e-08,
        "mae": 4.979278673999943e-05,
        "r2": 0.999999801287336
      },
      "other": {
        "mse": 2.1796406457497142e-08,
        "mae": 4.978816650691442e-05,
        "r2": 0.9999997783000859
      }
    },
    "global": {
      "mse": 3.136064208320022e-08,
      "mae": 6.197390757733956e-05,
      "r2": 0.9999999516979697
    }
  }
}