{
  "models": [
    "sweep_b",
    "sweep_c",
    "v4_compound"
  ],
  "windows": [
    "1:12",
    "12:24",
    "24:48",
    "48:49"
  ],
  "r2_linear_mean": {
    "sweep_b": 0.9999897685164245,
    "sweep_c": 0.9999904518303351,
    "v4_compound": 0.999992739673037
  },
  "r2_log1p_mean": {
    "sweep_b": 0.9999900953378955,
    "sweep_c": 0.9999907153105189,
    "v4_compound": 0.9999926075983792
  },
  "mse_mean": {
    "sweep_b": 3.847681671054204e-07,
    "sweep_c": 3.891966207092423e-07,
    "v4_compound": 4.0701224468531194e-07
  }
}