{
  "windows": [
    [
      1,
      12
    ],
    [
      12,
      24
    ],
    [
      24,
      48
    ],
    [
      48,
      100
    ]
  ],
  "model_linear": {
    "1:12": {
      "mse": 0.00030361016979441047,
      "mae": 0.0044707912020385265,
      "r2": 0.9986300005862253
    },
    "12:24": {
      "mse": 3.1013057650852716e-06,
      "mae": 0.0013121537631377578,
      "r2": 0.9993554104818964
    },
    "24:48": {
      "mse": 4.4418916900212935e-07,
      "mae": 0.00048796425107866526,
      "r2": 0.9996227824697549
    },
    "48:49": {
      "mse": 3.737456779617787e-07,
      "mae": 0.00043478512088768184,
      "r2": 0.9996623366310903
    }
  },
  "model_log1p": {
    "1:12": {
      "mse": 9.327880979981273e-05,
      "mae": 0.002466104459017515,
      "r2": 0.9985560893772596
    },
    "12:24": {
      "mse": 1.6141707419592422e-06,
      "mae": 0.0009338855743408203,
      "r2": 0.9993500315997265
    },
    "24:48": {
      "mse": 2.3079421396232647e-07,
      "mae": 0.0003478263970464468,
      "r2": 0.9996260524816226
    },
    "48:49": {
      "mse": 1.9503848136537272e-07,
      "mae": 0.0003104061761405319,
      "r2": 0.999664444745913
    }
  },
  "baseline_mean_linear": {
    "1:12": {
      "mse": 0.026089675724506378,
      "mae": 0.08885306119918823,
      "r2": 0.8822739099085275
    },
    "12:24": {
      "mse": 5.4186028137337416e-05,
      "mae": 0.005407993216067553,
      "r2": 0.9887377289640242
    },
    "24:48": {
      "mse": 4.125300620216876e-06,
      "mae": 0.0016451810952275991,
      "r2": 0.9964966822420255
    },
    "48:49": {
      "mse": 3.868460680678254e-06,
      "mae": 0.001623390126042068,
      "r2": 0.9965050099721985
    }
  },
  "baseline_mean_log1p": {
    "1:12": {
      "mse": 0.006269632838666439,
      "mae": 0.043323319405317307,
      "r2": 0.9029491342300541
    },
    "12:24": {
      "mse": 2.8108619517297484e-05,
      "mae": 0.0038492383901029825,
      "r2": 0.9886816714460291
    },
    "24:48": {
      "mse": 2.054653805316775e-06,
      "mae": 0.0011606443440541625,
      "r2": 0.9966709186367732
    },
    "48:49": {
      "mse": 1.913426103783422e-06,
      "mae": 0.001143589266575873,
      "r2": 0.996708033204272
    }
  },
  "baseline_zero_linear": {
    "1:12": {
      "mse": 0.9665221571922302,
      "mae": 0.8630809783935547,
      "r2": -3.3612989412632954
    },
    "12:24": {
      "mse": 0.18136335909366608,
      "mae": 0.4201810359954834,
      "r2": -36.69538769276554
    },
    "24:48": {
      "mse": 0.1770043969154358,
      "mae": 0.4193171262741089,
      "r2": -149.31696117990816
    },
    "48:49": {
      "mse": 0.17730848491191864,
      "mae": 0.4197637736797333,
      "r2": -159.1906945078082
    }
  },
  "baseline_zero_log1p": {
    "1:12": {
      "mse": 0.41281184554100037,
      "mae": 0.5900934934616089,
      "r2": -5.390126403861652
    },
    "12:24": {
      "mse": 0.12467533349990845,
      "mae": 0.3495595455169678,
      "r2": -49.202265678649894
    },
    "24:48": {
      "mse": 0.12302816659212112,
      "mae": 0.34987279772758484,
      "r2": -198.3380885747423
    },
    "48:49": {
      "mse": 0.12322503328323364,
      "mae": 0.35020533204078674,
      "r2": -211.00332574665927
    }
  },
  "group_split": {
    "num_groups": 257,
    "train_idx": 206,
    "val_idx": 51
  }
}