{
  "checkpoint": "models/dynamic_gnn_sweep_c/best_model.pt",
  "data": "data/processed/pbpk_enriched/dynamic_gnn_dataset_enriched_v3.npz",
  "device": "cuda",
  "metrics": {
    "per_organ": {
      "blood": {
        "mse": 8.290967201673993e-08,
        "mae": 8.806934056337923e-05,
        "r2": 0.9999989791402433
      },
      "liver": {
        "mse": 5.4807252070077084e-08,
        "mae": 8.121610153466463e-05,
        "r2": 0.9999993944976272
      },
      "kidney": {
        "mse": 5.617207321506612e-08,
        "mae": 6.18861013208516e-05,
        "r2": 0.9999993894983363
      },
      "brain": {
        "mse": 3.6711320205995435e-08,
        "mae": 5.336033063940704e-05,
        "r2": 0.9999996061702654
      },
      "heart": {
        "mse": 3.079371779790563e-08,
        "mae": 5.850811066920869e-05,
        "r2": 0.9999996730065019
      },
      "lung": {
        "mse": 1.3551697009006602e-07,
        "mae": 0.00016521612997166812,
        "r2": 0.9999984519104013
      },
      "muscle": {
        "mse": 6.682978437311249e-08,
        "mae": 7.941002695588395e-05,
        "r2": 0.9999992749492892
      },
      "adipose": {
        "mse": 2.8951330222071192e-08,
        "mae": 5.827294444316067e-05,
        "r2": 0.9999996930334696
      },
      "gut": {
        "mse": 3.2685452566738604e-08,
        "mae": 6.71414309181273e-05,
        "r2": 0.9999996499782994
      },
      "skin": {
        "mse": 2.173770674573916e-08,
        "mae": 5.5095846619224176e-05,
        "r2": 0.9999997700833999
      },
      "bone": {
        "mse": 2.984799962746365e-08,
        "mae": 5.44144022569526e-05,
        "r2": 0.9999996846262317
      },
      "spleen": {
        "mse": 3.526252712049427e-08,
        "mae": 6.389529880834743e-05,
        "r2": 0.9999996261657798
      },
      "pancreas": {
        "mse": 4.49821051518029e-08,
        "mae": 5.858537770109251e-05,
        "r2": 0.9999995243629943
      },
      "other": {
        "mse": 2.4536024767485287e-08,
        "mae": 5.831073212902993e-05,
        "r2": 0.9999997397871693
      }
    },
    "global": {
      "mse": 4.8695984133928505e-08,
      "mae": 7.167015428422019e-05,
      "r2": 0.99999947923555
    }
  }
}