{
  "Original": {
    "cmax": {
      "n": 9,
      "fe_mean": 330.6024988109686,
      "fe_median": 100.0,
      "gmfe": 74.11714598477425,
      "pct_1.25x": 0.0,
      "pct_1.5x": 0.0,
      "pct_2.0x": 0.0,
      "r": 0.5879194419056647,
      "r2": 0.34564927017066827
    },
    "auc": {
      "n": 9,
      "fe_mean": 54.503063953861925,
      "fe_median": 23.446507453918457,
      "gmfe": 20.83704403861612,
      "pct_1.25x": 0.0,
      "pct_1.5x": 0.0,
      "pct_2.0x": 11.11111111111111,
      "r": 0.6171871944915766,
      "r2": 0.38092003304438316
    },
    "predictions": {
      "cmax_pred": [
        2.0,
        2.0,
        100.0,
        1.3959218263626099,
        1.3960298299789429,
        1.3630948066711426,
        40.0,
        80.0,
        8.0
      ],
      "cmax_obs": [
        0.008199999999999999,
        0.141,
        1.0,
        0.0325,
        0.0011,
        0.0012,
        6.5,
        25.0,
        0.05
      ],
      "auc_pred": [
        4.302083969116211,
        4.367279052734375,
        9.54342269897461,
        4.3086442947387695,
        4.319452285766602,
        4.193185806274414,
        6.4598846435546875,
        8.570610046386719,
        4.689301490783691
      ],
      "auc_obs": [
        0.0423,
        1.04,
        5.5,
        0.08929999999999999,
        0.05,
        0.02,
        30.0,
        90.0,
        0.2
      ]
    }
  },
  "Fine-tuned": {
    "cmax": {
      "n": 9,
      "fe_mean": 289.87534361287857,
      "fe_median": 100.0,
      "gmfe": 70.19544216627396,
      "pct_1.25x": 0.0,
      "pct_1.5x": 0.0,
      "pct_2.0x": 0.0,
      "r": 0.5880360261343974,
      "r2": 0.34578636803193374
    },
    "auc": {
      "n": 9,
      "fe_mean": 28.684008489106986,
      "fe_median": 13.531621177628137,
      "gmfe": 13.869359981156869,
      "pct_1.25x": 0.0,
      "pct_1.5x": 11.11111111111111,
      "pct_2.0x": 11.11111111111111,
      "r": 0.6235187650579314,
      "r2": 0.3887756503793678
    },
    "predictions": {
      "cmax_pred": [
        2.0,
        2.0,
        100.0,
        1.1838537454605103,
        1.188779592514038,
        1.1571629047393799,
        40.0,
        80.0,
        8.0
      ],
      "cmax_obs": [
        0.008199999999999999,
        0.141,
        1.0,
        0.0325,
        0.0011,
        0.0012,
        6.5,
        25.0,
        0.05
      ],
      "auc_pred": [
        2.1705219745635986,
        2.2286500930786133,
        7.603963851928711,
        2.1417341232299805,
        2.1642332077026367,
        2.059328556060791,
        4.450243949890137,
        6.651087760925293,
        2.562105417251587
      ],
      "auc_obs": [
        0.0423,
        1.04,
        5.5,
        0.08929999999999999,
        0.05,
        0.02,
        30.0,
        90.0,
        0.2
      ]
    }
  },
  "Fine-tuned + Calibrado": {
    "cmax": {
      "n": 9,
      "fe_mean": 347.1421140545476,
      "fe_median": 119.75565898777111,
      "gmfe": 84.06301434949825,
      "pct_1.25x": 0.0,
      "pct_1.5x": 0.0,
      "pct_2.0x": 0.0,
      "r": 0.5880360261358899,
      "r2": 0.345786368033689
    },
    "auc": {
      "n": 9,
      "fe_mean": 33.53412720619309,
      "fe_median": 15.341331131955105,
      "gmfe": 15.330425880203508,
      "pct_1.25x": 0.0,
      "pct_1.5x": 0.0,
      "pct_2.0x": 11.11111111111111,
      "r": 0.6235188099629593,
      "r2": 0.38877570637762493
    },
    "predictions": {
      "cmax_pred": [
        2.3951131797554224,
        2.3951131797554224,
        119.75565898777111,
        1.4177319970875149,
        1.4236306921674562,
        1.3857680621326784,
        47.90226359510845,
        95.8045271902169,
        9.58045271902169
      ],
      "cmax_obs": [
        0.008199999999999999,
        0.141,
        1.0,
        0.0325,
        0.0011,
        0.0012,
        6.5,
        25.0,
        0.05
      ],
      "auc_pred": [
        2.5993228941130195,
        2.6689346054978675,
        9.106177020069133,
        2.564847813040025,
        2.59179173991647,
        2.4661624830339517,
        5.329418968754348,
        7.965054548990556,
        3.068266226391021
      ],
      "auc_obs": [
        0.0423,
        1.04,
        5.5,
        0.08929999999999999,
        0.05,
        0.02,
        30.0,
        90.0,
        0.2
      ]
    }
  }
}