{
  "windows": [
    [
      1,
      12
    ],
    [
      12,
      24
    ],
    [
      24,
      48
    ],
    [
      48,
      100
    ]
  ],
  "model_linear": {
    "1:12": {
      "mse": 1.4523009213007754e-06,
      "mae": 0.000517394975759089,
      "r2": 0.9999928692324794
    },
    "12:24": {
      "mse": 6.877268532434755e-08,
      "mae": 0.00017474791093263775,
      "r2": 0.9999859467910567
    },
    "24:48": {
      "mse": 1.4704891526662323e-08,
      "mae": 8.751374116400257e-05,
      "r2": 0.9999876188760445
    },
    "48:49": {
      "mse": 8.28275847908344e-09,
      "mae": 6.859404675196856e-05,
      "r2": 0.9999925647271891
    }
  },
  "model_log1p": {
    "1:12": {
      "mse": 4.102813591089216e-07,
      "mae": 0.0002751547144725919,
      "r2": 0.9999932010970976
    },
    "12:24": {
      "mse": 3.512975155217646e-08,
      "mae": 0.0001237530232174322,
      "r2": 0.9999861130140796
    },
    "24:48": {
      "mse": 7.4185946274951675e-09,
      "mae": 6.194210436660796e-05,
      "r2": 0.9999880923522683
    },
    "48:49": {
      "mse": 4.184121493722159e-09,
      "mae": 4.8577701818430796e-05,
      "r2": 0.9999928532988471
    }
  },
  "baseline_mean_linear": {
    "1:12": {
      "mse": 0.021518096327781677,
      "mae": 0.08649150282144547,
      "r2": 0.8943465909326074
    },
    "12:24": {
      "mse": 4.2595922423060983e-05,
      "mae": 0.0048223212361335754,
      "r2": 0.991295826184479
    },
    "24:48": {
      "mse": 4.005557002528803e-06,
      "mae": 0.0017227950738742948,
      "r2": 0.9966274285332055
    },
    "48:49": {
      "mse": 3.473514198049088e-06,
      "mae": 0.0016582920216023922,
      "r2": 0.9968818932558016
    }
  },
  "baseline_mean_log1p": {
    "1:12": {
      "mse": 0.005224508233368397,
      "mae": 0.04174906015396118,
      "r2": 0.9134230111787572
    },
    "12:24": {
      "mse": 2.200289054599125e-05,
      "mae": 0.003431430784985423,
      "r2": 0.9913021352476109
    },
    "24:48": {
      "mse": 2.0135537397436565e-06,
      "mae": 0.0012175770243629813,
      "r2": 0.9967680282446941
    },
    "48:49": {
      "mse": 1.7372271940985229e-06,
      "mae": 0.001170280622318387,
      "r2": 0.9970327238275934
    }
  },
  "baseline_zero_linear": {
    "1:12": {
      "mse": 0.9442928433418274,
      "mae": 0.8605962991714478,
      "r2": -3.6364583040162115
    },
    "12:24": {
      "mse": 0.18088729679584503,
      "mae": 0.41951584815979004,
      "r2": -35.963034661480776
    },
    "24:48": {
      "mse": 0.17658542096614838,
      "mae": 0.41880515217781067,
      "r2": -147.68018975472373
    },
    "48:49": {
      "mse": 0.17691324651241302,
      "mae": 0.41928425431251526,
      "r2": -157.8116072556687
    }
  },
  "baseline_zero_log1p": {
    "1:12": {
      "mse": 0.40963202714920044,
      "mae": 0.5910049080848694,
      "r2": -5.788142460751423
    },
    "12:24": {
      "mse": 0.1243784949183464,
      "mae": 0.34906846284866333,
      "r2": -48.16751104644679
    },
    "24:48": {
      "mse": 0.12277966737747192,
      "mae": 0.34950920939445496,
      "r2": -196.07465371506595
    },
    "48:49": {
      "mse": 0.12299130856990814,
      "mae": 0.34986546635627747,
      "r2": -209.07568208158906
    }
  },
  "group_split": {
    "num_groups": 201,
    "train_idx": 6400,
    "val_idx": 151
  }
}