{
  "train_loss": [
    8.178830652236938
  ],
  "val_loss": [
    9.30643569946289
  ],
  "lr": [
    0.001
  ],
  "elapsed_time": 1191.1598680019379
}