{
  "train_loss": [
    11.836526803970337,
    9.332809233665467,
    6.933102073669434,
    4.968033761978149,
    5.264547927379608,
    4.605353617668152,
    4.864383091926575,
    4.346064641475677,
    3.7409871554374696,
    2.9843700385093688,
    2.7913159942626953,
    2.1940987384319306,
    2.368684320449829,
    2.085864064693451,
    1.615988602042198,
    1.660751806497574,
    1.7845250552892684,
    1.9431339859962464,
    2.048749006986618,
    1.3798241901397705,
    1.4058765190839768,
    1.1435079544782638,
    1.3079542696475983,
    1.8854194802045823,
    1.525350853204727,
    1.0622074443101883,
    1.0864180952310563,
    0.9904745101928711,
    0.9426887738704681,
    1.043269157409668,
    1.062119347155094,
    0.7829701638221741,
    0.9213790333271027,
    0.7335049343109131,
    0.7309585946798325,
    0.6698413771390915,
    0.6910599201917649,
    0.6101043486595153,
    0.6011765056848526,
    0.584099725484848,
    0.5452418133616448,
    0.5020498639345169,
    0.48121493130922316,
    0.49537559151649474,
    0.45406165689229966,
    0.4403723469376564,
    0.443547950387001,
    0.4305400800704956,
    0.4249789544939995,
    0.42373110085725785
  ],
  "val_loss": [
    12.661450276008019,
    7.638626502110408,
    5.857300464923565,
    5.128956262881939,
    4.961686005959144,
    6.4833236657656155,
    5.3784966102013225,
    6.848720605556782,
    3.297353139290443,
    3.748179032252385,
    2.5621162836368265,
    2.211560772015498,
    2.454638517819918,
    1.7394761443138123,
    1.6954772885029132,
    1.3045945442639864,
    1.5696172576684218,
    5.559823714769804,
    1.3888923479960515,
    1.3312271191523626,
    1.5790123068369353,
    1.1041701573591967,
    1.8524079368664668,
    2.895679602256188,
    1.0087609910047972,
    1.5581439504256616,
    1.2920454098628118,
    1.0441297109310443,
    1.245150428551894,
    1.0627869069576263,
    0.8883220347074362,
    1.034875750541687,
    0.8780451714992523,
    1.0212540603601015,
    0.7061503254450284,
    0.7229485007432791,
    0.6334363806706208,
    0.6052675740076945,
    0.5925928216714126,
    0.5946657302287909,
    0.549565192598563,
    0.5200862070688834,
    0.6241604456534753,
    0.4995307865051123,
    0.4883930373650331,
    0.48917547441445863,
    0.47940855301343477,
    0.4759826786242999,
    0.4762599032658797,
    0.47512870683119846
  ],
  "lr": [
    0.0002,
    0.0004,
    0.0006,
    0.0008,
    0.001,
    0.001,
    0.0009987820251299122,
    0.0009951340343707852,
    0.0009890738003669028,
    0.0009806308479691594,
    0.0009698463103929542,
    0.0009567727288213005,
    0.0009414737964294635,
    0.0009240240480782129,
    0.0009045084971874737,
    0.000883022221559489,
    0.0008596699001693256,
    0.0008345653031794292,
    0.0008078307376628291,
    0.0007795964517353734,
    0.00075,
    0.0007191855733945387,
    0.0006873032967079561,
    0.0006545084971874737,
    0.0006209609477998338,
    0.0005868240888334653,
    0.0005522642316338268,
    0.0005174497483512506,
    0.0004825502516487497,
    0.00044773576836617336,
    0.00041317591116653486,
    0.0003790390522001662,
    0.00034549150281252633,
    0.00031269670329204396,
    0.00028081442660546124,
    0.0002500000000000001,
    0.00022040354826462666,
    0.00019216926233717085,
    0.00016543469682057105,
    0.00014033009983067452,
    0.00011697777844051105,
    9.549150281252633e-05,
    7.597595192178702e-05,
    5.852620357053651e-05,
    4.322727117869951e-05,
    3.0153689607045842e-05,
    1.9369152030840554e-05,
    1.0926199633097156e-05,
    4.865965629214819e-06,
    1.2179748700879012e-06
  ],
  "elapsed_time": 57888.5903673172
}