{
  "1:12": {
    "linear": {
      "mse": 1.7038585156115005e-06,
      "mae": 0.00020609312923625112,
      "r2": 0.9999908428565538
    },
    "log1p": {
      "mse": 3.9551929376102635e-07,
      "mae": 0.00010077943443320692,
      "r2": 0.9999931098844638
    }
  },
  "12:24": {
    "linear": {
      "mse": 7.754778152957442e-09,
      "mae": 1.669296580075752e-05,
      "r2": 0.9999984550330299
    },
    "log1p": {
      "mse": 4.0885752561337085e-09,
      "mae": 1.193203752336558e-05,
      "r2": 0.9999984267949368
    }
  },
  "24:48": {
    "linear": {
      "mse": 3.6270189629483696e-10,
      "mae": 3.72100726053759e-06,
      "r2": 0.9999996989707541
    },
    "log1p": {
      "mse": 1.8265491896762853e-10,
      "mae": 2.6312065983802313e-06,
      "r2": 0.9999997112964015
    }
  },
  "48:100": {
    "linear": {
      "mse": 2.465266324414017e-10,
      "mae": 3.2995856145134894e-06,
      "r2": 0.9999997813160035
    },
    "log1p": {
      "mse": 1.2318766839936046e-10,
      "mae": 2.325966079297359e-06,
      "r2": 0.9999997922900041
    }
  }
}