{
  "n_simulations": 100,
  "total_time": 1.8162343502044678,
  "avg_time": 0.018162343502044678,
  "std_time": 0.00478021121525487,
  "min_time": 0.013861656188964844,
  "max_time": 0.03476142883300781,
  "throughput": 55.05897407388106
}