{
  "windows": [
    [
      1,
      12
    ],
    [
      12,
      24
    ],
    [
      24,
      48
    ],
    [
      48,
      100
    ]
  ],
  "model_linear": {
    "1:12": {
      "mse": 1.447278009436559e-06,
      "mae": 0.0005155460094101727,
      "r2": 0.9999929606016273
    },
    "12:24": {
      "mse": 6.879241709611961e-08,
      "mae": 0.00017476889479439706,
      "r2": 0.9999859427578275
    },
    "24:48": {
      "mse": 1.4708504636473663e-08,
      "mae": 8.753973088460043e-05,
      "r2": 0.9999876158342152
    },
    "48:49": {
      "mse": 8.293737252529354e-09,
      "mae": 6.867219053674489e-05,
      "r2": 0.9999925548720282
    }
  },
  "model_log1p": {
    "1:12": {
      "mse": 4.0876543039303215e-07,
      "mae": 0.000274164805887267,
      "r2": 0.9999933408920311
    },
    "12:24": {
      "mse": 3.51286715272181e-08,
      "mae": 0.0001237393298652023,
      "r2": 0.9999861134412958
    },
    "24:48": {
      "mse": 7.422334302731315e-09,
      "mae": 6.194015440996736e-05,
      "r2": 0.9999880863499471
    },
    "48:49": {
      "mse": 4.191516023155373e-09,
      "mae": 4.8610803787596524e-05,
      "r2": 0.9999928406683081
    }
  },
  "baseline_mean_linear": {
    "1:12": {
      "mse": 0.02505294233560562,
      "mae": 0.08979149907827377,
      "r2": 0.8781452911197529
    },
    "12:24": {
      "mse": 4.2595922423060983e-05,
      "mae": 0.0048223212361335754,
      "r2": 0.991295826184479
    },
    "24:48": {
      "mse": 4.005557002528803e-06,
      "mae": 0.0017227950738742948,
      "r2": 0.9966274285332055
    },
    "48:49": {
      "mse": 3.473514198049088e-06,
      "mae": 0.0016582920216023922,
      "r2": 0.9968818932558016
    }
  },
  "baseline_mean_log1p": {
    "1:12": {
      "mse": 0.006941268686205149,
      "mae": 0.04410216584801674,
      "r2": 0.8869213125683497
    },
    "12:24": {
      "mse": 2.200289054599125e-05,
      "mae": 0.003431430784985423,
      "r2": 0.9913021352476109
    },
    "24:48": {
      "mse": 2.0135537397436565e-06,
      "mae": 0.0012175770243629813,
      "r2": 0.9967680282446941
    },
    "48:49": {
      "mse": 1.7372271940985229e-06,
      "mae": 0.001170280622318387,
      "r2": 0.9970327238275934
    }
  },
  "baseline_zero_linear": {
    "1:12": {
      "mse": 0.9408817887306213,
      "mae": 0.8574875593185425,
      "r2": -3.5763439138270865
    },
    "12:24": {
      "mse": 0.18088729679584503,
      "mae": 0.41951584815979004,
      "r2": -35.963034661480776
    },
    "24:48": {
      "mse": 0.17658542096614838,
      "mae": 0.41880515217781067,
      "r2": -147.68018975472373
    },
    "48:49": {
      "mse": 0.17691324651241302,
      "mae": 0.41928425431251526,
      "r2": -157.8116072556687
    }
  },
  "baseline_zero_log1p": {
    "1:12": {
      "mse": 0.408152312040329,
      "mae": 0.5888699889183044,
      "r2": -5.64911987242178
    },
    "12:24": {
      "mse": 0.1243784949183464,
      "mae": 0.34906846284866333,
      "r2": -48.16751104644679
    },
    "24:48": {
      "mse": 0.12277966737747192,
      "mae": 0.34950920939445496,
      "r2": -196.07465371506595
    },
    "48:49": {
      "mse": 0.12299130856990814,
      "mae": 0.34986546635627747,
      "r2": -209.07568208158906
    }
  },
  "group_split": {
    "num_groups": 201,
    "train_idx": 6400,
    "val_idx": 151
  }
}