{
  "checkpoint": "models/dynamic_gnn_sweep_b/best_model.pt",
  "data": "data/processed/pbpk_enriched/dynamic_gnn_dataset_enriched_v3.npz",
  "device": "cuda",
  "metrics": {
    "per_organ": {
      "blood": {
        "mse": 3.638171364173104e-08,
        "mae": 6.016837141942233e-05,
        "r2": 0.9999995520350592
      },
      "liver": {
        "mse": 6.006276720427195e-08,
        "mae": 8.916364458855242e-05,
        "r2": 0.9999993364354801
      },
      "kidney": {
        "mse": 3.232622347582037e-08,
        "mae": 6.0739988839486614e-05,
        "r2": 0.9999996486650324
      },
      "brain": {
        "mse": 2.059307746549166e-08,
        "mae": 4.9280370149062946e-05,
        "r2": 0.9999997790826789
      },
      "heart": {
        "mse": 2.0585074977930162e-08,
        "mae": 4.666431777877733e-05,
        "r2": 0.9999997814104248
      },
      "lung": {
        "mse": 7.778881183639896e-08,
        "mae": 0.0001341482566203922,
        "r2": 0.9999991113729025
      },
      "muscle": {
        "mse": 3.3049250447447776e-08,
        "mae": 7.914616435300559e-05,
        "r2": 0.9999996414415718
      },
      "adipose": {
        "mse": 3.061452957808797e-08,
        "mae": 4.681834616349079e-05,
        "r2": 0.9999996753988075
      },
      "gut": {
        "mse": 2.0573006409563277e-08,
        "mae": 4.7447952965740114e-05,
        "r2": 0.9999997796879565
      },
      "skin": {
        "mse": 2.1999305488407117e-08,
        "mae": 4.662707578972913e-05,
        "r2": 0.999999767316501
      },
      "bone": {
        "mse": 2.7463244123282493e-08,
        "mae": 5.01330905535724e-05,
        "r2": 0.9999997098235222
      },
      "spleen": {
        "mse": 1.7652613593099886e-08,
        "mae": 4.4045951653970405e-05,
        "r2": 0.9999998128565465
      },
      "pancreas": {
        "mse": 1.9392656369632277e-08,
        "mae": 4.7656325477873906e-05,
        "r2": 0.9999997949436874
      },
      "other": {
        "mse": 2.125918996398468e-08,
        "mae": 4.707825428340584e-05,
        "r2": 0.9999997745391197
      }
    },
    "global": {
      "mse": 3.141010296303648e-08,
      "mae": 6.0651298554148525e-05,
      "r2": 0.9999996640941489
    }
  }
}