{
  "train_losses": [
    11127.493259974888,
    8943.282707214355,
    7685.989806038992,
    13338.439284324646,
    9807.521629333496,
    11817.657214573452,
    11810.305270603725,
    13431.395240783691,
    12848.391825358072,
    10356.712641716003,
    10385.56713104248,
    10417.983747959137,
    13113.360816319784,
    14036.991114044189,
    13475.375797271729,
    11925.06549998692,
    14777.395224707467,
    7660.264891624451,
    10403.598886966705,
    11826.212743123373,
    17001.26107819875,
    13516.522820711136,
    17987.79569498698,
    13521.566492319107,
    10461.149743318558,
    14822.097129004342,
    11242.368375505719,
    7448.713136672974,
    11875.744424819946,
    13530.637327432632,
    13533.266817331314,
    13515.044909238815,
    10057.861600112916,
    13537.63865160942,
    10400.005809545517,
    10716.633671896798,
    7771.387773786272,
    8405.217326300484,
    14838.318504878453,
    12986.263533830643,
    11315.698644093105,
    13522.44289135933,
    14817.763828277588,
    12988.635747432709,
    13524.331750631332,
    11728.992209625245,
    14840.182011195591,
    14819.18192400251,
    11976.416449138096,
    17310.137237548828
  ],
  "best_loss": 7448.713136672974,
  "epochs": 50,
  "lr": 1e-05,
  "experimental_weight": 10.0
}