{
  "windows": [
    [
      1,
      12
    ],
    [
      12,
      24
    ],
    [
      24,
      48
    ],
    [
      48,
      100
    ]
  ],
  "model_linear": {
    "1:12": {
      "mse": 1.5649627584934933e-06,
      "mae": 0.0005123218870721757,
      "r2": 0.9999937957331664
    },
    "12:24": {
      "mse": 4.746762982676955e-08,
      "mae": 0.00014176442346069962,
      "r2": 0.9999906866400279
    },
    "24:48": {
      "mse": 9.813853729667699e-09,
      "mae": 6.452090019593015e-05,
      "r2": 0.9999917102036329
    },
    "48:49": {
      "mse": 5.804736691317203e-09,
      "mae": 4.8916095693130046e-05,
      "r2": 0.9999947661153209
    }
  },
  "model_log1p": {
    "1:12": {
      "mse": 4.723752624613553e-07,
      "mae": 0.0002674652205314487,
      "r2": 0.9999933822744476
    },
    "12:24": {
      "mse": 2.531408505035415e-08,
      "mae": 0.00010168479639105499,
      "r2": 0.9999903891650471
    },
    "24:48": {
      "mse": 5.079181963907331e-09,
      "mae": 4.589216041495092e-05,
      "r2": 0.9999918104263146
    },
    "48:49": {
      "mse": 2.9990776528876495e-09,
      "mae": 3.476117126410827e-05,
      "r2": 0.9999948485277071
    }
  },
  "baseline_mean_linear": {
    "1:12": {
      "mse": 0.01403084397315979,
      "mae": 0.06517547369003296,
      "r2": 0.9443749681911453
    },
    "12:24": {
      "mse": 4.961874583386816e-05,
      "mae": 0.005082062445580959,
      "r2": 0.990264581622249
    },
    "24:48": {
      "mse": 1.7274762740271399e-06,
      "mae": 0.0009163018548861146,
      "r2": 0.998540794805557
    },
    "48:49": {
      "mse": 1.167731966233987e-06,
      "mae": 0.0007053384324535728,
      "r2": 0.9989471056773718
    }
  },
  "baseline_mean_log1p": {
    "1:12": {
      "mse": 0.0032016246113926172,
      "mae": 0.03049679659307003,
      "r2": 0.9551469465787333
    },
    "12:24": {
      "mse": 2.5821436793194152e-05,
      "mae": 0.003626802936196327,
      "r2": 0.9901965420064814
    },
    "24:48": {
      "mse": 8.687932790962805e-07,
      "mae": 0.0006476083653979003,
      "r2": 0.9985991746388241
    },
    "48:49": {
      "mse": 5.867911454515706e-07,
      "mae": 0.0004986088606528938,
      "r2": 0.9989920773325497
    }
  },
  "baseline_zero_linear": {
    "1:12": {
      "mse": 1.095065712928772,
      "mae": 0.9180555939674377,
      "r2": -3.3413685986670947
    },
    "12:24": {
      "mse": 0.18154692649841309,
      "mae": 0.4200597405433655,
      "r2": -34.6203137690297
    },
    "24:48": {
      "mse": 0.17739799618721008,
      "mae": 0.41977861523628235,
      "r2": -148.8486970056031
    },
    "48:49": {
      "mse": 0.17777185142040253,
      "mae": 0.42031267285346985,
      "r2": -159.2893273409386
    }
  },
  "baseline_zero_log1p": {
    "1:12": {
      "mse": 0.45097848773002625,
      "mae": 0.616115391254425,
      "r2": -5.3179679678423835
    },
    "12:24": {
      "mse": 0.12471453845500946,
      "mae": 0.3494004011154175,
      "r2": -46.3495638564599
    },
    "24:48": {
      "mse": 0.12325777113437653,
      "mae": 0.3501964509487152,
      "r2": -197.73842817313303
    },
    "48:49": {
      "mse": 0.12349657714366913,
      "mae": 0.3505914807319641,
      "r2": -211.1282808250085
    }
  },
  "group_split": {
    "num_groups": 6551,
    "train_idx": 5241,
    "val_idx": 1310
  }
}