assay_type,canonical_smiles,molecule_chembl_id,standard_type,standard_units,standard_value,type,units,value,query_label,query_standard_type,units_hint,dataset
A,Nc1cccc(C(=O)NCC23CC4CC(CC(C4)C2)C3)c1Cl,CHEMBL134194,Clearance,,56.0,Clearance,,56.0,clearance,Clearance,(L/h|l/min|ml/min|uL/min),ChEMBL
A,Nc1ccc(Cl)c(C(=O)NCC23CC4CC(CC(C4)C2)C3)c1,CHEMBL129982,Clearance,,24.0,Clearance,,24.0,clearance,Clearance,(L/h|l/min|ml/min|uL/min),ChEMBL
A,Nc1ccc(Cl)c(C(=O)NCC23CC4CC(CC(C4)C2)C3)c1,CHEMBL129982,Clearance,,19.0,Clearance,,19.0,clearance,Clearance,(L/h|l/min|ml/min|uL/min),ChEMBL
A,Nc1cccc(Cl)c1C(=O)NCC12CC3CC(CC(C3)C1)C2,CHEMBL131774,Clearance,,100.0,Clearance,,100.0,clearance,Clearance,(L/h|l/min|ml/min|uL/min),ChEMBL
A,Nc1cccc(Cl)c1C(=O)NCC12CC3CC(CC(C3)C1)C2,CHEMBL131774,Clearance,,100.0,Clearance,,100.0,clearance,Clearance,(L/h|l/min|ml/min|uL/min),ChEMBL
A,COc1ccc(C)c(NC(=O)CC23CC4CC(CC(C4)C2)C3)c1,CHEMBL424451,Clearance,,46.0,Clearance,,46.0,clearance,Clearance,(L/h|l/min|ml/min|uL/min),ChEMBL
A,COc1ccc(C)c(NC(=O)CC23CC4CC(CC(C4)C2)C3)c1,CHEMBL424451,Clearance,,100.0,Clearance,,100.0,clearance,Clearance,(L/h|l/min|ml/min|uL/min),ChEMBL
A,O=C(CCC12CC3CC(CC(C3)C1)C2)Nc1ccc2[nH]ncc2c1,CHEMBL335466,Clearance,,5.0,Clearance,,5.0,clearance,Clearance,(L/h|l/min|ml/min|uL/min),ChEMBL
A,O=C(CCC12CC3CC(CC(C3)C1)C2)Nc1ccc2[nH]ncc2c1,CHEMBL335466,Clearance,,21.0,Clearance,,21.0,clearance,Clearance,(L/h|l/min|ml/min|uL/min),ChEMBL
A,COc1cccc(NC(=O)CC23CC4CC(CC(C4)C2)C3)c1C,CHEMBL341226,Clearance,,100.0,Clearance,,100.0,clearance,Clearance,(L/h|l/min|ml/min|uL/min),ChEMBL
A,COc1cccc(NC(=O)CC23CC4CC(CC(C4)C2)C3)c1C,CHEMBL341226,Clearance,,100.0,Clearance,,100.0,clearance,Clearance,(L/h|l/min|ml/min|uL/min),ChEMBL
A,O=C(NCC12CC3CC(CC(C3)C1)C2)c1cc(Cl)ccc1Cl,CHEMBL131162,Clearance,,100.0,Clearance,,100.0,clearance,Clearance,(L/h|l/min|ml/min|uL/min),ChEMBL
A,O=C(NCC12CC3CC(CC(C3)C1)C2)c1cc(O)ccc1Cl,CHEMBL130840,Clearance,,45.0,Clearance,,45.0,clearance,Clearance,(L/h|l/min|ml/min|uL/min),ChEMBL
A,O=C(NCC12CC3CC(CC(C3)C1)C2)c1cc(O)ccc1Cl,CHEMBL130840,Clearance,,88.0,Clearance,,88.0,clearance,Clearance,(L/h|l/min|ml/min|uL/min),ChEMBL
A,COc1ccc(Cl)c(NC(=O)CC23CC4CC(CC(C4)C2)C3)c1,CHEMBL131241,Clearance,,45.0,Clearance,,45.0,clearance,Clearance,(L/h|l/min|ml/min|uL/min),ChEMBL
A,COc1ccc(Cl)c(NC(=O)CC23CC4CC(CC(C4)C2)C3)c1,CHEMBL131241,Clearance,,79.0,Clearance,,79.0,clearance,Clearance,(L/h|l/min|ml/min|uL/min),ChEMBL
A,O=C(NCC12CC3CC(CC(C3)C1)C2)c1ccccc1Cl,CHEMBL336619,Clearance,,100.0,Clearance,,100.0,clearance,Clearance,(L/h|l/min|ml/min|uL/min),ChEMBL
A,O=C(NCC12CC3CC(CC(C3)C1)C2)c1cccc(Cl)c1Cl,CHEMBL441479,Clearance,,100.0,Clearance,,100.0,clearance,Clearance,(L/h|l/min|ml/min|uL/min),ChEMBL
A,O=C(NCC12CC3CC(CC(C3)C1)C2)c1cccc(Cl)c1Cl,CHEMBL441479,Clearance,,33.0,Clearance,,33.0,clearance,Clearance,(L/h|l/min|ml/min|uL/min),ChEMBL
A,O=C(Nc1ccc(C(=O)N2C[C@@H]3C4CCC(C4)N3Cc3ccccc32)c(Cl)c1)c1ccccc1-c1ccccc1,CHEMBL443498,Clearance,mg kg-1 uM-1 hr-1,1.2,Clearance,mg kg-1 uM-1 hr-1,1.2,clearance,Clearance,(L/h|l/min|ml/min|uL/min),ChEMBL
A,O=C(Nc1ccc(C(=O)N2C[C@H]3C4CCC(C4)N3Cc3ccccc32)c(Cl)c1)c1ccccc1-c1ccccc1,CHEMBL319418,Clearance,mg kg-1 uM-1 hr-1,3.3,Clearance,mg kg-1 uM-1 hr-1,3.3,clearance,Clearance,(L/h|l/min|ml/min|uL/min),ChEMBL
A,Cc1ccc(-c2ccccc2C(=O)Nc2ccc(C(=O)N3C[C@@H]4C5CCC(C5)N4Cc4cc(Cl)ccc43)cc2)cc1,CHEMBL430841,Clearance,mg kg-1 uM-1 hr-1,2.1,Clearance,mg kg-1 uM-1 hr-1,2.1,clearance,Clearance,(L/h|l/min|ml/min|uL/min),ChEMBL
A,NCCCC[C@H](NC(=O)[C@@H]1CCCN1C(=O)[C@@H](CC1CCCCC1)NCC(=O)O)C(=O)C(=O)O,CHEMBL139051,Clearance,l hr-1,0.025,Clearance,l hr-1,0.025,clearance,Clearance,(L/h|l/min|ml/min|uL/min),ChEMBL
A,COCC(=O)O[C@]1(CCN(C)CCCc2nc3ccccc3[nH]2)CCc2cc(F)ccc2[C@@H]1C(C)C,CHEMBL45816,Clearance,ul min-1,5.4,Clearance,ul min-1,5.4,clearance,Clearance,(L/h|l/min|ml/min|uL/min),ChEMBL
A,COCC(=O)O[C@]1(CCN(C)CCCc2nc3ccccc3[nH]2)CCc2cc(F)ccc2[C@@H]1C(C)C,CHEMBL45816,Clearance,ul min-1,6.2,Clearance,ul min-1,6.2,clearance,Clearance,(L/h|l/min|ml/min|uL/min),ChEMBL
A,COCC(=O)O[C@]1(CCN(C)CCCc2nc3ccccc3[nH]2)CCc2cc(F)ccc2[C@@H]1C(C)C,CHEMBL45816,Clearance,ul min-1,0.9,Clearance,ul min-1,0.9,clearance,Clearance,(L/h|l/min|ml/min|uL/min),ChEMBL
A,Cc1ncc2n1-c1ccc(Cl)cc1C(c1ccccc1F)=NC2,CHEMBL655,Clearance,ul min-1,16.7,Clearance,ul min-1,16.7,clearance,Clearance,(L/h|l/min|ml/min|uL/min),ChEMBL
A,Cc1ncc2n1-c1ccc(Cl)cc1C(c1ccccc1F)=NC2,CHEMBL655,Clearance,ul min-1,4.5,Clearance,ul min-1,4.5,clearance,Clearance,(L/h|l/min|ml/min|uL/min),ChEMBL
A,Cn1c(=O)c2c(ncn2C)n(C)c1=O,CHEMBL113,Clearance,ul min-1,0.6,Clearance,ul min-1,0.6,clearance,Clearance,(L/h|l/min|ml/min|uL/min),ChEMBL
A,Cn1c(=O)c2c(ncn2C)n(C)c1=O,CHEMBL113,Clearance,ul min-1,0.2,Clearance,ul min-1,0.2,clearance,Clearance,(L/h|l/min|ml/min|uL/min),ChEMBL
A,Cn1c(=O)c2c(ncn2C)n(C)c1=O,CHEMBL113,Clearance,ul min-1,0.1,Clearance,ul min-1,0.1,clearance,Clearance,(L/h|l/min|ml/min|uL/min),ChEMBL
A,CN1C(=O)CN=C(c2ccccc2)c2cc(Cl)ccc21,CHEMBL12,Clearance,ul min-1,21.0,Clearance,ul min-1,21.0,clearance,Clearance,(L/h|l/min|ml/min|uL/min),ChEMBL
A,CN1C(=O)CN=C(c2ccccc2)c2cc(Cl)ccc21,CHEMBL12,Clearance,ul min-1,30.7,Clearance,ul min-1,30.7,clearance,Clearance,(L/h|l/min|ml/min|uL/min),ChEMBL
A,CN1C(=O)CN=C(c2ccccc2)c2cc(Cl)ccc21,CHEMBL12,Clearance,ul min-1,0.7,Clearance,ul min-1,0.7,clearance,Clearance,(L/h|l/min|ml/min|uL/min),ChEMBL
A,O=C1Nc2ccc(Cl)cc2C(c2ccccc2)=NC1O,CHEMBL568,Clearance,ul min-1,1.3,Clearance,ul min-1,1.3,clearance,Clearance,(L/h|l/min|ml/min|uL/min),ChEMBL
A,O=C1Nc2ccc(Cl)cc2C(c2ccccc2)=NC1O,CHEMBL568,Clearance,ul min-1,1.2,Clearance,ul min-1,1.2,clearance,Clearance,(L/h|l/min|ml/min|uL/min),ChEMBL
A,O=C1Nc2ccc(Cl)cc2C(c2ccccc2)=NC1O,CHEMBL568,Clearance,ul min-1,0.4,Clearance,ul min-1,0.4,clearance,Clearance,(L/h|l/min|ml/min|uL/min),ChEMBL
A,COc1ccccc1Oc1c(NS(=O)(=O)c2ccc(C(C)(C)C)cc2)nc(-c2ncccn2)nc1OCCO,CHEMBL957,Clearance,ul min-1,1.3,Clearance,ul min-1,1.3,clearance,Clearance,(L/h|l/min|ml/min|uL/min),ChEMBL
A,COc1ccccc1Oc1c(NS(=O)(=O)c2ccc(C(C)(C)C)cc2)nc(-c2ncccn2)nc1OCCO,CHEMBL957,Clearance,ul min-1,0.2,Clearance,ul min-1,0.2,clearance,Clearance,(L/h|l/min|ml/min|uL/min),ChEMBL
A,COc1ccccc1Oc1c(NS(=O)(=O)c2ccc(C(C)(C)C)cc2)nc(-c2ncccn2)nc1OCCO,CHEMBL957,Clearance,ul min-1,0.2,Clearance,ul min-1,0.2,clearance,Clearance,(L/h|l/min|ml/min|uL/min),ChEMBL
A,CC(C)(C)S(=O)(=O)C[C@@H](Cc1ccccc1)C(=O)N[C@@H](Cc1c[nH]cn1)C(=O)N[C@@H](CC1CCCCC1)[C@@H](O)[C@@H](O)C1CC1,CHEMBL31601,Clearance,ul min-1,16.6,Clearance,ul min-1,16.6,clearance,Clearance,(L/h|l/min|ml/min|uL/min),ChEMBL
A,CC(C)(C)S(=O)(=O)C[C@@H](Cc1ccccc1)C(=O)N[C@@H](Cc1c[nH]cn1)C(=O)N[C@@H](CC1CCCCC1)[C@@H](O)[C@@H](O)C1CC1,CHEMBL31601,Clearance,ul min-1,19.5,Clearance,ul min-1,19.5,clearance,Clearance,(L/h|l/min|ml/min|uL/min),ChEMBL
A,O=C1Nc2ccc(Cl)cc2C(c2ccccc2Cl)=NC1O,CHEMBL580,Clearance,ul min-1,3.8,Clearance,ul min-1,3.8,clearance,Clearance,(L/h|l/min|ml/min|uL/min),ChEMBL
A,O=C1Nc2ccc(Cl)cc2C(c2ccccc2Cl)=NC1O,CHEMBL580,Clearance,ul min-1,18.1,Clearance,ul min-1,18.1,clearance,Clearance,(L/h|l/min|ml/min|uL/min),ChEMBL
A,O=C1Nc2ccc(Cl)cc2C(c2ccccc2Cl)=NC1O,CHEMBL580,Clearance,ul min-1,0.3,Clearance,ul min-1,0.3,clearance,Clearance,(L/h|l/min|ml/min|uL/min),ChEMBL
A,CC(C)NCC(O)COc1cccc2ccccc12,CHEMBL27,Clearance,ul min-1,51.0,Clearance,ul min-1,51.0,clearance,Clearance,(L/h|l/min|ml/min|uL/min),ChEMBL
A,CC(C)NCC(O)COc1cccc2ccccc12,CHEMBL27,Clearance,ul min-1,19.0,Clearance,ul min-1,19.0,clearance,Clearance,(L/h|l/min|ml/min|uL/min),ChEMBL
A,CC(C)NCC(O)COc1cccc2ccccc12,CHEMBL27,Clearance,ul min-1,4.2,Clearance,ul min-1,4.2,clearance,Clearance,(L/h|l/min|ml/min|uL/min),ChEMBL
A,CCOC(=O)C1=C(C)NC(C)=C(C(=O)OC)C1c1cccc([N+](=O)[O-])c1,CHEMBL475534,Clearance,ul min-1,24.0,Clearance,ul min-1,24.0,clearance,Clearance,(L/h|l/min|ml/min|uL/min),ChEMBL
A,CCOC(=O)C1=C(C)NC(C)=C(C(=O)OC)C1c1cccc([N+](=O)[O-])c1,CHEMBL475534,Clearance,ul min-1,8.1,Clearance,ul min-1,8.1,clearance,Clearance,(L/h|l/min|ml/min|uL/min),ChEMBL
A,CCOC(=O)C1=C(C)NC(C)=C(C(=O)OC)C1c1cccc([N+](=O)[O-])c1,CHEMBL475534,Clearance,ul min-1,12.0,Clearance,ul min-1,12.0,clearance,Clearance,(L/h|l/min|ml/min|uL/min),ChEMBL
A,COC(=O)C1=C(C#N)NC(C)=C(C(=O)OC(C)C)C1c1cccc([N+](=O)[O-])c1,CHEMBL517427,Clearance,ul min-1,29.7,Clearance,ul min-1,29.7,clearance,Clearance,(L/h|l/min|ml/min|uL/min),ChEMBL
A,COC(=O)C1=C(C#N)NC(C)=C(C(=O)OC(C)C)C1c1cccc([N+](=O)[O-])c1,CHEMBL517427,Clearance,ul min-1,10.9,Clearance,ul min-1,10.9,clearance,Clearance,(L/h|l/min|ml/min|uL/min),ChEMBL
A,COC(=O)C1=C(C#N)NC(C)=C(C(=O)OC(C)C)C1c1cccc([N+](=O)[O-])c1,CHEMBL517427,Clearance,ul min-1,13.3,Clearance,ul min-1,13.3,clearance,Clearance,(L/h|l/min|ml/min|uL/min),ChEMBL
A,Cn1c(=O)c2nc[nH]c2n(C)c1=O.O,CHEMBL1355736,Clearance,ul min-1,0.2,Clearance,ul min-1,0.2,clearance,Clearance,(L/h|l/min|ml/min|uL/min),ChEMBL
A,Cn1c(=O)c2nc[nH]c2n(C)c1=O.O,CHEMBL1355736,Clearance,ul min-1,0.2,Clearance,ul min-1,0.2,clearance,Clearance,(L/h|l/min|ml/min|uL/min),ChEMBL
A,Cn1c(=O)c2nc[nH]c2n(C)c1=O.O,CHEMBL1355736,Clearance,ul min-1,0.1,Clearance,ul min-1,0.1,clearance,Clearance,(L/h|l/min|ml/min|uL/min),ChEMBL
A,COC(=O)C1=C(C)NC(C)=C(C(=O)OCCN(C)Cc2ccccc2)C1c1cccc([N+](=O)[O-])c1,CHEMBL1484,Clearance,ul min-1,27.0,Clearance,ul min-1,27.0,clearance,Clearance,(L/h|l/min|ml/min|uL/min),ChEMBL
A,COC(=O)C1=C(C)NC(C)=C(C(=O)OCCN(C)Cc2ccccc2)C1c1cccc([N+](=O)[O-])c1,CHEMBL1484,Clearance,ul min-1,16.0,Clearance,ul min-1,16.0,clearance,Clearance,(L/h|l/min|ml/min|uL/min),ChEMBL
A,COC(=O)C1=C(C)NC(C)=C(C(=O)OCCN(C)Cc2ccccc2)C1c1cccc([N+](=O)[O-])c1,CHEMBL1484,Clearance,ul min-1,7.3,Clearance,ul min-1,7.3,clearance,Clearance,(L/h|l/min|ml/min|uL/min),ChEMBL
A,C=CCN1CC[C@]23c4c5ccc(O)c4O[C@H]2C(=O)CC[C@@]3(O)[C@H]1C5,CHEMBL80,Clearance,ul min-1,54.6,Clearance,ul min-1,54.6,clearance,Clearance,(L/h|l/min|ml/min|uL/min),ChEMBL
A,C=CCN1CC[C@]23c4c5ccc(O)c4O[C@H]2C(=O)CC[C@@]3(O)[C@H]1C5,CHEMBL80,Clearance,ul min-1,32.1,Clearance,ul min-1,32.1,clearance,Clearance,(L/h|l/min|ml/min|uL/min),ChEMBL
A,C=CCN1CC[C@]23c4c5ccc(O)c4O[C@H]2C(=O)CC[C@@]3(O)[C@H]1C5,CHEMBL80,Clearance,ul min-1,16.7,Clearance,ul min-1,16.7,clearance,Clearance,(L/h|l/min|ml/min|uL/min),ChEMBL
A,COc1ccc([C@@H]2Sc3ccccc3N(CCN(C)C)C(=O)[C@@H]2OC(C)=O)cc1,CHEMBL23,Clearance,ul min-1,43.6,Clearance,ul min-1,43.6,clearance,Clearance,(L/h|l/min|ml/min|uL/min),ChEMBL
A,COc1ccc([C@@H]2Sc3ccccc3N(CCN(C)C)C(=O)[C@@H]2OC(C)=O)cc1,CHEMBL23,Clearance,ul min-1,2.7,Clearance,ul min-1,2.7,clearance,Clearance,(L/h|l/min|ml/min|uL/min),ChEMBL
A,COc1ccc([C@@H]2Sc3ccccc3N(CCN(C)C)C(=O)[C@@H]2OC(C)=O)cc1,CHEMBL23,Clearance,ul min-1,1.9,Clearance,ul min-1,1.9,clearance,Clearance,(L/h|l/min|ml/min|uL/min),ChEMBL
A,Cc1ccc(C(=O)c2cc(O)c(O)c([N+](=O)[O-])c2)cc1,CHEMBL1324,Clearance,ul min-1,2.6,Clearance,ul min-1,2.6,clearance,Clearance,(L/h|l/min|ml/min|uL/min),ChEMBL
A,Cc1ccc(C(=O)c2cc(O)c(O)c([N+](=O)[O-])c2)cc1,CHEMBL1324,Clearance,ul min-1,1.4,Clearance,ul min-1,1.4,clearance,Clearance,(L/h|l/min|ml/min|uL/min),ChEMBL
A,Cc1ccc(C(=O)c2cc(O)c(O)c([N+](=O)[O-])c2)cc1,CHEMBL1324,Clearance,ul min-1,1.2,Clearance,ul min-1,1.2,clearance,Clearance,(L/h|l/min|ml/min|uL/min),ChEMBL
A,Cc1cc(=O)n(-c2ccccc2)n1C,CHEMBL277474,Clearance,ul min-1,0.4,Clearance,ul min-1,0.4,clearance,Clearance,(L/h|l/min|ml/min|uL/min),ChEMBL
A,Cc1cc(=O)n(-c2ccccc2)n1C,CHEMBL277474,Clearance,ul min-1,1.0,Clearance,ul min-1,1.0,clearance,Clearance,(L/h|l/min|ml/min|uL/min),ChEMBL
A,Cc1cc(=O)n(-c2ccccc2)n1C,CHEMBL277474,Clearance,ul min-1,0.1,Clearance,ul min-1,0.1,clearance,Clearance,(L/h|l/min|ml/min|uL/min),ChEMBL
A,CCOC(=O)C1=C(C)NC(C)=C(C(=O)OC)C1c1cccc(Cl)c1Cl,CHEMBL1480,Clearance,ul min-1,29.0,Clearance,ul min-1,29.0,clearance,Clearance,(L/h|l/min|ml/min|uL/min),ChEMBL
A,CCOC(=O)C1=C(C)NC(C)=C(C(=O)OC)C1c1cccc(Cl)c1Cl,CHEMBL1480,Clearance,ul min-1,14.2,Clearance,ul min-1,14.2,clearance,Clearance,(L/h|l/min|ml/min|uL/min),ChEMBL
A,CCOC(=O)C1=C(C)NC(C)=C(C(=O)OC)C1c1cccc(Cl)c1Cl,CHEMBL1480,Clearance,ul min-1,7.5,Clearance,ul min-1,7.5,clearance,Clearance,(L/h|l/min|ml/min|uL/min),ChEMBL
A,C/C(=C\c1ccc(OCCN2CCOCC2)cc1)c1ccc2c(c1)C(C)(C)CCC2(C)C,CHEMBL146506,Clearance,ul min-1,2.3,Clearance,ul min-1,2.3,clearance,Clearance,(L/h|l/min|ml/min|uL/min),ChEMBL
A,C/C(=C\c1ccc(OCCN2CCOCC2)cc1)c1ccc2c(c1)C(C)(C)CCC2(C)C,CHEMBL146506,Clearance,ul min-1,1.0,Clearance,ul min-1,1.0,clearance,Clearance,(L/h|l/min|ml/min|uL/min),ChEMBL
A,C/C(=C\c1ccc(OCCN2CCOCC2)cc1)c1ccc2c(c1)C(C)(C)CCC2(C)C,CHEMBL146506,Clearance,ul min-1,2.0,Clearance,ul min-1,2.0,clearance,Clearance,(L/h|l/min|ml/min|uL/min),ChEMBL
A,CC1(O)OC(=O)C(c2ccc(F)cc2)=C1c1ccc(S(C)(=O)=O)cc1,CHEMBL18040,Clearance,ml min-1,2.6,Clearance,ml min-1,2.6,clearance,Clearance,(L/h|l/min|ml/min|uL/min),ChEMBL
A,CCSC(=N)Nc1ccc(C(F)(F)F)cc1.Cl,CHEMBL542855,Clearance,l kg-1,5.6,Clearance,l kg-1,5.6,clearance,Clearance,(L/h|l/min|ml/min|uL/min),ChEMBL
A,CC(C(=O)O)c1ccc(-c2ccccc2)c(F)c1,CHEMBL563,Clearance,ml hr-1,13.9,Clearance,ml hr-1,13.9,clearance,Clearance,(L/h|l/min|ml/min|uL/min),ChEMBL
A,CC(C(=O)O)c1ccc(-c2ccc(C3CCCCC3)cc2)c(F)c1,CHEMBL264006,Clearance,ml hr-1,174.0,Clearance,ml hr-1,174.0,clearance,Clearance,(L/h|l/min|ml/min|uL/min),ChEMBL
A,CC(C(=O)O)c1ccc(-c2ccc(OC3CCCCC3)cc2)c(F)c1,CHEMBL380778,Clearance,ml hr-1,148.0,Clearance,ml hr-1,148.0,clearance,Clearance,(L/h|l/min|ml/min|uL/min),ChEMBL
A,CC(C(=O)O)c1ccc(-c2ccc(-c3ccc(O)cc3)cc2)c(F)c1,CHEMBL197202,Clearance,ml hr-1,85.0,Clearance,ml hr-1,85.0,clearance,Clearance,(L/h|l/min|ml/min|uL/min),ChEMBL
A,O=C(O)C1(c2ccc(-c3ccccc3)c(F)c2)CC1,CHEMBL194760,Clearance,ml hr-1,9.8,Clearance,ml hr-1,9.8,clearance,Clearance,(L/h|l/min|ml/min|uL/min),ChEMBL
A,O=C(O)C1(c2ccc(-c3ccc(C(F)(F)F)cc3)c(F)c2)CC1,CHEMBL196246,Clearance,ml hr-1,0.52,Clearance,ml hr-1,0.52,clearance,Clearance,(L/h|l/min|ml/min|uL/min),ChEMBL
A,O=C(O)C1(c2ccc(-c3ccc(Cl)c(Cl)c3)c(F)c2)CC1,CHEMBL196945,Clearance,ml hr-1,1.5,Clearance,ml hr-1,1.5,clearance,Clearance,(L/h|l/min|ml/min|uL/min),ChEMBL
A,O=C(O)C1(c2ccc(-c3csc4ccccc34)c(F)c2)CC1,CHEMBL196946,Clearance,ml hr-1,113.6,Clearance,ml hr-1,113.6,clearance,Clearance,(L/h|l/min|ml/min|uL/min),ChEMBL
A,CC1(C)CCC(c2ccc(-c3ccc(C4(C(=O)O)CC4)cc3F)cc2)CC1,CHEMBL372751,Clearance,ml hr-1,145.8,Clearance,ml hr-1,145.8,clearance,Clearance,(L/h|l/min|ml/min|uL/min),ChEMBL
A,O=C(O)C1(c2ccc(-c3ccc(C4CCOCC4)cc3)c(F)c2)CC1,CHEMBL193634,Clearance,ml hr-1,39.0,Clearance,ml hr-1,39.0,clearance,Clearance,(L/h|l/min|ml/min|uL/min),ChEMBL
A,O=C(O)C1(c2ccc(-c3ccc(-c4ccc(O)cc4)c(F)c3)c(F)c2)CC1,CHEMBL372846,Clearance,ml hr-1,109.0,Clearance,ml hr-1,109.0,clearance,Clearance,(L/h|l/min|ml/min|uL/min),ChEMBL
A,O=C(O)C1(c2ccc(-c3ccc(-c4ccc(F)cc4)c(F)c3)c(F)c2)CC1,CHEMBL427548,Clearance,ml hr-1,8.1,Clearance,ml hr-1,8.1,clearance,Clearance,(L/h|l/min|ml/min|uL/min),ChEMBL
A,CC1(C)CC(Oc2ccc(-c3ccc(C4(C(=O)O)CC4)cc3F)cc2)CC(C)(C)C1,CHEMBL197140,Clearance,ml hr-1,70.5,Clearance,ml hr-1,70.5,clearance,Clearance,(L/h|l/min|ml/min|uL/min),ChEMBL
A,O=C(O)C1(c2ccc(-c3ccc(OC4CCOCC4)cc3)c(F)c2)CC1,CHEMBL382721,Clearance,ml hr-1,6.6,Clearance,ml hr-1,6.6,clearance,Clearance,(L/h|l/min|ml/min|uL/min),ChEMBL
A,CC(C(=O)NS(C)(=O)=O)c1ccc(-c2ccc(C(F)(F)F)cc2)c(F)c1,CHEMBL197305,Clearance,ml hr-1,3.1,Clearance,ml hr-1,3.1,clearance,Clearance,(L/h|l/min|ml/min|uL/min),ChEMBL
A,CC(c1ccc(-c2ccc(C(F)(F)F)cc2)c(F)c1)c1noc(O)n1,CHEMBL382746,Clearance,ml hr-1,5.3,Clearance,ml hr-1,5.3,clearance,Clearance,(L/h|l/min|ml/min|uL/min),ChEMBL
A,CC(C(N)=O)c1ccc(-c2cc(Cl)cc(Cl)c2)c(F)c1,CHEMBL193900,Clearance,ml hr-1,193.0,Clearance,ml hr-1,193.0,clearance,Clearance,(L/h|l/min|ml/min|uL/min),ChEMBL
A,Cc1noc(C)c1-c1cn2c(-c3ccc(O)cc3)cnc2cn1,CHEMBL4757884,Clearance,L/h/Kg,8.4,Clearance,L/h/Kg,8.4,clearance,Clearance,(L/h|l/min|ml/min|uL/min),ChEMBL
A,Oc1ccc(-c2cnc3cnc(C4=COCCC4)cn23)cc1,CHEMBL4745965,Clearance,L/h/Kg,10.6,Clearance,L/h/Kg,10.6,clearance,Clearance,(L/h|l/min|ml/min|uL/min),ChEMBL
A,Oc1ccc(-c2cnc3cnc(-c4cccc(C(F)(F)F)c4)cn23)c(F)c1,CHEMBL4758053,Clearance,L/h/Kg,10.1,Clearance,L/h/Kg,10.1,clearance,Clearance,(L/h|l/min|ml/min|uL/min),ChEMBL
A,Oc1ccc(-c2cnn3ccc(-c4cccc(C(F)(F)F)c4)cc23)c(F)c1,CHEMBL4747246,Clearance,L/h/Kg,9.5,Clearance,L/h/Kg,9.5,clearance,Clearance,(L/h|l/min|ml/min|uL/min),ChEMBL
A,COc1ccc(-c2c(C(C)C)nc3cnc(-c4cccc(C(F)(F)F)c4)cn23)cc1O,CHEMBL4746624,Clearance,L/h/Kg,4.75,Clearance,L/h/Kg,4.75,clearance,Clearance,(L/h|l/min|ml/min|uL/min),ChEMBL
A,CCc1nc2cnc(-c3cccc(C(F)(F)F)c3)cn2c1-c1ccc(O)cc1F,CHEMBL4781298,Clearance,L/h/Kg,3.49,Clearance,L/h/Kg,3.49,clearance,Clearance,(L/h|l/min|ml/min|uL/min),ChEMBL
A,Oc1cc(F)c(-c2cnc3cnc(-c4cccc(C(F)(F)F)c4)cn23)c(F)c1,CHEMBL4743467,Clearance,L/h/Kg,0.578,Clearance,L/h/Kg,0.578,clearance,Clearance,(L/h|l/min|ml/min|uL/min),ChEMBL
A,Cc1nc2cnc(-c3ccc(F)c(C(F)(F)F)c3)cn2c1-c1ccc(O)cc1F,CHEMBL4751459,Clearance,L/h/Kg,2.91,Clearance,L/h/Kg,2.91,clearance,Clearance,(L/h|l/min|ml/min|uL/min),ChEMBL
A,Oc1ccc(-c2c(C(F)(F)F)nc3cnc(-c4cccc(C(F)(F)F)c4)cn23)c(F)c1,CHEMBL4755363,Clearance,L/h/Kg,2.47,Clearance,L/h/Kg,2.47,clearance,Clearance,(L/h|l/min|ml/min|uL/min),ChEMBL
A,COc1ccc(-c2c(C)nc3ccc(-c4cccc(C(F)(F)F)c4)cn23)cc1O,CHEMBL4764170,Clearance,L/h/Kg,9.48,Clearance,L/h/Kg,9.48,clearance,Clearance,(L/h|l/min|ml/min|uL/min),ChEMBL
A,COc1ccc(-c2c(C3CC3)nc3cnc(-c4cccc(C(F)(F)F)c4)cn23)cc1O,CHEMBL4798797,Clearance,L/h/Kg,6.46,Clearance,L/h/Kg,6.46,clearance,Clearance,(L/h|l/min|ml/min|uL/min),ChEMBL
A,COc1ccc(-c2c(C(C)C)nc3cnc(-c4ccnc(N(C)C)c4)cn23)cc1O,CHEMBL4748653,Clearance,L/h/Kg,10.4,Clearance,L/h/Kg,10.4,clearance,Clearance,(L/h|l/min|ml/min|uL/min),ChEMBL
A,Cc1nc2cnc(-c3cccc(C(F)(F)F)c3)cn2c1-c1c(F)cc(O)cc1F,CHEMBL4744740,Clearance,L/h/Kg,5.16,Clearance,L/h/Kg,5.16,clearance,Clearance,(L/h|l/min|ml/min|uL/min),ChEMBL
A,Cc1nc2cnc(-c3ccc(F)c(C(F)(F)F)c3)cn2c1-c1c(F)cc(O)cc1F,CHEMBL4799333,Clearance,L/h/Kg,0.613,Clearance,L/h/Kg,0.613,clearance,Clearance,(L/h|l/min|ml/min|uL/min),ChEMBL
A,CC(C)c1nc2cnc(-c3ccc(F)c(C(F)(F)F)c3)cn2c1-c1c(F)cc(O)cc1F,CHEMBL4784780,Clearance,L/h/Kg,1.08,Clearance,L/h/Kg,1.08,clearance,Clearance,(L/h|l/min|ml/min|uL/min),ChEMBL
A,CC(C)c1nc2cnc(-c3cccc(C(F)(F)F)c3)cn2c1-c1ccc2[nH]ncc2c1F,CHEMBL4750741,Clearance,L/h/Kg,0.549,Clearance,L/h/Kg,0.549,clearance,Clearance,(L/h|l/min|ml/min|uL/min),ChEMBL
A,COc1cc(-c2c(C(C)C)nc3cnc(-c4cccc(C(F)(F)F)c4)cn23)cc2cn[nH]c12,CHEMBL4789183,Clearance,L/h/Kg,1.02,Clearance,L/h/Kg,1.02,clearance,Clearance,(L/h|l/min|ml/min|uL/min),ChEMBL
A,COc1ccc(-c2c(C)nn3cnc(-c4cccc(C(F)(F)F)c4)cc23)cc1O,CHEMBL4782059,Clearance,L/h/Kg,11.7,Clearance,L/h/Kg,11.7,clearance,Clearance,(L/h|l/min|ml/min|uL/min),ChEMBL
A,CC(C)c1nn2cnc(-c3cccc(C(F)(F)F)c3)cc2c1-c1c(F)cc(O)cc1F,CHEMBL4755956,Clearance,L/h/Kg,2.57,Clearance,L/h/Kg,2.57,clearance,Clearance,(L/h|l/min|ml/min|uL/min),ChEMBL
A,COc1ccc(-c2c(C(C)C)nc3cnc(-c4ccc(F)c(C(F)(F)F)c4)cn23)cc1O,CHEMBL4757105,Clearance,L/h/Kg,3.53,Clearance,L/h/Kg,3.53,clearance,Clearance,(L/h|l/min|ml/min|uL/min),ChEMBL
A,COc1ccc(-c2c(C(C)C)nc3cnc(-c4cccc(C(F)(F)F)c4)cn23)cc1OP(=O)(O)O,CHEMBL4798182,Clearance,L/h/Kg,20.7,Clearance,L/h/Kg,20.7,clearance,Clearance,(L/h|l/min|ml/min|uL/min),ChEMBL
A,CC(C)c1nc2cnc(-c3cccc(C(F)(F)F)c3)cn2c1-c1ccc(OP(=O)(O)O)cc1F,CHEMBL4764292,Clearance,L/h/Kg,4.14,Clearance,L/h/Kg,4.14,clearance,Clearance,(L/h|l/min|ml/min|uL/min),ChEMBL
A,Fc1c(-c2c(C(F)(F)F)nc3cnc(-c4cccc(C(F)(F)C(F)(F)F)c4)cn23)ccc2[nH]ncc12,CHEMBL4759569,Clearance,L/h/Kg,0.0856,Clearance,L/h/Kg,0.0856,clearance,Clearance,(L/h|l/min|ml/min|uL/min),ChEMBL
A,COc1ccc(-c2c(C(F)(F)F)nc3cnc(-c4cccc(C(F)(F)C(F)(F)F)c4)cn23)cc1O,CHEMBL4763712,Clearance,L/h/Kg,3.26,Clearance,L/h/Kg,3.26,clearance,Clearance,(L/h|l/min|ml/min|uL/min),ChEMBL
A,CC1(c2nc3cnc(-c4ccc(F)c(C(F)(F)F)c4)cn3c2-c2c(F)cc(O)cc2F)CC1,CHEMBL4750891,Clearance,L/h/Kg,0.956,Clearance,L/h/Kg,0.956,clearance,Clearance,(L/h|l/min|ml/min|uL/min),ChEMBL
A,Oc1cc(F)c(-c2c(C3CC3)nc3cnc(-c4ccc(F)c(C(F)(F)F)c4)cn23)c(F)c1,CHEMBL4761377,Clearance,L/h/Kg,0.135,Clearance,L/h/Kg,0.135,clearance,Clearance,(L/h|l/min|ml/min|uL/min),ChEMBL
A,Oc1cc(F)c(-c2c(C3CCC3)nc3cnc(-c4ccc(F)c(C(F)(F)F)c4)cn23)c(F)c1,CHEMBL4764061,Clearance,L/h/Kg,0.474,Clearance,L/h/Kg,0.474,clearance,Clearance,(L/h|l/min|ml/min|uL/min),ChEMBL
A,CC(C)c1nc2cnc(-c3ccc(F)c(C(F)(F)F)c3)cn2c1-c1ccc2[nH]ncc2c1F,CHEMBL4755643,Clearance,L/h/Kg,0.263,Clearance,L/h/Kg,0.263,clearance,Clearance,(L/h|l/min|ml/min|uL/min),ChEMBL
A,CCc1nc2cnc(-c3ccc(F)c(C(F)(F)F)c3)cn2c1-c1c(F)cc(O)cc1F,CHEMBL4751019,Clearance,L/h/Kg,1.08,Clearance,L/h/Kg,1.08,clearance,Clearance,(L/h|l/min|ml/min|uL/min),ChEMBL
A,CCc1nc2cnc(-c3ccc(F)c(C(F)(F)F)c3)cn2c1-c1ccc2[nH]ncc2c1F,CHEMBL4745081,Clearance,L/h/Kg,0.241,Clearance,L/h/Kg,0.241,clearance,Clearance,(L/h|l/min|ml/min|uL/min),ChEMBL
A,CC(C)c1nc2cnc(-c3cccc(S(F)(F)(F)(F)F)c3)cn2c1-c1c(F)cc(O)cc1F,CHEMBL4789333,Clearance,L/h/Kg,2.17,Clearance,L/h/Kg,2.17,clearance,Clearance,(L/h|l/min|ml/min|uL/min),ChEMBL
A,CC(C)c1nc2cnc(-c3ccc(F)c(C(F)(F)F)c3)cn2c1-c1c(F)cc(OP(=O)(O)O)cc1F,CHEMBL4798002,Clearance,L/h/Kg,9.16,Clearance,L/h/Kg,9.16,clearance,Clearance,(L/h|l/min|ml/min|uL/min),ChEMBL
A,Cc1nc2cnc(-c3ccc(F)c(C(F)(F)F)c3)cn2c1-c1c(F)cc(OP(=O)(O)O)cc1F,CHEMBL4765012,Clearance,L/h/Kg,4.52,Clearance,L/h/Kg,4.52,clearance,Clearance,(L/h|l/min|ml/min|uL/min),ChEMBL
A,Fc1ccc(-c2cn3c(-c4ccc5[nH]ncc5c4F)c(C4CC4)nc3cn2)cc1C(F)(F)F,CHEMBL4750431,Clearance,L/h/Kg,0.206,Clearance,L/h/Kg,0.206,clearance,Clearance,(L/h|l/min|ml/min|uL/min),ChEMBL
A,CC(C)c1nn2cnc(-c3ccc(F)c(C(F)(F)F)c3)cc2c1-c1c(F)cc(O)cc1F,CHEMBL4788935,Clearance,L/h/Kg,1.51,Clearance,L/h/Kg,1.51,clearance,Clearance,(L/h|l/min|ml/min|uL/min),ChEMBL
A,CCc1nn2cnc(-c3ccc(F)c(C(F)(F)F)c3)cc2c1-c1c(F)cc(O)cc1F,CHEMBL4790973,Clearance,L/h/Kg,3.51,Clearance,L/h/Kg,3.51,clearance,Clearance,(L/h|l/min|ml/min|uL/min),ChEMBL
A,CCc1nc2cnc(-c3ccc(F)c(C(F)(F)C(F)(F)F)c3)cn2c1-c1c(F)cc(O)cc1F,CHEMBL4799745,Clearance,L/h/Kg,0.229,Clearance,L/h/Kg,0.229,clearance,Clearance,(L/h|l/min|ml/min|uL/min),ChEMBL
A,Cc1nc2cnc(-c3cccc(C(F)(F)C(F)(F)F)c3)cn2c1-c1c(F)cc(O)cc1F,CHEMBL4797125,Clearance,L/h/Kg,1.57,Clearance,L/h/Kg,1.57,clearance,Clearance,(L/h|l/min|ml/min|uL/min),ChEMBL
A,CC(C)c1nn2cnc(-c3ccc(F)c(C(F)(F)F)c3)cc2c1-c1ccc2[nH]ncc2c1F,CHEMBL4742068,Clearance,L/h/Kg,0.375,Clearance,L/h/Kg,0.375,clearance,Clearance,(L/h|l/min|ml/min|uL/min),ChEMBL
A,Fc1ccc(-c2cn3c(-c4ccc5[nH]ncc5c4F)c(C(F)(F)F)nc3cn2)cc1C(F)(F)C(F)(F)F,CHEMBL4749880,Clearance,L/h/Kg,0.213,Clearance,L/h/Kg,0.213,clearance,Clearance,(L/h|l/min|ml/min|uL/min),ChEMBL
A,Fc1ccc(-c2cn3c(-c4ccc5[nH]ncc5c4F)c(C(F)(F)F)nc3cn2)cc1C(F)(F)F,CHEMBL4747424,Clearance,L/h/Kg,0.133,Clearance,L/h/Kg,0.133,clearance,Clearance,(L/h|l/min|ml/min|uL/min),ChEMBL
A,CC(C)c1cc(-c2cn3c(-c4ccc5[nH]ncc5c4F)c(C(F)(F)F)nc3cn2)ccc1F,CHEMBL4758070,Clearance,L/h/Kg,1.88,Clearance,L/h/Kg,1.88,clearance,Clearance,(L/h|l/min|ml/min|uL/min),ChEMBL
A,CC(C)c1nc2cnc(-c3ccc(F)c(S(F)(F)(F)(F)F)c3)cn2c1-c1ccc2[nH]ncc2c1F,CHEMBL4779352,Clearance,L/h/Kg,0.345,Clearance,L/h/Kg,0.345,clearance,Clearance,(L/h|l/min|ml/min|uL/min),ChEMBL
A,CC(C)c1nc2cnc(-c3ccc(F)c(C(F)(F)F)c3)nc2n1-c1c(F)cc(O)cc1F,CHEMBL4785344,Clearance,L/h/Kg,1.4,Clearance,L/h/Kg,1.4,clearance,Clearance,(L/h|l/min|ml/min|uL/min),ChEMBL
A,Fc1ccc(-c2cn3c(-c4ccc5[nH]ncc5c4)c(C(F)(F)F)nc3cn2)cc1C(F)(F)F,CHEMBL4762116,Clearance,L/h/Kg,0.185,Clearance,L/h/Kg,0.185,clearance,Clearance,(L/h|l/min|ml/min|uL/min),ChEMBL
A,CC(C)c1nc2cnc(-c3ccc(F)c(C(F)(F)F)c3)cn2c1-c1ccc2[nH]ncc2c1,CHEMBL4740983,Clearance,L/h/Kg,0.35,Clearance,L/h/Kg,0.35,clearance,Clearance,(L/h|l/min|ml/min|uL/min),ChEMBL
A,Fc1ccc(-c2cn3c(-c4ccc5[nH]ncc5c4F)c(C(F)(F)F)nc3cn2)cc1CC(F)(F)F,CHEMBL4757098,Clearance,L/h/Kg,1.53,Clearance,L/h/Kg,1.53,clearance,Clearance,(L/h|l/min|ml/min|uL/min),ChEMBL
A,Fc1ccc(-c2cn3c(-c4ccc5[nH]ncc5c4F)c(C(F)(F)F)nc3cn2)cc1OC(F)(F)F,CHEMBL4759099,Clearance,L/h/Kg,0.194,Clearance,L/h/Kg,0.194,clearance,Clearance,(L/h|l/min|ml/min|uL/min),ChEMBL
A,Fc1c(-c2c(C(F)(F)F)nc3cnc(-c4cccc(OC(F)(F)F)c4)cn23)ccc2[nH]ncc12,CHEMBL4783028,Clearance,L/h/Kg,1.16,Clearance,L/h/Kg,1.16,clearance,Clearance,(L/h|l/min|ml/min|uL/min),ChEMBL
A,Cc1c(-c2c(C(F)(F)F)nc3cnc(-c4ccc(F)c(C(F)(F)F)c4)cn23)ccc2[nH]ncc12,CHEMBL4751691,Clearance,L/h/Kg,0.258,Clearance,L/h/Kg,0.258,clearance,Clearance,(L/h|l/min|ml/min|uL/min),ChEMBL
A,CC(C)c1cc(-c2cn3c(-c4ccc5[nH]ncc5c4F)c(C(C)C)nc3cn2)ccc1F,CHEMBL4752925,Clearance,L/h/Kg,0.901,Clearance,L/h/Kg,0.901,clearance,Clearance,(L/h|l/min|ml/min|uL/min),ChEMBL
A,CC(C)c1cc(-c2cn3c(-c4ccc5[nH]ncc5c4F)c(C4CC4)nc3cn2)ccc1F,CHEMBL4789829,Clearance,L/h/Kg,0.94,Clearance,L/h/Kg,0.94,clearance,Clearance,(L/h|l/min|ml/min|uL/min),ChEMBL
A,CC(C)Oc1cc(-c2cn3c(-c4ccc5[nH]ncc5c4F)c(C(F)(F)F)nc3cn2)ccc1F,CHEMBL4787321,Clearance,L/h/Kg,1.47,Clearance,L/h/Kg,1.47,clearance,Clearance,(L/h|l/min|ml/min|uL/min),ChEMBL
A,Fc1ccc(-c2cn3c(-c4ccc5[nH]ncc5c4F)c(C(F)(F)F)nc3cn2)cc1C1CCC1,CHEMBL4797622,Clearance,L/h/Kg,2.14,Clearance,L/h/Kg,2.14,clearance,Clearance,(L/h|l/min|ml/min|uL/min),ChEMBL
A,Fc1ccc(-c2cn3c(-c4ccc5[nH]ncc5c4F)c(C(F)(F)F)nc3cn2)cc1C1CC1,CHEMBL4764900,Clearance,L/h/Kg,1.89,Clearance,L/h/Kg,1.89,clearance,Clearance,(L/h|l/min|ml/min|uL/min),ChEMBL
A,CC(C)(F)CC[C@H](C[C@H](O)[C@H](Cc1ccccc1)NC(=O)c1cnc2ccccc2n1)C(N)=O,CHEMBL68366,Vdss,L.kg-1,1.2,Vdss,l kg-1,1.2,volume_distribution,VDss,(L/kg|L),ChEMBL
A,CC(C)(F)CC[C@H](C[C@H](O)[C@H](Cc1ccccc1)NC(=O)c1cnc2ccccc2n1)C(N)=O,CHEMBL68366,Vdss,L.kg-1,1.2,Vdss,l kg-1,1.2,volume_distribution,VDss,(L/kg|L),ChEMBL
A,O=C(N[C@@H](Cc1ccccc1)[C@@H](O)CC(C(=O)NO)C1CCC(F)(F)CC1)c1cnc2ccccc2n1,CHEMBL303673,Vdss,L.kg-1,1.3,Vdss,l kg-1,1.3,volume_distribution,VDss,(L/kg|L),ChEMBL
A,O=C(N[C@@H](Cc1ccccc1)[C@@H](O)CC(C(=O)NO)C1CCC(F)(F)CC1)c1cnc2ccccc2n1,CHEMBL303673,Vdss,L.kg-1,1.8,Vdss,l kg-1,1.8,volume_distribution,VDss,(L/kg|L),ChEMBL
A,CC(C)C[C@@H](NC(=N)N)C(=O)NCC(=O)N1CCC(c2cc(-c3ccc(OCc4ccc(C(=O)O)o4)c(Cl)c3Cl)nn2C)CC1,CHEMBL429852,Vdss,L.kg-1,1.1,Vss,l kg-1,1.1,volume_distribution,VDss,(L/kg|L),ChEMBL
A,O=C(NO)C1(S(=O)(=O)c2ccc(Oc3ccc(Cl)cc3)cc2)CCN(Cc2ccccc2)CC1,CHEMBL79433,Vdss,L.kg-1,0.1,Vdss,l kg-1,0.1,volume_distribution,VDss,(L/kg|L),ChEMBL
A,O=C(NO)C1(S(=O)(=O)c2ccc(Oc3ccc(Cl)cc3)cc2)CCN(Cc2ccccc2)CC1,CHEMBL79433,Vdss,L.kg-1,0.1,Vdss,l kg-1,0.1,volume_distribution,VDss,(L/kg|L),ChEMBL
A,O=C(NO)C1(S(=O)(=O)c2ccc(Oc3ccc(Cl)cc3)cc2)CCN(Cc2ccccc2)CC1,CHEMBL79433,Vdss,L.kg-1,0.1,Vdss,l kg-1,0.1,volume_distribution,VDss,(L/kg|L),ChEMBL
A,O=C(NO)C1(S(=O)(=O)c2ccc(Oc3ccc(Cl)cc3)cc2)CCN(Cc2ccccc2)CC1,CHEMBL79433,Vdss,L.kg-1,0.2,Vdss,l kg-1,0.2,volume_distribution,VDss,(L/kg|L),ChEMBL
A,CCn1c2ccccc2c2cc(NC(=O)CN3CCN(C[C@@H](O)COc4ccc5sc(C)nc5c4)CC3)ccc21,CHEMBL150614,Vdss,L.kg-1,3.4,Vdss,l kg-1,3.4,volume_distribution,VDss,(L/kg|L),ChEMBL
A,CC(C)(O)CCC(C[C@H](O)[C@H](Cc1cccc(F)c1)NC(=O)c1cnc2ccccc2n1)C(N)=O,CHEMBL308473,Vdss,L.kg-1,1.0,Vdss,l kg-1,1.0,volume_distribution,VDss,(L/kg|L),ChEMBL
A,CC(C)(O)CCC(C[C@H](O)[C@H](Cc1cccc(F)c1)NC(=O)c1cnc2ccccc2n1)C(N)=O,CHEMBL308473,Vdss,L.kg-1,1.3,Vdss,l kg-1,1.3,volume_distribution,VDss,(L/kg|L),ChEMBL
A,Cc1nc2cc(OC[C@H](O)CN3CCN(CC(=O)Nc4c(C)cccc4C)CC3)ccc2s1,CHEMBL154751,Vdss,L.kg-1,6.2,Vdss,l kg-1,6.2,volume_distribution,VDss,(L/kg|L),ChEMBL
A,CC(C)(F)CCC(C[C@H](O)[C@H](Cc1ccccc1)NC(=O)c1cnc2ccccc2n1)C(=O)NO,CHEMBL305423,Vdss,L.kg-1,1.2,Vdss,l kg-1,1.2,volume_distribution,VDss,(L/kg|L),ChEMBL
A,CC(C)(F)CCC(C[C@H](O)[C@H](Cc1ccccc1)NC(=O)c1cnc2ccccc2n1)C(=O)NO,CHEMBL305423,Vdss,L.kg-1,1.5,Vdss,l kg-1,1.5,volume_distribution,VDss,(L/kg|L),ChEMBL
A,COc1cc(Nc2ncc(-c3ccccc3N(C)C(=O)CN3CCOCC3)o2)ccc1-c1cnco1,CHEMBL64830,Vdss,L.kg-1,2.1,Vss,l kg-1,2.1,volume_distribution,VDss,(L/kg|L),ChEMBL
A,COc1ccc(-c2cc(-c3nc(C)cs3)c(=O)n(C)c2-c2ccnnc2)cc1,CHEMBL56098,Vdss,L.kg-1,2.5,Vdss,l kg-1,2.5,volume_distribution,VDss,(L/kg|L),ChEMBL
A,CCCOc1ccc(S(=O)(=O)N2CCN(C(=O)N(C)C)CC2)cc1-c1nc2c(=O)n(C)c(=O)n(CC(C)C)c2[nH]1,CHEMBL327772,Vdss,L.kg-1,3.4,Vss,l kg-1,3.4,volume_distribution,VDss,(L/kg|L),ChEMBL
A,CCCC[C@@H](C[C@@H](CCc1ccc(-c2ccc(F)cc2)cc1)C(=O)N[C@H](C(=O)NC)C(C)(C)C)C(=O)O,CHEMBL8828,Vdss,L.kg-1,0.2,Vdss,l kg-1,0.2,volume_distribution,VDss,(L/kg|L),ChEMBL
A,CCCC[C@@H](C[C@@H](CCc1ccc(-c2ccc(F)cc2)cc1)C(=O)N[C@H](C(=O)NC)C(C)(C)C)C(=O)O,CHEMBL8828,Vdss,L.kg-1,0.32,Vdss,l kg-1,0.32,volume_distribution,VDss,(L/kg|L),ChEMBL
A,CCCC[C@@H](C[C@@H](CCc1ccc(-c2ccc(F)cc2)cc1)C(=O)N[C@H](C(=O)NC)C(C)(C)C)C(=O)O,CHEMBL8828,Vdss,L.kg-1,0.2,Vdss,l kg-1,0.2,volume_distribution,VDss,(L/kg|L),ChEMBL
A,CCOc1ccc(S(=O)(=O)N2CCN(C)CC2)cc1-c1nc2c(=O)n(C)c(=O)n(CC(C)C)c2[nH]1,CHEMBL85350,Vdss,L.kg-1,9.7,Vss,l kg-1,9.7,volume_distribution,VDss,(L/kg|L),ChEMBL
A,CCOc1ccc(S(=O)(=O)N2CCN(C)CC2)cc1-c1nc2c(=O)n(C)c(=O)n(CC(C)CC)c2[nH]1,CHEMBL89248,Vdss,L.kg-1,9.7,Vss,l kg-1,9.7,volume_distribution,VDss,(L/kg|L),ChEMBL
A,CCCCC1=NC2(CCCC2)C(=O)N1Cc1ccc(-c2ccccc2S(=O)(=O)Nc2onc(C)c2C)c(CN2CCC(C)(C)C2=O)c1,CHEMBL11706,Vdss,L.kg-1,1.4,Vss,l kg-1,1.4,volume_distribution,VDss,(L/kg|L),ChEMBL
A,COc1ccc(-c2cc(-c3nc(C)cs3)c(=O)n(C)c2-c2ccncc2)cc1,CHEMBL294600,Vdss,L.kg-1,3.3,Vdss,l kg-1,3.3,volume_distribution,VDss,(L/kg|L),ChEMBL
A,C[C@@]1(C(=O)N[C@@H](Cc2cccc(Cl)c2)C(=O)O)CCCN1S(=O)(=O)c1cc(Cl)cc(Cl)c1,CHEMBL347037,Vdss,L.kg-1,0.36,Vdss,l kg-1,0.36,volume_distribution,VDss,(L/kg|L),ChEMBL
A,CN/C(=N\CCSCc1nc[nH]c1C)NC#N,CHEMBL30,Vdss,L.kg-1,1.0,Vdss,l kg-1,1.0,volume_distribution,VDss,(L/kg|L),ChEMBL
A,C[C@@H]1C[C@H]2[C@@H]3CCC4=CC(=O)C=C[C@]4(C)[C@@]3(F)[C@@H](O)C[C@]2(C)[C@@]1(O)C(=O)CO,CHEMBL384467,Vdss,L.kg-1,0.8,Vdss,l kg-1,0.8,volume_distribution,VDss,(L/kg|L),ChEMBL
A,Cc1cc(=O)n(-c2ccccc2)n1C,CHEMBL277474,Vdss,L.kg-1,0.6,Vdss,l kg-1,0.6,volume_distribution,VDss,(L/kg|L),ChEMBL
A,N#Cc1ccc(S(=O)(=O)Nc2cccc(C(c3c(O)c4c(oc3=O)CCCCCC4)C3CC3)c2)cc1,CHEMBL2062136,Vdss,L.kg-1,0.11,Vss,l kg-1,0.11,volume_distribution,VDss,(L/kg|L),ChEMBL
A,N#Cc1ccc(S(=O)(=O)Nc2cccc(C(c3c(O)c4c(oc3=O)CCCCCC4)C3CC3)c2)cc1,CHEMBL2062136,Vdss,L.kg-1,0.084,Vss,l kg-1,0.084,volume_distribution,VDss,(L/kg|L),ChEMBL
A,CN(C)CCCN1c2ccccc2CCc2ccccc21,CHEMBL11,Vdss,L.kg-1,18.0,Vdss,l kg-1,18.0,volume_distribution,VDss,(L/kg|L),ChEMBL
A,COc1ccc2[nH]c([S+]([O-])Cc3ncc(C)c(OC)c3C)nc2c1,CHEMBL1503,Vdss,L.kg-1,0.34,Vdss,l kg-1,0.34,volume_distribution,VDss,(L/kg|L),ChEMBL
A,O=C1Nc2ccc(Cl)cc2C(c2ccccc2Cl)=NC1O,CHEMBL580,Vdss,L.kg-1,1.3,Vdss,l kg-1,1.3,volume_distribution,VDss,(L/kg|L),ChEMBL
A,C[C@]12C=CC(=O)C=C1CC[C@@H]1[C@@H]2[C@@H](O)C[C@@]2(C)[C@H]1CC[C@]2(O)C(=O)CO,CHEMBL131,Vdss,L.kg-1,1.5,Vdss,l kg-1,1.5,volume_distribution,VDss,(L/kg|L),ChEMBL
A,C#CCCCC(=O)c1cc(C(C)(C)C)c(O)c(C(C)(C)C)c1,CHEMBL13878,Vdss,L.kg-1,31.0,Vdss,l kg-1,31.0,volume_distribution,VDss,(L/kg|L),ChEMBL
A,COc1ccc(C[C@H](NC(=O)[C@]2(C)CCCN2S(=O)(=O)c2cc(Cl)cc(Cl)c2)C(=O)O)cc1,CHEMBL345450,Vdss,L.kg-1,1.4,Vdss,l kg-1,1.4,volume_distribution,VDss,(L/kg|L),ChEMBL
A,CC(=O)Nc1ccc(O)cc1,CHEMBL112,Vdss,L.kg-1,0.95,Vdss,l kg-1,0.95,volume_distribution,VDss,(L/kg|L),ChEMBL
A,Cc1nnc2n1-c1ccc(Cl)cc1C(c1ccccc1)=NC2,CHEMBL661,Vdss,L.kg-1,0.72,Vdss,l kg-1,0.72,volume_distribution,VDss,(L/kg|L),ChEMBL
A,CN1CCN(C(=O)c2ccc3[nH]c(-c4cc5ccccc5nc4O)cc3c2)CC1,CHEMBL324489,Vdss,L.kg-1,0.7,Vss,l kg-1,0.7,volume_distribution,VDss,(L/kg|L),ChEMBL
A,CN1CCN(C(=O)c2ccc3[nH]c(-c4cc5ccccc5nc4O)cc3c2)CC1,CHEMBL324489,Vdss,L.kg-1,2.9,Vss,l kg-1,2.9,volume_distribution,VDss,(L/kg|L),ChEMBL
A,CN1CCN(C(=O)c2ccc3[nH]c(-c4cc5ccccc5nc4O)cc3c2)CC1,CHEMBL324489,Vdss,L.kg-1,0.9,Vss,l kg-1,0.9,volume_distribution,VDss,(L/kg|L),ChEMBL
A,CCCNCC(O)COc1ccccc1C(=O)CCc1ccccc1,CHEMBL631,Vdss,L.kg-1,3.6,Vdss,l kg-1,3.6,volume_distribution,VDss,(L/kg|L),ChEMBL
A,O=C1CN=C(c2ccccn2)c2cc(Br)ccc2N1,CHEMBL277062,Vdss,L.kg-1,0.91,Vdss,l kg-1,0.91,volume_distribution,VDss,(L/kg|L),ChEMBL
A,O=C1NC(=O)c2c1c1c3cc(F)ccc3[nH]c1c1c2c2cc(F)ccc2n1C1OC(CO)C(O)C(O)C1O,CHEMBL290056,Vdss,L.kg-1,0.1,Vds,l kg-1,0.1,volume_distribution,VDss,(L/kg|L),ChEMBL
A,O=C1NC(=O)c2c1c1c3cc(F)ccc3sc1c1c2c2cc(F)ccc2n1C1OC(CO)C(O)C(O)C1O,CHEMBL44197,Vdss,L.kg-1,1.27,Vds,l kg-1,1.27,volume_distribution,VDss,(L/kg|L),ChEMBL
A,C=C[C@H]1CN2CC[C@H]1C[C@@H]2[C@@H](O)c1ccnc2ccc(OC)cc12,CHEMBL1294,Vdss,L.kg-1,2.7,Vdss,l kg-1,2.7,volume_distribution,VDss,(L/kg|L),ChEMBL
A,CN1CCC[C@H]1c1cccnc1,CHEMBL3,Vdss,L.kg-1,2.6,Vdss,l kg-1,2.6,volume_distribution,VDss,(L/kg|L),ChEMBL
A,O=C(NCC1CCCCN1)c1cc(OCC(F)(F)F)ccc1OCC(F)(F)F,CHEMBL652,Vdss,L.kg-1,4.9,Vdss,l kg-1,4.9,volume_distribution,VDss,(L/kg|L),ChEMBL
A,CCN(CC)CCCC(C)Nc1c2ccc(Cl)cc2nc2ccc(OC)cc12,CHEMBL7568,Vdss,L.kg-1,223.0,Vdss,l kg-1,223.0,volume_distribution,VDss,(L/kg|L),ChEMBL
A,CN1[C@@H]2CC[C@H]1C[C@@H](OC(=O)C(CO)c1ccccc1)C2,CHEMBL517712,Vdss,L.kg-1,2.0,Vdss,l kg-1,2.0,volume_distribution,VDss,(L/kg|L),ChEMBL
A,CNS(=O)(=O)Cc1ccc2[nH]cc(CCN(C)C)c2c1,CHEMBL128,Vdss,L.kg-1,0.65,Vdss,l kg-1,0.65,volume_distribution,VDss,(L/kg|L),ChEMBL
A,O=c1n(CCCN2CCN(c3cccc(Cl)c3)CC2)nc2ccccn12,CHEMBL621,Vdss,L.kg-1,1.0,Vdss,l kg-1,1.0,volume_distribution,VDss,(L/kg|L),ChEMBL
A,C[C@]1(C(=O)N[C@H](Cc2ccccc2)C(=O)O)CCCN1S(=O)(=O)c1cc(Cl)cc(Cl)c1,CHEMBL352239,Vdss,L.kg-1,5.6,Vdss,l kg-1,5.6,volume_distribution,VDss,(L/kg|L),ChEMBL
A,CNC(=C[N+](=O)[O-])NCCSCc1csc(CN(C)C)n1,CHEMBL3183075,Vdss,L.kg-1,1.2,Vdss,l kg-1,1.2,volume_distribution,VDss,(L/kg|L),ChEMBL
A,CC(C)NCC(O)COc1cccc2ccccc12,CHEMBL27,Vdss,L.kg-1,4.3,Vdss,l kg-1,4.3,volume_distribution,VDss,(L/kg|L),ChEMBL
A,Cc1nc2n(c(=O)c1CCN1CCC(c3noc4cc(F)ccc34)CC1)CCCC2,CHEMBL85,Vdss,L.kg-1,1.1,Vdss,l kg-1,1.1,volume_distribution,VDss,(L/kg|L),ChEMBL
A,CCCCc1oc2ccccc2c1C(=O)c1cc(I)c(OCCN(CC)CC)c(I)c1,CHEMBL633,Vdss,L.kg-1,66.0,Vdss,l kg-1,66.0,volume_distribution,VDss,(L/kg|L),ChEMBL
A,CN1C(=O)CN=C(c2ccccc2)c2cc(Cl)ccc21,CHEMBL12,Vdss,L.kg-1,1.1,Vdss,l kg-1,1.1,volume_distribution,VDss,(L/kg|L),ChEMBL
A,C[C@]12C=CC(=O)C=C1CC[C@@H]1[C@@H]2C(=O)C[C@@]2(C)[C@H]1CC[C@]2(O)C(=O)CO,CHEMBL635,Vdss,L.kg-1,0.97,Vdss,l kg-1,0.97,volume_distribution,VDss,(L/kg|L),ChEMBL
A,Cn1c(=O)c2c(ncn2C)n(C)c1=O,CHEMBL113,Vdss,L.kg-1,0.61,Vdss,l kg-1,0.61,volume_distribution,VDss,(L/kg|L),ChEMBL
A,O=C(O)[C@H](Cc1ccccn1)NC(=O)[C@@H]1CCCN1S(=O)(=O)c1cc(Cl)cc(Cl)c1,CHEMBL345455,Vdss,L.kg-1,0.48,Vdss,l kg-1,0.48,volume_distribution,VDss,(L/kg|L),ChEMBL
A,CCOC(=O)C1=C(C)NC(C)=C(C(=O)OC)C1c1cccc(Cl)c1Cl,CHEMBL1480,Vdss,L.kg-1,10.0,Vdss,l kg-1,10.0,volume_distribution,VDss,(L/kg|L),ChEMBL
A,C[C@@]1(C(=O)N[C@@H](Cc2ccc(F)cc2)C(=O)O)CCCN1S(=O)(=O)c1cc(Cl)cc(Cl)c1,CHEMBL158726,Vdss,L.kg-1,1.2,Vdss,l kg-1,1.2,volume_distribution,VDss,(L/kg|L),ChEMBL
A,CN1C[C@H](C(=O)N[C@]2(C)O[C@@]3(O)[C@@H]4CCCN4C(=O)[C@H](Cc4ccccc4)N3C2=O)C=C2c3cccc4[nH]cc(c34)C[C@H]21,CHEMBL442,Vdss,L.kg-1,2.7,Vdss,l kg-1,2.7,volume_distribution,VDss,(L/kg|L),ChEMBL
A,Nn1c2ccc(F)cc2c2c3c(c4c5cc(F)ccc5sc4c21)C(=O)NC3=O,CHEMBL43750,Vdss,L.kg-1,0.12,Vds,l kg-1,0.12,volume_distribution,VDss,(L/kg|L),ChEMBL
A,CN(C)CCOC(c1ccccc1)c1ccccc1,CHEMBL657,Vdss,L.kg-1,4.5,Vdss,l kg-1,4.5,volume_distribution,VDss,(L/kg|L),ChEMBL
A,CCc1nn(CCCN2CCN(c3cccc(Cl)c3)CC2)c(=O)n1CCOc1ccccc1,CHEMBL623,Vdss,L.kg-1,0.51,Vdss,l kg-1,0.51,volume_distribution,VDss,(L/kg|L),ChEMBL
F,O=C(N[C@H](Cc1ccc(Cl)cc1)C(=O)N1CCC(Cn2cncn2)(C2CCCCC2)CC1)[C@H]1Cc2ccccc2CN1,CHEMBL339053,Vdss,L.kg-1,3.6,Vdss,l kg-1,3.6,volume_distribution,VDss,(L/kg|L),ChEMBL
F,O=C(N[C@H](Cc1ccc(Cl)cc1)C(=O)N1CCC(Cn2cncn2)(C2CCCCC2)CC1)[C@H]1Cc2ccccc2CN1,CHEMBL339053,Vdss,L.kg-1,2.79,Vdss,l kg-1,2.79,volume_distribution,VDss,(L/kg|L),ChEMBL
A,CN(C)CCCN1c2ccccc2Sc2ccc(Cl)cc21,CHEMBL71,Vdss,L.kg-1,21.0,Vdss,l kg-1,21.0,volume_distribution,VDss,(L/kg|L),ChEMBL
A,CCCCCc1cc(O)c2c(c1)OC(C)(C)[C@@H]1CCC(C)=C[C@@H]21,CHEMBL465,Vdss,L.kg-1,9.8,Vdss,l kg-1,9.8,volume_distribution,VDss,(L/kg|L),ChEMBL
A,COc1cc(Cc2cnc(N)nc2N)cc(OC)c1OC,CHEMBL22,Vdss,L.kg-1,1.6,Vdss,l kg-1,1.6,volume_distribution,VDss,(L/kg|L),ChEMBL
A,CN1CCCC(n2nc(Cc3ccc(Cl)cc3)c3ccccc3c2=O)CC1,CHEMBL639,Vdss,L.kg-1,15.0,Vdss,l kg-1,15.0,volume_distribution,VDss,(L/kg|L),ChEMBL
A,CNCCCN1c2ccccc2CCc2ccccc21,CHEMBL72,Vdss,L.kg-1,20.0,Vdss,l kg-1,20.0,volume_distribution,VDss,(L/kg|L),ChEMBL
A,OC(Cn1cncn1)(Cn1cncn1)c1ccc(F)cc1F,CHEMBL106,Vdss,L.kg-1,0.6,Vdss,l kg-1,0.6,volume_distribution,VDss,(L/kg|L),ChEMBL
A,C[C@]1(C(=O)N[C@@H](Cc2ccccc2)C(=O)O)CCCN1S(=O)(=O)c1cc(Cl)cc(Cl)c1,CHEMBL433694,Vdss,L.kg-1,3.5,Vdss,l kg-1,3.5,volume_distribution,VDss,(L/kg|L),ChEMBL
A,COc1cc2c(c(OC)c1OC)-c1ccc(OC)c(=O)cc1[C@@H](NC(C)=O)CC2,CHEMBL107,Vdss,L.kg-1,4.2,Vdss,l kg-1,4.2,volume_distribution,VDss,(L/kg|L),ChEMBL
A,COCCN(C)CCOc1ccc2[nH]c(-c3cc4ccccc4nc3O)cc2c1,CHEMBL118569,Vdss,L.kg-1,5.0,Vss,l kg-1,5.0,volume_distribution,VDss,(L/kg|L),ChEMBL
A,C[C@@]1(C(=O)N[C@@H](Cc2ccc(OC(F)(F)F)cc2)C(=O)O)CCCN1S(=O)(=O)c1cc(Cl)cc(Cl)c1,CHEMBL155800,Vdss,L.kg-1,1.4,Vdss,l kg-1,1.4,volume_distribution,VDss,(L/kg|L),ChEMBL
A,CCN(CC)CCNC(=O)c1cc(Cl)c(N)cc1OC,CHEMBL86,Vdss,L.kg-1,3.4,Vdss,l kg-1,3.4,volume_distribution,VDss,(L/kg|L),ChEMBL
A,Cc1cccc(C)c1OCC(C)N,CHEMBL558,Vdss,L.kg-1,4.9,Vdss,l kg-1,4.9,volume_distribution,VDss,(L/kg|L),ChEMBL
A,COC(=O)[C@H]1[C@@H](OC(=O)c2ccccc2)C[C@@H]2CC[C@H]1N2C,CHEMBL370805,Vdss,L.kg-1,2.0,Vdss,l kg-1,2.0,volume_distribution,VDss,(L/kg|L),ChEMBL
A,C[C@@]1(C(=O)N[C@H](Cc2ccccc2)C(=O)O)CCCN1S(=O)(=O)c1cc(Cl)cc(Cl)c1,CHEMBL157147,Vdss,L.kg-1,2.0,Vdss,l kg-1,2.0,volume_distribution,VDss,(L/kg|L),ChEMBL
A,Oc1ncnc2[nH]ncc12,CHEMBL1467,Vdss,L.kg-1,0.6,Vdss,l kg-1,0.6,volume_distribution,VDss,(L/kg|L),ChEMBL
A,Nn1c2ccc(F)cc2c2c3c(c4c5cc(F)ccc5[nH]c4c21)C(=O)NC3=O,CHEMBL296359,Vdss,L.kg-1,0.46,Vds,l kg-1,0.46,volume_distribution,VDss,(L/kg|L),ChEMBL
A,CCN(CC)CC(=O)Nc1c(C)cccc1C,CHEMBL79,Vdss,L.kg-1,1.1,Vdss,l kg-1,1.1,volume_distribution,VDss,(L/kg|L),ChEMBL
A,CCC(=O)N(c1ccccc1)C1CCN(CCc2ccccc2)CC1,CHEMBL596,Vdss,L.kg-1,4.0,Vdss,l kg-1,4.0,volume_distribution,VDss,(L/kg|L),ChEMBL
A,CN1C(=O)C(O)N=C(c2ccccc2Cl)c2cc(Cl)ccc21,CHEMBL22097,Vdss,L.kg-1,6.8,Vdss,l kg-1,6.8,volume_distribution,VDss,(L/kg|L),ChEMBL
A,Cc1ncc([N+](=O)[O-])n1CCO,CHEMBL137,Vdss,L.kg-1,0.74,Vdss,l kg-1,0.74,volume_distribution,VDss,(L/kg|L),ChEMBL
A,COC(=O)C1=C(C)NC(C)=C(C(=O)OC)C1c1ccccc1[N+](=O)[O-],CHEMBL193,Vdss,L.kg-1,0.78,Vdss,l kg-1,0.78,volume_distribution,VDss,(L/kg|L),ChEMBL
A,CC(=O)CCCCn1c(=O)c2c(ncn2C)n(C)c1=O,CHEMBL628,Vdss,L.kg-1,4.2,Vdss,l kg-1,4.2,volume_distribution,VDss,(L/kg|L),ChEMBL
A,C=CCc1ccccc1OCC(O)CNC(C)C,CHEMBL266195,Vdss,L.kg-1,3.4,Vdss,l kg-1,3.4,volume_distribution,VDss,(L/kg|L),ChEMBL
A,O=C(CCCN1CCC(O)(c2ccc(Cl)cc2)CC1)c1ccc(F)cc1,CHEMBL54,Vdss,L.kg-1,18.0,Vdss,l kg-1,18.0,volume_distribution,VDss,(L/kg|L),ChEMBL
A,N=C(N)NC(=O)c1cnn(-c2cccc3ncccc23)c1C1CC1,CHEMBL355862,Vdss,L.kg-1,7.2,Vdss,l kg-1,7.2,volume_distribution,VDss,(L/kg|L),ChEMBL
A,N=C(N)NC(=O)c1cnn(-c2cccc3ncccc23)c1C1CC1,CHEMBL355862,Vdss,L.kg-1,2.3,Vdss,l kg-1,2.3,volume_distribution,VDss,(L/kg|L),ChEMBL
A,CCCC(=O)Nc1ccc(OCC(O)CNC(C)C)c(C(C)=O)c1,CHEMBL642,Vdss,L.kg-1,1.2,Vdss,l kg-1,1.2,volume_distribution,VDss,(L/kg|L),ChEMBL
A,COc1ccc([C@@H]2Sc3ccccc3N(CCN(C)C)C(=O)[C@@H]2OC(C)=O)cc1,CHEMBL23,Vdss,L.kg-1,3.1,Vdss,l kg-1,3.1,volume_distribution,VDss,(L/kg|L),ChEMBL
A,C[C@@]1(C(=O)N[C@@H](Cc2ccccc2)C(=O)O)CCCN1S(=O)(=O)c1cc(Cl)cc(Cl)c1,CHEMBL349096,Vdss,L.kg-1,1.25,Vdss,l kg-1,1.25,volume_distribution,VDss,(L/kg|L),ChEMBL
A,C[C@@]1(C(=O)N[C@@H](Cc2ccccc2)C(=O)O)CCCN1S(=O)(=O)c1cc(Cl)cc(Cl)c1,CHEMBL349096,Vdss,L.kg-1,1.25,Vdss,l kg-1,1.25,volume_distribution,VDss,(L/kg|L),ChEMBL
A,C[C@@]1(C(=O)N[C@@H](Cc2ccccc2)C(=O)O)CCCN1S(=O)(=O)c1cc(Cl)cc(Cl)c1,CHEMBL349096,Vdss,L.kg-1,2.6,Vdss,l kg-1,2.6,volume_distribution,VDss,(L/kg|L),ChEMBL
A,C[C@@]1(C(=O)N[C@@H](Cc2ccccc2)C(=O)O)CCCN1S(=O)(=O)c1cc(Cl)cc(Cl)c1,CHEMBL349096,Vdss,L.kg-1,2.6,Vdss,l kg-1,2.6,volume_distribution,VDss,(L/kg|L),ChEMBL
A,C[C@@]1(C(=O)N[C@@H](Cc2ccccc2)C(=O)O)CCCN1S(=O)(=O)c1cc(Cl)cc(Cl)c1,CHEMBL349096,Vdss,L.kg-1,2.7,Vdss,l kg-1,2.7,volume_distribution,VDss,(L/kg|L),ChEMBL
A,C[C@@]1(C(=O)N[C@@H](Cc2ccccc2)C(=O)O)CCCN1S(=O)(=O)c1cc(Cl)cc(Cl)c1,CHEMBL349096,Vdss,L.kg-1,2.7,Vdss,l kg-1,2.7,volume_distribution,VDss,(L/kg|L),ChEMBL
A,C[C@@]1(C(=O)N[C@@H](Cc2ccccc2)C(=O)O)CCCN1S(=O)(=O)c1cc(Cl)cc(Cl)c1,CHEMBL349096,Vdss,L.kg-1,4.2,Vdss,l kg-1,4.2,volume_distribution,VDss,(L/kg|L),ChEMBL
A,C[C@@]1(C(=O)N[C@@H](Cc2ccccc2)C(=O)O)CCCN1S(=O)(=O)c1cc(Cl)cc(Cl)c1,CHEMBL349096,Vdss,L.kg-1,4.2,Vdss,l kg-1,4.2,volume_distribution,VDss,(L/kg|L),ChEMBL
A,CCC(C)n1ncn(-c2ccc(N3CCN(c4ccc(OCC5COC(Cn6cncn6)(c6ccc(Cl)cc6Cl)O5)cc4)CC3)cc2)c1=O,CHEMBL64391,Vdss,L.kg-1,3.9,Vdss,l kg-1,3.9,volume_distribution,VDss,(L/kg|L),ChEMBL
A,CN1CC[C@]23c4c5ccc(O)c4O[C@H]2[C@@H](O)C=C[C@H]3[C@H]1C5,CHEMBL70,Vdss,L.kg-1,3.3,Vdss,l kg-1,3.3,volume_distribution,VDss,(L/kg|L),ChEMBL
A,Clc1cccc(Cl)c1NC1=NCCN1,CHEMBL134,Vdss,L.kg-1,2.1,Vdss,l kg-1,2.1,volume_distribution,VDss,(L/kg|L),ChEMBL
A,CN(C)CCC(c1ccc(Cl)cc1)c1ccccn1,CHEMBL505,Vdss,L.kg-1,3.2,Vdss,l kg-1,3.2,volume_distribution,VDss,(L/kg|L),ChEMBL
A,CN1CCN(C2=Nc3cc(Cl)ccc3Nc3ccccc32)CC1,CHEMBL42,Vdss,L.kg-1,5.4,Vdss,l kg-1,5.4,volume_distribution,VDss,(L/kg|L),ChEMBL
A,C[C@]12CC[C@@H]3c4ccc(O)cc4CC[C@H]3[C@@H]1CC[C@@H]2O,CHEMBL135,Vdss,L.kg-1,1.2,Vdss,l kg-1,1.2,volume_distribution,VDss,(L/kg|L),ChEMBL
A,CN1CCN(S(=O)(=O)c2ccc3[nH]c(-c4cc5ccccc5nc4O)cc3c2)CC1,CHEMBL117983,Vdss,L.kg-1,0.9,Vss,l kg-1,0.9,volume_distribution,VDss,(L/kg|L),ChEMBL
A,CN1CCN(S(=O)(=O)c2ccc3[nH]c(-c4cc5ccccc5nc4O)cc3c2)CC1,CHEMBL117983,Vdss,L.kg-1,0.3,Vss,l kg-1,0.3,volume_distribution,VDss,(L/kg|L),ChEMBL
A,CN1CCN(S(=O)(=O)c2ccc3[nH]c(-c4cc5ccccc5nc4O)cc3c2)CC1,CHEMBL117983,Vdss,L.kg-1,2.1,Vss,l kg-1,2.1,volume_distribution,VDss,(L/kg|L),ChEMBL
A,CNC(=C[N+](=O)[O-])NCCSCc1ccc(CN(C)C)o1,CHEMBL1790041,Vdss,L.kg-1,1.3,Vdss,l kg-1,1.3,volume_distribution,VDss,(L/kg|L),ChEMBL
A,CC(C)(C)NCC(O)c1cc(O)cc(O)c1,CHEMBL1760,Vdss,L.kg-1,1.8,Vdss,l kg-1,1.8,volume_distribution,VDss,(L/kg|L),ChEMBL
A,O=C(O)[C@H](Cc1ccccc1)NC(=O)[C@@H]1CCCN1S(=O)(=O)c1cc(Cl)cc(Cl)c1,CHEMBL347903,Vdss,L.kg-1,0.56,Vdss,l kg-1,0.56,volume_distribution,VDss,(L/kg|L),ChEMBL
A,COCCc1ccc(OCC(O)CNC(C)C)cc1,CHEMBL13,Vdss,L.kg-1,4.2,Vdss,l kg-1,4.2,volume_distribution,VDss,(L/kg|L),ChEMBL
A,CC(=O)O[C@H]1C(=O)[C@@]2(C)[C@H]([C@H](OC(=O)c3ccccc3)[C@]3(O)C[C@H](OC(=O)[C@H](O)[C@@H](NC(=O)c4ccccc4)c4ccccc4)C(C)=C1C3(C)C)[C@]1(OC(C)=O)CO[C@@H]1C[C@@H]2O,CHEMBL428647,Vdss,L.kg-1,2.4,Vdss,l kg-1,2.4,volume_distribution,VDss,(L/kg|L),ChEMBL
A,Cc1ccc(O)c([C@H](CCN(C(C)C)C(C)C)c2ccccc2)c1,CHEMBL1382,Vdss,L.kg-1,1.3,Vdss,l kg-1,1.3,volume_distribution,VDss,(L/kg|L),ChEMBL
A,O=C(N[C@H](CO)[C@H](O)c1ccc([N+](=O)[O-])cc1)C(Cl)Cl,CHEMBL130,Vdss,L.kg-1,0.94,Vdss,l kg-1,0.94,volume_distribution,VDss,(L/kg|L),ChEMBL
A,CCN(CC)CCNC(=O)c1ccc(N)cc1,CHEMBL640,Vdss,L.kg-1,1.9,Vdss,l kg-1,1.9,volume_distribution,VDss,(L/kg|L),ChEMBL
A,N=C(N)NC(=O)[C@H]1C[C@@H]1c1cc(Cl)ccc1Cl,CHEMBL110578,Vdss,L.kg-1,21.0,VSS,l kg-1,21.0,volume_distribution,VDss,(L/kg|L),ChEMBL
A,N=C(N)NC(=O)[C@H]1C[C@@H]1c1cccc2c1CCO2,CHEMBL114393,Vdss,L.kg-1,6.0,VSS,l kg-1,6.0,volume_distribution,VDss,(L/kg|L),ChEMBL
A,,CHEMBL611729,Vdss,L.kg-1,0.32,Vdss,l kg-1,0.32,volume_distribution,VDss,(L/kg|L),ChEMBL
A,,CHEMBL611730,Vdss,L.kg-1,0.32,Vdss,l kg-1,0.32,volume_distribution,VDss,(L/kg|L),ChEMBL
A,CC(C)(C)c1cnc(CSc2cnc(NC(=O)Cc3ccc(CNC(CO)CO)cc3)s2)o1,CHEMBL300936,Vdss,L.kg-1,6.9,Vss,l kg-1,6.9,volume_distribution,VDss,(L/kg|L),ChEMBL
A,NC[C@@H]1CN[C@@H](C(=O)N[C@H](CCc2ccccc2)C(=O)Nc2ccc3ncccc3c2)C1,CHEMBL329463,Vdss,L.kg-1,0.5,Vss,l kg-1,0.5,volume_distribution,VDss,(L/kg|L),ChEMBL
A,,CHEMBL359547,Vdss,L.kg-1,0.62,Vdss,l kg-1,0.62,volume_distribution,VDss,(L/kg|L),ChEMBL
A,COc1ccc(N(C(=O)CN2C(=O)C(C)(Cc3nn(C)c4ccccc34)C(=O)N(c3ccccc3)c3ccccc32)C(C)C)cc1,CHEMBL316104,Vdss,L.kg-1,11.05,Vss,ml kg-1,11050.0,volume_distribution,VDss,(L/kg|L),ChEMBL
A,COc1ccc(N(C(=O)CN2C(=O)C(Cc3n[nH]c4ccccc34)C(=O)N(c3ccccc3)c3ccccc32)C(C)C)cc1,CHEMBL293226,Vdss,L.kg-1,5.175,Vss,ml kg-1,5175.0,volume_distribution,VDss,(L/kg|L),ChEMBL
A,CC1(C)[C@H](C(=O)N=C(N)N)[C@H]1c1cc(Cl)ccc1Cl,CHEMBL113443,Vdss,L.kg-1,23.0,VSS,l kg-1,23.0,volume_distribution,VDss,(L/kg|L),ChEMBL
A,,CHEMBL175670,Vdss,L.kg-1,0.44,Vdss,l kg-1,0.44,volume_distribution,VDss,(L/kg|L),ChEMBL
A,O=C(O)CN(CC(=O)N[C@@H](Cc1ccc(OCc2c(Cl)cccc2Cl)cc1)C(=O)O)S(=O)(=O)c1ccccc1,CHEMBL339778,Vdss,L.kg-1,0.303,Vdss,l kg-1,0.303,volume_distribution,VDss,(L/kg|L),ChEMBL
A,CC1(C)[C@H](C(=O)N=C(N)N)[C@H]1c1cccc2c1CCO2,CHEMBL51879,Vdss,L.kg-1,8.6,VSS,l kg-1,8.6,volume_distribution,VDss,(L/kg|L),ChEMBL
A,,CHEMBL361599,Vdss,L.kg-1,0.28,Vdss,l kg-1,0.28,volume_distribution,VDss,(L/kg|L),ChEMBL
A,COc1ccc(N(C(=O)CN2C(=O)C(Cc3n[nH]c4ccccc34)(OC)C(=O)N(c3ccccc3)c3ccccc32)C(C)C)cc1,CHEMBL327815,Vdss,L.kg-1,7.63,Vss,ml kg-1,7630.0,volume_distribution,VDss,(L/kg|L),ChEMBL
A,,CHEMBL176086,Vdss,L.kg-1,0.24,Vdss,l kg-1,0.24,volume_distribution,VDss,(L/kg|L),ChEMBL
A,COc1ccc(N(C(=O)CN2C(=O)C(C)(Cc3n[nH]c4ccccc34)C(=O)N(c3ccccc3)c3ccccc32)C(C)C)cc1,CHEMBL88629,Vdss,L.kg-1,4.313,Vss,ml kg-1,4313.0,volume_distribution,VDss,(L/kg|L),ChEMBL
A,OCC1CC(F)C(n2cnc3c(O)ncnc32)O1,CHEMBL42572,Vdss,L.kg-1,14.5,Vss,l kg-1,14.5,volume_distribution,VDss,(L/kg|L),ChEMBL
A,O=c1cc(-c2ccc3c(c2)ncn3-c2ccccc2)ccn1CCCN1CCCCC1,CHEMBL82433,Vdss,L.kg-1,3.9,Vdss,l kg-1,3.9,volume_distribution,VDss,(L/kg|L),ChEMBL
A,O=c1cc(-c2ccc3c(c2)ncn3-c2ccccc2)ccn1CCCN1CCCCC1,CHEMBL82433,Vdss,L.kg-1,7.9,Vdss,l kg-1,7.9,volume_distribution,VDss,(L/kg|L),ChEMBL
A,c1ccc(-n2cnc3cc(-c4ccc(OCCN5CCCCC5)cc4)ccc32)cc1,CHEMBL83279,Vdss,L.kg-1,1.9,Vdss,l kg-1,1.9,volume_distribution,VDss,(L/kg|L),ChEMBL
A,c1ccc(-n2cnc3cc(-c4ccc(OCCN5CCCCC5)cc4)ccc32)cc1,CHEMBL83279,Vdss,L.kg-1,3.1,Vdss,l kg-1,3.1,volume_distribution,VDss,(L/kg|L),ChEMBL
A,OCC1CC(F)C(n2cnc3cncnc32)O1,CHEMBL42493,Vdss,L.kg-1,2.32,Vss,l kg-1,2.32,volume_distribution,VDss,(L/kg|L),ChEMBL
A,OCC1CC(F)C(n2cnc3cncnc32)O1,CHEMBL42493,Vdss,L.kg-1,1.12,Vss,l kg-1,1.12,volume_distribution,VDss,(L/kg|L),ChEMBL
A,Cc1ccccc1COc1ccc(S(=O)(=O)N2CCN[C@@H](C)[C@@H]2C(=O)NO)cc1,CHEMBL112232,Vdss,L.kg-1,1.1,Vdss,l kg-1,1.1,volume_distribution,VDss,(L/kg|L),ChEMBL
A,NCc1cccc(-n2nc(C(F)(F)F)cc2C(=O)Nc2ccc(-c3ccccc3S(N)(=O)=O)cc2F)c1,CHEMBL154680,Vdss,L.kg-1,0.34,Vdss,l kg-1,0.34,volume_distribution,VDss,(L/kg|L),ChEMBL
A,CS(=O)(=O)c1ccccc1-c1ccc(NC(=O)c2cc(C(F)(F)F)nn2-c2cccc(CN)c2)cc1,CHEMBL153946,Vdss,L.kg-1,5.82,Vdss,l kg-1,5.82,volume_distribution,VDss,(L/kg|L),ChEMBL
A,O=C(NO)[C@H]1CCCS(=O)(=O)N1Cc1ccc(-c2ccncc2)cc1,CHEMBL322433,Vdss,L.kg-1,7.3,Vss,l kg-1,7.3,volume_distribution,VDss,(L/kg|L),ChEMBL
A,N=C(N)c1cccc(-n2nc(C(F)(F)F)cc2C(=O)Nc2ncc(-c3ccccc3S(N)(=O)=O)cn2)c1,CHEMBL346857,Vdss,L.kg-1,0.25,Vdss,l kg-1,0.25,volume_distribution,VDss,(L/kg|L),ChEMBL
A,Cc1cc(C(=O)Nc2ccc(-c3ccccc3S(C)(=O)=O)cc2F)n(-c2cccc(CN)c2)n1,CHEMBL422351,Vdss,L.kg-1,3.1,Vdss,l kg-1,3.1,volume_distribution,VDss,(L/kg|L),ChEMBL
A,Cc1ccccc1COc1ccc(S(=O)(=O)N2CCN(S(C)(=O)=O)[C@@H](C)[C@@H]2C(=O)NO)cc1,CHEMBL110901,Vdss,L.kg-1,2.1,Vdss,l kg-1,2.1,volume_distribution,VDss,(L/kg|L),ChEMBL
A,CS(=O)(=O)c1ccccc1-c1ccc(NC(=O)c2cc(C(F)(F)F)nn2-c2cccc(C(=N)N)c2)c(F)c1,CHEMBL358835,Vdss,L.kg-1,3.8,Vdss,l kg-1,3.8,volume_distribution,VDss,(L/kg|L),ChEMBL
A,Cc1cc(C(=O)Nc2ncc(-c3ccccc3S(N)(=O)=O)cn2)n(-c2cccc(C(=N)N)c2)n1,CHEMBL421808,Vdss,L.kg-1,0.2,Vdss,l kg-1,0.2,volume_distribution,VDss,(L/kg|L),ChEMBL
A,Cc1cc(C(=O)Nc2ccc(-c3ccccc3S(C)(=O)=O)cc2)n(-c2cccc(CN)c2)n1,CHEMBL156775,Vdss,L.kg-1,3.62,Vdss,l kg-1,3.62,volume_distribution,VDss,(L/kg|L),ChEMBL
A,Cc1cc(C(=O)Nc2ccc(-c3ccccc3S(N)(=O)=O)cn2)n(-c2cccc(C(=N)N)c2)n1,CHEMBL154322,Vdss,L.kg-1,0.21,Vdss,l kg-1,0.21,volume_distribution,VDss,(L/kg|L),ChEMBL
A,Cc1cc(C(=O)Nc2ccc(-c3ccccc3C(F)(F)F)cc2)n(-c2cccc(C(=N)N)c2)n1,CHEMBL154512,Vdss,L.kg-1,0.47,Vdss,l kg-1,0.47,volume_distribution,VDss,(L/kg|L),ChEMBL
A,NCc1cccc(-n2nc(C(F)(F)F)cc2C(=O)Nc2ccc(-c3ccccc3S(N)(=O)=O)cc2)c1,CHEMBL154504,Vdss,L.kg-1,4.36,Vdss,l kg-1,4.36,volume_distribution,VDss,(L/kg|L),ChEMBL
A,C[C@H](Sc1nc(N)cc(Cl)n1)c1cc2ccoc2cn1,CHEMBL280541,Vdss,L.kg-1,0.55,Vss,l kg-1,0.55,volume_distribution,VDss,(L/kg|L),ChEMBL
A,Cc1cc(C(=O)Nc2ccc(-c3ccccc3S(N)(=O)=O)cc2)n(-c2cccc(CN)c2)n1,CHEMBL134736,Vdss,L.kg-1,1.9,Vdss,l kg-1,1.9,volume_distribution,VDss,(L/kg|L),ChEMBL
A,CS(=O)(=O)c1ccccc1-c1ccc(NC(=O)c2cc(C(F)(F)F)nn2-c2cccc(CN)c2)c(F)c1.Cl,CHEMBL559015,Vdss,L.kg-1,0.9,Vdss,l kg-1,0.9,volume_distribution,VDss,(L/kg|L),ChEMBL
A,CC(=O)N1CCN(S(=O)(=O)c2ccc(OCc3ccccc3C)cc2)[C@@H](C(=O)NO)[C@@H]1C,CHEMBL110576,Vdss,L.kg-1,0.6,Vdss,l kg-1,0.6,volume_distribution,VDss,(L/kg|L),ChEMBL
A,Cc1cc(C(=O)Nc2ccc(-c3ccccc3S(N)(=O)=O)cc2)n(-c2cccc(C(=N)N)c2)n1.O=C(O)C(F)(F)F,CHEMBL152854,Vdss,L.kg-1,0.29,Vdss,l kg-1,0.29,volume_distribution,VDss,(L/kg|L),ChEMBL
A,O=c1c2c(oc(O)c1C(c1ccccc1)C1CC1)CCCCCC2,CHEMBL16584,Vdss,L.kg-1,0.25,Vss,l kg-1,0.25,volume_distribution,VDss,(L/kg|L),ChEMBL
A,Cc1cc(C(=O)Nc2ccc(-c3ccccc3S(N)(=O)=O)cc2F)n(-c2cccc(CN)c2)n1,CHEMBL154572,Vdss,L.kg-1,0.6,Vdss,l kg-1,0.6,volume_distribution,VDss,(L/kg|L),ChEMBL
A,CCn1nc(Cc2ccccc2)cc1C1CCN(C[C@H]2CN([C@@H](C(=O)O)C3CCC3)C[C@@H]2c2ccccc2)CC1,CHEMBL352514,Vdss,L.kg-1,1.0,Vdss,l kg-1,1.0,volume_distribution,VDss,(L/kg|L),ChEMBL
A,Cc1cc(COc2ccc([C@]3(C)CCN([C@H](C)C(=O)NO)C3=O)cc2)c2ccccc2n1,CHEMBL148169,Vdss,L.kg-1,2.0,Vss,l kg-1,2.0,volume_distribution,VDss,(L/kg|L),ChEMBL
A,Cc1cc(COc2ccc([C@]3(C)CCN([C@H](C)C(=O)NO)C3=O)cc2)c2ccccc2n1,CHEMBL148169,Vdss,L.kg-1,0.93,Vss,l kg-1,0.93,volume_distribution,VDss,(L/kg|L),ChEMBL
A,CCn1nc(Cc2ccccc2)cc1C1CCN(C[C@H]2CN([C@@H](C(=O)O)C3CCCCC3)C[C@@H]2c2cccc(F)c2)CC1,CHEMBL353330,Vdss,L.kg-1,3.9,Vdss,l kg-1,3.9,volume_distribution,VDss,(L/kg|L),ChEMBL
A,CCn1nc(Cc2ccccc2)cc1C1CCN(C[C@H]2CN([C@](C)(C(=O)O)C(C)C)C[C@@H]2c2cccc(F)c2)CC1,CHEMBL368637,Vdss,L.kg-1,0.43,Vdss,l kg-1,0.43,volume_distribution,VDss,(L/kg|L),ChEMBL
A,CCn1nc(Cc2ccccc2)cc1C1CCN(C[C@H]2CN([C@@H](C(=O)O)C3CCCCC3)C[C@@H]2c2ccccc2)CC1,CHEMBL353331,Vdss,L.kg-1,3.4,Vdss,l kg-1,3.4,volume_distribution,VDss,(L/kg|L),ChEMBL
A,CCn1nc(Cc2ccccc2)cc1C1CCN(C[C@H]2CN([C@@H](C(=O)O)C(C)C)C[C@@H]2c2cccc(F)c2)CC1,CHEMBL174304,Vdss,L.kg-1,0.28,Vdss,l kg-1,0.28,volume_distribution,VDss,(L/kg|L),ChEMBL
A,CCn1nc(Cc2ccccc2)cc1C1CCN(C[C@H]2CN([C@@H](C(=O)O)C(C)C)C[C@@H]2c2cccc(F)c2)CC1,CHEMBL174304,Vdss,L.kg-1,0.61,Vdss,l kg-1,0.61,volume_distribution,VDss,(L/kg|L),ChEMBL
A,CCn1nc(Cc2ccccc2)cc1C1CCN(C[C@H]2CN([C@@H](C(=O)O)C(C)C)C[C@@H]2c2cccc(F)c2)CC1,CHEMBL174304,Vdss,L.kg-1,1.2,Vdss,l kg-1,1.2,volume_distribution,VDss,(L/kg|L),ChEMBL
A,CCn1nc(Cc2ccccc2)cc1C1CCN(C[C@H]2CN([C@@H](C(=O)O)C(C)C)C[C@@H]2c2ccccc2)CC1,CHEMBL172551,Vdss,L.kg-1,0.5,Vdss,l kg-1,0.5,volume_distribution,VDss,(L/kg|L),ChEMBL
A,CC[C@@H](C)[C@H](C(=O)O)N1C[C@H](CN2CCC(c3cc(Cc4ccccc4)nn3CC)CC2)[C@@H](c2cccc(F)c2)C1,CHEMBL435538,Vdss,L.kg-1,0.64,Vdss,l kg-1,0.64,volume_distribution,VDss,(L/kg|L),ChEMBL
A,CCn1nc(Cc2ccccc2)cc1C1CCN(C[C@H]2CN([C@@H](C(=O)O)C(C)(C)C)C[C@@H]2c2cccc(F)c2)CC1,CHEMBL172854,Vdss,L.kg-1,0.24,Vdss,l kg-1,0.24,volume_distribution,VDss,(L/kg|L),ChEMBL
A,CCn1nc(Cc2ccccc2)cc1C1CCN(C[C@H]2CN([C@@H](C(=O)O)C(C)(C)C)C[C@@H]2c2cccc(F)c2)CC1,CHEMBL172854,Vdss,L.kg-1,0.5,Vdss,l kg-1,0.5,volume_distribution,VDss,(L/kg|L),ChEMBL
A,CCC(CC)[C@H](C(=O)O)N1C[C@H](CN2CCC(c3cc(Cc4ccccc4)nn3CC)CC2)[C@@H](c2cccc(F)c2)C1,CHEMBL435727,Vdss,L.kg-1,0.49,Vdss,l kg-1,0.49,volume_distribution,VDss,(L/kg|L),ChEMBL
A,CCn1nc(Cc2ccccc2)cc1C1CCN(C[C@H]2CN([C@H](CC3CCC3)C(=O)O)C[C@@H]2c2cccc(F)c2)CC1,CHEMBL173095,Vdss,L.kg-1,1.4,Vdss,l kg-1,1.4,volume_distribution,VDss,(L/kg|L),ChEMBL
A,CCn1nc(Cc2ccccc2)cc1C1CCN(C[C@H]2CN([C@H](CC(C)C)C(=O)O)C[C@@H]2c2ccccc2)CC1,CHEMBL170892,Vdss,L.kg-1,2.1,Vdss,l kg-1,2.1,volume_distribution,VDss,(L/kg|L),ChEMBL
A,CCn1nc(Cc2ccccc2)cc1C1CCN(C[C@H]2CN([C@H](CC3CC3)C(=O)O)C[C@@H]2c2cccc(F)c2)CC1,CHEMBL175327,Vdss,L.kg-1,1.2,Vdss,l kg-1,1.2,volume_distribution,VDss,(L/kg|L),ChEMBL
A,CCC[C@H](C)n1c(CC)nc2c(-c3ccc(OC(F)(F)F)cc3Cl)nccc21,CHEMBL422223,Vdss,L.kg-1,19.1,Vss,l kg-1,19.1,volume_distribution,VDss,(L/kg|L),ChEMBL
A,CS(=O)(=O)c1ccc(-c2ccccc2-c2ccccc2)cc1,CHEMBL101503,Vdss,L.kg-1,3.08,Vss,l kg-1,3.08,volume_distribution,VDss,(L/kg|L),ChEMBL
A,Cc1cc(-c2ccc(S(C)(=O)=O)cc2)c(-c2ccc(F)cc2)s1,CHEMBL99828,Vdss,L.kg-1,16.8,Vss,l kg-1,16.8,volume_distribution,VDss,(L/kg|L),ChEMBL
A,CS(=O)(=O)c1ccc(-c2cc(Br)sc2-c2ccc(F)cc2)cc1,CHEMBL42485,Vdss,L.kg-1,6.3,Vss,l kg-1,6.3,volume_distribution,VDss,(L/kg|L),ChEMBL
A,c1ccc(-c2ccsc2-c2ccccc2)cc1,CHEMBL318678,Vdss,L.kg-1,19.6,Vss,l kg-1,19.6,volume_distribution,VDss,(L/kg|L),ChEMBL
A,CS(=O)(=O)c1ccc(-c2ccsc2-c2ccc(F)cc2)cc1,CHEMBL305060,Vdss,L.kg-1,19.0,Vss,l kg-1,19.0,volume_distribution,VDss,(L/kg|L),ChEMBL
A,CCc1cc(-c2cc(NC(=O)C3Cc4ccc5ccccc5c4C3)[nH]n2)ccn1,CHEMBL422012,Vdss,L.kg-1,0.62,Vdss,l kg-1,0.62,volume_distribution,VDss,(L/kg|L),ChEMBL
A,CC(=O)NC[C@H]1CN(c2ccc3c(c2)C[C@@H](C)N3C=O)C(=O)O1,CHEMBL135125,Vdss,L.kg-1,1.27,Vss,l kg-1,1.27,volume_distribution,VDss,(L/kg|L),ChEMBL
A,C/C(S)=N/C[C@H]1CN(c2ccc3c(c2)C[C@@H](C)N3C=O)C(=O)O1,CHEMBL134844,Vdss,L.kg-1,0.64,Vss,l kg-1,0.64,volume_distribution,VDss,(L/kg|L),ChEMBL
A,COc1ccccc1N1CCN(C(=O)CCc2c(-c3ccc(Br)cc3)[nH]c3ccc(C)cc23)CC1,CHEMBL21815,Vdss,L.kg-1,9.5,Vss,l kg-1,9.5,volume_distribution,VDss,(L/kg|L),ChEMBL
A,CCN(C(=O)OCc1ccccc1)C1CCN(C[C@H]2CN(C(=O)c3ccccc3Cl)C[C@@H]2c2ccccc2)CC1,CHEMBL93851,Vdss,L.kg-1,0.8,Vdss,l kg-1,0.8,volume_distribution,VDss,(L/kg|L),ChEMBL
A,CCN(C(=O)OCc1ccccc1)C1CCN(C[C@H]2CN(C(=O)c3ccccc3Cl)C[C@@H]2c2ccccc2)CC1,CHEMBL93851,Vdss,L.kg-1,1.0,Vdss,l kg-1,1.0,volume_distribution,VDss,(L/kg|L),ChEMBL
A,CCCC[C@H](NC(=O)OC(C(C)C)C(C)C)C(=O)C(=O)NCc1ccno1,CHEMBL421544,Vdss,L.kg-1,1.2,Vsss,ml kg-1,1200.0,volume_distribution,VDss,(L/kg|L),ChEMBL
A,CNC(=O)NCCCC[C@H](NC(=O)OC(C(C)C)C(C)C)C(=O)C(=O)N[C@H](C)c1ccccc1,CHEMBL87684,Vdss,L.kg-1,1.5,Vsss,ml kg-1,1500.0,volume_distribution,VDss,(L/kg|L),ChEMBL
A,CC(=O)NC[C@H]1CN(c2ccc3c(c2)C[C@@H](C)N3C(=O)CO)C(=O)O1,CHEMBL335279,Vdss,L.kg-1,1.28,Vss,l kg-1,1.28,volume_distribution,VDss,(L/kg|L),ChEMBL
A,N#Cc1ccc2c(c1)CN(S(=O)(=O)c1cccs1)[C@H](Cc1ccccc1)CN2Cc1c[nH]cn1,CHEMBL351706,Vdss,L.kg-1,1.4,Vss,l kg-1,1.4,volume_distribution,VDss,(L/kg|L),ChEMBL
A,Cc1cn(Cc2ccccc2)c2cc(C(=O)Nc3c(Cl)c[n+]([O-])cc3Cl)ccc12,CHEMBL102741,Vdss,L.kg-1,0.9,Vdss,l kg-1,0.9,volume_distribution,VDss,(L/kg|L),ChEMBL
A,C=CCN(C(=O)OCc1ccc([N+](=O)[O-])cc1)C1CCN(CC[C@](C)(CN(C)S(=O)(=O)c2ccccc2)c2ccccc2)CC1,CHEMBL93139,Vdss,L.kg-1,2.2,Vdss,l kg-1,2.2,volume_distribution,VDss,(L/kg|L),ChEMBL
A,C=CCN(C(=O)OCc1ccc([N+](=O)[O-])cc1)C1CCN(CC[C@](C)(CN(C)S(=O)(=O)c2ccccc2)c2ccccc2)CC1,CHEMBL93139,Vdss,L.kg-1,14.1,Vdss,l kg-1,14.1,volume_distribution,VDss,(L/kg|L),ChEMBL
A,CCCC[C@H](NC(=O)OC(C(C)C)C(C)C)C(=O)C(=O)N[C@H]1CCCNC1=O,CHEMBL86088,Vdss,L.kg-1,1.6,Vsss,ml kg-1,1600.0,volume_distribution,VDss,(L/kg|L),ChEMBL
A,CCCC[C@H](NC(=O)OC(C(C)C)C(C)C)C(=O)C(=O)NCc1ccccn1,CHEMBL446669,Vdss,L.kg-1,0.24,Vsss,ml kg-1,240.0,volume_distribution,VDss,(L/kg|L),ChEMBL
A,Cc1cn(CC2CCCCC2)c2cc(C(=O)Nc3c(Cl)c[n+]([O-])cc3Cl)ccc12,CHEMBL318586,Vdss,L.kg-1,1.7,Vdss,l kg-1,1.7,volume_distribution,VDss,(L/kg|L),ChEMBL
A,CCCC[C@H](NC(=O)OC(C(C)C)C(C)C)C(=O)C(=O)NCc1ccncc1,CHEMBL87332,Vdss,L.kg-1,0.09,Vsss,ml kg-1,90.0,volume_distribution,VDss,(L/kg|L),ChEMBL
A,CCCC[C@H](NC(=O)OC(C(C)C)C(C)C)C(=O)C(=O)NCc1cncs1,CHEMBL87961,Vdss,L.kg-1,1.3,Vsss,ml kg-1,1300.0,volume_distribution,VDss,(L/kg|L),ChEMBL
A,CC(=O)NC[C@H]1CN(c2ccc(N3CCOCC3)c(F)c2)C(=O)O1,CHEMBL126,Vdss,L.kg-1,0.72,Vss,l kg-1,0.72,volume_distribution,VDss,(L/kg|L),ChEMBL
A,C=CCN(C(=O)OCc1ccc([N+](=O)[O-])cc1)C1CCN(C[C@H]2CN(C(=O)c3ccccc3Cl)C[C@@H]2c2ccccc2)CC1,CHEMBL328297,Vdss,L.kg-1,1.7,Vdss,l kg-1,1.7,volume_distribution,VDss,(L/kg|L),ChEMBL
A,CCCC[C@H](NC(=O)OC(C(C)C)C(C)C)C(=O)C(=O)N[C@H](C)c1ccccc1,CHEMBL84691,Vdss,L.kg-1,1.9,Vsss,ml kg-1,1900.0,volume_distribution,VDss,(L/kg|L),ChEMBL
A,CCOC(=O)[C@]1(Cc2ccccc2)CCCN(C(=O)[C@@H](Cc2c[nH]c3ccccc23)NC(=O)C(C)(C)N)C1,CHEMBL79263,Vdss,L.kg-1,2.7,Vdss,l kg-1,2.7,volume_distribution,VDss,(L/kg|L),ChEMBL
A,CCOC(=O)[C@]1(Cc2ccccc2)CCCN(C(=O)[C@@H](Cc2c[nH]c3ccccc23)NC(=O)C(C)(C)N)C1,CHEMBL79263,Vdss,L.kg-1,1.3,Vdss,l kg-1,1.3,volume_distribution,VDss,(L/kg|L),ChEMBL
A,CCCC[C@H](NC(=O)OC(C(C)C)C(C)C)C(=O)C(=O)NCc1nnco1,CHEMBL445898,Vdss,L.kg-1,0.98,Vsss,ml kg-1,980.0,volume_distribution,VDss,(L/kg|L),ChEMBL
A,Cn1c(-c2ccc(Cl)cc2)c(CCC(=O)N2CCC(O)(Cc3ccccc3)CC2)c2cc(Cl)ccc21,CHEMBL280662,Vdss,L.kg-1,3.5,Vss,l kg-1,3.5,volume_distribution,VDss,(L/kg|L),ChEMBL
A,CS(=O)(=O)[O-].C[N+](C)(C)CCCC(=O)OCOc1ccc(Cl)cc1Cn1nc(-c2ccc(C(F)(F)F)cc2)oc1=O,CHEMBL297979,Vdss,L.kg-1,2.6,Vdss,l kg-1,2.6,volume_distribution,VDss,(L/kg|L),ChEMBL
A,Sc1nc(-c2cccnc2)nn1Cc1ccccc1,CHEMBL315771,Vdss,L.kg-1,1.3,Vss,l kg-1,1.3,volume_distribution,VDss,(L/kg|L),ChEMBL
A,CN1C(=O)CN=C(c2ccccc2)c2cc(Cl)ccc21,CHEMBL12,Vdss,L.kg-1,1.3,Vdss,l kg-1,1.3,volume_distribution,VDss,(L/kg|L),ChEMBL
A,O=C1Nc2ccc(Cl)cc2C(c2ccccc2)=NC1O,CHEMBL568,Vdss,L.kg-1,0.59,Vdss,l kg-1,0.59,volume_distribution,VDss,(L/kg|L),ChEMBL
A,Cn1cc(C(=O)O)c(=O)c2cc(F)c(N3CCN(c4ncccn4)CC3)c(C(F)(F)F)c21,CHEMBL162117,Vdss,L.kg-1,0.491,Vdss,ml kg-1,491.0,volume_distribution,VDss,(L/kg|L),ChEMBL
A,Nc1nccc(-c2[nH]c(C3CCNCC3)nc2-c2cccc(C(F)(F)F)c2)n1,CHEMBL424418,Vdss,L.kg-1,1.23,Vdss,l kg-1,1.23,volume_distribution,VDss,(L/kg|L),ChEMBL
A,CNC(=C[N+](=O)[O-])NCCSCc1ccc(CN(C)C)o1,CHEMBL1790041,Vdss,L.kg-1,1.3,Vdss,l kg-1,1.3,volume_distribution,VDss,(L/kg|L),ChEMBL
A,C[C@@H](c1ncncc1F)[C@](O)(Cn1cncn1)c1ccc(F)cc1F,CHEMBL638,Vdss,L.kg-1,4.6,Vdss,l kg-1,4.6,volume_distribution,VDss,(L/kg|L),ChEMBL
A,Nc1cccc(CN2C(=O)N(Cc3cccc(C(=O)Nc4ncc[nH]4)c3)[C@H](Cc3ccccc3)[C@H](O)[C@@H](O)[C@H]2Cc2ccccc2)c1,CHEMBL133292,Vdss,L.kg-1,4.0,Vss,l kg-1,4.0,volume_distribution,VDss,(L/kg|L),ChEMBL
A,CN1C[C@H](C(=O)N[C@]2(C)O[C@@]3(O)[C@@H]4CCCN4C(=O)[C@H](Cc4ccccc4)N3C2=O)C=C2c3cccc4[nH]cc(c34)C[C@H]21,CHEMBL442,Vdss,L.kg-1,2.7,Vdss,l kg-1,2.7,volume_distribution,VDss,(L/kg|L),ChEMBL
A,CC(=O)CCCCn1c(=O)c2c(ncn2C)n(C)c1=O,CHEMBL628,Vdss,L.kg-1,4.2,Vdss,l kg-1,4.2,volume_distribution,VDss,(L/kg|L),ChEMBL
A,C[C@H](Nc1cc(-c2c(-c3cccc(C(F)(F)F)c3)nc(C3CCNCC3)n2C)ccn1)c1ccccc1,CHEMBL303144,Vdss,L.kg-1,12.3,Vdss,l kg-1,12.3,volume_distribution,VDss,(L/kg|L),ChEMBL
A,CC(C)NCC(O)COc1cccc2[nH]ccc12,CHEMBL500,Vdss,L.kg-1,2.01,Vdss,l kg-1,2.01,volume_distribution,VDss,(L/kg|L),ChEMBL
A,COc1cc(Cc2cnc(N)nc2N)cc(OC)c1OC,CHEMBL22,Vdss,L.kg-1,1.6,Vdss,l kg-1,1.6,volume_distribution,VDss,(L/kg|L),ChEMBL
A,C=CCc1ccccc1OCC(O)CNC(C)C,CHEMBL266195,Vdss,L.kg-1,3.2,Vdss,l kg-1,3.2,volume_distribution,VDss,(L/kg|L),ChEMBL
A,CNC(=C[N+](=O)[O-])NCCSCc1csc(CN(C)C)n1,CHEMBL3183075,Vdss,L.kg-1,1.2,Vdss,l kg-1,1.2,volume_distribution,VDss,(L/kg|L),ChEMBL
A,CN/C(=N\CCSCc1nc[nH]c1C)NC#N,CHEMBL30,Vdss,L.kg-1,1.0,Vdss,l kg-1,1.0,volume_distribution,VDss,(L/kg|L),ChEMBL
A,CN1CCN(C2=Nc3cc(Cl)ccc3Nc3ccccc32)CC1,CHEMBL42,Vdss,L.kg-1,5.4,Vdss,l kg-1,5.4,volume_distribution,VDss,(L/kg|L),ChEMBL
A,COc1ccc2c3c1O[C@H]1[C@@H](O)C=C[C@H]4[C@@H](C2)N(C)CC[C@@]341,CHEMBL485,Vdss,L.kg-1,3.5,Vdss,l kg-1,3.5,volume_distribution,VDss,(L/kg|L),ChEMBL
A,CCCCCc1cc(O)c2c(c1)OC(C)(C)[C@@H]1CCC(C)=C[C@@H]21,CHEMBL465,Vdss,L.kg-1,9.8,Vdss,l kg-1,9.8,volume_distribution,VDss,(L/kg|L),ChEMBL
A,CCOC(=O)c1ncn2c1CN(C)C(=O)c1cc(F)ccc1-2,CHEMBL407,Vdss,L.kg-1,1.1,Vdss,l kg-1,1.1,volume_distribution,VDss,(L/kg|L),ChEMBL
A,CCN(CC)CC(=O)Nc1c(C)cccc1C,CHEMBL79,Vdss,L.kg-1,0.72,Vdss,l kg-1,0.72,volume_distribution,VDss,(L/kg|L),ChEMBL
A,C[C@]12C=CC(=O)C=C1CC[C@@H]1[C@@H]2C(=O)C[C@@]2(C)[C@H]1CC[C@]2(O)C(=O)CO,CHEMBL635,Vdss,L.kg-1,0.97,Vdss,l kg-1,0.97,volume_distribution,VDss,(L/kg|L),ChEMBL
A,CN(C)CCOC(c1ccccc1)c1ccccc1,CHEMBL657,Vdss,L.kg-1,4.5,Vdss,l kg-1,4.5,volume_distribution,VDss,(L/kg|L),ChEMBL
A,CCC(=O)N(c1ccccc1)C1CCN(CCc2ccccc2)CC1,CHEMBL596,Vdss,L.kg-1,5.1,Vdss,l kg-1,5.1,volume_distribution,VDss,(L/kg|L),ChEMBL
A,COc1ccc2c3c1O[C@H]1C[C@@H](O)C=C[C@@]31CCN(C)C2,CHEMBL659,Vdss,L.kg-1,2.46,Vdss,l kg-1,2.46,volume_distribution,VDss,(L/kg|L),ChEMBL
A,CC(CCc1ccccc1)NCC(O)c1ccc(O)c(C(N)=O)c1,CHEMBL429,Vdss,L.kg-1,4.8,Vdss,l kg-1,4.8,volume_distribution,VDss,(L/kg|L),ChEMBL
A,COc1ccc([C@@H]2Sc3ccccc3N(CCN(C)C)C(=O)[C@@H]2OC(C)=O)cc1.Cl,CHEMBL1697,Vdss,L.kg-1,3.1,Vdss,l kg-1,3.1,volume_distribution,VDss,(L/kg|L),ChEMBL
A,C[C@]12CC[C@@H]3c4ccc(O)cc4CC[C@H]3[C@@H]1CC[C@@H]2O,CHEMBL135,Vdss,L.kg-1,1.2,Vdss,l kg-1,1.2,volume_distribution,VDss,(L/kg|L),ChEMBL
A,Fc1ccc([C@@H]2CCNC[C@H]2COc2ccc3c(c2)OCO3)cc1,CHEMBL490,Vdss,L.kg-1,17.2,Vdss,l kg-1,17.2,volume_distribution,VDss,(L/kg|L),ChEMBL
A,C[C@]12C=CC(=O)C=C1CC[C@@H]1[C@@H]2[C@@H](O)C[C@@]2(C)[C@H]1CC[C@]2(O)C(=O)CO,CHEMBL131,Vdss,L.kg-1,0.52,Vdss,l kg-1,0.52,volume_distribution,VDss,(L/kg|L),ChEMBL
A,Cn1c(=O)c2nc[nH]c2n(C)c1=O.O,CHEMBL1355736,Vdss,L.kg-1,0.57,Vdss,l kg-1,0.57,volume_distribution,VDss,(L/kg|L),ChEMBL
A,O=C(N[C@H](CO)[C@H](O)c1ccc([N+](=O)[O-])cc1)C(Cl)Cl,CHEMBL130,Vdss,L.kg-1,0.94,Vdss,l kg-1,0.94,volume_distribution,VDss,(L/kg|L),ChEMBL
A,CN1CCC[C@H]1c1cccnc1,CHEMBL3,Vdss,L.kg-1,2.6,Vdss,l kg-1,2.6,volume_distribution,VDss,(L/kg|L),ChEMBL
A,COCC(COC)Nc1nc(C)nc2c(-c3ccc(Cl)cc3Cl)c(C)nn12,CHEMBL44698,Vdss,L.kg-1,21.5,Vss,l kg-1,21.5,volume_distribution,VDss,(L/kg|L),ChEMBL
A,COCC(COC)Nc1nc(C)nc2c(-c3ccc(Cl)cc3Cl)c(C)nn12,CHEMBL44698,Vdss,L.kg-1,27.1,Vss,l kg-1,27.1,volume_distribution,VDss,(L/kg|L),ChEMBL
A,C[C@H]1C[C@H]2[C@@H]3CCC4=CC(=O)C=C[C@]4(C)[C@@]3(F)[C@@H](O)C[C@]2(C)[C@@]1(O)C(=O)CO,CHEMBL632,Vdss,L.kg-1,1.32,Vdss,l kg-1,1.32,volume_distribution,VDss,(L/kg|L),ChEMBL
A,O=C1CN=C(c2ccccc2)c2cc(Cl)ccc2N1,CHEMBL523,Vdss,L.kg-1,0.64,Vdss,l kg-1,0.64,volume_distribution,VDss,(L/kg|L),ChEMBL
A,COc1ccc2c3c1O[C@H]1C(=O)CC[C@@]4(O)[C@@H](C2)N(C)CC[C@]314,CHEMBL656,Vdss,L.kg-1,2.3,Vdss,l kg-1,2.3,volume_distribution,VDss,(L/kg|L),ChEMBL
A,CCN(CC)CCCC(C)Nc1c2ccc(Cl)cc2nc2ccc(OC)cc12,CHEMBL7568,Vdss,L.kg-1,124.0,Vdss,l kg-1,124.0,volume_distribution,VDss,(L/kg|L),ChEMBL
A,CNS(=O)(=O)Cc1ccc2[nH]cc(CCN(C)C)c2c1,CHEMBL128,Vdss,L.kg-1,0.65,Vdss,l kg-1,0.65,volume_distribution,VDss,(L/kg|L),ChEMBL
A,O=C(Nc1cnccn1)c1cccc(CN2C(=O)N(Cc3cccc(C(=O)Nc4cnccn4)c3)[C@H](Cc3ccccc3)[C@H](O)[C@@H](O)[C@H]2Cc2ccccc2)c1,CHEMBL262642,Vdss,L.kg-1,3.0,Vss,l kg-1,3.0,volume_distribution,VDss,(L/kg|L),ChEMBL
A,C[C@H](Nc1nccc(-c2c(-c3cccc(C(F)(F)F)c3)nc(C3CCNCC3)n2C)n1)c1ccccc1,CHEMBL305178,Vdss,L.kg-1,12.7,Vdss,l kg-1,12.7,volume_distribution,VDss,(L/kg|L),ChEMBL
A,CN1CCCC(n2nc(Cc3ccc(Cl)cc3)c3ccccc3c2=O)CC1,CHEMBL639,Vdss,L.kg-1,15.0,Vdss,l kg-1,15.0,volume_distribution,VDss,(L/kg|L),ChEMBL
A,CC(C)NCC(O)COc1ccc(CCOCC2CC2)cc1,CHEMBL423,Vdss,L.kg-1,6.08,Vdss,l kg-1,6.08,volume_distribution,VDss,(L/kg|L),ChEMBL
A,CN(C)CCCN1c2ccccc2CCc2ccc(Cl)cc21,CHEMBL415,Vdss,L.kg-1,20.0,Vdss,l kg-1,20.0,volume_distribution,VDss,(L/kg|L),ChEMBL
A,CNCCC=C1c2ccccc2CCc2ccccc21,CHEMBL445,Vdss,L.kg-1,19.1,Vdss,l kg-1,19.1,volume_distribution,VDss,(L/kg|L),ChEMBL
A,CC(C)(C)NC[C@H](O)COc1nsnc1N1CCOCC1,CHEMBL499,Vdss,L.kg-1,3.5,Vdss,l kg-1,3.5,volume_distribution,VDss,(L/kg|L),ChEMBL
A,C[N+](C)([O-])CCC=C1c2ccccc2CCc2ccccc21,CHEMBL627,Vdss,L.kg-1,1.2,Vdss,l kg-1,1.2,volume_distribution,VDss,(L/kg|L),ChEMBL
A,CN(C)CCC(c1ccc(Cl)cc1)c1ccccn1,CHEMBL505,Vdss,L.kg-1,3.2,Vdss,l kg-1,3.2,volume_distribution,VDss,(L/kg|L),ChEMBL
A,CN(C)CCCN1c2ccccc2Sc2ccc(Cl)cc21,CHEMBL71,Vdss,L.kg-1,10.1,Vdss,l kg-1,10.1,volume_distribution,VDss,(L/kg|L),ChEMBL
A,Cc1ncc([N+](=O)[O-])n1CCO,CHEMBL137,Vdss,L.kg-1,0.74,Vdss,l kg-1,0.74,volume_distribution,VDss,(L/kg|L),ChEMBL
A,C[C@]12CC[C@H]3[C@@H](CCC4=CC(=O)CC[C@@]43C)[C@@H]1CC[C@@H]2O,CHEMBL386630,Vdss,L.kg-1,1.03,Vdss,l kg-1,1.03,volume_distribution,VDss,(L/kg|L),ChEMBL
A,CNCC[C@@H](Oc1ccccc1C)c1ccccc1,CHEMBL641,Vdss,L.kg-1,0.85,Vdss,l kg-1,0.85,volume_distribution,VDss,(L/kg|L),ChEMBL
A,O=C1CN=C(c2ccccc2Cl)c2cc(Cl)ccc2N1,CHEMBL268254,Vdss,L.kg-1,1.7,Vdss,l kg-1,1.7,volume_distribution,VDss,(L/kg|L),ChEMBL
A,CCC(C)n1ncn(-c2ccc(N3CCN(c4ccc(OCC5COC(Cn6cncn6)(c6ccc(Cl)cc6Cl)O5)cc4)CC3)cc2)c1=O,CHEMBL64391,Vdss,L.kg-1,3.9,Vdss,l kg-1,3.9,volume_distribution,VDss,(L/kg|L),ChEMBL
A,CCOC(=O)C1(c2ccccc2)CCN(C)CC1,CHEMBL607,Vdss,L.kg-1,2.7,Vdss,l kg-1,2.7,volume_distribution,VDss,(L/kg|L),ChEMBL
A,COC(=O)C1=C(C)NC(C)=C(C(=O)OC)C1c1ccccc1[N+](=O)[O-],CHEMBL193,Vdss,L.kg-1,0.78,Vdss,l kg-1,0.78,volume_distribution,VDss,(L/kg|L),ChEMBL
A,Oc1ncnc2[nH]ncc12,CHEMBL1467,Vdss,L.kg-1,0.6,Vdss,l kg-1,0.6,volume_distribution,VDss,(L/kg|L),ChEMBL
A,CC(C)NCC(O)COc1ccc(COCCOC(C)C)cc1,CHEMBL645,Vdss,L.kg-1,3.31,Vdss,l kg-1,3.31,volume_distribution,VDss,(L/kg|L),ChEMBL
A,COC(=O)[C@H]1[C@@H](OC(=O)c2ccccc2)C[C@@H]2CC[C@H]1N2C,CHEMBL370805,Vdss,L.kg-1,2.0,Vdss,l kg-1,2.0,volume_distribution,VDss,(L/kg|L),ChEMBL
A,CCC(=O)C(CC(C)N(C)C)(c1ccccc1)c1ccccc1,CHEMBL651,Vdss,L.kg-1,6.2,Vdss,l kg-1,6.2,volume_distribution,VDss,(L/kg|L),ChEMBL
A,Cc1cccc(C)c1OCC(C)N,CHEMBL558,Vdss,L.kg-1,4.9,Vdss,l kg-1,4.9,volume_distribution,VDss,(L/kg|L),ChEMBL
A,C=CCN1CC[C@]23c4c5ccc(O)c4O[C@H]2C(=O)CC[C@@]3(O)[C@H]1C5,CHEMBL80,Vdss,L.kg-1,4.3,Vdss,l kg-1,4.3,volume_distribution,VDss,(L/kg|L),ChEMBL
A,CCC(=O)N(c1ccccc1)C1(COC)CCN(CCc2cccs2)CC1,CHEMBL658,Vdss,L.kg-1,2.9,Vdss,l kg-1,2.9,volume_distribution,VDss,(L/kg|L),ChEMBL
A,CN(C)CCC=C1c2ccccc2CCc2ccccc21,CHEMBL629,Vdss,L.kg-1,8.3,Vdss,l kg-1,8.3,volume_distribution,VDss,(L/kg|L),ChEMBL
A,CNC1=Nc2ccc(Cl)cc2C(c2ccccc2)=[N+]([O-])C1,CHEMBL451,Vdss,L.kg-1,0.34,Vdss,l kg-1,0.34,volume_distribution,VDss,(L/kg|L),ChEMBL
A,Clc1cccc(Cl)c1NC1=NCCN1,CHEMBL134,Vdss,L.kg-1,2.1,Vdss,l kg-1,2.1,volume_distribution,VDss,(L/kg|L),ChEMBL
A,CCN(C)C(=O)Oc1cccc([C@H](C)N(C)C)c1,CHEMBL636,Vdss,L.kg-1,2.2,Vdss,l kg-1,2.2,volume_distribution,VDss,(L/kg|L),ChEMBL
A,CCC(=O)N(c1ccccc1)C1(COC)CCN(CCn2nnn(CC)c2=O)CC1,CHEMBL634,Vdss,L.kg-1,0.75,Vdss,l kg-1,0.75,volume_distribution,VDss,(L/kg|L),ChEMBL
A,Cn1c(=O)c2c(ncn2C)n(C)c1=O,CHEMBL113,Vdss,L.kg-1,0.61,Vdss,l kg-1,0.61,volume_distribution,VDss,(L/kg|L),ChEMBL
A,C[C@@H]1C[C@H]2[C@@H]3CCC4=CC(=O)C=C[C@]4(C)[C@@]3(F)[C@@H](O)C[C@]2(C)[C@@]1(O)C(=O)CO,CHEMBL384467,Vdss,L.kg-1,1.14,Vdss,l kg-1,1.14,volume_distribution,VDss,(L/kg|L),ChEMBL
A,O=C(CCCN1CCC(O)(c2ccc(Cl)cc2)CC1)c1ccc(F)cc1,CHEMBL54,Vdss,L.kg-1,18.0,Vdss,l kg-1,18.0,volume_distribution,VDss,(L/kg|L),ChEMBL
A,CNCCCC12CCC(c3ccccc31)c1ccccc12,CHEMBL21731,Vdss,L.kg-1,43.0,Vdss,l kg-1,43.0,volume_distribution,VDss,(L/kg|L),ChEMBL
A,CN1CCN2c3ncccc3Cc3ccccc3C2C1,CHEMBL654,Vdss,L.kg-1,4.8,Vdss,l kg-1,4.8,volume_distribution,VDss,(L/kg|L),ChEMBL
A,CC(C)(C)NCC(O)COc1cccc2c1CC(O)C(O)C2,CHEMBL521606,Vdss,L.kg-1,1.94,Vdss,l kg-1,1.94,volume_distribution,VDss,(L/kg|L),ChEMBL
A,Cc1nc2n(c(=O)c1CCN1CCC(c3noc4cc(F)ccc34)CC1)CCCC2,CHEMBL85,Vdss,L.kg-1,1.1,Vdss,l kg-1,1.1,volume_distribution,VDss,(L/kg|L),ChEMBL
A,CC(C)c1cccc(C(C)C)c1O,CHEMBL526,Vdss,L.kg-1,3.9,Vdss,l kg-1,3.9,volume_distribution,VDss,(L/kg|L),ChEMBL
A,CC(C)NCC(O)c1ccc(NS(C)(=O)=O)cc1,CHEMBL471,Vdss,L.kg-1,0.9,Vdss,l kg-1,0.9,volume_distribution,VDss,(L/kg|L),ChEMBL
A,COc1ccc(CCN(C)CCCC(C#N)(c2ccc(OC)c(OC)c2)C(C)C)cc1OC,CHEMBL6966,Vdss,L.kg-1,4.68,Vdss,l kg-1,4.68,volume_distribution,VDss,(L/kg|L),ChEMBL
A,CC(=O)Nc1ccc(O)cc1,CHEMBL112,Vdss,L.kg-1,0.95,Vdss,l kg-1,0.95,volume_distribution,VDss,(L/kg|L),ChEMBL
A,COc1ccc2c(c1)N(C[C@H](C)CN(C)C)c1ccccc1S2,CHEMBL1764,Vdss,L.kg-1,14.0,Vdss,l kg-1,14.0,volume_distribution,VDss,(L/kg|L),ChEMBL
A,CCN(CC)CCNC(=O)c1cc(Cl)c(N)cc1OC,CHEMBL86,Vdss,L.kg-1,3.4,Vdss,l kg-1,3.4,volume_distribution,VDss,(L/kg|L),ChEMBL
A,CC(CN1c2ccccc2Sc2ccccc21)N(C)C,CHEMBL643,Vdss,L.kg-1,14.0,Vdss,l kg-1,14.0,volume_distribution,VDss,(L/kg|L),ChEMBL
A,CCCNCC(O)COc1ccccc1C(=O)CCc1ccccc1,CHEMBL631,Vdss,L.kg-1,3.6,Vdss,l kg-1,3.6,volume_distribution,VDss,(L/kg|L),ChEMBL
A,Cc1ccc(O)c([C@H](CCN(C(C)C)C(C)C)c2ccccc2)c1,CHEMBL1382,Vdss,L.kg-1,1.3,Vdss,l kg-1,1.3,volume_distribution,VDss,(L/kg|L),ChEMBL
A,Nc1cccc(CN2C(=O)N(Cc3cccc(N)c3)[C@H](Cc3ccccc3)[C@H](O)[C@@H](O)[C@H]2Cc2ccccc2)c1,CHEMBL223824,Vdss,L.kg-1,1.3,Vss,l kg-1,1.3,volume_distribution,VDss,(L/kg|L),ChEMBL
A,C=C[C@H]1CN2CC[C@H]1C[C@@H]2[C@@H](O)c1ccnc2ccc(OC)cc12,CHEMBL1294,Vdss,L.kg-1,3.5,Vdss,l kg-1,3.5,volume_distribution,VDss,(L/kg|L),ChEMBL
A,CC(CN(C)C)CN1c2ccccc2CCc2ccccc21,CHEMBL644,Vdss,L.kg-1,31.0,Vdss,l kg-1,31.0,volume_distribution,VDss,(L/kg|L),ChEMBL
A,O=C(Nc1ccccn1)c1cccc(CN2C(=O)N(Cc3cccc(C(=O)Nc4ccccn4)c3)[C@H](Cc3ccccc3)[C@H](O)[C@@H](O)[C@H]2Cc2ccccc2)c1,CHEMBL81383,Vdss,L.kg-1,10.3,Vss,l kg-1,10.3,volume_distribution,VDss,(L/kg|L),ChEMBL
A,Cc1cccc(C[C@H](Nc2ccccc2)C(=O)N[C@H](C#N)COCc2ccc(F)c(C(=O)O)c2)c1,CHEMBL133107,Vdss,L.kg-1,1.22,Vss,l kg-1,1.22,volume_distribution,VDss,(L/kg|L),ChEMBL
A,COc1ccc2[nH]c([S+]([O-])Cc3ncc(C)c(OC)c3C)nc2c1,CHEMBL1503,Vdss,L.kg-1,0.34,Vdss,l kg-1,0.34,volume_distribution,VDss,(L/kg|L),ChEMBL
A,CCCCc1oc2ccccc2c1C(=O)c1cc(I)c(OCCN(CC)CC)c(I)c1,CHEMBL633,Vdss,L.kg-1,66.0,Vdss,l kg-1,66.0,volume_distribution,VDss,(L/kg|L),ChEMBL
A,Cc1cc(=O)n(-c2ccccc2)n1C,CHEMBL277474,Vdss,L.kg-1,0.6,Vdss,l kg-1,0.6,volume_distribution,VDss,(L/kg|L),ChEMBL
A,CN1[C@@H]2CC[C@H]1C[C@@H](OC(=O)C(CO)c1ccccc1)C2,CHEMBL517712,Vdss,L.kg-1,2.0,Vdss,l kg-1,2.0,volume_distribution,VDss,(L/kg|L),ChEMBL
A,O=C1Nc2ccc(Cl)cc2C(c2ccccc2Cl)=NC1O,CHEMBL580,Vdss,L.kg-1,1.6,Vdss,l kg-1,1.6,volume_distribution,VDss,(L/kg|L),ChEMBL
A,CCN1CCC[C@H]1CNC(=O)c1c(OC)ccc(Br)c1OC,CHEMBL22242,Vdss,L.kg-1,0.64,Vdss,l kg-1,0.64,volume_distribution,VDss,(L/kg|L),ChEMBL
A,C#CCCCC(=O)c1cc(C(C)(C)C)c(O)c(C(C)(C)C)c1,CHEMBL13878,Vdss,L.kg-1,31.0,Vdss,l kg-1,31.0,volume_distribution,VDss,(L/kg|L),ChEMBL
A,Cn1cc(C(=O)O)c(=O)c2cc(F)c(N3CCN(c4ccccn4)CC3)c(C(F)(F)F)c21,CHEMBL161145,Vdss,L.kg-1,0.509,Vdss,ml kg-1,509.0,volume_distribution,VDss,(L/kg|L),ChEMBL
A,CC(C)NCC(O)COc1ccc(CC(N)=O)cc1,CHEMBL24,Vdss,L.kg-1,0.93,Vdss,l kg-1,0.93,volume_distribution,VDss,(L/kg|L),ChEMBL
A,Oc1ccc2c(c1)[C@@]13CCCC[C@@]1(O)[C@@H](C2)N(CC1CCC1)CC3,CHEMBL33986,Vdss,L.kg-1,8.8,Vdss,l kg-1,8.8,volume_distribution,VDss,(L/kg|L),ChEMBL
A,COCCc1ccc(OCC(O)CNC(C)C)cc1,CHEMBL13,Vdss,L.kg-1,3.73,Vdss,l kg-1,3.73,volume_distribution,VDss,(L/kg|L),ChEMBL
A,CC(=O)O[C@H]1C(=O)[C@@]2(C)[C@H]([C@H](OC(=O)c3ccccc3)[C@]3(O)C[C@H](OC(=O)[C@H](O)[C@@H](NC(=O)c4ccccc4)c4ccccc4)C(C)=C1C3(C)C)[C@]1(OC(C)=O)CO[C@@H]1C[C@@H]2O,CHEMBL428647,Vdss,L.kg-1,2.4,Vdss,l kg-1,2.4,volume_distribution,VDss,(L/kg|L),ChEMBL
A,CC(C)(C)NCC(O)c1cc(O)cc(O)c1,CHEMBL1760,Vdss,L.kg-1,1.8,Vdss,l kg-1,1.8,volume_distribution,VDss,(L/kg|L),ChEMBL
A,CCOC(=O)C1=C(C)NC(C)=C(C(=O)OC)C1c1cccc(Cl)c1Cl,CHEMBL1480,Vdss,L.kg-1,10.0,Vdss,l kg-1,10.0,volume_distribution,VDss,(L/kg|L),ChEMBL
A,O=C(NCC1CCCCN1)c1cc(OCC(F)(F)F)ccc1OCC(F)(F)F,CHEMBL652,Vdss,L.kg-1,4.9,Vdss,l kg-1,4.9,volume_distribution,VDss,(L/kg|L),ChEMBL
A,C[C@]12CCC(=O)C=C1CC[C@@H]1[C@@H]2[C@@H](O)C[C@@]2(C)[C@H]1CC[C@]2(O)C(=O)CO,CHEMBL389621,Vdss,L.kg-1,0.44,Vdss,l kg-1,0.44,volume_distribution,VDss,(L/kg|L),ChEMBL
A,CC(C)NCC(O)COc1cccc2ccccc12,CHEMBL27,Vdss,L.kg-1,4.02,Vdss,l kg-1,4.02,volume_distribution,VDss,(L/kg|L),ChEMBL
A,Cc1cn([C@H]2C[C@H](N=[N+]=[N-])[C@@H](CO)O2)c(=O)[nH]c1=O,CHEMBL129,Vdss,L.kg-1,1.7,Vdss,l kg-1,1.7,volume_distribution,VDss,(L/kg|L),ChEMBL
A,NC12CC3CC(CC(C3)C1)C2,CHEMBL660,Vdss,L.kg-1,6.6,Vdss,l kg-1,6.6,volume_distribution,VDss,(L/kg|L),ChEMBL
A,O=c1[nH]c2ccccc2n1CCCN1CCC(n2c(=O)[nH]c3cc(Cl)ccc32)CC1,CHEMBL219916,Vdss,L.kg-1,5.7,Vdss,l kg-1,5.7,volume_distribution,VDss,(L/kg|L),ChEMBL
A,Cc1ncc2n1-c1ccc(Cl)cc1C(c1ccccc1F)=NC2,CHEMBL655,Vdss,L.kg-1,1.4,Vdss,l kg-1,1.4,volume_distribution,VDss,(L/kg|L),ChEMBL
A,Nc1c2c(nc3ccccc13)CCCC2,CHEMBL95,Vdss,L.kg-1,8.22,Vdss,l kg-1,8.22,volume_distribution,VDss,(L/kg|L),ChEMBL
A,CC[C@H]1OC(=O)[C@H](C)[C@@H](O[C@H]2C[C@@](C)(OC)[C@@H](O)[C@H](C)O2)[C@H](C)[C@@H](O[C@@H]2O[C@H](C)C[C@H](N(C)C)[C@H]2O)[C@](C)(O)C[C@@H](C)CN(C)[C@H](C)[C@@H](O)[C@]1(C)O,CHEMBL529,Vdss,L.kg-1,33.0,Vdss,l kg-1,33.0,volume_distribution,VDss,(L/kg|L),ChEMBL
A,Cc1nnc2n1-c1ccc(Cl)cc1C(c1ccccc1Cl)=NC2,CHEMBL646,Vdss,L.kg-1,0.67,Vdss,l kg-1,0.67,volume_distribution,VDss,(L/kg|L),ChEMBL
A,COc1ccc(C(CN(C)C)C2(O)CCCCC2)cc1,CHEMBL637,Vdss,L.kg-1,4.4,Vdss,l kg-1,4.4,volume_distribution,VDss,(L/kg|L),ChEMBL
A,OCCN1CCN(CCCN2c3ccccc3Sc3ccc(Cl)cc32)CC1,CHEMBL567,Vdss,L.kg-1,20.0,Vdss,l kg-1,20.0,volume_distribution,VDss,(L/kg|L),ChEMBL
A,CNCCCN1c2ccccc2CCc2ccccc21,CHEMBL72,Vdss,L.kg-1,20.0,Vdss,l kg-1,20.0,volume_distribution,VDss,(L/kg|L),ChEMBL
A,OC(Cn1cncn1)(Cn1cncn1)c1ccc(F)cc1F,CHEMBL106,Vdss,L.kg-1,0.6,Vdss,l kg-1,0.6,volume_distribution,VDss,(L/kg|L),ChEMBL
A,CN(C)CCCN1c2ccccc2CCc2ccccc21,CHEMBL11,Vdss,L.kg-1,21.0,Vdss,l kg-1,21.0,volume_distribution,VDss,(L/kg|L),ChEMBL
A,CN1CC[C@]23c4c5ccc(O)c4O[C@H]2[C@@H](O)C=C[C@H]3[C@H]1C5,CHEMBL70,Vdss,L.kg-1,2.6,Vdss,l kg-1,2.6,volume_distribution,VDss,(L/kg|L),ChEMBL
A,COc1cc2c(c(OC)c1OC)-c1ccc(OC)c(=O)cc1[C@@H](NC(C)=O)CC2,CHEMBL107,Vdss,L.kg-1,5.2,Vdss,l kg-1,5.2,volume_distribution,VDss,(L/kg|L),ChEMBL
A,COc1ccc2c(O[C@@H]3C[C@H]4C(=O)N[C@]5(C(=O)O)C[C@H]5/C=C\CCCCC[C@H](NC(=O)OC5CCCC5)C(=O)N4C3)cc(-c3csc(NC(C)C)n3)nc2c1,CHEMBL297884,Vdss,L.kg-1,1.0,Vss,l kg-1,1.0,volume_distribution,VDss,(L/kg|L),ChEMBL
A,Cc1ccc(NC(=O)c2cccc(CN3C(=O)N(Cc4cccc(C(=O)Nc5ccc(C)cn5)c4)[C@H](Cc4ccccc4)[C@H](O)[C@@H](O)[C@H]3Cc3ccccc3)c2)nc1,CHEMBL85653,Vdss,L.kg-1,4.5,Vss,l kg-1,4.5,volume_distribution,VDss,(L/kg|L),ChEMBL
A,C[C@H](Nc1nccc(-c2[nH]c(C3CCNCC3)nc2-c2cccc(C(F)(F)F)c2)n1)c1ccccc1,CHEMBL308939,Vdss,L.kg-1,6.5,Vdss,l kg-1,6.5,volume_distribution,VDss,(L/kg|L),ChEMBL
A,Cc1nnc2n1-c1ccc(Cl)cc1C(c1ccccc1)=NC2,CHEMBL661,Vdss,L.kg-1,0.72,Vdss,l kg-1,0.72,volume_distribution,VDss,(L/kg|L),ChEMBL
A,CN1C(=O)C(O)N=C(c2ccccc2Cl)c2cc(Cl)ccc21,CHEMBL22097,Vdss,L.kg-1,1.5,Vdss,l kg-1,1.5,volume_distribution,VDss,(L/kg|L),ChEMBL
A,C[C@H]1C[C@@H]2[C@H]([C@@H](O)C[C@@]3(C)[C@H]2CC[C@]3(O)C(=O)CO)[C@@]2(C)C=CC(=O)C=C12,CHEMBL650,Vdss,L.kg-1,1.38,Vdss,l kg-1,1.38,volume_distribution,VDss,(L/kg|L),ChEMBL
A,CCc1nn(CCCN2CCN(c3cccc(Cl)c3)CC2)c(=O)n1CCOc1ccccc1,CHEMBL623,Vdss,L.kg-1,0.51,Vdss,l kg-1,0.51,volume_distribution,VDss,(L/kg|L),ChEMBL
A,CCN(CC)CCNC(=O)c1ccc(N)cc1,CHEMBL640,Vdss,L.kg-1,1.9,Vdss,l kg-1,1.9,volume_distribution,VDss,(L/kg|L),ChEMBL
A,CN(C)CCCN1c2ccccc2Sc2ccccc21,CHEMBL564,Vdss,L.kg-1,7.5,Vdss,l kg-1,7.5,volume_distribution,VDss,(L/kg|L),ChEMBL
A,O=C(O)c1cn(C2CC2)c2c(C(F)(F)F)c(N3CCN(c4ccccn4)CC3)c(F)cc2c1=O,CHEMBL164307,Vdss,L.kg-1,0.2245,Vdss,ml kg-1,224.5,volume_distribution,VDss,(L/kg|L),ChEMBL
A,CCCC(=O)Nc1ccc(OCC(O)CNC(C)C)c(C(C)=O)c1,CHEMBL642,Vdss,L.kg-1,1.2,Vdss,l kg-1,1.2,volume_distribution,VDss,(L/kg|L),ChEMBL
A,CN(C)CCCC1(c2ccc(F)cc2)OCc2cc(C#N)ccc21,CHEMBL549,Vdss,L.kg-1,13.0,Vdss,l kg-1,13.0,volume_distribution,VDss,(L/kg|L),ChEMBL
A,O=C1CN=C(c2ccccn2)c2cc(Br)ccc2N1,CHEMBL277062,Vdss,L.kg-1,0.91,Vdss,l kg-1,0.91,volume_distribution,VDss,(L/kg|L),ChEMBL
A,OC(CNCC(O)C1CCc2cc(F)ccc2O1)C1CCc2cc(F)ccc2O1,CHEMBL434394,Vdss,L.kg-1,11.2,Vdss,l kg-1,11.2,volume_distribution,VDss,(L/kg|L),ChEMBL
A,Cc1ccccc1OCC(O)CNCCOc1ccc(C(N)=O)cc1,CHEMBL418192,Vdss,L.kg-1,3.2,Vdss,l kg-1,3.2,volume_distribution,VDss,(L/kg|L),ChEMBL
A,O=c1n(CCCN2CCN(c3cccc(Cl)c3)CC2)nc2ccccn12,CHEMBL621,Vdss,L.kg-1,1.0,Vdss,l kg-1,1.0,volume_distribution,VDss,(L/kg|L),ChEMBL
A,COc1ccccc1-c1ccc([C@@H](CC(=O)O)NC(=O)[C@@H]2CCN2S(=O)(=O)c2cc(Cl)cc(Cl)c2)cc1,CHEMBL78591,Vdss,L.kg-1,0.12,Vdss,l kg-1,0.12,volume_distribution,VDss,(L/kg|L),ChEMBL
A,C=C(Cl)CN1C[C@H](OCC23C[C@@H]4[C@H](C)CC[C@H]4C4(C=O)CC2C=C(C(C)C)[C@@]34C(=O)O)OC[C@H]1C(C)C,CHEMBL431297,Vdss,L.kg-1,1.6,Vss,l kg-1,1.6,volume_distribution,VDss,(L/kg|L),ChEMBL
A,COc1cccc(F)c1-c1ccc([C@@H](CC(=O)O)NC(=O)[C@]2(C)CCCN2S(=O)(=O)c2cc(Cl)cc(Cl)c2)cc1,CHEMBL309249,Vdss,L.kg-1,0.13,Vdss,l kg-1,0.13,volume_distribution,VDss,(L/kg|L),ChEMBL
A,C=C(Cl)CN1C[C@H](OCC23C[C@@H]4[C@H](C)CC[C@H]4C4(C=O)CC2C=C(C(C)C)[C@@]34C(=O)O)O[C@H](C)C1,CHEMBL286857,Vdss,L.kg-1,0.49,Vss,l kg-1,0.49,volume_distribution,VDss,(L/kg|L),ChEMBL
A,COc1ccccc1-c1ccc([C@@H](CC(=O)O)NC(=O)[C@H]2CCCN2S(=O)(=O)c2cc(Cl)cc(Cl)c2)cc1,CHEMBL78868,Vdss,L.kg-1,0.08,Vdss,l kg-1,0.08,volume_distribution,VDss,(L/kg|L),ChEMBL
A,COc1cccc(OC)c1-c1ccc([C@@H](CC(=O)O)NC(=O)[C@@H]2CCCN2S(=O)(=O)c2cc(Cl)cc(Cl)c2)cc1,CHEMBL311984,Vdss,L.kg-1,1.4,Vdss,l kg-1,1.4,volume_distribution,VDss,(L/kg|L),ChEMBL
A,C=C(Cl)CN1C[C@H](OCC23C[C@@H]4[C@H](C)CC[C@H]4C4(C=O)CC2C=C(C(C)C)[C@@]34C(=O)O)OC[C@H]1C,CHEMBL31066,Vdss,L.kg-1,7.1,Vss,l kg-1,7.1,volume_distribution,VDss,(L/kg|L),ChEMBL
A,COc1ccc([C@@H](CC(=O)O)NC(=O)[C@@H]2CCN2S(=O)(=O)c2cc(Cl)cc(Cl)c2)cc1,CHEMBL82313,Vdss,L.kg-1,1.5,Vdss,l kg-1,1.5,volume_distribution,VDss,(L/kg|L),ChEMBL
A,C[C@@]1(C(=O)N[C@H](CC(=O)O)c2ccc(-c3c(O)cccc3O)cc2)CCCN1S(=O)(=O)c1cc(Cl)cc(Cl)c1,CHEMBL78902,Vdss,L.kg-1,0.08,Vdss,l kg-1,0.08,volume_distribution,VDss,(L/kg|L),ChEMBL
A,O=C(O)C[C@@H](NC(=O)[C@@H]1CCCN1S(=O)(=O)c1cc(Cl)cc(Cl)c1)c1ccc(-c2ccccc2)cc1,CHEMBL312458,Vdss,L.kg-1,0.61,Vdss,l kg-1,0.61,volume_distribution,VDss,(L/kg|L),ChEMBL
A,COc1ccc(F)cc1-c1ccc([C@@H](CC(=O)O)NC(=O)[C@]2(C)CCCN2S(=O)(=O)c2cc(Cl)cc(Cl)c2)cc1,CHEMBL309939,Vdss,L.kg-1,0.08,Vdss,l kg-1,0.08,volume_distribution,VDss,(L/kg|L),ChEMBL
A,CCCC(=O)C1(c2ccccc2)CCN(C(=O)[C@@H](Cc2ccc(OC)cc2)NC(=O)[C@@H](N)Cc2cncn2C)CC1,CHEMBL14642,Vdss,L.kg-1,8.2,Vss,l kg-1,8.2,volume_distribution,VDss,(L/kg|L),ChEMBL
A,COc1cccc(OC)c1-c1ccc([C@@H](CC(=O)O)NC(=O)[C@]2(C)CCCN2S(=O)(=O)c2cc(Cl)cc(Cl)c2)cc1,CHEMBL81596,Vdss,L.kg-1,0.26,Vdss,l kg-1,0.26,volume_distribution,VDss,(L/kg|L),ChEMBL
A,COc1cc(F)cc(-c2ccc([C@@H](CC(=O)O)NC(=O)[C@]3(C)CCCN3S(=O)(=O)c3cc(Cl)cc(Cl)c3)cc2)c1,CHEMBL311775,Vdss,L.kg-1,0.12,Vdss,l kg-1,0.12,volume_distribution,VDss,(L/kg|L),ChEMBL
A,COc1cccc(F)c1-c1ccc([C@@H](CC(=O)O)NC(=O)[C@@H]2CCCN2S(=O)(=O)c2cc(Cl)cc(Cl)c2)cc1,CHEMBL82191,Vdss,L.kg-1,0.19,Vdss,l kg-1,0.19,volume_distribution,VDss,(L/kg|L),ChEMBL
A,COc1cccc(OC)c1-c1ccc([C@@H](CC(=O)O)NC(=O)[C@@H]2CCN2S(=O)(=O)c2cc(Cl)cc(Cl)c2)cc1,CHEMBL421508,Vdss,L.kg-1,0.48,Vdss,l kg-1,0.48,volume_distribution,VDss,(L/kg|L),ChEMBL
A,COc1cccc(OC)c1-c1ccc([C@@H](CC(=O)O)NC(=O)[C@@H]2CCN2S(=O)(=O)c2cc(Cl)cc(Cl)c2)cc1,CHEMBL421508,Vdss,L.kg-1,0.37,Vdss,l kg-1,0.37,volume_distribution,VDss,(L/kg|L),ChEMBL
A,COc1ccc(F)cc1-c1ccc([C@@H](CC(=O)O)NC(=O)[C@@H]2CCCN2S(=O)(=O)c2cc(Cl)cc(Cl)c2)cc1,CHEMBL78352,Vdss,L.kg-1,0.58,Vdss,l kg-1,0.58,volume_distribution,VDss,(L/kg|L),ChEMBL
A,COc1cc(F)ccc1-c1ccc([C@@H](CC(=O)O)NC(=O)[C@]2(C)CCCN2S(=O)(=O)c2cc(Cl)cc(Cl)c2)cc1,CHEMBL310983,Vdss,L.kg-1,0.15,Vdss,l kg-1,0.15,volume_distribution,VDss,(L/kg|L),ChEMBL
A,COc1cccc(OC(F)(F)F)c1-c1ccc([C@@H](CC(=O)O)NC(=O)[C@]2(C)CCCN2S(=O)(=O)c2cc(Cl)cc(Cl)c2)cc1,CHEMBL309653,Vdss,L.kg-1,1.1,Vdss,l kg-1,1.1,volume_distribution,VDss,(L/kg|L),ChEMBL
A,C[C@]1(C(=O)N2CCOCC2)CO[C@H](c2nc(-c3ccc(F)cc3)c(-c3ccnc(NC4CC4)n3)[nH]2)OC1,CHEMBL161197,Vdss,L.kg-1,1.2,Vdss,l kg-1,1.2,volume_distribution,VDss,(L/kg|L),ChEMBL
A,CCCC[C@H](NC(=O)OC(C(C)C)C(C)C)C(=O)C(=O)Nc1cc[nH]n1,CHEMBL154862,Vdss,L.kg-1,0.015,Vss,ml kg-1,15.0,volume_distribution,VDss,(L/kg|L),ChEMBL
A,COc1cccc(CNc2ccc(N3CCN(c4cccc(C(F)(F)F)c4)CC3)c(C(F)(F)F)c2)c1Oc1ccc([N+](=O)[O-])cc1C(=O)O,CHEMBL349130,Vdss,L.kg-1,1.33,Vdss,l kg-1,1.33,volume_distribution,VDss,(L/kg|L),ChEMBL
A,COCc1onc(-c2cccc(C(=N)N)c2)c1C(=O)Nc1ccc(-c2ccccc2S(N)(=O)=O)cc1,CHEMBL352099,Vdss,L.kg-1,850.0,Vdss,l g-1,0.8500000000000002,volume_distribution,VDss,(L/kg|L),ChEMBL
A,Cc1cc(C(=O)Nc2ccc(-c3ccccc3S(N)(=O)=O)cc2)n(-c2ccc3ccnc(N)c3c2)n1,CHEMBL140290,Vdss,L.kg-1,1.2,Vdss,l kg-1,1.2,volume_distribution,VDss,(L/kg|L),ChEMBL
A,Cc1cc(C(=O)Nc2ccc(-c3ccccc3S(N)(=O)=O)cc2)n(-c2cccc(CN)c2)n1,CHEMBL134736,Vdss,L.kg-1,1.6,Vdss,l kg-1,1.6,volume_distribution,VDss,(L/kg|L),ChEMBL
A,Cc1cc(C(=O)Nc2ccc(-c3ccccc3S(N)(=O)=O)cc2)n(-c2cccc(C(=N)N)c2)n1,CHEMBL37251,Vdss,L.kg-1,0.29,Vdss,l kg-1,0.29,volume_distribution,VDss,(L/kg|L),ChEMBL
A,COC[C@H]1ON=C(c2cccc(C(=N)N)c2)[C@@H]1C(=O)Nc1ccc(-c2ccccc2S(N)(=O)=O)cc1,CHEMBL351688,Vdss,L.kg-1,380.0,Vdss,l g-1,0.38,volume_distribution,VDss,(L/kg|L),ChEMBL
A,Cc1cc(OCCCON=C(N)N)cc(C(=O)N(Cc2ccoc2)CC2CC2)c1,CHEMBL121892,Vdss,L.kg-1,1.6,Vss,l kg-1,1.6,volume_distribution,VDss,(L/kg|L),ChEMBL
A,CCCC[C@H](NC(=O)OC(C(C)C)C(C)C)C(=O)C(=O)Nc1ccccn1,CHEMBL154584,Vdss,L.kg-1,0.0012,Vss,ml kg-1,1.2,volume_distribution,VDss,(L/kg|L),ChEMBL
A,CCCC[C@H](NC(=O)OC(C(C)C)C(C)C)C(=O)C(=O)Nc1nccs1,CHEMBL156497,Vdss,L.kg-1,0.0035,Vss,ml kg-1,3.5,volume_distribution,VDss,(L/kg|L),ChEMBL
A,Cc1cc(OCC2(CON=C(N)N)CC2)cc(C(=O)N(Cc2ccoc2)CC2CC2)c1,CHEMBL421081,Vdss,L.kg-1,2.5,Vss,l kg-1,2.5,volume_distribution,VDss,(L/kg|L),ChEMBL
A,N=C(N)c1cc2cc(-c3cccc(-c4ccccc4)c3O)[nH]c2cc1Cl,CHEMBL339902,Vdss,L.kg-1,7.7,Vss,ml kg-1,7700.0,volume_distribution,VDss,(L/kg|L),ChEMBL
A,CCCN(Cc1ccoc1)C(=O)c1cc(C)cc(OCC2(CON=C(N)N)CC2)c1,CHEMBL121396,Vdss,L.kg-1,1.7,Vss,l kg-1,1.7,volume_distribution,VDss,(L/kg|L),ChEMBL
A,CCCC[C@H](NC(=O)OC(C(C)C)C(C)C)C(=O)C(=O)Nc1ccnn1C,CHEMBL152633,Vdss,L.kg-1,0.002,Vss,ml kg-1,2.0,volume_distribution,VDss,(L/kg|L),ChEMBL
A,N=C(N)c1cccc(C2=NO[C@H](Cn3cnnn3)[C@H]2C(=O)Nc2ccc(-c3ccccc3S(N)(=O)=O)cc2)c1,CHEMBL347838,Vdss,L.kg-1,240.0,Vdss,l g-1,0.24,volume_distribution,VDss,(L/kg|L),ChEMBL
A,CCCC[C@H](NC(=O)OC(C(C)C)C(C)C)C(=O)C(=O)Nc1nncs1,CHEMBL156496,Vdss,L.kg-1,0.00065,Vss,ml kg-1,0.65,volume_distribution,VDss,(L/kg|L),ChEMBL
A,CC(C)[C@@H]1CC[C@@H](C)C[C@H]1OCC(=O)Nc1cc(Oc2ccc(C(=O)O)cc2)ccc1[N+](=O)[O-],CHEMBL419935,Vdss,L.kg-1,0.4,Vdss,l kg-1,0.4,volume_distribution,VDss,(L/kg|L),ChEMBL
A,COc1ccc(-n2nc(C)cc2C(=O)Nc2ccc(-c3ccccc3S(N)(=O)=O)cc2)cc1,CHEMBL139788,Vdss,L.kg-1,0.52,Vdss,l kg-1,0.52,volume_distribution,VDss,(L/kg|L),ChEMBL
A,N=C(N)c1ccc2[nH]c(-c3cccc(-c4ccccc4)c3O)cc2c1,CHEMBL96433,Vdss,L.kg-1,11.9,Vss,ml kg-1,11900.0,volume_distribution,VDss,(L/kg|L),ChEMBL
A,CCCN(Cc1ccoc1)C(=O)c1cc(C)cc(OCCCON=C(N)N)c1,CHEMBL341539,Vdss,L.kg-1,2.4,Vss,l kg-1,2.4,volume_distribution,VDss,(L/kg|L),ChEMBL
A,N=C(N)c1cccc(-c2nocc2C(=O)Nc2ccc(-c3ccccc3S(N)(=O)=O)cc2)c1,CHEMBL140072,Vdss,L.kg-1,1700.0,Vdss,l g-1,1.7,volume_distribution,VDss,(L/kg|L),ChEMBL
A,Cc1cc(C(=O)Nc2ccc(-c3ccccc3S(N)(=O)=O)cc2)n(-c2cccc(C(N)=O)c2)n1,CHEMBL343602,Vdss,L.kg-1,0.9,Vdss,l kg-1,0.9,volume_distribution,VDss,(L/kg|L),ChEMBL
A,C=CCN(C(=O)c1cc(C)cc(OCCCON=C(N)N)c1)C1CCCC1,CHEMBL123226,Vdss,L.kg-1,2.8,Vss,l kg-1,2.8,volume_distribution,VDss,(L/kg|L),ChEMBL
A,Cc1cc(C(=O)Nc2ccc(-c3ccccc3S(N)(=O)=O)cc2)n(-c2ccc3onc(N)c3c2)n1,CHEMBL138787,Vdss,L.kg-1,0.7,Vdss,l kg-1,0.7,volume_distribution,VDss,(L/kg|L),ChEMBL
A,CCc1nc(Cc2ccccc2)sc1C1CCN(C[C@H]2CN([C@@H](C(=O)O)C(C)C)C[C@@H]2c2cccc(F)c2)CC1,CHEMBL2112555,Vdss,L.kg-1,0.54,Vdss,l kg-1,0.54,volume_distribution,VDss,(L/kg|L),ChEMBL
A,CCCCN(CC)c1nc(C)nc2c1nnn2-c1ccc(C(C)C)cc1Br,CHEMBL424539,Vdss,L.kg-1,7.54,Vss,l kg-1,7.54,volume_distribution,VDss,(L/kg|L),ChEMBL
A,COCCN(Cc1ccccc1)c1nc(C)nc2c1nnn2-c1ccc(C(C)C)cc1Br,CHEMBL168449,Vdss,L.kg-1,24.72,Vss,l kg-1,24.72,volume_distribution,VDss,(L/kg|L),ChEMBL
A,COCCN(CCOC)c1nc(C)nc2c1nnn2-c1ccc(C(C)C)cc1Br,CHEMBL10504,Vdss,L.kg-1,15.55,Vss,l kg-1,15.55,volume_distribution,VDss,(L/kg|L),ChEMBL
A,CCC(COC)Nc1nc(C)nc2c1nnn2-c1ccc(C(C)C)cc1Br,CHEMBL169416,Vdss,L.kg-1,10.1,Vss,l kg-1,10.1,volume_distribution,VDss,(L/kg|L),ChEMBL
A,CC(C)(C)c1cnc(CSc2cnc(NC(=O)C3CCNCC3)s2)o1,CHEMBL296468,Vdss,L.kg-1,14.0,Vss,l kg-1,14.0,volume_distribution,VDss,(L/kg|L),ChEMBL
A,CC(C)(C)c1cnc(CSc2cnc(NC(=O)C3CCNCC3)s2)o1,CHEMBL296468,Vdss,L.kg-1,15.0,Vss,l kg-1,15.0,volume_distribution,VDss,(L/kg|L),ChEMBL
A,CC(C)(C)c1cnc(CSc2cnc(NC(=O)C3CCNCC3)s2)o1,CHEMBL296468,Vdss,L.kg-1,3.6,Vss,l kg-1,3.6,volume_distribution,VDss,(L/kg|L),ChEMBL
A,O=C(O)[C@@H](CC1CC1)N1C[C@H](CN2CCC(c3[nH]c(Cc4ccccc4)nc3Cl)CC2)[C@@H](c2cccc(F)c2)C1,CHEMBL2112552,Vdss,L.kg-1,1.05,Vdss,l kg-1,1.05,volume_distribution,VDss,(L/kg|L),ChEMBL
A,Nc1nc(N)c2nc(CN3CCN(Cc4ccc(-c5ccccc5)cc4)CC3)nnc2n1,CHEMBL420456,Vdss,L.kg-1,3.1,Vss,l kg-1,3.1,volume_distribution,VDss,(L/kg|L),ChEMBL
A,Cc1cc(C)cc(Nc2nccc(-n3ccnc3-c3ccccc3)n2)c1,CHEMBL45752,Vdss,L.kg-1,1.11,Vdss,l kg-1,1.11,volume_distribution,VDss,(L/kg|L),ChEMBL
A,N=C(N)c1ccc2[nH]cc(CC(=O)Nc3ccc(-c4ccccc4S(N)(=O)=O)cc3Cl)c2c1,CHEMBL136986,Vdss,L.kg-1,2.01,Vdss,l kg-1,2.01,volume_distribution,VDss,(L/kg|L),ChEMBL
A,CCCc1cccnc1N(CC)C1CCN(C(=O)c2cc3cc(NS(C)(=O)=O)ccc3[nH]2)CC1,CHEMBL132883,Vdss,L.kg-1,3.2,Vss,l kg-1,3.2,volume_distribution,VDss,(L/kg|L),ChEMBL
A,CCCc1cccnc1N(CC)C1CCN(C(=O)c2cc3cc(NS(C)(=O)=O)ccc3[nH]2)CC1,CHEMBL132883,Vdss,L.kg-1,3.2,Vss,l kg-1,3.2,volume_distribution,VDss,(L/kg|L),ChEMBL
A,CC(C)Nc1cccnc1N(C)C1CCN(C(=O)c2cc3cc(NS(C)(=O)=O)ccc3[nH]2)CC1,CHEMBL124338,Vdss,L.kg-1,2.5,Vss,l kg-1,2.5,volume_distribution,VDss,(L/kg|L),ChEMBL
A,CC(C)Nc1cccnc1N(C)C1CCN(C(=O)c2cc3cc(NS(C)(=O)=O)ccc3[nH]2)CC1,CHEMBL124338,Vdss,L.kg-1,2.5,Vss,l kg-1,2.5,volume_distribution,VDss,(L/kg|L),ChEMBL
A,COc1cc2ncnc(N3CCN(C(=O)Nc4ccc(C#N)cc4)CC3)c2cc1OC,CHEMBL106966,Vdss,L.kg-1,0.22,Vdss,l kg-1,0.22,volume_distribution,VDss,(L/kg|L),ChEMBL
A,COc1cc2ncnc(N3CCN(C(=O)Nc4ccc(C#N)cc4)CC3)c2cc1OC,CHEMBL106966,Vdss,L.kg-1,0.16,Vdss,l kg-1,0.16,volume_distribution,VDss,(L/kg|L),ChEMBL
A,COc1cc2ncnc(N3CCN(C(=O)Nc4ccc(C#N)cc4)CC3)c2cc1OC,CHEMBL106966,Vdss,L.kg-1,0.15,Vdss,l kg-1,0.15,volume_distribution,VDss,(L/kg|L),ChEMBL
A,COc1cc2ncnc(N3CCN(C(=O)Nc4ccc(C#N)cc4)CC3)c2cc1OC,CHEMBL106966,Vdss,L.kg-1,0.18,Vdss,l kg-1,0.18,volume_distribution,VDss,(L/kg|L),ChEMBL
A,N=C(N)c1ccc2[nH]cc(CC(=O)Nc3ccc(-c4ccccc4S(N)(=O)=O)cc3F)c2c1,CHEMBL136215,Vdss,L.kg-1,0.87,Vdss,l kg-1,0.87,volume_distribution,VDss,(L/kg|L),ChEMBL
A,CC(C)Nc1cccnc1N1CCN(C(=O)c2cc3cc(NS(C)(=O)=O)ccc3[nH]2)CC1,CHEMBL593,Vdss,L.kg-1,1.21,Vss,l kg-1,1.21,volume_distribution,VDss,(L/kg|L),ChEMBL
B,CC(C)Nc1cccnc1N1CCN(C(=O)c2cc3cc(NS(C)(=O)=O)ccc3[nH]2)CC1,CHEMBL593,Vdss,L.kg-1,1.21,Vss,l kg-1,1.21,volume_distribution,VDss,(L/kg|L),ChEMBL
A,CC(C)Cc1cccnc1N(C)C1CCN(C(=O)c2cc3cc(NS(C)(=O)=O)ccc3[nH]2)CC1,CHEMBL133469,Vdss,L.kg-1,2.73,Vss,l kg-1,2.73,volume_distribution,VDss,(L/kg|L),ChEMBL
A,CC(C)Cc1cccnc1N(C)C1CCN(C(=O)c2cc3cc(NS(C)(=O)=O)ccc3[nH]2)CC1,CHEMBL133469,Vdss,L.kg-1,2.73,Vss,l kg-1,2.73,volume_distribution,VDss,(L/kg|L),ChEMBL
A,N=C(N)c1ccc2ncn(CC(=O)Nc3ccc(-c4ccccc4S(N)(=O)=O)cc3)c2c1,CHEMBL343495,Vdss,L.kg-1,3.04,Vdss,l kg-1,3.04,volume_distribution,VDss,(L/kg|L),ChEMBL
A,N=C(N)c1ccc2[nH]cc(CC(=O)Nc3ccc(-c4ccccc4S(N)(=O)=O)cc3Br)c2c1,CHEMBL336661,Vdss,L.kg-1,0.67,Vdss,l kg-1,0.67,volume_distribution,VDss,(L/kg|L),ChEMBL
A,COCCOc1cc2c(N3CCN(C(=O)Nc4ccc(C#N)cc4)CC3)ncnc2cc1OC,CHEMBL145259,Vdss,L.kg-1,0.215,Vdss,l kg-1,0.215,volume_distribution,VDss,(L/kg|L),ChEMBL
A,COCCOc1cc2c(N3CCN(C(=O)Nc4ccc(C#N)cc4)CC3)ncnc2cc1OC,CHEMBL145259,Vdss,L.kg-1,0.252,Vdss,l kg-1,0.252,volume_distribution,VDss,(L/kg|L),ChEMBL
A,COCCOc1cc2c(N3CCN(C(=O)Nc4ccc(C#N)cc4)CC3)ncnc2cc1OC,CHEMBL145259,Vdss,L.kg-1,0.232,Vdss,l kg-1,0.232,volume_distribution,VDss,(L/kg|L),ChEMBL
A,COCCOc1cc2c(N3CCN(C(=O)Nc4ccc(C#N)cc4)CC3)ncnc2cc1OC,CHEMBL145259,Vdss,L.kg-1,0.286,Vdss,l kg-1,0.286,volume_distribution,VDss,(L/kg|L),ChEMBL
A,C[C@H](NC(=O)/C=C/c1ccccc1)c1cccc(N2CCOCC2)c1,CHEMBL317935,Vdss,L.kg-1,2.5,Vdss,l kg-1,2.5,volume_distribution,VDss,(L/kg|L),ChEMBL
A,C[C@H](NC(=O)/C=C/c1ccccc1)c1cccc(N2CCOCC2)c1,CHEMBL317935,Vdss,L.kg-1,3.0,Vdss,l kg-1,3.0,volume_distribution,VDss,(L/kg|L),ChEMBL
A,N=C(N)c1ccc2[nH]cc(CC(=O)Nc3ccc(-c4ccccc4S(N)(=O)=O)cc3)c2c1,CHEMBL136846,Vdss,L.kg-1,0.38,Vdss,l kg-1,0.38,volume_distribution,VDss,(L/kg|L),ChEMBL
A,N=C(N)c1ccc2[nH]cc(CC(=O)Nc3ccc(-c4ccccc4S(N)(=O)=O)cc3)c2c1,CHEMBL136846,Vdss,L.kg-1,0.7,Vdss,l kg-1,0.7,volume_distribution,VDss,(L/kg|L),ChEMBL
A,Nc1nc(N)c2cc(COC(=O)c3ccc(C(=O)N[C@@H](CCC(=O)O)C(=O)O)cc3)ccc2n1,CHEMBL117602,Vdss,L.kg-1,0.42,Vss,l kg-1,0.42,volume_distribution,VDss,(L/kg|L),ChEMBL
A,N=C(N)c1ccc2[nH]cc(CC(=O)Nc3ccc(-c4ccccc4S(N)(=O)=O)cn3)c2c1,CHEMBL138709,Vdss,L.kg-1,1.9,Vdss,l kg-1,1.9,volume_distribution,VDss,(L/kg|L),ChEMBL
A,CN(Cc1cnc2nc(N)nc(N)c2n1)c1ccc(C(=O)N[C@@H](CCC(=O)O)C(=O)O)cc1,CHEMBL34259,Vdss,L.kg-1,0.36,Vss,l kg-1,0.36,volume_distribution,VDss,(L/kg|L),ChEMBL
A,CCC[C@@]1(CCc2ccccc2)CC(O)=C([C@H](CC)c2cccc(NS(=O)(=O)c3ccc(C(F)(F)F)cn3)c2)C(=O)O1,CHEMBL222559,Vdss,L.kg-1,0.51,Vss,l kg-1,0.51,volume_distribution,VDss,(L/kg|L),ChEMBL
A,Cc1ccccc1CNC(=O)[C@H]1N(C(=O)[C@@H](O)[C@H](Cc2ccccc2)NC(=O)c2cccc(O)c2C)CSC1(C)C,CHEMBL300891,Vdss,L.kg-1,1.58,Vdss,l kg-1,1.58,volume_distribution,VDss,(L/kg|L),ChEMBL
A,CN(C)c1cc2c(Nc3ccc4c(cnn4Cc4ccccc4)c3)ncnc2cn1,CHEMBL30432,Vdss,,0.15,Vdss,,0.15,volume_distribution,VDss,(L/kg|L),ChEMBL
A,CN(C)c1cc2c(Nc3ccc4c(cnn4Cc4ccccc4)c3)ncnc2cn1,CHEMBL30432,Vdss,,0.19,Vdss,,0.19,volume_distribution,VDss,(L/kg|L),ChEMBL
A,CN(C)c1cc2c(Nc3ccc4c(cnn4Cc4ccccc4)c3)ncnc2cn1,CHEMBL30432,Vdss,,0.87,Vdss,,0.87,volume_distribution,VDss,(L/kg|L),ChEMBL
A,O=C(C(=O)N1CCN(C(=O)c2ccccc2)CC1)c1c[nH]c2cccc(F)c12,CHEMBL135339,Vdss,L.kg-1,0.99,Vss,l kg-1,0.99,volume_distribution,VDss,(L/kg|L),ChEMBL
A,O=C(C(=O)N1CCN(C(=O)c2ccccc2)CC1)c1c[nH]c2cccc(F)c12,CHEMBL135339,Vdss,L.kg-1,1.8,Vss,l kg-1,1.8,volume_distribution,VDss,(L/kg|L),ChEMBL
A,O=C(C(=O)N1CCN(C(=O)c2ccccc2)CC1)c1c[nH]c2cccc(F)c12,CHEMBL135339,Vdss,L.kg-1,0.24,Vss,l kg-1,0.24,volume_distribution,VDss,(L/kg|L),ChEMBL
A,Cc1ccc(S(=O)(=O)NC(=O)Cc2ccc(NC[C@@H](C)NC[C@H](O)c3cccc(Cl)c3)cc2)cc1,CHEMBL348501,Vdss,L.kg-1,200.0,Vss,l kg-1,200.0,volume_distribution,VDss,(L/kg|L),ChEMBL
A,C[C@H](CNc1ccc(CCS(=O)(=O)NC(=O)c2ccccc2)cc1)NC[C@H](O)c1cccc(Cl)c1,CHEMBL422876,Vdss,L.kg-1,478.0,Vss,l kg-1,478.0,volume_distribution,VDss,(L/kg|L),ChEMBL
A,Cc1ccc(S(=O)(=O)NC(=O)Cc2cccc(NC[C@@H](C)NC[C@H](O)c3cccc(Cl)c3)c2)cc1,CHEMBL347582,Vdss,L.kg-1,409.0,Vss,l kg-1,409.0,volume_distribution,VDss,(L/kg|L),ChEMBL
A,COc1ccnc2[nH]cc(C(=O)C(=O)N3CCN(C(=O)c4ccccc4)C[C@H]3C)c12,CHEMBL337301,Vdss,L.kg-1,0.56,Vss,l kg-1,0.56,volume_distribution,VDss,(L/kg|L),ChEMBL
A,COc1ccnc2[nH]cc(C(=O)C(=O)N3CCN(C(=O)c4ccccc4)C[C@H]3C)c12,CHEMBL337301,Vdss,L.kg-1,0.47,Vss,l kg-1,0.47,volume_distribution,VDss,(L/kg|L),ChEMBL
A,COc1ccnc2[nH]cc(C(=O)C(=O)N3CCN(C(=O)c4ccccc4)C[C@H]3C)c12,CHEMBL337301,Vdss,L.kg-1,0.39,Vss,l kg-1,0.39,volume_distribution,VDss,(L/kg|L),ChEMBL
A,N[C@H](C(=O)N1CC[C@H](F)C1)[C@H]1CC[C@H](NS(=O)(=O)c2ccc(F)cc2F)CC1,CHEMBL22310,Vdss,L.kg-1,2.5,Vdss,l kg-1,2.5,volume_distribution,VDss,(L/kg|L),ChEMBL
A,N[C@H](C(=O)N1CC[C@H](F)C1)[C@H]1CC[C@H](NS(=O)(=O)c2ccc(F)cc2F)CC1,CHEMBL22310,Vdss,L.kg-1,4.4,Vdss,l kg-1,4.4,volume_distribution,VDss,(L/kg|L),ChEMBL
A,O=c1c2c(oc(O)c1[C@H](c1cccc(NS(=O)(=O)c3ccc(F)cc3)c1)C1CC1)CCCCCC2,CHEMBL279765,Vdss,L.kg-1,0.13,Vss,l kg-1,0.13,volume_distribution,VDss,(L/kg|L),ChEMBL
A,N#Cc1ccc(S(=O)(=O)Nc2cccc([C@@H](c3c(O)oc4c(c3=O)CCCCCC4)C3CC3)c2)cc1,CHEMBL16431,Vdss,L.kg-1,0.12,Vss,l kg-1,0.12,volume_distribution,VDss,(L/kg|L),ChEMBL
A,C[S+]([O-])c1ccc(-c2cc(-c3ccncc3)c(-c3ccc(F)cc3)[nH]2)cc1,CHEMBL88486,Vdss,L.kg-1,2.23,Vdss,l kg-1,2.23,volume_distribution,VDss,(L/kg|L),ChEMBL
A,C[S+]([O-])c1ccc(-c2cc(-c3ccncc3)c(-c3ccc(F)cc3)[nH]2)cc1,CHEMBL88486,Vdss,L.kg-1,1.81,Vdss,l kg-1,1.81,volume_distribution,VDss,(L/kg|L),ChEMBL
A,O=c1c2c(oc(O)c1C(c1cccc(NS(=O)(=O)c3ccc(F)cc3)c1)C1CC1)CCCCCC2,CHEMBL277309,Vdss,L.kg-1,0.16,Vss,l kg-1,0.16,volume_distribution,VDss,(L/kg|L),ChEMBL
A,O=c1c2c(oc(O)c1C(c1cccc(NS(=O)(=O)c3ccc(F)cc3)c1)C1CC1)CCCCCC2,CHEMBL277309,Vdss,L.kg-1,0.08,Vss,l kg-1,0.08,volume_distribution,VDss,(L/kg|L),ChEMBL
A,O=c1c2c(oc(O)c1[C@@H](c1cccc(NS(=O)(=O)c3ccc(F)cc3)c1)C1CC1)CCCCCC2,CHEMBL15959,Vdss,L.kg-1,0.15,Vss,l kg-1,0.15,volume_distribution,VDss,(L/kg|L),ChEMBL
A,N#Cc1ccc(S(=O)(=O)Nc2cccc([C@H](c3c(O)oc4c(c3=O)CCCCCC4)C3CC3)c2)cc1,CHEMBL16422,Vdss,L.kg-1,0.15,Vss,l kg-1,0.15,volume_distribution,VDss,(L/kg|L),ChEMBL
A,N#Cc1ccc(S(=O)(=O)Nc2cccc(C(c3c(O)c4c(oc3=O)CCCCCC4)C3CC3)c2)cc1,CHEMBL2062136,Vdss,L.kg-1,0.11,Vss,l kg-1,0.11,volume_distribution,VDss,(L/kg|L),ChEMBL
A,N#Cc1ccc(S(=O)(=O)Nc2cccc(C(c3c(O)c4c(oc3=O)CCCCCC4)C3CC3)c2)cc1,CHEMBL2062136,Vdss,L.kg-1,0.085,Vss,l kg-1,0.085,volume_distribution,VDss,(L/kg|L),ChEMBL
A,Nc1cnc(-c2cccc(Cl)c2)n(CC(=O)NC(Cc2ccccc2)C(=O)C(F)(F)C(=O)NCc2ccccc2)c1=O,CHEMBL24734,Vdss,L.kg-1,0.369,Vdss,ml kg-1,369.0,volume_distribution,VDss,(L/kg|L),ChEMBL
A,Nc1cnc(-c2cccc(Cl)c2)n(CC(=O)NC(Cc2ccccc2)C(=O)C(F)(F)C(=O)NCc2ccccc2)c1=O,CHEMBL24734,Vdss,L.kg-1,0.257,Vdss,ml kg-1,257.0,volume_distribution,VDss,(L/kg|L),ChEMBL
A,O=c1c2c(oc(O)c1[C@H](c1cccc(NS(=O)(=O)c3cccc4cccnc34)c1)C1CC1)CCCCCC2,CHEMBL275888,Vdss,L.kg-1,0.15,Vss,l kg-1,0.15,volume_distribution,VDss,(L/kg|L),ChEMBL
A,Cn1cnc(S(=O)(=O)Nc2cccc([C@@H](c3c(O)c4c(oc3=O)CCCCCC4)C3CC3)c2)c1,CHEMBL280303,Vdss,L.kg-1,0.2,Vss,l kg-1,0.2,volume_distribution,VDss,(L/kg|L),ChEMBL
A,CN(C[C@@H](CCN1CCC(c2ccccc2[S@+](C)[O-])CC1)c1ccc(Cl)c(Cl)c1)C(=O)c1cc(C#N)cc2ccccc12,CHEMBL129683,Vdss,L.kg-1,3.7,Vdss,l kg-1,3.7,volume_distribution,VDss,(L/kg|L),ChEMBL
A,CN(C[C@@H](CCN1CCC(c2ccccc2[S@+](C)[O-])CC1)c1ccc(Cl)c(Cl)c1)C(=O)c1cc(C#N)cc2ccccc12,CHEMBL129683,Vdss,L.kg-1,2.0,Vdss,l kg-1,2.0,volume_distribution,VDss,(L/kg|L),ChEMBL
A,O=C(Cc1ccc2ccccc2c1)Nc1cc(C2CC2)n[nH]1,CHEMBL115220,Vdss,L.kg-1,1.057,Vss,ml kg-1,1057.0,volume_distribution,VDss,(L/kg|L),ChEMBL
A,c1cncc(-c2cnn3cc(-c4ccc(OCCN5CCCCC5)cc4)cnc23)c1,CHEMBL117166,Vdss,L.kg-1,6.0,Vdss,l kg-1,6.0,volume_distribution,VDss,(L/kg|L),ChEMBL
A,N#Cc1cccc(C(=O)C(Nc2ccc(Cl)cc2)NC(Cn2ccnc2)c2ccc(Cl)cc2Cl)c1,CHEMBL269369,Vdss,L.kg-1,2.37,Vss,l kg-1,2.37,volume_distribution,VDss,(L/kg|L),ChEMBL
A,c1cc(-c2cnn3cc(-c4ccc(OCCN5CCCCC5)cc4)cnc23)cs1,CHEMBL333021,Vdss,L.kg-1,16.0,Vdss,l kg-1,16.0,volume_distribution,VDss,(L/kg|L),ChEMBL
A,CN1CCN(CCCn2ccc(-c3cnc4c(-c5ccsc5)cnn4c3)cc2=O)CC1,CHEMBL118400,Vdss,L.kg-1,7.9,Vdss,l kg-1,7.9,volume_distribution,VDss,(L/kg|L),ChEMBL
A,O=C(O)c1cccc(C[C@@H]2COc3ccc(OCc4nc5cc(F)ccc5s4)cc3[C@@H]2O)c1,CHEMBL442150,Vdss,L.kg-1,0.4,Vdss,l kg-1,0.4,volume_distribution,VDss,(L/kg|L),ChEMBL
A,O=C(Cc1ccccc1)Nc1c2c(nc3ccccc13)N(Cc1ccccc1)CC2,CHEMBL283047,Vdss,ml,43.0,Vdss,ml,43.0,volume_distribution,VDss,(L/kg|L),ChEMBL
A,CCCCN(CC)c1nc(C)nc2c1c(C)cn2-c1c(C)cc(C)cc1C,CHEMBL9946,Vdss,L.kg-1,6.7,Vdss,l kg-1,6.7,volume_distribution,VDss,(L/kg|L),ChEMBL
A,COc1ccc(NS(=O)(=O)C(F)(F)F)cc1C[C@H]1[C@@H](O)c2cc(OCc3nc4cc(F)c(F)cc4s3)ccc2OC1(C)C,CHEMBL332680,Vdss,L.kg-1,3.8,Vdss,l kg-1,3.8,volume_distribution,VDss,(L/kg|L),ChEMBL
A,COc1ccc(NS(=O)(=O)C(F)(F)F)cc1C[C@H]1[C@@H](O)c2cc(OCc3ccc4ccc(Cl)cc4n3)ccc2OC1(C)C,CHEMBL119214,Vdss,L.kg-1,1.6,Vdss,l kg-1,1.6,volume_distribution,VDss,(L/kg|L),ChEMBL
A,CC(C)c1ccc(NC(=O)N2CCC[C@H]2C(=O)N2CC[C@H]3[C@H]2[C@H](C)C(=O)N3c2nc3ccccc3s2)cc1,CHEMBL344656,Vdss,L.kg-1,0.8,Vdss,l kg-1,0.8,volume_distribution,VDss,(L/kg|L),ChEMBL
A,CC(C)c1ccc(NC(=O)N2CCC[C@H]2C(=O)N2CC[C@H]3[C@H]2[C@H](C)C(=O)N3c2nc3ccccc3s2)cc1,CHEMBL344656,Vdss,L.kg-1,1.6,Vdss,l kg-1,1.6,volume_distribution,VDss,(L/kg|L),ChEMBL
A,O=C(NC[C@H]1CN(c2ccc(C3CC[S+]([O-])CC3)c(F)c2)C(=O)O1)C(F)F,CHEMBL134320,Vdss,L.kg-1,1.78,Vss,l kg-1,1.78,volume_distribution,VDss,(L/kg|L),ChEMBL
A,O=C(NC[C@H]1CN(c2ccc(C3CC[S+]([O-])CC3)c(F)c2)C(=O)O1)C(F)F,CHEMBL134320,Vdss,L.kg-1,29.84,Vss,l kg-1,29.84,volume_distribution,VDss,(L/kg|L),ChEMBL
A,O=C(NC[C@H]1CN(c2ccc(C3CC[S+]([O-])CC3)c(F)c2)C(=O)O1)C(F)F,CHEMBL134320,Vdss,L.kg-1,29.84,Vss,l kg-1,29.84,volume_distribution,VDss,(L/kg|L),ChEMBL
A,CCCN(CCC)C(=O)[C@@H]1OC(C(=O)O)=C[C@H](NC(=N)N)[C@H]1NC(C)=O,CHEMBL433269,Vdss,L.kg-1,0.5,Vss,l kg-1,0.5,volume_distribution,VDss,(L/kg|L),ChEMBL
A,CC(=O)N[C@H]1[C@H]([C@H](O)[C@H](O)CO)OC(C(=O)O)=C[C@@H]1NC(=N)N,CHEMBL222813,Vdss,L.kg-1,0.3,Vss,l kg-1,0.3,volume_distribution,VDss,(L/kg|L),ChEMBL
A,N=C(N)c1ccc(CNC(=O)[C@@H]2CCCN2C(=O)[C@H](NS(N)(=O)=O)C(c2ccccc2)c2ccccc2)cc1,CHEMBL331771,Vdss,L.kg-1,0.297,Vdss,ml kg-1,297.0,volume_distribution,VDss,(L/kg|L),ChEMBL
A,CCCN(C)C(=O)[C@@H]1OC(C(=O)O)=C[C@H](NC(=N)N)[C@H]1NC(C)=O,CHEMBL300461,Vdss,L.kg-1,0.3,Vss,l kg-1,0.3,volume_distribution,VDss,(L/kg|L),ChEMBL
A,N=C(N)c1ccc(CNC(=O)[C@@H]2CCCN2C(=O)[C@H](NS(N)(=O)=O)C(c2ccccc2)c2ccccc2)s1,CHEMBL331742,Vdss,L.kg-1,0.31,Vdss,ml kg-1,310.0,volume_distribution,VDss,(L/kg|L),ChEMBL
A,COC(=O)N[C@@H](C(=O)N1CCC[C@H]1C(=O)NCc1ccc(C(=N)N)s1)C(c1ccccc1)c1ccccc1,CHEMBL119877,Vdss,L.kg-1,0.152,Vdss,ml kg-1,152.0,volume_distribution,VDss,(L/kg|L),ChEMBL
A,CCCN(CCC)C(=O)[C@@H]1OC(C(=O)O)=C[C@H](N)[C@H]1NC(C)=O,CHEMBL295490,Vdss,L.kg-1,0.4,Vss,l kg-1,0.4,volume_distribution,VDss,(L/kg|L),ChEMBL
A,CCCCCCCCCN(CCC)C(=O)[C@@H]1OC(C(=O)O)=C[C@H](N)[C@H]1NC(C)=O,CHEMBL430869,Vdss,L.kg-1,1.3,Vss,l kg-1,1.3,volume_distribution,VDss,(L/kg|L),ChEMBL
A,COC(=O)N[C@@H](C(=O)N1CCC[C@H]1C(=O)NCc1csc(C(=N)N)c1)C(c1ccccc1)c1ccccc1,CHEMBL121379,Vdss,L.kg-1,0.23,Vdss,ml kg-1,230.0,volume_distribution,VDss,(L/kg|L),ChEMBL
A,COC(=O)N[C@@H](C(=O)N1CCC[C@H]1C(=O)NCc1ccc(C(=N)N)cc1)C(c1ccccc1)c1ccccc1,CHEMBL120187,Vdss,L.kg-1,0.174,Vdss,ml kg-1,174.0,volume_distribution,VDss,(L/kg|L),ChEMBL
A,N=C(N)c1ccc(CNC(=O)[C@@H]2CCCN2C(=O)[C@H](NCC(=O)O)C(c2ccccc2)c2ccccc2)s1,CHEMBL420540,Vdss,L.kg-1,0.258,Vdss,ml kg-1,258.0,volume_distribution,VDss,(L/kg|L),ChEMBL
F,N=C(N)c1ccc(CNC(=O)[C@@H]2CCCN2C(=O)[C@H](NCC(=O)O)C(c2ccccc2)c2ccccc2)s1,CHEMBL420540,Vdss,L.kg-1,0.223,Vdss,ml kg-1,223.0,volume_distribution,VDss,(L/kg|L),ChEMBL
F,N=C(N)c1ccc(CNC(=O)[C@@H]2CCCN2C(=O)[C@H](NCC(=O)O)C(c2ccccc2)c2ccccc2)s1,CHEMBL420540,Vdss,L.kg-1,0.23,Vdss,ml kg-1,230.0,volume_distribution,VDss,(L/kg|L),ChEMBL
A,N=C(N)c1csc(CNC(=O)[C@@H]2CCCN2C(=O)[C@H](NCC(=O)O)C(c2ccccc2)c2ccccc2)n1,CHEMBL121150,Vdss,L.kg-1,0.189,Vdss,ml kg-1,189.0,volume_distribution,VDss,(L/kg|L),ChEMBL
A,CCCCCCCCCN(CCC)C(=O)[C@@H]1OC(C(=O)O)=C[C@H](N=C(N)N)[C@H]1NC(C)=O,CHEMBL353758,Vdss,L.kg-1,1.2,Vss,l kg-1,1.2,volume_distribution,VDss,(L/kg|L),ChEMBL
A,COC(=O)N[C@@H](C(=O)N1CCC[C@H]1C(=O)NCc1ccc(C(=N)N)nc1)C(c1ccccc1)c1ccccc1,CHEMBL331571,Vdss,L.kg-1,0.139,Vdss,ml kg-1,139.0,volume_distribution,VDss,(L/kg|L),ChEMBL
A,CCCCCCCCc1ccc(CC[C@@H](N)C[C@@H](O)P(=O)(O)O)cc1,CHEMBL115554,Vdss,L.kg-1,1.4,Vdss,l kg-1,1.4,volume_distribution,VDss,(L/kg|L),ChEMBL
A,Cc1noc(NS(=O)(=O)c2ccccc2-c2ccc(-c3ncco3)cc2CN2CCC(C)(C)C2=O)c1C,CHEMBL29972,Vdss,L.kg-1,0.32,Vss,l kg-1,0.32,volume_distribution,VDss,(L/kg|L),ChEMBL
A,Cc1onc(NS(=O)(=O)c2ccccc2-c2ccc(-c3ncco3)cc2N(C)C(=O)CC(C)(C)C)c1C,CHEMBL274489,Vdss,L.kg-1,1.1,Vss,l kg-1,1.1,volume_distribution,VDss,(L/kg|L),ChEMBL
A,Cc1onc(NS(=O)(=O)c2ccccc2-c2ccc(-c3ncco3)cc2N(C)C(=O)CC(C)(C)C)c1C,CHEMBL274489,Vdss,L.kg-1,0.25,Vss,l kg-1,0.25,volume_distribution,VDss,(L/kg|L),ChEMBL
A,CC(=O)NC[C@H]1CN(c2ccc(N3CCOCC3)c(F)c2)C(=O)O1,CHEMBL126,Vdss,L.kg-1,0.72,Vss,l kg-1,0.72,volume_distribution,VDss,(L/kg|L),ChEMBL
A,Cc1ccc(-n2nc(C(C)(C)C)cc2NC(=O)Nc2ccc(OCCN3CCOCC3)c3ccccc23)cc1,CHEMBL103667,Vdss,L.kg-1,0.07,Vss,l kg-1,0.07,volume_distribution,VDss,(L/kg|L),ChEMBL
A,Cc1ccc(-n2nc(C(C)(C)C)cc2NC(=O)Nc2ccc(OCCN3CCOCC3)c3ccccc23)cc1,CHEMBL103667,Vdss,L.kg-1,1.9,Vss,l kg-1,1.9,volume_distribution,VDss,(L/kg|L),ChEMBL
A,CN[C@H](CC(C)C)C(=O)N[C@H]1C(=O)N[C@@H](CC(N)=O)C(=O)N[C@H]2C(=O)N[C@H]3C(=O)N[C@H](C(=O)N[C@H](C(=O)O)c4cc(O)cc(O)c4-c4cc3ccc4O)[C@H](O)c3ccc(c(Cl)c3)Oc3cc2cc(c3OC2OC(CO)C(O)C(O)C2OC2CC(C)(NC(=O)OCc3cc(C)c(OC(=O)CNC(=O)COCCO)c(C)c3)C(O)C(C)O2)Oc2ccc(cc2Cl)[C@H]1O,CHEMBL410160,Vdss,L.kg-1,2.723,Vss,ml kg-1,2723.3,volume_distribution,VDss,(L/kg|L),ChEMBL
A,CCCc1ccc(NS(=O)(=O)Cc2ccccc2)c(=O)n1CC(=O)NCc1ccc(N)nc1C,CHEMBL45480,Vdss,L.kg-1,0.54,Vdss,l/kg,0.54,volume_distribution,VDss,(L/kg|L),ChEMBL
A,CN[C@H](CC(C)C)C(=O)N[C@H]1C(=O)N[C@@H](CC(N)=O)C(=O)N[C@H]2C(=O)N[C@H]3C(=O)N[C@H](C(=O)N[C@H](C(=O)O)c4cc(O)cc(O)c4-c4cc3ccc4O)[C@H](O)c3ccc(c(Cl)c3)Oc3cc2cc(c3OC2OC(CO)C(O)C(O)C2OC2CC(C)(NC(=O)OCc3cc(C)c(OC(=O)CNC(=O)CC(NC(=O)COCCO)C(=O)NCC(=O)Oc4c(C)cc(COC(=O)NC5(C)CC(OC6C(Oc7c8cc9cc7Oc7ccc(cc7Cl)[C@@H](O)[C@@H](NC(=O)[C@@H](CC(C)C)NC)C(=O)N[C@@H](CC(N)=O)C(=O)N[C@H]9C(=O)N[C@H]7C(=O)N[C@H](C(=O)N[C@H](C(=O)O)c9cc(O)cc(O)c9-c9cc7ccc9O)[C@H](O)c7ccc(c(Cl)c7)O8)OC(CO)C(O)C6O)OC(C)C5O)cc4C)c(C)c3)C(O)C(C)O2)Oc2ccc(cc2Cl)[C@H]1O,CHEMBL441925,Vdss,L.kg-1,3.598,Vss,ml kg-1,3598.0,volume_distribution,VDss,(L/kg|L),ChEMBL
A,Cc1noc(NS(=O)(=O)c2ccccc2-c2ccc(-c3ncco3)cc2CN(C)C(=O)CC(C)(C)C)c1C,CHEMBL281659,Vdss,L.kg-1,0.7,Vss,l kg-1,0.7,volume_distribution,VDss,(L/kg|L),ChEMBL
A,Cc1onc(NS(=O)(=O)c2ccccc2-c2ccc(-c3ncco3)cc2CN2CCC(C)(C)C2=O)c1C,CHEMBL2113316,Vdss,L.kg-1,2.3,Vss,l kg-1,2.3,volume_distribution,VDss,(L/kg|L),ChEMBL
A,Cc1noc(NS(=O)(=O)c2ccccc2-c2ccc(-c3ncco3)cc2)c1C,CHEMBL24461,Vdss,L.kg-1,0.08,Vss,l kg-1,0.08,volume_distribution,VDss,(L/kg|L),ChEMBL
A,Cc1noc(NS(=O)(=O)c2ccccc2-c2ccc(-c3ncco3)cc2)c1C,CHEMBL24461,Vdss,L.kg-1,0.13,Vss,l kg-1,0.13,volume_distribution,VDss,(L/kg|L),ChEMBL
A,CC(=O)NC[C@H]1CN(c2ccc(-n3ccc(C#N)c3)c(F)c2)C(=O)O1,CHEMBL147405,Vdss,L.kg-1,0.52,Vss,l kg-1,0.52,volume_distribution,VDss,(L/kg|L),ChEMBL
A,CCCCCCCCc1ccc(CCC(N)(CO)COP(=O)(O)O)cc1,CHEMBL114606,Vdss,L.kg-1,5.9,Vdss,l kg-1,5.9,volume_distribution,VDss,(L/kg|L),ChEMBL
A,CCCCCCCCc1ccc(CCC(N)COP(=O)(O)O)cc1,CHEMBL432067,Vdss,L.kg-1,35.1,Vdss,l kg-1,35.1,volume_distribution,VDss,(L/kg|L),ChEMBL
A,O=C(N[C@H]1c2ccccc2C[C@H]1O)[C@H](Cc1cccc(O)c1)[C@@H](C(=O)NO)C1CCNCC1,CHEMBL24763,Vdss,L.kg-1,0.3,Vss,l kg-1,0.3,volume_distribution,VDss,(L/kg|L),ChEMBL
A,O=C(N[C@H]1c2ccccc2C[C@H]1O)[C@H](Cc1cccc(O)c1)[C@@H](C(=O)NO)C1CCNCC1,CHEMBL24763,Vdss,L.kg-1,0.2,Vss,l kg-1,0.2,volume_distribution,VDss,(L/kg|L),ChEMBL
A,Cn1cc(C2=C(O)C(O)=C(c3ccccc3)C(=O)C2=O)c2ccccc21,CHEMBL116306,Vdss,L.kg-1,0.1,Vdss,l kg-1,0.1,volume_distribution,VDss,(L/kg|L),ChEMBL
A,Cn1cc(C2=C(O)C(O)=C(c3ccccc3)C(=O)C2=O)c2ccccc21,CHEMBL116306,Vdss,L.kg-1,0.56,Vdss,l kg-1,0.56,volume_distribution,VDss,(L/kg|L),ChEMBL
A,Cn1cc(C2=C(O)C(O)=C(c3ccccc3)C(=O)C2=O)c2ccccc21,CHEMBL116306,Vdss,L.kg-1,0.31,Vdss,l kg-1,0.31,volume_distribution,VDss,(L/kg|L),ChEMBL
A,CCCCCCCCc1ccc(CC[C@@H](N)C[C@H](O)P(=O)(O)O)cc1,CHEMBL115713,Vdss,L.kg-1,0.7,Vdss,l kg-1,0.7,volume_distribution,VDss,(L/kg|L),ChEMBL
A,CN[C@H](CC(C)C)C(=O)N[C@H]1C(=O)N[C@@H](CC(N)=O)C(=O)N[C@H]2C(=O)N[C@H]3C(=O)N[C@H](C(=O)N[C@H](C(=O)O)c4cc(O)cc(O)c4-c4cc3ccc4O)[C@H](O)c3ccc(c(Cl)c3)Oc3cc2cc(c3OC2OC(CO)C(O)C(O)C2OC2CC(C)(NC(=O)OCc3cc(C)c(OC(=O)C(C)NC(=O)COCCO)c(C)c3)C(O)C(C)O2)Oc2ccc(cc2Cl)[C@H]1O,CHEMBL263354,Vdss,L.kg-1,2.641,Vss,ml kg-1,2640.8,volume_distribution,VDss,(L/kg|L),ChEMBL
A,CCOc1ccc(-n2c(C)c3c(C)nnc(C)c3c2C)cc1,CHEMBL26114,Vdss,L.kg-1,1.3,Vdss,l kg-1,1.3,volume_distribution,VDss,(L/kg|L),ChEMBL
A,CN[C@H](CC(C)C)C(=O)N[C@H]1C(=O)N[C@@H](CC(N)=O)C(=O)N[C@H]2C(=O)N[C@H]3C(=O)N[C@H](C(=O)N[C@H](C(=O)O)c4cc(O)cc(O)c4-c4cc3ccc4O)[C@H](O)c3ccc(c(Cl)c3)Oc3cc2cc(c3O[C@@H]2O[C@H](CO)[C@@H](O)[C@H](O)[C@H]2O[C@H]2C[C@](C)(N)[C@H](O)[C@H](C)O2)Oc2ccc(cc2Cl)[C@H]1O,CHEMBL262777,Vdss,L.kg-1,0.3093,Vss,ml kg-1,309.3,volume_distribution,VDss,(L/kg|L),ChEMBL
A,CN[C@H](CC(C)C)C(=O)N[C@H]1C(=O)N[C@@H](CC(N)=O)C(=O)N[C@H]2C(=O)N[C@H]3C(=O)N[C@H](C(=O)N[C@H](C(=O)O)c4cc(O)cc(O)c4-c4cc3ccc4O)[C@H](O)c3ccc(c(Cl)c3)Oc3cc2cc(c3OC2OC(CO)C(O)C(O)C2OC2CC(C)(NC(=O)OCc3cc(C)c(OC(=O)NCCOCCO)c(C)c3)C(O)C(C)O2)Oc2ccc(cc2Cl)[C@H]1O,CHEMBL407229,Vdss,L.kg-1,1.648,Vss,ml kg-1,1648.3,volume_distribution,VDss,(L/kg|L),ChEMBL
A,CN[C@H](CC(C)C)C(=O)N[C@H]1C(=O)N[C@@H](CC(N)=O)C(=O)N[C@H]2C(=O)N[C@H]3C(=O)N[C@H](C(=O)N[C@H](C(=O)O)c4cc(O)cc(O)c4-c4cc3ccc4O)[C@H](O)c3ccc(c(Cl)c3)Oc3cc2cc(c3OC2OC(CO)C(O)C(O)C2OC2CC(C)(NC(=O)OCc3cc(C)c(OC(=O)NCCOCCOCCNC(=O)CNC(=O)CC(NC(=O)COCCO)C(=O)NCC(=O)NCCOCCOCCNC(=O)Oc4c(C)cc(COC(=O)NC5(C)CC(OC6C(Oc7c8cc9cc7Oc7ccc(cc7Cl)[C@@H](O)[C@@H](NC(=O)[C@@H](CC(C)C)NC)C(=O)N[C@@H](CC(N)=O)C(=O)N[C@H]9C(=O)N[C@H]7C(=O)N[C@H](C(=O)N[C@H](C(=O)O)c9cc(O)cc(O)c9-c9cc7ccc9O)[C@H](O)c7ccc(c(Cl)c7)O8)OC(CO)C(O)C6O)OC(C)C5O)cc4C)c(C)c3)C(O)C(C)O2)Oc2ccc(cc2Cl)[C@H]1O,CHEMBL414325,Vdss,L.kg-1,1.341,Vss,ml kg-1,1341.0,volume_distribution,VDss,(L/kg|L),ChEMBL
A,CC(=O)NC[C@H]1CN(c2ccc(-n3cc(C#N)cn3)c(F)c2)C(=O)O1,CHEMBL345499,Vdss,L.kg-1,0.43,Vss,l kg-1,0.43,volume_distribution,VDss,(L/kg|L),ChEMBL
A,Cc1nc(N)ccc1CNC(=O)Cn1c(C)ccc(NS(=O)(=O)Cc2ccccc2)c1=O,CHEMBL11157,Vdss,L.kg-1,0.46,Vdss,l/kg,0.46,volume_distribution,VDss,(L/kg|L),ChEMBL
A,Cc1noc(NS(=O)(=O)c2ccccc2-c2ccc(-c3ncco3)cc2Cn2ccc(C(F)(F)F)n2)c1C,CHEMBL285832,Vdss,L.kg-1,1.5,Vss,l kg-1,1.5,volume_distribution,VDss,(L/kg|L),ChEMBL
A,O=C(O)C(=O)Nc1sc2c(c1C(=O)O)CCNC2,CHEMBL139393,Vdss,L.kg-1,0.9,Vss,l kg-1,0.9,volume_distribution,VDss,(L/kg|L),ChEMBL
F,CCc1c2c(nc3ccc(N)cc13)-c1cc3c(c(=O)n1C2)COC(=O)[C@]3([O-])CC.[Na+],CHEMBL1626984,Vdss,L.kg-1,2.65,Vdss,l kg-1,2.65,volume_distribution,VDss,(L/kg|L),ChEMBL
A,CN(CCOc1ccc(CC2SC(=O)NC2=O)cc1)c1ccccn1,CHEMBL121,Vdss,L.kg-1,0.38,Vss,l kg-1,0.38,volume_distribution,VDss,(L/kg|L),ChEMBL
A,CCOC(Cc1ccc(OCCCN2c3ccccc3OCOc3ccccc32)cc1)C(=O)O,CHEMBL166572,Vdss,L.kg-1,0.76,Vss,l kg-1,0.76,volume_distribution,VDss,(L/kg|L),ChEMBL
A,O=C(O)[C@@H](C1CCCCC1)N1C[C@H](CN2CCC(CCCc3ccccc3)CC2)[C@@H](c2ccccc2)C1,CHEMBL102826,Vdss,L.kg-1,3.3,Vdss,l kg-1,3.3,volume_distribution,VDss,(L/kg|L),ChEMBL
A,O=C(O)[C@@H](C1CCCCC1)N1C[C@H](CN2CCC(CCCc3ccccc3)CC2)[C@@H](c2ccccc2)C1,CHEMBL102826,Vdss,L.kg-1,3.1,Vdss,l kg-1,3.1,volume_distribution,VDss,(L/kg|L),ChEMBL
A,O=C(O)[C@@H](C1CCCCC1)N1C[C@H](CN2CCC(CCCc3ccccc3)CC2)[C@@H](c2ccccc2)C1,CHEMBL102826,Vdss,L.kg-1,6.2,Vdss,l kg-1,6.2,volume_distribution,VDss,(L/kg|L),ChEMBL
A,CCc1ccc(CCOc2ccc(CC3SC(=O)NC3=O)cc2)nc1,CHEMBL595,Vdss,L.kg-1,0.22,Vss,l kg-1,0.22,volume_distribution,VDss,(L/kg|L),ChEMBL
A,O=C(O)[C@@H](C1CCCCC1)N1C[C@H](CN2CCC(O)(CCCc3ccccc3)CC2)[C@@H](c2ccccc2)C1,CHEMBL322603,Vdss,L.kg-1,15.0,Vdss,l kg-1,15.0,volume_distribution,VDss,(L/kg|L),ChEMBL
A,CC(C)[C@H](C(=O)O)N1C[C@H](CN2CCC(c3ccc(F)cc3)CC2)[C@@H](c2ccccc2)C1,CHEMBL322693,Vdss,L.kg-1,8.4,Vdss,l kg-1,8.4,volume_distribution,VDss,(L/kg|L),ChEMBL
A,CC(C)[C@H](C(=O)O)N1C[C@H](CN2CCC(c3ccc(F)cc3)CC2)[C@@H](c2ccccc2)C1,CHEMBL322693,Vdss,L.kg-1,8.6,Vdss,l kg-1,8.6,volume_distribution,VDss,(L/kg|L),ChEMBL
A,CC(C)[C@H](C(=O)O)N1C[C@H](CN2CCC(c3ccc(F)cc3)CC2)[C@@H](c2ccccc2)C1,CHEMBL322693,Vdss,L.kg-1,4.2,Vdss,l kg-1,4.2,volume_distribution,VDss,(L/kg|L),ChEMBL
A,CCO[C@@H](Cc1ccc(OCCn2c3ccccc3c3ccccc32)cc1)C(=O)O,CHEMBL86658,Vdss,L.kg-1,0.73,Vss,l kg-1,0.73,volume_distribution,VDss,(L/kg|L),ChEMBL
A,O=C(O)[C@@H](CC1CCC1)N1C[C@H](CN2CCC(CCCc3ccccc3)CC2)[C@@H](c2ccccc2)C1,CHEMBL20896,Vdss,L.kg-1,5.9,Vdss,l kg-1,5.9,volume_distribution,VDss,(L/kg|L),ChEMBL
F,CCc1c2c(nc3ccc(N)cc13)-c1cc3c(c(=O)n1C2)COC(=O)[C@]3(O)CC,CHEMBL281768,Vdss,L.kg-1,2.37,Vdss,l kg-1,2.37,volume_distribution,VDss,(L/kg|L),ChEMBL
A,CCO[C@@H](Cc1ccc(OCCn2c3ccccc3c3ccncc32)cc1)C(=O)O,CHEMBL166637,Vdss,L.kg-1,0.88,Vss,l kg-1,0.88,volume_distribution,VDss,(L/kg|L),ChEMBL
A,O=C(O)C(=O)Nc1sc2c(c1C(=O)O)CCN(CCc1ccccc1)C2,CHEMBL140120,Vdss,L.kg-1,0.9,Vss,l kg-1,0.9,volume_distribution,VDss,(L/kg|L),ChEMBL
A,COc1ccc(CCN2CCC(c3nc(COCC(F)(F)F)c(-c4ccccc4)o3)CC2)cc1S(=O)(=O)NCCNC(C)=O,CHEMBL168501,Vdss,L.kg-1,2.833,Vss,ml kg-1,2833.0,volume_distribution,VDss,(L/kg|L),ChEMBL
A,COc1ccc(CCN2CCC(c3nc(COCC(F)(F)F)c(-c4ccccc4)o3)CC2)cc1S(=O)(=O)NCCNC(C)=O,CHEMBL168501,Vdss,L.kg-1,0.6,Vss,ml kg-1,600.0,volume_distribution,VDss,(L/kg|L),ChEMBL
A,Cc1cc(=O)oc2c3c(c(CO)cc12)OC(C)(C)[C@H](OC(=O)C12CCC(C)(C(=O)O1)C2(C)C)[C@@H]3OC(=O)C12CCC(C)(C(=O)O1)C2(C)C,CHEMBL351636,Vdss,L.kg-1,3.89,Vss,l kg-1,3.89,volume_distribution,VDss,(L/kg|L),ChEMBL
A,COc1ccc(CCN2CCC(c3nc(COCC(F)(F)F)c(-c4ccccc4)o3)CC2)cc1S(N)(=O)=O,CHEMBL167367,Vdss,L.kg-1,0.473,Vss,ml kg-1,473.0000000000001,volume_distribution,VDss,(L/kg|L),ChEMBL
A,COc1ccc(CCN2CCC(c3nc(COCC(F)(F)F)c(-c4ccccc4)o3)CC2)cc1S(N)(=O)=O,CHEMBL167367,Vdss,L.kg-1,0.382,Vss,ml kg-1,382.0,volume_distribution,VDss,(L/kg|L),ChEMBL
A,CS(=O)(=O)N[C@H](Cc1ccccc1)C(=O)N1CCC[C@H]1C(=O)NCC1CCN(C(=N)N)CC1,CHEMBL356065,Vdss,L.kg-1,0.7,Vss,l kg-1,0.7,volume_distribution,VDss,(L/kg|L),ChEMBL
A,CS(=O)(=O)N[C@H](Cc1ccccc1)C(=O)N1CCC[C@H]1C(=O)NCC1CCN(C(=N)N)CC1,CHEMBL356065,Vdss,L.kg-1,0.8,Vss,l kg-1,0.8,volume_distribution,VDss,(L/kg|L),ChEMBL
A,Cc1c(CO)c(=O)oc2c3c(ccc12)OC(C)(C)[C@H](OC(=O)C12CCC(C)(C(=O)O1)C2(C)C)[C@@H]3OC(=O)C12CCC(C)(C(=O)O1)C2(C)C,CHEMBL423448,Vdss,L.kg-1,18.5,Vss,l kg-1,18.5,volume_distribution,VDss,(L/kg|L),ChEMBL
A,Cc1cc(=O)oc2c3c(ccc12)OC(C)(C)[C@H](OC(=O)C12CCC(C)(C(=O)O1)C2(C)C)[C@@H]3OC(=O)C12CCC(C)(C(=O)O1)C2(C)C,CHEMBL431573,Vdss,L.kg-1,10.1,Vss,l kg-1,10.1,volume_distribution,VDss,(L/kg|L),ChEMBL
A,CC/N=C(\S)SC1OC(CO)C(O)C(O)C1O,CHEMBL322316,Vdss,L.kg-1,0.1526,Vss,ml kg-1,152.6,volume_distribution,VDss,(L/kg|L),ChEMBL
A,CC/N=C(\S)SC1OC(CO)C(O)C(O)C1O,CHEMBL322316,Vdss,L.kg-1,0.1848,Vss,ml kg-1,184.8,volume_distribution,VDss,(L/kg|L),ChEMBL
A,CNC(=O)CN(C)S(=O)(=O)c1cc(CCN2CCC(c3nc(COCC(F)(F)F)c(-c4ccc(F)cc4)o3)CC2)ccc1OC,CHEMBL352358,Vdss,L.kg-1,2.857,Vss,ml kg-1,2857.0,volume_distribution,VDss,(L/kg|L),ChEMBL
A,CNC(=O)CN(C)S(=O)(=O)c1cc(CCN2CCC(c3nc(COCC(F)(F)F)c(-c4ccc(F)cc4)o3)CC2)ccc1OC,CHEMBL352358,Vdss,L.kg-1,2.907,Vss,ml kg-1,2907.0,volume_distribution,VDss,(L/kg|L),ChEMBL
A,COc1ccc(CCN2CCC(c3nc(COCC(F)(F)F)c(-c4ccc(F)cc4)o3)CC2)cc1S(N)(=O)=O,CHEMBL267336,Vdss,L.kg-1,0.33,Vss,ml kg-1,330.0,volume_distribution,VDss,(L/kg|L),ChEMBL
A,COc1ccc(CCN2CCC(c3nc(COCC(F)(F)F)c(-c4ccc(F)cc4)o3)CC2)cc1S(N)(=O)=O,CHEMBL267336,Vdss,L.kg-1,0.243,Vss,ml kg-1,243.0,volume_distribution,VDss,(L/kg|L),ChEMBL
A,CNC(=O)CN(C)S(=O)(=O)c1cc(CCN2CCC(c3nc(COCC(F)(F)F)c(-c4ccccc4)o3)CC2)ccc1OC,CHEMBL263269,Vdss,L.kg-1,2.757,Vss,ml kg-1,2757.0,volume_distribution,VDss,(L/kg|L),ChEMBL
A,CNC(=O)CN(C)S(=O)(=O)c1cc(CCN2CCC(c3nc(COCC(F)(F)F)c(-c4ccccc4)o3)CC2)ccc1OC,CHEMBL263269,Vdss,L.kg-1,3.464,Vss,ml kg-1,3464.0,volume_distribution,VDss,(L/kg|L),ChEMBL
A,CC/N=C(\S)SC1OC(CO)C(O[C@H]2O[C@H](CO)[C@@H](O)[C@H](O)[C@H]2O)C(O)C1O,CHEMBL1159495,Vdss,L.kg-1,0.6104,Vss,ml kg-1,610.4,volume_distribution,VDss,(L/kg|L),ChEMBL
A,CC/N=C(\S)SC1OC(CO)C(O[C@H]2O[C@H](CO)[C@@H](O)[C@H](O)[C@H]2O)C(O)C1O,CHEMBL1159495,Vdss,L.kg-1,0.463,Vss,ml kg-1,463.0,volume_distribution,VDss,(L/kg|L),ChEMBL
A,Cl.S/C(=N\CCc1ccccn1)c1cccnc1S,CHEMBL545711,Vdss,L.kg-1,14.51,Vss,l kg-1,14.51,volume_distribution,VDss,(L/kg|L),ChEMBL
A,CCn1nc(Cc2ccc(OC3CCC3)cc2)cc1C1CCN(C[C@H]2CN([C@@H](C(=O)O)C(C)(C)C)C[C@@H]2c2cccc(F)c2)CC1,CHEMBL177033,Vdss,L.kg-1,0.18,Vdss,l kg-1,0.18,volume_distribution,VDss,(L/kg|L),ChEMBL
A,CC(O)(CCC1CCN(C[C@H]2CN([C@H](CC3CC3)C(=O)O)C[C@@H]2c2cccc(F)c2)CC1)c1ccc(F)cc1,CHEMBL20598,Vdss,L.kg-1,3.9,Vdss,l kg-1,3.9,volume_distribution,VDss,(L/kg|L),ChEMBL
A,CCOc1ccc(Cc2cc(C3CCN(C[C@H]4CN([C@@H](C(=O)O)C(C)(C)C)C[C@@H]4c4cccc(F)c4)CC3)n(CC)n2)cc1,CHEMBL176604,Vdss,L.kg-1,0.2,Vdss,l kg-1,0.2,volume_distribution,VDss,(L/kg|L),ChEMBL
A,CCOc1ccc(Cc2cc(C3CCN(C[C@H]4CN([C@@H](C(=O)O)C(C)(C)C)C[C@@H]4c4cccc(F)c4)CC3)n(CC)n2)cc1,CHEMBL176604,Vdss,L.kg-1,1.8,Vdss,l kg-1,1.8,volume_distribution,VDss,(L/kg|L),ChEMBL
A,CC[C@H](C)[C@H](C(=O)O)N1C[C@H](CN2CCC(c3cc(Cc4ccc(C(C)C)cc4)nn3CC)CC2)[C@@H](c2cccc(F)c2)C1,CHEMBL366868,Vdss,L.kg-1,0.15,Vdss,l kg-1,0.15,volume_distribution,VDss,(L/kg|L),ChEMBL
A,CC[C@H](C)[C@H](C(=O)O)N1C[C@H](CN2CCC(c3cc(Cc4ccc(OC(F)(F)F)cc4)nn3CC)CC2)[C@@H](c2cccc(F)c2)C1,CHEMBL440554,Vdss,L.kg-1,0.73,Vdss,l kg-1,0.73,volume_distribution,VDss,(L/kg|L),ChEMBL
A,CC[C@H](C)[C@H](C(=O)O)N1C[C@H](CN2CCC(c3cc(Cc4ccc(OC(F)(F)F)cc4)nn3CC)CC2)[C@@H](c2cccc(F)c2)C1,CHEMBL440554,Vdss,L.kg-1,0.87,Vdss,l kg-1,0.87,volume_distribution,VDss,(L/kg|L),ChEMBL
A,CC[C@H](C)[C@H](C(=O)O)N1C[C@H](CN2CCC(c3cc(Cc4ccc(OCC(F)(F)F)cc4)nn3CC)CC2)[C@@H](c2cccc(F)c2)C1,CHEMBL176933,Vdss,L.kg-1,0.21,Vdss,l kg-1,0.21,volume_distribution,VDss,(L/kg|L),ChEMBL
A,O=C(O)[C@@H](CC1CCC1)N1C[C@H](CN2CCC(CCC(F)(F)c3ccc(F)cc3)CC2)[C@@H](c2cccc(F)c2)C1,CHEMBL21117,Vdss,L.kg-1,2.2,Vdss,l kg-1,2.2,volume_distribution,VDss,(L/kg|L),ChEMBL
A,O=C(O)[C@@H](CC1CCC1)N1C[C@H](CN2CCC(CCC(F)(F)c3ccc(F)cc3)CC2)[C@@H](c2cccc(F)c2)C1,CHEMBL21117,Vdss,L.kg-1,1.8,Vdss,l kg-1,1.8,volume_distribution,VDss,(L/kg|L),ChEMBL
A,CCn1nc(Cc2ccccc2)cc1C1CCN(C[C@H]2CN([C@@H](C(=O)O)C(C)(C)C)C[C@@H]2c2cccc(F)c2)CC1,CHEMBL172854,Vdss,L.kg-1,0.24,Vdss,l kg-1,0.24,volume_distribution,VDss,(L/kg|L),ChEMBL
A,CCn1nc(Cc2ccccc2)cc1C1CCN(C[C@H]2CN([C@@H](C(=O)O)C(C)(C)C)C[C@@H]2c2cccc(F)c2)CC1,CHEMBL172854,Vdss,L.kg-1,0.87,Vdss,l kg-1,0.87,volume_distribution,VDss,(L/kg|L),ChEMBL
A,CCn1nc(Cc2ccccc2)cc1C1CCN(C[C@H]2CN([C@@H](C(=O)O)C(C)(C)C)C[C@@H]2c2cccc(F)c2)CC1,CHEMBL172854,Vdss,L.kg-1,2.1,Vdss,l kg-1,2.1,volume_distribution,VDss,(L/kg|L),ChEMBL
A,CCn1nc(Cc2ccc(S(C)(=O)=O)cc2)cc1C1CCN(C[C@H]2CN([C@@H](C(=O)O)C(C)C)C[C@@H]2c2cccc(F)c2)CC1,CHEMBL173630,Vdss,L.kg-1,0.25,Vdss,l kg-1,0.25,volume_distribution,VDss,(L/kg|L),ChEMBL
A,CC[C@H](C)[C@H](C(=O)O)N1C[C@H](CN2CCC(c3cc(Cc4ccc(OC)c(OC)c4)nn3CC)CC2)[C@@H](c2cccc(F)c2)C1,CHEMBL172090,Vdss,L.kg-1,0.53,Vdss,l kg-1,0.53,volume_distribution,VDss,(L/kg|L),ChEMBL
A,CCCS(=O)(=O)c1cc(NC(Cc2ccc(-c3c(OC)cccc3OC)cc2)C(=O)O)ncn1,CHEMBL160079,Vdss,hr,0.8,Vdss,hr,0.8,volume_distribution,VDss,(L/kg|L),ChEMBL
A,CC[C@H](C)[C@H](C(=O)O)N1C[C@H](CN2CCC(c3cc(Cc4ccccc4)nn3CC)CC2)[C@@H](c2cccc(F)c2)C1,CHEMBL174457,Vdss,L.kg-1,0.64,Vdss,l kg-1,0.64,volume_distribution,VDss,(L/kg|L),ChEMBL
A,CCn1nc(Cc2ccc(OC)c(OC)c2)cc1C1CCN(C[C@H]2CN([C@@H](C(=O)O)C(C)(C)C)C[C@@H]2c2cccc(F)c2)CC1,CHEMBL172806,Vdss,L.kg-1,0.13,Vdss,l kg-1,0.13,volume_distribution,VDss,(L/kg|L),ChEMBL
A,CCn1nc(Cc2ccc(OC)c(OC)c2)cc1C1CCN(C[C@H]2CN([C@@H](C(=O)O)C(C)(C)C)C[C@@H]2c2cccc(F)c2)CC1,CHEMBL172806,Vdss,L.kg-1,1.8,Vdss,l kg-1,1.8,volume_distribution,VDss,(L/kg|L),ChEMBL
A,CCn1nc(Cc2ccc(C(C)(C)C)cc2)cc1C1CCN(C[C@H]2CN([C@@H](C(=O)O)C(C)(C)C)C[C@@H]2c2cccc(F)c2)CC1,CHEMBL174214,Vdss,L.kg-1,0.22,Vdss,l kg-1,0.22,volume_distribution,VDss,(L/kg|L),ChEMBL
A,CCn1nc(Cc2ccc(OC(C)C)cc2)cc1C1CCN(C[C@H]2CN([C@@H](C(=O)O)C(C)(C)C)C[C@@H]2c2cccc(F)c2)CC1,CHEMBL368204,Vdss,L.kg-1,0.15,Vdss,l kg-1,0.15,volume_distribution,VDss,(L/kg|L),ChEMBL
A,O=C(O)[C@@H](CC1CC1)N1C[C@H](CN2CCC(CCC(O)c3ccc(F)cc3)CC2)[C@@H](c2cccc(F)c2)C1,CHEMBL20453,Vdss,L.kg-1,3.3,Vdss,l kg-1,3.3,volume_distribution,VDss,(L/kg|L),ChEMBL
A,CCn1nc(Cc2cccc(F)c2)cc1C1CCN(C[C@H]2CN([C@@H](C(=O)O)C(C)C)C[C@@H]2c2cccc(F)c2)CC1,CHEMBL176850,Vdss,L.kg-1,0.16,Vdss,l kg-1,0.16,volume_distribution,VDss,(L/kg|L),ChEMBL
A,CCn1nc(Cc2ccc(C#N)cc2)cc1C1CCN(C[C@H]2CN([C@@H](C(=O)O)C(C)(C)C)C[C@@H]2c2cccc(F)c2)CC1,CHEMBL367169,Vdss,L.kg-1,0.13,Vdss,l kg-1,0.13,volume_distribution,VDss,(L/kg|L),ChEMBL
A,CCn1nc(Cc2ccc(C#N)cc2)cc1C1CCN(C[C@H]2CN([C@@H](C(=O)O)C(C)(C)C)C[C@@H]2c2cccc(F)c2)CC1,CHEMBL367169,Vdss,L.kg-1,0.99,Vdss,l kg-1,0.99,volume_distribution,VDss,(L/kg|L),ChEMBL
A,CCCCOc1ccc(Cc2cc(C3CCN(C[C@H]4CN([C@@H](C(=O)O)[C@@H](C)CC)C[C@@H]4c4cccc(F)c4)CC3)n(CC)n2)cc1,CHEMBL368309,Vdss,L.kg-1,0.4,Vdss,l kg-1,0.4,volume_distribution,VDss,(L/kg|L),ChEMBL
A,CCn1nc(Cc2ccc(S(C)(=O)=O)cc2)cc1C1CCN(C[C@H]2CN([C@@H](C(=O)O)C(C)(C)C)C[C@@H]2c2cccc(F)c2)CC1,CHEMBL367461,Vdss,L.kg-1,4.6,Vdss,l kg-1,4.6,volume_distribution,VDss,(L/kg|L),ChEMBL
A,CC[C@@H](C)[C@H](C(=O)O)N1C[C@H](CN2CCC(c3cc(Cc4ccc(OC5CCC5)cc4)nn3CC)CC2)[C@@H](c2cccc(F)c2)C1,CHEMBL176459,Vdss,L.kg-1,0.1,Vdss,l kg-1,0.1,volume_distribution,VDss,(L/kg|L),ChEMBL
A,CC[C@@H](C)[C@H](C(=O)O)N1C[C@H](CN2CCC(c3cc(Cc4ccc(C#N)cc4)nn3CC)CC2)[C@@H](c2cccc(F)c2)C1,CHEMBL367246,Vdss,L.kg-1,0.33,Vdss,l kg-1,0.33,volume_distribution,VDss,(L/kg|L),ChEMBL
A,CCn1nc(Cc2ccc(-c3ccccc3)cc2)cc1C1CCN(C[C@H]2CN([C@@H](C(=O)O)C(C)C)C[C@@H]2c2cccc(F)c2)CC1,CHEMBL367987,Vdss,L.kg-1,0.12,Vdss,l kg-1,0.12,volume_distribution,VDss,(L/kg|L),ChEMBL
A,NCCC1CCN(C(=O)[C@](O)(c2ccccc2)[C@@H]2CCC(F)(F)C2)CC1,CHEMBL410890,Vdss,L.kg-1,9.4,Vdss,ml kg-1,9400.0,volume_distribution,VDss,(L/kg|L),ChEMBL
A,CC[C@@H](C)[C@H](C(=O)O)N1C[C@H](CN2CCC(c3cc(Cc4ccc(OC)c(OC)c4)nn3CC)CC2)[C@@H](c2cccc(F)c2)C1,CHEMBL366871,Vdss,L.kg-1,0.05,Vdss,l kg-1,0.05,volume_distribution,VDss,(L/kg|L),ChEMBL
A,CCn1nc(Cc2ccc(F)cc2)cc1C1CCN(C[C@H]2CN([C@@H](C(=O)O)C(C)C)C[C@@H]2c2cccc(F)c2)CC1,CHEMBL170829,Vdss,L.kg-1,0.35,Vdss,l kg-1,0.35,volume_distribution,VDss,(L/kg|L),ChEMBL
A,O=C(O)[C@@H](CC1CC1)N1C[C@H](CN2CCC(CCC(F)(F)c3ccc(F)cc3)CC2)[C@@H](c2cccc(F)c2)C1,CHEMBL21106,Vdss,L.kg-1,6.1,Vdss,l kg-1,6.1,volume_distribution,VDss,(L/kg|L),ChEMBL
A,O=C(O)[C@@H](CC1CC1)N1C[C@H](CN2CCC(CCC(F)(F)c3ccc(F)cc3)CC2)[C@@H](c2cccc(F)c2)C1,CHEMBL21106,Vdss,L.kg-1,3.7,Vdss,l kg-1,3.7,volume_distribution,VDss,(L/kg|L),ChEMBL
A,O=C(O)[C@@H](CC1CC1)N1C[C@H](CN2CCC(CCC(F)(F)c3ccc(F)cc3)CC2)[C@@H](c2cccc(F)c2)C1,CHEMBL21106,Vdss,L.kg-1,2.8,Vdss,l kg-1,2.8,volume_distribution,VDss,(L/kg|L),ChEMBL
A,CCn1nc(Cc2ccccc2)cc1C1CCN(C[C@H]2CN([C@@H](C(=O)O)C(C)C)C[C@@H]2c2cccc(F)c2)CC1,CHEMBL174304,Vdss,L.kg-1,0.28,Vdss,l kg-1,0.28,volume_distribution,VDss,(L/kg|L),ChEMBL
A,CN(C)CC/N=C(\S)c1cccnc1S.Cl,CHEMBL538762,Vdss,L.kg-1,11.19,Vss,l kg-1,11.19,volume_distribution,VDss,(L/kg|L),ChEMBL
A,CC[C@H](C)[C@H](C(=O)O)N1C[C@H](CN2CCC(c3cc(Cc4ccc(OC5CC5)cc4)nn3CC)CC2)[C@@H](c2cccc(F)c2)C1,CHEMBL369059,Vdss,L.kg-1,0.07,Vdss,l kg-1,0.07,volume_distribution,VDss,(L/kg|L),ChEMBL
A,CCOc1ccc(Cc2cc(C3CCN(C[C@H]4CN([C@@H](C(=O)O)[C@@H](C)CC)C[C@@H]4c4cccc(F)c4)CC3)n(CC)n2)cc1,CHEMBL367700,Vdss,L.kg-1,0.15,Vdss,l kg-1,0.15,volume_distribution,VDss,(L/kg|L),ChEMBL
A,CC[C@H](C)[C@H](C(=O)O)N1C[C@H](CN2CCC(c3cc(Cc4ccc(OC(C)(C)C)cc4)nn3CC)CC2)[C@@H](c2cccc(F)c2)C1,CHEMBL176980,Vdss,L.kg-1,0.31,Vdss,l kg-1,0.31,volume_distribution,VDss,(L/kg|L),ChEMBL
A,CCn1nc(Cc2ccccc2)cc1C1CCN(C[C@H]2CN([C@@H](C(=O)O)C3CCCCC3)C[C@@H]2c2cccc(F)c2)CC1,CHEMBL353330,Vdss,L.kg-1,3.9,Vdss,l kg-1,3.9,volume_distribution,VDss,(L/kg|L),ChEMBL
A,CC[C@H](C)[C@H](C(=O)O)N1C[C@H](CN2CCC(c3cc(Cc4ccc(C(C)(C)C)cc4)nn3CC)CC2)[C@@H](c2cccc(F)c2)C1,CHEMBL279992,Vdss,L.kg-1,0.15,Vdss,l kg-1,0.15,volume_distribution,VDss,(L/kg|L),ChEMBL
A,COc1cccc(OC)c1-c1ccc(CC(Nc2cccc(S(=O)(=O)N3CCCC3)c2)C(=O)O)cc1,CHEMBL351615,Vdss,hr,0.9,Vdss,hr,0.9,volume_distribution,VDss,(L/kg|L),ChEMBL
A,OCC/N=C(\S)c1cccnc1S,CHEMBL292710,Vdss,L.kg-1,4.17,Vss,l kg-1,4.17,volume_distribution,VDss,(L/kg|L),ChEMBL
A,CC[C@@H](C)[C@H](C(=O)O)N1C[C@H](CN2CCC(c3cc(Cc4ccc(OC(C)(C)C)cc4)nn3CC)CC2)[C@@H](c2cccc(F)c2)C1,CHEMBL366328,Vdss,L.kg-1,0.17,Vdss,l kg-1,0.17,volume_distribution,VDss,(L/kg|L),ChEMBL
A,O=C(O)[C@@H](CC1CCC1)N1C[C@H](CN2CCC(CCS(=O)(=O)c3ccc(F)cc3)CC2)[C@@H](c2cccc(F)c2)C1,CHEMBL280716,Vdss,L.kg-1,1.9,Vdss,l kg-1,1.9,volume_distribution,VDss,(L/kg|L),ChEMBL
A,CCn1nc(Cc2ccc(-c3ccccc3)cc2)cc1C1CCN(C[C@H]2CN([C@@H](C(=O)O)C(C)(C)C)C[C@@H]2c2cccc(F)c2)CC1,CHEMBL172296,Vdss,L.kg-1,0.14,Vdss,l kg-1,0.14,volume_distribution,VDss,(L/kg|L),ChEMBL
A,CCn1nc(Cc2ccc(OC(F)(F)F)cc2)cc1C1CCN(C[C@H]2CN([C@@H](C(=O)O)C(C)(C)C)C[C@@H]2c2cccc(F)c2)CC1,CHEMBL176426,Vdss,L.kg-1,0.27,Vdss,l kg-1,0.27,volume_distribution,VDss,(L/kg|L),ChEMBL
A,CC[C@H](C)[C@H](C(=O)O)N1C[C@H](CN2CCC(c3cc(Cc4ccc(OC5CCC5)cc4)nn3CC)CC2)[C@@H](c2cccc(F)c2)C1,CHEMBL176571,Vdss,L.kg-1,0.21,Vdss,l kg-1,0.21,volume_distribution,VDss,(L/kg|L),ChEMBL
A,CC[C@H](C)[C@H](C(=O)O)N1C[C@H](CN2CCC(c3cc(Cc4ccc(-c5ccccc5)cc4)nn3CC)CC2)[C@@H](c2cccc(F)c2)C1,CHEMBL174004,Vdss,L.kg-1,0.15,Vdss,l kg-1,0.15,volume_distribution,VDss,(L/kg|L),ChEMBL
A,CCn1nc(Cc2ccc(-c3ccccc3)cc2)cc1C1CCN(C[C@H]2CN([C@@H](C(=O)O)C3CCCCC3)C[C@@H]2c2cccc(F)c2)CC1,CHEMBL368329,Vdss,L.kg-1,0.53,Vdss,l kg-1,0.53,volume_distribution,VDss,(L/kg|L),ChEMBL
A,CCCCCCC/N=C(\S)c1cccnc1S,CHEMBL62865,Vdss,L.kg-1,1.28,Vss,l kg-1,1.28,volume_distribution,VDss,(L/kg|L),ChEMBL
A,CCn1nc(Cc2ccc(OC(C)(C)C)cc2)cc1C1CCN(C[C@H]2CN([C@@H](C(=O)O)C3CCCCC3)C[C@@H]2c2cccc(F)c2)CC1,CHEMBL173091,Vdss,L.kg-1,1.6,Vdss,l kg-1,1.6,volume_distribution,VDss,(L/kg|L),ChEMBL
A,CC/N=C(\S)c1cccnc1S,CHEMBL61322,Vdss,L.kg-1,0.93,Vss,l kg-1,0.93,volume_distribution,VDss,(L/kg|L),ChEMBL
A,CCn1nc(Cc2ccc(C(F)(F)F)cc2)cc1C1CCN(C[C@H]2CN([C@@H](C(=O)O)C(C)(C)C)C[C@@H]2c2cccc(F)c2)CC1,CHEMBL427493,Vdss,L.kg-1,0.86,Vdss,l kg-1,0.86,volume_distribution,VDss,(L/kg|L),ChEMBL
A,CCO[C@@H](Cc1ccc(OC/C=C/C#Cc2ccccc2)cc1)C(=O)O,CHEMBL446893,Vdss,L.kg-1,0.14,Vss,l kg-1,0.14,volume_distribution,VDss,(L/kg|L),ChEMBL
A,O=C(NO)[C@@]1(NS(=O)(=O)c2ccc(Oc3ccc(Cl)cc3)cc2)CCOC1,CHEMBL326369,Vdss,L.kg-1,1.5,Vss,l kg-1,1.5,volume_distribution,VDss,(L/kg|L),ChEMBL
A,N#Cc1ccc(Cn2cncc2CN[C@H]2CCN(Cc3cccc(Cl)c3)C2=O)cc1,CHEMBL312137,Vdss,L.kg-1,0.45,Vdss,l kg-1,0.45,volume_distribution,VDss,(L/kg|L),ChEMBL
A,N#Cc1ccc2cc1Oc1cccc(c1)CN1CC[C@@H](NCc3cncn3C2)C1=O,CHEMBL502560,Vdss,L.kg-1,0.57,Vdss,l kg-1,0.57,volume_distribution,VDss,(L/kg|L),ChEMBL
A,CCO[C@@H](Cc1ccc(OC/C=C/C#Cc2ccc(C#C/C=C/COc3ccc(C[C@H](OCC)C(=O)O)cc3)cc2)cc1)C(=O)O,CHEMBL147721,Vdss,L.kg-1,0.04,Vss,l kg-1,0.04,volume_distribution,VDss,(L/kg|L),ChEMBL
A,O=C1N(Cc2ccc(CO)cc2)[C@H](Cc2ccccc2)[C@H](O)[C@@H](O)[C@@H](Cc2ccccc2)N1Cc1ccc(CO)cc1,CHEMBL21145,Vdss,L.kg-1,6.36,Vss,l kg-1,6.36,volume_distribution,VDss,(L/kg|L),ChEMBL
A,O=C1N(Cc2ccc(CO)cc2)[C@H](Cc2ccccc2)[C@H](O)[C@@H](O)[C@@H](Cc2ccccc2)N1Cc1ccc(CO)cc1,CHEMBL21145,Vdss,L.kg-1,2.28,Vss,l kg-1,2.28,volume_distribution,VDss,(L/kg|L),ChEMBL
A,CCO[C@@H](Cc1ccc(OC/C=C/C#Cc2cccc(C#C/C=C/COc3ccc(C[C@H](OCC)C(=O)O)cc3)c2)cc1)C(=O)O,CHEMBL345009,Vdss,L.kg-1,0.16,Vss,l kg-1,0.16,volume_distribution,VDss,(L/kg|L),ChEMBL
A,O=C(NO)C1(NS(=O)(=O)c2ccc(Oc3ccc(Cl)cc3)cc2)CCOCC1,CHEMBL321257,Vdss,L.kg-1,2.1,Vss,l kg-1,2.1,volume_distribution,VDss,(L/kg|L),ChEMBL
A,O=C(NO)C1(NS(=O)(=O)c2ccc(Oc3ccc(Cl)cc3)cc2)CCOCC1,CHEMBL321257,Vdss,L.kg-1,1.8,Vss,l kg-1,1.8,volume_distribution,VDss,(L/kg|L),ChEMBL
A,O=C(NO)[C@@]1(NS(=O)(=O)c2ccc(Oc3ccc(Cl)cc3)cc2)C[C@H]2CC[C@@H](C1)O2,CHEMBL4524115,Vdss,L.kg-1,2.8,Vss,l kg-1,2.8,volume_distribution,VDss,(L/kg|L),ChEMBL
A,CN1CCc2cncn2Cc2ccc(C#N)c(c2)Oc2ccc3cccc(c3c2)N2CC[C@H]1C2=O,CHEMBL525368,Vdss,L.kg-1,0.25,Vdss,l kg-1,0.25,volume_distribution,VDss,(L/kg|L),ChEMBL
A,CCO[C@@H](Cc1ccc(OC/C=C(\C)c2ccc(-c3ccccc3)cc2)cc1)C(=O)O,CHEMBL144489,Vdss,L.kg-1,0.16,Vss,l kg-1,0.16,volume_distribution,VDss,(L/kg|L),ChEMBL
A,O=C1N(Cc2cccc(CO)c2)[C@H](Cc2ccccc2)[C@H](O)[C@@H](O)[C@@H](Cc2ccccc2)N1Cc1cccc(CO)c1,CHEMBL285417,Vdss,L.kg-1,9.8,Vss,l kg-1,9.8,volume_distribution,VDss,(L/kg|L),ChEMBL
A,CN1Cc2cncn2Cc2ccc(C#N)c(c2)Oc2ccc3cccc(c3c2)N2CCC1C2=O,CHEMBL312121,Vdss,L.kg-1,0.21,Vdss,l kg-1,0.21,volume_distribution,VDss,(L/kg|L),ChEMBL
A,CCC(Cc1ccccc1)c1cc(O)c(C(CC)c2ccccc2)c(=O)o1,CHEMBL22164,Vdss,L.kg-1,0.26,Vss,l kg-1,0.26,volume_distribution,VDss,(L/kg|L),ChEMBL
A,CCC(Cc1ccccc1)c1cc(O)c(C(CC)c2ccccc2)c(=O)o1,CHEMBL22164,Vdss,L.kg-1,0.1,Vss,l kg-1,0.1,volume_distribution,VDss,(L/kg|L),ChEMBL
A,O=C(NO)[C@@]1(NS(=O)(=O)c2ccc(Oc3ccc(F)cc3)cc2)CCCOC1,CHEMBL2111754,Vdss,L.kg-1,3.2,Vss,l kg-1,3.2,volume_distribution,VDss,(L/kg|L),ChEMBL
A,O=C(NO)[C@@]1(NS(=O)(=O)c2ccc(Oc3ccc(F)cc3)cc2)CCCOC1,CHEMBL2111754,Vdss,L.kg-1,3.6,Vss,l kg-1,3.6,volume_distribution,VDss,(L/kg|L),ChEMBL
A,O=C(NO)[C@@]1(NS(=O)(=O)c2ccc(Oc3ccc(F)cc3)cc2)C[C@H]2CC[C@@H](C1)O2,CHEMBL4524116,Vdss,L.kg-1,1.5,Vss,l kg-1,1.5,volume_distribution,VDss,(L/kg|L),ChEMBL
A,O=C(NO)[C@@]1(NS(=O)(=O)c2ccc(Oc3ccc(F)cc3)cc2)C[C@H]2CC[C@@H](C1)O2,CHEMBL4524116,Vdss,L.kg-1,1.5,Vss,l kg-1,1.5,volume_distribution,VDss,(L/kg|L),ChEMBL
A,COc1ccc(Cn2cc(C)c3ccc(C(=O)Nc4c(Cl)cncc4Cl)cc32)cc1,CHEMBL53710,Vdss,L.kg-1,2.4,Vdss,l kg-1,2.4,volume_distribution,VDss,(L/kg|L),ChEMBL
A,O=C(NO)C1(NS(=O)(=O)c2ccc(Oc3ccc(F)cc3)cc2)CCOCC1,CHEMBL111856,Vdss,L.kg-1,1.9,Vss,l kg-1,1.9,volume_distribution,VDss,(L/kg|L),ChEMBL
A,O=C(NO)C1(NS(=O)(=O)c2ccc(Oc3ccc(F)cc3)cc2)CCOCC1,CHEMBL111856,Vdss,L.kg-1,1.6,Vss,l kg-1,1.6,volume_distribution,VDss,(L/kg|L),ChEMBL
A,O=C(NO)[C@@]1(NS(=O)(=O)c2ccc(Oc3ccc(F)cc3)cc2)CCOC1,CHEMBL116219,Vdss,L.kg-1,5.8,Vss,l kg-1,5.8,volume_distribution,VDss,(L/kg|L),ChEMBL
A,N#Cc1ccc2cc1Oc1ccc3c(c1)[C@@H](CC3)N1CC[C@@H](NCc3cncn3C2)C1=O,CHEMBL526466,Vdss,L.kg-1,0.27,Vdss,l kg-1,0.27,volume_distribution,VDss,(L/kg|L),ChEMBL
A,CCO[C@@H](Cc1ccc(OC/C=C(\C)c2ccc(-c3ccc(/C(C)=C/COc4ccc(C[C@H](OCC)C(=O)O)cc4)cc3)cc2)cc1)C(=O)O,CHEMBL144112,Vdss,L.kg-1,0.08,Vss,l kg-1,0.08,volume_distribution,VDss,(L/kg|L),ChEMBL
A,N#Cc1ccc2cc1Oc1ccc3c(c1)[C@H](CC3)N1CC[C@@H](NCc3cncn3C2)C1=O,CHEMBL526656,Vdss,L.kg-1,0.5,Vdss,l kg-1,0.5,volume_distribution,VDss,(L/kg|L),ChEMBL
A,N#Cc1ccc2cc1Oc1ccc3c(c1)[C@@H](CCO3)N1CC[C@@H](NCc3cncn3C2)C1=O,CHEMBL516874,Vdss,L.kg-1,0.34,Vdss,l kg-1,0.34,volume_distribution,VDss,(L/kg|L),ChEMBL
A,Nc1ccc(S(=O)(=O)c2cc(Br)nc(N3CCCC3)c2)cc1,CHEMBL23038,Vdss,L.kg-1,1.4,Vss,l kg-1,1.4,volume_distribution,VDss,(L/kg|L),ChEMBL
A,N#Cc1ccc2cc1Oc1ccc3cccc(c3c1)N1CC[C@@H](NCc3cncn3C2)C1=O,CHEMBL496879,Vdss,L.kg-1,0.42,Vdss,l kg-1,0.42,volume_distribution,VDss,(L/kg|L),ChEMBL
A,O=C(NO)[C@@]1(NS(=O)(=O)c2ccc(Oc3ccc(Cl)cc3)cc2)CCCOC1,CHEMBL2111753,Vdss,L.kg-1,1.6,Vss,l kg-1,1.6,volume_distribution,VDss,(L/kg|L),ChEMBL
A,O=C(NO)[C@@]1(NS(=O)(=O)c2ccc(Oc3ccc(Cl)cc3)cc2)CCCOC1,CHEMBL2111753,Vdss,L.kg-1,3.1,Vss,l kg-1,3.1,volume_distribution,VDss,(L/kg|L),ChEMBL
A,N#Cc1ccc2cc1Oc1ccc3cccc(c3c1)N1CC[C@H](NC(=O)Cc3cncn3C2)C1=O,CHEMBL523080,Vdss,L.kg-1,0.19,Vdss,l kg-1,0.19,volume_distribution,VDss,(L/kg|L),ChEMBL
A,N#Cc1ccc2cc1Oc1ccc3c(c1)[C@@H](CCC3)N1CC[C@@H](NCc3cncn3C2)C1=O,CHEMBL525369,Vdss,L.kg-1,0.36,Vdss,l kg-1,0.36,volume_distribution,VDss,(L/kg|L),ChEMBL
A,N#Cc1ccc2cc1Oc1ccc3cccc(c3c1)N1CCC(NCCc3cncn3C2)C1=O,CHEMBL80702,Vdss,L.kg-1,0.57,Vdss,l kg-1,0.57,volume_distribution,VDss,(L/kg|L),ChEMBL
A,CN(CCOc1ccc(CC2SC(=O)NC2=O)cc1)c1ccccn1,CHEMBL121,Vdss,L.kg-1,0.38,Vss,l kg-1,0.38,volume_distribution,VDss,(L/kg|L),ChEMBL
A,CC(C)(O)c1cccc(CN2C(=O)N(Cc3cccc(C(C)(C)O)c3)[C@H](Cc3ccccc3)[C@H](O)[C@@H](O)[C@H]2Cc2ccccc2)c1,CHEMBL431831,Vdss,L.kg-1,3.04,Vss,l kg-1,3.04,volume_distribution,VDss,(L/kg|L),ChEMBL
A,CC(C)(O)c1cccc(CN2C(=O)N(Cc3cccc(C(C)(C)O)c3)[C@H](Cc3ccccc3)[C@H](O)[C@@H](O)[C@H]2Cc2ccccc2)c1,CHEMBL431831,Vdss,L.kg-1,1.65,Vss,l kg-1,1.65,volume_distribution,VDss,(L/kg|L),ChEMBL
A,N#Cc1ccc2cc1Oc1ccc3cccc(c3c1)N1CC[C@H](NCc3cncn3C2)C1=O,CHEMBL53821,Vdss,L.kg-1,0.34,Vdss,l kg-1,0.34,volume_distribution,VDss,(L/kg|L),ChEMBL
A,CC1c2ccc(C#N)c(c2)Oc2cccc(c2)CN2CCC(NCc3cncn31)C2=O,CHEMBL78742,Vdss,L.kg-1,0.69,Vdss,l kg-1,0.69,volume_distribution,VDss,(L/kg|L),ChEMBL
A,COCCN(CCOC)c1nc(C)nc2c1nnn2-c1ccc(C(C)C)cc1Br,CHEMBL10504,Vdss,L.kg-1,15.55,"Vd,ss",l kg-1,15.55,volume_distribution,VDss,(L/kg|L),ChEMBL
A,N#Cc1ccc2cc1Oc1ccc(Br)c(c1)CN1CCC(NCc3cncn3C2)C1=O,CHEMBL311561,Vdss,L.kg-1,0.53,Vdss,l kg-1,0.53,volume_distribution,VDss,(L/kg|L),ChEMBL
A,N#Cc1ccc2cc1Oc1cccc(c1)-c1ccccc1N1CCC(NCc3cncn3C2)C1=O,CHEMBL310586,Vdss,L.kg-1,0.61,Vdss,l kg-1,0.61,volume_distribution,VDss,(L/kg|L),ChEMBL
A,CCN1c2ncc(CSc3cc(C)nc(C)c3)cc2C(=O)Nc2c(C)cc(Cl)nc21,CHEMBL164261,Vdss,L.kg-1,4.68,Vss,l kg-1,4.68,volume_distribution,VDss,(L/kg|L),ChEMBL
A,CC(=O)NC[C@H]1CC(c2ccc(N3CCOCC3)c(F)c2)=NO1,CHEMBL323337,Vdss,L.kg-1,0.6,Vss,l kg-1,0.6,volume_distribution,VDss,(L/kg|L),ChEMBL
A,CC(C)(CO)NC(=O)[C@H]1CC[C@H](c2nc(-c3cccc(C(F)(F)F)c3)c[nH]2)CC1,CHEMBL421691,Vdss,L.kg-1,6.0,Vss,l kg-1,6.0,volume_distribution,VDss,(L/kg|L),ChEMBL
A,CC(=O)NC[C@H]1CN(c2ccc(N3CCN(C(=O)CO)CC3)c(F)c2)C(=O)O1,CHEMBL47955,Vdss,L.kg-1,0.99,Vss,l kg-1,0.99,volume_distribution,VDss,(L/kg|L),ChEMBL
A,CC(C)CCn1cnc(C(Cc2ccc(N)nc2)C(=O)O)c1,CHEMBL68399,Vdss,L.kg-1,1.36,Vdss,l kg-1,1.36,volume_distribution,VDss,(L/kg|L),ChEMBL
A,CC(C)CCn1cnc(C(Cc2ccc(N)nc2)C(=O)O)c1,CHEMBL68399,Vdss,L.kg-1,0.28,Vdss,l kg-1,0.28,volume_distribution,VDss,(L/kg|L),ChEMBL
A,CC(C)CCn1cnc(C(Cc2ccc(N)nc2)C(=O)O)c1,CHEMBL68399,Vdss,L.kg-1,0.26,Vdss,l kg-1,0.26,volume_distribution,VDss,(L/kg|L),ChEMBL
A,CC(=O)NC[C@H]1CC(c2ccc(N3CCN(C(=O)CO)CC3)c(F)c2)=NO1,CHEMBL318095,Vdss,L.kg-1,0.95,Vss,l kg-1,0.95,volume_distribution,VDss,(L/kg|L),ChEMBL
A,CC(=O)NC[C@H]1CN(c2ccc(N3CCOCC3)c(F)c2)C(=O)O1,CHEMBL126,Vdss,L.kg-1,0.72,Vss,l kg-1,0.72,volume_distribution,VDss,(L/kg|L),ChEMBL
A,CCc1cc(Oc2cccc(N(Cc3cccc(OC(F)(F)C(F)F)c3)C[C@@H](O)C(F)(F)F)c2)ccc1Cl,CHEMBL67129,Vdss,L.kg-1,1.957,Vss,ml kg-1,1957.0,volume_distribution,VDss,(L/kg|L),ChEMBL
A,CCc1cc(Oc2cccc(N(Cc3cccc(OC(F)(F)C(F)F)c3)C[C@@H](O)C(F)(F)F)c2)ccc1Cl,CHEMBL67129,Vdss,L.kg-1,0.48,Vss,ml kg-1,480.0,volume_distribution,VDss,(L/kg|L),ChEMBL
A,COc1cc2c(Nc3c(Cl)ccc4c3OCO4)ncnc2cc1OCCCN1CCCCC1,CHEMBL169186,Vdss,L.kg-1,14.4,Vdss,l kg-1,14.4,volume_distribution,VDss,(L/kg|L),ChEMBL
A,CCCCCCCCOc1c(Br)cc(CNCCCP(=O)(O)O)cc1OC,CHEMBL117723,Vdss,L.kg-1,1.4,Vdss,l kg-1,1.4,volume_distribution,VDss,(L/kg|L),ChEMBL
A,CN1C(C)(C)CC(Nc2cc3c(ccc(=O)n3-c3c(Cl)cccc3Cl)c(-c3ccccc3Cl)n2)CC1(C)C,CHEMBL358108,Vdss,L.kg-1,3.2,Vdss,l kg-1,3.2,volume_distribution,VDss,(L/kg|L),ChEMBL
A,CN1C(C)(C)CC(Nc2cc3c(ccc(=O)n3-c3c(Cl)cccc3Cl)c(-c3ccccc3Cl)n2)CC1(C)C,CHEMBL358108,Vdss,L.kg-1,19.5,Vdss,l kg-1,19.5,volume_distribution,VDss,(L/kg|L),ChEMBL
A,CN1C(C)(C)CC(Nc2cc3c(ccc(=O)n3-c3c(Cl)cccc3Cl)c(-c3ccccc3Cl)n2)CC1(C)C,CHEMBL358108,Vdss,L.kg-1,19.8,Vdss,l kg-1,19.8,volume_distribution,VDss,(L/kg|L),ChEMBL
A,CCCCCCCCOc1c(Br)cc(CNCCCP(=O)(O)O)cc1Br,CHEMBL332667,Vdss,L.kg-1,1.01,Vdss,l kg-1,1.01,volume_distribution,VDss,(L/kg|L),ChEMBL
A,CCCCCCc1ccc(-c2ccc(CNCCCP(=O)(O)O)cc2)cc1,CHEMBL116981,Vdss,L.kg-1,1.8,Vdss,l kg-1,1.8,volume_distribution,VDss,(L/kg|L),ChEMBL
A,CCCC[C@H](NC(=O)OC(C(C)C)C(C)C)C(=O)C(=O)N[C@H](C)c1ccccc1,CHEMBL84691,Vdss,L.kg-1,1.9,Vss,ml kg-1,1900.0,volume_distribution,VDss,(L/kg|L),ChEMBL
A,COc1cc2c(Nc3c(Cl)ccc4c3OCO4)ncnc2cc1OCC1CCN(C)CC1,CHEMBL170984,Vdss,L.kg-1,17.0,Vdss,l kg-1,17.0,volume_distribution,VDss,(L/kg|L),ChEMBL
A,O=S(=O)(Nc1ccc(CCNC[C@H](O)c2cccnc2)cc1)c1ccc(-c2nc(-c3ccc(OC(F)(F)F)cc3)cs2)cc1,CHEMBL331744,Vdss,L.kg-1,12.8,Vdss,l kg-1,12.8,volume_distribution,VDss,(L/kg|L),ChEMBL
A,Cc1cc(C(=O)Nc2ccc(-c3ccccc3S(N)(=O)=O)cc2)n(-c2cccc(C(=N)N)c2)n1,CHEMBL37251,Vdss,L.kg-1,0.29,Vdss,l kg-1,0.29,volume_distribution,VDss,(L/kg|L),ChEMBL
A,NCc1ccccc1-n1nc(C(F)(F)F)cc1C(=O)Nc1ccc(-c2ccccc2S(N)(=O)=O)cc1F,CHEMBL151939,Vdss,L.kg-1,1.2,Vdss,l kg-1,1.2,volume_distribution,VDss,(L/kg|L),ChEMBL
A,CS(=O)(=O)c1ccccc1-c1ccc(NC(=O)c2cc(C(F)(F)F)nn2-c2cccc(CN)c2)c(F)c1.Cl,CHEMBL559015,Vdss,L.kg-1,0.9,Vdss,l kg-1,0.9,volume_distribution,VDss,(L/kg|L),ChEMBL
A,COc1cc2[nH]c(C)nc2cc1C(=O)c1ccc(Nc2ccc(F)cc2F)nc1,CHEMBL334248,Vdss,L.kg-1,1.1,Vss,l kg-1,1.1,volume_distribution,VDss,(L/kg|L),ChEMBL
A,CC(C)C[C@H](NC(=O)c1cc2ccccc2o1)C(=O)N[C@@H]1CCCN(S(=O)(=O)c2ccccn2)CC1=O,CHEMBL31674,Vdss,L.kg-1,1.64,Vdss,l kg-1,1.64,volume_distribution,VDss,(L/kg|L),ChEMBL
A,COc1ccc(-n2nc(C(F)(F)F)cc2C(=O)Nc2ccc(-c3ccccc3S(N)(=O)=O)cn2)cc1,CHEMBL355992,Vdss,L.kg-1,1.8,Vdss,l kg-1,1.8,volume_distribution,VDss,(L/kg|L),ChEMBL
A,COc1ccc(-n2nc(C(F)(F)F)cc2C(=O)Nc2ccc(-c3ccccc3S(C)(=O)=O)cc2)c(CN)c1,CHEMBL151201,Vdss,L.kg-1,8.0,Vdss,l kg-1,8.0,volume_distribution,VDss,(L/kg|L),ChEMBL
A,O=S(=O)(Nc1ccc(CCNC[C@H](O)c2cccnc2)cc1)c1ccc(-c2nc(-c3ccc(C(F)(F)F)cc3)cs2)cc1,CHEMBL111201,Vdss,L.kg-1,31.3,Vdss,l kg-1,31.3,volume_distribution,VDss,(L/kg|L),ChEMBL
A,COc1ccc(C#CC(C)(C)N)cc1C(=O)c1ccc(Nc2ccc(F)cc2F)cc1,CHEMBL419409,Vdss,L.kg-1,9.0,Vss,l kg-1,9.0,volume_distribution,VDss,(L/kg|L),ChEMBL
A,CC(C)C[C@H](NC(=O)c1cc2ccccc2o1)C(=O)N[C@@H](C)C(=O)CN(C)S(=O)(=O)c1ccccn1,CHEMBL416579,Vdss,L.kg-1,1.15,Vdss,l kg-1,1.15,volume_distribution,VDss,(L/kg|L),ChEMBL
A,CC(C)C[C@H](NC(=O)c1cc2cc(OCCN3CCOCC3)ccc2o1)C(=O)N[C@H]1CCCN(C(=O)Cc2cccc(-c3ccccn3)c2)CC1=O,CHEMBL284939,Vdss,L.kg-1,1.29,Vdss,l kg-1,1.29,volume_distribution,VDss,(L/kg|L),ChEMBL
A,CC(C)C[C@H](NC(=O)c1cc2ccccc2o1)C(=O)N[C@@H](C)C(=O)CNS(=O)(=O)c1ccccn1,CHEMBL31545,Vdss,L.kg-1,0.71,Vdss,l kg-1,0.71,volume_distribution,VDss,(L/kg|L),ChEMBL
A,CC(C)C[C@H](NC(=O)c1cc2ccccc2o1)C(=O)N[C@H]1CCCN(S(=O)(=O)c2ccccn2)CC1=O,CHEMBL286364,Vdss,L.kg-1,1.86,Vdss,l kg-1,1.86,volume_distribution,VDss,(L/kg|L),ChEMBL
A,c1ccc2c(c1)c(-c1cncc(-c3ccsc3)c1)cn2CCN1CCOCC1,CHEMBL103595,Vdss,L.kg-1,7.2,Vdss,l kg-1,7.2,volume_distribution,VDss,(L/kg|L),ChEMBL
A,c1ccc2c(c1)c(-c1cncc(-c3ccsc3)c1)cn2CCCN1CCCCC1,CHEMBL316671,Vdss,L.kg-1,1.8,Vdss,l kg-1,1.8,volume_distribution,VDss,(L/kg|L),ChEMBL
A,O=S(=O)(Nc1ccc(CCNC[C@H](O)c2cccnc2)cc1)c1ccc(-c2nc(-c3ccc(F)c(F)c3)cs2)cc1,CHEMBL293994,Vdss,L.kg-1,19.0,Vdss,l kg-1,19.0,volume_distribution,VDss,(L/kg|L),ChEMBL
A,COc1ccc(-n2nc(C)cc2C(=O)Nc2ccc(-c3ccccc3S(N)(=O)=O)cn2)cc1,CHEMBL146982,Vdss,L.kg-1,0.4,Vdss,l kg-1,0.4,volume_distribution,VDss,(L/kg|L),ChEMBL
A,CC(C)C[C@H](NC(=O)c1cc2ccccc2o1)C(=O)NCC(=O)CNS(=O)(=O)c1ccccn1,CHEMBL31381,Vdss,L.kg-1,0.65,Vdss,l kg-1,0.65,volume_distribution,VDss,(L/kg|L),ChEMBL
A,COc1ccc(-n2nc(C(F)(F)F)cc2C(=O)Nc2ccc(-c3ccccc3S(C)(=O)=O)cc2F)c(CN)c1,CHEMBL148718,Vdss,L.kg-1,5.4,Vdss,l kg-1,5.4,volume_distribution,VDss,(L/kg|L),ChEMBL
A,CN1CCN(CCCn2cc(-c3cncc(-c4ccsc4)c3)c3ccccc32)CC1,CHEMBL327721,Vdss,L.kg-1,1.7,Vdss,l kg-1,1.7,volume_distribution,VDss,(L/kg|L),ChEMBL
A,CCCCOc1ccc(S(=O)(=O)N2C[C@@H](N3CCOCC3)C[C@@H]2C(=O)NO)cc1,CHEMBL344999,Vdss,L.kg-1,0.408,Vdss,ml kg-1,408.0,volume_distribution,VDss,(L/kg|L),ChEMBL
A,COc1ccc(-n2nc(C)cc2C(=O)Nc2ccc(-c3ccccc3S(N)(=O)=O)cc2)cc1,CHEMBL139788,Vdss,L.kg-1,0.52,Vdss,l kg-1,0.52,volume_distribution,VDss,(L/kg|L),ChEMBL
A,O=S(=O)(Nc1ccc(CCNC[C@H](O)c2cccnc2)cc1)c1ccc(-c2nc(-c3cc(F)c(F)c(F)c3)cs2)cc1,CHEMBL338216,Vdss,L.kg-1,14.1,Vdss,l kg-1,14.1,volume_distribution,VDss,(L/kg|L),ChEMBL
A,Cc1c(NC(=O)N2CCOCC2)ccc2c1c1ccccc1n2C(C)C,CHEMBL325226,Vdss,L.kg-1,0.41,Vss,l kg-1,0.41,volume_distribution,VDss,(L/kg|L),ChEMBL
A,CC(C)C[C@H]1C(=O)N[C@H](C(=O)NCC(=O)N2CCOCC2)CCCCNC(=O)OCCC[C@@H]1C(=O)NO,CHEMBL91636,Vdss,L.kg-1,0.33,Vss,l kg-1,0.33,volume_distribution,VDss,(L/kg|L),ChEMBL
A,COc1ccc(C(=O)/C(Cc2cc(OC)c(OC)c(OC)c2)=C(\C(=O)[O-])c2ccc3nsnc3c2)cc1F.[Na+],CHEMBL298725,Vdss,L.kg-1,0.5,Vss,l kg-1,0.5,volume_distribution,VDss,(L/kg|L),ChEMBL
A,COc1ccc(C(=O)/C(Cc2cc(OC)c(OC)c(OC)c2)=C(\C(=O)[O-])c2ccc3nsnc3c2)cc1F.[Na+],CHEMBL298725,Vdss,L.kg-1,0.2,Vss,l kg-1,0.2,volume_distribution,VDss,(L/kg|L),ChEMBL
A,COc1ccc(C(=O)/C(Cc2cc(OC)c(OC)c(OC)c2)=C(\C(=O)[O-])c2ccc3nsnc3c2)cc1F.[Na+],CHEMBL298725,Vdss,L.kg-1,0.1,Vss,l kg-1,0.1,volume_distribution,VDss,(L/kg|L),ChEMBL
A,CNC(=O)CNC(=O)[C@@H]1Cc2ccc(cc2)OCCC[C@H](C(=O)NO)[C@@H](CC(C)C)C(=O)N1,CHEMBL88520,Vdss,L.kg-1,0.7,Vss,l kg-1,0.7,volume_distribution,VDss,(L/kg|L),ChEMBL
A,CNCc1nccn1-c1ccc(NC(=O)c2cc(C(F)(F)F)nn2-c2ccc3onc(N)c3c2)c(F)c1,CHEMBL367954,Vdss,L.kg-1,4.6,Vdss,l kg-1,4.6,volume_distribution,VDss,(L/kg|L),ChEMBL
A,CN(C)Cc1nccn1-c1ccc(NC(=O)c2cc(C(F)(F)F)nn2-c2ccc3onc(N)c3c2)c(F)c1.Cl,CHEMBL558198,Vdss,L.kg-1,5.3,Vdss,l kg-1,5.3,volume_distribution,VDss,(L/kg|L),ChEMBL
A,CCC(CC)C(=O)Nc1sc2c(c1C#N)CCC(N(C)Cc1ccc(Cl)cc1Cl)C2,CHEMBL179181,Vdss,L.kg-1,3.4,Vdss,l kg-1,3.4,volume_distribution,VDss,(L/kg|L),ChEMBL
A,CCC(CC)C(=O)Nc1sc2c(c1C#N)CCC(N(C)Cc1ccc(Cl)cc1Cl)C2,CHEMBL179181,Vdss,L.kg-1,3.4,Vdss,l kg-1,3.4,volume_distribution,VDss,(L/kg|L),ChEMBL
A,CCC(CC)C(=O)Nc1sc(-c2nc(CC(C)C)no2)c(C)c1C#N,CHEMBL2112991,Vdss,L.kg-1,16.0,Vdss,l kg-1,16.0,volume_distribution,VDss,(L/kg|L),ChEMBL
A,CCC(CC)C(=O)Nc1sc(-c2nc(CC(C)C)no2)c(C)c1C#N,CHEMBL2112991,Vdss,L.kg-1,16.0,Vdss,l kg-1,16.0,volume_distribution,VDss,(L/kg|L),ChEMBL
A,CCC(CC)C(=O)Nc1sc(-c2nc(Cc3ccc(Cl)cc3Cl)no2)c(C)c1C#N,CHEMBL2112992,Vdss,L.kg-1,8.7,Vdss,l kg-1,8.7,volume_distribution,VDss,(L/kg|L),ChEMBL
A,CCC(CC)C(=O)Nc1sc(-c2nc(Cc3ccc(Cl)cc3Cl)no2)c(C)c1C#N,CHEMBL2112992,Vdss,L.kg-1,8.7,Vdss,l kg-1,8.7,volume_distribution,VDss,(L/kg|L),ChEMBL
A,Cn1c(C(=O)NN2CCCCC2)nc(-c2ccc(Cl)cc2Cl)c1-c1ccc(Cl)cc1,CHEMBL369097,Vdss,L.kg-1,3.7,Vdss,l kg-1,3.7,volume_distribution,VDss,(L/kg|L),ChEMBL
A,Cn1c(C(=O)NC2CCCCC2)nc(-c2ccc(Cl)cc2Cl)c1-c1ccc(Cl)cc1,CHEMBL179473,Vdss,L.kg-1,1.9,Vdss,l kg-1,1.9,volume_distribution,VDss,(L/kg|L),ChEMBL
A,CC(C(c1ccc2cc(OCC(C)(C)C(=O)O)ccc2c1)n1ccnc1)N(C)C,CHEMBL360771,Vdss,L.kg-1,3.1,Vss,l kg-1,3.1,volume_distribution,VDss,(L/kg|L),ChEMBL
A,N#Cc1cc(-c2ccc(Cl)cc2)c(-c2ccc(Cl)cc2Cl)nc1OCc1ccc(F)c(F)c1,CHEMBL367819,Vdss,L.kg-1,0.8,Vdss,l kg-1,0.8,volume_distribution,VDss,(L/kg|L),ChEMBL
A,CCCNC(=O)c1cc(-c2ccc(Cl)cc2)c(-c2ccc(Cl)cc2Cl)nc1OCc1ccc(F)c(F)c1,CHEMBL425163,Vdss,L.kg-1,0.4,Vdss,l kg-1,0.4,volume_distribution,VDss,(L/kg|L),ChEMBL
A,CN1CCN[C@H](C(=O)N[C@H](Cc2ccc(F)cc2)C(=O)N2CCC(C(=O)NC(C)(C)C)(C3CCCCC3)CC2)C1,CHEMBL368876,Vdss,L.kg-1,5.4,Vdss,l kg-1,5.4,volume_distribution,VDss,(L/kg|L),ChEMBL
A,CN1CCN[C@H](C(=O)N[C@H](Cc2ccc(F)cc2)C(=O)N2CCC(C(=O)NC(C)(C)C)(C3CCCCC3)CC2)C1,CHEMBL368876,Vdss,L.kg-1,1.2,Vdss,l kg-1,1.2,volume_distribution,VDss,(L/kg|L),ChEMBL
A,CN1CCN[C@H](C(=O)N[C@H](Cc2ccc(F)cc2)C(=O)N2CCC(C(=O)NC(C)(C)C)(C3CCCCC3)CC2)C1,CHEMBL368876,Vdss,L.kg-1,1.2,Vdss,l kg-1,1.2,volume_distribution,VDss,(L/kg|L),ChEMBL
A,CC(C)COC(=O)N[C@H](C(=O)N1CC(OCc2ccccc2)C[C@@H]1C(=O)N[C@@H](CC(F)F)C(=O)NCCc1c(F)cc(C(=O)O)cc1F)C(C)C,CHEMBL607290,Vdss,L.kg-1,4.5,Vdss,l kg-1,4.5,volume_distribution,VDss,(L/kg|L),ChEMBL
A,CC(C)COC(=O)N[C@H](C(=O)N1CC(c2ccccc2)C[C@@H]1C(=O)N[C@@H](CC(F)F)C(=O)NCCc1c(F)cc(C(=O)O)cc1F)C(C)C,CHEMBL607291,Vdss,L.kg-1,2.4,Vdss,l kg-1,2.4,volume_distribution,VDss,(L/kg|L),ChEMBL
A,CC(C)COC(=O)N[C@H](C(=O)N1CC(C2CCCCC2)C[C@@H]1C(=O)N[C@@H](CC(F)F)C(=O)NCCc1c(F)cc(C(=O)O)cc1F)C(C)C,CHEMBL607292,Vdss,L.kg-1,0.45,Vdss,l kg-1,0.45,volume_distribution,VDss,(L/kg|L),ChEMBL
A,CC(C)COC(=O)N[C@H](C(=O)N1C[C@H](C2CCCCC2)CC1C(=O)N[C@@H](CC(F)F)C(=O)NCCc1c(F)cc(C(=O)NS(C)(=O)=O)cc1F)C(C)C,CHEMBL263183,Vdss,L.kg-1,0.8,Vdss,l kg-1,0.8,volume_distribution,VDss,(L/kg|L),ChEMBL
A,CC(C)COC(=O)N[C@H](C(=O)N1C[C@H](C2CCCCC2)C[C@H]1C(=O)N[C@@H](CC(F)F)C(=O)NCCc1c(F)cc(-c2nn[nH]n2)cc1F)C(C)C,CHEMBL366279,Vdss,L.kg-1,0.15,Vdss,l kg-1,0.15,volume_distribution,VDss,(L/kg|L),ChEMBL
A,CNC(=O)NCCCC[C@H](NC(=O)OCC1(Cc2c(F)cccc2F)CCC1)C(=O)C(=O)N[C@H](C)c1ccccc1,CHEMBL184164,Vdss,L.kg-1,1.6,Vss,ml kg-1,1600.0,volume_distribution,VDss,(L/kg|L),ChEMBL
A,C[C@@H](NC(=O)C(=O)[C@H](CCCCNC(=O)N1CCOCC1)NC(=O)OCC1(Cc2ccc(F)cc2)CCC1)c1ccccc1,CHEMBL180528,Vdss,L.kg-1,4.2,Vss,ml kg-1,4200.0,volume_distribution,VDss,(L/kg|L),ChEMBL
A,C[C@@H](NC(=O)C(=O)[C@H](CCCCNC(=O)N1CCOCC1)NC(=O)OCC1(Cc2ccncc2)CCC1)c1ccccc1,CHEMBL362878,Vdss,L.kg-1,4.2,Vss,ml kg-1,4200.0,volume_distribution,VDss,(L/kg|L),ChEMBL
A,CN(C)S(=O)(=O)NCCCC[C@H](NC(=O)OCC1(Cc2ccc(F)cc2)CCC1)C(=O)C(=O)NCc1cccnc1,CHEMBL186650,Vdss,L.kg-1,0.42,Vss,ml kg-1,420.0,volume_distribution,VDss,(L/kg|L),ChEMBL
A,COC[C@@H](NC(=O)c1ccc(Cl)s1)C(=O)Nc1ccc(N2CCOCC2=O)c(C)c1,CHEMBL364838,Vdss,L.kg-1,1.6,Vss,l kg-1,1.6,volume_distribution,VDss,(L/kg|L),ChEMBL
A,COC[C@@H](NC(=O)c1ccc(Cl)s1)C(=O)Nc1ccc(N2CCOCC2=O)c(C)c1,CHEMBL364838,Vdss,L.kg-1,0.86,Vss,l kg-1,0.86,volume_distribution,VDss,(L/kg|L),ChEMBL
A,COC[C@@H](NC(=O)c1ccc(Cl)s1)C(=O)Nc1ccc(N2CCOCC2=O)c(C)c1,CHEMBL364838,Vdss,L.kg-1,0.81,Vss,l kg-1,0.81,volume_distribution,VDss,(L/kg|L),ChEMBL
A,Cc1cc(Nc2ncc(C(=O)Nc3c(C)cccc3Cl)s2)nc(C)n1,CHEMBL364623,Vdss,L.kg-1,12.0,Vss,l kg-1,12.0,volume_distribution,VDss,(L/kg|L),ChEMBL
A,Cn1nc(C(F)(F)F)c(CN2CCN(c3nc(N)n4nc(-c5ccco5)nc4n3)CC2)c1Cl,CHEMBL189192,Vdss,L.kg-1,1.8,Vdss,l kg-1,1.8,volume_distribution,VDss,(L/kg|L),ChEMBL
A,Nc1nc(N2CCN(Cc3ccccn3)CC2)nc2nc(-c3ccco3)nn12,CHEMBL361680,Vdss,L.kg-1,1.1,Vdss,l kg-1,1.1,volume_distribution,VDss,(L/kg|L),ChEMBL
A,Nc1nc(N2CCN(Cc3ccnc4ccccc34)CC2)nc2nc(-c3ccco3)nn12,CHEMBL186023,Vdss,L.kg-1,0.8,Vdss,l kg-1,0.8,volume_distribution,VDss,(L/kg|L),ChEMBL
A,Nc1nc(N2CCN(Cc3cc4ccccc4nc3Cl)CC2)nc2nc(-c3ccco3)nn12,CHEMBL185967,Vdss,L.kg-1,0.5,Vdss,l kg-1,0.5,volume_distribution,VDss,(L/kg|L),ChEMBL
A,Cc1ccc2nc(Cl)c(CN3CCN(c4nc(N)n5nc(-c6ccco6)nc5n4)CC3)cc2c1,CHEMBL186027,Vdss,L.kg-1,0.5,Vdss,l kg-1,0.5,volume_distribution,VDss,(L/kg|L),ChEMBL
A,CCCn1c(=O)c2c(nc(/C=C/c3ccc(OC)c(OC)c3)n2C)n(CCC)c1=O,CHEMBL27508,Vdss,L.kg-1,3.7,Vdss,l kg-1,3.7,volume_distribution,VDss,(L/kg|L),ChEMBL
A,Nc1nc(N2CCN(Cc3c(Cl)cccc3Cl)CC2)nc2nc(-c3ccco3)nn12,CHEMBL186046,Vdss,L.kg-1,2.8,Vdss,l kg-1,2.8,volume_distribution,VDss,(L/kg|L),ChEMBL
A,Nc1nc(N2CCN(Cc3c(F)cc(F)cc3F)CC2)nc2nc(-c3ccco3)nn12,CHEMBL173941,Vdss,L.kg-1,3.4,Vdss,l kg-1,3.4,volume_distribution,VDss,(L/kg|L),ChEMBL
A,CCCC[C@H](NC(=O)O[C@H](Cc1nnc(-c2ccc(C(F)(F)F)cc2)o1)C(C)(C)C)C(=O)C(=O)Nc1ccn[nH]1,CHEMBL188400,Vdss,L.kg-1,1.9,VSS,ml kg-1,1900.0,volume_distribution,VDss,(L/kg|L),ChEMBL
A,CC(C)(C)NC(=O)C1(C2CCCCC2)CCN(C(=O)[C@@H](Cc2ccc(Cl)cc2)NC(=O)[C@H]2CCc3ccccc3[C@H]2N)CC1,CHEMBL433764,Vdss,L.kg-1,3.9,Vdss,l kg-1,3.9,volume_distribution,VDss,(L/kg|L),ChEMBL
A,CC(C)(C)NC(=O)C1(C2CCCCC2)CCN(C(=O)[C@@H](Cc2ccc(Cl)cc2)NC(=O)[C@H]2CCc3ccccc3[C@H]2N)CC1,CHEMBL433764,Vdss,L.kg-1,2.9,Vdss,l kg-1,2.9,volume_distribution,VDss,(L/kg|L),ChEMBL
A,CCCC[C@H](NC(=O)O[C@H](Cn1ccc(-c2ccc(C(F)(F)F)cc2)n1)C(C)(C)C)C(=O)C(=O)Nc1ccn[nH]1,CHEMBL234367,Vdss,L.kg-1,0.32,VSS,ml kg-1,320.0,volume_distribution,VDss,(L/kg|L),ChEMBL
A,CCCC[C@H](NC(=O)O[C@H](Cn1cc(-c2ccc(C(F)(F)F)cc2)cn1)C(C)(C)C)C(=O)C(=O)Nc1ccn[nH]1,CHEMBL190053,Vdss,L.kg-1,2.1,VSS,ml kg-1,2100.0,volume_distribution,VDss,(L/kg|L),ChEMBL
A,CCCC[C@H](NC(=O)O[C@H](Cn1cnc(-c2ccc(C(F)(F)F)cc2)c1)C(C)(C)C)C(=O)C(=O)Nc1ccn[nH]1,CHEMBL191584,Vdss,L.kg-1,2.4,VSS,ml kg-1,2400.0,volume_distribution,VDss,(L/kg|L),ChEMBL
A,CCCC[C@H](NC(=O)O[C@H](CN1CCN(c2ccc(C(F)(F)F)cc2)C1=O)C(C)(C)C)C(=O)C(=O)Nc1ccn[nH]1,CHEMBL191178,Vdss,L.kg-1,5.0,VSS,ml kg-1,5000.0,volume_distribution,VDss,(L/kg|L),ChEMBL
A,CCCC[C@H](NC(=O)O[C@H](Cc1nnc(-c2ccc(F)cc2)o1)C(C)(C)C)C(=O)C(=O)Nc1cc[nH]n1,CHEMBL186149,Vdss,L.kg-1,3.6,VSS,ml kg-1,3600.0,volume_distribution,VDss,(L/kg|L),ChEMBL
A,CCCC[C@H](NC(=O)OC(Cc1nnc(-c2ccc(F)cc2)o1)C(C)(C)C)C(=O)C(=O)N[C@H]1CCCNC1=O,CHEMBL426617,Vdss,L.kg-1,1.4,VSS,ml kg-1,1400.0,volume_distribution,VDss,(L/kg|L),ChEMBL
A,CCCC[C@H](NC(=O)O[C@H](Cc1nnc(-c2ccc(F)cc2)o1)C(C)(C)C)C(=O)C(=O)NCc1cccnc1,CHEMBL189417,Vdss,L.kg-1,1.4,VSS,ml kg-1,1400.0,volume_distribution,VDss,(L/kg|L),ChEMBL
A,CCCC[C@H](NC(=O)O[C@H](Cc1nnc(-c2ccc(C(F)(F)F)cc2)o1)C(C)(C)C)C(=O)C(=O)NN1CCOC1=O,CHEMBL365822,Vdss,L.kg-1,3.1,VSS,ml kg-1,3100.0,volume_distribution,VDss,(L/kg|L),ChEMBL
A,CCCC[C@H](NC(=O)O[C@H](Cn1ccc(-c2ccc(C(F)(F)F)cc2)n1)C(C)(C)C)C(=O)C(=O)Nc1ccccn1,CHEMBL188929,Vdss,L.kg-1,1.8,VSS,ml kg-1,1800.0,volume_distribution,VDss,(L/kg|L),ChEMBL
A,CCCC[C@H](NC(=O)O[C@H](Cn1cnc(-c2ccc(C(F)(F)F)cc2)c1)C(C)(C)C)C(=O)C(=O)Nc1nccs1,CHEMBL187864,Vdss,L.kg-1,1.8,VSS,ml kg-1,1800.0,volume_distribution,VDss,(L/kg|L),ChEMBL
A,CN1C[C@H]2CC[C@@H]1[C@H](C(=O)N[C@H](Cc1ccc(F)cc1)C(=O)N1CCC(C(=O)NC(C)(C)C)(C3CCCCC3)CC1)C2,CHEMBL364346,Vdss,L.kg-1,9.6,Vdss,l kg-1,9.6,volume_distribution,VDss,(L/kg|L),ChEMBL
A,CN1C[C@H]2CC[C@@H]1[C@H](C(=O)N[C@H](Cc1ccc(F)cc1)C(=O)N1CCC(C(=O)NC(C)(C)C)(C3CCCCC3)CC1)C2,CHEMBL364346,Vdss,L.kg-1,2.3,Vdss,l kg-1,2.3,volume_distribution,VDss,(L/kg|L),ChEMBL
A,CCCC[C@H](NC(=O)O[C@H](Cn1ccc(-c2ccc(C(F)(F)F)cc2)n1)C(C)(C)C)C(=O)C(=O)NCc1ccno1,CHEMBL365049,Vdss,L.kg-1,1.7,VSS,ml kg-1,1700.0,volume_distribution,VDss,(L/kg|L),ChEMBL
A,CN1C[C@H]2CC[C@@H]1[C@H](C(=O)N[C@H](Cc1ccc(F)cc1)C(=O)N1CCC(C(=O)NC(C)(C)C)(C3CCCCC3)CC1)C2,CHEMBL364346,Vdss,L.kg-1,0.8,Vdss,l kg-1,0.8,volume_distribution,VDss,(L/kg|L),ChEMBL
A,CN(C)CCN(Cc1ccc(-c2ccc(CNCCc3ccccc3)cc2)cc1)C(=O)CCC1CCCC1.Cl.Cl,CHEMBL535371,Vdss,L.kg-1,6.1,Vdss,l kg-1,6.1,volume_distribution,VDss,(L/kg|L),ChEMBL
A,CCN1c2ncc(CCOc3ccc(C(=O)O)cc3C)cc2C(=O)N(C)c2cccnc21,CHEMBL192530,Vdss,L.kg-1,4.6,Vss,l kg-1,4.6,volume_distribution,VDss,(L/kg|L),ChEMBL
A,CCN1c2ncc(CCOc3ccc(C(=O)O)cc3C)cc2C(=O)N(C)c2cccnc21,CHEMBL192530,Vdss,L.kg-1,2.5,Vss,l kg-1,2.5,volume_distribution,VDss,(L/kg|L),ChEMBL
A,CCN1c2ncc(CCOc3ccc(C(=O)O)cc3C)cc2C(=O)N(C)c2cccnc21,CHEMBL192530,Vdss,L.kg-1,1.0,Vss,l kg-1,1.0,volume_distribution,VDss,(L/kg|L),ChEMBL
A,CN1CCN(CCCCN(C(=O)Nc2ccc(F)c(C(F)(F)F)c2)[C@@H]2CC[C@]3(c4ccc(C#N)cc4)C[C@H]23)CC1,CHEMBL190842,Vdss,L.kg-1,5.6,Vd(ss),l kg-1,5.6,volume_distribution,VDss,(L/kg|L),ChEMBL
A,C[C@H](C(=O)Nc1cc(C2CC2)[nH]n1)c1ccc(N2CCCC2=O)cc1,CHEMBL191144,Vdss,L.kg-1,0.28,Vss,ml kg-1,280.0,volume_distribution,VDss,(L/kg|L),ChEMBL
A,C[C@H](C(=O)Nc1cc(C2CC2)[nH]n1)c1ccc(N2CCOC2=O)cc1,CHEMBL191834,Vdss,L.kg-1,0.573,Vss,ml kg-1,573.0,volume_distribution,VDss,(L/kg|L),ChEMBL
A,CONC(=O)c1cc(Nc2ncnn3cc(-c4nnc(C(F)(F)S(C)(=O)=O)o4)c(C(C)C)c23)c(F)cc1F,CHEMBL195903,Vdss,L.kg-1,0.45,Vss,l kg-1,0.45,volume_distribution,VDss,(L/kg|L),ChEMBL
A,O=C(/C=C/c1ccc(C(F)(F)F)nc1N1CCOCC1)Nc1ccc2cccnc2c1,CHEMBL191247,Vdss,L.kg-1,1.1,Vss,ml kg-1,1100.0,volume_distribution,VDss,(L/kg|L),ChEMBL
A,O=C(/C=C/c1ccc(C(F)(F)F)nc1N1CCCCC1)Nc1ccc2cccnc2c1,CHEMBL190874,Vdss,L.kg-1,2.8,Vss,ml kg-1,2800.0,volume_distribution,VDss,(L/kg|L),ChEMBL
A,Oc1ccc2c(c1)CCN(c1ccccc1)C2c1ccc(N2CCN3CCCCC3C2)cc1,CHEMBL195212,Vdss,L.kg-1,9.2,Vss,l kg-1,9.2,volume_distribution,VDss,(L/kg|L),ChEMBL
A,CN1CCC(c2ccc(C3c4ccc(O)cc4CCN3c3ccc(F)cc3)cc2)CC1,CHEMBL192187,Vdss,L.kg-1,15.8,Vss,l kg-1,15.8,volume_distribution,VDss,(L/kg|L),ChEMBL
A,CC(C)N1CCN(c2ccc(C3c4ccc(O)cc4CCN3c3cccc(O)c3)cc2)CC1,CHEMBL364492,Vdss,L.kg-1,5.0,Vss,l kg-1,5.0,volume_distribution,VDss,(L/kg|L),ChEMBL
A,Oc1ccc2c(c1)CCN(c1ccccc1)C2c1ccc(OCCN2CCCCC2)cc1,CHEMBL101382,Vdss,L.kg-1,13.8,Vss,l kg-1,13.8,volume_distribution,VDss,(L/kg|L),ChEMBL
A,Oc1ccc2c(c1)CC[C@H](c1ccccc1)[C@@H]2c1ccc(OCCN2CCCC2)cc1,CHEMBL328190,Vdss,L.kg-1,14.7,Vss,l kg-1,14.7,volume_distribution,VDss,(L/kg|L),ChEMBL
A,O=C(c1ccc(OCCN2CCCCC2)cc1)c1c(-c2ccc(O)cc2)sc2cc(O)ccc12,CHEMBL81,Vdss,L.kg-1,17.6,Vss,l kg-1,17.6,volume_distribution,VDss,(L/kg|L),ChEMBL
A,CC(C)(C)c1ccc(/C=C/C(=O)Nc2ccc3c(c2)OCCO3)cc1,CHEMBL195789,Vdss,L.kg-1,2.1,Vss,ml kg-1,2100.0,volume_distribution,VDss,(L/kg|L),ChEMBL
A,Nc1[nH]cc[n+]1Cc1[nH]c(=O)[nH]c(=O)c1Br,CHEMBL122679,Vdss,L.kg-1,1.3,Vdss,l kg-1,1.3,volume_distribution,VDss,(L/kg|L),ChEMBL
A,Cl.N=C1CCCN1Cc1[nH]c(=O)[nH]c(=O)c1Cl,CHEMBL65375,Vdss,L.kg-1,2.1,Vdss,l kg-1,2.1,volume_distribution,VDss,(L/kg|L),ChEMBL
A,CCS(=O)(=O)c1ccc(OC)c(Nc2ncc(-c3cccc(-c4ccccn4)c3)o2)c1.CS(=O)(=O)O,CHEMBL193849,Vdss,L.kg-1,1.032,Vdss,ml kg-1,1032.0,volume_distribution,VDss,(L/kg|L),ChEMBL
A,CCS(=O)(=O)c1ccc(OC)c(Nc2ncc(-c3cccc(-c4ccccn4)c3)o2)c1.CS(=O)(=O)O,CHEMBL193849,Vdss,L.kg-1,3.743,Vdss,ml kg-1,3743.000000000001,volume_distribution,VDss,(L/kg|L),ChEMBL
A,COc1ccc(OC(=O)N(CC(=O)O)Cc2ccc(OCCc3nc(-c4ccccc4)oc3C)cc2)cc1,CHEMBL186179,Vdss,L.kg-1,0.6,Vss,l kg-1,0.6,volume_distribution,VDss,(L/kg|L),ChEMBL
A,CCCC[C@H](NC(=O)O[C@@H]1C(=O)OCC1(C)C)C(=O)C(=O)N[C@H](C)c1ccccc1,CHEMBL196896,Vdss,L.kg-1,3.4,Vss,ml kg-1,3400.0,volume_distribution,VDss,(L/kg|L),ChEMBL
A,CCCC[C@H](NC(=O)O[C@@H]1C(=O)NCC1(C)C)C(=O)C(=O)N[C@H](C)c1ccccc1,CHEMBL194068,Vdss,L.kg-1,1.3,Vss,ml kg-1,1300.0,volume_distribution,VDss,(L/kg|L),ChEMBL
A,Cc1nccn1-c1sc(Nc2cnccn2)nc1-c1cccc(C#N)c1,CHEMBL2113096,Vdss,L.kg-1,3.02,Vss,l kg-1,3.02,volume_distribution,VDss,(L/kg|L),ChEMBL
A,CN1CCC(Oc2cccc3ncnc(Nc4ccc(OCc5ccccn5)c(Cl)c4)c23)CC1,CHEMBL193544,Vdss,L.kg-1,2.6,Vdss,l kg-1,2.6,volume_distribution,VDss,(L/kg|L),ChEMBL
A,CN1CCC(Oc2cccc3ncnc(Nc4ccc(OCc5ccccn5)c(Cl)c4)c23)CC1,CHEMBL193544,Vdss,L.kg-1,2.6,Vdss,l kg-1,2.6,volume_distribution,VDss,(L/kg|L),ChEMBL
A,Cc1cc(N2CCOCC2)cc2[nH]c(-c3c(NC[C@@H](O)c4cccc(Cl)c4)cc[nH]c3=O)nc12,CHEMBL401930,Vdss,L.kg-1,1.9,Vss,l kg-1,1.9,volume_distribution,VDss,(L/kg|L),ChEMBL
A,Cc1cc(N2CCOCC2)cc2[nH]c(-c3c(NC[C@@H](O)c4cccc(Cl)c4)cc[nH]c3=O)nc12,CHEMBL401930,Vdss,L.kg-1,0.8,Vss,l kg-1,0.8,volume_distribution,VDss,(L/kg|L),ChEMBL
A,Cc1cc(N2CCOCC2)cc2[nH]c(-c3c(NC[C@@H](O)c4cccc(Cl)c4)cc[nH]c3=O)nc12,CHEMBL401930,Vdss,L.kg-1,1.3,Vss,l kg-1,1.3,volume_distribution,VDss,(L/kg|L),ChEMBL
A,Cc1cc(N2CCOCC2)cc2[nH]c(-c3c(NC[C@@H](O)c4cccc(Cl)c4)cc[nH]c3=O)nc12,CHEMBL401930,Vdss,L.kg-1,1.4,Vss,l kg-1,1.4,volume_distribution,VDss,(L/kg|L),ChEMBL
A,O=C(NC[C@H]1CN(c2ccc(N3CCCC3=O)cc2)C(=O)O1)c1ccc(Cl)s1,CHEMBL197377,Vdss,L.kg-1,0.21,Vss,l kg-1,0.21,volume_distribution,VDss,(L/kg|L),ChEMBL
A,O=C(NC[C@H]1CN(c2ccc(N3CCOCC3=O)cc2)C(=O)O1)c1ccc(Cl)s1,CHEMBL198362,Vdss,L.kg-1,0.3,Vss,l kg-1,0.3,volume_distribution,VDss,(L/kg|L),ChEMBL
A,O=C(NC[C@H]1CN(c2ccc(N3CCOCC3=O)cc2)C(=O)O1)c1ccc(Cl)s1,CHEMBL198362,Vdss,L.kg-1,0.4,Vss,l kg-1,0.4,volume_distribution,VDss,(L/kg|L),ChEMBL
A,O=C(NC[C@H]1CN(c2ccc(N3CCOCC3=O)c(F)c2)C(=O)O1)c1ccc(Cl)s1,CHEMBL364284,Vdss,L.kg-1,0.32,Vss,l kg-1,0.32,volume_distribution,VDss,(L/kg|L),ChEMBL
A,N#Cc1cccc(-c2cnnc(-c3ccccc3)c2)c1,CHEMBL198509,Vdss,L.kg-1,1.5,Vdss,l kg-1,1.5,volume_distribution,VDss,(L/kg|L),ChEMBL
A,CC(C)C[C@@H]1C(=O)N[C@H](C2Cc3ccccc3C2)C(=O)N1[C@@H](C(=O)NC(C)C)c1ccccc1,CHEMBL382518,Vdss,L.kg-1,0.8,Vdss,l kg-1,0.8,volume_distribution,VDss,(L/kg|L),ChEMBL
A,CC(C)C[C@@H]1C(=O)N[C@H](C2Cc3ccccc3C2)C(=O)N1[C@@H](C(=O)NC(C)C)c1ccc(F)cc1,CHEMBL197793,Vdss,L.kg-1,0.8,Vdss,l kg-1,0.8,volume_distribution,VDss,(L/kg|L),ChEMBL
A,CC(C)C[C@@H]1C(=O)N[C@H](C2Cc3ccccc3C2)C(=O)N1[C@@H](C(=O)NC(C)C)c1ccc(F)cc1,CHEMBL197793,Vdss,L.kg-1,0.8,Vdss,l kg-1,0.8,volume_distribution,VDss,(L/kg|L),ChEMBL
A,Cc1ccc([C@H](C(=O)NC(C)C)N2C(=O)[C@@H](C3Cc4ccccc4C3)NC(=O)[C@H]2CC(C)C)cc1,CHEMBL555148,Vdss,L.kg-1,0.6,Vdss,l kg-1,0.6,volume_distribution,VDss,(L/kg|L),ChEMBL
A,CC(C)C[C@@H]1C(=O)N[C@H](C2Cc3ccccc3C2)C(=O)N1[C@@H](C(=O)NC(C)C)c1ccc(N(C)C)cc1,CHEMBL196603,Vdss,L.kg-1,1.7,Vdss,l kg-1,1.7,volume_distribution,VDss,(L/kg|L),ChEMBL
A,CC(C)C[C@@H]1C(=O)N[C@H](C2Cc3ccccc3C2)C(=O)N1[C@@H](C(=O)NC(C)C)c1ccc(N(C)C)cc1,CHEMBL196603,Vdss,L.kg-1,2.3,Vdss,l kg-1,2.3,volume_distribution,VDss,(L/kg|L),ChEMBL
A,CC(C)C[C@@H]1C(=O)N[C@H](C2Cc3ccccc3C2)C(=O)N1[C@@H](C(=O)NC(C)C)c1ccc(S(C)(=O)=O)cc1,CHEMBL194584,Vdss,L.kg-1,0.7,Vdss,l kg-1,0.7,volume_distribution,VDss,(L/kg|L),ChEMBL
A,CC(C)C[C@@H]1C(=O)N[C@H](C2Cc3ccccc3C2)C(=O)N1[C@@H](C(=O)NC(C)(C)C)c1ccc(Cl)cc1,CHEMBL381024,Vdss,L.kg-1,0.4,Vdss,l kg-1,0.4,volume_distribution,VDss,(L/kg|L),ChEMBL
A,CC(C)C[C@@H]1C(=O)N[C@H](C2Cc3ccccc3C2)C(=O)N1[C@@H](C(=O)NC(C)C)c1ccc(F)cc1F,CHEMBL196478,Vdss,L.kg-1,1.2,Vdss,l kg-1,1.2,volume_distribution,VDss,(L/kg|L),ChEMBL
A,CC(C)(C)C1CCC2(CC1)CN(c1ccc(OC(F)(F)F)cc1)C(=O)N2Cc1ccc(C(=O)Nc2nn[nH]n2)cc1,CHEMBL197851,Vdss,L.kg-1,2.6,Vdss,l kg-1,2.6,volume_distribution,VDss,(L/kg|L),ChEMBL
A,CC(C)(C)C1CCC2(CC1)CCN(c1ccc(OC(F)(F)F)cc1)C(=O)N2Cc1ccc(C(=O)Nc2nn[nH]n2)cc1,CHEMBL198387,Vdss,L.kg-1,1.3,Vdss,l kg-1,1.3,volume_distribution,VDss,(L/kg|L),ChEMBL
A,CC(C)(C)C1CCC2(CC1)CCN(c1ccc(OC(F)(F)F)cc1)C(=O)N2Cc1ccc(C(=O)Nc2nn[nH]n2)cc1,CHEMBL198387,Vdss,L.kg-1,0.48,Vdss,l kg-1,0.48,volume_distribution,VDss,(L/kg|L),ChEMBL
A,CC(C)(C)C1CCC2(CC1)CCN(c1ccc(OC(F)(F)F)cc1)C(=O)N2Cc1ccc(C(=O)Nc2nn[nH]n2)cc1,CHEMBL198387,Vdss,L.kg-1,4.3,VDss,l kg-1,4.3,volume_distribution,VDss,(L/kg|L),ChEMBL
A,CC(C)(C)C1CCC2(CC1)CCN(c1ccc(OC(F)(F)F)cc1)C(=O)N2Cc1ccc(C(=O)NCc2nn[nH]n2)cc1,CHEMBL371235,Vdss,L.kg-1,7.3,Vdss,l kg-1,7.3,volume_distribution,VDss,(L/kg|L),ChEMBL
A,CC(C)(C)C1CCC2(CC1)CN(c1cc(Cl)cc(Cl)c1)C(=O)N2Cc1ccc(C(=O)NCCC(=O)O)cc1,CHEMBL199013,Vdss,L.kg-1,3.6,Vdss,l kg-1,3.6,volume_distribution,VDss,(L/kg|L),ChEMBL
A,CN1C(=O)NC(Cc2c[nH]c3c(Cl)cccc23)C1=O,CHEMBL381230,Vdss,L.kg-1,2.495,Vss,ml kg-1,2495.0,volume_distribution,VDss,(L/kg|L),ChEMBL
A,CN1C(=O)NC(Cc2c[nH]c3c(Cl)cccc23)C1=O,CHEMBL381230,Vdss,L.kg-1,3.345,Vss,ml kg-1,3345.0,volume_distribution,VDss,(L/kg|L),ChEMBL
A,CCCc1c(OCCCOc2ccc3c(ccn3CC(=O)[O-])c2)ccc2c(C(F)(F)F)noc12.[Na+],CHEMBL120554,Vdss,L.kg-1,0.4,Vss,L/kg,0.4,volume_distribution,VDss,(L/kg|L),ChEMBL
A,O=C(CCCC[C@@H]1SC[C@@H]2NC(=O)N[C@@H]21)NCCCCCC(=O)N[C@H]1O[C@H](CO)[C@@H](O)[C@H](O)[C@@H]1O[C@H]1O[C@H](CO)[C@@H](O)[C@H](O[C@H]2O[C@H](CO)[C@@H](O)[C@H](O[C@H]3O[C@H](CO)[C@@H](O)[C@H](O[C@H]4O[C@H](CO)[C@@H](O)[C@H](O)[C@@H]4O)[C@@H]3O)[C@@H]2O)[C@@H]1O,CHEMBL262707,Vdss,mL,55.1,Vdss,mL,55.1,volume_distribution,VDss,(L/kg|L),ChEMBL
A,CCCCCCCCO[C@H]1O[C@H](CO)[C@@H](O)[C@H](O)[C@@H]1O[C@H]1O[C@H](CO)[C@@H](O)[C@H](O[C@H]2O[C@H](CO)[C@@H](O)[C@H](O[C@H]3O[C@H](CO)[C@@H](O)[C@H](O[C@H]4O[C@H](CO)[C@@H](O)[C@H](O)[C@@H]4O)[C@@H]3O)[C@@H]2O)[C@@H]1O,CHEMBL198643,Vdss,mL,22.9,Vdss,mL,22.9,volume_distribution,VDss,(L/kg|L),ChEMBL
A,OC[C@H]1O[C@H](O[C@@H]2[C@H](O)[C@@H](O[C@@H]3[C@H](O)[C@@H](O[C@@H]4[C@H](O)[C@@H](O[C@@H]5[C@@H](OCc6ccccc6)O[C@H](CO)[C@@H](O)[C@@H]5O)O[C@H](CO)[C@H]4O)O[C@H](CO)[C@H]3O)O[C@H](CO)[C@H]2O)[C@@H](O)[C@@H](O)[C@@H]1O,CHEMBL382044,Vdss,mL,38.4,Vdss,mL,38.4,volume_distribution,VDss,(L/kg|L),ChEMBL
A,N#CCNC(=O)C1(NC(=O)c2ccc(-c3ccc(N4CCNCC4)cc3)cc2)CCCCC1,CHEMBL371133,Vdss,L.kg-1,7.23,Vss,L/kg,7.23,volume_distribution,VDss,(L/kg|L),ChEMBL
A,N#CCNC(=O)C1(NC(=O)c2ccc(-c3ccc(OC4CCN(CCO)CC4)cc3)cc2)CCCCC1,CHEMBL372410,Vdss,L.kg-1,25.3,Vss,L/kg,25.3,volume_distribution,VDss,(L/kg|L),ChEMBL
A,CN1CCC(Oc2ccc(-c3ccc(C(=O)NC4(C(=O)NCC#N)CCCCC4)cc3)cc2)CC1,CHEMBL200426,Vdss,L.kg-1,11.1,Vss,L/kg,11.1,volume_distribution,VDss,(L/kg|L),ChEMBL
A,CC(C)(C)N1CCN(c2ccc(-c3ccc(C(=O)NC4(C(=O)NCC#N)CCCCC4)cc3)cc2)CC1,CHEMBL200672,Vdss,L.kg-1,11.2,Vss,L/kg,11.2,volume_distribution,VDss,(L/kg|L),ChEMBL
A,CC(C)(C)NC1CCN(c2ccc(-c3ccc(C(=O)NC4(C(=O)NCC#N)CCCCC4)cc3)cc2)CC1,CHEMBL199163,Vdss,L.kg-1,10.7,Vss,L/kg,10.7,volume_distribution,VDss,(L/kg|L),ChEMBL
A,COCCN1CCC(Oc2ccc(-c3ccc(C(=O)NC4(C(=O)NCC#N)CCCCC4)cc3)cc2)CC1,CHEMBL199214,Vdss,L.kg-1,3.27,Vss,L/kg,3.27,volume_distribution,VDss,(L/kg|L),ChEMBL
A,CN1CCCC(Oc2ccc(-c3ccc(C(=O)NC4(C(=O)NCC#N)CCCCC4)cc3)cc2)C1,CHEMBL435913,Vdss,L.kg-1,8.46,Vss,L/kg,8.46,volume_distribution,VDss,(L/kg|L),ChEMBL
A,N#CCNC(=O)C1(NC(=O)c2ccc(-c3ccc(S(=O)(=O)N4CCN(CC(F)(F)F)CC4)cc3)cc2)CCCCC1,CHEMBL197440,Vdss,L.kg-1,1.55,Vss,L/kg,1.55,volume_distribution,VDss,(L/kg|L),ChEMBL
A,N#CCNC(=O)C1(NC(=O)c2ccc(-c3ccc(S(=O)(=O)N4CCNCC4)cc3)cc2)CCCCC1,CHEMBL370165,Vdss,L.kg-1,3.29,Vss,L/kg,3.29,volume_distribution,VDss,(L/kg|L),ChEMBL
A,N#CCNC(=O)C1(NC(=O)c2ccc(-c3ccc(C4(F)CCNCC4)cc3)cc2)CCCCC1,CHEMBL200788,Vdss,L.kg-1,1.76,Vss,L/kg,1.76,volume_distribution,VDss,(L/kg|L),ChEMBL
A,CN1CCN(c2nc(-c3ccc(C(=O)NC4(C(=O)NCC#N)CCCCC4)cc3)cs2)CC1,CHEMBL426819,Vdss,L.kg-1,11.0,Vdss,L/kg,11.0,volume_distribution,VDss,(L/kg|L),ChEMBL
A,CCCN1CCN(c2ccc(C(=O)NC3(C(=O)NCC#N)CCCCC3)cc2)CC1,CHEMBL371064,Vdss,L.kg-1,4.7,Vdss,L/kg,4.7,volume_distribution,VDss,(L/kg|L),ChEMBL
A,N#CCNC(=O)C1(NC(=O)c2ccc(N3CCOCC3)cc2)CCCCC1,CHEMBL200301,Vdss,L.kg-1,1.9,Vdss,L/kg,1.9,volume_distribution,VDss,(L/kg|L),ChEMBL
A,C[C@H]1O[C@@H](n2cc(-c3ccccc3)c3c(NCC(=O)NC4CC4)ncnc32)[C@H](O)[C@@H]1O,CHEMBL371909,Vdss,L.kg-1,3.3,Vdss,L/kg,3.3,volume_distribution,VDss,(L/kg|L),ChEMBL
A,C[C@H]1O[C@@H](n2cc(-c3ccccc3)c3c(NCC(=O)NC4CC4)ncnc32)[C@H](O)[C@@H]1O,CHEMBL371909,Vdss,L.kg-1,6.3,Vdss,L/kg,6.3,volume_distribution,VDss,(L/kg|L),ChEMBL
A,CCOc1cc(OCC)cc(C(Nc2ccc(C(=N)N)cc2)C(=O)O)c1,CHEMBL199271,Vdss,L.kg-1,0.3,Vdss,L/kg,0.3,volume_distribution,VDss,(L/kg|L),ChEMBL
A,CCOc1cc(O[C@H]2CCOC2)cc(C(Nc2ccc(C(=N)N)cc2)C(=O)O)c1,CHEMBL198843,Vdss,L.kg-1,0.5,Vdss,L/kg,0.5,volume_distribution,VDss,(L/kg|L),ChEMBL
A,CC1(C)C=C(c2cc(-c3ccc(F)cc3Cl)c3ccc(=O)n(-c4c(Cl)cccc4Cl)c3c2)CC(C)(C)N1,CHEMBL369989,Vdss,L.kg-1,7.32,Vdss,L/kg,7.32,volume_distribution,VDss,(L/kg|L),ChEMBL
A,CC(C)(C)N1CCC(Oc2cc(-c3ccccc3Cl)c3ccc(=O)n(-c4c(Cl)cccc4Cl)c3c2)CC1,CHEMBL199707,Vdss,L.kg-1,6.17,Vdss,L/kg,6.17,volume_distribution,VDss,(L/kg|L),ChEMBL
A,C[C@@H](C(=O)O)N1CCC(c2cc(-c3ccc(F)cc3Cl)c3ccc(=O)n(-c4c(Cl)cccc4Cl)c3c2)CC1,CHEMBL199565,Vdss,L.kg-1,0.7,Vdss,L/kg,0.7,volume_distribution,VDss,(L/kg|L),ChEMBL
A,CC(C)(C)N1CCC(c2cc3c(ccc(=O)n3-c3c(Cl)cccc3Cl)c(-c3ccccc3Cl)n2)CC1,CHEMBL424666,Vdss,L.kg-1,10.1,Vdss,L/kg,10.1,volume_distribution,VDss,(L/kg|L),ChEMBL
A,CC(C)(C)N1CCC(c2cc3c(ccc(=O)n3-c3c(Cl)cccc3Cl)c(-c3ccc(F)cc3F)n2)CC1,CHEMBL199625,Vdss,L.kg-1,24.0,Vdss,L/kg,24.0,volume_distribution,VDss,(L/kg|L),ChEMBL
A,CC(C)(C)N1CCC(c2cc3c(ccc(=O)n3-c3c(Cl)cccc3Cl)c(-c3ccc(F)cc3Cl)n2)CC1,CHEMBL199291,Vdss,L.kg-1,11.4,Vdss,L/kg,11.4,volume_distribution,VDss,(L/kg|L),ChEMBL
A,CC(C)(C)N1CCC(c2cc(-c3ccc(F)cc3Cl)c3ccc(=O)n(-c4c(F)cccc4F)c3c2)CC1,CHEMBL199484,Vdss,L.kg-1,3.77,Vdss,L/kg,3.77,volume_distribution,VDss,(L/kg|L),ChEMBL
A,CC(C)(C)N1CCC(c2cc(-c3ccc(F)cc3F)c3ccc(=O)n(-c4c(Cl)cccc4Cl)c3c2)CC1,CHEMBL199679,Vdss,L.kg-1,3.82,Vdss,L/kg,3.82,volume_distribution,VDss,(L/kg|L),ChEMBL
A,CC(C)(C)N1CCC(c2cc(-c3ccc(F)cc3Cl)c3ccc(=O)n(-c4c(Cl)cccc4Cl)c3c2)CC1,CHEMBL381632,Vdss,L.kg-1,3.84,Vdss,L/kg,3.84,volume_distribution,VDss,(L/kg|L),ChEMBL
A,CC(C)N1C2CCC1CC(c1cc(-c3ccc(F)cc3Cl)c3ccc(=O)n(-c4c(Cl)cccc4Cl)c3c1)C2,CHEMBL380806,Vdss,L.kg-1,5.23,Vdss,L/kg,5.23,volume_distribution,VDss,(L/kg|L),ChEMBL
A,CN1C2CCC1CC(c1cc(-c3ccc(F)cc3Cl)c3ccc(=O)n(-c4c(Cl)cccc4Cl)c3c1)C2,CHEMBL200093,Vdss,L.kg-1,6.87,Vdss,L/kg,6.87,volume_distribution,VDss,(L/kg|L),ChEMBL
A,O=c1ccc2c(-c3ccc(F)cc3Cl)cc(C3CC4CCC(C3)N4)cc2n1-c1c(Cl)cccc1Cl,CHEMBL199701,Vdss,L.kg-1,6.2,Vdss,L/kg,6.2,volume_distribution,VDss,(L/kg|L),ChEMBL
A,CC(C)(C)N1CCC(c2cc(-c3ccc(F)cc3Cl)c3ccc(=O)n(-c4c(Cl)cccc4Cl)c3c2)CC1,CHEMBL381632,Vdss,L.kg-1,23.8,Vdss,L/kg,23.8,volume_distribution,VDss,(L/kg|L),ChEMBL
A,CC(C)(C)N1CCC(c2cc3c(ccc(=O)n3-c3c(Cl)cccc3Cl)c(-c3ccc(F)cc3F)n2)CC1,CHEMBL199625,Vdss,L.kg-1,23.75,Vdss,L/kg,23.75,volume_distribution,VDss,(L/kg|L),ChEMBL
A,CC(C)(C)N1CCC(c2cc(-c3ccc(F)cc3F)c3ccc(=O)n(-c4c(Cl)cccc4Cl)c3c2)CC1,CHEMBL199679,Vdss,L.kg-1,8.99,Vdss,L/kg,8.99,volume_distribution,VDss,(L/kg|L),ChEMBL
A,CC(C)(C)N1CCC(c2cc(-c3ccc(F)cc3Cl)c3ccc(=O)n(-c4c(Cl)cccc4Cl)c3c2)CC1,CHEMBL381632,Vdss,L.kg-1,52.8,Vdss,L/kg,52.8,volume_distribution,VDss,(L/kg|L),ChEMBL
A,CC(C)(C)N1CCC(c2cc3c(ccc(=O)n3-c3c(Cl)cccc3Cl)c(-c3ccc(F)cc3F)n2)CC1,CHEMBL199625,Vdss,L.kg-1,21.65,Vdss,L/kg,21.65,volume_distribution,VDss,(L/kg|L),ChEMBL
A,CC(C)(C)N1CCC(c2cc3c(ccc(=O)n3-c3c(Cl)cccc3Cl)c(-c3ccc(F)cc3Cl)n2)CC1,CHEMBL199291,Vdss,L.kg-1,22.1,Vdss,L/kg,22.1,volume_distribution,VDss,(L/kg|L),ChEMBL
A,CC(C)(C)N1CCC(c2cc(-c3ccc(F)cc3Cl)c3ccc(=O)n(-c4c(F)cccc4F)c3c2)CC1,CHEMBL199484,Vdss,L.kg-1,28.65,Vdss,L/kg,28.65,volume_distribution,VDss,(L/kg|L),ChEMBL
A,CC(C)(C)N1CCC(c2cc(-c3ccc(F)cc3F)c3ccc(=O)n(-c4c(Cl)cccc4Cl)c3c2)CC1,CHEMBL199679,Vdss,L.kg-1,26.25,Vdss,L/kg,26.25,volume_distribution,VDss,(L/kg|L),ChEMBL
A,CC(C)(C)N1CCC(c2cc3c(ccc(=O)n3-c3c(Cl)cccc3Cl)c(-c3ccccc3Cl)n2)CC1,CHEMBL424666,Vdss,L.kg-1,15.1,Vdss,L/kg,15.1,volume_distribution,VDss,(L/kg|L),ChEMBL
A,COc1cc(-c2nn([C@H]3CC[C@H](N4CCN(C(C)=O)CC4)CC3)c3ncnc(N)c23)ccc1NC(=O)c1cc2ccccc2n1C,CHEMBL197603,Vdss,L.kg-1,10.3,Vdss,L/kg,10.3,volume_distribution,VDss,(L/kg|L),ChEMBL
A,COc1cc(-c2nn([C@H]3CC[C@H](N4CCN(C(C)=O)CC4)CC3)c3ncnc(N)c23)ccc1NC(=O)c1cc2ccccc2n1C,CHEMBL197603,Vdss,L.kg-1,1.2,Vdss,L/kg,1.2,volume_distribution,VDss,(L/kg|L),ChEMBL
A,CN1C(=O)C(C(=O)Nc2nncs2)c2cc3occc3cc21,CHEMBL200906,Vdss,L.kg-1,0.1,Vdss,L/kg,0.1,volume_distribution,VDss,(L/kg|L),ChEMBL
A,CC(C)(CO)CCCCC(=O)CCCCC(C)(C)CO,CHEMBL186279,Vdss,L.kg-1,13.67,Vdss,ml/kg,13670.9,volume_distribution,VDss,(L/kg|L),ChEMBL
A,CC(C)(CO)CCCCC(=O)CCCCC(C)(C)CO,CHEMBL186279,Vdss,L.kg-1,1.533,Vdss,ml/kg,1533.2,volume_distribution,VDss,(L/kg|L),ChEMBL
A,CC(C)(CO)CCCCC(=O)CCCCC(C)(C)CO,CHEMBL186279,Vdss,L.kg-1,5.632,Vdss,ml/kg,5631.9,volume_distribution,VDss,(L/kg|L),ChEMBL
A,CC(C)(CO)CCCCC(=O)CCCCC(C)(C)CO,CHEMBL186279,Vdss,L.kg-1,2.072,Vdss,ml/kg,2072.1,volume_distribution,VDss,(L/kg|L),ChEMBL
A,CC(C)(CCCCC(O)CCCCC(C)(C)C(=O)O)C(=O)O,CHEMBL370989,Vdss,L.kg-1,2.072,Vdss,ml/kg,2072.1,volume_distribution,VDss,(L/kg|L),ChEMBL
A,Cc1c(Nc2ccc(Br)cc2F)c(C(=O)NOCCO)cn(C)c1=O,CHEMBL199860,Vdss,L.kg-1,1.1,Vdss,L/kg,1.1,volume_distribution,VDss,(L/kg|L),ChEMBL
A,Cn1cc(C(N)=O)c(Nc2ccc(Br)cc2F)c(F)c1=O,CHEMBL371693,Vdss,L.kg-1,0.8,Vdss,L/kg,0.8,volume_distribution,VDss,(L/kg|L),ChEMBL
A,CCONC(=O)c1cn(C)c(=O)c(C)c1Nc1ccc(Br)cc1F,CHEMBL203138,Vdss,L.kg-1,0.4,Vdss,L/kg,0.4,volume_distribution,VDss,(L/kg|L),ChEMBL
A,CONC(=O)c1cn(C)c(=O)c(C)c1Nc1ccc(Br)cc1F,CHEMBL426840,Vdss,L.kg-1,0.4,Vdss,L/kg,0.4,volume_distribution,VDss,(L/kg|L),ChEMBL
A,CCONC(=O)c1cn(C)c(=O)c(F)c1Nc1ccc(Br)cc1F,CHEMBL201426,Vdss,L.kg-1,0.4,Vdss,L/kg,0.4,volume_distribution,VDss,(L/kg|L),ChEMBL
A,CCC(CC)NCCCn1c(Sc2cc(OC)ccc2I)nc2c(N)ncnc21,CHEMBL201162,Vdss,L.kg-1,2.4,Vdss,L/kg,2.4,volume_distribution,VDss,(L/kg|L),ChEMBL
A,COc1ccc(I)c(Sc2nc3c(N)ncnc3n2CCNCC(C)(C)C)c1,CHEMBL381115,Vdss,L.kg-1,1.6,Vdss,L/kg,1.6,volume_distribution,VDss,(L/kg|L),ChEMBL
A,COc1ccc(I)c(Sc2nc3c(N)ncnc3n2CCNCC(C)C)c1,CHEMBL201871,Vdss,L.kg-1,0.4,Vdss,L/kg,0.4,volume_distribution,VDss,(L/kg|L),ChEMBL
A,COc1ccc(I)c(Sc2nc3c(N)ncnc3n2CCCNC(C)(C)C)c1,CHEMBL199532,Vdss,L.kg-1,24.0,Vdss,L/kg,24.0,volume_distribution,VDss,(L/kg|L),ChEMBL
A,COc1ccc(I)c(Sc2nc3c(N)ncnc3n2CCCNC(C)C)c1,CHEMBL381521,Vdss,L.kg-1,22.0,Vdss,L/kg,22.0,volume_distribution,VDss,(L/kg|L),ChEMBL
A,CCC(C)NCCCn1c(Sc2cc(OC)ccc2I)nc2c(N)ncnc21,CHEMBL381376,Vdss,L.kg-1,3.4,Vdss,L/kg,3.4,volume_distribution,VDss,(L/kg|L),ChEMBL
A,Cc1nc2cc(C(C)C)c(-c3ccc(Cl)c(OCC4CC4)c3)cc2c(=O)[nH]1,CHEMBL436839,Vdss,L.kg-1,1.55,Vdss,L/kg,1.55,volume_distribution,VDss,(L/kg|L),ChEMBL
A,O=C1/C(=C/c2ccc(Cl)c(Cl)c2)SC(=S)N1NS(=O)(=O)c1ccccc1,CHEMBL202580,Vdss,L.kg-1,0.09,Vdss,L/kg,0.09,volume_distribution,VDss,(L/kg|L),ChEMBL
A,O=C1/C(=C/c2ccc(Cl)c(Cl)c2)SC(=S)N1NS(=O)(=O)c1cccs1,CHEMBL201550,Vdss,L.kg-1,0.7,Vdss,L/kg,0.7,volume_distribution,VDss,(L/kg|L),ChEMBL
A,COc1cc2c(Nc3ncc(CC(=O)Nc4cccc(F)c4)s3)ncnc2cc1OCCCN1CCC(CO)CC1,CHEMBL201307,Vdss,L.kg-1,1.8,Vdss,L/kg,1.8,volume_distribution,VDss,(L/kg|L),ChEMBL
A,CC(C)CCn1c(=O)c(C2=NS(=O)(=O)c3ccccc3N2)c(O)c2ccccc21,CHEMBL176058,Vdss,L.kg-1,0.44,Vdss,L/kg,0.44,volume_distribution,VDss,(L/kg|L),ChEMBL
A,CC(C)CCn1c(=O)c(C2=NS(=O)(=O)c3ccccc3N2)c(O)c2ccccc21,CHEMBL176058,Vdss,L.kg-1,0.53,Vdss,L/kg,0.53,volume_distribution,VDss,(L/kg|L),ChEMBL
A,O=c1c(C2=NS(=O)(=O)c3ccccc3N2)c(O)c2ccccc2n1CCC1CC1,CHEMBL202319,Vdss,L.kg-1,0.25,Vdss,L/kg,0.25,volume_distribution,VDss,(L/kg|L),ChEMBL
A,O=c1c(C2=NS(=O)(=O)c3ccccc3N2)c(O)c2ccccc2n1CCC1CC1,CHEMBL202319,Vdss,L.kg-1,0.15,Vdss,L/kg,0.15,volume_distribution,VDss,(L/kg|L),ChEMBL
A,O=c1c(C2=NS(=O)(=O)c3ccccc3N2)c(O)c2ccccc2n1CCC1CC1,CHEMBL202319,Vdss,L.kg-1,0.19,Vdss,L/kg,0.19,volume_distribution,VDss,(L/kg|L),ChEMBL
A,Cc1ccc2c(c1)c(O)c(C1=NS(=O)(=O)c3ccccc3N1)c(=O)n2CCC(C)C,CHEMBL201769,Vdss,L.kg-1,0.81,Vdss,L/kg,0.81,volume_distribution,VDss,(L/kg|L),ChEMBL
A,Cc1ccc2c(c1)c(O)c(C1=NS(=O)(=O)c3ccccc3N1)c(=O)n2CCC(C)C,CHEMBL201769,Vdss,L.kg-1,0.72,Vdss,L/kg,0.72,volume_distribution,VDss,(L/kg|L),ChEMBL
A,Cc1ccc2c(c1)c(O)c(C1=NS(=O)(=O)c3ccccc3N1)c(=O)n2CCC(C)C,CHEMBL201769,Vdss,L.kg-1,0.34,Vdss,L/kg,0.34,volume_distribution,VDss,(L/kg|L),ChEMBL
A,O=c1c(C2=Nc3ccccc3S(=O)(=O)N2)c(O)c2cc(F)ccc2n1CCC1CC1,CHEMBL372357,Vdss,L.kg-1,0.36,Vdss,L/kg,0.36,volume_distribution,VDss,(L/kg|L),ChEMBL
A,O=c1c(C2=Nc3ccccc3S(=O)(=O)N2)c(O)c2cc(F)ccc2n1CCC1CC1,CHEMBL372357,Vdss,L.kg-1,0.15,Vdss,L/kg,0.15,volume_distribution,VDss,(L/kg|L),ChEMBL
A,O=c1c(C2=Nc3ccccc3S(=O)(=O)N2)c(O)c2cc(F)ccc2n1CCC1CC1,CHEMBL372357,Vdss,L.kg-1,0.11,Vdss,L/kg,0.11,volume_distribution,VDss,(L/kg|L),ChEMBL
A,CC(C)(O)c1cnn2c(-c3ccc(F)c(-c4c(F)cccc4C#N)c3)cnc2n1,CHEMBL204696,Vdss,L.kg-1,1.9,Vdss,L/kg,1.9,volume_distribution,VDss,(L/kg|L),ChEMBL
A,CC(C)(O)c1cnn2c(-c3ccc(F)c(-c4ccc(F)cc4C#N)c3)cnc2n1,CHEMBL204701,Vdss,L.kg-1,3.4,Vdss,L/kg,3.4,volume_distribution,VDss,(L/kg|L),ChEMBL
A,CC(C)(O)c1cnn2c(-c3ccc(F)c(-c4c(F)cc(F)cc4C#N)c3)cnc2n1,CHEMBL202343,Vdss,L.kg-1,5.8,Vdss,L/kg,5.8,volume_distribution,VDss,(L/kg|L),ChEMBL
A,CC(C)(O)c1cnn2c(-c3ccc(F)c(-c4c(F)cccc4C#N)c3)cnc2n1,CHEMBL204696,Vdss,L.kg-1,2.1,Vdss,L/kg,2.1,volume_distribution,VDss,(L/kg|L),ChEMBL
A,CC(C)(O)c1cnn2c(-c3ccc(F)c(-c4c(F)cccc4C#N)c3)cnc2n1,CHEMBL204696,Vdss,L.kg-1,2.1,Vdss,L/kg,2.1,volume_distribution,VDss,(L/kg|L),ChEMBL
A,O=c1c2nn(-c3ccccc3Cl)c(-c3ccc(Cl)cc3)c2ncn1CC(F)(F)F,CHEMBL204188,Vdss,L.kg-1,9.2,Vdss,L/kg,9.2,volume_distribution,VDss,(L/kg|L),ChEMBL
A,O=c1c2nn(-c3ccccc3Cl)c(-c3ccc(Cl)cc3)c2ncn1CC(F)(F)F,CHEMBL204188,Vdss,L.kg-1,10.0,Vdss,L/kg,10.0,volume_distribution,VDss,(L/kg|L),ChEMBL
A,Cc1nc2c(-c3ccc(Cl)cc3)n(-c3ccccc3Cl)nc2c(=O)n1CC(F)(F)F,CHEMBL201602,Vdss,L.kg-1,7.7,Vdss,L/kg,7.7,volume_distribution,VDss,(L/kg|L),ChEMBL
A,Cc1nc2c(-c3ccc(Cl)cc3)n(-c3ccccc3Cl)nc2c(=O)n1CC(F)(F)F,CHEMBL201602,Vdss,L.kg-1,17.0,Vdss,L/kg,17.0,volume_distribution,VDss,(L/kg|L),ChEMBL
A,CN1CCN(CCC#CC(=O)Nc2cc3c(Nc4ccc(F)c(Cl)c4)ncnc3cn2)CC1,CHEMBL203599,Vdss,L.kg-1,3.1,Vdss,L/kg,3.1,volume_distribution,VDss,(L/kg|L),ChEMBL
A,CN1CCN(CCC#CC(=O)Nc2cc3c(Nc4ccc(F)c(Cl)c4)ncnc3cn2)CC1,CHEMBL203599,Vdss,L.kg-1,0.93,Vdss,L/kg,0.93,volume_distribution,VDss,(L/kg|L),ChEMBL
A,CN1CCN(CCC#CC(=O)Nc2cc3c(Nc4ccc(F)c(Cl)c4)ncnc3cn2)CC1,CHEMBL203599,Vdss,L.kg-1,1.7,Vdss,L/kg,1.7,volume_distribution,VDss,(L/kg|L),ChEMBL
A,COc1ccc(C(CC(=O)O)Cc2nc(CCCc3ccc4c(n3)NCCC4)no2)cn1,CHEMBL372749,Vdss,L.kg-1,0.694,Vdss,ml/kg,694.0,volume_distribution,VDss,(L/kg|L),ChEMBL
A,O=C(O)C[C@H](Cc1nc(CCCCNc2cc(N3CCSCC3)ccn2)no1)c1ccc2c(c1)OCO2,CHEMBL434191,Vdss,L.kg-1,0.897,Vdss,ml/kg,897.0,volume_distribution,VDss,(L/kg|L),ChEMBL
A,CN1CCNc2nc(CCCc3noc(CC(CC(=O)O)c4ccc5c(c4)OCO5)n3)ccc21,CHEMBL379444,Vdss,L.kg-1,0.447,Vdss,ml/kg,447.0,volume_distribution,VDss,(L/kg|L),ChEMBL
A,O=C(O)CC(Cc1nc(CCCc2ccc3c(n2)NCCC3)no1)c1cnc(C2CC2)s1,CHEMBL202564,Vdss,L.kg-1,0.497,Vdss,ml/kg,497.0,volume_distribution,VDss,(L/kg|L),ChEMBL
A,O=C(O)C[C@H](Cc1nc(CCCc2ccc3c(n2)NCCC3)no1)c1ccc2c(c1)OCO2,CHEMBL369981,Vdss,L.kg-1,0.733,Vdss,ml/kg,733.0,volume_distribution,VDss,(L/kg|L),ChEMBL
A,O=C(O)CC(Cc1nc(CCCc2ccc3c(n2)NCCC3)no1)c1ccc2c(c1)OCC2,CHEMBL202397,Vdss,L.kg-1,0.803,Vdss,ml/kg,803.0,volume_distribution,VDss,(L/kg|L),ChEMBL
A,O=C(O)CC(Cc1nc(CCCc2ccc3c(n2)NCCC3)no1)c1cnc2ccccc2c1,CHEMBL372290,Vdss,L.kg-1,0.622,Vdss,ml/kg,622.0,volume_distribution,VDss,(L/kg|L),ChEMBL
A,COc1cc(OC)cc(C(CC(=O)O)Cc2csc(CCCc3ccc4c(n3)NCCC4)n2)c1,CHEMBL202477,Vdss,L.kg-1,2.04,Vdss,ml/kg,2040.0,volume_distribution,VDss,(L/kg|L),ChEMBL
A,O=C(O)CC(Cc1nc(CCCc2ccc3c(n2)NCCC3)no1)c1ccc2c(c1)OCO2,CHEMBL426114,Vdss,L.kg-1,0.733,Vdss,ml/kg,733.0,volume_distribution,VDss,(L/kg|L),ChEMBL
A,COCc1ncc(C(CC(=O)O)Cc2csc(CCCc3ccc4c(n3)NCCC4)n2)s1,CHEMBL203494,Vdss,L.kg-1,2.68,Vdss,ml/kg,2680.0,volume_distribution,VDss,(L/kg|L),ChEMBL
A,O=C(O)CC(Cc1csc(CCCc2ccc3c(n2)NCCC3)n1)c1cnc(C2CC2)s1,CHEMBL381154,Vdss,L.kg-1,1.02,Vdss,ml/kg,1020.0,volume_distribution,VDss,(L/kg|L),ChEMBL
A,COc1ccc(C(CC(=O)O)Cc2csc(CCCc3ccc4c(n3)NCCC4)n2)cn1,CHEMBL202512,Vdss,L.kg-1,2.95,Vdss,ml/kg,2950.0,volume_distribution,VDss,(L/kg|L),ChEMBL
A,COc1ccc(C(CC(=O)O)Cc2csc(CCCc3ccc4c(n3)NCCC4)n2)cc1F,CHEMBL202054,Vdss,L.kg-1,1.29,Vdss,ml/kg,1290.0,volume_distribution,VDss,(L/kg|L),ChEMBL
A,O=C(O)CC(Cc1csc(CCCc2ccc3c(n2)NCCC3)n1)c1ccc2c(c1)OCO2,CHEMBL380687,Vdss,L.kg-1,0.897,Vdss,ml/kg,897.0,volume_distribution,VDss,(L/kg|L),ChEMBL
A,Nc1nc2nc(SCc3cccc(F)c3F)nc(O)c2s1,CHEMBL370387,Vdss,L.kg-1,0.9,Vdss,L/kg,0.9,volume_distribution,VDss,(L/kg|L),ChEMBL
A,CC(C)(CO)Nc1nc(SCc2cccc(F)c2F)nc2nc(N)sc12,CHEMBL380947,Vdss,L.kg-1,1.9,Vdss,L/kg,1.9,volume_distribution,VDss,(L/kg|L),ChEMBL
A,CC[C@H](CO)Nc1nc(SCc2ccccc2)nc2nc(N)sc12,CHEMBL274737,Vdss,L.kg-1,2.2,Vdss,L/kg,2.2,volume_distribution,VDss,(L/kg|L),ChEMBL
A,Cc1cc(S(=O)(=O)N[C@@H](C(=O)NO)C2CCOCC2)ccc1F,CHEMBL204593,Vdss,L.kg-1,1.0,Vdss,L/kg,1.0,volume_distribution,VDss,(L/kg|L),ChEMBL
A,Cc1cc(S(=O)(=O)N[C@@H](C(=O)NO)C2CCOCC2)ccc1F,CHEMBL204593,Vdss,L.kg-1,3.9,Vdss,L/kg,3.9,volume_distribution,VDss,(L/kg|L),ChEMBL
A,Cc1cc(S(=O)(=O)N[C@@H](C(=O)NO)C2CCOCC2)ccc1F,CHEMBL204593,Vdss,L.kg-1,1.1,Vdss,L/kg,1.1,volume_distribution,VDss,(L/kg|L),ChEMBL
A,Cc1cc(S(=O)(=O)N[C@@H](C(=O)NO)C2CCOCC2)ccc1F,CHEMBL204593,Vdss,L.kg-1,1.5,Vdss,L/kg,1.5,volume_distribution,VDss,(L/kg|L),ChEMBL
A,Cc1cc(S(=O)(=O)N[C@@H](C(=O)NO)C2CCOCC2)ccc1F,CHEMBL204593,Vdss,L.kg-1,3.8,Vdss,L/kg,3.8,volume_distribution,VDss,(L/kg|L),ChEMBL
A,Cc1cc(S(=O)(=O)N[C@@H](C(=O)NO)C2CCOCC2)ccc1F,CHEMBL204593,Vdss,L.kg-1,2.4,Vdss,L/kg,2.4,volume_distribution,VDss,(L/kg|L),ChEMBL
A,Cc1cc(S(=O)(=O)N[C@@H](C(=O)NO)C2CCOCC2)ccc1F,CHEMBL204593,Vdss,L.kg-1,3.3,Vdss,L/kg,3.3,volume_distribution,VDss,(L/kg|L),ChEMBL
A,O=C(c1cc(Cc2n[nH]c(=O)c3ccccc23)ccc1F)N1CCCNCC1,CHEMBL380648,Vdss,L.kg-1,2.1,Vdss,L/kg,2.1,volume_distribution,VDss,(L/kg|L),ChEMBL
A,COc1cccc([C@@H](c2ccc3c(c2)CN(CC(=O)O)CC3)N2C[C@@H](C)N(Cc3ccccc3)C[C@@H]2C)c1,CHEMBL202478,Vdss,L.kg-1,5.4,Vdss,L/kg,5.4,volume_distribution,VDss,(L/kg|L),ChEMBL
A,CCCC[C@@H](/C=N/NC(=O)N1CCCC1)NC(=O)OC(C)(C)C,CHEMBL204103,Vdss,L.kg-1,430.0,Vdss,L/kg,430.0,volume_distribution,VDss,(L/kg|L),ChEMBL
A,CCCC[C@@H](/C=N/NC(=O)N1CCOCC1)NC(=O)O[C@@H](C)Cc1ccccc1,CHEMBL204605,Vdss,L.kg-1,220.0,Vdss,L/kg,220.0,volume_distribution,VDss,(L/kg|L),ChEMBL
A,CCCC[C@@H](/C=N/NS(=O)(=O)N(C)C)NC(=O)OC(C)(C)C,CHEMBL203501,Vdss,L.kg-1,390.0,Vdss,L/kg,390.0,volume_distribution,VDss,(L/kg|L),ChEMBL
A,CCCC[C@@H](/C=N/NC(=O)N1CCc2ccccc21)NC(=O)OC(C)(C)C,CHEMBL381715,Vdss,L.kg-1,540.0,Vdss,L/kg,540.0,volume_distribution,VDss,(L/kg|L),ChEMBL
A,CCCC[C@@H](/C=N/NC(=O)N1CCOCC1)NC(=O)OC(C)(C)C,CHEMBL205173,Vdss,L.kg-1,570.0,Vdss,L/kg,570.0,volume_distribution,VDss,(L/kg|L),ChEMBL
A,N#Cc1cnc(Nc2cc(N3CCC(N)CC3)ncn2)s1,CHEMBL427025,Vdss,L.kg-1,3.65,Vdss,L/kg,3.65,volume_distribution,VDss,(L/kg|L),ChEMBL
A,N#Cc1cnc(Nc2cc(N3CCN(CCN4CCCC4)CC3)ncn2)s1,CHEMBL380735,Vdss,L.kg-1,14.05,Vdss,L/kg,14.05,volume_distribution,VDss,(L/kg|L),ChEMBL
A,N#Cc1cnc(Nc2cc(N3CCN(CCCN4CCOCC4)CC3)ncn2)s1,CHEMBL204700,Vdss,L.kg-1,14.8,Vdss,L/kg,14.8,volume_distribution,VDss,(L/kg|L),ChEMBL
A,N#Cc1cnc(Nc2cc(N3CCN(CCN4CCOCC4)CC3)ncn2)s1,CHEMBL204446,Vdss,L.kg-1,2.4,Vdss,L/kg,2.4,volume_distribution,VDss,(L/kg|L),ChEMBL
A,COCCN1CCN(c2cc(Nc3ncc(C#N)s3)ncn2)CC1,CHEMBL379896,Vdss,L.kg-1,1.31,Vdss,L/kg,1.31,volume_distribution,VDss,(L/kg|L),ChEMBL
A,N#Cc1cnc(Nc2cc(N3CCN(CCN4CCOCC4)CC3)ncn2)s1,CHEMBL204446,Vdss,L.kg-1,2.72,Vdss,L/kg,2.72,volume_distribution,VDss,(L/kg|L),ChEMBL
A,N#Cc1cnc(Nc2cc(N3CCN(CCN4CCOCC4)CC3)ncn2)s1,CHEMBL204446,Vdss,L.kg-1,3.32,Vdss,L/kg,3.32,volume_distribution,VDss,(L/kg|L),ChEMBL
A,N#Cc1cnc(Nc2cc(N3CCN(CCN4CCOCC4)CC3)ncn2)s1,CHEMBL204446,Vdss,L.kg-1,10.12,Vdss,L/kg,10.12,volume_distribution,VDss,(L/kg|L),ChEMBL
A,C=C[C@]12OC(=O)N(CCCCn3cnc(-c4ccc(C)nc4)c3)[C@@H]1[C@@H](C)C(=O)[C@H](C)C[C@@](C)(OC)[C@H](O[C@@H]1O[C@H](C)C[C@H](N(C)C)[C@H]1O)[C@@H](C)C(=O)[C@@H](C)C(=O)O[C@@H]2CC,CHEMBL203711,Vdss,L.kg-1,14.0,Vdss,L/kg,14.0,volume_distribution,VDss,(L/kg|L),ChEMBL
A,CC[C@H]1OC(=O)[C@H](C)C(=O)[C@H](C)[C@@H](O[C@@H]2O[C@H](C)C[C@H](N(C)C)[C@H]2O)[C@](C)(OC)C[C@@H](C)C(=O)[C@H](C)[C@H]2N(CCCCn3cnc(-c4cccnc4)c3)C(=O)O[C@]12C,CHEMBL1136,Vdss,L.kg-1,5.0,Vdss,L/kg,5.0,volume_distribution,VDss,(L/kg|L),ChEMBL
A,C=C[C@]12OC(=O)N(CCCCn3cnc(-c4ccc(Cl)nc4)c3)[C@@H]1[C@@H](C)C(=O)[C@H](C)C[C@@](C)(OC)[C@H](O[C@@H]1O[C@H](C)C[C@H](N(C)C)[C@H]1O)[C@@H](C)C(=O)[C@@H](C)C(=O)O[C@@H]2CC,CHEMBL379456,Vdss,L.kg-1,12.0,Vdss,L/kg,12.0,volume_distribution,VDss,(L/kg|L),ChEMBL
A,Nc1c(C(=O)c2cccc(OC[C@@H](O)CO)c2)cnn1-c1ccc(F)cc1,CHEMBL203567,Vdss,L.kg-1,1.27,Vdss,L/kg,1.27,volume_distribution,VDss,(L/kg|L),ChEMBL
A,Nc1c(C(=O)c2cccc(OC[C@@H](O)CO)c2)cnn1-c1ccc(F)cc1,CHEMBL203567,Vdss,L.kg-1,21.4,Vdss,L/kg,21.4,volume_distribution,VDss,(L/kg|L),ChEMBL
A,Nc1c(C(=O)c2cccc(OC[C@@H](O)CO)c2)cnn1-c1ccc(F)cc1,CHEMBL203567,Vdss,L.kg-1,2.55,Vdss,L/kg,2.55,volume_distribution,VDss,(L/kg|L),ChEMBL
A,CC(C)C[C@H](NC(=O)c1cc2ccccc2o1)C(=O)N[C@H]1CCCN(S(=O)(=O)c2ccccn2)CC1=O,CHEMBL286364,Vdss,L.kg-1,1.86,Vdss,L/kg,1.86,volume_distribution,VDss,(L/kg|L),ChEMBL
A,CC(C)C[C@H](NC(=O)c1cc2ccccc2o1)C(=O)N[C@H]1CCCN(S(=O)(=O)c2ccccn2)CC1=O,CHEMBL286364,Vdss,L.kg-1,0.72,Vdss,L/kg,0.72,volume_distribution,VDss,(L/kg|L),ChEMBL
A,CC(C)C[C@H](NC(=O)c1cc2ccccc2o1)C(=O)N[C@H]1CC[C@@H](C)N(S(=O)(=O)c2ccccn2)CC1=O,CHEMBL203665,Vdss,L.kg-1,1.79,Vdss,L/kg,1.79,volume_distribution,VDss,(L/kg|L),ChEMBL
A,CC(C)C[C@H](NC(=O)c1cc2ccccc2o1)C(=O)N[C@H]1C[C@H](C)CN(S(=O)(=O)c2ccccn2)CC1=O,CHEMBL205172,Vdss,L.kg-1,1.46,Vdss,L/kg,1.46,volume_distribution,VDss,(L/kg|L),ChEMBL
A,CC(C)C[C@H](NC(=O)c1cc2ccccc2o1)C(=O)N[C@@H]1C(=O)CN(S(=O)(=O)c2ccccn2)CC[C@@H]1C,CHEMBL202668,Vdss,L.kg-1,4.7,Vdss,L/kg,4.7,volume_distribution,VDss,(L/kg|L),ChEMBL
A,CC(C)C[C@H](NC(=O)c1cc2ccccc2o1)C(=O)N[C@H]1CC[C@@H](C)N(S(=O)(=O)c2ccccn2)CC1=O,CHEMBL203665,Vdss,L.kg-1,0.95,Vdss,L/kg,0.95,volume_distribution,VDss,(L/kg|L),ChEMBL
A,CN[C@H]1CC[C@@H](c2ccc(Cl)c(Cl)c2)c2ccc(S(N)(=O)=O)cc21,CHEMBL383706,Vdss,L.kg-1,19.0,Vdss,L/kg,19.0,volume_distribution,VDss,(L/kg|L),ChEMBL
A,CN[C@H]1CC[C@@H](c2ccc(Cl)c(Cl)c2)c2ccc(S(N)(=O)=O)cc21,CHEMBL383706,Vdss,L.kg-1,600.0,Vdss,L/kg,600.0,volume_distribution,VDss,(L/kg|L),ChEMBL
A,CN[C@H]1CC[C@@H](c2ccc(Cl)c(Cl)c2)c2ccccc21,CHEMBL809,Vdss,L.kg-1,52.0,Vdss,L/kg,52.0,volume_distribution,VDss,(L/kg|L),ChEMBL
A,CC(C)(O)c1ccn2c(-c3ccc(F)c(-c4cccnc4)c3)cnc2n1,CHEMBL201472,Vdss,L.kg-1,1.0,Vdss,L/kg,1.0,volume_distribution,VDss,(L/kg|L),ChEMBL
A,CC(C)(O)c1ccn2c(-c3ccc(F)c(-c4cccnc4)c3)cnc2n1,CHEMBL201472,Vdss,L.kg-1,0.6,Vdss,L/kg,0.6,volume_distribution,VDss,(L/kg|L),ChEMBL
A,CC(C)(O)c1cnn2c(-c3ccc(F)c(-c4ncccc4C#N)c3)cnc2n1,CHEMBL203785,Vdss,L.kg-1,1.7,Vdss,L/kg,1.7,volume_distribution,VDss,(L/kg|L),ChEMBL
A,CC(C)(O)c1cnn2c(-c3ccc(F)c(-c4ncc(F)cc4F)c3)cnc2n1,CHEMBL203897,Vdss,L.kg-1,2.2,Vdss,L/kg,2.2,volume_distribution,VDss,(L/kg|L),ChEMBL
A,CC(C)(O)c1cnn2c(-c3ccc(F)c(-c4ncccc4C#N)c3)cnc2n1,CHEMBL203785,Vdss,L.kg-1,1.5,Vdss,L/kg,1.5,volume_distribution,VDss,(L/kg|L),ChEMBL
A,CC(C)(O)c1cnn2c(-c3ccc(F)c(-c4ncc(F)cc4F)c3)cnc2n1,CHEMBL203897,Vdss,L.kg-1,2.3,Vdss,L/kg,2.3,volume_distribution,VDss,(L/kg|L),ChEMBL
A,COc1cc(OC2CCN(C)CC2)c2c(Nc3ccc(F)c(Cl)c3)ncnc2c1,CHEMBL203295,Vdss,L.kg-1,8.2,Vdss,L/kg,8.2,volume_distribution,VDss,(L/kg|L),ChEMBL
A,COc1cc(OC2CCN(C)CC2)c2c(Nc3ccc(F)c(Cl)c3)ncnc2c1,CHEMBL203295,Vdss,L.kg-1,12.3,Vdss,L/kg,12.3,volume_distribution,VDss,(L/kg|L),ChEMBL
A,N[C@H](COc1cncc(/C=C/c2ccncc2)c1)Cc1csc2ccccc12,CHEMBL206183,Vdss,L.kg-1,3.6,Vdss,L/kg,3.6,volume_distribution,VDss,(L/kg|L),ChEMBL
A,N[C@H](COc1cnc(Cl)c(/C=C/c2ccncc2)c1)Cc1c[nH]c2ccccc12,CHEMBL379914,Vdss,L.kg-1,9.9,Vdss,L/kg,9.9,volume_distribution,VDss,(L/kg|L),ChEMBL
A,N[C@H](COc1cncc(/C=C/c2ccncc2)c1)Cc1c[nH]c2ccccc12,CHEMBL383541,Vdss,L.kg-1,5.2,Vdss,L/kg,5.2,volume_distribution,VDss,(L/kg|L),ChEMBL
A,N[C@H](COc1cncc(/C=C/c2ccncc2)c1)Cc1c[nH]c2ccccc12,CHEMBL383541,Vdss,L.kg-1,6.5,Vdss,L/kg,6.5,volume_distribution,VDss,(L/kg|L),ChEMBL
A,N[C@H](COc1cnc(Cl)c(/C=C/c2ccncc2)c1)Cc1c[nH]c2ccccc12,CHEMBL379914,Vdss,L.kg-1,4.8,Vdss,L/kg,4.8,volume_distribution,VDss,(L/kg|L),ChEMBL
A,N[C@H](COc1cncc(/C=C/c2ccncc2)c1)Cc1c[nH]c2ccccc12,CHEMBL383541,Vdss,L.kg-1,12.8,Vdss,L/kg,12.8,volume_distribution,VDss,(L/kg|L),ChEMBL
A,N[C@H](COc1cnc(Cl)c(/C=C/c2ccncc2)c1)Cc1c[nH]c2ccccc12,CHEMBL379914,Vdss,L.kg-1,11.1,Vdss,L/kg,11.1,volume_distribution,VDss,(L/kg|L),ChEMBL
A,N[C@H](COc1cncc(/C=C/c2ccncc2)c1)Cc1c[nH]c2ccccc12,CHEMBL383541,Vdss,L.kg-1,9.1,Vdss,L/kg,9.1,volume_distribution,VDss,(L/kg|L),ChEMBL
A,N[C@H](COc1cnc(Cl)c(/C=C/c2ccncc2)c1)Cc1c[nH]c2ccccc12,CHEMBL379914,Vdss,L.kg-1,4.2,Vdss,L/kg,4.2,volume_distribution,VDss,(L/kg|L),ChEMBL
A,N[C@H](CCc1cnc(Cl)c(/C=C/c2ccncc2)c1)Cc1c[nH]c2ccccc12,CHEMBL203329,Vdss,L.kg-1,4.9,Vdss,L/kg,4.9,volume_distribution,VDss,(L/kg|L),ChEMBL
A,N[C@H](CNc1cnc(Cl)c(/C=C/c2ccncc2)c1)Cc1c[nH]c2ccccc12,CHEMBL203384,Vdss,L.kg-1,9.5,Vdss,L/kg,9.5,volume_distribution,VDss,(L/kg|L),ChEMBL
A,CN1CCC(Cn2c3c(c4ccccc42)C(=O)C(N2CCN(C)CC2)C[C@H]3Oc2ccc(Cl)cc2)CC1,CHEMBL424862,Vdss,l,20.0,Vdss,l,20.0,volume_distribution,VDss,(L/kg|L),ChEMBL
A,CCCC[C@H](NC(=O)O[C@@H]1C(=O)OCC1(C)C)C(=O)C(=O)N[C@H](C)c1ccccc1,CHEMBL196896,Vdss,L.kg-1,3.4,Vss,ml/kg,3400.0,volume_distribution,VDss,(L/kg|L),ChEMBL
A,CCCC[C@H](NC(=O)O[C@@H]1C(=O)N(C(=O)c2nnc(C(F)(F)F)s2)CC1(C)C)C(=O)C(=O)Nc1cc[nH]n1,CHEMBL383211,Vdss,L.kg-1,3.3,Vss,ml/kg,3300.0,volume_distribution,VDss,(L/kg|L),ChEMBL
A,CCCC[C@H](NC(=O)O[C@@H]1C(=O)N(C(=O)c2nc3ccccc3s2)CC1(C)C)C(=O)C(=O)Nc1cc[nH]n1,CHEMBL206515,Vdss,L.kg-1,2.2,Vss,ml/kg,2200.0,volume_distribution,VDss,(L/kg|L),ChEMBL
A,CCCC[C@H](NC(=O)O[C@@H]1C(=O)N(C(=O)Nc2ccc(C(F)(F)F)cc2)CC1(C)C)C(=O)C(=O)Nc1cc[nH]n1,CHEMBL205659,Vdss,L.kg-1,2.6,Vss,ml/kg,2600.0,volume_distribution,VDss,(L/kg|L),ChEMBL
A,CCCC[C@H](NC(=O)O[C@@H]1C(=O)N(C(=O)Nc2c(C)noc2C)CC1(C)C)C(=O)C(=O)N[C@H](C)c1ccccc1,CHEMBL381394,Vdss,L.kg-1,1.4,Vss,ml/kg,1400.0,volume_distribution,VDss,(L/kg|L),ChEMBL
A,CCCC[C@H](NC(=O)O[C@@H]1C(=O)N(C(=O)c2cccnc2)CC1(C)C)C(=O)C(=O)N[C@H](C)c1ccccc1,CHEMBL202723,Vdss,L.kg-1,0.55,Vss,ml/kg,550.0,volume_distribution,VDss,(L/kg|L),ChEMBL
A,CCCC[C@H](NC(=O)O[C@@H]1C(=O)N(C(=O)c2ccno2)CC1(C)C)C(=O)C(=O)N[C@H](C)c1ccccc1,CHEMBL383687,Vdss,L.kg-1,0.5,Vss,ml/kg,500.0,volume_distribution,VDss,(L/kg|L),ChEMBL
A,CCCC[C@H](NC(=O)O[C@@H]1C(=O)N(C(=O)NCc2ccccc2)CC1(C)C)C(=O)C(=O)N[C@H](C)c1ccccc1,CHEMBL382990,Vdss,L.kg-1,1.4,Vss,ml/kg,1400.0,volume_distribution,VDss,(L/kg|L),ChEMBL
A,CCCC[C@H](NC(=O)O[C@@H]1C(=O)N(C(=O)Cc2ccccc2)CC1(C)C)C(=O)C(=O)N[C@H](C)c1ccccc1,CHEMBL204284,Vdss,L.kg-1,1.5,Vss,ml/kg,1500.0,volume_distribution,VDss,(L/kg|L),ChEMBL
A,CCCC[C@H](NC(=O)O[C@@H]1C(=O)N(S(=O)(=O)c2ccccc2)CC1(C)C)C(=O)C(=O)N[C@H](C)c1ccccc1,CHEMBL439517,Vdss,L.kg-1,2.1,Vss,ml/kg,2100.0,volume_distribution,VDss,(L/kg|L),ChEMBL
A,CN1CCN(CCCN(C(=O)Nc2ccc(F)c(C(F)(F)F)c2)[C@@H]2CC[C@]3(c4ccc(C#N)cc4)C[C@H]23)CC1,CHEMBL205285,Vdss,L.kg-1,5.6,Vdss,L/Kg,5.6,volume_distribution,VDss,(L/kg|L),ChEMBL
A,c1ccc(-c2cc(-c3c[nH]nc3-c3ccccn3)ccn2)cc1,CHEMBL205736,Vdss,L.kg-1,0.7,Vss,L/Kg,0.7,volume_distribution,VDss,(L/kg|L),ChEMBL
A,O=C(NC1CCOCC1)c1ccc(-c2cc(-c3c[nH]nc3-c3ccccn3)ccn2)cc1,CHEMBL202887,Vdss,L.kg-1,1.4,Vss,L/Kg,1.4,volume_distribution,VDss,(L/kg|L),ChEMBL
A,Cc1cc2c(F)c(Oc3ncnn4cc(OC[C@@H](C)O)c(C)c34)ccc2[nH]1,CHEMBL377300,Vdss,L.kg-1,2.0,Vss,L/Kg,2.0,volume_distribution,VDss,(L/kg|L),ChEMBL
A,CC(=O)NC1N=C(c2ccccc2)c2ccccc2NC1=O,CHEMBL204738,Vdss,L.kg-1,2.7,Vdss,L/Kg,2.7,volume_distribution,VDss,(L/kg|L),ChEMBL
A,CC(=O)NC1N=C(c2ccccc2)c2ccccc2NC1=O,CHEMBL204738,Vdss,L.kg-1,2.2,Vdss,L/Kg,2.2,volume_distribution,VDss,(L/kg|L),ChEMBL
A,CC(=O)NC1N=C(c2ccccc2)c2ccccc2NC1=O,CHEMBL204738,Vdss,L.kg-1,4.2,Vdss,L/Kg,4.2,volume_distribution,VDss,(L/kg|L),ChEMBL
A,O=C(Nc1ccccc1F)NC1N=C(c2ccccc2)c2ccccc2NC1=O,CHEMBL202626,Vdss,L.kg-1,2.5,Vdss,L/Kg,2.5,volume_distribution,VDss,(L/kg|L),ChEMBL
A,COc1ccccc1C(=O)NC1N=C(c2ccccc2)c2ccccc2NC1=O,CHEMBL208467,Vdss,L.kg-1,2.4,Vdss,L/Kg,2.4,volume_distribution,VDss,(L/kg|L),ChEMBL
A,O=C(Nc1ccccc1F)NC1N=C(c2ccccc2)c2ccccc2NC1=O,CHEMBL202626,Vdss,L.kg-1,7.5,Vdss,L/Kg,7.5,volume_distribution,VDss,(L/kg|L),ChEMBL
A,COc1cc([N+](=O)[O-])ccc1C(=O)NC1N=C(c2ccccc2)c2ccccc2NC1=O,CHEMBL382488,Vdss,L.kg-1,9.8,Vdss,L/Kg,9.8,volume_distribution,VDss,(L/kg|L),ChEMBL
A,COc1ccc(F)cc1C(=O)NC1N=C(c2ccccc2)c2ccccc2NC1=O,CHEMBL203679,Vdss,L.kg-1,1804.3,Vdss,L/Kg,1804.3,volume_distribution,VDss,(L/kg|L),ChEMBL
A,COc1cc(Cl)ccc1C(=O)NC1N=C(c2ccccc2)c2ccccc2NC1=O,CHEMBL205234,Vdss,L.kg-1,98.3,Vdss,L/Kg,98.3,volume_distribution,VDss,(L/kg|L),ChEMBL
A,N[C@H](C(=O)N1CC(c2cc(F)ccc2F)=C[C@H]1c1ccccc1)C1CC1,CHEMBL204459,Vdss,L.kg-1,4.4,Vdss,L/Kg,4.4,volume_distribution,VDss,(L/kg|L),ChEMBL
A,N[C@H](C(=O)N1CC(c2cc(F)ccc2F)=C[C@H]1c1ccccc1)C1CC1,CHEMBL204459,Vdss,L.kg-1,3.8,Vdss,L/Kg,3.8,volume_distribution,VDss,(L/kg|L),ChEMBL
A,N[C@H](C(=O)N1CC(c2cc(F)ccc2F)=C[C@H]1c1ccccc1)C1CC1,CHEMBL204459,Vdss,L.kg-1,7.4,Vdss,L/Kg,7.4,volume_distribution,VDss,(L/kg|L),ChEMBL
A,O=C(O)CCCCCCN1C(=O)CC[C@@H]1CCC(O)Cc1ccccc1,CHEMBL203780,Vdss,L.kg-1,0.4,Vdss,L/Kg,0.4,volume_distribution,VDss,(L/kg|L),ChEMBL
A,O=C(O)c1ccc(CCCN2C(=O)CC[C@@H]2CC[C@@H](O)Cc2cccc(C(F)(F)F)c2)s1,CHEMBL378376,Vdss,L.kg-1,0.49,Vdss,L/Kg,0.49,volume_distribution,VDss,(L/kg|L),ChEMBL
A,O=C(O)CCCCCCN1C(=O)CC[C@@H]1CC[C@@H](O)Cc1cccc(C(F)(F)F)c1,CHEMBL46395,Vdss,L.kg-1,0.46,Vdss,L/Kg,0.46,volume_distribution,VDss,(L/kg|L),ChEMBL
A,Cc1cc(C#N)cc(OCc2cccc(Cl)c2)n1,CHEMBL207703,Vdss,L.kg-1,14.0,Vdss,L/Kg,14.0,volume_distribution,VDss,(L/kg|L),ChEMBL
A,CN(C)Cc1ccccc1-c1ccc(NC(=O)c2cc(C(F)(F)F)nn2-c2ccc3onc(N)c3c2)c(F)c1,CHEMBL381949,Vdss,L.kg-1,9.0,Vdss,L/Kg,9.0,volume_distribution,VDss,(L/kg|L),ChEMBL
A,CN(C)Cc1nccn1-c1ccc(NC(=O)c2cc(C(F)(F)F)nn2-c2ccc3onc(N)c3c2)c(F)c1,CHEMBL206335,Vdss,L.kg-1,5.3,Vdss,L/Kg,5.3,volume_distribution,VDss,(L/kg|L),ChEMBL
A,Nc1noc2ccc(-n3nc(C(F)(F)F)cc3C(=O)Nc3ccc(-c4ccccc4CN4CC[C@@H](O)C4)cc3F)cc12,CHEMBL436766,Vdss,L.kg-1,5.8,Vdss,L/Kg,5.8,volume_distribution,VDss,(L/kg|L),ChEMBL
A,Nc1noc2ccc(-n3nc(C(F)(F)F)cc3C(=O)Nc3ccc(-c4ccccc4CN4CCCC4)cc3F)cc12,CHEMBL379036,Vdss,L.kg-1,23.0,Vdss,L/Kg,23.0,volume_distribution,VDss,(L/kg|L),ChEMBL
A,COc1ccc(N2Cc3cnc(Nc4ccc(F)cc4)nc3N([C@@H]3CC[C@@H](O)C3)C2=O)cc1,CHEMBL606964,Vdss,L.kg-1,1.9,Vdss,L/Kg,1.9,volume_distribution,VDss,(L/kg|L),ChEMBL
A,COc1ccc(N2Cc3cnc(Nc4ccc(F)cc4)nc3N([C@@H]3CC[C@@H](O)C3)C2=O)cc1,CHEMBL606964,Vdss,L.kg-1,3.7,Vdss,L/Kg,3.7,volume_distribution,VDss,(L/kg|L),ChEMBL
A,N=C(N)c1ccc2[nH]c(-c3cc(C(CC(=O)O)C(=O)O)cc(-c4cccc(C(N)=O)c4)c3O)nc2c1,CHEMBL206454,Vdss,L.kg-1,0.319,Vdss,ml/kg,319.0,volume_distribution,VDss,(L/kg|L),ChEMBL
A,COc1ccc(NCCNC(=O)[C@H](CC2CCCCC2)Nc2nc3ccccc3o2)cc1,CHEMBL204785,Vdss,L.kg-1,1.63,Vss,L/Kg,1.63,volume_distribution,VDss,(L/kg|L),ChEMBL
A,O=C(O)C[C@@H](CN1CCc2cc(F)ccc21)NC(=O)[C@H](CC1CCCCC1)Nc1nc2ccc(Cl)cc2o1,CHEMBL380538,Vdss,L.kg-1,0.74,Vss,L/Kg,0.74,volume_distribution,VDss,(L/kg|L),ChEMBL
A,C[C@@H](CN1CC(C)(C)c2cc(F)ccc21)NC(=O)[C@H](CC1CCCCC1)Nc1nc2cccc(Cl)c2o1,CHEMBL381186,Vdss,L.kg-1,0.9,Vss,L/Kg,0.9,volume_distribution,VDss,(L/kg|L),ChEMBL
A,C[C@@H](CN1CCc2cc(F)ccc21)NC(=O)[C@H](CC1CCCCC1)Nc1nc2cccc(Cl)c2o1,CHEMBL206749,Vdss,L.kg-1,2.57,Vss,L/Kg,2.57,volume_distribution,VDss,(L/kg|L),ChEMBL
A,N=C(N)c1ccc2[nH]c(-c3cc(C(CC(=O)O)C(=O)O)cc(-c4cc(CNC(N)=O)ccc4O)c3O)nc2c1,CHEMBL206387,Vdss,ml,2.43,Vdss,ml,2.43,volume_distribution,VDss,(L/kg|L),ChEMBL
A,N=C(N)c1ccc2[nH]c(-c3cc(C(CC(=O)O)C(=O)O)cc(-c4cc(CNC(N)=O)ccc4O)c3O)nc2c1,CHEMBL206387,Vdss,ml,55.2,Vdss,ml,55.2,volume_distribution,VDss,(L/kg|L),ChEMBL
A,N=C(N)c1ccc2[nH]c(-c3cc(C(CC(=O)O)C(=O)O)cc(-c4cc(CNC(N)=O)ccc4O)c3O)nc2c1,CHEMBL206387,Vdss,ml,1080.0,Vdss,ml,1080.0,volume_distribution,VDss,(L/kg|L),ChEMBL
A,N=C(N)c1ccc2[nH]c(-c3cc(C(CC(=O)O)C(=O)O)cc(-c4cc(CNC(N)=O)ccc4O)c3O)nc2c1,CHEMBL206387,Vdss,ml,6750.0,Vdss,ml,6750.0,volume_distribution,VDss,(L/kg|L),ChEMBL
A,N=C(N)c1ccc2[nH]c(-c3cc(C(CC(=O)O)C(=O)O)cc(-c4cc(CNC(N)=O)ccc4O)c3O)nc2c1,CHEMBL206387,Vdss,ml,5854.0,Vdss,ml,5854.0,volume_distribution,VDss,(L/kg|L),ChEMBL
A,CC(C)C[C@H](N[C@@H](c1ccc(-c2ccc(S(C)(=O)=O)cc2)cc1)C(F)(F)F)C(=O)NCC#N,CHEMBL437501,Vdss,L.kg-1,1.4,Vdss,L/Kg,1.4,volume_distribution,VDss,(L/kg|L),ChEMBL
A,CC(C)C[C@H](N[C@@H](c1ccc(-c2ccc(S(C)(=O)=O)cc2)cc1)C(F)(F)F)C(=O)NCC#N,CHEMBL437501,Vdss,L.kg-1,0.8,Vdss,L/Kg,0.8,volume_distribution,VDss,(L/kg|L),ChEMBL
A,CC(C)C[C@H](N[C@@H](c1ccc(-c2ccc(S(C)(=O)=O)cc2)cc1)C(F)(F)F)C(=O)NCC#N,CHEMBL437501,Vdss,L.kg-1,0.5,Vdss,L/Kg,0.5,volume_distribution,VDss,(L/kg|L),ChEMBL
A,CC(C)(C)NCc1ccc2c(c1)CCC[C@H]2NC(=O)C[C@@H]1CCCCN1S(=O)(=O)c1cccc(C(F)(F)F)c1,CHEMBL381366,Vdss,L.kg-1,5.4,Vss,ml/kg,5400.0,volume_distribution,VDss,(L/kg|L),ChEMBL
A,CC(C)(C(=O)O)c1ccc(-c2ccccc2)c(F)c1,CHEMBL380853,Vdss,L.kg-1,0.15,Vdss,L/Kg,0.15,volume_distribution,VDss,(L/kg|L),ChEMBL
A,CC(C)(C(=O)O)c1ccc(-c2ccccc2)c(F)c1,CHEMBL380853,Vdss,L.kg-1,0.22,Vdss,L/Kg,0.22,volume_distribution,VDss,(L/kg|L),ChEMBL
A,CC(C)(C(=O)O)c1ccc(-c2ccccc2)c(F)c1,CHEMBL380853,Vdss,L.kg-1,0.11,Vdss,L/Kg,0.11,volume_distribution,VDss,(L/kg|L),ChEMBL
A,CC(C)(C(=O)O)c1ccc(-c2ccccc2)c(F)c1,CHEMBL380853,Vdss,L.kg-1,0.3,Vdss,L/Kg,0.3,volume_distribution,VDss,(L/kg|L),ChEMBL
A,CCC[C@H](C(N)=O)[C@@H](CC(C)C)C(=O)N[C@H]1CCCCN(Cc2cccc(-c3ccc(F)c(Cl)c3)c2)C1=O,CHEMBL205378,Vdss,L.kg-1,0.8,Vss,L/Kg,0.8,volume_distribution,VDss,(L/kg|L),ChEMBL
A,CCC[C@H](C(N)=O)[C@@H](CC(C)C)C(=O)N[C@H]1CCCCN(Cc2cccc(Nc3ccccc3)c2)C1=O,CHEMBL205907,Vdss,L.kg-1,0.4,Vss,L/Kg,0.4,volume_distribution,VDss,(L/kg|L),ChEMBL
A,CCC[C@H](C(N)=O)[C@@H](CC(C)C)C(=O)N[C@H]1CCCCN(Cc2cccc(Oc3ccccc3)c2)C1=O,CHEMBL445932,Vdss,L.kg-1,1.3,Vss,L/Kg,1.3,volume_distribution,VDss,(L/kg|L),ChEMBL
A,NCC1(CC(=O)O)CCCCC1,CHEMBL940,Vdss,L.kg-1,0.65,Vdss,L/Kg,0.65,volume_distribution,VDss,(L/kg|L),ChEMBL
A,NCC1(Cc2nnn[nH]2)CCCCCC1,CHEMBL378552,Vdss,L.kg-1,0.38,Vdss,L/Kg,0.38,volume_distribution,VDss,(L/kg|L),ChEMBL
A,CC(C)C[C@H](NC(=O)OCc1ccccc1)C(=O)NCC#N,CHEMBL200161,Vdss,L.kg-1,3.5,Vss,L/Kg,3.5,volume_distribution,VDss,(L/kg|L),ChEMBL
A,Cc1nc[nH]c1CC(=O)N[C@@H](CC(C)C)C(=O)N[C@H](C#N)COCc1ccccc1,CHEMBL208359,Vdss,L.kg-1,4.3,Vss,L/Kg,4.3,volume_distribution,VDss,(L/kg|L),ChEMBL
A,CC(C)C[C@H](NC(=O)c1cc2ccccc2n1C)C(=O)N[C@H](C#N)COCc1ccccc1,CHEMBL208284,Vdss,L.kg-1,7.7,Vss,L/Kg,7.7,volume_distribution,VDss,(L/kg|L),ChEMBL
A,CC(C)C[C@H](NC(=O)C(C)(C)Oc1ccc(Cl)cc1)C(=O)N[C@H](C#N)COCc1ccccc1,CHEMBL377553,Vdss,L.kg-1,13.6,Vss,L/Kg,13.6,volume_distribution,VDss,(L/kg|L),ChEMBL
A,CC(C)C[C@H](NC(=O)CN1CCN(c2ccncc2)CC1)C(=O)N[C@H](C#N)COCc1ccccc1,CHEMBL207560,Vdss,L.kg-1,18.0,Vss,L/Kg,18.0,volume_distribution,VDss,(L/kg|L),ChEMBL
A,CC(C)C[C@H](NC(=O)OCc1ccccc1)C(=O)N[C@H](C#N)COCc1ccccc1,CHEMBL206006,Vdss,L.kg-1,4.6,Vss,L/Kg,4.6,volume_distribution,VDss,(L/kg|L),ChEMBL
A,C[C@H](CNc1cccc(-c2ccc(C(=O)O)cc2C(=O)O)c1)NC[C@H](O)c1cccc(Cl)c1,CHEMBL206002,Vdss,L.kg-1,0.99,Vss,L/Kg,0.99,volume_distribution,VDss,(L/kg|L),ChEMBL
A,C[C@H](CNc1cccc(-c2ccccc2C(=O)O)c1)NC[C@H](O)c1cccc(Cl)c1,CHEMBL377028,Vdss,L.kg-1,0.37,Vss,L/Kg,0.37,volume_distribution,VDss,(L/kg|L),ChEMBL
A,O=C(O)c1ccncc1-c1cccc(NCCNC[C@H](O)c2cccc(Cl)c2)c1,CHEMBL207943,Vdss,L.kg-1,0.33,Vss,L/Kg,0.33,volume_distribution,VDss,(L/kg|L),ChEMBL
A,Cc1ccc(C(=O)O)cc1-c1cccc(NCCNC[C@H](O)c2cccc(Cl)c2)c1,CHEMBL204827,Vdss,L.kg-1,1.37,Vss,L/Kg,1.37,volume_distribution,VDss,(L/kg|L),ChEMBL
A,O=C(O)c1cccc(-c2cccc(NCCNC[C@H](O)c3cccc(Cl)c3)c2)c1,CHEMBL208427,Vdss,L.kg-1,0.34,Vss,L/Kg,0.34,volume_distribution,VDss,(L/kg|L),ChEMBL
A,C[C@H](CNc1cccc(-c2cccc(C(=O)O)c2)c1)NC[C@H](O)c1cccc(Cl)c1,CHEMBL205224,Vdss,L.kg-1,0.45,Vss,L/Kg,0.45,volume_distribution,VDss,(L/kg|L),ChEMBL
A,O=C(O)c1cccc(-c2cccc(NCCNC[C@H](O)c3cccc(Cl)c3)c2)c1,CHEMBL208427,Vdss,L.kg-1,1.3,Vss,ml/kg,1300.0,volume_distribution,VDss,(L/kg|L),ChEMBL
A,O=C(O)c1cccc(-c2cccc(NCCNC[C@H](O)c3cccc(Cl)c3)c2)c1,CHEMBL208427,Vdss,L.kg-1,0.556,Vss,ml/kg,556.0,volume_distribution,VDss,(L/kg|L),ChEMBL
A,O=C(O)c1cccc(C2=C(c3cc(Cl)ccc3OCc3ccccc3)CCC2)c1,CHEMBL207577,Vdss,L.kg-1,0.8,Vdss,L/Kg,0.8,volume_distribution,VDss,(L/kg|L),ChEMBL
A,O=C(O)c1cccc(-c2ccccc2-c2cc(Cl)ccc2OCc2ccccc2)c1,CHEMBL207174,Vdss,L.kg-1,1.4,Vdss,L/Kg,1.4,volume_distribution,VDss,(L/kg|L),ChEMBL
A,Cc1ccc(-c2cc(Br)ccc2OCc2ccccc2)n1-c1cccc(C(=O)O)c1,CHEMBL377649,Vdss,L.kg-1,0.6,Vdss,L/Kg,0.6,volume_distribution,VDss,(L/kg|L),ChEMBL
A,Cc1ccc(-c2cc(Cl)ccc2OCc2ccccc2)n1-c1cccc(C(=O)O)c1,CHEMBL377852,Vdss,L.kg-1,3.0,Vdss,L/Kg,3.0,volume_distribution,VDss,(L/kg|L),ChEMBL
A,CNC(=O)[C@@H](NC(=O)[C@H](c1ccc(OC)cc1)[C@H](CO)C(=O)NO)C(C)(C)C,CHEMBL72511,Vdss,L.kg-1,0.34,Vdss,L/Kg,0.34,volume_distribution,VDss,(L/kg|L),ChEMBL
A,CC[C@H](C(=O)NO)[C@H](C(=O)N1CCCC[C@H]1C(=O)NC)c1ccc(Cl)cc1,CHEMBL382705,Vdss,L.kg-1,16.67,Vdss,L/Kg,16.67,volume_distribution,VDss,(L/kg|L),ChEMBL
A,CNC(=O)[C@@H]1CCCCN1C(=O)[C@H](c1ccc(OC)cc1)[C@H](CO)C(=O)NO,CHEMBL439330,Vdss,L.kg-1,1.06,Vdss,L/Kg,1.06,volume_distribution,VDss,(L/kg|L),ChEMBL
A,CCCc1cc(N[C@@H](CC(C)C)C(=O)NCCCOCC)nc(-n2cnc(-c3ccc(OC(F)(F)F)cc3)c2)n1,CHEMBL381597,Vdss,L.kg-1,1.99,Vdss,L/Kg,1.99,volume_distribution,VDss,(L/kg|L),ChEMBL
A,CCCc1cc(N[C@@H](CC(C)C)C(=O)NCCCOCC)nc(-n2cnc(-c3ccc(OC(F)(F)F)cc3)c2)n1,CHEMBL381597,Vdss,L.kg-1,2.79,Vdss,L/Kg,2.79,volume_distribution,VDss,(L/kg|L),ChEMBL
A,Cc1cc(COc2ccc(C(=O)NC3(CC(=O)NO)CCOCC3)cc2)c2ccccc2n1,CHEMBL207305,Vdss,L.kg-1,2.5,Vdss,L/Kg,2.5,volume_distribution,VDss,(L/kg|L),ChEMBL
A,Cc1cc(COc2ccc(C(=O)NC3(CC(=O)NO)CCNCC3)cc2)c2ccccc2n1,CHEMBL208009,Vdss,L.kg-1,0.3,Vdss,L/Kg,0.3,volume_distribution,VDss,(L/kg|L),ChEMBL
A,Cc1cc(COc2ccc(C(=O)NC3(CC(=O)NO)CCNCC3)cc2)c2ccccc2n1,CHEMBL208009,Vdss,L.kg-1,0.3,Vdss,L/Kg,0.3,volume_distribution,VDss,(L/kg|L),ChEMBL
A,Cc1cc(COc2ccc(C(=O)NC3(CC(=O)NO)CCOCC3)cc2)c2ccccc2n1,CHEMBL207305,Vdss,L.kg-1,0.7,Vdss,L/Kg,0.7,volume_distribution,VDss,(L/kg|L),ChEMBL
A,COc1cc2ncnc(Nc3cccc(Cl)c3F)c2cc1CN(C)C1(C(N)=O)CCN(C)CC1,CHEMBL207130,Vdss,L.kg-1,7.5,Vdss,L/Kg,7.5,volume_distribution,VDss,(L/kg|L),ChEMBL
A,COCCN1CC(C(N)=O)(N(C)Cc2cc3c(Nc4cccc(Cl)c4F)ncnc3cc2OC)C1,CHEMBL207815,Vdss,L.kg-1,4.2,Vdss,L/Kg,4.2,volume_distribution,VDss,(L/kg|L),ChEMBL
A,COc1cc2ncnc(Nc3cccc(Cl)c3F)c2cc1CN(C)C1(C(N)=O)CN(C(C)C)C1,CHEMBL425601,Vdss,L.kg-1,7.2,Vdss,L/Kg,7.2,volume_distribution,VDss,(L/kg|L),ChEMBL
A,COc1cc2ncnc(Nc3cccc(Cl)c3F)c2cc1CN(C)C1(C(N)=O)CN(C)C1,CHEMBL207718,Vdss,L.kg-1,9.4,Vdss,L/Kg,9.4,volume_distribution,VDss,(L/kg|L),ChEMBL
A,COc1cc2ncnc(Nc3cccc(Cl)c3F)c2cc1CN(C)C1(C(N)=O)CCN(C(C)C)CC1,CHEMBL383246,Vdss,L.kg-1,4.9,Vdss,L/Kg,4.9,volume_distribution,VDss,(L/kg|L),ChEMBL
A,COc1cc2ncnc(Nc3cccc(Cl)c3F)c2cc1CN1CCC[C@H]1C(N)=O,CHEMBL207584,Vdss,L.kg-1,0.7,Vdss,L/Kg,0.7,volume_distribution,VDss,(L/kg|L),ChEMBL
A,COc1cc2ncnc(Nc3cccc(Cl)c3F)c2cc1CN(C)[C@@H](C)C(N)=O,CHEMBL207687,Vdss,L.kg-1,0.8,Vdss,L/Kg,0.8,volume_distribution,VDss,(L/kg|L),ChEMBL
A,COc1cc2ncnc(Nc3cccc(Cl)c3F)c2cc1CN(C)[C@H](C)C(N)=O,CHEMBL208118,Vdss,L.kg-1,0.6,Vdss,L/Kg,0.6,volume_distribution,VDss,(L/kg|L),ChEMBL
A,COc1cc2ncnc(Nc3cccc(Cl)c3F)c2cc1CN1CCC[C@H]1C(N)=O,CHEMBL207584,Vdss,L.kg-1,0.4,Vdss,L/Kg,0.4,volume_distribution,VDss,(L/kg|L),ChEMBL
A,COc1cc2ncnc(Nc3cccc(Cl)c3F)c2cc1CN(C)[C@@H](C)C(N)=O,CHEMBL207687,Vdss,L.kg-1,0.4,Vdss,L/Kg,0.4,volume_distribution,VDss,(L/kg|L),ChEMBL
A,N#C[C@@H]1CC[C@H](C#N)N1C(=O)CNC12CC3CC(CC(O)(C3)C1)C2,CHEMBL207912,Vdss,L.kg-1,2.7,Vdss,L/Kg,2.7,volume_distribution,VDss,(L/kg|L),ChEMBL
A,COCC1(NCC(=O)N2[C@H](C#N)CC[C@@H]2C#N)CCCC1,CHEMBL379086,Vdss,L.kg-1,1.6,Vdss,L/Kg,1.6,volume_distribution,VDss,(L/kg|L),ChEMBL
A,N#C[C@@H]1CC[C@H](C#N)N1C(=O)CNC12CC3CC(CC(C3)C1)C2,CHEMBL207980,Vdss,L.kg-1,3.1,Vdss,L/Kg,3.1,volume_distribution,VDss,(L/kg|L),ChEMBL
A,N#C[C@@H]1CC[C@H](C#N)N1C(=O)CNC1(CO)CCCC1,CHEMBL379522,Vdss,L.kg-1,1.4,Vdss,L/Kg,1.4,volume_distribution,VDss,(L/kg|L),ChEMBL
A,N#C[C@@H]1CC[C@H](C#N)N1C(=O)CNC1(CO)CCCC1,CHEMBL379522,Vdss,L.kg-1,1.3,Vdss,L/Kg,1.3,volume_distribution,VDss,(L/kg|L),ChEMBL
A,N#C[C@@H]1CC[C@H](C#N)N1C(=O)CNC1(CO)CCCC1,CHEMBL379522,Vdss,L.kg-1,1.7,Vdss,L/Kg,1.7,volume_distribution,VDss,(L/kg|L),ChEMBL
A,COc1cnn(CCO)c(=O)c1-c1ccc(C[C@H](NC(=O)OC(C)(C)C)C(=O)O)cc1,CHEMBL378238,Vdss,L.kg-1,0.11,Vdss,L/Kg,0.11,volume_distribution,VDss,(L/kg|L),ChEMBL
A,COc1cnn(C)c(=O)c1-c1ccc(C[C@H](NC(=O)N(C)CC(C)C)C(=O)O)cc1,CHEMBL208653,Vdss,L.kg-1,0.19,Vdss,L/Kg,0.19,volume_distribution,VDss,(L/kg|L),ChEMBL
A,COc1cnn(C)c(=O)c1-c1ccc(C[C@H](NC(=O)c2c(Cl)cccc2Cl)C(=O)O)cc1,CHEMBL208950,Vdss,L.kg-1,0.4,Vdss,L/Kg,0.4,volume_distribution,VDss,(L/kg|L),ChEMBL
A,C[C@H]1CC[C@@H](C(=O)N2CCC[C@H]2C#N)N1,CHEMBL210869,Vdss,L.kg-1,13.49,Vdss,L/Kg,13.49,volume_distribution,VDss,(L/kg|L),ChEMBL
A,N#C[C@@H]1CCCN1C(=O)[C@@H]1CC[C@H](COc2cc([N+](=O)[O-])c(Cl)cc2Cl)N1,CHEMBL379997,Vdss,L.kg-1,0.22,Vdss,L/Kg,0.22,volume_distribution,VDss,(L/kg|L),ChEMBL
A,CS(=O)(=O)c1ccc(OC[C@H]2CC[C@@H](C(=O)N3CCC[C@H]3C#N)N2)c(Br)c1,CHEMBL382899,Vdss,L.kg-1,0.3,Vdss,L/Kg,0.3,volume_distribution,VDss,(L/kg|L),ChEMBL
A,N#C[C@@H]1CCCN1C(=O)[C@@H]1CC[C@H](COc2cc(C(=O)O)cnc2Cl)N1,CHEMBL377296,Vdss,L.kg-1,0.35,Vdss,L/Kg,0.35,volume_distribution,VDss,(L/kg|L),ChEMBL
A,N#C[C@@H]1CCCN1C(=O)[C@@H]1CC[C@H](COc2cc(C(=O)O)ccc2Cl)N1,CHEMBL378867,Vdss,L.kg-1,0.35,Vdss,L/Kg,0.35,volume_distribution,VDss,(L/kg|L),ChEMBL
A,CC(C)(C)c1cc(C(=O)O)ccc1OC[C@H]1CC[C@@H](C(=O)N2CCC[C@H]2C#N)N1,CHEMBL382003,Vdss,L.kg-1,1.0,Vdss,L/Kg,1.0,volume_distribution,VDss,(L/kg|L),ChEMBL
A,CC(C)c1cc(C(=O)O)ccc1OC[C@H]1CC[C@@H](C(=O)N2CCC[C@H]2C#N)N1,CHEMBL436744,Vdss,L.kg-1,0.73,Vdss,L/Kg,0.73,volume_distribution,VDss,(L/kg|L),ChEMBL
A,CC(C)(C)c1ccccc1OC[C@H]1CC[C@@H](C(=O)N2CCC[C@H]2C#N)N1,CHEMBL210275,Vdss,L.kg-1,1.14,Vdss,L/Kg,1.14,volume_distribution,VDss,(L/kg|L),ChEMBL
A,N#Cc1ccc(OC[C@H]2CC[C@@H](C(=O)N3CCC[C@H]3C#N)N2)c(Cl)c1,CHEMBL209940,Vdss,L.kg-1,0.2,Vdss,L/Kg,0.2,volume_distribution,VDss,(L/kg|L),ChEMBL
A,CCCCOc1ncc(C(C)=O)cc1-c1nc(O)c2nn(Cc3ccccn3)c(CCC)c2n1,CHEMBL210603,Vdss,L.kg-1,3.0,Vdss,L/Kg,3.0,volume_distribution,VDss,(L/kg|L),ChEMBL
A,CCCOc1ncc(C(C)=O)cc1-c1nc(O)c2nn(C3CN(C(C)C)C3)c(CC)c2n1,CHEMBL208583,Vdss,L.kg-1,7.8,Vdss,L/Kg,7.8,volume_distribution,VDss,(L/kg|L),ChEMBL
A,CCCCOc1ncc(C(C)=O)cc1-c1nc(O)c2nn(C3CN(CC)C3)c(CC)c2n1,CHEMBL210930,Vdss,L.kg-1,13.4,Vdss,L/Kg,13.4,volume_distribution,VDss,(L/kg|L),ChEMBL
A,CCCCOc1ncc(C(C)=O)cc1-c1nc(O)c2nn(C3CCN(CC)CC3)c(CC)c2n1,CHEMBL427043,Vdss,L.kg-1,22.0,Vdss,L/Kg,22.0,volume_distribution,VDss,(L/kg|L),ChEMBL
A,COc1nc(NCCCN2CCOCC2)nc(OC)c1NC(=O)c1ccc(Oc2cc3c(cc2C)CCC3(C)C)o1,CHEMBL210514,Vdss,L.kg-1,1.1,Vdss,L/Kg,1.1,volume_distribution,VDss,(L/kg|L),ChEMBL
A,C[C@@H]1CN(c2ncc(C(O)CO)cc2Cl)CCN1c1nc2c(-c3cc(F)c(F)c(F)c3)cc(C(F)(F)F)cc2[nH]1,CHEMBL209569,Vdss,L.kg-1,1.893,Vdss,ml/kg,1893.0,volume_distribution,VDss,(L/kg|L),ChEMBL
A,CCOc1nc(NC(=O)Cc2cc(OC)c(S(C)(=O)=O)cc2OC)cc(N)c1Cl,CHEMBL210928,Vdss,L.kg-1,1.6,Vss,L/Kg,1.6,volume_distribution,VDss,(L/kg|L),ChEMBL
A,COc1cc(S(C)(=O)=O)c(OC)cc1CC(=O)Nc1cc(N)c(C#N)c(OC(C)C)n1,CHEMBL378627,Vdss,L.kg-1,1.6,Vss,L/Kg,1.6,volume_distribution,VDss,(L/kg|L),ChEMBL
A,CCOc1nc(NC(=O)Cc2cc(OC)c(S(C)(=O)=O)cc2OC)cc(N)c1C#N,CHEMBL210963,Vdss,L.kg-1,1.5,Vss,L/Kg,1.5,volume_distribution,VDss,(L/kg|L),ChEMBL
A,CCOc1nc(NC(=O)Cc2cc(OC)ccc2OC)cc(N)c1C#N,CHEMBL210618,Vdss,L.kg-1,1.2,Vss,L/Kg,1.2,volume_distribution,VDss,(L/kg|L),ChEMBL
A,CCOc1nc(NC(=O)Cc2cc(OC)c(S(C)(=O)=O)cc2OC)cc(N)c1Cl,CHEMBL210928,Vdss,L.kg-1,2.0,Vdss,L/Kg,2.0,volume_distribution,VDss,(L/kg|L),ChEMBL
A,COc1cc(S(C)(=O)=O)c(OC)cc1CC(=O)Nc1cc(N)c(C#N)c(OC(C)C)n1,CHEMBL378627,Vdss,L.kg-1,8.6,Vdss,L/Kg,8.6,volume_distribution,VDss,(L/kg|L),ChEMBL
A,CCOc1nc(NC(=O)Cc2cc(OC)c(S(C)(=O)=O)cc2OC)cc(N)c1C#N,CHEMBL210963,Vdss,L.kg-1,4.7,Vdss,L/Kg,4.7,volume_distribution,VDss,(L/kg|L),ChEMBL
A,CCOc1nc(NC(=O)Cc2cc(OC)ccc2OC)cc(N)c1C#N,CHEMBL210618,Vdss,L.kg-1,2.6,Vdss,L/Kg,2.6,volume_distribution,VDss,(L/kg|L),ChEMBL
A,O=c1c2ccc(-c3ncccc3C(F)(F)F)cc2[nH]n1-c1ccc(C(F)(F)F)cc1,CHEMBL3144710,Vdss,L.kg-1,2.0,Vdss,L/Kg,2.0,volume_distribution,VDss,(L/kg|L),ChEMBL
A,O=C(O)C[C@@H]1CC[C@H](c2ccc(-c3noc(-c4ccc([C@@H]5CCC(F)(F)C5)cc4)n3)cc2)N1,CHEMBL209076,Vdss,L.kg-1,2.3,Vdss,L/Kg,2.3,volume_distribution,VDss,(L/kg|L),ChEMBL
A,CC(C)Cc1ccc(-c2nc(-c3ccc([C@@H]4CC[C@@H](CC(=O)O)N4)cc3)no2)cc1,CHEMBL210785,Vdss,L.kg-1,3.0,Vdss,L/Kg,3.0,volume_distribution,VDss,(L/kg|L),ChEMBL
A,CC(C)Cc1ccc(-c2nc(-c3ccc([C@H]4CC[C@@H](CC(=O)O)N4)cc3)no2)cc1,CHEMBL210352,Vdss,L.kg-1,2.9,Vdss,L/Kg,2.9,volume_distribution,VDss,(L/kg|L),ChEMBL
A,CC(=O)N1N=C(c2cc(F)ccc2F)C[C@H]1c1cccc(O)c1,CHEMBL195232,Vdss,L.kg-1,1.6,Vdss,L/Kg,1.6,volume_distribution,VDss,(L/kg|L),ChEMBL
A,CN(C)C(=O)N1N=C(c2cc(F)ccc2F)C[C@@]1(CCCN)c1ccccc1,CHEMBL377566,Vdss,L.kg-1,14.0,Vdss,L/Kg,14.0,volume_distribution,VDss,(L/kg|L),ChEMBL
A,O=C(O)C(CCN1C(=O)c2ccccc2C1=O)S(=O)(=O)c1ccc(-c2ccc(Cl)cc2)cc1,CHEMBL211007,Vdss,L.kg-1,0.4,Vss,L/Kg,0.4,volume_distribution,VDss,(L/kg|L),ChEMBL
A,O=C(NO)C(CCN1C(=O)c2ccccc2C1=O)S(=O)(=O)c1ccc(-c2ccc(Cl)cc2)cc1,CHEMBL382227,Vdss,L.kg-1,0.1,Vss,L/Kg,0.1,volume_distribution,VDss,(L/kg|L),ChEMBL
A,N[C@H](COc1cncc(-c2ccc3cnccc3c2)c1)Cc1c[nH]c2ccccc12,CHEMBL383264,Vdss,L.kg-1,7.0,Vdss,L/Kg,7.0,volume_distribution,VDss,(L/kg|L),ChEMBL
A,Cc1cc(-c2cncc(OC[C@@H](N)Cc3c[nH]c4ccccc34)c2)cc2ccncc12,CHEMBL208961,Vdss,L.kg-1,16.4,Vdss,L/Kg,16.4,volume_distribution,VDss,(L/kg|L),ChEMBL
A,Nc1cc2cc(-c3cncc(OC[C@@H](N)Cc4c[nH]c5ccccc45)c3)ccc2cn1,CHEMBL210390,Vdss,L.kg-1,11.8,Vdss,L/Kg,11.8,volume_distribution,VDss,(L/kg|L),ChEMBL
A,N[C@H](COc1cncc(-c2ccc3cnc(Cl)cc3c2)c1)Cc1c[nH]c2ccccc12,CHEMBL210783,Vdss,L.kg-1,15.5,Vdss,L/Kg,15.5,volume_distribution,VDss,(L/kg|L),ChEMBL
A,N[C@H](COc1cncc(-c2ccc3c(Cl)nccc3c2)c1)Cc1c[nH]c2ccccc12,CHEMBL208014,Vdss,L.kg-1,9.5,Vdss,L/Kg,9.5,volume_distribution,VDss,(L/kg|L),ChEMBL
A,O=C(O)Cc1cccc(OCCCN(Cc2cccc(C(F)(F)F)c2Cl)CC(c2ccccc2)c2ccccc2)c1,CHEMBL59030,Vdss,L.kg-1,1.2,Vdss,L/Kg,1.2,volume_distribution,VDss,(L/kg|L),ChEMBL
A,CCCc1c(OCCCn2ccc3cc(CC(=O)O)ccc32)ccc2c(C(F)(F)F)noc12,CHEMBL383728,Vdss,L.kg-1,2.7,Vdss,L/Kg,2.7,volume_distribution,VDss,(L/kg|L),ChEMBL
A,CCCc1c(OCCCN(C)c2cnc(CC(=O)O)cn2)ccc2c(C(F)(F)F)noc12,CHEMBL378074,Vdss,L.kg-1,2.8,Vdss,L/Kg,2.8,volume_distribution,VDss,(L/kg|L),ChEMBL
A,CCCc1c(OCCCN(C)c2ncc(CC(=O)O)s2)ccc2c(C(F)(F)F)noc12,CHEMBL381064,Vdss,L.kg-1,1.2,Vdss,L/Kg,1.2,volume_distribution,VDss,(L/kg|L),ChEMBL
A,CCCc1c(OCCCN2C(=O)Cc3cc(CC(=O)O)ccc32)ccc2c(C(F)(F)F)noc12,CHEMBL207690,Vdss,L.kg-1,2.9,Vdss,L/Kg,2.9,volume_distribution,VDss,(L/kg|L),ChEMBL
A,C[C@H](c1ccc(Cl)cc1)N1C(=O)c2cc(I)ccc2N(CCCCC(=O)O)C(=O)[C@@H]1c1ccc(Cl)cc1,CHEMBL210151,Vdss,L.kg-1,3.0,Vdss,L/Kg,3.0,volume_distribution,VDss,(L/kg|L),ChEMBL
A,O=C(Nc1ccccc1Br)N[C@@H]1CCN(c2ccc(C(F)(F)F)cn2)C1,CHEMBL207433,Vdss,L.kg-1,0.9,Vdss,L/Kg,0.9,volume_distribution,VDss,(L/kg|L),ChEMBL
A,O=C(Nc1ccccc1Br)N[C@@H]1CCN(c2ccc(C(F)(F)F)cn2)C1,CHEMBL207433,Vdss,L.kg-1,3.6,Vdss,L/Kg,3.6,volume_distribution,VDss,(L/kg|L),ChEMBL
A,O=C(Nc1ccccc1Br)N[C@@H]1CCN(c2ccc(C(F)(F)F)cn2)C1,CHEMBL207433,Vdss,L.kg-1,1.9,Vdss,L/Kg,1.9,volume_distribution,VDss,(L/kg|L),ChEMBL
A,CC(C)C[C@@H]1C(=O)N[C@H](C2Cc3ccccc3C2)C(=O)N1[C@@H](C(=O)NC(C)C)c1ccc2occc2c1,CHEMBL208787,Vdss,L.kg-1,0.9,Vdss,L/Kg,0.9,volume_distribution,VDss,(L/kg|L),ChEMBL
A,CC(C)C[C@@H]1C(=O)N[C@H](C2Cc3ccccc3C2)C(=O)N1[C@@H](C(=O)NC(C)C)c1ccc2occc2c1,CHEMBL208787,Vdss,L.kg-1,1.4,Vdss,L/Kg,1.4,volume_distribution,VDss,(L/kg|L),ChEMBL
A,CC(C)C[C@@H]1C(=O)N[C@H](C2Cc3ccccc3C2)C(=O)N1[C@@H](C(=O)N(C)C)c1ccc(F)cc1F,CHEMBL377414,Vdss,L.kg-1,1.1,Vdss,L/Kg,1.1,volume_distribution,VDss,(L/kg|L),ChEMBL
A,CC(C)C[C@@H]1C(=O)N[C@H](C2Cc3ccccc3C2)C(=O)N1[C@@H](C(=O)N(C)C)c1ccc(F)cc1F,CHEMBL377414,Vdss,L.kg-1,1.2,Vdss,L/Kg,1.2,volume_distribution,VDss,(L/kg|L),ChEMBL
A,COC(=O)NC(C)C#Cc1cnc(Oc2ccc(OC(C)C)cc2)s1,CHEMBL426325,Vdss,L.kg-1,5.0,Vss,L/Kg,5.0,volume_distribution,VDss,(L/kg|L),ChEMBL
A,Cc1cc(CCC(=O)O)ccc1-c1noc(-c2ccc(OC(C)C)c(C#N)c2)n1,CHEMBL211505,Vdss,L.kg-1,0.2,Vss,L/Kg,0.2,volume_distribution,VDss,(L/kg|L),ChEMBL
A,Cc1cc(CCC(=O)O)ccc1-c1noc(-c2ccc(OC(C)C)c(Cl)c2)n1,CHEMBL206940,Vdss,L.kg-1,0.4,Vss,L/Kg,0.4,volume_distribution,VDss,(L/kg|L),ChEMBL
A,Cc1cc(CCC(=O)O)ccc1-c1noc(-c2ccc(OC(C)C)c(C(F)(F)F)c2)n1,CHEMBL208924,Vdss,L.kg-1,1.1,Vss,L/Kg,1.1,volume_distribution,VDss,(L/kg|L),ChEMBL
A,O=C1NC(=O)/C(=C/c2ccc(-c3ccc(F)cc3O)o2)S1,CHEMBL379156,Vdss,L.kg-1,25.3,Vdss,L/Kg,25.3,volume_distribution,VDss,(L/kg|L),ChEMBL
A,Cc1cc(CCC(=O)O)ccc1-c1noc(-c2cnc(OC(C)C)c(Cl)c2)n1,CHEMBL210695,Vdss,L.kg-1,0.9,Vss,L/Kg,0.9,volume_distribution,VDss,(L/kg|L),ChEMBL
A,Cc1cc(CCC(=O)O)ccc1-c1noc(-c2ccc(OCC(F)(F)F)c(C#N)c2)n1,CHEMBL379380,Vdss,L.kg-1,0.1,Vss,L/Kg,0.1,volume_distribution,VDss,(L/kg|L),ChEMBL
A,COc1cc(C)c(Sc2cnc(NC(=O)c3ccc(CNC(C)C(C)(C)C)cc3)s2)cc1C(=O)N1CCN(C(C)=O)CC1,CHEMBL209148,Vdss,L.kg-1,7.0,Vss,L/Kg,7.0,volume_distribution,VDss,(L/kg|L),ChEMBL
A,CCC(=O)CN([C@H]1CCN([C@@H](C)C(=O)N2CCOCC2)C1=O)S(=O)(=O)c1ccc2cc(Cl)ccc2c1,CHEMBL438066,Vdss,L.kg-1,1.1,Vss,L/Kg,1.1,volume_distribution,VDss,(L/kg|L),ChEMBL
A,C[C@@H](C(=O)N1CCOCC1)N1CC[C@H](N(CC(N)=O)S(=O)(=O)c2ccc3cc(Cl)ccc3c2)C1=O,CHEMBL378479,Vdss,L.kg-1,0.5,Vss,L/Kg,0.5,volume_distribution,VDss,(L/kg|L),ChEMBL
A,C[C@@H](C(=O)N1CCOCC1)N1CC[C@H](N(CC(=O)O)S(=O)(=O)c2ccc3cc(Cl)ccc3c2)C1=O,CHEMBL213189,Vdss,L.kg-1,0.3,Vss,L/Kg,0.3,volume_distribution,VDss,(L/kg|L),ChEMBL
A,C[C@@H](C(=O)N1CCOCC1)N1CC[C@H](N(C)S(=O)(=O)c2ccc3cc(Cl)ccc3c2)C1=O,CHEMBL213188,Vdss,L.kg-1,0.4,Vss,L/Kg,0.4,volume_distribution,VDss,(L/kg|L),ChEMBL
A,C[C@@H](C(=O)N1CCOCC1)N1CC[C@H](NS(=O)(=O)c2ccc3cc(Cl)ccc3c2)C1=O,CHEMBL385587,Vdss,L.kg-1,0.44,Vss,L/Kg,0.44,volume_distribution,VDss,(L/kg|L),ChEMBL
A,C[C@@H](C(=O)N1CCOCC1)N1CC[C@H](NS(=O)(=O)c2ccc3cc(Cl)ccc3c2)C1=O,CHEMBL385587,Vdss,L.kg-1,0.6,Vss,L/Kg,0.6,volume_distribution,VDss,(L/kg|L),ChEMBL
A,CCC[C@H](CC1(C(=O)NC2(CO)Cc3ccccc3C2)CCCC1)C(=O)O,CHEMBL212526,Vdss,L.kg-1,4.7,Vdss,L/Kg,4.7,volume_distribution,VDss,(L/kg|L),ChEMBL
A,CCC[C@H](CC1(C(=O)Nc2nnc(CC)s2)CCCC1)C(=O)O,CHEMBL378763,Vdss,L.kg-1,0.4,Vdss,L/Kg,0.4,volume_distribution,VDss,(L/kg|L),ChEMBL
A,CCC[C@H](CC1(C(=O)Nc2nnc(CC)s2)CCCC1)C(=O)O,CHEMBL378763,Vdss,L.kg-1,0.9,Vdss,L/Kg,0.9,volume_distribution,VDss,(L/kg|L),ChEMBL
A,CCCC(CC1(C(=O)NC2(CO)Cc3ccccc3C2)CCCC1)C(=O)O,CHEMBL377037,Vdss,L.kg-1,3.9,Vdss,L/Kg,3.9,volume_distribution,VDss,(L/kg|L),ChEMBL
A,CC(C)C[C@@H](C=O)NC(=O)[C@@H](NS(=O)(=O)c1ccc(F)cc1)C(C)C,CHEMBL288365,Vdss,L.kg-1,6.1,Vdss,L/Kg,6.1,volume_distribution,VDss,(L/kg|L),ChEMBL
A,CC(C)C[C@H](NC(=S)Nc1ccccc1)C(=O)N[C@H]1CCOC1O,CHEMBL207440,Vdss,L.kg-1,2.3,Vdss,L/Kg,2.3,volume_distribution,VDss,(L/kg|L),ChEMBL
A,CC(CC(=O)OC(C)(C)C)NC(=O)C1=NOC(C(O)(C(F)(F)F)C(F)(F)F)C1,CHEMBL213556,Vdss,L.kg-1,2.193,Vss,ml/kg,2193.0,volume_distribution,VDss,(L/kg|L),ChEMBL
A,Cc1coc2ccc(N3C[C@@]4(CN5CCC4CC5)OC3=O)cc12,CHEMBL2113241,Vdss,L.kg-1,10.7,Vss,L/Kg,10.7,volume_distribution,VDss,(L/kg|L),ChEMBL
A,Cc1coc2ccc(N3C[C@@]4(CN5CCC4CC5)OC3=O)cc12,CHEMBL2113241,Vdss,L.kg-1,7.59,Vss,L/Kg,7.59,volume_distribution,VDss,(L/kg|L),ChEMBL
A,Fc1ccc2c(-c3nc4cc(N5CCC(N6CCCCC6)CC5)ccc4[nH]3)[nH]nc2c1,CHEMBL212054,Vdss,L.kg-1,24.8,Vdss,L/Kg,24.8,volume_distribution,VDss,(L/kg|L),ChEMBL
A,CCN(C(=O)Cc1ccc(S(C)(=O)=O)cc1)C1CCN(CC[C@H](c2ccc(S(C)(=O)=O)cc2)c2cc(F)cc(F)c2)CC1,CHEMBL212689,Vdss,L.kg-1,5.7,Vss,L/Kg,5.7,volume_distribution,VDss,(L/kg|L),ChEMBL
A,CCN(C(=O)Cc1ccc(S(C)(=O)=O)cc1)C1CCN(CC[C@H](c2ccc(S(C)(=O)=O)cc2)c2cc(F)cc(Cl)c2)CC1,CHEMBL382435,Vdss,L.kg-1,7.1,Vss,L/Kg,7.1,volume_distribution,VDss,(L/kg|L),ChEMBL
A,CCN(C(=O)Cc1ccc(S(C)(=O)=O)cc1)C1CCN(CC[C@H](c2ccc(S(C)(=O)=O)cc2)c2cc(F)cc(F)c2)CC1,CHEMBL212689,Vdss,L.kg-1,5.3,Vss,L/Kg,5.3,volume_distribution,VDss,(L/kg|L),ChEMBL
A,CCN(C(=O)Cc1ccc(S(C)(=O)=O)cc1)C1CCN(CC[C@H](c2ccc(S(C)(=O)=O)cc2)c2cccc(F)c2)CC1,CHEMBL212731,Vdss,L.kg-1,5.3,Vss,L/Kg,5.3,volume_distribution,VDss,(L/kg|L),ChEMBL
A,CCN(C(=O)Cc1ccc(S(C)(=O)=O)cc1)C1CCN(CC[C@@H](c2ccccc2)c2ccc(S(C)(=O)=O)cc2)CC1,CHEMBL211866,Vdss,L.kg-1,5.1,Vss,L/Kg,5.1,volume_distribution,VDss,(L/kg|L),ChEMBL
A,CCN(C(=O)Cc1ccc(S(C)(=O)=O)cc1)C1CCN(CCC(c2ccc(F)cc2)c2ccc(F)cc2)CC1,CHEMBL199147,Vdss,L.kg-1,1.7,Vss,L/Kg,1.7,volume_distribution,VDss,(L/kg|L),ChEMBL
A,C=CCN(C(=O)Cc1ccc(S(C)(=O)=O)cc1)C1CCN(CCC(c2ccccc2)c2ccccc2)CC1,CHEMBL180155,Vdss,L.kg-1,2.7,Vss,L/Kg,2.7,volume_distribution,VDss,(L/kg|L),ChEMBL
A,O=C(N[C@H]1CN2CCC1CC2)c1cc2ccoc2cn1,CHEMBL214268,Vdss,L.kg-1,1.8,Vdss,L/Kg,1.8,volume_distribution,VDss,(L/kg|L),ChEMBL
A,COc1ccc(-n2nc(C(N)=O)c3ncn(-c4ccc(-c5ccccc5CN5CCCC5)cc4)c(=O)c32)cc1.O=C(O)C(F)(F)F,CHEMBL377893,Vdss,L.kg-1,3.9,Vdss,L/Kg,3.9,volume_distribution,VDss,(L/kg|L),ChEMBL
A,COc1ccc(-n2nc(C(N)=O)c3ncn(-c4ccc(-c5ccccc5CN5CCCC5)cc4F)c(=O)c32)cc1.O=C(O)C(F)(F)F,CHEMBL378334,Vdss,L.kg-1,4.9,Vdss,L/Kg,4.9,volume_distribution,VDss,(L/kg|L),ChEMBL
A,COc1ccc(-n2nc(C#N)c3ncn(-c4ccc(-c5ccccc5CN5CCCC5)cc4)c(=O)c32)cc1.O=C(O)C(F)(F)F,CHEMBL213979,Vdss,L.kg-1,75.0,Vdss,L/Kg,75.0,volume_distribution,VDss,(L/kg|L),ChEMBL
A,CN(C)Cc1nccn1-c1ccc(NC(=O)c2cc(C(F)(F)F)nn2-c2ccc3onc(N)c3c2)c(F)c1.Cl,CHEMBL558198,Vdss,L.kg-1,5.3,Vdss,L/Kg,5.3,volume_distribution,VDss,(L/kg|L),ChEMBL
A,CC(C)Cc1ccc(-c2nc(-c3ccc([C@H]4C[C@H](CC(=O)O)CN4)cc3)no2)cc1,CHEMBL378300,Vdss,L.kg-1,6.6,Vss,L/Kg,6.6,volume_distribution,VDss,(L/kg|L),ChEMBL
A,CC(C)Cc1ccc(-c2nc(-c3ccc([C@H]4C[C@@H](CC(=O)O)CN4)cc3)no2)cc1,CHEMBL378061,Vdss,L.kg-1,2.9,Vss,L/Kg,2.9,volume_distribution,VDss,(L/kg|L),ChEMBL
A,O=C(O)C[C@@H]1CN[C@@H](c2ccc(-c3noc(-c4ccc([C@@H]5CCC(F)(F)C5)cc4)n3)cc2)C1,CHEMBL208838,Vdss,L.kg-1,1.3,Vss,L/Kg,1.3,volume_distribution,VDss,(L/kg|L),ChEMBL
A,O=C(O)C[C@@H]1CN[C@@H](c2ccc(-c3noc(-c4ccc(C5CCC(F)(F)CC5)cc4)n3)cc2)C1,CHEMBL208648,Vdss,L.kg-1,2.2,Vss,L/Kg,2.2,volume_distribution,VDss,(L/kg|L),ChEMBL
A,CC(C)Cc1ccc(-c2nc(-c3ccc(CN4CC(C(=O)O)C4)cc3)no2)cc1,CHEMBL194419,Vdss,L.kg-1,2.8,Vss,L/Kg,2.8,volume_distribution,VDss,(L/kg|L),ChEMBL
A,O=C(O)C1CN(Cc2ccc(OCc3cc(-c4ccccc4)c(C(F)(F)F)s3)cc2)C1,CHEMBL425563,Vdss,L.kg-1,10.0,Vss,L/Kg,10.0,volume_distribution,VDss,(L/kg|L),ChEMBL
A,Cl.NCCCC[C@H](NC(=O)c1ccc(F)cc1)C(=O)c1noc(Cc2ccc(OCCc3ccc(Cl)c(Cl)c3)cc2)n1,CHEMBL539088,Vdss,L.kg-1,7.8,Vss,ml/kg,7800.0,volume_distribution,VDss,(L/kg|L),ChEMBL
A,Cc1ccc(-c2cc(Cl)ccc2OCC2CCCCC2)n1-c1cccc(C(=O)O)c1,CHEMBL377831,Vdss,L.kg-1,0.5,Vss,L/Kg,0.5,volume_distribution,VDss,(L/kg|L),ChEMBL
A,Cc1ccc(-c2cc(Br)ccc2OCc2ccc(F)cc2Cl)n1-c1cccc(C(=O)O)c1,CHEMBL208882,Vdss,L.kg-1,0.8,Vss,L/Kg,0.8,volume_distribution,VDss,(L/kg|L),ChEMBL
A,Cc1ccc(-c2cc(Br)ccc2OCc2ccc(Cl)cc2)n1-c1cccc(C(=O)O)c1,CHEMBL211700,Vdss,L.kg-1,0.8,Vss,L/Kg,0.8,volume_distribution,VDss,(L/kg|L),ChEMBL
A,Cc1ccc(-c2cc(Br)ccc2OCc2ccc(F)cc2)n1-c1cccc(C(=O)O)c1,CHEMBL208791,Vdss,L.kg-1,0.7,Vss,L/Kg,0.7,volume_distribution,VDss,(L/kg|L),ChEMBL
A,Cc1c(Br)cc(-c2cc(Cl)ccc2OCc2ccccc2)n1-c1cccc(C(=O)O)c1,CHEMBL377135,Vdss,L.kg-1,1.0,Vss,L/Kg,1.0,volume_distribution,VDss,(L/kg|L),ChEMBL
A,Cc1ccc(-c2cc(Cl)ccc2OCc2ccc(F)cc2F)n1-c1cccc(C(=O)O)c1,CHEMBL211088,Vdss,L.kg-1,0.9,Vss,L/Kg,0.9,volume_distribution,VDss,(L/kg|L),ChEMBL
A,Cc1ccc(-c2cc(Cl)ccc2OCc2ccc(F)cc2)n1-c1cccc(C(=O)O)c1,CHEMBL208912,Vdss,L.kg-1,0.9,Vss,L/Kg,0.9,volume_distribution,VDss,(L/kg|L),ChEMBL
A,Cc1ccc(-c2cc(Br)ccc2OCc2ccccc2)n1-c1cccc(C(=O)O)c1,CHEMBL377649,Vdss,L.kg-1,0.6,Vss,L/Kg,0.6,volume_distribution,VDss,(L/kg|L),ChEMBL
A,Cc1ccc(-c2cc(Cl)ccc2OCc2ccccc2)n1-c1cccc(C(=O)O)c1,CHEMBL377852,Vdss,L.kg-1,3.0,Vss,L/Kg,3.0,volume_distribution,VDss,(L/kg|L),ChEMBL
A,O=C(NC1CC1)c1cc(NCc2cnc(Nc3ccccn3)s2)c(F)cc1F,CHEMBL377734,Vdss,L.kg-1,1.6,Vss,L/Kg,1.6,volume_distribution,VDss,(L/kg|L),ChEMBL
A,O=C(NC1CC1)c1cc(NCc2cnc(Nc3ccccn3)s2)c(F)cc1F,CHEMBL377734,Vdss,L.kg-1,1.1,Vss,L/Kg,1.1,volume_distribution,VDss,(L/kg|L),ChEMBL
A,O=C(NC1CC1)c1cc(NCc2cnc(Nc3ccccn3)s2)c(F)cc1F,CHEMBL377734,Vdss,L.kg-1,1.7,Vss,L/Kg,1.7,volume_distribution,VDss,(L/kg|L),ChEMBL
A,CN[C@@H]1CCN(c2ccc(-n3ncc4cc(-c5ccc(C(F)(F)F)cc5)sc4c3=O)cn2)C1,CHEMBL377241,Vdss,L.kg-1,4.1,Vdss,L/Kg,4.1,volume_distribution,VDss,(L/kg|L),ChEMBL
A,CN[C@H]1CCN(c2ccc(-n3ncc4cc(-c5ccc(Cl)cc5)ccc4c3=O)cn2)C1,CHEMBL210191,Vdss,L.kg-1,14.0,Vdss,L/Kg,14.0,volume_distribution,VDss,(L/kg|L),ChEMBL
A,COc1ccc(N(C(=O)Oc2c(C)cccc2C)c2ccnc(Nc3cc(OC)c(OCCCN4CCN(C)CC4)c(OC)c3)n2)c(OC)c1,CHEMBL386760,Vdss,L.kg-1,11.3,Vss,L/Kg,11.3,volume_distribution,VDss,(L/kg|L),ChEMBL
A,CC(C)c1nnc2ccc(-c3ocnc3-c3cccc(Cl)c3)cn12,CHEMBL212239,Vdss,L.kg-1,1.0,Vdss,L/Kg,1.0,volume_distribution,VDss,(L/kg|L),ChEMBL
A,CC(C)c1nnc2ccc(-c3ocnc3-c3cc(F)ccc3F)cn12,CHEMBL379866,Vdss,L.kg-1,1.3,Vdss,L/Kg,1.3,volume_distribution,VDss,(L/kg|L),ChEMBL
A,CC(C)c1nnc2ccc(-c3ocnc3-c3ccc(F)c(Cl)c3)cn12,CHEMBL378934,Vdss,L.kg-1,1.4,Vdss,L/Kg,1.4,volume_distribution,VDss,(L/kg|L),ChEMBL
A,CC(C)(C)c1nnc2ccc(-c3ocnc3-c3cc(F)c(F)cc3F)cn12,CHEMBL212968,Vdss,L.kg-1,1.2,Vdss,L/Kg,1.2,volume_distribution,VDss,(L/kg|L),ChEMBL
A,CC(C)c1nnc2ccc(-c3ocnc3-c3cccc(Cl)c3)cn12,CHEMBL212239,Vdss,L.kg-1,1.0,Vdss,L/Kg,1.0,volume_distribution,VDss,(L/kg|L),ChEMBL
A,CC(C)c1nnc2ccc(-c3ocnc3-c3cc(F)ccc3F)cn12,CHEMBL379866,Vdss,L.kg-1,0.8,Vdss,L/Kg,0.8,volume_distribution,VDss,(L/kg|L),ChEMBL
A,CC(C)c1nnc2ccc(-c3ocnc3-c3ccc(F)c(Cl)c3)cn12,CHEMBL378934,Vdss,L.kg-1,1.3,Vdss,L/Kg,1.3,volume_distribution,VDss,(L/kg|L),ChEMBL
A,CC(C)(C)c1nnc2ccc(-c3ocnc3-c3cc(F)c(F)cc3F)cn12,CHEMBL212968,Vdss,L.kg-1,0.6,Vdss,L/Kg,0.6,volume_distribution,VDss,(L/kg|L),ChEMBL
A,CC(C)c1nnc2ccc(-c3ocnc3-c3ccc(F)cc3)cn12,CHEMBL194322,Vdss,L.kg-1,1.8,Vdss,L/Kg,1.8,volume_distribution,VDss,(L/kg|L),ChEMBL
A,CC(C)c1nnc2ccc(-c3ocnc3-c3ccc(F)cc3)cn12,CHEMBL194322,Vdss,L.kg-1,0.8,Vdss,L/Kg,0.8,volume_distribution,VDss,(L/kg|L),ChEMBL
A,CC(C)CC(C(=O)NCC#N)c1cccc(-c2cccc(-c3csc(N4CCN(C)CC4)n3)c2)c1,CHEMBL213930,Vdss,L.kg-1,1.7,Vss,L/Kg,1.7,volume_distribution,VDss,(L/kg|L),ChEMBL
A,CC(C)CC(C(=O)NCC#N)c1cccc(-c2cccc(-c3csc(N4CCNCC4)n3)c2)c1,CHEMBL212907,Vdss,L.kg-1,4.3,Vss,L/Kg,4.3,volume_distribution,VDss,(L/kg|L),ChEMBL
A,CC(C)CC(C(=O)NCC#N)c1cccc(-c2ccc(-c3csc(N4CCNCC4)n3)cc2)c1,CHEMBL211737,Vdss,L.kg-1,12.0,Vss,L/Kg,12.0,volume_distribution,VDss,(L/kg|L),ChEMBL
A,CC(C)C[C@@H](C(=O)NCC#N)c1cccc(-c2cccc(-c3csc(N4CCN(C(C)(C)C)CC4)n3)c2)c1,CHEMBL212879,Vdss,L.kg-1,6.6,Vss,L/Kg,6.6,volume_distribution,VDss,(L/kg|L),ChEMBL
A,CC(C)C[C@@H](C(=O)NCC#N)c1cccc(-c2cccc(-c3csc(CN4CCNCC4)n3)c2)c1,CHEMBL213194,Vdss,L.kg-1,9.1,Vss,L/Kg,9.1,volume_distribution,VDss,(L/kg|L),ChEMBL
A,CC(C)C[C@@H](C(=O)NCC#N)c1cccc(-c2ccc(N3CCNCC3)cc2)c1,CHEMBL184514,Vdss,L.kg-1,14.8,Vss,L/Kg,14.8,volume_distribution,VDss,(L/kg|L),ChEMBL
A,O=C1NCC(c2ccc(F)cc2)C12CCN(C1(c3ccc(F)cc3)CCCCC1)CC2,CHEMBL377114,Vdss,L.kg-1,7.6,Vss,L/Kg,7.6,volume_distribution,VDss,(L/kg|L),ChEMBL
A,Cc1ccc(C(=O)N(CCCN)C(c2nn3c(Cl)ccc3c(=O)n2Cc2ccccc2)C2CC2)cc1,CHEMBL213184,Vdss,L.kg-1,5.9,Vdss,L/Kg,5.9,volume_distribution,VDss,(L/kg|L),ChEMBL
A,Cc1cccc(NC(=O)Nc2ccc(-c3nsc4ncnc(N)c34)cc2)c1,CHEMBL376951,Vdss,L.kg-1,1.36,Vdss,L/Kg,1.36,volume_distribution,VDss,(L/kg|L),ChEMBL
A,Cc1cccc(NC(=O)Nc2ccc(-c3csc4ncnc(N)c34)cc2)c1,CHEMBL196363,Vdss,L.kg-1,1.3,Vdss,L/Kg,1.3,volume_distribution,VDss,(L/kg|L),ChEMBL
A,Cc1ccc(F)c(NC(=O)Nc2ccc(-c3nsc4ncnc(N)c34)cc2)c1,CHEMBL262433,Vdss,L.kg-1,1.19,Vdss,L/Kg,1.19,volume_distribution,VDss,(L/kg|L),ChEMBL
A,O=C1NC[C@@H](c2ccccc2)C12CCN(C1CCCCC1c1ccccc1)CC2,CHEMBL2096837,Vdss,L.kg-1,8.9,Vss,L/Kg,8.9,volume_distribution,VDss,(L/kg|L),ChEMBL
A,O=C1NC[C@@H](c2ccccc2)C12CCN(C1CCCCC1c1ccccc1)CC2,CHEMBL2096837,Vdss,L.kg-1,4.3,Vss,L/Kg,4.3,volume_distribution,VDss,(L/kg|L),ChEMBL
A,Cc1ccc2c(c1)c(-c1ccnc3c(C)cccc13)c(C)n2CC(=O)O,CHEMBL209689,Vdss,L.kg-1,0.2,Vss,L/Kg,0.2,volume_distribution,VDss,(L/kg|L),ChEMBL
A,Cc1ccc2c(c1)c(-c1ccnc3c(C)cccc13)c(C)n2CC(=O)O,CHEMBL209689,Vdss,L.kg-1,1.4,Vss,L/Kg,1.4,volume_distribution,VDss,(L/kg|L),ChEMBL
A,Cc1ccc2c(c1)c(-c1ccnc3cc(Cl)ccc13)c(C)n2CC(=O)O,CHEMBL212777,Vdss,L.kg-1,1.4,Vss,L/Kg,1.4,volume_distribution,VDss,(L/kg|L),ChEMBL
A,COc1ccc2c(c1)c(CC(=O)O)c(C)n2-c1ccnc2cc(Cl)ccc12,CHEMBL213029,Vdss,L.kg-1,2.3,Vss,L/Kg,2.3,volume_distribution,VDss,(L/kg|L),ChEMBL
A,Cc1nn(-c2ccc3onc(N)c3c2)c2c1CCN(c1ccc(-c3ccccc3CN3CC[C@@H](O)C3)cc1)C2=O,CHEMBL380405,Vdss,L.kg-1,0.75,Vdss,L/Kg,0.75,volume_distribution,VDss,(L/kg|L),ChEMBL
A,Cc1nn(-c2ccc3onc(N)c3c2)c2c1CCN(c1ccc(-c3ccccc3CN3CCCC3)cc1)C2=O,CHEMBL379588,Vdss,L.kg-1,3.3,Vdss,L/Kg,3.3,volume_distribution,VDss,(L/kg|L),ChEMBL
A,Cc1nn(-c2ccc3onc(N)c3c2)c2c1CCN(c1ccc(-c3ccccc3CN(C)C)cc1)C2=O,CHEMBL385679,Vdss,L.kg-1,6.4,Vdss,L/Kg,6.4,volume_distribution,VDss,(L/kg|L),ChEMBL
A,Cc1nn(-c2ccc3onc(N)c3c2)c2c1CCN(c1ccc(-c3ccccc3CN3CC[C@@H](O)C3)cc1F)C2=O,CHEMBL379397,Vdss,L.kg-1,1.1,Vdss,L/Kg,1.1,volume_distribution,VDss,(L/kg|L),ChEMBL
A,CN(C)Cc1ccccc1-c1ccc(N2CCc3c(C(F)(F)F)nn(-c4ccc5onc(N)c5c4)c3C2=O)cc1,CHEMBL211410,Vdss,L.kg-1,4.5,Vdss,L/Kg,4.5,volume_distribution,VDss,(L/kg|L),ChEMBL
A,CN(C)Cc1ccccc1-c1ccc(N2CCc3c(C(F)(F)F)nn(-c4ccc5onc(N)c5c4)c3C2=O)c(F)c1,CHEMBL436791,Vdss,L.kg-1,8.8,Vdss,L/Kg,8.8,volume_distribution,VDss,(L/kg|L),ChEMBL
A,CN(C)Cc1nccn1-c1ccc(NC(=O)c2cc(C(F)(F)F)nn2-c2ccc3onc(N)c3c2)c(F)c1,CHEMBL206335,Vdss,L.kg-1,3.4,Vdss,L/Kg,3.4,volume_distribution,VDss,(L/kg|L),ChEMBL
A,CNCc1ccccc1-c1ccc(N2CCc3c(C(F)(F)F)nn(-c4ccc5onc(N)c5c4)c3C2=O)cc1,CHEMBL209376,Vdss,L.kg-1,9.7,Vdss,L/Kg,9.7,volume_distribution,VDss,(L/kg|L),ChEMBL
A,Nc1noc2ccc(-n3nc(C(F)(F)F)c4c3C(=O)N(c3ccc(-c5ccccc5CN5CCCC5)cc3)CC4)cc12,CHEMBL378092,Vdss,L.kg-1,5.0,Vdss,L/Kg,5.0,volume_distribution,VDss,(L/kg|L),ChEMBL
A,Nc1noc2ccc(-n3nc(C(F)(F)F)c4c3C(=O)N(c3ccc(-c5ccccc5CN5CC[C@@H](O)C5)cc3)CC4)cc12,CHEMBL378093,Vdss,L.kg-1,1.6,Vdss,L/Kg,1.6,volume_distribution,VDss,(L/kg|L),ChEMBL
A,Nc1noc2ccc(-n3nc(C(F)(F)F)c4c3C(=O)N(c3ccc(-c5ccccc5CN5CC[C@H](O)C5)cc3)CC4)cc12,CHEMBL378222,Vdss,L.kg-1,1.12,Vdss,L/Kg,1.12,volume_distribution,VDss,(L/kg|L),ChEMBL
A,Nc1noc2ccc(-n3nc(C(F)(F)F)c4c3C(=O)N(c3ccc(-c5ccccc5CN5CCC(O)CC5)cc3)CC4)cc12,CHEMBL213888,Vdss,L.kg-1,1.4,Vdss,L/Kg,1.4,volume_distribution,VDss,(L/kg|L),ChEMBL
A,Nc1noc2ccc(-n3nc(C(F)(F)F)c4c3C(=O)N(c3ccc(-c5ccccc5CN5CCCC5)cc3F)CC4)cc12,CHEMBL402881,Vdss,L.kg-1,4.8,Vdss,L/Kg,4.8,volume_distribution,VDss,(L/kg|L),ChEMBL
A,Nc1noc2ccc(-n3nc(C(F)(F)F)c4c3C(=O)N(c3ccc(-c5ccccc5CN5CC[C@@H](O)C5)cc3F)CC4)cc12,CHEMBL263767,Vdss,L.kg-1,2.8,Vdss,L/Kg,2.8,volume_distribution,VDss,(L/kg|L),ChEMBL
A,CN(C)[C@@H]1CCN(c2ccc(-c3coc4cc(-c5ccc(Cl)cc5)ccc4c3=O)cn2)C1.Cl,CHEMBL534717,Vdss,L.kg-1,58.0,Vdss,L/Kg,58.0,volume_distribution,VDss,(L/kg|L),ChEMBL
A,CCOC(=O)N[C@@H](CCCCN)C(=O)c1noc(Cc2ccc(OCCc3ccccc3)cc2)n1,CHEMBL211561,Vdss,L.kg-1,7.0,Vdss,ml/kg,7000.0,volume_distribution,VDss,(L/kg|L),ChEMBL
A,O=C1NCN(c2ccccc2)C12CCN(C1CCCCC1c1ccccc1)CC2,CHEMBL377140,Vdss,L.kg-1,7.3,Vss,L/Kg,7.3,volume_distribution,VDss,(L/kg|L),ChEMBL
A,COc1ccc(N2CC=C(c3ccc(Cl)c(Cl)c3)C2=O)cc1OCCN1CCC(C)CC1,CHEMBL209573,Vdss,l,4.0,Vdss,l,4.0,volume_distribution,VDss,(L/kg|L),ChEMBL
A,COc1ccc(N2CC=C(c3ccc(Cl)c(Cl)c3)C2=O)cc1OCCN1CCCCC1,CHEMBL213987,Vdss,l,10.7,Vdss,l,10.7,volume_distribution,VDss,(L/kg|L),ChEMBL
A,CC#CCOc1ccc(S(=O)(=O)CC2(C(=O)NO)CCN(S(=O)(=O)C(C)C)CC2)cc1,CHEMBL209970,Vdss,L.kg-1,0.7,Vdss,L/Kg,0.7,volume_distribution,VDss,(L/kg|L),ChEMBL
A,CN(C(=O)c1ccc(-c2ccc(C(F)(F)F)cc2)cc1)[C@H]1CCN(C(=O)N(C)[C@@H]2CCN(CCCc3ccc(Cl)cc3)C2)C1,CHEMBL375330,Vdss,L.kg-1,7.6,Vdss,L/Kg,7.6,volume_distribution,VDss,(L/kg|L),ChEMBL
A,CC(C)C[C@H](NC(=O)CN)c1cc(C(F)(F)F)ccc1N1CCN(C(=O)CCc2ccc(Cl)cc2Cl)CC1,CHEMBL211564,Vdss,L.kg-1,8.8,Vdss,L/Kg,8.8,volume_distribution,VDss,(L/kg|L),ChEMBL
A,CCC(C)[C@H](NC(=O)CCN)c1cc(C(F)(F)F)ccc1N1CCN(C(=O)CCc2ccc(Cl)cc2Cl)CC1,CHEMBL215659,Vdss,L.kg-1,1.6,Vdss,L/Kg,1.6,volume_distribution,VDss,(L/kg|L),ChEMBL
A,CN(C(=O)c1ccc(-c2ccc(C(F)(F)F)cc2)cc1)[C@H]1CCN(C(=O)N2CC[C@@H](NCCC(C)(C)c3ccc(Cl)cc3)C2)C1,CHEMBL382851,Vdss,L.kg-1,8.8,Vdss,L/Kg,8.8,volume_distribution,VDss,(L/kg|L),ChEMBL
A,C[C@H]1CN(CC[C@H](C(=O)NCc2cc(C(F)(F)F)cc(C(F)(F)F)c2)C2CC2)CC[C@@]12C=Cc1ccccc12,CHEMBL441856,Vdss,L.kg-1,2.19,Vdss,L/Kg,2.19,volume_distribution,VDss,(L/kg|L),ChEMBL
A,Cc1ccc(C(=O)Nc2cccc(C(F)(F)F)c2)cc1-c1ccc2nc(N)ncc2c1,CHEMBL385937,Vdss,L.kg-1,1.546,Vss,ml/kg,1546.0,volume_distribution,VDss,(L/kg|L),ChEMBL
A,CNc1ncc2cc(-c3cc(C(=O)Nc4cccc(C(F)(F)F)c4)ccc3C)ccc2n1,CHEMBL212964,Vdss,L.kg-1,3.582,Vss,ml/kg,3582.0,volume_distribution,VDss,(L/kg|L),ChEMBL
A,Cc1ccc(C(=O)Nc2cccc(C(F)(F)F)c2)cc1-c1ccc2nc(NCCN3CCOCC3)ncc2c1,CHEMBL215943,Vdss,L.kg-1,5.041,Vss,ml/kg,5041.0,volume_distribution,VDss,(L/kg|L),ChEMBL
A,CNc1ncc2cc(-c3cc(C(=O)Nc4cc(C(F)(F)F)ccc4OC4CCN(C)CC4)ccc3C)ccc2n1,CHEMBL386661,Vdss,L.kg-1,7.626,Vss,ml/kg,7626.0,volume_distribution,VDss,(L/kg|L),ChEMBL
A,Cc1ccc(C(=O)Nc2cccc(C(F)(F)F)c2C)cc1-c1ccc2nc(N)ncc2c1,CHEMBL215813,Vdss,L.kg-1,3.005,Vss,ml/kg,3005.0,volume_distribution,VDss,(L/kg|L),ChEMBL
A,Cc1cccc(C#CCCc2cccc(Cl)c2)n1,CHEMBL213001,Vdss,L.kg-1,3.2,Vss,L/Kg,3.2,volume_distribution,VDss,(L/kg|L),ChEMBL
A,COc1cc(Cl)ccc1CC(C)C(=O)N1CCN(c2ccc(C(F)(F)F)cc2[C@@H](N)CC(C)C)CC1,CHEMBL377231,Vdss,L.kg-1,10.3,Vdss,L/Kg,10.3,volume_distribution,VDss,(L/kg|L),ChEMBL
A,Cc1ccc(N2CCN(C(=O)[C@H](C)Cc3ccc(Cl)cc3)CC2)c([C@@H](N)CC(C)C)c1,CHEMBL213122,Vdss,L.kg-1,10.2,Vdss,L/Kg,10.2,volume_distribution,VDss,(L/kg|L),ChEMBL
A,COc1cc2ncnc(Nc3ccc(F)c(Cl)c3)c2cc1OCCCN1CCOCC1,CHEMBL939,Vdss,L.kg-1,8.0,Vdss,L/Kg,8.0,volume_distribution,VDss,(L/kg|L),ChEMBL
A,COc1cc2ncnc(Nc3ccc(F)c(Cl)c3)c2cc1OCCCN1CCOCC1,CHEMBL939,Vdss,L.kg-1,5.8,Vdss,L/Kg,5.8,volume_distribution,VDss,(L/kg|L),ChEMBL
A,COc1cc2ncnc(Nc3cccc(Cl)c3F)c2cc1OCCCN1CCOCC1,CHEMBL385479,Vdss,L.kg-1,4.3,Vdss,L/Kg,4.3,volume_distribution,VDss,(L/kg|L),ChEMBL
A,COc1cc2ncnc(Nc3cc(Cl)ccc3F)c2cc1OCCCN1CCOCC1,CHEMBL384699,Vdss,L.kg-1,3.5,Vdss,L/Kg,3.5,volume_distribution,VDss,(L/kg|L),ChEMBL
A,COc1cc2ncnc(Nc3cccc(Cl)c3F)c2cc1OC1CCN(C)CC1,CHEMBL214798,Vdss,L.kg-1,20.8,Vdss,L/Kg,20.8,volume_distribution,VDss,(L/kg|L),ChEMBL
A,COCCN1CCC(Oc2cc3c(Nc4cccc(Cl)c4F)ncnc3cc2OC)CC1,CHEMBL214857,Vdss,L.kg-1,1.3,Vdss,L/Kg,1.3,volume_distribution,VDss,(L/kg|L),ChEMBL
A,COc1cc2ncnc(Nc3cccc(Cl)c3F)c2cc1OC1CCN(CC(N)=O)CC1,CHEMBL218677,Vdss,L.kg-1,2.7,Vdss,L/Kg,2.7,volume_distribution,VDss,(L/kg|L),ChEMBL
A,COc1cc2ncnc(Nc3cccc(Cl)c3F)c2cc1OC1CCN(S(C)(=O)=O)CC1,CHEMBL387265,Vdss,L.kg-1,1.5,Vdss,L/Kg,1.5,volume_distribution,VDss,(L/kg|L),ChEMBL
A,COc1ccc(NCCNC(=O)[C@H](CC2CCCCC2)Nc2nc3ccccc3o2)cc1,CHEMBL204785,Vdss,L.kg-1,1.63,Vdss,L/Kg,1.63,volume_distribution,VDss,(L/kg|L),ChEMBL
A,C[C@@H](CN1CC(C)(C)c2cc(F)ccc21)NC(=O)[C@H](CC1CCCCC1)NC(=O)N1CCOCC1,CHEMBL384856,Vdss,L.kg-1,1.76,Vdss,L/Kg,1.76,volume_distribution,VDss,(L/kg|L),ChEMBL
A,C[C@@H](CNc1ccc(OC(F)(F)F)cc1)NC(=O)[C@H](CS(=O)(=O)Cc1ccccc1)NC(=O)N1CCOCC1,CHEMBL212604,Vdss,L.kg-1,0.87,Vdss,L/Kg,0.87,volume_distribution,VDss,(L/kg|L),ChEMBL
A,C[C@@H](CNc1ccc(OC(F)(F)F)cc1)NC(=O)[C@H](CC1CCCCC1)NC(=O)C1CCOC1,CHEMBL216514,Vdss,L.kg-1,2.48,Vdss,L/Kg,2.48,volume_distribution,VDss,(L/kg|L),ChEMBL
A,C[C@@H](CNc1ccc(OC(F)(F)F)cc1)NC(=O)[C@H](CC1CCCCC1)NC(=O)[C@H]1CCCO1,CHEMBL214654,Vdss,L.kg-1,1.78,Vdss,L/Kg,1.78,volume_distribution,VDss,(L/kg|L),ChEMBL
A,FC(F)(F)c1ccc(Nc2ncnc3cc(-c4ncccc4C(F)(F)F)ccc23)cc1,CHEMBL214796,Vdss,L.kg-1,12.5,Vdss,L/Kg,12.5,volume_distribution,VDss,(L/kg|L),ChEMBL
A,C[C@@H]1CN(c2ncccc2C(F)(F)F)CCN1C(=O)Nc1ccc(C(F)(F)F)cc1,CHEMBL214607,Vdss,L.kg-1,12.0,Vdss,L/Kg,12.0,volume_distribution,VDss,(L/kg|L),ChEMBL
A,Cc1ccc(Oc2ccc(C(=O)NCCN3CCCC3)cc2NC(=O)Nc2ccccc2)cc1C,CHEMBL216192,Vdss,L.kg-1,9.8,Vss,ml/kg,9800.0,volume_distribution,VDss,(L/kg|L),ChEMBL
A,O=C(Nc1cccc(F)c1)Nc1cc(C(=O)NCCN2CCCC2)ccc1Oc1cccc(F)c1,CHEMBL385831,Vdss,L.kg-1,23.0,Vss,ml/kg,23000.0,volume_distribution,VDss,(L/kg|L),ChEMBL
A,C[C@@H](CN1CC(C)(C)c2cc(F)ccc21)NC(=O)[C@H](CC1CCCCC1)NC(=O)N1CCOCC1,CHEMBL384856,Vdss,L.kg-1,1.76,Vdss,L/Kg,1.76,volume_distribution,VDss,(L/kg|L),ChEMBL
A,C[C@@H](CN1CC(C)(C)c2cc(F)ccc21)NC(=O)O[C@@H](CC1CCCCC1)C(=O)N1CCOCC1,CHEMBL424894,Vdss,L.kg-1,4.1,Vdss,L/Kg,4.1,volume_distribution,VDss,(L/kg|L),ChEMBL
A,C[C@@H](CN1c2ccc(F)cc2CC1(C)C)NC(=O)O[C@@H](CC1CCCCC1)C(=O)N1CCOCC1,CHEMBL214431,Vdss,L.kg-1,3.1,Vdss,L/Kg,3.1,volume_distribution,VDss,(L/kg|L),ChEMBL
A,Cc1nn(-c2ccc3onc(N)c3c2)c2c(=O)n(-c3ccc(-c4ccccc4CN(C)C)cc3)cnc12.O=C(O)C(F)(F)F,CHEMBL385979,Vdss,L.kg-1,9.5,Vdss,L/Kg,9.5,volume_distribution,VDss,(L/kg|L),ChEMBL
A,Nc1noc2ccc(-n3nc(C(F)(F)F)c4c3C(=O)N(c3ccc(-c5ccccc5CN5CC[C@@H](O)C5)cc3)CN4)cc12.O=C(O)C(F)(F)F,CHEMBL386589,Vdss,L.kg-1,4.2,Vdss,L/Kg,4.2,volume_distribution,VDss,(L/kg|L),ChEMBL
A,Cc1nc2c(C(F)(F)F)nn(-c3ccc4onc(N)c4c3)c2c(=O)n1-c1ccc(-c2ccccc2CN2CC[C@@H](O)C2)cc1.O=C(O)C(F)(F)F,CHEMBL386756,Vdss,L.kg-1,6.6,Vdss,L/Kg,6.6,volume_distribution,VDss,(L/kg|L),ChEMBL
A,Cc1nc2c(C(F)(F)F)nn(-c3ccc4onc(N)c4c3)c2c(=O)n1-c1ccc(-c2ccccc2CN(C)C)cc1.O=C(O)C(F)(F)F,CHEMBL215755,Vdss,L.kg-1,13.0,Vdss,L/Kg,13.0,volume_distribution,VDss,(L/kg|L),ChEMBL
A,Cc1nn(-c2ccc3onc(N)c3c2)c2c(=O)n(-c3ccc(-c4ccccc4CN4CC[C@@H](O)C4)cc3)c(C)nc12.O=C(O)C(F)(F)F,CHEMBL385147,Vdss,L.kg-1,6.6,Vdss,L/Kg,6.6,volume_distribution,VDss,(L/kg|L),ChEMBL
A,Cc1nn(-c2ccc3onc(N)c3c2)c2c(=O)n(-c3ccc(-c4ccccc4CN(C)C)cc3)c(C)nc12.O=C(O)C(F)(F)F,CHEMBL385980,Vdss,L.kg-1,8.9,Vdss,L/Kg,8.9,volume_distribution,VDss,(L/kg|L),ChEMBL
A,CN(C)Cc1nccn1-c1ccc(NC(=O)c2cc(C(F)(F)F)nn2-c2ccc3onc(N)c3c2)c(F)c1.Cl,CHEMBL558198,Vdss,L.kg-1,5.3,Vdss,L/Kg,5.3,volume_distribution,VDss,(L/kg|L),ChEMBL
A,C#C[C@H]1CC[C@@H](C#N)N1C(=O)CNC1(C)CCN(c2cc(C(=O)O)ccn2)CC1,CHEMBL386369,Vdss,L.kg-1,2.2,Vss,L/Kg,2.2,volume_distribution,VDss,(L/kg|L),ChEMBL
A,C#C[C@H]1CC[C@@H](C#N)N1C(=O)CNC1(C)CCN(c2cc(C(=O)O)ccn2)CC1,CHEMBL386369,Vdss,L.kg-1,0.3,Vss,L/Kg,0.3,volume_distribution,VDss,(L/kg|L),ChEMBL
A,C#C[C@H]1CC[C@@H](C#N)N1C(=O)CNC1(C)CCN(c2cc(C(=O)O)ccn2)CC1,CHEMBL386369,Vdss,L.kg-1,1.5,Vss,L/Kg,1.5,volume_distribution,VDss,(L/kg|L),ChEMBL
A,N[C@H]1CC(C(=O)N2CCn3c(nnc3C(F)(F)F)C2)=CC[C@@H]1c1cc(F)c(F)c(F)c1.O=C(O)C(F)(F)F,CHEMBL437341,Vdss,L.kg-1,7.19,Vss,L/Kg,7.19,volume_distribution,VDss,(L/kg|L),ChEMBL
A,N[C@H]1CC(C(=O)N2CCn3c(nnc3C(F)(F)F)C2)=CC[C@@H]1c1cc(F)c(F)c(F)c1.O=C(O)C(F)(F)F,CHEMBL437341,Vdss,L.kg-1,4.03,Vss,L/Kg,4.03,volume_distribution,VDss,(L/kg|L),ChEMBL
A,N[C@H]1CC(C(=O)N2CCn3c(nnc3C(F)(F)F)C2)=CC[C@@H]1c1cc(F)c(F)c(F)c1.O=C(O)C(F)(F)F,CHEMBL437341,Vdss,L.kg-1,3.2,Vss,L/Kg,3.2,volume_distribution,VDss,(L/kg|L),ChEMBL
A,COc1ccc(F)c(F)c1C(=O)c1cnc(NC2CCN(S(C)(=O)=O)CC2)nc1N,CHEMBL384304,Vdss,L.kg-1,1.07,Vss,ml/kg,1070.0,volume_distribution,VDss,(L/kg|L),ChEMBL
A,COc1ccc(F)cc1C(=O)c1cnc(NC2CCN(S(C)(=O)=O)CC2)nc1N,CHEMBL268507,Vdss,L.kg-1,0.885,Vss,ml/kg,885.0,volume_distribution,VDss,(L/kg|L),ChEMBL
A,COc1ccccc1C(=O)c1cnc(NC2CCN(S(C)(=O)=O)CC2)nc1N,CHEMBL216126,Vdss,L.kg-1,0.401,Vss,ml/kg,401.0,volume_distribution,VDss,(L/kg|L),ChEMBL
A,Cc1cc(Nc2ncc(C(=O)Nc3c(C)cccc3Cl)s2)nc(C)n1,CHEMBL364623,Vdss,L.kg-1,12.0,Vss,L/Kg,12.0,volume_distribution,VDss,(L/kg|L),ChEMBL
A,CN1CCN(CCOc2cc(OC3CCOCC3)c3c(Nc4c(Cl)ccc5c4OCO5)ncnc3c2)CC1,CHEMBL217092,Vdss,L.kg-1,10.0,Vdss,L/Kg,10.0,volume_distribution,VDss,(L/kg|L),ChEMBL
A,CN1CCN(CCOc2cc(OC3CCOCC3)c3c(Nc4c(Cl)ccc5c4OCO5)ncnc3c2)CC1,CHEMBL217092,Vdss,L.kg-1,10.0,Vdss,L/Kg,10.0,volume_distribution,VDss,(L/kg|L),ChEMBL
A,CN1CCN(CCOc2cc(OC3CCOCC3)c3c(Nc4c(Cl)ccc5c4OCO5)ncnc3c2)CC1,CHEMBL217092,Vdss,L.kg-1,11.6,Vdss,L/Kg,11.6,volume_distribution,VDss,(L/kg|L),ChEMBL
A,COc1ccc(Cl)c(Nc2ncnc3cc(OCC4CCN(C)CC4)c(OC)cc23)c1,CHEMBL426161,Vdss,L.kg-1,43.0,Vdss,L/Kg,43.0,volume_distribution,VDss,(L/kg|L),ChEMBL
A,CN1CCC(COc2cc(OC3CCOCC3)c3c(Nc4c(Cl)ccc5c4OCO5)ncnc3c2)CC1,CHEMBL216105,Vdss,L.kg-1,38.0,Vdss,L/Kg,38.0,volume_distribution,VDss,(L/kg|L),ChEMBL
A,Clc1ccc2c(c1Nc1ncnc3cc(OCCCN4CCCC4)cc(OC4CCOCC4)c13)OCO2,CHEMBL217090,Vdss,L.kg-1,38.0,Vdss,L/Kg,38.0,volume_distribution,VDss,(L/kg|L),ChEMBL
A,Clc1ccc2c(c1Nc1ncnc3cc(OCCCN4CCCC4)cc(OC4CCOCC4)c13)OCO2,CHEMBL217090,Vdss,L.kg-1,15.0,Vdss,L/Kg,15.0,volume_distribution,VDss,(L/kg|L),ChEMBL
A,CN1CCC(COc2cc(OC3CCOCC3)c3c(Nc4c(Cl)ccc5c4OCO5)ncnc3c2)CC1,CHEMBL216105,Vdss,L.kg-1,23.4,Vdss,L/Kg,23.4,volume_distribution,VDss,(L/kg|L),ChEMBL
A,CCCN1C(=O)N2C[C@@H](CC)N=C2c2[nH]c(C34CCC(O)(CC3)CC4)nc21.Cl,CHEMBL557980,Vdss,L.kg-1,4.1,Vdss,L/Kg,4.1,volume_distribution,VDss,(L/kg|L),ChEMBL
A,CCCn1c(=O)c2nc(C34CCC(CCC(=O)O)(CC3)CC4)[nH]c2n(CCC)c1=O.Cl,CHEMBL535165,Vdss,L.kg-1,0.3,Vdss,L/Kg,0.3,volume_distribution,VDss,(L/kg|L),ChEMBL
A,CCCN1C(=O)N2C[C@@H](C(C)C)N=C2c2[nH]c(C34CCC(O)(CC3)CC4)nc21.Cl,CHEMBL557152,Vdss,L.kg-1,1.7,Vdss,L/Kg,1.7,volume_distribution,VDss,(L/kg|L),ChEMBL
A,CCCN1C(=O)N2C[C@@H](C(C)C)N=C2c2[nH]c(C34CCC(CCC(=O)O)(CC3)CC4)nc21.Cl,CHEMBL559212,Vdss,L.kg-1,0.9,Vdss,L/Kg,0.9,volume_distribution,VDss,(L/kg|L),ChEMBL
A,O=c1c2sc(-c3ccc(Cl)cc3)cc2ncn1-c1ccc2sc(CN3CCC(c4ccccc4)CC3)cc2c1,CHEMBL217410,Vdss,L.kg-1,0.6,Vss,L/Kg,0.6,volume_distribution,VDss,(L/kg|L),ChEMBL
A,O=c1c2sc(-c3ccc(Cl)cc3)cc2ncn1-c1ccc2oc(CN3CCCC3)cc2c1,CHEMBL217178,Vdss,L.kg-1,8.5,Vss,L/Kg,8.5,volume_distribution,VDss,(L/kg|L),ChEMBL
A,CN1CCN(Cc2cc3cc(-n4cnc5cc(-c6ccc(Cl)cc6)sc5c4=O)ccc3s2)CC1,CHEMBL412135,Vdss,L.kg-1,20.4,Vss,L/Kg,20.4,volume_distribution,VDss,(L/kg|L),ChEMBL
A,O=c1c2sc(-c3ccc(Cl)cc3)cc2ncn1-c1ccc2sc(CN3CC[C@@H](O)C3)cc2c1,CHEMBL262945,Vdss,L.kg-1,3.6,Vss,L/Kg,3.6,volume_distribution,VDss,(L/kg|L),ChEMBL
A,O=c1c2sc(-c3ccc(Cl)cc3)cc2ncn1-c1ccc2c(c1)CCC(CN1CCCC1)=C2,CHEMBL385690,Vdss,L.kg-1,15.7,Vss,L/Kg,15.7,volume_distribution,VDss,(L/kg|L),ChEMBL
A,CN(C)CC1=Cc2ccc(-n3cnc4cc(-c5ccc(Cl)cc5)sc4c3=O)cc2CC1,CHEMBL387419,Vdss,L.kg-1,16.0,Vss,L/Kg,16.0,volume_distribution,VDss,(L/kg|L),ChEMBL
A,CCCn1c(=O)c2nc([C@]34CC[C@](C(=O)O)(CC3)CC4)[nH]c2n(CCC)c1=O,CHEMBL217179,Vdss,L.kg-1,0.57,Vdss,L/Kg,0.57,volume_distribution,VDss,(L/kg|L),ChEMBL
A,CCCn1c(=O)c2nc([C@]34CC[C@](CCC(=O)O)(CC3)CC4)[nH]c2n(CCC)c1=O,CHEMBL386974,Vdss,L.kg-1,0.32,Vdss,L/Kg,0.32,volume_distribution,VDss,(L/kg|L),ChEMBL
A,CCCn1c(=O)c2nc([C@]34CC[C@](CCC(=O)O)(CC3)CC4)[nH]c2n(CCC)c1=O,CHEMBL386974,Vdss,L.kg-1,2.64,Vdss,L/Kg,2.64,volume_distribution,VDss,(L/kg|L),ChEMBL
A,CCCn1c(=O)c2nc([C@]34CC[C@](CCC(=O)O)(CC3)CC4)[nH]c2n(CCC)c1=O,CHEMBL386974,Vdss,L.kg-1,4.25,Vdss,L/Kg,4.25,volume_distribution,VDss,(L/kg|L),ChEMBL
A,CCCn1c(=O)c2nc([C@]34CC[C@](CCCC(=O)O)(CC3)CC4)[nH]c2n(CCC)c1=O,CHEMBL264070,Vdss,L.kg-1,1.16,Vdss,L/Kg,1.16,volume_distribution,VDss,(L/kg|L),ChEMBL
A,CN1CCN(Cc2ccc3cc(-n4cnc5cc(-c6ccc(Cl)cc6)sc5c4=O)ccc3n2)CC1,CHEMBL214808,Vdss,L.kg-1,19.0,Vss,L/Kg,19.0,volume_distribution,VDss,(L/kg|L),ChEMBL
A,CO[C@@H](C(=O)N1Cc2[nH]nc(NC(=O)c3ccc(N4CCN(C)CC4)cc3)c2C1)c1ccccc1,CHEMBL402548,Vdss,L.kg-1,3.7,Vss,L/Kg,3.7,volume_distribution,VDss,(L/kg|L),ChEMBL
A,O=c1c2sc(-c3ccc(Cl)cc3)cc2ncn1-c1ccc2c(c1)OC[C@H](CN1CCCC1)O2,CHEMBL385347,Vdss,L.kg-1,22.0,Vss,L/Kg,22.0,volume_distribution,VDss,(L/kg|L),ChEMBL
A,CN(C)CC1CNc2cc(-n3cnc4cc(-c5ccc(Cl)cc5)sc4c3=O)ccc2O1,CHEMBL215364,Vdss,L.kg-1,27.0,Vss,L/Kg,27.0,volume_distribution,VDss,(L/kg|L),ChEMBL
A,O=c1c2sc(-c3ccc(Cl)cc3)cc2ncn1-c1ccc2nc(CN3CCC(c4ccc(C(F)(F)F)cc4)CC3)ccc2c1,CHEMBL214468,Vdss,L.kg-1,1.1,Vss,L/Kg,1.1,volume_distribution,VDss,(L/kg|L),ChEMBL
A,O=c1c2sc(-c3ccc(Cl)cc3)cc2ncn1-c1ccc2nc(CN3CCC(c4ccc(F)cc4)CC3)ccc2c1,CHEMBL214991,Vdss,L.kg-1,2.3,Vss,L/Kg,2.3,volume_distribution,VDss,(L/kg|L),ChEMBL
A,O=c1c2sc(-c3ccc(Cl)cc3)cc2ncn1-c1ccc2nc(CN3CCC(c4ccccc4)CC3)ccc2c1,CHEMBL217843,Vdss,L.kg-1,4.3,Vss,L/Kg,4.3,volume_distribution,VDss,(L/kg|L),ChEMBL
A,CN1C(=O)N(c2cc(Cl)cc(Cl)c2)C(=O)[C@]12CN(Cc1cc(C(=O)O)cs1)C[C@H]2c1ccc(C#N)cc1,CHEMBL214529,Vdss,L.kg-1,8.5,Vss,L/Kg,8.5,volume_distribution,VDss,(L/kg|L),ChEMBL
A,CN1C(=O)N(c2cc(Cl)cc(Cl)c2)C(=O)[C@]12CN(Cc1cc(C(=O)O)cs1)C[C@H]2c1ccc(C#N)cc1,CHEMBL214529,Vdss,L.kg-1,0.7,Vss,L/Kg,0.7,volume_distribution,VDss,(L/kg|L),ChEMBL
A,COc1ccc2c(C(=O)NCCO)nc(C#N)c(-c3ccccc3)c2c1,CHEMBL214578,Vdss,L.kg-1,0.8,Vdss,L/Kg,0.8,volume_distribution,VDss,(L/kg|L),ChEMBL
A,COc1ccc2c(NC[C@H](O)CO)nc(C#N)c(-c3ccccc3)c2c1,CHEMBL214876,Vdss,L.kg-1,2.3,Vdss,L/Kg,2.3,volume_distribution,VDss,(L/kg|L),ChEMBL
A,COc1ccc2c(OC[C@H](O)CO)nc(C#N)c(-c3ccccc3)c2c1,CHEMBL383997,Vdss,L.kg-1,1.7,Vdss,L/Kg,1.7,volume_distribution,VDss,(L/kg|L),ChEMBL
A,COc1ccc2c(=O)n(C[C@H](O)CO)c(C#N)c(-c3ccccc3)c2c1,CHEMBL216894,Vdss,L.kg-1,1.6,Vdss,L/Kg,1.6,volume_distribution,VDss,(L/kg|L),ChEMBL
A,O=C(CCCCCCCCCCCCc1ccc(C(F)(F)F)cc1)Nc1ccc2nc([N+]34CCC(CC3)CC4)ccc2c1,CHEMBL263686,Vdss,L.kg-1,1.0,Vdss,l/kg,1.0,volume_distribution,VDss,(L/kg|L),ChEMBL
A,O=C(Nc1ccc2nc([N+]34CCC(CC3)CC4)ccc2c1)c1ccc(C(F)(F)F)nc1,CHEMBL384150,Vdss,L.kg-1,3.92,Vdss,l/kg,3.92,volume_distribution,VDss,(L/kg|L),ChEMBL
A,O=C(CCCCCCC(=O)Nc1ccccc1)NO,CHEMBL98,Vdss,L.kg-1,2.1,Vdss,L kg-1,2.1,volume_distribution,VDss,(L/kg|L),ChEMBL
A,O=C(NO)c1ccc(-c2ccn(CCNCc3ccc4c(c3)OCO4)n2)s1,CHEMBL217716,Vdss,L.kg-1,0.4,Vdss,L kg-1,0.4,volume_distribution,VDss,(L/kg|L),ChEMBL
A,O=C(CCCCCCC(=O)Nc1ccccc1)NO,CHEMBL98,Vdss,L.kg-1,1.6,Vdss,L kg-1,1.6,volume_distribution,VDss,(L/kg|L),ChEMBL
A,O=C(NO)c1ccc(-c2ccn(CCNCc3ccc4c(c3)OCO4)n2)s1,CHEMBL217716,Vdss,L.kg-1,0.9,Vdss,L kg-1,0.9,volume_distribution,VDss,(L/kg|L),ChEMBL
A,O=C(CCCCCCC(=O)Nc1ccccc1)NO,CHEMBL98,Vdss,L.kg-1,2.1,Vdss,L kg-1,2.1,volume_distribution,VDss,(L/kg|L),ChEMBL
A,O=C(NO)c1ccc(-c2ccn(CCNCc3ccc4c(c3)OCO4)n2)s1,CHEMBL217716,Vdss,L.kg-1,0.4,Vdss,L kg-1,0.4,volume_distribution,VDss,(L/kg|L),ChEMBL
A,O=C(NO)c1ccc(-c2ccc(CNCc3ccccc3)cn2)s1,CHEMBL216884,Vdss,L.kg-1,1.1,Vdss,L kg-1,1.1,volume_distribution,VDss,(L/kg|L),ChEMBL
A,O=C(CCCCCCC(=O)Nc1ccccc1)NO,CHEMBL98,Vdss,L.kg-1,1.6,Vdss,L kg-1,1.6,volume_distribution,VDss,(L/kg|L),ChEMBL
A,O=C(NO)c1ccc(-c2ccn(CCNCc3ccc4c(c3)OCO4)n2)s1,CHEMBL217716,Vdss,L.kg-1,0.9,Vdss,L kg-1,0.9,volume_distribution,VDss,(L/kg|L),ChEMBL
A,O=C(NO)c1ccc(-c2ccc(CNCc3ccccc3)cn2)s1,CHEMBL216884,Vdss,L.kg-1,2.9,Vdss,L kg-1,2.9,volume_distribution,VDss,(L/kg|L),ChEMBL
A,CCCn1c2ccc(NC(=O)OC(C)C)cc2c2c3c(c4c(c21)CCc1nn(C)cc1-4)C(=O)NC3,CHEMBL219492,Vdss,L.kg-1,2.34,Vdss,L/Kg,2.34,volume_distribution,VDss,(L/kg|L),ChEMBL
A,Nc1cc2c(ccc(=O)n2-c2c(F)cccc2F)c(-c2ccc(F)cc2F)n1,CHEMBL219804,Vdss,L.kg-1,0.9,Vdss,L/Kg,0.9,volume_distribution,VDss,(L/kg|L),ChEMBL
A,Nc1cc2c(ccc(=O)n2-c2c(F)cccc2F)c(-c2ccc(F)cc2F)n1,CHEMBL219804,Vdss,L.kg-1,0.9,Vdss,L/Kg,0.9,volume_distribution,VDss,(L/kg|L),ChEMBL
A,CC(C)[C@H](NC(=O)[C@H](Cc1ccc(O)cc1)NC(=O)N[C@H](C)c1ccc(Br)cc1)C(=O)N[C@@H](CCCNC(=N)N)C(=O)c1nccs1,CHEMBL413155,Vdss,L.kg-1,0.236,Vdss,ml/kg,236.0,volume_distribution,VDss,(L/kg|L),ChEMBL
A,CCn1c(-c2nonc2N)nc2cnc(Oc3cccc(NC(=O)c4ccccc4)c3)cc21,CHEMBL426526,Vdss,L.kg-1,0.16,Vdss,L/Kg,0.16,volume_distribution,VDss,(L/kg|L),ChEMBL
A,CCn1c(-c2nonc2N)nc2cnc(Oc3cccc(NC(=O)c4ccc(N(C)C)cc4)c3)cc21,CHEMBL220465,Vdss,L.kg-1,0.09,Vdss,L/Kg,0.09,volume_distribution,VDss,(L/kg|L),ChEMBL
A,CCn1c(-c2nonc2N)nc2cnc(Oc3cccc(NC(=O)c4ccc(N5CCOCC5)cc4)c3)cc21,CHEMBL216574,Vdss,L.kg-1,0.57,Vdss,L/Kg,0.57,volume_distribution,VDss,(L/kg|L),ChEMBL
A,CCn1c(-c2nonc2N)nc2cnc(Oc3cccc(NC(=O)c4ccc(CN)cc4)c3)cc21,CHEMBL220080,Vdss,L.kg-1,0.11,Vdss,L/Kg,0.11,volume_distribution,VDss,(L/kg|L),ChEMBL
A,CCn1c(-c2nonc2N)nc2cnc(Oc3cccc(NC(=O)c4ccc(CN(C)C)cc4)c3)cc21,CHEMBL218870,Vdss,L.kg-1,2.4,Vdss,L/Kg,2.4,volume_distribution,VDss,(L/kg|L),ChEMBL
A,CCn1c(-c2nonc2N)nc2cnc(Oc3cccc(NC(=O)c4ccc(CN5CCOCC5)cc4)c3)cc21,CHEMBL376321,Vdss,L.kg-1,1.1,Vdss,L/Kg,1.1,volume_distribution,VDss,(L/kg|L),ChEMBL
A,CCn1c(-c2nonc2N)nc2cnc(Oc3cccc(NC(=O)c4ccc(OCCN(C)C)cc4)c3)cc21,CHEMBL429700,Vdss,L.kg-1,8.9,Vdss,L/Kg,8.9,volume_distribution,VDss,(L/kg|L),ChEMBL
A,CCn1c(-c2nonc2N)nc2cnc(Oc3cccc(NC(=O)c4ccc(OCCN5CCOCC5)cc4)c3)cc21,CHEMBL220241,Vdss,L.kg-1,1.3,Vdss,L/Kg,1.3,volume_distribution,VDss,(L/kg|L),ChEMBL
A,CC1=C(C(=O)Nc2ccc3[nH]ncc3c2)C(c2ccc(F)cc2)NC(=O)N1,CHEMBL384073,Vdss,L.kg-1,2.2,Vdss,L/Kg,2.2,volume_distribution,VDss,(L/kg|L),ChEMBL
A,CC1=C(C(=O)Nc2ccc3[nH]ncc3c2)C(c2ccc(F)cc2)CC(=O)N1,CHEMBL218654,Vdss,L.kg-1,2.1,Vdss,L/Kg,2.1,volume_distribution,VDss,(L/kg|L),ChEMBL
A,CC1=C(C(=O)Nc2ccc3[nH]nc(C)c3c2)C(c2ccc(C(F)(F)F)cc2)CC(=O)N1,CHEMBL218720,Vdss,L.kg-1,2.8,Vdss,L/Kg,2.8,volume_distribution,VDss,(L/kg|L),ChEMBL
A,CC1=C(C(=O)Nc2ccc3[nH]ncc3c2)C(c2ccc(C(F)(F)F)cc2)CC(=O)N1,CHEMBL218719,Vdss,L.kg-1,2.3,Vdss,L/Kg,2.3,volume_distribution,VDss,(L/kg|L),ChEMBL
A,CC1=C(C(=O)Nc2cc(Cl)c3[nH]ncc3c2)C(c2ccc(C(F)(F)F)cc2)CC(=O)N1,CHEMBL427058,Vdss,L.kg-1,3.9,Vdss,L/Kg,3.9,volume_distribution,VDss,(L/kg|L),ChEMBL
A,CC1=C(C(=O)Nc2ccc3[nH]ncc3c2)C(c2ccc(Cl)c(Cl)c2)CC(=O)N1,CHEMBL374453,Vdss,L.kg-1,2.4,Vdss,L/Kg,2.4,volume_distribution,VDss,(L/kg|L),ChEMBL
A,CC1=C(C(=O)Nc2ccc3[nH]ncc3c2)C(c2ccc3ccccc3c2)CC(=O)N1,CHEMBL441702,Vdss,L.kg-1,1.8,Vdss,L/Kg,1.8,volume_distribution,VDss,(L/kg|L),ChEMBL
A,CC1=C(C(=O)Nc2cc3cn[nH]c3cc2F)C(c2ccc(C(F)(F)F)cc2)CC(=O)N1,CHEMBL375312,Vdss,L.kg-1,1.4,Vdss,L/Kg,1.4,volume_distribution,VDss,(L/kg|L),ChEMBL
A,CC(C(=O)N[C@H]1C2CC3CC1C[C@](O)(C3)C2)N1CCN(c2ccc(C(F)(F)F)cn2)CC1,CHEMBL375156,Vdss,L.kg-1,1.6,Vdss,L/Kg,1.6,volume_distribution,VDss,(L/kg|L),ChEMBL
A,CC(C(=O)N[C@H]1C2CC3CC1C[C@](O)(C3)C2)N1CCc2ccc3c(c2CC1)OCO3,CHEMBL374728,Vdss,L.kg-1,2.7,Vdss,L/Kg,2.7,volume_distribution,VDss,(L/kg|L),ChEMBL
A,CC(C(=O)N[C@H]1C2CC3CC1C[C@](O)(C3)C2)N1CC(Oc2ccccc2F)C1,CHEMBL217917,Vdss,L.kg-1,1.2,Vdss,L/Kg,1.2,volume_distribution,VDss,(L/kg|L),ChEMBL
A,O=C(CN1CCN(c2ccc(C(F)(F)F)cn2)CC1)N[C@H]1C2CC3CC1C[C@](O)(C3)C2,CHEMBL219142,Vdss,L.kg-1,2.2,Vss,L/Kg,2.2,volume_distribution,VDss,(L/kg|L),ChEMBL
A,CC(C(=O)N[C@H]1C2CC3CC1C[C@](O)(C3)C2)N1CCN(c2ccc(C(F)(F)F)cn2)CC1,CHEMBL375156,Vdss,L.kg-1,1.0,Vss,L/Kg,1.0,volume_distribution,VDss,(L/kg|L),ChEMBL
A,CCc1nn(C2CCCC2)c2c1CCn1c(-c3cccs3)nnc1-2,CHEMBL217899,Vdss,L.kg-1,2.0,Vdss,L/Kg,2.0,volume_distribution,VDss,(L/kg|L),ChEMBL
A,CCc1nn(C2CCCC2)c2c1CCn1c(-c3cccs3)nnc1-2,CHEMBL217899,Vdss,L.kg-1,2.4,Vdss,L/Kg,2.4,volume_distribution,VDss,(L/kg|L),ChEMBL
A,CNCCCOc1cc(F)c(-c2c(Cl)nc3ncnn3c2N[C@@H](C)C(F)(F)F)c(F)c1.Cl,CHEMBL262314,Vdss,L.kg-1,14.0,Vdss,L/Kg,14.0,volume_distribution,VDss,(L/kg|L),ChEMBL
A,CCCN1CC[C@@H](Cc2ccc(F)cc2)C[C@@H]1CCCNC(=O)Nc1cccc(C(C)=O)c1,CHEMBL221067,Vdss,L.kg-1,8.0,Vdss,L/Kg,8.0,volume_distribution,VDss,(L/kg|L),ChEMBL
A,CCCN1CC[C@@H](Cc2ccc(F)cc2)C[C@@H]1CCCNC(=O)Nc1cccc(C(C)=O)c1,CHEMBL221067,Vdss,L.kg-1,3.1,Vdss,L/Kg,3.1,volume_distribution,VDss,(L/kg|L),ChEMBL
A,Cc1ccccc1NC(=O)Nc1ccc(-c2cccn(Cc3ccc([C@H](C)CC(=O)O)cc3)c2=O)cc1,CHEMBL218580,Vdss,L.kg-1,0.6,Vss,L/Kg,0.6,volume_distribution,VDss,(L/kg|L),ChEMBL
A,COc1cc(-c2cccn(Cc3ccc([C@H](C)CC(=O)O)cc3)c2=O)ccc1NC(=O)Nc1ccccc1C,CHEMBL386008,Vdss,L.kg-1,0.6,Vss,L/Kg,0.6,volume_distribution,VDss,(L/kg|L),ChEMBL
A,COCCC1(Oc2ccc(Oc3ccc(-c4nc(-c5ccc(C#N)cc5)co4)cc3)cc2)C(=O)NC(=O)NC1=O,CHEMBL222077,Vdss,L.kg-1,0.34,Vdss,L/Kg,0.34,volume_distribution,VDss,(L/kg|L),ChEMBL
A,CN(C)Cc1ccccc1-c1ccc(N2CCc3c(C(F)(F)F)nn(-c4ccccc4S(N)(=O)=O)c3C2=O)cc1,CHEMBL374187,Vdss,L.kg-1,8.1,Vdss,L/Kg,8.1,volume_distribution,VDss,(L/kg|L),ChEMBL
A,Nc1noc2ccc(-n3nc(C(F)(F)F)c4c3C(=O)N(c3ccc(-c5ccccc5CN5CC[C@@H](O)C5)cc3)CC4)cc12,CHEMBL378093,Vdss,L.kg-1,1.6,Vdss,L/Kg,1.6,volume_distribution,VDss,(L/kg|L),ChEMBL
A,CN(C)Cc1nccn1-c1ccc(NC(=O)c2cc(C(F)(F)F)nn2-c2ccc3onc(N)c3c2)c(F)c1,CHEMBL206335,Vdss,L.kg-1,3.4,Vdss,L/Kg,3.4,volume_distribution,VDss,(L/kg|L),ChEMBL
A,NC(=O)c1cccc(-n2nc(C(F)(F)F)c3c2C(=O)N(c2ccc(-c4ccccc4CN4CC[C@@H](O)C4)cc2)CC3)c1,CHEMBL374305,Vdss,L.kg-1,2.6,Vdss,L/Kg,2.6,volume_distribution,VDss,(L/kg|L),ChEMBL
A,NS(=O)(=O)c1ccccc1-n1nc(C(F)(F)F)c2c1C(=O)N(c1ccc(-c3ccccc3CN3CC[C@@H](O)C3)cc1)CC2,CHEMBL374304,Vdss,L.kg-1,3.5,Vdss,L/Kg,3.5,volume_distribution,VDss,(L/kg|L),ChEMBL
A,CN(C)Cc1ccccc1-c1ccc(N2CCc3c(C(F)(F)F)nn(-c4cccc(C(N)=O)c4)c3C2=O)cc1,CHEMBL222079,Vdss,L.kg-1,4.0,Vdss,L/Kg,4.0,volume_distribution,VDss,(L/kg|L),ChEMBL
A,CCCOC(=O)N1CCc2c(OCCc3nc(-c4ccc(-c5ccccc5)cc4)oc3C)ccc(CCC(=O)[O-])c2C1.[Na+],CHEMBL387374,Vdss,L.kg-1,0.59,Vdss,L/Kg,0.59,volume_distribution,VDss,(L/kg|L),ChEMBL
A,CCCOC(=O)N1CCc2c(OCCc3nc(-c4ccc(-c5ccccc5)cc4)oc3C)ccc(CCC(=O)[O-])c2C1.[Na+],CHEMBL387374,Vdss,L.kg-1,0.38,Vdss,L/Kg,0.38,volume_distribution,VDss,(L/kg|L),ChEMBL
A,CN1C(=O)NC(=O)[C@]12Cc1ccc(NC(=O)Cn3c(=O)n(-c4cc(F)cc(F)c4)c4ccccc43)cc1C2,CHEMBL374666,Vdss,L.kg-1,1.4,Vdss,L/Kg,1.4,volume_distribution,VDss,(L/kg|L),ChEMBL
A,CN1C(=O)NC(=O)[C@]12Cc1ccc(NC(=O)Cn3c(=O)n(C4CCS(=O)(=O)C4)c4ccccc43)cc1C2,CHEMBL375224,Vdss,L.kg-1,0.8,Vdss,L/Kg,0.8,volume_distribution,VDss,(L/kg|L),ChEMBL
A,CN1C(=O)NC(=O)[C@]12Cc1ccc(NC(=O)Cn3c(=O)n(-c4cncnc4)c4ccccc43)cc1C2,CHEMBL220146,Vdss,L.kg-1,0.95,Vdss,L/Kg,0.95,volume_distribution,VDss,(L/kg|L),ChEMBL
A,CN1C(=O)NC(=O)[C@]12Cc1ccc(NC(=O)Cn3c(=O)n(-c4cnccn4)c4ccccc43)cc1C2,CHEMBL223756,Vdss,L.kg-1,0.64,Vdss,L/Kg,0.64,volume_distribution,VDss,(L/kg|L),ChEMBL
A,CN1C(=O)NC(=O)[C@]12Cc1ccc(NC(=O)Cn3c(=O)n(-c4ncccn4)c4ccccc43)cc1C2,CHEMBL376292,Vdss,L.kg-1,0.5,Vdss,L/Kg,0.5,volume_distribution,VDss,(L/kg|L),ChEMBL
A,CN1C(=O)NC(=O)[C@]12Cc1ccc(NC(=O)Cn3c(=O)n(-c4nccc(C(F)(F)F)n4)c4ccccc43)cc1C2,CHEMBL374251,Vdss,L.kg-1,1.8,Vdss,L/Kg,1.8,volume_distribution,VDss,(L/kg|L),ChEMBL
A,COc1cccc(-n2c(=O)n(CC(=O)Nc3ccc4c(c3)C[C@]3(C4)C(=O)NC(=O)N3C)c3ccccc32)n1,CHEMBL220715,Vdss,L.kg-1,0.84,Vdss,L/Kg,0.84,volume_distribution,VDss,(L/kg|L),ChEMBL
A,CN1C(=O)NC(=O)[C@]12Cc1ccc(NC(=O)Cn3c(=O)n(-c4cnsc4)c4ccccc43)cc1C2,CHEMBL374064,Vdss,L.kg-1,2.0,Vdss,L/Kg,2.0,volume_distribution,VDss,(L/kg|L),ChEMBL
A,CN1C(=O)NC(=O)[C@]12Cc1ccc(NC(=O)Cn3c(=O)n(C4CCOC4)c4ccccc43)cc1C2,CHEMBL220101,Vdss,L.kg-1,0.43,Vdss,L/Kg,0.43,volume_distribution,VDss,(L/kg|L),ChEMBL
A,CN1C(=O)NC(=O)[C@]12Cc1ccc(NC(=O)Cn3c(=O)n(-c4nccs4)c4ccccc43)cc1C2,CHEMBL375533,Vdss,L.kg-1,0.54,Vdss,L/Kg,0.54,volume_distribution,VDss,(L/kg|L),ChEMBL
A,CN1C(=O)NC(=O)[C@]12Cc1ccc(NC(=O)Cn3c(=O)n(-c4ccccn4)c4ccccc43)cc1C2,CHEMBL223156,Vdss,L.kg-1,0.47,Vdss,L/Kg,0.47,volume_distribution,VDss,(L/kg|L),ChEMBL
A,CN1C(=O)NC(=O)[C@]12Cc1ccc(NC(=O)Cn3c(=O)n(-c4ccccn4)c4ccccc43)cc1C2,CHEMBL223156,Vdss,L.kg-1,0.69,Vdss,L/Kg,0.69,volume_distribution,VDss,(L/kg|L),ChEMBL
A,CN1C(=O)NC(=O)[C@]12Cc1ccc(NC(=O)Cn3c(=O)n(-c4ccccn4)c4ccccc43)cc1C2,CHEMBL223156,Vdss,L.kg-1,0.31,Vdss,L/Kg,0.31,volume_distribution,VDss,(L/kg|L),ChEMBL
A,Cc1nc(-c2ccc(C(F)(F)F)cc2)sc1C(=O)NCc1ccc(OC(C)(C)C(=O)O)cc1,CHEMBL219586,Vdss,L.kg-1,1.0,Vdss,L/Kg,1.0,volume_distribution,VDss,(L/kg|L),ChEMBL
A,Cc1nc(-c2ccc(C(F)(F)F)cc2)sc1C(=O)NCc1ccc(OC(C)(C)C(=O)O)cc1,CHEMBL219586,Vdss,L.kg-1,2.8,Vdss,L/Kg,2.8,volume_distribution,VDss,(L/kg|L),ChEMBL
A,O=C(C[C@@H](NS(=O)(=O)c1ccc2ccccc2c1)c1ccccc1)N[C@@H]1CCOc2cc(CN3CCCCC3)ccc21,CHEMBL415848,Vdss,L.kg-1,7.427,Vss,ml/kg,7427.0,volume_distribution,VDss,(L/kg|L),ChEMBL
A,CNc1ncnc(-c2cccnc2Oc2ccc(F)c(C(=O)Nc3cc(C(F)(F)F)ccc3N(C)CCCN(C)C)c2)n1,CHEMBL373882,Vdss,L.kg-1,2.56,Vss,ml/kg,2560.0,volume_distribution,VDss,(L/kg|L),ChEMBL
A,CN(C)[C@H]1CCCN(c2ccc(C(F)(F)F)cc2NC(=O)c2cc(C#Cc3cnc(N)nc3)ccc2F)C1,CHEMBL386637,Vdss,L.kg-1,11.8,Vss,L/Kg,11.8,volume_distribution,VDss,(L/kg|L),ChEMBL
A,Nc1ncc(C#Cc2ccc(F)c(C(=O)Nc3cc(C(F)(F)F)ccc3N3CCC[C@H](N)C3)c2)cn1,CHEMBL374079,Vdss,L.kg-1,4.6,Vss,L/Kg,4.6,volume_distribution,VDss,(L/kg|L),ChEMBL
A,CN[C@H]1CCCN(c2ccc(C(F)(F)F)cc2NC(=O)c2cc(C#Cc3cnc(N)nc3)ccc2F)C1,CHEMBL220532,Vdss,L.kg-1,2.2,Vss,L/Kg,2.2,volume_distribution,VDss,(L/kg|L),ChEMBL
A,CC(C)[C@]1(C)SC(N[C@@H](C)c2ccccc2F)=NC1=O,CHEMBL221749,Vdss,L.kg-1,5.733,Vss,ml/kg,5733.0,volume_distribution,VDss,(L/kg|L),ChEMBL
A,C[C@H](NC1=NC(=O)[C@@](C)(C(F)(F)F)S1)c1ccccc1F,CHEMBL218006,Vdss,L.kg-1,1.201,Vss,ml/kg,1201.0,volume_distribution,VDss,(L/kg|L),ChEMBL
A,C[C@H](NC1=NC(=O)[C@](C)(C(F)(F)F)S1)c1ccccc1F,CHEMBL384684,Vdss,L.kg-1,1.661,Vss,ml/kg,1661.0,volume_distribution,VDss,(L/kg|L),ChEMBL
A,C[C@H](NC1=NC(=O)C(C)(C(F)(F)F)S1)c1ccccc1F,CHEMBL448483,Vdss,L.kg-1,2.976,Vss,ml/kg,2976.0,volume_distribution,VDss,(L/kg|L),ChEMBL
A,C[C@H](NC1=NC(=O)C(C)(C(C)(C)F)S1)c1ccccc1F,CHEMBL438654,Vdss,L.kg-1,1.662,Vss,ml/kg,1662.0,volume_distribution,VDss,(L/kg|L),ChEMBL
A,CCOC(=O)N1CCC(NS(=O)(=O)c2ccc(NC(=O)c3ccccc3C)c3ccccc23)CC1,CHEMBL218375,Vdss,L.kg-1,1.6,Vss,L/Kg,1.6,volume_distribution,VDss,(L/kg|L),ChEMBL
A,CCOC(=O)N1CCC(NS(=O)(=O)c2ccc(NC(=O)c3ccccc3C)c3ccccc23)CC1,CHEMBL218375,Vdss,L.kg-1,1.5,Vss,L/Kg,1.5,volume_distribution,VDss,(L/kg|L),ChEMBL
A,C[C@@H](C(=O)N1CCOCC1)N1CC[C@H](NS(=O)(=O)c2ccc3cc(Cl)ccc3c2)C1=O,CHEMBL385587,Vdss,L.kg-1,0.17,Vss,L/Kg,0.17,volume_distribution,VDss,(L/kg|L),ChEMBL
A,COC(=O)NC(C)C#Cc1cnc(Oc2ccc(OC(C)C)cc2)s1,CHEMBL426325,Vdss,L.kg-1,5.0,Vss,L/Kg,5.0,volume_distribution,VDss,(L/kg|L),ChEMBL
A,CC(=O)N[C@H](C)c1cc(-c2cnc(Oc3ccc(OC(C)C)cc3)s2)no1,CHEMBL220395,Vdss,L.kg-1,1.5,Vss,L/Kg,1.5,volume_distribution,VDss,(L/kg|L),ChEMBL
A,CC(=O)N[C@@H](C)c1cc(-c2cnc(Oc3ccc(OC(C)C)cc3)s2)no1,CHEMBL221169,Vdss,L.kg-1,1.6,Vss,L/Kg,1.6,volume_distribution,VDss,(L/kg|L),ChEMBL
A,CC(=O)NC(C)c1cc(-c2cnc(Oc3ccc(OC(C)C)cc3)s2)no1,CHEMBL220271,Vdss,L.kg-1,1.4,Vss,L/Kg,1.4,volume_distribution,VDss,(L/kg|L),ChEMBL
A,CCc1cc2c(c(C(F)(F)F)c1)C(=O)N1CCNC[C@@H]21,CHEMBL221113,Vdss,L.kg-1,4.8,Vss,L/Kg,4.8,volume_distribution,VDss,(L/kg|L),ChEMBL
A,C[C@@H](C(=O)N1CCOCC1)N1CC[C@H](NS(=O)(=O)/C=C/c2ccc(Cl)s2)C1=O,CHEMBL220050,Vdss,L.kg-1,0.29,Vss,L/Kg,0.29,volume_distribution,VDss,(L/kg|L),ChEMBL
A,C[C@@H](C(=O)N1CCOCC1)N1CC[C@H](NS(=O)(=O)/C=C/c2ccc(Cl)s2)C1=O,CHEMBL220050,Vdss,L.kg-1,0.42,Vss,L/Kg,0.42,volume_distribution,VDss,(L/kg|L),ChEMBL
A,C[C@@H](C(=O)N1CCOCC1)N1CC[C@H](NS(=O)(=O)c2cc3ccc(Cl)cc3s2)C1=O,CHEMBL217914,Vdss,L.kg-1,0.17,Vss,L/Kg,0.17,volume_distribution,VDss,(L/kg|L),ChEMBL
A,C[C@@H](C(=O)N1CCOCC1)N1CC[C@H](NS(=O)(=O)c2cc3cc(Cl)ccc3s2)C1=O,CHEMBL220529,Vdss,L.kg-1,0.17,Vss,L/Kg,0.17,volume_distribution,VDss,(L/kg|L),ChEMBL
A,C[C@@H](C(=O)N1CCOCC1)N1CC[C@H](NS(=O)(=O)/C=C/c2ccc(Cl)cc2)C1=O,CHEMBL223891,Vdss,L.kg-1,0.17,Vss,L/Kg,0.17,volume_distribution,VDss,(L/kg|L),ChEMBL
A,C[C@@H](C(=O)N1CCOCC1)N1CC[C@H](NS(=O)(=O)c2ccc(-c3ccc(Cl)s3)s2)C1=O,CHEMBL220171,Vdss,L.kg-1,0.17,Vss,L/Kg,0.17,volume_distribution,VDss,(L/kg|L),ChEMBL
A,O=C(Nc1ccccc1F)N[C@H]1N=C(c2ccccc2)c2ccccc2NC1=O,CHEMBL223402,Vdss,L.kg-1,2.2,Vss,L/Kg,2.2,volume_distribution,VDss,(L/kg|L),ChEMBL
A,O=C(NN1C(=O)[C@@H]2C3C=CC(C4CC43)[C@@H]2C1=O)c1ccc(C(F)(F)F)cc1,CHEMBL221054,Vdss,L.kg-1,0.6,Vss,L/Kg,0.6,volume_distribution,VDss,(L/kg|L),ChEMBL
A,Cc1ccc(F)c(NC(=O)Nc2ccc(-c3cccc4[nH]nc(N)c34)cc2)c1,CHEMBL223360,Vdss,L.kg-1,1.1,Vdss,L/Kg,1.1,volume_distribution,VDss,(L/kg|L),ChEMBL
A,Cc1ccc(F)c(NC(=O)Nc2ccc(-c3cccc4[nH]nc(N)c34)cc2)c1,CHEMBL223360,Vdss,L.kg-1,2.2,Vdss,L/Kg,2.2,volume_distribution,VDss,(L/kg|L),ChEMBL
A,Cc1ccc(F)c(NC(=O)Nc2ccc(-c3cccc4[nH]nc(N)c34)cc2)c1,CHEMBL223360,Vdss,L.kg-1,1.2,Vdss,L/Kg,1.2,volume_distribution,VDss,(L/kg|L),ChEMBL
A,CCO[C@@H](Cc1ccc(OCC=C(c2ccc(Br)cc2)c2ccc(Br)cc2)cc1)C(=O)O,CHEMBL87307,Vdss,L.kg-1,2.3,Vss,L/Kg,2.3,volume_distribution,VDss,(L/kg|L),ChEMBL
A,O=C(O)CCc1cccc(OCC=C(c2ccc(Br)cc2)c2ccc(Br)cc2)c1,CHEMBL225017,Vdss,L.kg-1,5.3,Vss,L/Kg,5.3,volume_distribution,VDss,(L/kg|L),ChEMBL
A,O=C(O)Cc1ccc(OCC=C(c2ccc(Br)cc2)c2ccc(Br)cc2)cc1,CHEMBL388540,Vdss,L.kg-1,1.4,Vss,L/Kg,1.4,volume_distribution,VDss,(L/kg|L),ChEMBL
A,O=C(O)Cc1ccc(OCC=C(c2ccc(Br)cc2)c2ccc(Br)cc2)c(Cl)c1,CHEMBL222561,Vdss,L.kg-1,1.4,Vss,L/Kg,1.4,volume_distribution,VDss,(L/kg|L),ChEMBL
A,O=C(O)COc1ccc(SCC=C(c2ccc(Br)cc2)c2ccc(Br)cc2)cc1Cl,CHEMBL222880,Vdss,L.kg-1,0.3,Vss,L/Kg,0.3,volume_distribution,VDss,(L/kg|L),ChEMBL
A,Cc1cc(SCC=C(c2ccc(Br)cc2)c2ccc(Br)cc2)ccc1OCC(=O)O,CHEMBL221399,Vdss,L.kg-1,0.9,Vss,L/Kg,0.9,volume_distribution,VDss,(L/kg|L),ChEMBL
A,Cc1cc(SCc2sc(-c3ccc(C(F)(F)F)cc3)nc2C)ccc1OCC(=O)O,CHEMBL38943,Vdss,L.kg-1,1.0,Vss,L/Kg,1.0,volume_distribution,VDss,(L/kg|L),ChEMBL
A,COc1ccc(/C=C\c2cc(OC)c(OC)c(OC)c2)cc1O,CHEMBL67,Vdss,ml,80.82,Vdss,ml,80.82,volume_distribution,VDss,(L/kg|L),ChEMBL
A,COc1ccc(C2=C(c3cc(OC)c(OC)c(OC)c3)/C(=N\O)C(O)C2)cc1,CHEMBL224936,Vdss,ml,46.56,Vdss,ml,46.56,volume_distribution,VDss,(L/kg|L),ChEMBL
A,C[C@@H](O)[C@H]1C(=O)N2C(C(=O)O)=C(S[C@H]3C[C@@H](C(=O)N4CC[C@H](NC(=O)CNC(=N)N)C4)N(C)C3)[C@H](C)[C@H]12,CHEMBL389847,Vdss,L.kg-1,0.199,Vss,ml/kg,199.0,volume_distribution,VDss,(L/kg|L),ChEMBL
A,C[C@@H](O)[C@H]1C(=O)N2C(C(=O)O)=C(S[C@H]3C[C@@H](C(=O)N4CC[C@H](NC(=O)CNC(=N)N)C4)N(C)C3)[C@H](C)[C@H]12,CHEMBL389847,Vdss,L.kg-1,0.218,Vss,ml/kg,218.0,volume_distribution,VDss,(L/kg|L),ChEMBL
A,C[C@@H](O)[C@H]1C(=O)N2C(C(=O)O)=C(S[C@H]3C[C@@H](C(=O)N4CC[C@H](NC(=O)CNC(=N)N)C4)N(C)C3)[C@H](C)[C@H]12,CHEMBL389847,Vdss,L.kg-1,0.22,Vss,ml/kg,220.0,volume_distribution,VDss,(L/kg|L),ChEMBL
A,C[C@@H](O)[C@H]1C(=O)N2C(C(=O)O)=C(S[C@H]3C[C@@H](C(=O)N4CC[C@H](NC(=O)CNC(=N)N)C4)N(C)C3)[C@H](C)[C@H]12,CHEMBL389847,Vdss,L.kg-1,0.269,Vss,ml/kg,269.0,volume_distribution,VDss,(L/kg|L),ChEMBL
A,C[C@@H](O)[C@H]1C(=O)N2C(C(=O)O)=C(S[C@H]3C[C@@H](C(=O)N4CC[C@H](NC(=O)CNC(=N)N)C4)N(C)C3)[C@H](C)[C@H]12,CHEMBL389847,Vdss,L.kg-1,0.259,Vss,ml/kg,259.0,volume_distribution,VDss,(L/kg|L),ChEMBL
A,C[C@@H](O)[C@H]1C(=O)N2C(C(=O)O)=C(S[C@H]3C[C@@H](C(=O)N4CC[C@H](NC(=O)CNC(=N)N)C4)N(C)C3)[C@H](C)[C@H]12,CHEMBL389847,Vdss,L.kg-1,0.228,Vss,ml/kg,228.0,volume_distribution,VDss,(L/kg|L),ChEMBL
A,C[C@@H](O)[C@H]1C(=O)N2C(C(=O)O)=C(S[C@H]3C[C@@H](C(=O)N4CC[C@H](NC(=O)CNC(=N)N)C4)N(C)C3)[C@H](C)[C@H]12,CHEMBL389847,Vdss,L.kg-1,0.176,Vss,ml/kg,176.0,volume_distribution,VDss,(L/kg|L),ChEMBL
A,C[C@@H](O)[C@H]1C(=O)N2C(C(=O)O)=C(S[C@H]3C[C@@H](C(=O)N4CC[C@H](NC(=O)CNC(=N)N)C4)N(C)C3)[C@H](C)[C@H]12,CHEMBL389847,Vdss,L.kg-1,0.172,Vss,ml/kg,172.0,volume_distribution,VDss,(L/kg|L),ChEMBL
A,C[C@@H](O)[C@H]1C(=O)N2C(C(=O)O)=C(S[C@H]3C[C@@H](C(=O)N4CC[C@H](NC(=O)CNC(=N)N)C4)N(C)C3)[C@H](C)[C@H]12,CHEMBL389847,Vdss,L.kg-1,0.184,Vss,ml/kg,184.0,volume_distribution,VDss,(L/kg|L),ChEMBL
A,Cl.N[C@H]1CN(CCc2ccc3c(c2)OCO3)C(=O)C[C@@H]1c1cc(F)c(F)cc1F,CHEMBL538090,Vdss,L.kg-1,1.04,Vss,L/Kg,1.04,volume_distribution,VDss,(L/kg|L),ChEMBL
A,CS(=O)(=O)c1cccc(-c2cc(N3C[C@H](N)[C@@H](c4cc(F)c(F)cc4F)CC3=O)ncn2)c1,CHEMBL222323,Vdss,L.kg-1,1.28,Vss,L/Kg,1.28,volume_distribution,VDss,(L/kg|L),ChEMBL
A,CS(=O)(=O)c1cccc(CCN2C[C@H](N)[C@@H](c3cc(F)c(F)cc3F)CC2=O)c1,CHEMBL426896,Vdss,L.kg-1,1.24,Vss,L/Kg,1.24,volume_distribution,VDss,(L/kg|L),ChEMBL
A,CCOCCn1cc(C2CCN(CCOc3ccccc3C(=O)O)CC2)c2ccccc21,CHEMBL183706,Vdss,L.kg-1,0.7,Vss,L/Kg,0.7,volume_distribution,VDss,(L/kg|L),ChEMBL
A,COc1ccc(CN2CCC(c3cn(Cc4cccs4)c4cc(F)ccc34)CC2)cc1C(=O)O,CHEMBL222139,Vdss,L.kg-1,1.1,Vss,L/Kg,1.1,volume_distribution,VDss,(L/kg|L),ChEMBL
A,COc1ccc(CN2CCC(c3cn(Cc4cccs4)c4ccccc34)CC2)cc1C(=O)O,CHEMBL376202,Vdss,L.kg-1,1.8,Vss,L/Kg,1.8,volume_distribution,VDss,(L/kg|L),ChEMBL
A,COCCn1cc(C2CCN(Cc3ccc(OC)c(C(=O)O)c3)CC2)c2ccccc21,CHEMBL223025,Vdss,L.kg-1,0.6,Vss,L/Kg,0.6,volume_distribution,VDss,(L/kg|L),ChEMBL
A,O=C(O)c1ccccc1OCCN1CCC(c2cn(CCC3OCCO3)c3ccccc23)CC1,CHEMBL374869,Vdss,L.kg-1,0.5,Vss,L/Kg,0.5,volume_distribution,VDss,(L/kg|L),ChEMBL
A,CCCCn1cc(C2CCN(CCOc3ccccc3C(=O)O)CC2)c2ccccc21,CHEMBL426786,Vdss,L.kg-1,0.4,Vss,L/Kg,0.4,volume_distribution,VDss,(L/kg|L),ChEMBL
A,COCCn1cc(C2CCN(CCOc3ccccc3C(=O)O)CC2)c2ccc(F)cc21,CHEMBL385133,Vdss,L.kg-1,0.3,Vss,L/Kg,0.3,volume_distribution,VDss,(L/kg|L),ChEMBL
A,CCOCCn1cc(C2CCN(CCOc3ccccc3C(=O)O)CC2)c2cc(OC)ccc21,CHEMBL221716,Vdss,L.kg-1,0.5,Vss,L/Kg,0.5,volume_distribution,VDss,(L/kg|L),ChEMBL
A,N#Cc1cnc(Nc2cc(CN3CCOCC3)ccn2)s1,CHEMBL373693,Vdss,L.kg-1,1.0,Vdss,L/Kg,1.0,volume_distribution,VDss,(L/kg|L),ChEMBL
A,CN(C)C(=O)N1CCN(Cc2ccnc(Nc3ncc(C#N)s3)c2)CC1,CHEMBL221468,Vdss,L.kg-1,0.88,Vdss,L/Kg,0.88,volume_distribution,VDss,(L/kg|L),ChEMBL
A,N#Cc1cnc(Nc2cc(CN3CCN(C(N)=O)CC3)ccn2)s1,CHEMBL375306,Vdss,L.kg-1,0.34,Vdss,L/Kg,0.34,volume_distribution,VDss,(L/kg|L),ChEMBL
A,CC(=O)N1CCN(Cc2ccnc(Nc3ncc(C#N)s3)c2)CC1,CHEMBL224036,Vdss,L.kg-1,0.72,Vdss,L/Kg,0.72,volume_distribution,VDss,(L/kg|L),ChEMBL
A,CNC(=O)N1CCN(Cc2ccnc(Nc3ncc(C#N)s3)c2C)CC1,CHEMBL376722,Vdss,L.kg-1,1.2,Vdss,L/Kg,1.2,volume_distribution,VDss,(L/kg|L),ChEMBL
A,CS(=O)(=O)C1CCN(Cc2ccnc(Nc3ncc(C#N)s3)c2)CC1,CHEMBL224842,Vdss,L.kg-1,0.96,Vdss,L/Kg,0.96,volume_distribution,VDss,(L/kg|L),ChEMBL
A,N#Cc1cnc(Nc2cc(CN3CCN(C(=O)CO)CC3)ccn2)s1,CHEMBL222852,Vdss,L.kg-1,0.47,Vdss,L/Kg,0.47,volume_distribution,VDss,(L/kg|L),ChEMBL
A,CNC(=O)N1CCN(Cc2ccnc(Nc3ncc(C#N)s3)c2)CC1,CHEMBL375248,Vdss,L.kg-1,0.72,Vdss,L/Kg,0.72,volume_distribution,VDss,(L/kg|L),ChEMBL
A,N#Cc1cnc(Nc2cc(CN3CCNCC3)ccn2)s1,CHEMBL222225,Vdss,L.kg-1,21.9,Vdss,L/Kg,21.9,volume_distribution,VDss,(L/kg|L),ChEMBL
A,CNC(=O)N1CCN(Cc2ccnc(Nc3ncc(C#N)s3)c2C)CC1,CHEMBL376722,Vdss,L.kg-1,0.6,Vdss,L/Kg,0.6,volume_distribution,VDss,(L/kg|L),ChEMBL
A,CNC(=O)N1CCN(Cc2ccnc(Nc3ncc(C#N)s3)c2C)CC1,CHEMBL376722,Vdss,L.kg-1,1.3,Vdss,L/Kg,1.3,volume_distribution,VDss,(L/kg|L),ChEMBL
A,CNC(=O)N1CCN(Cc2ccnc(Nc3ncc(C#N)s3)c2)CC1,CHEMBL375248,Vdss,L.kg-1,1.5,Vdss,L/Kg,1.5,volume_distribution,VDss,(L/kg|L),ChEMBL
A,CNC(=O)N1CCN(Cc2ccnc(Nc3ncc(C#N)s3)c2)CC1,CHEMBL375248,Vdss,L.kg-1,1.3,Vdss,L/Kg,1.3,volume_distribution,VDss,(L/kg|L),ChEMBL
A,Cc1nc(Nc2ncc(C(=O)Nc3c(C)cccc3Cl)s2)cc(N2CCN(CCO)CC2)n1.O,CHEMBL5416410,Vdss,L.kg-1,6.3,Vss,L/Kg,6.3,volume_distribution,VDss,(L/kg|L),ChEMBL
A,O=C(O)C1CN(Cc2ccc(-c3noc(-c4cc(-c5ccccc5)c(C(F)(F)F)s4)n3)cc2)C1,CHEMBL225575,Vdss,L.kg-1,1.9,Vdss,L/Kg,1.9,volume_distribution,VDss,(L/kg|L),ChEMBL
A,Cc1cc(CN2CC(C(=O)O)C2)ccc1OCc1cc(-c2ccccc2)c(C(F)(F)F)s1,CHEMBL224005,Vdss,L.kg-1,5.7,Vdss,L/Kg,5.7,volume_distribution,VDss,(L/kg|L),ChEMBL
A,O=C(O)C1CN(Cc2ccc(OCc3cc(-c4ccccc4)c(C(F)(F)F)s3)c(Cl)c2)C1,CHEMBL224571,Vdss,L.kg-1,3.8,Vdss,L/Kg,3.8,volume_distribution,VDss,(L/kg|L),ChEMBL
A,O=C(O)C1CN(Cc2ccc(OCc3cc(-c4ccccc4)c(C(F)(F)F)s3)cc2)C1,CHEMBL425563,Vdss,L.kg-1,10.0,Vdss,L/Kg,10.0,volume_distribution,VDss,(L/kg|L),ChEMBL
A,O=C(O)C1CN(Cc2ccc(OCc3cc(-c4ccccc4)c(C(F)(F)F)s3)cc2)C1,CHEMBL425563,Vdss,L.kg-1,1.6,Vdss,L/Kg,1.6,volume_distribution,VDss,(L/kg|L),ChEMBL
A,Cc1cc(CN2CC(C(=O)O)C2)ccc1OCc1cc(-c2ccccc2)c(C(F)(F)F)s1,CHEMBL224005,Vdss,L.kg-1,0.9,Vdss,L/Kg,0.9,volume_distribution,VDss,(L/kg|L),ChEMBL
A,O=C(O)C1CN(Cc2ccc(OCc3cc(-c4ccccc4)c(C(F)(F)F)s3)cc2)C1,CHEMBL425563,Vdss,L.kg-1,1.4,Vdss,L/Kg,1.4,volume_distribution,VDss,(L/kg|L),ChEMBL
A,Cc1cc(CN2CC(C(=O)O)C2)ccc1OCc1cc(-c2ccccc2)c(C(F)(F)F)s1,CHEMBL224005,Vdss,L.kg-1,1.2,Vdss,L/Kg,1.2,volume_distribution,VDss,(L/kg|L),ChEMBL
A,NCCC(=O)N[C@H](Cc1ccc(Cl)cc1Cl)C(=O)N1CCN(c2ccccc2CNCCc2cccs2)CC1,CHEMBL365597,Vdss,L.kg-1,9.5,Vdss,L/Kg,9.5,volume_distribution,VDss,(L/kg|L),ChEMBL
A,COc1ccc2c(c1OC)C(=O)O[C@@H]2[C@H]1c2c(cc3c(c2OC)OCO3)CCN1C,CHEMBL364713,Vdss,L.kg-1,15.53,Vdss,L/Kg,15.53,volume_distribution,VDss,(L/kg|L),ChEMBL
A,COc1ccc2c(c1O)C(=O)O[C@@H]2[C@H]1c2c(cc3c(c2OC)OCO3)CCN1C,CHEMBL224797,Vdss,L.kg-1,28.12,Vdss,L/Kg,28.12,volume_distribution,VDss,(L/kg|L),ChEMBL
A,COc1ccc2c(c1N)C(=O)O[C@@H]2[C@H]1c2c(cc3c(c2OC)OCO3)CCN1C,CHEMBL376130,Vdss,L.kg-1,8.47,Vdss,L/Kg,8.47,volume_distribution,VDss,(L/kg|L),ChEMBL
A,Nc1nc(=O)[nH]cc1F,CHEMBL1463,Vdss,L.kg-1,1.41,Vdss,L/Kg,1.41,volume_distribution,VDss,(L/kg|L),ChEMBL
A,Nc1nc(=O)[nH]cc1F,CHEMBL1463,Vdss,L.kg-1,0.94,Vdss,L/Kg,0.94,volume_distribution,VDss,(L/kg|L),ChEMBL
A,CCC[C@H](CC1(C(=O)Nc2nnc(CC)s2)CCCC1)C(=O)O,CHEMBL378763,Vdss,L.kg-1,0.44,Vdss,L/Kg,0.44,volume_distribution,VDss,(L/kg|L),ChEMBL
A,COCC[C@H](CC1(C(=O)NCCCc2ccc(F)cc2)CCCC1)C(=O)O,CHEMBL224670,Vdss,L.kg-1,2.7,Vdss,L/Kg,2.7,volume_distribution,VDss,(L/kg|L),ChEMBL
A,COCC[C@H](CC1(C(=O)NCCCc2ccc(Cl)cc2)CCCC1)C(=O)O,CHEMBL225085,Vdss,L.kg-1,0.6,Vdss,L/Kg,0.6,volume_distribution,VDss,(L/kg|L),ChEMBL
A,COCC[C@H](CC1(C(=O)NC2(CO)Cc3ccccc3C2)CCCC1)C(=O)O,CHEMBL225084,Vdss,L.kg-1,7.5,Vdss,L/Kg,7.5,volume_distribution,VDss,(L/kg|L),ChEMBL
A,Cc1cccc(C)c1Nc1ncc(-c2ccc(OCC3CCCN(C)C3)cc2)n2cncc12.Cl,CHEMBL534948,Vdss,L.kg-1,7.64,Vss,L/Kg,7.64,volume_distribution,VDss,(L/kg|L),ChEMBL
A,[3H]C([3H])([3H])O/N=C1/C=C(C#Cc2cccc(C)n2)CCC1,CHEMBL228196,Vdss,L.kg-1,11.0,Vss,L/Kg,11.0,volume_distribution,VDss,(L/kg|L),ChEMBL
A,O=C(C[C@@H](NS(=O)(=O)c1ccc2ccccc2c1)c1ccccc1)N[C@@H]1CCOc2cc(CN3CCCCC3)ccc21,CHEMBL415848,Vdss,L.kg-1,7.427,Vss,ml/kg,7427.0,volume_distribution,VDss,(L/kg|L),ChEMBL
A,O=C(C[C@@H](NS(=O)(=O)c1cccc(C(F)(F)F)c1)c1ccc(F)cc1)N[C@@H]1CCOc2cc(CN3CCCCC3)ccc21,CHEMBL227713,Vdss,L.kg-1,4.636,Vss,ml/kg,4636.0,volume_distribution,VDss,(L/kg|L),ChEMBL
A,O=C(C[C@@H](NS(=O)(=O)c1cccc(C(F)(F)F)c1)c1ccc(F)cc1)N[C@@H]1CCOc2cc(CN3CCCC3)ccc21,CHEMBL227600,Vdss,L.kg-1,13.67,Vss,ml/kg,13669.0,volume_distribution,VDss,(L/kg|L),ChEMBL
A,COCCNCc1ccc2c(c1)OCC[C@H]2NC(=O)C[C@@H](NS(=O)(=O)c1cccc(C(F)(F)F)c1)c1ccc(F)cc1,CHEMBL227870,Vdss,L.kg-1,8.085,Vss,ml/kg,8085.0,volume_distribution,VDss,(L/kg|L),ChEMBL
A,N#Cc1ccccc1Cn1c(N2CCC[C@@H](N)C2)nc2ccc(F)cc2c1=O.O=C(O)C(F)(F)F,CHEMBL390578,Vdss,L.kg-1,2.865,Vdss,ml/kg,2865.0,volume_distribution,VDss,(L/kg|L),ChEMBL
A,Cl.Cn1c(=O)cc(N2CCC[C@@H](N)C2)n(Cc2ccccc2C#N)c1=O,CHEMBL458537,Vdss,L.kg-1,3.508,Vdss,ml/kg,3508.0,volume_distribution,VDss,(L/kg|L),ChEMBL
A,Cn1c(=O)cc(N2CCC[C@@H](N)C2)n(Cc2ccccc2C#N)c1=O.O=C(O)c1ccccc1,CHEMBL227529,Vdss,L.kg-1,2.602,Vdss,ml/kg,2602.0,volume_distribution,VDss,(L/kg|L),ChEMBL
A,COc1cc(CC(=O)N2C[C@@H](F)C[C@H]2COc2ccc(C(=O)O)cc2)ccc1NC(=O)Nc1ccccc1Br,CHEMBL274350,Vdss,L.kg-1,1.25,Vdss,L/Kg,1.25,volume_distribution,VDss,(L/kg|L),ChEMBL
A,COc1cc(CC(=O)N2C[C@@H](F)C[C@H]2COc2ccc(C(=O)O)cc2)ccc1NC(=O)Nc1ccccc1Br,CHEMBL274350,Vdss,L.kg-1,0.98,Vdss,L/Kg,0.98,volume_distribution,VDss,(L/kg|L),ChEMBL
A,Cc1cc(CC(=O)N2C[C@@H](F)C[C@H]2COc2ccc(C(=O)O)cc2)ccc1NC(=O)Nc1ccccc1Br,CHEMBL228628,Vdss,L.kg-1,0.67,Vdss,L/Kg,0.67,volume_distribution,VDss,(L/kg|L),ChEMBL
A,Cc1cc(CC(=O)N2C[C@@H](F)C[C@H]2COc2ccc(C(=O)O)cc2)ccc1NC(=O)Nc1ccccc1Br,CHEMBL228628,Vdss,L.kg-1,0.29,Vdss,L/Kg,0.29,volume_distribution,VDss,(L/kg|L),ChEMBL
A,Cc1ccccc1NC(=O)Nc1ccc(CC(=O)N2C[C@@H](F)C[C@H]2COc2ccc(C(=O)O)cc2)cc1Cl,CHEMBL425647,Vdss,L.kg-1,0.33,Vdss,L/Kg,0.33,volume_distribution,VDss,(L/kg|L),ChEMBL
A,Cc1ccccc1NC(=O)Nc1ccc(CC(=O)N2C[C@@H](F)C[C@H]2COc2ccc(C(=O)O)cc2)cc1Cl,CHEMBL425647,Vdss,L.kg-1,0.24,Vdss,L/Kg,0.24,volume_distribution,VDss,(L/kg|L),ChEMBL
A,Cc1ccccc1NC(=O)Nc1ccc(CC(=O)N2C[C@@H](F)C[C@H]2COc2ccc(C(=O)O)cc2)cc1Cl,CHEMBL425647,Vdss,L.kg-1,0.14,Vdss,L/Kg,0.14,volume_distribution,VDss,(L/kg|L),ChEMBL
A,O=C(O)CC1CC1c1ccc(OCCc2ccc3c(n2)NCCC3)cc1,CHEMBL226045,Vdss,L.kg-1,0.221,Vdss,ml/kg,221.0,volume_distribution,VDss,(L/kg|L),ChEMBL
A,O=C(O)CC1C(c2ccc(OCCc3ccc4c(n3)NCCC4)cc2)C1(Cl)Cl,CHEMBL225743,Vdss,L.kg-1,0.493,Vdss,ml/kg,493.0,volume_distribution,VDss,(L/kg|L),ChEMBL
A,CC1(C)C(CC(=O)O)C1c1ccc(OCCc2ccc3c(n2)NCCC3)cc1,CHEMBL225897,Vdss,L.kg-1,0.276,Vdss,ml/kg,276.0,volume_distribution,VDss,(L/kg|L),ChEMBL
A,CC1(C)C(CC(=O)O)C1c1ccc(OCCc2ccc3c(n2)NCCC3)cc1,CHEMBL225897,Vdss,L.kg-1,0.419,Vdss,ml/kg,419.0,volume_distribution,VDss,(L/kg|L),ChEMBL
A,O=C(O)CC1CC1c1ccc(OCCc2ccc3c(n2)NCCC3)c(F)c1,CHEMBL226050,Vdss,L.kg-1,0.864,Vdss,ml/kg,864.0,volume_distribution,VDss,(L/kg|L),ChEMBL
A,O=C(O)CC1CC1c1ccc(OCCc2ccc3c(n2)NCCC3)cc1,CHEMBL226045,Vdss,L.kg-1,0.915,Vdss,ml/kg,915.0,volume_distribution,VDss,(L/kg|L),ChEMBL
A,Cc1cccc2c(-c3cccc(NCc4ccc(CC(=O)O)cc4)c3)c(Cc3ccccc3)cnc12,CHEMBL225828,Vdss,L.kg-1,1.2,Vss,L/Kg,1.2,volume_distribution,VDss,(L/kg|L),ChEMBL
A,O=C(O)Cc1ccc(CNc2cccc(-c3c(Cc4ccccc4)cnc4c(Cl)cccc34)c2)cc1,CHEMBL225936,Vdss,L.kg-1,1.8,Vss,L/Kg,1.8,volume_distribution,VDss,(L/kg|L),ChEMBL
A,C[C@H]1CN([C@@H]2CC[C@](C)(C(=O)NCc3cc(C(F)(F)F)cc(C(F)(F)F)c3)C2)CC[C@@]12C=Cc1ccccc12,CHEMBL226066,Vdss,L.kg-1,6.0,Vss,L/Kg,6.0,volume_distribution,VDss,(L/kg|L),ChEMBL
A,c1cncc(Nc2ncc(-c3ccncn3)c(-c3ccco3)n2)c1,CHEMBL375293,Vdss,L.kg-1,0.5,Vdss,L/Kg,0.5,volume_distribution,VDss,(L/kg|L),ChEMBL
A,c1cncc(Nc2ncc(-c3ccncn3)c(-c3ccco3)n2)c1,CHEMBL375293,Vdss,L.kg-1,1.1,Vdss,L/Kg,1.1,volume_distribution,VDss,(L/kg|L),ChEMBL
A,O=C1CCN([C@@H]2CCCC[C@H]2OCCc2cccc3ccccc23)C1,CHEMBL229125,Vdss,L.kg-1,4.5,Vdss,L/Kg,4.5,volume_distribution,VDss,(L/kg|L),ChEMBL
A,Clc1ccc(CCO[C@@H]2CCCC[C@H]2N2CCOCC2)cc1Cl,CHEMBL387935,Vdss,L.kg-1,19.0,Vdss,L/Kg,19.0,volume_distribution,VDss,(L/kg|L),ChEMBL
A,c1ccc2c(CCO[C@@H]3CCCC[C@H]3N3CCOCC3)cccc2c1,CHEMBL387671,Vdss,L.kg-1,29.0,Vdss,L/Kg,29.0,volume_distribution,VDss,(L/kg|L),ChEMBL
A,O=C1CCN([C@H]2CCCC[C@@H]2OCCc2cccc3ccccc23)C1,CHEMBL375475,Vdss,L.kg-1,2.6,Vdss,L/Kg,2.6,volume_distribution,VDss,(L/kg|L),ChEMBL
A,O=C1CCN([C@@H]2CCCC[C@H]2OCCc2cccc3ccccc23)C1,CHEMBL229125,Vdss,L.kg-1,8.3,Vdss,L/Kg,8.3,volume_distribution,VDss,(L/kg|L),ChEMBL
A,CSc1c2sc(C3=C(C(=O)[O-])N4C(=O)[C@H]([C@@H](C)O)[C@H]4[C@H]3C)cn2c[n+]1C[C@H](O)CN,CHEMBL389877,Vdss,L.kg-1,0.34,Vss,L/Kg,0.34,volume_distribution,VDss,(L/kg|L),ChEMBL
A,CC(=O)Nc1nc(C(CCN2CCC(c3ccccc3)CC2)C(=O)NCc2cc(C(F)(F)F)cc(C(F)(F)F)c2)cs1,CHEMBL389888,Vdss,L.kg-1,5.3,Vdss,L/Kg,5.3,volume_distribution,VDss,(L/kg|L),ChEMBL
A,CC(=O)Nc1nc(C(CCN2CCC(c3ccccc3)CC2)C(=O)NCc2cc(C(F)(F)F)cc(C(F)(F)F)c2)cs1,CHEMBL389888,Vdss,L.kg-1,4.0,Vdss,L/Kg,4.0,volume_distribution,VDss,(L/kg|L),ChEMBL
A,Cc1cccc(C)c1-c1cc(C)c2nc(Nc3ccc(OCCN4CCCC4)cc3)nnc2c1,CHEMBL436137,Vdss,L.kg-1,11.4,Vdss,L/Kg,11.4,volume_distribution,VDss,(L/kg|L),ChEMBL
A,Cc1cccc(C)c1-c1cc(C)c2nc(Nc3ccc(OCCN4CCCC4)cc3)nnc2c1,CHEMBL436137,Vdss,L.kg-1,7.2,Vdss,L/Kg,7.2,volume_distribution,VDss,(L/kg|L),ChEMBL
A,Cc1cccc(C)c1-c1cc(C)c2nc(Nc3ccc(OCCN4CCCC4)cc3)nnc2c1,CHEMBL436137,Vdss,L.kg-1,8.6,Vdss,L/Kg,8.6,volume_distribution,VDss,(L/kg|L),ChEMBL
A,Cc1cc(-c2c(Cl)cccc2Cl)cc2nnc(Nc3ccc(OCCN4CCCC4)cc3)nc12,CHEMBL230686,Vdss,L.kg-1,16.1,Vdss,L/Kg,16.1,volume_distribution,VDss,(L/kg|L),ChEMBL
A,Cc1cc(-c2c(Cl)cccc2Cl)cc2nnc(Nc3ccc(OCCN4CCCC4)cc3)nc12,CHEMBL230686,Vdss,L.kg-1,9.4,Vdss,L/Kg,9.4,volume_distribution,VDss,(L/kg|L),ChEMBL
A,Cc1cc(-c2c(Cl)cccc2Cl)cc2nnc(Nc3ccc(OCCN4CCCC4)cc3)nc12,CHEMBL230686,Vdss,L.kg-1,18.7,Vdss,L/Kg,18.7,volume_distribution,VDss,(L/kg|L),ChEMBL
A,CCCO/N=C(\C)C(Cc1ccc(OCc2nc(-c3ccccc3)oc2C)cc1)C(=O)O,CHEMBL389298,Vdss,L.kg-1,0.329,Vdss,ml/kg,329.0,volume_distribution,VDss,(L/kg|L),ChEMBL
A,Cc1ccc(-c2cc(Br)ccc2OCc2ccc(F)cc2)n1-c1cccc(C(=O)O)c1,CHEMBL208791,Vdss,L.kg-1,0.7,Vss,L/Kg,0.7,volume_distribution,VDss,(L/kg|L),ChEMBL
A,Cc1ccc(-n2c(C)ccc2-c2cc(Cl)ccc2OCc2ccc(F)cc2)cc1C(=O)O,CHEMBL231184,Vdss,L.kg-1,2.6,Vss,L/Kg,2.6,volume_distribution,VDss,(L/kg|L),ChEMBL
A,C[C@H](NS(=O)(=O)c1cccc(-c2ccccc2)c1)[C@@H](Cc1ccc(Cl)cc1)c1cccc(C#N)c1,CHEMBL230717,Vdss,L.kg-1,6.9,Vdss,L/Kg,6.9,volume_distribution,VDss,(L/kg|L),ChEMBL
A,COc1c(N2CC[C@@H]([C@H](C)NCCC#N)C2)c(F)cc2c(=O)c(C(=O)O)cn(C3CC3)c12,CHEMBL390003,Vdss,L.kg-1,2.5,Vdss,L/Kg,2.5,volume_distribution,VDss,(L/kg|L),ChEMBL
A,CCC1(CNCCC#N)CN(c2c(F)cc3c(=O)c(C(=O)O)cn(C4CC4)c3c2C)C1,CHEMBL388489,Vdss,L.kg-1,1.0,Vdss,L/Kg,1.0,volume_distribution,VDss,(L/kg|L),ChEMBL
A,Cc1c(N2CC(C)(CN)C2)c(F)cc2c(=O)c(C(=O)O)cn(C3CC3)c12,CHEMBL230916,Vdss,L.kg-1,2.5,Vdss,L/Kg,2.5,volume_distribution,VDss,(L/kg|L),ChEMBL
A,COc1c(N2CC[C@@H]([C@@H](N)CC#N)C2)ccc2c(=O)c(C(=O)O)cn(C3CC3)c12,CHEMBL230811,Vdss,L.kg-1,0.5,Vdss,L/Kg,0.5,volume_distribution,VDss,(L/kg|L),ChEMBL
A,CN[C@@H](CC#N)[C@@H]1CCN(c2c(F)cc3c(=O)c(C(=O)O)cn(C4CC4)c3c2OC)C1,CHEMBL230600,Vdss,L.kg-1,1.8,Vdss,L/Kg,1.8,volume_distribution,VDss,(L/kg|L),ChEMBL
A,CCc1ccc(NS(=O)(=O)c2ccccn2)c(C(=O)O)c1C,CHEMBL230494,Vdss,L.kg-1,5.5,Vdss,L/Kg,5.5,volume_distribution,VDss,(L/kg|L),ChEMBL
A,CCc1ccc(NS(=O)(=O)c2ccccc2NCCCCN(C)C)c(C(=O)O)c1OC,CHEMBL230407,Vdss,L.kg-1,0.8,Vdss,L/Kg,0.8,volume_distribution,VDss,(L/kg|L),ChEMBL
A,CCc1ccc(NS(=O)(=O)c2ccccc2NCCC2CCCN2C)c(C(=O)O)c1OC,CHEMBL388898,Vdss,L.kg-1,2.0,Vdss,L/Kg,2.0,volume_distribution,VDss,(L/kg|L),ChEMBL
A,CCc1ccc(NS(=O)(=O)c2ccc(F)cc2/C=C\CN(CC)CC)c(C(=O)O)c1OC,CHEMBL230728,Vdss,L.kg-1,13.8,Vdss,L/Kg,13.8,volume_distribution,VDss,(L/kg|L),ChEMBL
A,CCc1ccc(NS(=O)(=O)c2ccc(F)cc2)c(C(=O)O)c1OCCN,CHEMBL230492,Vdss,L.kg-1,1.1,Vdss,L/Kg,1.1,volume_distribution,VDss,(L/kg|L),ChEMBL
A,Cc1cccc(N2C(=O)N(c3ccccc3)C3(CCN(Cc4ccc(-c5cccc(C#N)c5)cc4)CC3)C2=O)c1,CHEMBL396008,Vdss,L.kg-1,30.0,Vdss,L/Kg,30.0,volume_distribution,VDss,(L/kg|L),ChEMBL
A,N#Cc1cccc(-c2ccc(CN3CCC4(CC3)C(=O)NC(=O)N4c3ccccc3)cc2)c1,CHEMBL230626,Vdss,L.kg-1,3.3,Vdss,L/Kg,3.3,volume_distribution,VDss,(L/kg|L),ChEMBL
A,Cc1cc(Nc2ncnc3cnc(N4CCOCC4)cc23)ccc1OC1CCN(C(=O)C2CCCC2)CC1,CHEMBL228276,Vdss,L.kg-1,0.2,Vdss,L/Kg,0.2,volume_distribution,VDss,(L/kg|L),ChEMBL
A,CC(C)[C@]1(C(=O)NCc2cc(F)cc(C(F)(F)F)c2)CC[C@@H](N2CC[C@]3(C=Cc4ccccc43)[C@@H](C)C2)C1,CHEMBL230933,Vdss,L.kg-1,2.99,Vdss,L/Kg,2.99,volume_distribution,VDss,(L/kg|L),ChEMBL
A,CCc1nc(N)nc(N)c1-c1ccc2c(c1)N(CCCOC)CCC2,CHEMBL230260,Vdss,L.kg-1,1.6,Vdss,L/Kg,1.6,volume_distribution,VDss,(L/kg|L),ChEMBL
A,OCc1cc(C(O)CNCCCCCCOCCCCc2ccccc2)ccc1O,CHEMBL1263,Vdss,L.kg-1,16.6,Vdss,L/Kg,16.6,volume_distribution,VDss,(L/kg|L),ChEMBL
A,C[C@H](Cc1cccc(CC(=O)NCc2ccc(Cl)c(Cl)c2)c1)NC[C@H](O)c1ccc(O)c(CO)c1,CHEMBL230490,Vdss,L.kg-1,16.6,Vdss,L/Kg,16.6,volume_distribution,VDss,(L/kg|L),ChEMBL
A,CNC(=O)c1ccc(N2CCC(Oc3ccccc3Cl)CC2)nn1,CHEMBL375265,Vdss,L.kg-1,0.6,Vss,L/Kg,0.6,volume_distribution,VDss,(L/kg|L),ChEMBL
A,CNC(=O)c1ccc(N2CCC(Oc3ccccc3Cl)CC2)nn1,CHEMBL375265,Vdss,L.kg-1,0.7,Vdss,L/Kg,0.7,volume_distribution,VDss,(L/kg|L),ChEMBL
A,Fc1ccc(Cl)c(OC2CCN(c3ccc(-n4ccnc4)nn3)CC2)c1,CHEMBL375515,Vdss,L.kg-1,1.3,Vss,L/Kg,1.3,volume_distribution,VDss,(L/kg|L),ChEMBL
A,Cc1nccn1-c1ccc(N2CCC(Oc3ccccc3Cl)CC2)nn1,CHEMBL226702,Vdss,L.kg-1,2.3,Vss,L/Kg,2.3,volume_distribution,VDss,(L/kg|L),ChEMBL
A,Cc1nnc(-c2ccc(N3CCC(Oc4cc(F)ccc4Cl)CC3)nn2)o1,CHEMBL226646,Vdss,L.kg-1,0.71,Vss,L/Kg,0.71,volume_distribution,VDss,(L/kg|L),ChEMBL
A,Fc1ccccc1OC1CCN(c2ccc(-c3nc(Cc4ccccc4)no3)nn2)CC1,CHEMBL388735,Vdss,L.kg-1,2.9,Vss,L/Kg,2.9,volume_distribution,VDss,(L/kg|L),ChEMBL
A,NC(=O)c1ccc(N2CCC(Oc3ccccc3Cl)CC2)nn1,CHEMBL227257,Vdss,L.kg-1,1.3,Vss,L/Kg,1.3,volume_distribution,VDss,(L/kg|L),ChEMBL
A,Fc1ccc(Cl)c(OC2CCN(c3ccc(-n4ccnc4)nn3)CC2)c1,CHEMBL375515,Vdss,L.kg-1,1.4,Vdss,L/Kg,1.4,volume_distribution,VDss,(L/kg|L),ChEMBL
A,Cc1nccn1-c1ccc(N2CCC(Oc3ccccc3Cl)CC2)nn1,CHEMBL226702,Vdss,L.kg-1,2.4,Vdss,L/Kg,2.4,volume_distribution,VDss,(L/kg|L),ChEMBL
A,Cc1nnc(-c2ccc(N3CCC(Oc4cc(F)ccc4Cl)CC3)nn2)o1,CHEMBL226646,Vdss,L.kg-1,0.71,Vdss,L/Kg,0.71,volume_distribution,VDss,(L/kg|L),ChEMBL
A,Fc1ccccc1OC1CCN(c2ccc(-c3nc(Cc4ccccc4)no3)nn2)CC1,CHEMBL388735,Vdss,L.kg-1,8.6,Vdss,L/Kg,8.6,volume_distribution,VDss,(L/kg|L),ChEMBL
A,NC(=O)c1ccc(N2CCC(Oc3ccccc3Cl)CC2)nn1,CHEMBL227257,Vdss,L.kg-1,1.3,Vdss,L/Kg,1.3,volume_distribution,VDss,(L/kg|L),ChEMBL
A,CNCc1csc(C(=O)Nc2c(OC)cc(Cl)cc2C(=O)Nc2ccc(Cl)cn2)c1Cl,CHEMBL227222,Vdss,L.kg-1,1.4,Vss,L/Kg,1.4,volume_distribution,VDss,(L/kg|L),ChEMBL
A,CNc1nccn1Cc1csc(C(=O)Nc2c(OC)cc(Cl)cc2C(=O)Nc2ccc(Cl)cn2)c1Cl,CHEMBL427421,Vdss,L.kg-1,1.0,Vss,L/Kg,1.0,volume_distribution,VDss,(L/kg|L),ChEMBL
A,COc1cc(Cl)cc(C(=O)Nc2ccc(Cl)cn2)c1NC(=O)c1scc(CN(C)C2=NCCO2)c1Cl,CHEMBL173994,Vdss,L.kg-1,1.6,Vss,L/Kg,1.6,volume_distribution,VDss,(L/kg|L),ChEMBL
A,COc1cc(Cl)cc(C(=O)Nc2ccc(Cl)cn2)c1NC(=O)c1scc(CN(C)CCO)c1Cl,CHEMBL227197,Vdss,L.kg-1,4.4,Vss,L/Kg,4.4,volume_distribution,VDss,(L/kg|L),ChEMBL
A,O=C(CN1N=C(C2CCCCC2)c2ccccc2N(CC(=O)C2CCCC2)C1=O)Nc1cccc(-c2noc(=O)[nH]2)c1,CHEMBL227276,Vdss,L.kg-1,0.13,Vdss,L/Kg,0.13,volume_distribution,VDss,(L/kg|L),ChEMBL
A,C/C(=C1/C(=O)Nc2ccc(NC(N)=O)cc21)c1ccc[nH]1,CHEMBL228654,Vdss,L.kg-1,0.9,Vss,L/Kg,0.9,volume_distribution,VDss,(L/kg|L),ChEMBL
A,C/C(=C1/C(=O)Nc2ccc(NC(N)=O)cc21)c1cc(CNC(=O)C2CCNCC2)c[nH]1,CHEMBL228757,Vdss,L.kg-1,0.8,Vss,L/Kg,0.8,volume_distribution,VDss,(L/kg|L),ChEMBL
A,C/C(=C1/C(=O)Nc2ccc(NC(N)=O)cc21)c1cc(CNC(=O)c2cccnc2)c[nH]1,CHEMBL388739,Vdss,L.kg-1,0.8,Vss,L/Kg,0.8,volume_distribution,VDss,(L/kg|L),ChEMBL
A,CN(C)CCNC(=O)c1cccc(-c2c[nH]c(/C=C3\C(=O)Nc4ccc(NC(N)=O)cc43)c2)c1,CHEMBL228804,Vdss,L.kg-1,3.6,Vss,L/Kg,3.6,volume_distribution,VDss,(L/kg|L),ChEMBL
A,NC(=O)Nc1ccc2c(c1)/C(=C/c1cc(-c3cccnc3)c[nH]1)C(=O)N2,CHEMBL375236,Vdss,L.kg-1,3.8,Vss,L/Kg,3.8,volume_distribution,VDss,(L/kg|L),ChEMBL
A,CC(C)S(=O)(=O)N(C)c1cc(C(=O)N[C@@H](Cc2ccccc2)[C@@H](N)CF)cc(NC[C@H]2C[C@@H]2C)n1,CHEMBL230245,Vdss,L.kg-1,3.9,Vdss,L/Kg,3.9,volume_distribution,VDss,(L/kg|L),ChEMBL
A,CC(C)S(=O)(=O)N(C)c1cc(C(=O)N[C@@H](Cc2cc(F)cc(F)c2)[C@@H](N)CF)cc(N(C)C[C@H]2C[C@@H]2C)n1,CHEMBL230355,Vdss,L.kg-1,4.2,Vdss,L/Kg,4.2,volume_distribution,VDss,(L/kg|L),ChEMBL
A,COC[C@H](N)[C@H](Cc1cc(F)cc(F)c1)NC(=O)c1cc(N(C)C[C@H]2C[C@@H]2C)nc(N(C)S(C)(=O)=O)c1,CHEMBL425828,Vdss,L.kg-1,5.3,Vdss,L/Kg,5.3,volume_distribution,VDss,(L/kg|L),ChEMBL
A,CC(C)(C)c1ccc(-c2cc(Nc3ccc4cccnc4c3)ncn2)cc1,CHEMBL226672,Vdss,L.kg-1,3.1,Vss,L/Kg,3.1,volume_distribution,VDss,(L/kg|L),ChEMBL
A,CC(C)(C)c1ccc(/C=C/C(=O)Nc2ccc3c(c2)OCCO3)cc1,CHEMBL195789,Vdss,L.kg-1,2.1,Vss,L/Kg,2.1,volume_distribution,VDss,(L/kg|L),ChEMBL
A,FC(F)(F)c1ccc(-c2cc(Oc3ccc4cccnc4c3)ncn2)cc1,CHEMBL226724,Vdss,L.kg-1,3.0,Vss,L/Kg,3.0,volume_distribution,VDss,(L/kg|L),ChEMBL
A,FC(F)(F)c1ccc(-c2cc(Nc3ccc4cccnc4c3)ncn2)cc1,CHEMBL226723,Vdss,L.kg-1,3.0,Vss,L/Kg,3.0,volume_distribution,VDss,(L/kg|L),ChEMBL
A,CC(=O)Nc1nc2c(Oc3cc(-c4ccc(C(F)(F)F)cc4)ncn3)cccc2s1,CHEMBL229430,Vdss,L.kg-1,1.556,Vss,ml/kg,1556.0,volume_distribution,VDss,(L/kg|L),ChEMBL
A,Nc1nc2c(Oc3cc(-c4ccc(C(F)(F)F)cc4)ncn3)cccc2[nH]c1=O,CHEMBL375681,Vdss,L.kg-1,1.688,Vss,ml/kg,1688.0,volume_distribution,VDss,(L/kg|L),ChEMBL
A,CC(=O)Nc1nc2c(Oc3cc(-c4ccc(C(F)(F)F)cc4)ncn3)cccc2s1,CHEMBL229430,Vdss,L.kg-1,4.0,Vss,ml/kg,4000.0,volume_distribution,VDss,(L/kg|L),ChEMBL
A,CC(=O)Nc1nc2c(Oc3cc(-c4ccc(C(F)(F)F)cc4)ncn3)cccc2s1,CHEMBL229430,Vdss,L.kg-1,7.0,Vss,ml/kg,7000.0,volume_distribution,VDss,(L/kg|L),ChEMBL
A,CC(=O)Nc1nc2c(Oc3cc(-c4ccc(C(F)(F)F)cc4)ncn3)cccc2s1,CHEMBL229430,Vdss,L.kg-1,2.3,Vss,ml/kg,2300.0,volume_distribution,VDss,(L/kg|L),ChEMBL
A,CC(=O)Nc1nc2c(Oc3cc(-c4ccc(C(F)(F)F)cc4)ncn3)cccc2s1,CHEMBL229430,Vdss,L.kg-1,1.6,Vss,L/Kg,1.6,volume_distribution,VDss,(L/kg|L),ChEMBL
A,CC(=O)Nc1nc2c(Oc3cc(N4CCN([C@@H](C)c5ccc(F)cc5)CC4)ncn3)cccc2s1,CHEMBL390934,Vdss,L.kg-1,5.7,Vss,L/Kg,5.7,volume_distribution,VDss,(L/kg|L),ChEMBL
A,CC(=O)Nc1nc2c(Oc3cc(N4CCN([C@H](C)c5ccc(F)cc5)CC4)ncn3)cccc2s1,CHEMBL226574,Vdss,L.kg-1,2.8,Vss,L/Kg,2.8,volume_distribution,VDss,(L/kg|L),ChEMBL
A,CC(=O)Nc1nc2c(Oc3cc(N4CCN(C(C)c5ccc(C(F)(F)F)cc5)CC4)ncn3)cccc2s1,CHEMBL226572,Vdss,L.kg-1,4.5,Vss,L/Kg,4.5,volume_distribution,VDss,(L/kg|L),ChEMBL
A,CC(=O)Nc1nc2c(Oc3cc(N4CCN(C(C)c5ccc(F)cc5)CC4)ncn3)cccc2s1,CHEMBL387512,Vdss,L.kg-1,2.9,Vss,L/Kg,2.9,volume_distribution,VDss,(L/kg|L),ChEMBL
A,CC(=O)Nc1nc2c(Oc3cc(N4CCN([C@H](C)c5ccc(F)cc5)CC4)ncn3)cccc2s1,CHEMBL226574,Vdss,L.kg-1,4.0,Vss,ml/kg,4000.0,volume_distribution,VDss,(L/kg|L),ChEMBL
A,CC(=O)Nc1nc2c(Oc3cc(N4CCN([C@H](C)c5ccc(F)cc5)CC4)ncn3)cccc2s1,CHEMBL226574,Vdss,L.kg-1,0.9,Vss,ml/kg,900.0,volume_distribution,VDss,(L/kg|L),ChEMBL
A,CC(=O)Nc1nc2c(Oc3cc(N4CCN([C@H](C)c5ccc(F)cc5)CC4)ncn3)cccc2s1,CHEMBL226574,Vdss,L.kg-1,2.6,Vss,ml/kg,2600.0,volume_distribution,VDss,(L/kg|L),ChEMBL
A,CCN1CCN(c2ccc(C(C)(C)NC(=O)c3cc4[nH]c5ccccc5c(=O)c4cc3F)cn2)CC1,CHEMBL229008,Vdss,L.kg-1,7.4,Vdss,L/Kg,7.4,volume_distribution,VDss,(L/kg|L),ChEMBL
A,CCN1CCN(c2ccc(C(C)(C)NC(=O)c3cc4[nH]c5ccccc5c(=O)c4cc3F)cn2)CC1,CHEMBL229008,Vdss,L.kg-1,1.1,Vdss,L/Kg,1.1,volume_distribution,VDss,(L/kg|L),ChEMBL
A,CN[C@H](CC(C)C)C(=O)N[C@H]1C(=O)N[C@@H](CC(N)=O)C(=O)N[C@H]2C(=O)N[C@H]3C(=O)N[C@H](C(=O)N[C@@H](C(=O)NC45CC6CC(CC(C6)C4)C5)c4cc(O)cc(O)c4-c4cc3ccc4O)[C@H](O[C@@H]3C[C@@](C)(N)[C@H](O)[C@@H](C)O3)c3ccc(cc3)Oc3cc2cc(c3O[C@H]2O[C@@H](CO)[C@H](O)[C@@H](O)[C@@H]2O[C@H]2C[C@](C)(N)[C@@H](O)[C@H](C)O2)Oc2ccc(cc2Cl)[C@H]1O,CHEMBL415065,Vdss,L.kg-1,2.18,Vss,L/Kg,2.18,volume_distribution,VDss,(L/kg|L),ChEMBL
A,COCC1=C(C(=O)OC)[C@H](c2ccc(F)c(F)c2)N(C(=O)NCCCN2CCC(c3cccc(NC(C)=O)c3)CC2)C(=O)N1,CHEMBL185271,Vdss,L.kg-1,24.0,Vss,L/Kg,24.0,volume_distribution,VDss,(L/kg|L),ChEMBL
A,CC(C)C(=O)Nc1cc(C2CCN(CCCNC(=O)C(c3ccc(F)cc3)c3ccc(F)cc3)CC2)c(F)cc1F,CHEMBL243355,Vdss,L.kg-1,3.6,Vss,L/Kg,3.6,volume_distribution,VDss,(L/kg|L),ChEMBL
A,Cc1ccc(NC(=O)C(C)C)cc1C1CCN(CCCNC(=O)[C@@H](C)c2ccc(F)cc2)CC1,CHEMBL394793,Vdss,L.kg-1,3.4,Vss,L/Kg,3.4,volume_distribution,VDss,(L/kg|L),ChEMBL
A,CCCCCOc1ccc(C(=O)c2cccc3ccccc23)c2ccccc12,CHEMBL244403,Vdss,L.kg-1,9.6,Vdss,L/Kg,9.6,volume_distribution,VDss,(L/kg|L),ChEMBL
A,Cc1ccc(NC(=O)C(C)C)cc1C1CCN(Cc2ccc(Oc3ccc(F)c(F)c3)cc2)CC1,CHEMBL242004,Vdss,L.kg-1,29.0,Vss,L/Kg,29.0,volume_distribution,VDss,(L/kg|L),ChEMBL
A,COc1cc(-c2ccc3c(c2)Nc2ccc(C(C)(C)C(=O)Nc4ccc(N5CCOCC5)cc4)cc2NC3=O)ccc1N,CHEMBL389745,Vdss,L.kg-1,3.4,Vdss,L/Kg,3.4,volume_distribution,VDss,(L/kg|L),ChEMBL
A,COc1cc(-c2ccc3c(c2)Nc2cc(C(C)(C)C(=O)Nc4ccc(N5CCOCC5)cc4)ccc2NC3=O)ccc1N,CHEMBL387787,Vdss,L.kg-1,5.0,Vdss,L/Kg,5.0,volume_distribution,VDss,(L/kg|L),ChEMBL
A,COc1cccc(C2SC(c3ccc(Cl)cc3)=NN2C(=O)c2c(F)cc(F)cc2F)c1OC,CHEMBL387997,Vdss,L.kg-1,1.65,Vss,L/Kg,1.65,volume_distribution,VDss,(L/kg|L),ChEMBL
A,COc1cccc(C2SC(c3ccc(F)cc3)=NN2C(=O)c2c(F)cc(F)cc2F)c1OC,CHEMBL242620,Vdss,L.kg-1,0.44,Vss,L/Kg,0.44,volume_distribution,VDss,(L/kg|L),ChEMBL
A,Nc1nc(N)c2nc(-c3cccc(O)c3)c(-c3cccc(O)c3)nc2n1,CHEMBL230011,Vdss,L.kg-1,2.3,Vdss,L/Kg,2.3,volume_distribution,VDss,(L/kg|L),ChEMBL
A,Nc1nc(N)c2nc(-c3cccc(O)c3)c(-c3cccc(O)c3)nc2n1,CHEMBL230011,Vdss,L.kg-1,4.4,Vdss,L/Kg,4.4,volume_distribution,VDss,(L/kg|L),ChEMBL
A,COc1ccc(CCC2(C3CCCC3)CC(O)=C(Sc3nc4nc(C)cc(C)n4n3)C(=O)O2)cc1Cl,CHEMBL230532,Vdss,L.kg-1,2.0,Vdss,L/Kg,2.0,volume_distribution,VDss,(L/kg|L),ChEMBL
A,Cc1cc(C)n2nc(CC3=C(O)CC(CCc4ccc(C(C)(C)C#N)c(F)c4)(C4CCCC4)OC3=O)nc2n1,CHEMBL230744,Vdss,L.kg-1,0.3,Vdss,L/Kg,0.3,volume_distribution,VDss,(L/kg|L),ChEMBL
A,Cc1cc(C)n2nc(CC3=C(O)CC(CCc4ccc(C(C)(C)C#N)c(F)c4)(C4CCCC4)OC3=O)nc2n1,CHEMBL230744,Vdss,L.kg-1,0.17,Vdss,L/Kg,0.17,volume_distribution,VDss,(L/kg|L),ChEMBL
A,CN1CCC[C@@H]1COc1cc(Nc2nc3cc(Oc4ccnc5ccccc45)ccc3[nH]2)ccc1C(F)(F)F,CHEMBL231370,Vdss,L.kg-1,5.8,Vdss,L/Kg,5.8,volume_distribution,VDss,(L/kg|L),ChEMBL
A,CN1CCC[C@@H]1COc1cc(Nc2nc3cc(Oc4ccnc5[nH]ccc45)ccc3o2)ccc1Cl,CHEMBL230222,Vdss,L.kg-1,5.02,Vdss,L/Kg,5.02,volume_distribution,VDss,(L/kg|L),ChEMBL
A,COc1cc2nccc(Oc3ccc4oc(Nc5ccc(Cl)c(CN6CCN(C)CC6)c5)nc4c3)c2cc1OC,CHEMBL230107,Vdss,L.kg-1,12.1,Vdss,L/Kg,12.1,volume_distribution,VDss,(L/kg|L),ChEMBL
A,COc1cc2ncnc(Oc3ccc4oc(Nc5ccc(Cl)c(OC[C@@H]6CCCN6C)c5)nc4c3)c2cc1OC,CHEMBL230003,Vdss,L.kg-1,6.88,Vdss,L/Kg,6.88,volume_distribution,VDss,(L/kg|L),ChEMBL
A,CNC(=O)c1cc(Oc2ccc3oc(Nc4ccc(Cl)c(OC[C@@H]5CCCN5C)c4)nc3c2)ccn1,CHEMBL231568,Vdss,L.kg-1,8.4,Vdss,L/Kg,8.4,volume_distribution,VDss,(L/kg|L),ChEMBL
A,C[C@H](O)c1ccc(-c2ccc(N3C[C@H](Cn4ccnn4)OC3=O)cc2F)cn1,CHEMBL230106,Vdss,L.kg-1,1.3,Vdss,L/Kg,1.3,volume_distribution,VDss,(L/kg|L),ChEMBL
A,O=C(c1ccc(-c2ccc(N3C[C@H](Cn4ccnn4)OC3=O)cc2F)cn1)C1CCNCC1,CHEMBL388013,Vdss,L.kg-1,3.8,Vdss,L/Kg,3.8,volume_distribution,VDss,(L/kg|L),ChEMBL
A,O=C(CC1CCNCC1)c1ccc(-c2ccc(N3C[C@H](Cn4ccnn4)OC3=O)cc2F)cn1,CHEMBL231481,Vdss,L.kg-1,15.0,Vdss,L/Kg,15.0,volume_distribution,VDss,(L/kg|L),ChEMBL
A,Cc1nccn1CC(=O)c1ccc(-c2ccc(N3C[C@H](Cn4ccnn4)OC3=O)cc2F)cn1,CHEMBL388012,Vdss,L.kg-1,0.3,Vdss,L/Kg,0.3,volume_distribution,VDss,(L/kg|L),ChEMBL
A,O=C1O[C@@H](Cn2ccnn2)CN1c1ccc(-c2ccc(C(O)CO)nc2)c(F)c1,CHEMBL230436,Vdss,L.kg-1,1.0,Vdss,L/Kg,1.0,volume_distribution,VDss,(L/kg|L),ChEMBL
A,Cc1cn(CC(=O)c2ccc(-c3ccc(N4C[C@H](Cn5ccnn5)OC4=O)cc3F)cn2)c(C)n1,CHEMBL231283,Vdss,L.kg-1,0.9,Vdss,L/Kg,0.9,volume_distribution,VDss,(L/kg|L),ChEMBL
A,Cc1cnc(C)n1CC(=O)c1ccc(-c2ccc(N3C[C@H](Cn4ccnn4)OC3=O)cc2F)cn1,CHEMBL231383,Vdss,L.kg-1,1.4,Vdss,L/Kg,1.4,volume_distribution,VDss,(L/kg|L),ChEMBL
A,CCc1nccn1CC(=O)c1ccc(-c2ccc(N3C[C@H](Cn4ccnn4)OC3=O)cc2F)cn1,CHEMBL231382,Vdss,L.kg-1,0.9,Vdss,L/Kg,0.9,volume_distribution,VDss,(L/kg|L),ChEMBL
A,COc1ccc(CCC2(C3CCCC3)CC(O)=C(Cc3nc4nc(C)cc(C)n4n3)C(=O)O2)cc1Cl,CHEMBL230533,Vdss,L.kg-1,0.3,Vdss,L/Kg,0.3,volume_distribution,VDss,(L/kg|L),ChEMBL
A,Cn1cnc(CNc2cc(Br)c3ncc(C#N)c(Nc4ccc(F)c(Cl)c4)c3c2)c1,CHEMBL230761,Vdss,L.kg-1,14.1,Vss,L/Kg,14.1,volume_distribution,VDss,(L/kg|L),ChEMBL
A,N#Cc1cnc2c(Cl)cc(NCc3cnc[nH]3)cc2c1Nc1ccc(F)c(Cl)c1,CHEMBL436817,Vdss,L.kg-1,2.4,Vss,L/Kg,2.4,volume_distribution,VDss,(L/kg|L),ChEMBL
A,CCCc1[nH]cnc1CNc1cc(Cl)c2ncc(C#N)c(Nc3ccc(F)c(Cl)c3)c2c1,CHEMBL230654,Vdss,L.kg-1,12.2,Vss,L/Kg,12.2,volume_distribution,VDss,(L/kg|L),ChEMBL
A,N#Cc1cnc2c(Br)cc(NCc3c[nH]nn3)cc2c1Nc1ccc(F)c(Cl)c1,CHEMBL230232,Vdss,L.kg-1,2.7,Vss,L/Kg,2.7,volume_distribution,VDss,(L/kg|L),ChEMBL
A,N#Cc1cnc2c(Cl)cc(NCc3cccc[n+]3[O-])cc2c1Nc1ccc(F)c(Cl)c1,CHEMBL395573,Vdss,L.kg-1,1.6,Vss,L/Kg,1.6,volume_distribution,VDss,(L/kg|L),ChEMBL
A,CCCCNC(=O)[C@H](C)C[C@H](O)[C@@H](N)C[C@H](Cc1ccc(OC)c(OCCCOC)c1)C(C)C.Cl,CHEMBL557193,Vdss,L.kg-1,0.6,Vdss,L/Kg,0.6,volume_distribution,VDss,(L/kg|L),ChEMBL
A,CC(C)c1nc2ccc(-c3ccc(F)cc3)cc2c(=O)n1C[C@H]1CCCN(C(C)C)C1,CHEMBL244521,Vdss,L.kg-1,0.68,Vdss,L/Kg,0.68,volume_distribution,VDss,(L/kg|L),ChEMBL
A,Cc1nc2ccc(Oc3ccc(F)cc3)cc2c(=O)n1C[C@H]1CCCN(C(C)C)C1,CHEMBL243001,Vdss,L.kg-1,19.2,Vdss,L/Kg,19.2,volume_distribution,VDss,(L/kg|L),ChEMBL
A,COCCCOc1cc(C[C@@H](C[C@H](N)[C@@H](O)C[C@H](C(=O)NCC(C)(C)C(N)=O)C(C)C)C(C)C)ccc1OC.Cl,CHEMBL559358,Vdss,L.kg-1,0.456,Vss,ml/kg,456.0,volume_distribution,VDss,(L/kg|L),ChEMBL
A,Cc1cc(-c2ccc3c(c2)CCN(CCCSc2nnc(C4CCOCC4)n2C)CC3)no1,CHEMBL242598,Vdss,L.kg-1,2.4,Vdss,L/Kg,2.4,volume_distribution,VDss,(L/kg|L),ChEMBL
A,COc1ccc(Nc2nc(Nc3ccccc3)nc(N3CCOCC3)n2)cc1,CHEMBL242558,Vdss,L/hr.Kg,2.11,Vdss,L/hr.Kg,2.11,volume_distribution,VDss,(L/kg|L),ChEMBL
A,CN1CCN(Cc2csc(C(=O)Nc3ccc(Cl)cc3C(=O)Nc3ccc(Cl)cc3)c2Cl)CC1,CHEMBL227121,Vdss,L.kg-1,0.7,Vdss,L/Kg,0.7,volume_distribution,VDss,(L/kg|L),ChEMBL
A,CCCC[C@H](NC(=O)O[C@H](Cn1cnc2cc(Cl)c(Cl)cc21)C(C)(C)C)C(=O)CNS(=O)(=O)c1ccccn1,CHEMBL232713,Vdss,L.kg-1,1.3,Vdss,ml/kg,1300.0,volume_distribution,VDss,(L/kg|L),ChEMBL
A,CC(C)C[C@H](NC(=O)c1cc2ccccc2o1)C(=O)N[C@@H](C)C(=O)CNS(=O)(=O)c1ccccn1,CHEMBL31545,Vdss,L.kg-1,0.71,Vdss,ml/kg,710.0,volume_distribution,VDss,(L/kg|L),ChEMBL
A,CCCC[C@H](NC(=O)O[C@H](Cn1ccc(-c2ccncc2)n1)C(C)(C)C)C(=O)CNS(=O)(=O)c1ccccn1,CHEMBL393354,Vdss,L.kg-1,1.7,Vdss,ml/kg,1700.0,volume_distribution,VDss,(L/kg|L),ChEMBL
A,CCCC[C@H](NC(=O)O[C@H](Cn1cnc(-c2ccc(C(F)(F)F)cc2)c1)C(C)(C)C)C(=O)CNS(=O)(=O)c1ccccn1,CHEMBL233706,Vdss,L.kg-1,1.6,Vdss,ml/kg,1600.0,volume_distribution,VDss,(L/kg|L),ChEMBL
A,CCCC[C@H](NC(=O)O[C@H](Cn1ccc(C(F)(F)F)n1)C(C)(C)C)C(=O)CNS(=O)(=O)c1ccccn1,CHEMBL232518,Vdss,L.kg-1,0.46,Vdss,ml/kg,460.0,volume_distribution,VDss,(L/kg|L),ChEMBL
A,CCCC[C@H](NC(=O)O[C@H](Cn1ccc(-c2ccc(C(F)(F)F)cc2)n1)C(C)(C)C)C(=O)CNS(=O)(=O)c1ccccn1,CHEMBL203463,Vdss,L.kg-1,1.8,Vdss,ml/kg,1800.0,volume_distribution,VDss,(L/kg|L),ChEMBL
A,C[C@H](NC(=O)O[C@H](Cn1ccc(-c2ccc(C(F)(F)F)cc2)n1)C(C)(C)C)C(=O)CNS(=O)(=O)c1ccccn1,CHEMBL540964,Vdss,L.kg-1,1.8,Vdss,ml/kg,1800.0,volume_distribution,VDss,(L/kg|L),ChEMBL
A,CCCC[C@H](NC(=O)O[C@H](Cn1ccc(-c2ccc(C(F)(F)F)cc2)n1)C(C)(C)C)C(=O)C(=O)Nc1ccn[nH]1,CHEMBL234367,Vdss,L.kg-1,1.6,Vdss,ml/kg,1600.0,volume_distribution,VDss,(L/kg|L),ChEMBL
A,Cc1ccc2c(-c3nnc(SCCCN4CCc5ccc(-c6cc(C)on6)cc5CC4)n3C)cccc2n1,CHEMBL243707,Vdss,L.kg-1,3.4,Vdss,L/Kg,3.4,volume_distribution,VDss,(L/kg|L),ChEMBL
A,Cc1ccc2c(-c3nnc(SCCCN4CCc5ccc(-c6ncc(C)o6)cc5CC4)n3C)cccc2n1,CHEMBL244084,Vdss,L.kg-1,7.9,Vdss,L/Kg,7.9,volume_distribution,VDss,(L/kg|L),ChEMBL
A,Cc1ccc2c(-c3nnc(SCCCN4CCc5ccc(-c6cc(C)nn6C)cc5CC4)n3C)cccc2n1,CHEMBL244946,Vdss,ml/min.kg,38.0,Vdss,ml/min.kg,38.0,volume_distribution,VDss,(L/kg|L),ChEMBL
A,Fc1cccc(Cn2ncc3cc(Nc4ncnn5ccc(CN6CCCNCC6)c45)ccc32)c1,CHEMBL392273,Vdss,L.kg-1,9.5,Vss,L/Kg,9.5,volume_distribution,VDss,(L/kg|L),ChEMBL
A,NC(=O)CN1C(=O)C(NC(=O)c2cc3cc(Cl)sc3[nH]2)Cc2ccccc21,CHEMBL395955,Vdss,L.kg-1,1.4,Vdss,L/Kg,1.4,volume_distribution,VDss,(L/kg|L),ChEMBL
A,O=C(NC1Cc2ccccc2N(C[C@@H](O)CO)C1=O)c1cc2cc(Cl)sc2[nH]1,CHEMBL234951,Vdss,L.kg-1,1.9,Vdss,L/Kg,1.9,volume_distribution,VDss,(L/kg|L),ChEMBL
A,O=C(NC1Cc2ccccc2N(CC(CO)CO)C1=O)c1cc2cc(Cl)sc2[nH]1,CHEMBL397688,Vdss,L.kg-1,2.2,Vdss,L/Kg,2.2,volume_distribution,VDss,(L/kg|L),ChEMBL
A,O=C(CN1C(=O)C(NC(=O)c2cc3cc(Cl)sc3[nH]2)Cc2ccccc21)NCCO,CHEMBL233035,Vdss,L.kg-1,1.4,Vdss,L/Kg,1.4,volume_distribution,VDss,(L/kg|L),ChEMBL
A,c1cn(-c2ccc(O[C@H]3CCCN(Cc4ccc5c(c4)OCO5)C3)cc2)cn1,CHEMBL232827,Vdss,L.kg-1,21.0,Vss,L/Kg,21.0,volume_distribution,VDss,(L/kg|L),ChEMBL
A,Cc1cc(-c2ccc(N3C[C@H](Cn4ccnn4)OC3=O)cc2F)on1,CHEMBL233227,Vdss,L.kg-1,0.6,Vss,L/Kg,0.6,volume_distribution,VDss,(L/kg|L),ChEMBL
A,Cc1cn(C[C@H]2CN(c3ccc(-c4cc(C)no4)c(F)c3)C(=O)O2)nn1,CHEMBL390050,Vdss,L.kg-1,0.5,Vss,L/Kg,0.5,volume_distribution,VDss,(L/kg|L),ChEMBL
A,O=C(O)c1cccc(C2=C(c3cc(Cl)ccc3OCc3ccccc3)CCC2)c1,CHEMBL207577,Vdss,L.kg-1,0.8,Vdss,L/Kg,0.8,volume_distribution,VDss,(L/kg|L),ChEMBL
A,O=C(O)c1cccc(C2=C(c3cc(Br)ccc3OCc3ccc(F)cc3F)CCC2)c1,CHEMBL387605,Vdss,L.kg-1,0.6,Vdss,L/Kg,0.6,volume_distribution,VDss,(L/kg|L),ChEMBL
A,O=C(O)c1cccc(C2=C(c3cc(Br)ccc3OCc3ccc(F)cc3)CCC2)c1,CHEMBL395284,Vdss,L.kg-1,0.7,Vdss,L/Kg,0.7,volume_distribution,VDss,(L/kg|L),ChEMBL
A,O=C(O)c1cccc(C2=C(c3cc(Br)ccc3OCc3ccc(Cl)cc3)CCC2)c1,CHEMBL428370,Vdss,L.kg-1,0.4,Vdss,L/Kg,0.4,volume_distribution,VDss,(L/kg|L),ChEMBL
A,O=C(O)c1cccc(C2=C(c3cc(Br)ccc3OCc3ccccc3)CCC2)c1,CHEMBL397687,Vdss,L.kg-1,1.0,Vdss,L/Kg,1.0,volume_distribution,VDss,(L/kg|L),ChEMBL
A,COc1ccc(N2C(=O)c3c(Cl)cccc3C2C)cc1OCCN1CCC(C)CC1,CHEMBL395059,Vdss,L.kg-1,8.2,Vdss,L/Kg,8.2,volume_distribution,VDss,(L/kg|L),ChEMBL
A,COc1ccc(N2Cc3cc(C)cc(C)c3C2=O)cc1OCCN1CCC(C)CC1,CHEMBL396527,Vdss,L.kg-1,7.8,Vdss,L/Kg,7.8,volume_distribution,VDss,(L/kg|L),ChEMBL
A,COc1ccc(N2Cc3cc(Cl)c(C)c(Cl)c3C2=O)cc1OCCN1CCC(C)CC1,CHEMBL395298,Vdss,L.kg-1,9.1,Vdss,L/Kg,9.1,volume_distribution,VDss,(L/kg|L),ChEMBL
A,COc1ccc(N2Cc3cc(Cl)c(Cl)c(C)c3C2=O)cc1OCCN1CCC(C)CC1,CHEMBL234738,Vdss,L.kg-1,6.8,Vdss,L/Kg,6.8,volume_distribution,VDss,(L/kg|L),ChEMBL
A,COc1ccc(N2Cc3cc(Cl)cc(Cl)c3C2=O)cc1OCCN1CCC(C)CC1,CHEMBL234532,Vdss,L.kg-1,5.8,Vdss,L/Kg,5.8,volume_distribution,VDss,(L/kg|L),ChEMBL
A,COc1ccc(N2Cc3cc(Cl)c(Cl)cc3C2=O)cc1OCCN1CCC(C)CC1,CHEMBL395297,Vdss,L.kg-1,8.5,Vdss,L/Kg,8.5,volume_distribution,VDss,(L/kg|L),ChEMBL
A,COc1ccc(N2Cc3c(F)ccc(C(F)(F)F)c3C2=O)cc1OCCN1CCC(C)CC1,CHEMBL234315,Vdss,L.kg-1,1.9,Vdss,L/Kg,1.9,volume_distribution,VDss,(L/kg|L),ChEMBL
A,CC(C)(C)[C@H]1CC[C@H](N(C(=O)Nc2ccc(OC(F)(F)F)cc2)C2CCc3cc(C(=O)NCCC(=O)O)ccc32)CC1,CHEMBL234087,Vdss,L.kg-1,1.6,Vdss,L/Kg,1.6,volume_distribution,VDss,(L/kg|L),ChEMBL
A,CC(C)(C)[C@H]1CC[C@H](N(C(=O)Nc2ccc(OC(F)(F)F)cc2)C2CCOc3cc(C(=O)NCCC(=O)O)ccc32)CC1,CHEMBL395759,Vdss,L.kg-1,1.4,Vdss,L/Kg,1.4,volume_distribution,VDss,(L/kg|L),ChEMBL
A,CC(C)(C)[C@H]1CC[C@H](N(C(=O)Nc2ccc(OC(F)(F)F)cc2)C2CCCc3cc(C(=O)Nc4nn[nH]n4)ccc32)CC1,CHEMBL411831,Vdss,L.kg-1,1.4,Vdss,L/Kg,1.4,volume_distribution,VDss,(L/kg|L),ChEMBL
A,CC(C)(C)[C@H]1CC[C@H](N(C(=O)Nc2ccc(OC(F)(F)F)cc2)C2CCCc3cc(C(=O)NCCC(=O)O)ccc32)CC1,CHEMBL232241,Vdss,L.kg-1,0.9,Vdss,L/Kg,0.9,volume_distribution,VDss,(L/kg|L),ChEMBL
A,CC(C)(CO)Nc1nc(SCc2cccc(F)c2F)nc2nc(N)sc12,CHEMBL380947,Vdss,L.kg-1,1.9,Vss,L/Kg,1.9,volume_distribution,VDss,(L/kg|L),ChEMBL
A,C[C@H](CO)Nc1nc(SCc2cccc(F)c2F)nc2nc(N)sc12,CHEMBL397237,Vdss,L.kg-1,1.03,Vss,L/Kg,1.03,volume_distribution,VDss,(L/kg|L),ChEMBL
A,O=C(O)CCc1ccc(NCc2cccc(Oc3ccccc3)c2)cc1,CHEMBL207881,Vdss,L.kg-1,4.7,Vdss,L/Kg,4.7,volume_distribution,VDss,(L/kg|L),ChEMBL
A,CC(C)(N)c1ccc(-c2nc(Nc3ccc(CCO)cc3)ncc2Cl)cc1,CHEMBL233205,Vdss,L.kg-1,10.7,Vss,L/Kg,10.7,volume_distribution,VDss,(L/kg|L),ChEMBL
A,CCN1CCN(CCc2ccc(Nc3ncc(Cl)c(-c4ccc5cc[nH]c5c4)n3)cc2)CC1,CHEMBL398989,Vdss,L.kg-1,10.1,Vss,L/Kg,10.1,volume_distribution,VDss,(L/kg|L),ChEMBL
A,Clc1cnc(Nc2ccc(CCN3CCCC3)cc2)nc1-c1ccc2cc[nH]c2c1,CHEMBL233225,Vdss,L.kg-1,16.3,Vss,L/Kg,16.3,volume_distribution,VDss,(L/kg|L),ChEMBL
A,CC(C)(O)CC[C@@H](CN)C[C@H](O)[C@H](Cc1cccc(F)c1)NC(=O)c1cnc2ccccc2n1,CHEMBL234606,Vdss,L.kg-1,1.2,Vdss,L/Kg,1.2,volume_distribution,VDss,(L/kg|L),ChEMBL
A,CC(C)(O)CC[C@@H](CN)C[C@H](O)[C@H](Cc1cccc(F)c1)NC(=O)c1cnc2ccccc2n1,CHEMBL234606,Vdss,L.kg-1,1.1,Vdss,L/Kg,1.1,volume_distribution,VDss,(L/kg|L),ChEMBL
A,C[C@@H]1CN(Cc2ccc(F)cc2)[C@@H](C)CN1C(=O)COc1ccc(Cl)cc1CS(=O)(=O)O,CHEMBL430166,Vdss,L.kg-1,0.4,Vdss,L/Kg,0.4,volume_distribution,VDss,(L/kg|L),ChEMBL
A,C[C@@H]1CN(Cc2ccc(F)cc2)[C@@H](C)CN1C(=O)COc1ccc(Cl)cc1C(=O)CCC(=O)O,CHEMBL234263,Vdss,L.kg-1,4.2,Vdss,L/Kg,4.2,volume_distribution,VDss,(L/kg|L),ChEMBL
A,COS(=O)(=O)NC(=O)Cc1cc(Cl)ccc1OCC(=O)N1C[C@H](C)N(Cc2ccc(F)cc2)C[C@H]1C,CHEMBL391239,Vdss,L.kg-1,0.09,Vdss,L/Kg,0.09,volume_distribution,VDss,(L/kg|L),ChEMBL
A,C[C@@H]1CN(Cc2ccc(F)cc2)[C@@H](C)CN1C(=O)COc1ccc(Cl)cc1CC(=O)O,CHEMBL234262,Vdss,L.kg-1,0.3,Vdss,L/Kg,0.3,volume_distribution,VDss,(L/kg|L),ChEMBL
A,C[C@@H]1CN(Cc2ccc(F)cc2)[C@@H](C)CN1C(=O)COc1ccc(Cl)cc1C(=O)O,CHEMBL391301,Vdss,L.kg-1,0.2,Vdss,L/Kg,0.2,volume_distribution,VDss,(L/kg|L),ChEMBL
A,C[C@@H]1CN(Cc2ccc(F)cc2)CCN1C(=O)COc1ccc(Cl)cc1NC(N)=O,CHEMBL232656,Vdss,L.kg-1,0.6,Vdss,L/Kg,0.6,volume_distribution,VDss,(L/kg|L),ChEMBL
A,C[C@@H]1CN(Cc2ccc(F)cc2)[C@@H](C)CN1C(=O)COc1ccc(Cl)cc1CS(=O)(=O)O,CHEMBL430166,Vdss,L.kg-1,2.1,Vdss,L/Kg,2.1,volume_distribution,VDss,(L/kg|L),ChEMBL
A,COS(=O)(=O)NC(=O)Cc1cc(Cl)ccc1OCC(=O)N1C[C@H](C)N(Cc2ccc(F)cc2)C[C@H]1C,CHEMBL391239,Vdss,L.kg-1,0.2,Vdss,L/Kg,0.2,volume_distribution,VDss,(L/kg|L),ChEMBL
A,C[C@@H]1CN(Cc2ccc(F)cc2)[C@@H](C)CN1C(=O)COc1ccc(Cl)cc1C(=O)O,CHEMBL391301,Vdss,L.kg-1,0.9,Vdss,L/Kg,0.9,volume_distribution,VDss,(L/kg|L),ChEMBL
A,C[C@@H]1CN(Cc2ccc(F)cc2)CCN1C(=O)COc1ccc(Cl)cc1NC(N)=O,CHEMBL232656,Vdss,L.kg-1,0.6,Vdss,L/Kg,0.6,volume_distribution,VDss,(L/kg|L),ChEMBL
A,C[C@@H]1CN(Cc2ccc(F)cc2)CCN1C(=O)COc1ccc(Cl)cc1NC(N)=O,CHEMBL232656,Vdss,L.kg-1,1.7,Vdss,L/Kg,1.7,volume_distribution,VDss,(L/kg|L),ChEMBL
A,C[C@@H]1CN(Cc2ccc(F)cc2)[C@@H](C)CN1C(=O)COc1ccc(Cl)cc1CS(=O)(=O)O,CHEMBL430166,Vdss,L.kg-1,2.6,Vdss,L/Kg,2.6,volume_distribution,VDss,(L/kg|L),ChEMBL
A,C[C@@H]1CN(Cc2ccc(F)cc2)[C@@H](C)CN1C(=O)COc1ccc(Cl)cc1C(=O)CCC(=O)O,CHEMBL234263,Vdss,L.kg-1,4.0,Vdss,L/Kg,4.0,volume_distribution,VDss,(L/kg|L),ChEMBL
A,COS(=O)(=O)NC(=O)Cc1cc(Cl)ccc1OCC(=O)N1C[C@H](C)N(Cc2ccc(F)cc2)C[C@H]1C,CHEMBL391239,Vdss,L.kg-1,0.5,Vdss,L/Kg,0.5,volume_distribution,VDss,(L/kg|L),ChEMBL
A,C[C@@H]1CN(Cc2ccc(F)cc2)[C@@H](C)CN1C(=O)COc1ccc(Cl)cc1CC(=O)O,CHEMBL234262,Vdss,L.kg-1,3.2,Vdss,L/Kg,3.2,volume_distribution,VDss,(L/kg|L),ChEMBL
A,C[C@@H]1CN(Cc2ccc(F)cc2)[C@@H](C)CN1C(=O)COc1ccc(Cl)cc1C(=O)NCCN,CHEMBL391302,Vdss,L.kg-1,7.7,Vdss,L/Kg,7.7,volume_distribution,VDss,(L/kg|L),ChEMBL
A,C[C@@H]1CN(Cc2ccc(F)cc2)[C@@H](C)CN1C(=O)COc1ccc(Cl)cc1C(=O)O,CHEMBL391301,Vdss,L.kg-1,2.4,Vdss,L/Kg,2.4,volume_distribution,VDss,(L/kg|L),ChEMBL
A,CN(Cc1ccccc1)C(=O)[C@@H](NC(=O)c1cc2cc(NC(=O)c3ccccc3-c3ccc(C(F)(F)F)cc3)ccc2n1C)c1ccccc1,CHEMBL410414,Vdss,L.kg-1,11.0,Vdss,L/Kg,11.0,volume_distribution,VDss,(L/kg|L),ChEMBL
A,CN(Cc1ccccc1)C(=O)[C@@H](NC(=O)c1cc2cc(NC(=O)c3ccccc3-c3ccc(C(F)(F)F)cc3)ccc2n1C)c1ccccc1,CHEMBL410414,Vdss,L.kg-1,8.0,Vdss,L/Kg,8.0,volume_distribution,VDss,(L/kg|L),ChEMBL
A,CN(Cc1ccccc1)C(=O)[C@@H](NC(=O)c1cc2cc(NC(=O)c3ccccc3-c3ccc(C(F)(F)F)cc3)ccc2n1C)c1ccccc1,CHEMBL410414,Vdss,L.kg-1,3.3,Vdss,L/Kg,3.3,volume_distribution,VDss,(L/kg|L),ChEMBL
A,CN(Cc1ccccc1)C(=O)[C@@H](NC(=O)c1cc2cc(NC(=O)c3ccccc3-c3ccc(C(F)(F)F)cc3)ccc2n1C)c1ccccc1,CHEMBL410414,Vdss,L.kg-1,1.0,Vdss,L/Kg,1.0,volume_distribution,VDss,(L/kg|L),ChEMBL
A,CN(Cc1ccccc1)C(=O)[C@@H](NC(=O)c1cc2cc(NC(=O)c3ccccc3-c3ccc(C(F)(F)F)cc3)ccc2n1C)c1ccccc1,CHEMBL410414,Vdss,L.kg-1,1.0,Vdss,L/Kg,1.0,volume_distribution,VDss,(L/kg|L),ChEMBL
A,CN(Cc1ccccc1)C(=O)[C@@H](NC(=O)c1cc2cc(NC(=O)c3ccccc3-c3ccc(C(F)(F)F)cc3)ccc2n1C)c1ccccc1,CHEMBL410414,Vdss,L.kg-1,2.2,Vdss,L/Kg,2.2,volume_distribution,VDss,(L/kg|L),ChEMBL
A,CC#CCN1C[C@H](C(=O)NO)[C@H](NC(=O)c2ccc(Cc3cc(C)nc4ccccc34)cc2)C1,CHEMBL233842,Vdss,L.kg-1,0.1,Vdss,L/Kg,0.1,volume_distribution,VDss,(L/kg|L),ChEMBL
A,C#CCN1C[C@H](C(=O)NO)[C@H](NC(=O)c2ccc(Cc3cc(C)nc4ccccc34)cc2)C1,CHEMBL233629,Vdss,L.kg-1,0.8,Vdss,L/Kg,0.8,volume_distribution,VDss,(L/kg|L),ChEMBL
A,Cc1cc(Cc2ccc(C(=O)N[C@@H]3CCOC[C@@H]3C(=O)NO)cc2)c2ccccc2n1,CHEMBL234034,Vdss,L.kg-1,0.5,Vdss,L/Kg,0.5,volume_distribution,VDss,(L/kg|L),ChEMBL
A,Cc1cc(Cc2ccc(C(=O)N[C@@H]3CCOC[C@@H]3C(=O)NO)cc2)c2ccccc2n1,CHEMBL234034,Vdss,L.kg-1,7.1,Vdss,L/Kg,7.1,volume_distribution,VDss,(L/kg|L),ChEMBL
A,OC1CCN(Cc2cc(Br)ccc2OCc2ccc(Cl)cc2)CC1,CHEMBL392659,Vdss,L.kg-1,9.1,Vdss,L/Kg,9.1,volume_distribution,VDss,(L/kg|L),ChEMBL
A,CCc1cccc(CC)c1NC(=O)NCC1(O)CCN(Cc2cc(Br)ccc2OCc2ccc(Cl)cc2)CC1,CHEMBL233847,Vdss,L.kg-1,22.0,Vdss,L/Kg,22.0,volume_distribution,VDss,(L/kg|L),ChEMBL
A,O=C(NCc1ccccn1)c1ccc2c(c1)Cc1c(-c3ccc(-c4ccc(O)cc4)cc3)n[nH]c1-2,CHEMBL234479,Vdss,L.kg-1,4.7,Vdss,L/Kg,4.7,volume_distribution,VDss,(L/kg|L),ChEMBL
A,COc1cc2c(cc1CN1CCN(C)CC1)Cc1c(-c3ccc(-c4ccc(O)c(F)c4)cc3)n[nH]c1-2,CHEMBL233831,Vdss,L.kg-1,9.2,Vdss,L/Kg,9.2,volume_distribution,VDss,(L/kg|L),ChEMBL
A,COc1cc2c(cc1C(=O)NCc1ccccn1)Cc1c(-c3ccc(-c4ccc(O)c(F)c4)cc3)n[nH]c1-2,CHEMBL233641,Vdss,L.kg-1,2.4,Vdss,L/Kg,2.4,volume_distribution,VDss,(L/kg|L),ChEMBL
A,COc1cc2c(cc1C(=O)N[C@H]1CC[C@H](O)CC1)Cc1c(-c3ccc(-c4ccc(O)cc4)cc3)n[nH]c1-2,CHEMBL428196,Vdss,L.kg-1,6.0,Vdss,L/Kg,6.0,volume_distribution,VDss,(L/kg|L),ChEMBL
A,CN1CCN(Cc2ccc3c(c2)Cc2c(-c4ccc(-c5ccc(O)cc5)cc4)n[nH]c2-3)CC1,CHEMBL399215,Vdss,L.kg-1,3.4,Vdss,L/Kg,3.4,volume_distribution,VDss,(L/kg|L),ChEMBL
A,CC(C)C[C@H](O)NC(=O)C1(C(=O)N[C@H]2N=C(c3ccc(C(F)(F)F)cc3)c3ccccc3N(C)C2=O)CCC1,CHEMBL232936,Vdss,L.kg-1,0.2,Vdss,L/Kg,0.2,volume_distribution,VDss,(L/kg|L),ChEMBL
A,CN1C(=O)[C@@H](NC(=O)C2(C(=O)NCCC3CCCC3)CCC2)c2ccccc2-c2ccccc21,CHEMBL450279,Vdss,L.kg-1,2.9,Vdss,L/Kg,2.9,volume_distribution,VDss,(L/kg|L),ChEMBL
A,CC(C)CCNC(=O)C1(C(=O)N[C@@H]2C(=O)N(C)c3ccccc3-c3ccccc32)CCC1,CHEMBL232138,Vdss,L.kg-1,0.9,Vdss,L/Kg,0.9,volume_distribution,VDss,(L/kg|L),ChEMBL
A,CC(C)CCNC(=O)C1(C(=O)N[C@H]2N=C(c3ccc(C(F)(F)F)cc3)c3ccccc3N(C)C2=O)CCC1,CHEMBL231941,Vdss,L.kg-1,1.9,Vdss,L/Kg,1.9,volume_distribution,VDss,(L/kg|L),ChEMBL
A,CC(C)CNC(=O)C1(C(=O)N[C@@H]2C(=O)N(C)c3ccccc3-c3ccccc32)CCC1,CHEMBL232182,Vdss,L.kg-1,2.1,Vdss,L/Kg,2.1,volume_distribution,VDss,(L/kg|L),ChEMBL
A,CC(C)CNC(=O)C1(C(=O)N[C@H]2N=C(c3ccccc3)c3ccccc3N(C)C2=O)CCC1,CHEMBL449960,Vdss,L.kg-1,3.1,Vdss,L/Kg,3.1,volume_distribution,VDss,(L/kg|L),ChEMBL
A,O=[N+]([O-])c1cc(O)c2c(c1)S(=O)(=O)N=C(Nc1ccccc1Cl)N2,CHEMBL231924,Vdss,L.kg-1,0.53,Vdss,L/Kg,0.53,volume_distribution,VDss,(L/kg|L),ChEMBL
A,CC(C)(CO)NCC(=O)N1C[C@@H](F)C[C@H]1C(=O)c1nnc(C(C)(C)C)o1,CHEMBL232185,Vdss,L.kg-1,14.03,Vdss,ml/kg,14027.0,volume_distribution,VDss,(L/kg|L),ChEMBL
A,CC(C)(CO)NCC(=O)N1C[C@@H](F)C[C@H]1C(=O)c1nnc(C(C)(C)C)o1,CHEMBL232185,Vdss,L.kg-1,4.867,Vdss,ml/kg,4867.0,volume_distribution,VDss,(L/kg|L),ChEMBL
A,CC(C)(CO)NCC(=O)N1C[C@@H](F)C[C@H]1C(=O)c1nnc(C(C)(C)C)o1,CHEMBL232185,Vdss,L.kg-1,2.421,Vdss,ml/kg,2421.0,volume_distribution,VDss,(L/kg|L),ChEMBL
A,CCc1nc(N)nc(N)c1-c1ccc2c(c1)N(CCCC(F)(F)F)C(=O)C(C)(c1cc(F)cc(F)c1)O2,CHEMBL241458,Vdss,L.kg-1,5.1,Vdss,L/Kg,5.1,volume_distribution,VDss,(L/kg|L),ChEMBL
A,CCc1nc(N)nc(N)c1-c1ccc2c(c1)N(CCC(=O)NC)C(=O)C(C)(c1cc(F)cc(F)c1)O2,CHEMBL240598,Vdss,L.kg-1,2.1,Vdss,L/Kg,2.1,volume_distribution,VDss,(L/kg|L),ChEMBL
A,CCc1nc(N)nc(N)c1-c1ccc2c(c1)N(CCCC(F)(F)F)C(=O)[C@](C)(c1cc(F)cc(F)c1)O2,CHEMBL241663,Vdss,L.kg-1,5.7,Vdss,L/Kg,5.7,volume_distribution,VDss,(L/kg|L),ChEMBL
A,CCc1nc(N)nc(N)c1-c1ccc2c(c1)N(CCCOC)C(=O)C(C)(c1cc(F)cc(F)c1)O2,CHEMBL239496,Vdss,L.kg-1,4.5,Vdss,L/Kg,4.5,volume_distribution,VDss,(L/kg|L),ChEMBL
A,CCc1nc(N)nc(N)c1-c1ccc2c(c1)N(CCNC(=O)CO)C(=O)C(C)(c1cc(F)cc(F)c1)O2,CHEMBL240391,Vdss,L.kg-1,2.9,Vdss,L/Kg,2.9,volume_distribution,VDss,(L/kg|L),ChEMBL
A,CCc1nc(N)nc(N)c1-c1ccc2c(c1)N(CCCO)C(=O)C(C)(c1cc(F)cc(F)c1)O2,CHEMBL393218,Vdss,L.kg-1,3.1,Vdss,L/Kg,3.1,volume_distribution,VDss,(L/kg|L),ChEMBL
A,CCc1nc(N)nc(N)c1-c1ccc2c(c1)N(CCNC(C)=O)C(=O)C(C)(c1cc(F)cc(F)c1)O2,CHEMBL398584,Vdss,L.kg-1,2.1,Vdss,L/Kg,2.1,volume_distribution,VDss,(L/kg|L),ChEMBL
A,CCc1nc(N)nc(N)c1-c1ccc2c(c1)N(CCNC(C)=O)C(=O)C(C)(c1cc(F)cc(F)c1)O2,CHEMBL398584,Vdss,L.kg-1,2.1,Vdss,L/Kg,2.1,volume_distribution,VDss,(L/kg|L),ChEMBL
A,CCc1nc(N)nc(N)c1-c1ccc2c(c1)N(CCO)C(=O)C(C)(c1cc(F)cc(F)c1)O2,CHEMBL238678,Vdss,L.kg-1,3.3,Vdss,L/Kg,3.3,volume_distribution,VDss,(L/kg|L),ChEMBL
A,CCc1nc(N)nc(N)c1-c1ccc2c(c1)N(CCOCC(F)(F)F)C(=O)C(C)(c1cc(F)cc(F)c1)O2,CHEMBL241457,Vdss,L.kg-1,6.0,Vdss,L/Kg,6.0,volume_distribution,VDss,(L/kg|L),ChEMBL
A,CCc1nc(N)nc(N)c1-c1ccc2c(c1)N(CCCOC(F)(F)F)C(=O)C(C)(c1cc(F)cc(F)c1)O2,CHEMBL241241,Vdss,L.kg-1,6.3,Vdss,L/Kg,6.3,volume_distribution,VDss,(L/kg|L),ChEMBL
A,CCc1nc(N)nc(N)c1-c1ccc2c(c1)N(CCCC#N)C(=O)C(C)(c1cc(F)cc(F)c1)O2,CHEMBL429642,Vdss,L.kg-1,1.9,Vdss,L/Kg,1.9,volume_distribution,VDss,(L/kg|L),ChEMBL
A,CCc1nc(N)nc(N)c1-c1ccc2c(c1)N(CCNC(=O)OC)C(=O)C(C)(c1cc(F)cc(F)c1)O2,CHEMBL241032,Vdss,L.kg-1,3.5,Vdss,L/Kg,3.5,volume_distribution,VDss,(L/kg|L),ChEMBL
A,CCc1nc(N)nc(N)c1-c1ccc2c(c1)N(CCCCO)C(=O)C(C)(c1cc(F)cc(F)c1)O2,CHEMBL429459,Vdss,L.kg-1,2.3,Vdss,L/Kg,2.3,volume_distribution,VDss,(L/kg|L),ChEMBL
A,CCNC(=O)CN1C(=O)C(C)(c2cc(F)cc(F)c2)Oc2ccc(-c3c(N)nc(N)nc3CC)cc21,CHEMBL398811,Vdss,L.kg-1,3.1,Vdss,L/Kg,3.1,volume_distribution,VDss,(L/kg|L),ChEMBL
A,CCOCCCN1C(=O)C(C)(c2cc(F)cc(F)c2)Oc2ccc(-c3c(N)nc(N)nc3CC)cc21,CHEMBL393109,Vdss,L.kg-1,2.0,Vdss,L/Kg,2.0,volume_distribution,VDss,(L/kg|L),ChEMBL
A,CCc1nc(N)nc(N)c1-c1ccc2c(c1)N(CCCOC)C(=O)C(C)(c1cc(F)cc(F)c1)O2,CHEMBL239496,Vdss,L.kg-1,4.5,Vdss,L/Kg,4.5,volume_distribution,VDss,(L/kg|L),ChEMBL
A,O=C(N[C@H]1CCC[C@H]1NC(=O)c1ccc(Cl)s1)c1ccc(-n2ccccc2=O)cc1,CHEMBL233992,Vdss,L.kg-1,0.8,Vdss,L/Kg,0.8,volume_distribution,VDss,(L/kg|L),ChEMBL
A,CCS(=O)(=O)N1C[C@H](NC(=O)c2ccc(-n3ccccc3=O)cc2)[C@H](NC(=O)c2ccc(Cl)s2)C1,CHEMBL392297,Vdss,L.kg-1,1.1,Vdss,L/Kg,1.1,volume_distribution,VDss,(L/kg|L),ChEMBL
A,CCOC(=O)N1C[C@H](NC(=O)c2ccc(-n3ccccc3=O)cc2)[C@H](NC(=O)c2ccc(Cl)s2)C1,CHEMBL437555,Vdss,L.kg-1,2.4,Vdss,L/Kg,2.4,volume_distribution,VDss,(L/kg|L),ChEMBL
A,CC(=O)N1C[C@H](NC(=O)c2ccc(-n3ccccc3=O)cc2)[C@H](NC(=O)c2ccc(Cl)s2)C1,CHEMBL394129,Vdss,L.kg-1,2.4,Vdss,L/Kg,2.4,volume_distribution,VDss,(L/kg|L),ChEMBL
A,O=C(N[C@H]1COC[C@H]1NC(=O)c1ccc(Cl)s1)c1ccc(-n2ccccc2=O)cc1,CHEMBL237705,Vdss,L.kg-1,1.0,Vdss,L/Kg,1.0,volume_distribution,VDss,(L/kg|L),ChEMBL
A,CCN1c2ccc(NS(=O)(=O)c3cccc(C(F)(F)F)c3)cc2N=C(c2ccc(C(=O)O)cc2)c2cc3c(cc21)C(C)(C)CCC3(C)C,CHEMBL393650,Vdss,L.kg-1,1.2,Vdss,L/Kg,1.2,volume_distribution,VDss,(L/kg|L),ChEMBL
A,CCCN1c2ccc(NS(=O)(=O)c3cccc(C(F)(F)F)c3)cc2N=C(c2ccc(C(=O)O)cc2)c2cc3c(cc21)C(C)(C)CCC3(C)C,CHEMBL238009,Vdss,L.kg-1,1.1,Vdss,L/Kg,1.1,volume_distribution,VDss,(L/kg|L),ChEMBL
A,C[C@H]1CN(c2ccc(C(=O)Nc3ccccc3N)cn2)CCN1C(=O)OCc1ccccc1,CHEMBL236902,Vdss,L.kg-1,2.1,Vdss,L/Kg,2.1,volume_distribution,VDss,(L/kg|L),ChEMBL
A,C[C@H]1CN(c2ccc(C(=O)Nc3ccccc3N)cn2)CCN1C(=O)OCc1ccccc1,CHEMBL236902,Vdss,L.kg-1,2.1,Vdss,L/Kg,2.1,volume_distribution,VDss,(L/kg|L),ChEMBL
A,CN(C)C(=O)N1CC(c2cc(F)ccc2F)=C[C@@]1(CC[C@@H](N)C(F)F)c1ccccc1,CHEMBL240923,Vdss,L.kg-1,2.8,Vdss,L/Kg,2.8,volume_distribution,VDss,(L/kg|L),ChEMBL
A,CC(=O)N1N=C(c2cc(F)ccc2F)C[C@@]1(C[C@H](F)CN)c1ccccc1,CHEMBL400042,Vdss,L.kg-1,6.3,Vdss,L/Kg,6.3,volume_distribution,VDss,(L/kg|L),ChEMBL
A,COc1ccc(-c2cc(N3C[C@H](c4cc(F)c(F)cc4F)[C@@H](N)C3)ncn2)cn1,CHEMBL237786,Vdss,L.kg-1,0.67,Vdss,L/Kg,0.67,volume_distribution,VDss,(L/kg|L),ChEMBL
A,COc1ccc(-c2cc(N3C[C@H](c4cc(F)c(F)cc4F)[C@@H](N)C3)ncn2)cn1,CHEMBL237786,Vdss,L.kg-1,1.9,Vdss,L/Kg,1.9,volume_distribution,VDss,(L/kg|L),ChEMBL
A,COc1ccc(-n2nc(C(N)=O)c3c2C(=O)N(c2ccc(-c4ccccc4CN(CCO)CCO)cc2)CC3)cc1,CHEMBL237420,Vdss,L.kg-1,1.09,Vdss,L/Kg,1.09,volume_distribution,VDss,(L/kg|L),ChEMBL
A,COc1ccc(-n2nc(C(N)=O)c3c2C(=O)N(c2ccc(-c4ccccc4CN4CCC(O)CC4)cc2)CC3)cc1,CHEMBL237419,Vdss,L.kg-1,0.99,Vdss,L/Kg,0.99,volume_distribution,VDss,(L/kg|L),ChEMBL
A,COc1ccc(-n2nc(C(N)=O)c3c2C(=O)N(c2ccc(-c4ccccc4CN4CCCC4)cc2)CC3)cc1,CHEMBL443578,Vdss,L.kg-1,5.6,Vdss,L/Kg,5.6,volume_distribution,VDss,(L/kg|L),ChEMBL
A,CCN(CC)Cc1ccccc1-c1ccc(N2CCc3c(C(N)=O)nn(-c4ccc(OC)cc4)c3C2=O)cc1,CHEMBL237228,Vdss,L.kg-1,6.5,Vdss,L/Kg,6.5,volume_distribution,VDss,(L/kg|L),ChEMBL
A,COc1ccc(-n2nc(C(N)=O)c3c2C(=O)N(c2ccc(-c4ccccc4CN(C)C)cc2)CC3)cc1,CHEMBL391484,Vdss,L.kg-1,6.1,Vdss,L/Kg,6.1,volume_distribution,VDss,(L/kg|L),ChEMBL
A,CNCc1ccccc1-c1ccc(N2CCc3c(C(N)=O)nn(-c4ccc(OC)cc4)c3C2=O)cc1,CHEMBL237226,Vdss,L.kg-1,7.4,Vdss,L/Kg,7.4,volume_distribution,VDss,(L/kg|L),ChEMBL
A,COc1ccc(-n2nc(Cn3cnnn3)c3c2C(=O)N(c2ccc(-c4ccccc4CN4CC[C@@H](O)C4)cc2)CC3)cc1,CHEMBL395372,Vdss,L.kg-1,3.7,Vdss,L/Kg,3.7,volume_distribution,VDss,(L/kg|L),ChEMBL
A,COc1ccc(-n2nc(Cn3ccnn3)c3c2C(=O)N(c2ccc(-c4ccccc4CN4CC[C@@H](O)C4)cc2)CC3)cc1,CHEMBL439214,Vdss,L.kg-1,4.9,Vdss,L/Kg,4.9,volume_distribution,VDss,(L/kg|L),ChEMBL
A,COc1ccc(-n2nc(C(N)=O)c3c2C(=O)N(c2ccc(-c4ccccc4CN4CC[C@@H](O)C4)cc2)CC3)cc1,CHEMBL235265,Vdss,L.kg-1,1.6,Vdss,L/Kg,1.6,volume_distribution,VDss,(L/kg|L),ChEMBL
A,COc1ccc(-n2nc(C(N)=O)c3c2C(=O)N(c2ccc(N(C)C(C)=O)cc2)CC3)cc1,CHEMBL235710,Vdss,L.kg-1,1.7,Vdss,L/Kg,1.7,volume_distribution,VDss,(L/kg|L),ChEMBL
A,Nc1noc2ccc(-n3nc(C(F)(F)F)c4c3C(=O)N(c3ccc(-c5ccccc5CN5CC[C@@H](O)C5)cc3)CC4)cc12,CHEMBL378093,Vdss,L.kg-1,1.6,Vdss,L/Kg,1.6,volume_distribution,VDss,(L/kg|L),ChEMBL
A,CN(C)Cc1nccn1-c1ccc(NC(=O)c2cc(C(F)(F)F)nn2-c2ccc3onc(N)c3c2)c(F)c1,CHEMBL206335,Vdss,L.kg-1,3.4,Vdss,L/Kg,3.4,volume_distribution,VDss,(L/kg|L),ChEMBL
A,COc1ccc(-n2nc(C(N)=O)c3c2C(=O)N(c2ccc(N4CCCCC4=O)cc2)CC3)cc1,CHEMBL231779,Vdss,L.kg-1,0.2,Vdss,L/Kg,0.2,volume_distribution,VDss,(L/kg|L),ChEMBL
A,CC(C)C1SC(Nc2ccccc2F)=NC1=O,CHEMBL396617,Vdss,L.kg-1,0.16,Vdss,L/Kg,0.16,volume_distribution,VDss,(L/kg|L),ChEMBL
A,Cc1ccccc1NC1=NC(=O)C(C(C)C)S1,CHEMBL238095,Vdss,L.kg-1,0.42,Vdss,L/Kg,0.42,volume_distribution,VDss,(L/kg|L),ChEMBL
A,CC(C)C1SC(Nc2ccccc2C(F)(F)F)=NC1=O,CHEMBL396618,Vdss,L.kg-1,0.54,Vdss,L/Kg,0.54,volume_distribution,VDss,(L/kg|L),ChEMBL
A,NCCc1cn(S(=O)(=O)c2c(Cl)nc3sccn23)c2ccccc12,CHEMBL392760,Vdss,L.kg-1,24.0,Vdss,L/Kg,24.0,volume_distribution,VDss,(L/kg|L),ChEMBL
A,NCCc1cn(S(=O)(=O)c2c(Cl)nc3sccn23)c2ccccc12,CHEMBL392760,Vdss,L.kg-1,7.9,Vdss,L/Kg,7.9,volume_distribution,VDss,(L/kg|L),ChEMBL
A,O=C(NCC12CC3CC(CC(C3)C1)C2)c1cc(CN2CCNCC2)ccc1Cl,CHEMBL235789,Vdss,L.kg-1,5.31,Vdss,L/Kg,5.31,volume_distribution,VDss,(L/kg|L),ChEMBL
A,NC(=O)[C@H]1CN(c2ccc([C@H]3CC[S@+]([O-])CC3)c(F)c2)C(=O)O1,CHEMBL2062151,Vdss,L.kg-1,6.2,Vdss,L/Kg,6.2,volume_distribution,VDss,(L/kg|L),ChEMBL
A,NC(=O)[C@H]1CN(c2ccc(C3CCS(=O)(=O)CC3)c(F)c2)C(=O)O1,CHEMBL235375,Vdss,L.kg-1,1.11,Vdss,L/Kg,1.11,volume_distribution,VDss,(L/kg|L),ChEMBL
A,NC(=O)[C@H]1CN(c2cc(F)c(C3CC[S+]([O-])CC3)c(F)c2)C(=O)O1,CHEMBL235374,Vdss,L.kg-1,0.83,Vdss,L/Kg,0.83,volume_distribution,VDss,(L/kg|L),ChEMBL
A,NC(=O)[C@H]1CN(c2ccc([C@H]3CC[S@+]([O-])CC3)c(F)c2)C(=O)O1,CHEMBL2062151,Vdss,L.kg-1,3.3,Vdss,L/Kg,3.3,volume_distribution,VDss,(L/kg|L),ChEMBL
A,NC(=O)[C@H]1CN(c2ccc([C@H]3CC[S@+]([O-])CC3)c(F)c2)C(=O)O1,CHEMBL2062151,Vdss,L.kg-1,0.7,Vdss,L/Kg,0.7,volume_distribution,VDss,(L/kg|L),ChEMBL
A,CCCn1cnc(C[C@H](CCCN)C(=O)O)c1,CHEMBL398110,Vdss,L.kg-1,0.35,Vdss,L/Kg,0.35,volume_distribution,VDss,(L/kg|L),ChEMBL
A,CCCn1cnc(C[C@H](CCCN)C(=O)O)c1,CHEMBL398110,Vdss,L.kg-1,0.5,Vdss,L/Kg,0.5,volume_distribution,VDss,(L/kg|L),ChEMBL
A,O=C(CCc1ccc(-c2ccc(O)cc2Cl)cc1)Nc1ccccc1C(=O)O,CHEMBL235256,Vdss,L.kg-1,0.35,Vdss,L/Kg,0.35,volume_distribution,VDss,(L/kg|L),ChEMBL
A,O=C(CCc1cnc(-c2ccc(O)cn2)s1)Nc1ccccc1C(=O)O,CHEMBL237037,Vdss,L.kg-1,0.62,Vdss,L/Kg,0.62,volume_distribution,VDss,(L/kg|L),ChEMBL
A,O=C(CCc1nc(-c2ccc(O)cc2)no1)Nc1ccccc1C(=O)O,CHEMBL391813,Vdss,L.kg-1,1.66,Vdss,L/Kg,1.66,volume_distribution,VDss,(L/kg|L),ChEMBL
A,Cc1c(CCC(=O)Nc2ccccc2C(=O)O)cnn1-c1ccc(O)cc1,CHEMBL236163,Vdss,L.kg-1,0.88,Vdss,L/Kg,0.88,volume_distribution,VDss,(L/kg|L),ChEMBL
A,O=C(CCc1cnc(-c2ccc(O)cc2Cl)s1)Nc1ccccc1C(=O)O,CHEMBL236162,Vdss,L.kg-1,0.37,Vdss,L/Kg,0.37,volume_distribution,VDss,(L/kg|L),ChEMBL
A,O=C(CCc1ccc(-c2ccc(O)cn2)cc1)Nc1ccccc1C(=O)O,CHEMBL235952,Vdss,L.kg-1,0.11,Vdss,L/Kg,0.11,volume_distribution,VDss,(L/kg|L),ChEMBL
A,CC#CCn1c(N2CCC[C@@H](N)C2)nc2c1c(=O)n(Cc1nc(C)c3ccccc3n1)c(=O)n2C,CHEMBL237500,Vdss,L.kg-1,5.4,Vdss,L/Kg,5.4,volume_distribution,VDss,(L/kg|L),ChEMBL
A,CC#CCn1c(N2CCC[C@@H](N)C2)nc2c1c(=O)n(Cc1nc(C)c3ccccc3n1)c(=O)n2C,CHEMBL237500,Vdss,L.kg-1,15.8,Vdss,L/Kg,15.8,volume_distribution,VDss,(L/kg|L),ChEMBL
A,CC(C)(Oc1ccc(F)cc1Cl)C(=O)N[C@H]1C2CC3CC1C[C@](S(N)(=O)=O)(C3)C2,CHEMBL391652,Vdss,L.kg-1,2.6,Vdss,L/Kg,2.6,volume_distribution,VDss,(L/kg|L),ChEMBL
A,CC(C)(Oc1ccc(F)cc1Cl)C(=O)N[C@H]1C2CC3CC1C[C@](S(C)(=O)=O)(C3)C2,CHEMBL241707,Vdss,L.kg-1,1.5,Vdss,L/Kg,1.5,volume_distribution,VDss,(L/kg|L),ChEMBL
A,CC(C)(Oc1ccc(Cl)cc1)C(=O)N[C@H]1C2CC3CC1C[C@](S(N)(=O)=O)(C3)C2,CHEMBL392932,Vdss,L.kg-1,2.1,Vdss,L/Kg,2.1,volume_distribution,VDss,(L/kg|L),ChEMBL
A,CC(C)(Oc1ccc(F)cc1Cl)C(=O)N[C@H]1C2CC3CC1C[C@](S(C)(=O)=O)(C3)C2,CHEMBL241707,Vdss,L.kg-1,2.7,Vdss,L/Kg,2.7,volume_distribution,VDss,(L/kg|L),ChEMBL
A,Cc1cc(CCC(=O)O)ccc1-c1noc(-c2ccc(OC(C)C)c(C(F)(F)F)c2)n1,CHEMBL208924,Vdss,L.kg-1,1.1,Vdss,L/Kg,1.1,volume_distribution,VDss,(L/kg|L),ChEMBL
A,Cc1cc([C@H]2C[C@H]2C(=O)O)ccc1-c1noc(-c2ccc(OC(C)C)c(C#N)c2)n1,CHEMBL247766,Vdss,L.kg-1,0.7,Vdss,L/Kg,0.7,volume_distribution,VDss,(L/kg|L),ChEMBL
A,Cc1cc([C@@H]2C[C@H]2C(=O)O)ccc1-c1noc(-c2ccc(OC(C)C)c(C#N)c2)n1,CHEMBL391581,Vdss,L.kg-1,1.0,Vdss,L/Kg,1.0,volume_distribution,VDss,(L/kg|L),ChEMBL
A,Cc1cc([C@@H]2C[C@H]2C(=O)O)ccc1-c1noc(-c2ccc(OC(C)C)c(C#N)c2)n1,CHEMBL391581,Vdss,L.kg-1,0.4,Vdss,L/Kg,0.4,volume_distribution,VDss,(L/kg|L),ChEMBL
A,Cc1cc([C@@H]2C[C@H]2C(=O)O)ccc1-c1noc(-c2ccc(OC(C)C)c(C(F)(F)F)c2)n1,CHEMBL391870,Vdss,L.kg-1,1.1,Vdss,L/Kg,1.1,volume_distribution,VDss,(L/kg|L),ChEMBL
A,Cc1nc(CCC(=O)O)ccc1-c1noc(-c2ccc(OC(C)C)c(C#N)c2)n1,CHEMBL241052,Vdss,L.kg-1,0.3,Vdss,L/Kg,0.3,volume_distribution,VDss,(L/kg|L),ChEMBL
A,Cc1cc(C(C)CC(=O)O)ccc1-c1noc(-c2ccc(OC(C)C)c(C(F)(F)F)c2)n1,CHEMBL391869,Vdss,L.kg-1,0.6,Vdss,L/Kg,0.6,volume_distribution,VDss,(L/kg|L),ChEMBL
A,Cc1cc(CC(C)C(=O)O)ccc1-c1noc(-c2ccc(OC(C)C)c(C(F)(F)F)c2)n1,CHEMBL241050,Vdss,L.kg-1,1.5,Vdss,L/Kg,1.5,volume_distribution,VDss,(L/kg|L),ChEMBL
A,Cc1cc(CCC(=O)O)ccc1-c1noc(-c2ccc(OC(C)C)c(C#N)c2)n1,CHEMBL211505,Vdss,L.kg-1,0.2,Vdss,L/Kg,0.2,volume_distribution,VDss,(L/kg|L),ChEMBL
A,COc1ccc(C2CN(C)Cc3cc(OCCCN4CCC(F)CC4)ccc32)cc1,CHEMBL233054,Vdss,L.kg-1,5.1,Vdss,L/Kg,5.1,volume_distribution,VDss,(L/kg|L),ChEMBL
A,COc1ccc([C@@H]2CN(C)Cc3cc(OCCCN4CCOC[C@@H]4C)ccc32)cc1,CHEMBL395609,Vdss,L.kg-1,6.8,Vdss,L/Kg,6.8,volume_distribution,VDss,(L/kg|L),ChEMBL
A,CSc1ccc(C2CN(C)Cc3cc(OCCCN4CCOCC4)ccc32)cc1,CHEMBL246955,Vdss,L.kg-1,5.1,Vdss,L/Kg,5.1,volume_distribution,VDss,(L/kg|L),ChEMBL
A,CSc1ccc(C2CN(C)Cc3cc(OCCCN4CCC(F)CC4)ccc32)cc1,CHEMBL395368,Vdss,L.kg-1,9.6,Vdss,L/Kg,9.6,volume_distribution,VDss,(L/kg|L),ChEMBL
A,CCOc1ccc(C2CN(C)Cc3cc(OCCCN4CCC(F)CC4)ccc32)cc1,CHEMBL246127,Vdss,L.kg-1,15.5,Vdss,L/Kg,15.5,volume_distribution,VDss,(L/kg|L),ChEMBL
A,COc1ccc(C2CN(C)Cc3cc(OCCCN4CCC(F)CC4)ccc32)cc1,CHEMBL233054,Vdss,L.kg-1,19.9,Vdss,L/Kg,19.9,volume_distribution,VDss,(L/kg|L),ChEMBL
A,CS(=O)(=O)c1ccccc1N1CCC(NC(=O)c2cc(C(F)(F)F)nn2-c2ccc3onc(N)c3c2)CC1,CHEMBL428749,Vdss,L.kg-1,2.6,Vdss,L/Kg,2.6,volume_distribution,VDss,(L/kg|L),ChEMBL
A,CCN(C)Cc1ccccc1N1CCC(NC(=O)c2cc(C(F)(F)F)nn2-c2ccc3onc(N)c3c2)CC1,CHEMBL246945,Vdss,L.kg-1,12.8,Vdss,L/Kg,12.8,volume_distribution,VDss,(L/kg|L),ChEMBL
A,CNCc1ccccc1N1CCC(NC(=O)c2cc(C(F)(F)F)nn2-c2ccc3onc(N)c3c2)CC1,CHEMBL397124,Vdss,L.kg-1,21.5,Vdss,L/Kg,21.5,volume_distribution,VDss,(L/kg|L),ChEMBL
A,Nc1noc2ccc(-n3nc(C(F)(F)F)cc3C(=O)NC3CCN(c4ccccc4CN4CCC[C@H]4O)CC3)cc12,CHEMBL395823,Vdss,L.kg-1,5.4,Vdss,L/Kg,5.4,volume_distribution,VDss,(L/kg|L),ChEMBL
A,Nc1noc2ccc(-n3nc(C(F)(F)F)cc3C(=O)NC3CCN(c4ccccc4CN4CCCC4)CC3)cc12,CHEMBL246738,Vdss,L.kg-1,13.0,Vdss,L/Kg,13.0,volume_distribution,VDss,(L/kg|L),ChEMBL
A,COc1ccc(-n2nc(C(N)=O)c3c2C(=O)N(C2CCN(c4ccccc4S(C)(=O)=O)CC2)CC3)cc1,CHEMBL392460,Vdss,L.kg-1,0.33,Vdss,L/Kg,0.33,volume_distribution,VDss,(L/kg|L),ChEMBL
A,CS(=O)(=O)c1ccccc1-c1ccc(NC(=O)c2cc(C(F)(F)F)nn2-c2cccc(CN)c2)c(F)c1,CHEMBL176140,Vdss,L.kg-1,0.99,Vdss,L/Kg,0.99,volume_distribution,VDss,(L/kg|L),ChEMBL
A,COCCOc1ccc(N2CCN(CCn3ncc4c3nc(N)n3nc(-c5ccco5)nc43)CC2)cc1.Cl,CHEMBL540115,Vdss,L.kg-1,2.6,Vdss,L/Kg,2.6,volume_distribution,VDss,(L/kg|L),ChEMBL
A,N#Cc1ccc(Nc2c(Nc3ccccc3Br)c(=O)c2=O)c(O)c1,CHEMBL239136,Vdss,L.kg-1,0.15,Vdss,L/Kg,0.15,volume_distribution,VDss,(L/kg|L),ChEMBL
A,CN1CCCN(C(=O)c2cccc(Nc3c(Nc4ccccc4)c(=O)c3=O)c2O)CC1.O=C(O)C(F)(F)F,CHEMBL240458,Vdss,L.kg-1,0.33,Vdss,L/Kg,0.33,volume_distribution,VDss,(L/kg|L),ChEMBL
A,O=C(c1cccc(Nc2c(Nc3ccccc3C(F)(F)F)c(=O)c2=O)c1O)N1CCCC1,CHEMBL399222,Vdss,L.kg-1,0.66,Vdss,L/Kg,0.66,volume_distribution,VDss,(L/kg|L),ChEMBL
A,Cl.O=c1c(Nc2ccccc2)c(Nc2ccc(Cl)c(S(=O)(=O)N3CCC(N4CCCCC4)CC3)c2O)c1=O,CHEMBL537883,Vdss,L.kg-1,0.24,Vdss,L/Kg,0.24,volume_distribution,VDss,(L/kg|L),ChEMBL
A,CN1CCCN(S(=O)(=O)c2c(Cl)ccc(Nc3c(Nc4ccccc4Cl)c(=O)c3=O)c2O)CC1.Cl,CHEMBL537441,Vdss,L.kg-1,0.31,Vdss,L/Kg,0.31,volume_distribution,VDss,(L/kg|L),ChEMBL
A,CN1CCCN(S(=O)(=O)c2c(Cl)ccc(Nc3c(Nc4ccccc4Br)c(=O)c3=O)c2O)CC1.Cl,CHEMBL556367,Vdss,L.kg-1,0.24,Vdss,L/Kg,0.24,volume_distribution,VDss,(L/kg|L),ChEMBL
A,CCCc1ccccc1Nc1c(Nc2ccc(Cl)c(S(=O)(=O)N3CCN(CC)CC3)c2O)c(=O)c1=O.O=C(O)C(F)(F)F,CHEMBL238971,Vdss,L.kg-1,0.89,Vdss,L/Kg,0.89,volume_distribution,VDss,(L/kg|L),ChEMBL
A,COCCNS(=O)(=O)c1c(Cl)ccc(Nc2c(Nc3ccccc3)c(=O)c2=O)c1O,CHEMBL391465,Vdss,L.kg-1,0.14,Vdss,L/Kg,0.14,volume_distribution,VDss,(L/kg|L),ChEMBL
A,Cc1ccccc1Nc1c(Nc2ccc(C)c(S(=O)(=O)N(C)C)c2O)c(=O)c1=O,CHEMBL239768,Vdss,L.kg-1,0.25,Vdss,L/Kg,0.25,volume_distribution,VDss,(L/kg|L),ChEMBL
A,COc1cccc2c1c(/C=C1\C(=O)NN=C1c1snnc1C)cn2C,CHEMBL404005,Vdss,L.kg-1,2.2,Vdss,L/Kg,2.2,volume_distribution,VDss,(L/kg|L),ChEMBL
A,Cn1cc(/C=C2\C(=O)NN=C2c2nccs2)c2c(F)cccc21,CHEMBL400729,Vdss,L.kg-1,0.23,Vdss,L/Kg,0.23,volume_distribution,VDss,(L/kg|L),ChEMBL
A,CCOc1cccc2c1c(/C=C1\C(=O)NN=C1c1snnc1C)cn2C,CHEMBL398610,Vdss,L.kg-1,1.1,Vdss,L/Kg,1.1,volume_distribution,VDss,(L/kg|L),ChEMBL
A,Cc1nnsc1C1=NNC(=O)/C1=C\c1cn(C)c2ccc(F)cc12,CHEMBL398301,Vdss,L.kg-1,1.1,Vdss,L/Kg,1.1,volume_distribution,VDss,(L/kg|L),ChEMBL
A,CCN(CCc1ccccc1)Cc1c(C)nc2n(-c3c(C)cc(C)cc3C)c3ncccc3n12,CHEMBL246501,Vdss,L.kg-1,0.48,Vdss,L/Kg,0.48,volume_distribution,VDss,(L/kg|L),ChEMBL
A,COc1ccc2nccc([C@@H]3CN(C4CCN(Cc5cc6ccccc6[nH]5)CC4)C(=O)O3)c2c1,CHEMBL245568,Vdss,L.kg-1,2.4,Vdss,L/Kg,2.4,volume_distribution,VDss,(L/kg|L),ChEMBL
A,NC1CN(c2cc(-c3cccc(C(=O)O)c3)ncn2)CC1c1cc(F)c(F)cc1F,CHEMBL245585,Vdss,L.kg-1,1.78,Vdss,L/Kg,1.78,volume_distribution,VDss,(L/kg|L),ChEMBL
A,CS(=O)(=O)c1cccc(-c2ncnc(N3CC(N)C(c4cc(F)c(F)cc4F)C3)n2)c1,CHEMBL246530,Vdss,L.kg-1,1.15,Vdss,L/Kg,1.15,volume_distribution,VDss,(L/kg|L),ChEMBL
A,CS(=O)(=O)c1cccc(-c2cc(N3CC(N)C(c4cc(F)c(F)cc4F)C3)ncn2)c1,CHEMBL428223,Vdss,L.kg-1,1.44,Vdss,L/Kg,1.44,volume_distribution,VDss,(L/kg|L),ChEMBL
A,NC1CN(c2cc(-c3cccc(S(=O)(=O)N4CCOCC4)c3)ncn2)CC1c1cc(F)c(F)cc1F,CHEMBL246322,Vdss,L.kg-1,1.84,Vdss,L/Kg,1.84,volume_distribution,VDss,(L/kg|L),ChEMBL
A,CN(C)C(=O)c1cccc(-c2cc(N3CC(N)C(c4cc(F)c(F)cc4F)C3)ncn2)c1,CHEMBL245781,Vdss,L.kg-1,1.77,Vdss,L/Kg,1.77,volume_distribution,VDss,(L/kg|L),ChEMBL
A,CS(=O)(=O)c1cccc(-c2ncnc(N3CC(N)C(c4cc(F)c(F)cc4F)C3)n2)c1,CHEMBL246530,Vdss,L.kg-1,3.83,Vdss,L/Kg,3.83,volume_distribution,VDss,(L/kg|L),ChEMBL
A,CS(=O)(=O)c1cccc(-c2ncnc(N3CC(N)C(c4cc(F)c(F)cc4F)C3)n2)c1,CHEMBL246530,Vdss,L.kg-1,4.01,Vdss,L/Kg,4.01,volume_distribution,VDss,(L/kg|L),ChEMBL
A,c1ccc(-c2oc3nccc(NCCN4CCNCC4)c3c2-c2ccccc2)cc1,CHEMBL392990,Vdss,L.kg-1,2.3,Vdss,L/Kg,2.3,volume_distribution,VDss,(L/kg|L),ChEMBL
A,c1ccc(-c2c(-c3ccc(OCCN4CCCCC4)cc3)oc3nccc(NCCN4CCNCC4)c23)cc1,CHEMBL393596,Vdss,L.kg-1,60.0,Vdss,L/Kg,60.0,volume_distribution,VDss,(L/kg|L),ChEMBL
A,CC(C)N(CCOc1ccc(-c2oc3nccc(NCCN4CCNCC4)c3c2-c2ccccc2)cc1)C(C)C,CHEMBL239590,Vdss,L.kg-1,1.22,Vdss,L/Kg,1.22,volume_distribution,VDss,(L/kg|L),ChEMBL
A,c1ccc(-c2c(-c3ccc(OCCn4ccnc4)cc3)oc3nccc(NCCN4CCNCC4)c23)cc1,CHEMBL240432,Vdss,L.kg-1,7.2,Vdss,L/Kg,7.2,volume_distribution,VDss,(L/kg|L),ChEMBL
A,c1ccc(-c2c(-c3ccc(OCCN4CCOCC4)cc3)oc3nccc(NCCN4CCNCC4)c23)cc1,CHEMBL240430,Vdss,L.kg-1,4.7,Vdss,L/Kg,4.7,volume_distribution,VDss,(L/kg|L),ChEMBL
A,c1ccc(-c2oc3ncnc(NCCN4CCNCC4)c3c2-c2ccccc2)cc1,CHEMBL247272,Vdss,L.kg-1,2.767,Vdss,ml/kg,2767.0,volume_distribution,VDss,(L/kg|L),ChEMBL
A,COc1ccc2cncc(Cc3nc4c([nH]3)c(=O)n(C)c(=O)n4CC(C)C)c2c1,CHEMBL246470,Vdss,L.kg-1,2.9,Vdss,L/Kg,2.9,volume_distribution,VDss,(L/kg|L),ChEMBL
A,COc1ccc2cncc(Cc3nc4c([nH]3)c(=O)n(C)c(=O)n4CC(C)C)c2c1,CHEMBL246470,Vdss,L.kg-1,2.1,Vdss,L/Kg,2.1,volume_distribution,VDss,(L/kg|L),ChEMBL
A,CNc1ncnc(-c2cccnc2Oc2cc(NC(=O)c3cccc(OC(F)(F)C(F)F)c3)ccc2C)n1,CHEMBL246356,Vdss,L.kg-1,1.311,Vdss,ml/kg,1311.0,volume_distribution,VDss,(L/kg|L),ChEMBL
A,C[C@@H](C(=O)N1CCOCC1)N1CC[C@H](NS(=O)(=O)/C=C/c2ccc(Cl)s2)C1=O,CHEMBL220050,Vdss,L.kg-1,0.3,Vdss,L/Kg,0.3,volume_distribution,VDss,(L/kg|L),ChEMBL
A,C[C@@H](C(=O)N1CCOCC1)N1CC[C@H](NS(=O)(=O)/C=C/c2ccc(Cl)s2)C1=O,CHEMBL220050,Vdss,L.kg-1,0.4,Vdss,L/Kg,0.4,volume_distribution,VDss,(L/kg|L),ChEMBL
A,C/C(=C\S(=O)(=O)N[C@H]1CCN([C@@H](C)C(=O)N2CCOCC2)C1=O)c1ccc(Cl)s1,CHEMBL391640,Vdss,L.kg-1,0.4,Vdss,L/Kg,0.4,volume_distribution,VDss,(L/kg|L),ChEMBL
A,C[C@@H](C(=O)N1CCOCC1)N1CC[C@H](NS(=O)(=O)CCc2ccc(Cl)s2)C1=O,CHEMBL391737,Vdss,L.kg-1,0.8,Vdss,L/Kg,0.8,volume_distribution,VDss,(L/kg|L),ChEMBL
A,C/C(=C\S(=O)(=O)N[C@H]1CCN([C@@H](C)C(=O)N2CCOCC2)C1=O)c1ccc(Cl)s1,CHEMBL391640,Vdss,L.kg-1,0.3,Vdss,L/Kg,0.3,volume_distribution,VDss,(L/kg|L),ChEMBL
A,C[C@@H](C(=O)N1CCOCC1)N1CC[C@H](NS(=O)(=O)CCc2ccc(Cl)s2)C1=O,CHEMBL391737,Vdss,L.kg-1,0.5,Vdss,L/Kg,0.5,volume_distribution,VDss,(L/kg|L),ChEMBL
A,COc1cccc2c1C[C@H]1C[C@@H](C(=O)N3CCN(c4ccc([N+](=O)[O-])cc4)CC3)CN(C)[C@@H]1C2,CHEMBL251541,Vdss,L.kg-1,3.0,Vdss,L/Kg,3.0,volume_distribution,VDss,(L/kg|L),ChEMBL
A,O=C(O)COc1ccc(Cl)cc1C1CCCCCC1,CHEMBL398126,Vdss,L.kg-1,0.52,Vdss,L/Kg,0.52,volume_distribution,VDss,(L/kg|L),ChEMBL
A,COc1ccc2c(C)cc(N[C@H]3CC[C@H](NCc4cn(C)c5cccnc45)C3)nc2c1,CHEMBL251701,Vdss,L.kg-1,7.6,Vdss,L/Kg,7.6,volume_distribution,VDss,(L/kg|L),ChEMBL
A,CN1CCc2nc(C(=O)N[C@@H]3CCC[C@H]3NC(=O)c3cc4cc(Cl)ccc4[nH]3)sc2C1.Cl,CHEMBL556574,Vdss,L.kg-1,2.54,Vdss,L/Kg,2.54,volume_distribution,VDss,(L/kg|L),ChEMBL
A,CN1CCc2nc(C(=O)N[C@@H]3CCCC[C@@H]3NC(=O)c3cc4cc(Cl)ccc4[nH]3)sc2C1.Cl,CHEMBL556396,Vdss,L.kg-1,2.22,Vdss,L/Kg,2.22,volume_distribution,VDss,(L/kg|L),ChEMBL
A,CCNC(=O)Nc1ccc(CNc2ncsc2C(=O)Nc2ccc3c(c2)OC(F)(F)O3)cn1,CHEMBL247798,Vdss,L.kg-1,0.24,Vdss,L/Kg,0.24,volume_distribution,VDss,(L/kg|L),ChEMBL
A,CNC(=O)Nc1ccc(CNc2ncsc2C(=O)Nc2ccc3c(c2)OC(F)(F)O3)cn1,CHEMBL247250,Vdss,L.kg-1,0.151,Vdss,L/Kg,0.151,volume_distribution,VDss,(L/kg|L),ChEMBL
A,Cc1ccc(O)cc1Nc1ccnc(Nc2cccc(S(N)(=O)=O)c2)n1,CHEMBL249317,Vdss,L.kg-1,0.3,Vdss,L/Kg,0.3,volume_distribution,VDss,(L/kg|L),ChEMBL
A,Cc1ccc2[nH]ncc2c1Nc1ccnc(Nc2cccc(S(N)(=O)=O)c2)n1,CHEMBL248676,Vdss,L.kg-1,0.7,Vdss,L/Kg,0.7,volume_distribution,VDss,(L/kg|L),ChEMBL
A,Cc1ccc2c(OCCN3CCC(Cc4ccc5c(c4)NC(=O)CO5)CC3)cccc2n1,CHEMBL183460,Vdss,L.kg-1,4.4,Vdss,L/Kg,4.4,volume_distribution,VDss,(L/kg|L),ChEMBL
A,CCN1C(=O)COc2ccc(CC3CCN(CCOc4cccc5nc(C)ccc45)CC3)cc21,CHEMBL246598,Vdss,L.kg-1,2.5,Vdss,L/Kg,2.5,volume_distribution,VDss,(L/kg|L),ChEMBL
A,Cc1ccc2c(OCCN3CCC(Cc4ccc5c(c4)N(C)C(=O)CO5)CC3)cccc2n1,CHEMBL246597,Vdss,L.kg-1,4.2,Vdss,L/Kg,4.2,volume_distribution,VDss,(L/kg|L),ChEMBL
A,CCCC(CCC)n1cc2c3c(nc(C)cc31)N(c1ccc(C(F)(F)F)cc1C(F)(F)F)CC2,CHEMBL250982,Vdss,L.kg-1,2.5,Vdss,L/Kg,2.5,volume_distribution,VDss,(L/kg|L),ChEMBL
A,CCC(CC)n1cc2c3c(nc(C)cc31)N(c1ccc(C(F)(F)F)cc1C(F)(F)F)CC2,CHEMBL250803,Vdss,L.kg-1,6.8,Vdss,L/Kg,6.8,volume_distribution,VDss,(L/kg|L),ChEMBL
A,CCCC(CCC)n1cc2c3c(nc(C)cc31)N(c1ccc(OC)c(F)c1)CC2,CHEMBL250182,Vdss,L.kg-1,24.0,Vdss,L/Kg,24.0,volume_distribution,VDss,(L/kg|L),ChEMBL
A,CCCC(CCC)n1cc2c3c(nc(C)cc31)N(c1ccc(C#N)cc1C)CC2,CHEMBL251386,Vdss,L.kg-1,17.0,Vdss,L/Kg,17.0,volume_distribution,VDss,(L/kg|L),ChEMBL
A,O[C@@H](CNCCOc1ccc(-c2cocn2)cc1)c1cccnc1,CHEMBL249336,Vdss,L.kg-1,0.89,Vdss,L/Kg,0.89,volume_distribution,VDss,(L/kg|L),ChEMBL
A,O[C@@H](CNCCOc1ccc(-c2cocn2)cc1)c1cccnc1,CHEMBL249336,Vdss,L.kg-1,2.8,Vdss,L/Kg,2.8,volume_distribution,VDss,(L/kg|L),ChEMBL
A,C[S@+]([O-])C[C@H]1[C@H]2CC[C@@]3(CC[C@H]4[C@@](C)(CCC[C@]4(C)C(=O)O)[C@@H]3C2)[C@@H]1O,CHEMBL2110350,Vdss,L.kg-1,0.33,Vdss,L/Kg,0.33,volume_distribution,VDss,(L/kg|L),ChEMBL
A,COC(=O)[C@@]1(C)CCC[C@@]2(C)[C@@H]3C[C@@H]4CC[C@@]3(CC[C@@H]21)[C@H](O)[C@H]4C[S+](C)[O-],CHEMBL393139,Vdss,L.kg-1,0.57,Vdss,L/Kg,0.57,volume_distribution,VDss,(L/kg|L),ChEMBL
A,C[S@@+]([O-])C[C@H]1[C@H]2CC[C@@]3(CC[C@H]4[C@@](C)(CCC[C@]4(C)C(=O)O)[C@@H]3C2)[C@@H]1O,CHEMBL2110263,Vdss,L.kg-1,0.33,Vdss,L/Kg,0.33,volume_distribution,VDss,(L/kg|L),ChEMBL
A,N#Cc1ccc(O[C@@H]2CCCC[C@H]2C#N)cc1C(F)(F)F,CHEMBL399887,Vdss,L.kg-1,6.5,Vdss,L/Kg,6.5,volume_distribution,VDss,(L/kg|L),ChEMBL
A,CCCCNc1nc(SCCC)nc2c1nnn2[C@@H]1C[C@H](C(=O)O)[C@@H](O)[C@H]1O,CHEMBL250847,Vdss,L.kg-1,0.4,Vdss,L/Kg,0.4,volume_distribution,VDss,(L/kg|L),ChEMBL
A,CCCSc1nc(N[C@@H]2C[C@H]2c2ccccc2)c2nnn([C@@H]3C[C@H](CO)[C@@H](O)[C@H]3O)c2n1,CHEMBL250687,Vdss,L.kg-1,2.9,Vdss,L/Kg,2.9,volume_distribution,VDss,(L/kg|L),ChEMBL
A,CCCSc1nc(N[C@@H]2C[C@H]2c2ccccc2)c2nnn([C@@H]3C[C@H](C(N)=O)[C@@H](O)[C@H]3O)c2n1,CHEMBL266922,Vdss,L.kg-1,2.2,Vdss,L/Kg,2.2,volume_distribution,VDss,(L/kg|L),ChEMBL
A,CCCSc1nc(N[C@@H]2C[C@H]2c2ccccc2)c2nnn([C@@H]3C[C@H](C(=O)O)[C@@H](O)[C@H]3O)c2n1,CHEMBL251041,Vdss,L.kg-1,0.5,Vdss,L/Kg,0.5,volume_distribution,VDss,(L/kg|L),ChEMBL
A,CCCCNc1nc(SCCC)nc2c1nnn2[C@@H]1C[C@H](CO)[C@@H](O)[C@H]1O,CHEMBL401158,Vdss,L.kg-1,2.3,Vdss,L/Kg,2.3,volume_distribution,VDss,(L/kg|L),ChEMBL
A,CCCCNc1nc(SCCC)nc2c1nnn2[C@@H]1C[C@H](C(N)=O)[C@@H](O)[C@H]1O,CHEMBL250848,Vdss,L.kg-1,1.6,Vdss,L/Kg,1.6,volume_distribution,VDss,(L/kg|L),ChEMBL
A,OCCO[C@H]1C[C@@H](n2nnc3c(N[C@@H]4C[C@H]4c4ccc(F)c(F)c4)nc(SCCC(F)(F)F)nc32)[C@H](O)[C@@H]1O,CHEMBL249790,Vdss,L.kg-1,2.1,Vdss,L/Kg,2.1,volume_distribution,VDss,(L/kg|L),ChEMBL
A,CCCSc1nc(N[C@@H]2C[C@H]2c2ccc(F)c(F)c2)c2nnn([C@@H]3C[C@H](OCCO)[C@@H](O)[C@H]3O)c2n1,CHEMBL398435,Vdss,L.kg-1,3.8,Vdss,L/Kg,3.8,volume_distribution,VDss,(L/kg|L),ChEMBL
A,OC[C@H]1C[C@@H](n2nnc3c(N[C@@H]4C[C@H]4c4ccc(F)c(F)c4)nc(SCCC(F)(F)F)nc32)[C@H](O)[C@@H]1O,CHEMBL249789,Vdss,L.kg-1,2.7,Vdss,L/Kg,2.7,volume_distribution,VDss,(L/kg|L),ChEMBL
A,OC[C@H]1C[C@@H](n2nnc3c(N[C@@H]4C[C@H]4c4ccc(F)c(F)c4)nc(SCCC(F)(F)F)nc32)[C@H](O)[C@@H]1O,CHEMBL249789,Vdss,L.kg-1,5.6,Vdss,L/Kg,5.6,volume_distribution,VDss,(L/kg|L),ChEMBL
A,CCCSc1nc(N[C@@H]2C[C@H]2c2ccc(F)c(F)c2)c2nnn([C@@H]3C[C@H](OCCO)[C@@H](O)[C@H]3O)c2n1,CHEMBL398435,Vdss,L.kg-1,3.0,Vdss,L/Kg,3.0,volume_distribution,VDss,(L/kg|L),ChEMBL
A,FC(F)(F)c1ccc(-c2[nH]c(N3CCN(c4ncccc4C(F)(F)F)CC3)nc2-c2ccccc2)cc1,CHEMBL246833,Vdss,L.kg-1,5.0,Vdss,L/Kg,5.0,volume_distribution,VDss,(L/kg|L),ChEMBL
A,C[C@@H]1CN(c2ncc(CO)cc2Cl)CCN1c1nc(-c2cc(F)c(F)c(F)c2)c(-c2ccc(C(F)(F)F)cc2)[nH]1,CHEMBL251094,Vdss,L.kg-1,5.4,Vdss,L/Kg,5.4,volume_distribution,VDss,(L/kg|L),ChEMBL
A,Fc1cc(-c2nc(N3CCN(c4ncccc4C(F)(F)F)CC3)[nH]c2-c2ccc(C(F)(F)F)cc2)cc(F)c1F,CHEMBL401332,Vdss,L.kg-1,1.7,Vdss,L/Kg,1.7,volume_distribution,VDss,(L/kg|L),ChEMBL
A,CC(C)(C)c1csc(NC(=O)c2ccn3c(=O)c(/C=C/c4nnn[nH]4)c(N4CCC[C@@H](OC(=O)NCC[N+](C)(C)CC(=O)[O-])C4)nc3c2)n1,CHEMBL394052,Vdss,L.kg-1,3.049,Vdss,L/Kg,3.049,volume_distribution,VDss,(L/kg|L),ChEMBL
A,CC(C)(C)c1csc(NC(=O)c2ccn3c(=O)c(/C=C/c4nnn[nH]4)c(N4CCC[C@@H](OC(=O)NCC[N+](C)(C)CC(=O)[O-])C4)nc3c2)n1,CHEMBL394052,Vdss,L.kg-1,1.712,Vdss,L/Kg,1.712,volume_distribution,VDss,(L/kg|L),ChEMBL
A,CC(C)(C)c1csc(NC(=O)c2ccn3c(=O)c(/C=C/c4nnn[nH]4)c(N4CCC[C@@H](OC(=O)NCC[N+](C)(C)CC(=O)[O-])C4)nc3c2)n1,CHEMBL394052,Vdss,L.kg-1,1.71,Vdss,L/Kg,1.71,volume_distribution,VDss,(L/kg|L),ChEMBL
A,CC(C)(C)c1csc(NC(=O)c2ccn3c(=O)c(/C=C/c4nnn[nH]4)c(N4CCC[C@@H](OC(=O)NCC[N+](C)(C)CC(=O)[O-])C4)nc3c2)n1,CHEMBL394052,Vdss,L.kg-1,0.414,Vdss,L/Kg,0.414,volume_distribution,VDss,(L/kg|L),ChEMBL
A,CC(C)(C)c1csc(NC(=O)c2ccn3c(=O)c(/C=C/c4nnn[nH]4)c(N4CCC[C@@H](OC(=O)NCC[N+](C)(C)CC(=O)[O-])C4)nc3c2)n1,CHEMBL394052,Vdss,L.kg-1,0.4,Vdss,L/Kg,0.4,volume_distribution,VDss,(L/kg|L),ChEMBL
A,CC1c2nc(C(F)(F)F)n(C)c2CCN1C(=O)C[C@H](N)Cc1cc(F)c(F)cc1F,CHEMBL250202,Vdss,L.kg-1,8.0,Vdss,L/Kg,8.0,volume_distribution,VDss,(L/kg|L),ChEMBL
A,Cn1c(C(F)(F)F)nc2c1CCN(C(=O)C[C@H](N)Cc1cc(F)c(F)cc1F)C2Cc1ccccc1,CHEMBL250284,Vdss,L.kg-1,6.5,Vdss,L/Kg,6.5,volume_distribution,VDss,(L/kg|L),ChEMBL
A,Cn1cnc2c1CCN(C(=O)C[C@H](N)Cc1cc(F)c(F)cc1F)C2C(F)(F)F,CHEMBL400954,Vdss,L.kg-1,8.3,Vdss,L/Kg,8.3,volume_distribution,VDss,(L/kg|L),ChEMBL
A,CN(CCOc1cccc2ncnc(Nc3ccc(OCc4ccccn4)c(Cl)c3)c12)C(=O)CO,CHEMBL249928,Vdss,L.kg-1,0.7,Vdss,L/Kg,0.7,volume_distribution,VDss,(L/kg|L),ChEMBL
A,CN(CCOc1cccc2ncnc(Nc3ccc(OCc4ccccn4)c(Cl)c3)c12)C(=O)CO,CHEMBL249928,Vdss,L.kg-1,0.9,Vdss,L/Kg,0.9,volume_distribution,VDss,(L/kg|L),ChEMBL
A,CN(CCOc1cccc2ncnc(Nc3ccc(OCc4ccccn4)c(Cl)c3)c12)C(=O)CO,CHEMBL249928,Vdss,L.kg-1,1.0,Vdss,L/Kg,1.0,volume_distribution,VDss,(L/kg|L),ChEMBL
A,CN(C)Cc1nccn1-c1ccc(NC(=O)c2cc(C(F)(F)F)nn2-c2ccc3onc(N)c3c2)c(F)c1,CHEMBL206335,Vdss,L.kg-1,3.4,Vdss,L/Kg,3.4,volume_distribution,VDss,(L/kg|L),ChEMBL
A,NC(=O)c1cc(C(=O)N2CCc3cc(N4CCCCC4=O)ccc32)n(-c2ccc3onc(N)c3c2)n1,CHEMBL250560,Vdss,L.kg-1,0.2,Vdss,L/Kg,0.2,volume_distribution,VDss,(L/kg|L),ChEMBL
A,NC(=O)c1cc(C(=O)N2CCc3cc(-c4ccccc4CN4CCCC4)ccc32)n(-c2ccc3onc(N)c3c2)n1,CHEMBL399332,Vdss,L.kg-1,6.2,Vdss,L/Kg,6.2,volume_distribution,VDss,(L/kg|L),ChEMBL
A,Nc1noc2ccc(-n3nc(C(F)(F)F)cc3C(=O)N3CCc4cc(-c5ccccc5CN5CCCC5)ccc43)cc12,CHEMBL399331,Vdss,L.kg-1,20.0,Vdss,L/Kg,20.0,volume_distribution,VDss,(L/kg|L),ChEMBL
A,Nc1noc2ccc(-n3nc(C(F)(F)F)cc3C(=O)N3CCc4cc(-c5ccccc5S(N)(=O)=O)ccc43)cc12,CHEMBL399956,Vdss,L.kg-1,2.0,Vdss,L/Kg,2.0,volume_distribution,VDss,(L/kg|L),ChEMBL
A,O=C1NC(=O)C2(CCCN2c2ccc(Oc3ccc(-c4nc(-c5ccc(F)cc5)co4)cc3)nc2)C(=O)N1,CHEMBL398468,Vdss,L.kg-1,1.3,Vdss,L/Kg,1.3,volume_distribution,VDss,(L/kg|L),ChEMBL
A,CC(=O)Nc1nc2c(Oc3cc(-c4ccc(C(F)(F)F)cc4)nc(C4=CCN(CC(C)C)CC4)n3)cccc2s1,CHEMBL251348,Vdss,L.kg-1,6.38,Vdss,ml/kg,6380.0,volume_distribution,VDss,(L/kg|L),ChEMBL
A,CC(=O)Nc1nc2c(Oc3cc(-c4ccc(C(F)(F)F)cc4)nc(NC(C)c4ccccn4)n3)cccc2s1,CHEMBL400571,Vdss,L.kg-1,6.44,Vdss,ml/kg,6440.0,volume_distribution,VDss,(L/kg|L),ChEMBL
A,CC(=O)Nc1nc2c(Oc3cc(-c4ccc(C(F)(F)F)cc4)nc(NCC4CCCCN4CC(C)C)n3)cccc2s1,CHEMBL398968,Vdss,L.kg-1,8.29,Vdss,ml/kg,8290.0,volume_distribution,VDss,(L/kg|L),ChEMBL
A,COc1cc2c(cc1N1C[C@@H](C)N[C@@H](C)C1)N(S(=O)(=O)c1ccc(-c3ccccn3)s1)CC2,CHEMBL251572,Vdss,L.kg-1,8.8,Vdss,L/Kg,8.8,volume_distribution,VDss,(L/kg|L),ChEMBL
A,CCNC(=O)c1noc(-c2cc(Cl)c(O)cc2O)c1-c1ccc(OC)cc1,CHEMBL252124,Vdss,l,0.432,Vdss,l,0.432,volume_distribution,VDss,(L/kg|L),ChEMBL
A,CCNC(=O)c1noc(-c2cc(-c3ccccc3)c(O)cc2O)c1-c1ccc(CN(CC)CC)cc1,CHEMBL401370,Vdss,l,0.736,Vdss,l,0.736,volume_distribution,VDss,(L/kg|L),ChEMBL
A,CCNC(=O)c1noc(-c2cc(C(C)C)c(O)cc2O)c1-c1ccc(CN2CCOCC2)cc1,CHEMBL252164,Vdss,l,0.478,Vdss,l,0.478,volume_distribution,VDss,(L/kg|L),ChEMBL
A,CCNC(=O)c1noc(-c2cc(C(C)(C)C)c(O)cc2O)c1-c1ccc(CN2CCOCC2)cc1,CHEMBL399583,Vdss,l,0.809,Vdss,l,0.809,volume_distribution,VDss,(L/kg|L),ChEMBL
A,CCNC(=O)c1noc(-c2cc(-c3ccccc3)c(O)cc2O)c1-c1ccc(CN2CCCCC2)cc1,CHEMBL400778,Vdss,l,0.652,Vdss,l,0.652,volume_distribution,VDss,(L/kg|L),ChEMBL
A,O=C(O)c1ccccc1NC(=O)N1CCN(c2cnc3ccccc3n2)CC1,CHEMBL252306,Vdss,L.kg-1,5.1,Vdss,L/Kg,5.1,volume_distribution,VDss,(L/kg|L),ChEMBL
A,CCNC(=O)c1cn2ncnc(Nc3cc(C(=O)NOC)ccc3C)c2c1C,CHEMBL252128,Vdss,L.kg-1,7.6,Vdss,L/Kg,7.6,volume_distribution,VDss,(L/kg|L),ChEMBL
A,CONC(=O)c1ccc(C)c(Nc2ncnn3cc(C(=O)N[C@@H](C)c4ccccc4)c(C)c23)c1,CHEMBL252535,Vdss,L.kg-1,1.5,Vdss,L/Kg,1.5,volume_distribution,VDss,(L/kg|L),ChEMBL
A,CCCNC(=O)c1cn2ncnc(Nc3cc(C(=O)NOC)ccc3C)c2c1C,CHEMBL401164,Vdss,L.kg-1,1.6,Vdss,L/Kg,1.6,volume_distribution,VDss,(L/kg|L),ChEMBL
A,C[C@H]1CNCCc2ccc(Cl)cc21,CHEMBL360328,Vdss,L.kg-1,18.0,Vdss,L/Kg,18.0,volume_distribution,VDss,(L/kg|L),ChEMBL
A,Cc1cccc(NC(=O)c2ccc(-c3ccc(C#N)cc3)o2)c1,CHEMBL401258,Vdss,L.kg-1,1.9,Vdss,L/Kg,1.9,volume_distribution,VDss,(L/kg|L),ChEMBL
A,COc1cc(NC(=O)c2ccc(-c3ccc(Cl)cc3)o2)cc(OC)c1,CHEMBL250699,Vdss,L.kg-1,6.4,Vdss,L/Kg,6.4,volume_distribution,VDss,(L/kg|L),ChEMBL
A,Nc1nc(N)c2c(OCC3CCN(Cc4ccccc4F)CC3)cccc2n1,CHEMBL251429,Vdss,L.kg-1,38.1,Vdss,ml/kg,38103.0,volume_distribution,VDss,(L/kg|L),ChEMBL
A,Nc1nc(N)c2c(OCC3CCN(Cc4ccccc4F)CC3)cccc2n1,CHEMBL251429,Vdss,g/Kg,2437.0,Vdss,g/Kg,2437.0,volume_distribution,VDss,(L/kg|L),ChEMBL
A,Cc1cc(COc2ccc(C(=O)N[C@@H]3CCOC[C@@H]3C(=O)NO)cc2)c2ccccc2n1,CHEMBL252893,Vdss,L.kg-1,0.4,Vdss,L/Kg,0.4,volume_distribution,VDss,(L/kg|L),ChEMBL
A,Cc1cc(COc2ccc(C(=O)N[C@@H]3CCOC[C@@H]3C(=O)NO)cc2)c2ccccc2n1,CHEMBL252893,Vdss,L.kg-1,1.6,Vdss,L/Kg,1.6,volume_distribution,VDss,(L/kg|L),ChEMBL
A,CN(C)Cc1nccn1-c1ccc(NC(=O)c2cc(C(F)(F)F)nn2-c2ccc3onc(N)c3c2)c(F)c1,CHEMBL206335,Vdss,L.kg-1,3.4,Vdss,L/Kg,3.4,volume_distribution,VDss,(L/kg|L),ChEMBL
A,COc1ccc(-n2nc(C(N)=O)cc2C(=O)Cc2ccc(-n3ccccc3=O)cc2F)cc1,CHEMBL403042,Vdss,L.kg-1,0.65,Vdss,L/Kg,0.65,volume_distribution,VDss,(L/kg|L),ChEMBL
A,CS(=O)(=O)c1ccccc1-c1ccc(N2CCC(NS(=O)(=O)c3ccc4cc(Cl)ccc4c3)C2=O)c(F)c1,CHEMBL402031,Vdss,L.kg-1,1.1,Vdss,L/Kg,1.1,volume_distribution,VDss,(L/kg|L),ChEMBL
A,CS(=O)(=O)c1ccccc1-c1ccc(N2CCC(NS(=O)(=O)/C=C/c3ccc(Cl)s3)C2=O)nc1,CHEMBL254337,Vdss,L.kg-1,0.7,Vdss,L/Kg,0.7,volume_distribution,VDss,(L/kg|L),ChEMBL
A,CS(=O)(=O)c1ccccc1-c1ccc(N2CCC(NS(=O)(=O)/C=C/c3ccc(Cl)cc3)C2=O)c(F)c1,CHEMBL402359,Vdss,L.kg-1,0.5,Vdss,L/Kg,0.5,volume_distribution,VDss,(L/kg|L),ChEMBL
A,O=C(NCc1ccc(NS(=O)(=O)C(F)(F)F)cc1)c1ccc(-c2ccc(Cl)cc2)cc1,CHEMBL252675,Vdss,L.kg-1,0.22,Vdss,L/Kg,0.22,volume_distribution,VDss,(L/kg|L),ChEMBL
A,Cc1ccc(Oc2ccc(N(C[C@H](NC(C)C)C(=O)NO)S(C)(=O)=O)cc2)cc1,CHEMBL253032,Vdss,L.kg-1,0.49,Vdss,L/Kg,0.49,volume_distribution,VDss,(L/kg|L),ChEMBL
A,Cc1ccc(Oc2ccc(N(C[C@@H](C(=O)NO)N3CCOCC3)S(C)(=O)=O)cc2)cc1,CHEMBL398265,Vdss,L.kg-1,0.66,Vdss,L/Kg,0.66,volume_distribution,VDss,(L/kg|L),ChEMBL
A,CS(=O)(=O)N(C[C@@H](C(=O)NO)N1CCOCC1)c1ccc(Oc2ccc(C(F)(F)F)cc2)cc1,CHEMBL400641,Vdss,L.kg-1,0.99,Vdss,L/Kg,0.99,volume_distribution,VDss,(L/kg|L),ChEMBL
A,Cc1ccc(Oc2ccc(N(C[C@H](Nc3cccc(F)c3)C(=O)NO)S(C)(=O)=O)cc2)cc1,CHEMBL254506,Vdss,L.kg-1,2.89,Vdss,L/Kg,2.89,volume_distribution,VDss,(L/kg|L),ChEMBL
A,Cc1ccc(C[n+]2csc(CCO)c2C)c(N)n1.[Cl-],CHEMBL252086,Vdss,L.kg-1,1.978,Vdss,ml/kg,1978.0,volume_distribution,VDss,(L/kg|L),ChEMBL
A,C/C(=C(\CCO)SCOC(=O)C(C)(C)C)N(C=O)Cc1ccc(C)nc1N,CHEMBL253044,Vdss,L.kg-1,1.832,Vdss,ml/kg,1832.0,volume_distribution,VDss,(L/kg|L),ChEMBL
A,C/C(=C(\CCO)SS/C(CCO)=C(/C)N(C=O)Cc1ccc(C)nc1N)N(C=O)Cc1ccc(C)nc1N,CHEMBL440237,Vdss,L.kg-1,19.29,Vdss,ml/kg,19289.0,volume_distribution,VDss,(L/kg|L),ChEMBL
A,O=C(N[C@@H](Cc1ccc(N2CCN(c3ccccc3)CC2)cc1)C(=O)O)c1c(Cl)cccc1Cl,CHEMBL402311,Vdss,L.kg-1,0.754,Vdss,L/Kg,0.754,volume_distribution,VDss,(L/kg|L),ChEMBL
A,O=C(N[C@@H](Cc1ccc(N2CCN(c3ccccc3)CC2)cc1)C(=O)O)c1c(Cl)cncc1Cl,CHEMBL253108,Vdss,L.kg-1,6.23,Vdss,L/Kg,6.23,volume_distribution,VDss,(L/kg|L),ChEMBL
A,CC(C)(F)C[C@H](N[C@@H](c1ccc(-c2ccc(S(C)(=O)=O)cc2)cc1)C(F)(F)F)C(=O)NC1(C#N)CC1,CHEMBL481611,Vdss,L.kg-1,1.1,Vdss,L/Kg,1.1,volume_distribution,VDss,(L/kg|L),ChEMBL
A,CC(C)(F)C[C@H](N[C@@H](c1ccc(-c2ccc(S(C)(=O)=O)cc2)cc1)C(F)(F)F)C(=O)NC1(C#N)CC1,CHEMBL481611,Vdss,L.kg-1,0.6,Vdss,L/Kg,0.6,volume_distribution,VDss,(L/kg|L),ChEMBL
A,CC(C)(F)C[C@H](N[C@@H](c1ccc(-c2ccc(S(C)(=O)=O)cc2)cc1)C(F)(F)F)C(=O)NC1(C#N)CC1,CHEMBL481611,Vdss,L.kg-1,1.6,Vdss,L/Kg,1.6,volume_distribution,VDss,(L/kg|L),ChEMBL
A,Cc1cc(COc2ccc(C(=O)N[C@@H]3C[C@@]4(CCCO4)C[C@@H]3C(=O)NO)cc2)c2ccccc2n1,CHEMBL401471,Vdss,L.kg-1,0.3,Vdss,L/Kg,0.3,volume_distribution,VDss,(L/kg|L),ChEMBL
A,Cc1cc(COc2ccc(C(=O)N[C@@H]3C[C@]4(CCCO4)C[C@@H]3C(=O)NO)cc2)c2ccccc2n1,CHEMBL251994,Vdss,L.kg-1,1.4,Vdss,L/Kg,1.4,volume_distribution,VDss,(L/kg|L),ChEMBL
A,O=C(N[C@@H]1CCOC[C@@H]1C(=O)NO)c1ccc(Cn2c(C(F)(F)F)nc3ccccc32)cc1,CHEMBL253275,Vdss,L.kg-1,1.5,Vdss,L/Kg,1.5,volume_distribution,VDss,(L/kg|L),ChEMBL
A,O=C(N[C@@H]1CCOC[C@@H]1C(=O)NO)c1ccc(Cn2c(C(F)(F)F)nc3ccccc32)cc1,CHEMBL253275,Vdss,L.kg-1,1.0,Vdss,L/Kg,1.0,volume_distribution,VDss,(L/kg|L),ChEMBL
A,CN1CCN(c2ccc(NC(=O)c3ccc(C#N)o3)c(N3CCCCC3)c2)CC1,CHEMBL398509,Vdss,L.kg-1,7.97,Vdss,ml/kg,7970.0,volume_distribution,VDss,(L/kg|L),ChEMBL
A,CC1CCN(c2cc(N3CCN(C)CC3)ccc2NC(=O)c2ccc(C#N)o2)CC1,CHEMBL252436,Vdss,L.kg-1,11.37,Vdss,ml/kg,11370.0,volume_distribution,VDss,(L/kg|L),ChEMBL
A,CC1CCN(c2cc(N3CCN(C)CC3)ccc2NC(=O)c2cc(C#N)c[nH]2)CC1,CHEMBL254702,Vdss,L.kg-1,5.635,Vdss,ml/kg,5635.0,volume_distribution,VDss,(L/kg|L),ChEMBL
A,C[C@@H](Oc1cccc2ncnc(Nc3ccc4c(cnn4Cc4ccccn4)c3)c12)C(=O)N(C)C,CHEMBL402011,Vdss,L.kg-1,2.1,Vdss,L/Kg,2.1,volume_distribution,VDss,(L/kg|L),ChEMBL
A,C[C@@H](Oc1cccc2ncnc(Nc3ccc4c(cnn4Cc4ccccn4)c3)c12)C(=O)N(C)C,CHEMBL402011,Vdss,L.kg-1,2.3,Vdss,L/Kg,2.3,volume_distribution,VDss,(L/kg|L),ChEMBL
A,C[C@@H](Oc1cccc2ncnc(Nc3ccc4c(cnn4Cc4nccs4)c3)c12)C(=O)N1CCOCC1,CHEMBL257411,Vdss,L.kg-1,2.0,Vdss,L/Kg,2.0,volume_distribution,VDss,(L/kg|L),ChEMBL
A,C[C@@H](Oc1cccc2ncnc(Nc3ccc4c(cnn4Cc4nccs4)c3)c12)C(=O)N1CCOCC1,CHEMBL257411,Vdss,L.kg-1,3.1,Vdss,L/Kg,3.1,volume_distribution,VDss,(L/kg|L),ChEMBL
A,CC[C@@H](C)Nc1ncc(C(=O)Nc2cc(C(=O)NC)ccc2C)s1,CHEMBL258202,Vdss,L.kg-1,1.8,Vdss,L/Kg,1.8,volume_distribution,VDss,(L/kg|L),ChEMBL
A,COC[C@H]1CCCN1C(=O)c1cc(C)cc(C(=O)N[C@@H](Cc2cc(F)cc(F)c2)[C@H](O)[C@H]2C[C@@H](Oc3ccccc3)CN2)c1,CHEMBL403195,Vdss,L.kg-1,15.0,Vdss,L/Kg,15.0,volume_distribution,VDss,(L/kg|L),ChEMBL
A,CN(c1cccn(O)c1=O)S(=O)(=O)c1ccc(Oc2ccc(Cl)cc2)cc1,CHEMBL257088,Vdss,L.kg-1,1.75,Vdss,L/Kg,1.75,volume_distribution,VDss,(L/kg|L),ChEMBL
A,COc1cccc(C[C@H](NC(=O)c2cccc(N)c2Cl)[C@H](O)C(=O)N2CSC(C)(C)[C@H]2C(=O)NCc2c(C)cccc2C)c1,CHEMBL256934,Vdss,L.kg-1,1.3,Vdss,L/Kg,1.3,volume_distribution,VDss,(L/kg|L),ChEMBL
A,COC(=O)N[C@H](C(=O)N[C@@H](Cc1ccccc1)[C@@H](O)CN(Cc1ccc(-c2ccccn2)cc1)NC(=O)[C@@H](NC(=O)OC)C(C)(C)C)C(C)(C)C,CHEMBL1163,Vdss,L.kg-1,2.0,Vdss,L/Kg,2.0,volume_distribution,VDss,(L/kg|L),ChEMBL
A,Cc1ccccc1CNC(=O)[C@H]1N(C(=O)[C@@H](O)[C@H](Cc2ccccc2)NC(=O)c2cccc(O)c2C)CSC1(C)C,CHEMBL300891,Vdss,L.kg-1,1.6,Vdss,L/Kg,1.6,volume_distribution,VDss,(L/kg|L),ChEMBL
A,COc1cccc(C[C@H](NC(=O)c2cccc(N)c2Cl)[C@H](O)C(=O)N2CCC(C)(C)[C@H]2C(=O)NCc2c(C)cccc2C)c1,CHEMBL272796,Vdss,L.kg-1,1.9,Vdss,L/Kg,1.9,volume_distribution,VDss,(L/kg|L),ChEMBL
A,Cc1nnc(-c2ccc(C)c(-c3ccc(C(=O)NCC4CC4)cc3)c2)o1,CHEMBL273158,Vdss,L.kg-1,2.0,Vdss,L/Kg,2.0,volume_distribution,VDss,(L/kg|L),ChEMBL
A,CC1NC(N)=Nc2cccc(Cl)c21,CHEMBL270177,Vdss,L.kg-1,9.0,Vdss,L/Kg,9.0,volume_distribution,VDss,(L/kg|L),ChEMBL
A,CC1NC(NCC(F)F)=Nc2cccc(Cl)c21,CHEMBL404511,Vdss,L.kg-1,3.6,Vdss,L/Kg,3.6,volume_distribution,VDss,(L/kg|L),ChEMBL
A,C/C(=C\S(=O)(=O)NC1CCN(c2ccc(-n3ccnc3CN(C)C)cc2F)C1=O)c1ccc(Cl)s1,CHEMBL257741,Vdss,L.kg-1,0.7,Vdss,L/Kg,0.7,volume_distribution,VDss,(L/kg|L),ChEMBL
A,CN(C)Cc1nccn1-c1ccc(N2CCC(NS(=O)(=O)CCc3ccc(Cl)s3)C2=O)c(F)c1,CHEMBL404346,Vdss,L.kg-1,1.1,Vdss,L/Kg,1.1,volume_distribution,VDss,(L/kg|L),ChEMBL
A,CN(C)Cc1nccn1-c1ccc(N2CCC(NS(=O)(=O)/C=C/c3ccc(Cl)s3)C2=O)c(F)c1,CHEMBL271671,Vdss,L.kg-1,0.6,Vdss,L/Kg,0.6,volume_distribution,VDss,(L/kg|L),ChEMBL
A,CNCc1cc(C(=O)N2CCN(C3CC3)CC2)ccc1Oc1ccc(Cl)c(Cl)c1,CHEMBL402644,Vdss,L.kg-1,13.0,Vdss,L/Kg,13.0,volume_distribution,VDss,(L/kg|L),ChEMBL
A,COC(=O)c1c(Cl)cc(Cl)cc1-c1cnc([C@@H](C)NC(=O)[C@@](C)(O)C(F)(F)F)c(F)c1,CHEMBL256671,Vdss,L.kg-1,1.2,Vdss,L/Kg,1.2,volume_distribution,VDss,(L/kg|L),ChEMBL
A,Cc1nc(-c2c(F)cc(Cl)cc2-c2cnc([C@@H](C)NC(=O)[C@@](C)(O)C(F)(F)F)c(F)c2)no1,CHEMBL402831,Vdss,L.kg-1,0.52,Vdss,L/Kg,0.52,volume_distribution,VDss,(L/kg|L),ChEMBL
A,C[C@@H](NC(=O)[C@@](C)(O)C(F)(F)F)c1ncc(-c2cc(Cl)cc(F)c2-c2nnn(C)n2)cc1Cl,CHEMBL271283,Vdss,L.kg-1,0.86,Vdss,L/Kg,0.86,volume_distribution,VDss,(L/kg|L),ChEMBL
A,C[C@@H](NC(=O)[C@@](C)(O)C(F)(F)F)c1ncc(-c2cc(Cl)cc(F)c2-c2nnn(C)n2)cc1F,CHEMBL258324,Vdss,L.kg-1,0.54,Vdss,L/Kg,0.54,volume_distribution,VDss,(L/kg|L),ChEMBL
A,Cc1noc(-c2c(F)cc(Cl)cc2-c2cnc([C@@H](C)NC(=O)[C@@](C)(O)C(F)(F)F)c(F)c2)n1,CHEMBL258326,Vdss,L.kg-1,1.3,Vdss,L/Kg,1.3,volume_distribution,VDss,(L/kg|L),ChEMBL
A,Cc1noc(-c2c(Cl)cc(Cl)cc2-c2cnc([C@@H](C)NC(=O)[C@@](C)(O)C(F)(F)F)c(F)c2)n1,CHEMBL257729,Vdss,L.kg-1,1.0,Vdss,L/Kg,1.0,volume_distribution,VDss,(L/kg|L),ChEMBL
A,C#CCN1C[C@H](C(=O)NO)[C@H](NC(=O)c2ccc(OCc3cc(C)nc4ccccc34)cc2)C1,CHEMBL271235,Vdss,L.kg-1,1.7,Vdss,L/Kg,1.7,volume_distribution,VDss,(L/kg|L),ChEMBL
A,Cc1cc(COc2ccc(C(=O)N[C@@H]3COC[C@@H]3C(=O)NO)cc2)c2ccccc2n1,CHEMBL256621,Vdss,L.kg-1,0.8,Vdss,L/Kg,0.8,volume_distribution,VDss,(L/kg|L),ChEMBL
A,C[C@@H](Oc1cccc2ncnc(Nc3ccc(OCc4ccccn4)c(Cl)c3)c12)C(=O)N(C)C,CHEMBL428777,Vdss,L.kg-1,0.5,Vdss,L/Kg,0.5,volume_distribution,VDss,(L/kg|L),ChEMBL
A,C[C@@H](Oc1cccc2ncnc(Nc3ccc(OCc4ccccn4)c(Cl)c3)c12)C(=O)N(C)C,CHEMBL428777,Vdss,L.kg-1,1.0,Vdss,L/Kg,1.0,volume_distribution,VDss,(L/kg|L),ChEMBL
A,Cc1ccc(Oc2ccc(Nc3ncnc4cccc(O[C@H](C)C(=O)N(C)CCO)c34)cc2C)cn1,CHEMBL257478,Vdss,L.kg-1,0.9,Vdss,L/Kg,0.9,volume_distribution,VDss,(L/kg|L),ChEMBL
A,Cc1ccc(Oc2ccc(Nc3ncnc4cccc(O[C@H](C)C(=O)N(C)CCO)c34)cc2C)cn1,CHEMBL257478,Vdss,L.kg-1,1.0,Vdss,L/Kg,1.0,volume_distribution,VDss,(L/kg|L),ChEMBL
A,Cc1ccc(Oc2ccc(Nc3ncnc4cccc(O[C@H](C)C(=O)N(C)C)c34)cc2C)cn1,CHEMBL256362,Vdss,L.kg-1,0.9,Vdss,L/Kg,0.9,volume_distribution,VDss,(L/kg|L),ChEMBL
A,Cc1ccc(Oc2ccc(Nc3ncnc4cccc(O[C@H](C)C(=O)N(C)C)c34)cc2C)cn1,CHEMBL256362,Vdss,L.kg-1,1.8,Vdss,L/Kg,1.8,volume_distribution,VDss,(L/kg|L),ChEMBL
A,Cc1cc(N2CCC(N(C)C(=O)CCS(=O)(=O)c3ccc4cc(Cl)ccc4c3)CC2)ccn1,CHEMBL261646,Vdss,L.kg-1,3.285,Vdss,L/Kg,3.285,volume_distribution,VDss,(L/kg|L),ChEMBL
A,Cc1ccc(Oc2ccc(N(C[C@H](O)C(=O)NO)S(C)(=O)=O)cc2)cc1,CHEMBL252422,Vdss,L.kg-1,1.4,Vdss,L/Kg,1.4,volume_distribution,VDss,(L/kg|L),ChEMBL
A,Cc1ccc(Oc2ccc(N(CC(C)(O)C(=O)NO)S(C)(=O)=O)cc2)cc1,CHEMBL401821,Vdss,L.kg-1,1.3,Vdss,L/Kg,1.3,volume_distribution,VDss,(L/kg|L),ChEMBL
A,CN1CCN(CCOc2n[nH]c3ncnc(Nc4ccc(OCc5ccccn5)c(Cl)c4)c23)CC1,CHEMBL258282,Vdss,L.kg-1,4.5,Vdss,L/Kg,4.5,volume_distribution,VDss,(L/kg|L),ChEMBL
A,CN1CCN(CCOc2n[nH]c3ncnc(Nc4ccc(OCc5ccccn5)c(Cl)c4)c23)CC1,CHEMBL258282,Vdss,L.kg-1,9.0,Vdss,L/Kg,9.0,volume_distribution,VDss,(L/kg|L),ChEMBL
A,CC(=O)Nc1ccc(C(=O)Nc2cc(-c3cccs3)ccc2N)cc1,CHEMBL235842,Vdss,L.kg-1,6.9,Vdss,L/Kg,6.9,volume_distribution,VDss,(L/kg|L),ChEMBL
A,CN(C)C(=O)C(=O)N(C)[C@H]1CCCn2c1nc(C(=O)NCc1ccc(F)cc1)c(O)c2=O,CHEMBL410850,Vdss,L.kg-1,3.0,Vdss,L/Kg,3.0,volume_distribution,VDss,(L/kg|L),ChEMBL
A,CN(C)C(=O)C(=O)N(C)[C@H]1CCCn2c1nc(C(=O)NCc1ccc(F)cc1)c(O)c2=O,CHEMBL410850,Vdss,L.kg-1,1.2,Vdss,L/Kg,1.2,volume_distribution,VDss,(L/kg|L),ChEMBL
A,CN(C)C(=O)C(=O)N(C)[C@H]1CCCCn2c1nc(C(=O)NCc1ccc(F)cc1)c(O)c2=O,CHEMBL408962,Vdss,L.kg-1,0.7,Vdss,L/Kg,0.7,volume_distribution,VDss,(L/kg|L),ChEMBL
A,CN(C)C(=O)C(=O)N(C)[C@H]1CCCCn2c1nc(C(=O)NCc1ccc(F)cc1)c(O)c2=O,CHEMBL408962,Vdss,L.kg-1,0.9,Vdss,L/Kg,0.9,volume_distribution,VDss,(L/kg|L),ChEMBL
A,CN(C)C(=O)C(=O)N(C)[C@H]1CCCCn2c1nc(C(=O)NCc1ccc(F)cc1)c(O)c2=O,CHEMBL408962,Vdss,L.kg-1,0.7,Vdss,L/Kg,0.7,volume_distribution,VDss,(L/kg|L),ChEMBL
A,N=C(N)NCCC[C@@H]1NC(=O)[C@@H](Cc2ccccc2)NC(=O)[C@H](Cc2ccccc2)NC(=O)CCC(=O)NCCN(CC(N)=O)C(=O)[C@H](Cc2c[nH]c3ccccc23)NC1=O,CHEMBL408398,Vdss,L.kg-1,2.1,Vdss,L/Kg,2.1,volume_distribution,VDss,(L/kg|L),ChEMBL
A,CO[C@@H]1CN(C[C@@H]2Cc3ccc(NC(=O)C(C)C)cc3C2)CC[C@H]1n1c(C)nc2cc(C)ccc21,CHEMBL258260,Vdss,L.kg-1,14.0,Vdss,L/Kg,14.0,volume_distribution,VDss,(L/kg|L),ChEMBL
A,CO[C@@H]1CN(C[C@H]2Cc3ccc(C#N)cc3C2)CC[C@H]1n1c(C(C)(C)O)nc2cc(C)ccc21,CHEMBL257280,Vdss,L.kg-1,3.6,Vdss,L/Kg,3.6,volume_distribution,VDss,(L/kg|L),ChEMBL
A,CC(C)C[C@H](NC(=O)[C@@H](NC(=O)c1cccc(-c2ccccc2)n1)[C@@H](C)O)B(O)O,CHEMBL270515,Vdss,L.kg-1,18.1,Vdss,L/Kg,18.1,volume_distribution,VDss,(L/kg|L),ChEMBL
A,CC(C)C[C@H](NC(=O)[C@@H](NC(=O)c1cccc(-c2ccccc2)n1)[C@@H](C)O)B(O)O,CHEMBL270515,Vdss,L.kg-1,10.3,Vdss,L/Kg,10.3,volume_distribution,VDss,(L/kg|L),ChEMBL
A,CC(C)C[C@H](NC(=O)[C@H](Cc1ccccc1)NC(=O)c1cnccn1)B(O)O,CHEMBL325041,Vdss,L.kg-1,102.0,Vdss,L/Kg,102.0,volume_distribution,VDss,(L/kg|L),ChEMBL
A,O=C(O)c1ccc(Cn2cnc3ccc(C#CCc4ccccc4)cc3c2=O)cc1,CHEMBL273054,Vdss,L.kg-1,0.6,Vdss,L/Kg,0.6,volume_distribution,VDss,(L/kg|L),ChEMBL
A,COc1cccc(CNC(=O)c2cc3c(=O)n(Cc4ccc(C(=O)O)cc4)cnc3cc2F)c1,CHEMBL272261,Vdss,L.kg-1,0.5,Vdss,L/Kg,0.5,volume_distribution,VDss,(L/kg|L),ChEMBL
A,CCN(CC)CCN(Cc1ccc(-c2ccc(C(F)(F)F)cc2)cc1)C(=O)Cn1cc(CCNS(C)(=O)=O)c(=O)nc1SCc1ccc(F)cc1,CHEMBL10352,Permeability,cm hr-1,0.005,Permeability,cm hr-1,0.005,caco2_permeability,Permeability,(cm/s),ChEMBL
A,CCN(CC)CCN(Cc1ccc(-c2ccc(C(F)(F)F)cc2)cc1)C(=O)Cn1cc(C)c(=O)nc1SCc1ccc(F)cc1,CHEMBL10532,Permeability,cm hr-1,0.08,Permeability,cm hr-1,0.08,caco2_permeability,Permeability,(cm/s),ChEMBL
A,CCCc1cn(CC(=O)N(CCN(CC)CC)Cc2ccc(-c3ccc(C(F)(F)F)cc3)cc2)c(SCc2ccc(F)cc2)nc1=O,CHEMBL274551,Permeability,cm hr-1,0.13,Permeability,cm hr-1,0.13,caco2_permeability,Permeability,(cm/s),ChEMBL
A,CCN(CC)CCN(Cc1ccc(-c2ccc(C(F)(F)F)cc2)cc1)C(=O)Cn1cc(CCNC(C)=O)c(=O)nc1SCc1ccc(F)cc1,CHEMBL10659,Permeability,cm hr-1,0.003,Permeability,cm hr-1,0.003,caco2_permeability,Permeability,(cm/s),ChEMBL
A,CCN(CC)CCN(Cc1ccc(-c2ccc(C(F)(F)F)cc2)cc1)C(=O)Cn1cc(Br)c(=O)nc1SCc1ccc(F)cc1,CHEMBL10271,Permeability,cm hr-1,0.09,Permeability,cm hr-1,0.09,caco2_permeability,Permeability,(cm/s),ChEMBL
A,CCN(CC)CCN(Cc1ccc(-c2ccc(C(F)(F)F)cc2)cc1)C(=O)Cn1cc(Cl)c(=O)nc1SCc1ccc(F)cc1,CHEMBL10769,Permeability,cm hr-1,0.11,Permeability,cm hr-1,0.11,caco2_permeability,Permeability,(cm/s),ChEMBL
A,CCN(CC)CCN(Cc1ccc(-c2ccc(C(F)(F)F)cc2)cc1)C(=O)Cn1cc(CCO)c(=O)nc1SCc1ccc(F)cc1,CHEMBL10502,Permeability,cm hr-1,0.003,Permeability,cm hr-1,0.003,caco2_permeability,Permeability,(cm/s),ChEMBL
A,CCN(CC)CCN(Cc1ccc(-c2ccc(C(F)(F)F)cc2)cc1)C(=O)Cn1cc(CO)c(=O)nc1SCc1ccc(F)cc1,CHEMBL165840,Permeability,cm hr-1,0.002,Permeability,cm hr-1,0.002,caco2_permeability,Permeability,(cm/s),ChEMBL
A,CCN(CC)CCN(Cc1ccc(-c2ccc(C(F)(F)F)cc2)cc1)C(=O)Cn1c(SCc2ccc(F)cc2)nc(=O)c(C)c1C,CHEMBL10759,Permeability,cm hr-1,0.03,Permeability,cm hr-1,0.03,caco2_permeability,Permeability,(cm/s),ChEMBL
A,CCN(CC)CCN(Cc1ccc(-c2ccc(C(F)(F)F)cc2)cc1)C(=O)Cn1c(C)cc(=O)nc1SCc1ccc(F)cc1,CHEMBL268764,Permeability,cm hr-1,0.05,Permeability,cm hr-1,0.05,caco2_permeability,Permeability,(cm/s),ChEMBL
A,CCN(CC)CCN(Cc1ccc(-c2ccc(C(F)(F)F)cc2)cc1)C(=O)Cn1c(SCc2ccc(F)cc2)nc(=O)c2c1CCC2,CHEMBL204021,Permeability,cm hr-1,0.1,Permeability,cm hr-1,0.1,caco2_permeability,Permeability,(cm/s),ChEMBL
A,CCN(CC)CCN(Cc1ccc(-c2ccc(C(F)(F)F)cc2)cc1)C(=O)Cn1cc(Cc2cnn(C)c2)c(=O)nc1SCc1ccc(F)cc1,CHEMBL10921,Permeability,cm hr-1,0.017,Permeability,cm hr-1,0.017,caco2_permeability,Permeability,(cm/s),ChEMBL
A,CCc1cn(CC(=O)N(CCN(CC)CC)Cc2ccc(-c3ccc(Cl)cc3)cc2)c(SCc2ccc(F)cc2)nc1=O,CHEMBL273503,Permeability,cm hr-1,0.12,Permeability,cm hr-1,0.12,caco2_permeability,Permeability,(cm/s),ChEMBL
A,CCc1cn(CC(=O)N(CCN(CC)CC)Cc2ccc(-c3ccc(C(F)(F)F)cc3)cc2)c(SCc2ccc(F)cc2)nc1=O,CHEMBL10604,Permeability,cm hr-1,0.1,Permeability,cm hr-1,0.1,caco2_permeability,Permeability,(cm/s),ChEMBL
A,CCN(CC)CCN(Cc1ccc(-c2ccc(C(F)(F)F)cc2)cc1)C(=O)Cn1cc(SC)c(=O)nc1SCc1ccc(F)cc1,CHEMBL10600,Permeability,cm hr-1,0.03,Permeability,cm hr-1,0.03,caco2_permeability,Permeability,(cm/s),ChEMBL
A,CCN(CC)CCN(Cc1ccc(-c2ccc(C(F)(F)F)cc2)cc1)C(=O)Cn1cc(OC)c(=O)nc1SCc1ccc(F)cc1,CHEMBL10612,Permeability,cm hr-1,0.025,Permeability,cm hr-1,0.025,caco2_permeability,Permeability,(cm/s),ChEMBL
A,CCN(CC)CCN(Cc1ccc(-c2ccc(Cl)cc2)cc1)C(=O)Cn1cc(C)c(=O)nc1SCc1ccc(F)cc1,CHEMBL10440,Permeability,cm hr-1,0.1,Permeability,cm hr-1,0.1,caco2_permeability,Permeability,(cm/s),ChEMBL
A,CCN(CC)CCN(Cc1ccc(-c2ccc(C(F)(F)F)cc2)cc1)C(=O)Cn1cc([S+](C)[O-])c(=O)nc1SCc1ccc(F)cc1,CHEMBL275128,Permeability,cm hr-1,0.006,Permeability,cm hr-1,0.006,caco2_permeability,Permeability,(cm/s),ChEMBL
A,CCN(CC)CCN(Cc1ccc(-c2ccc(Cl)cc2)cc1)C(=O)Cn1c(SCc2ccc(F)cc2)nc(=O)c2c1CCC2,CHEMBL10663,Permeability,cm hr-1,0.14,Permeability,cm hr-1,0.14,caco2_permeability,Permeability,(cm/s),ChEMBL
A,CCN(CC)CCN(Cc1ccc(-c2ccc(C(F)(F)F)cc2)cc1)C(=O)Cn1c(SCc2ccc(F)cc2)nc(=O)c2c1CCCC2,CHEMBL10441,Permeability,cm hr-1,0.06,Permeability,cm hr-1,0.06,caco2_permeability,Permeability,(cm/s),ChEMBL
A,COc1ccc(C[C@H](NC(=O)C(C)C)C(=O)N[C@@H](Cc2c[nH]cn2)C(=O)N[C@H](CC2CCCCC2)[C@H](O)[C@H](O)CN=[N+]=[N-])cc1,CHEMBL281436,Permeability,cm (10e3*hr)-1,0.79,Permeability,cm (10e3*hr)-1,0.79,caco2_permeability,Permeability,(cm/s),ChEMBL
A,COc1ccc(C[C@H](NC(=O)N2CCOCC2)C(=O)N[C@@H](Cc2c[nH]cn2)C(=O)N[C@H](CC2CCCCC2)[C@H](O)[C@H](O)CN=[N+]=[N-])cc1,CHEMBL280503,Permeability,cm (10e3*hr)-1,4.25,Permeability,cm (10e3*hr)-1,4.25,caco2_permeability,Permeability,(cm/s),ChEMBL
A,c1cc(OCCCN2CCCCC2)ccc1CN1CCCCC1,CHEMBL129542,Permeability,cm s-1,2.34,Permeability,cm s-1,2.34,caco2_permeability,Permeability,(cm/s),ChEMBL
A,Cn1c(=O)c2nc[nH]c2n(C)c1=O.O,CHEMBL1355736,Permeability,cm (10e3*hr)-1,22.35,Permeability,cm (10e3*hr)-1,22.35,caco2_permeability,Permeability,(cm/s),ChEMBL
A,CC(C)C[C@H](O)[C@H](O)[C@@H](N)CC1CCCCC1,CHEMBL35107,Permeability,,1.28,Permeability,,1.28,caco2_permeability,Permeability,(cm/s),ChEMBL
A,CC(C)C[C@H](O)[C@H](O)[C@H](CC1CCCCC1)NC(=O)[C@H](Cc1csc(N)n1)NC(=O)[C@H](Cc1ccccc1)NS(=O)(=O)N1CCOCC1,CHEMBL34894,Permeability,,1.68,Permeability,,1.68,caco2_permeability,Permeability,(cm/s),ChEMBL
A,CC(C)C[C@H](O)[C@H](O)[C@H](CC1CCCCC1)NC(=O)OC(C)(C)C,CHEMBL432672,Permeability,,5.76,Permeability,,5.76,caco2_permeability,Permeability,(cm/s),ChEMBL
A,OC[C@@H](O)[C@@H](O)[C@H](O)[C@H](O)CO,CHEMBL689,Permeability,,0.05,Permeability,,0.05,caco2_permeability,Permeability,(cm/s),ChEMBL
A,NCC1(CC(=O)O)CCCCC1,CHEMBL940,Permeability,,0.46,Permeability,,0.46,caco2_permeability,Permeability,(cm/s),ChEMBL
A,N[C@@H](Cc1ccccc1)C(=O)O,CHEMBL301523,Permeability,,3.57,Permeability,,3.57,caco2_permeability,Permeability,(cm/s),ChEMBL
F,CC[C@H](C)[C@H](NC(=O)[C@H](CC(=O)O)NC(=O)[C@H](CC(C)C)NC(=O)[C@@H](NC(C)=O)C(c1ccccc1)c1ccccc1)C(=O)N[C@H](C(=O)N[C@@H](Cc1c[nH]c2ccccc12)C(=O)O)[C@@H](C)CC,CHEMBL328942,Permeability,10e4*cm min-1,2.0,Permeability,10e4*cm min-1,2.0,caco2_permeability,Permeability,(cm/s),ChEMBL
A,CN(C)CCCN(Cc1ccc(-c2ccc(Cl)cc2)cc1)C(=O)Cn1cc(Cc2cnn(C)c2)c(=O)nc1SCc1ccc(F)cc1,CHEMBL87355,Permeability,cm hr-1,0.001,Permeability,cm hr-1,0.001,caco2_permeability,Permeability,(cm/s),ChEMBL
A,CCN(CC)CCCN(Cc1ccc(-c2ccc(Cl)cc2)cc1)C(=O)Cn1cc(Cc2cnn(C)c2)c(=O)nc1SCc1ccc(F)cc1,CHEMBL315766,Permeability,cm hr-1,0.001,Permeability,cm hr-1,0.001,caco2_permeability,Permeability,(cm/s),ChEMBL
F,CC[C@@H](C)[C@H](C(=O)N[C@@H](Cc1c[nH]c2ccccc12)C(=O)O)N(C)C(=O)[C@@H](NC(=O)[C@@H](CC(=O)O)NC(=O)[C@H](CC(C)C)NC(=O)[C@H](NC(C)=O)C1c2ccccc2CCc2ccccc21)[C@@H](C)CC,CHEMBL1790519,Permeability,10e4*cm min-1,6.3,Permeability,10e4*cm min-1,6.3,caco2_permeability,Permeability,(cm/s),ChEMBL
A,Cn1cc(Cc2cn(CC(=O)N(CC(=O)O)Cc3ccc(-c4ccc(C(F)(F)F)cc4)cc3)c(SCc3ccc(F)cc3)nc2=O)cn1,CHEMBL89750,Permeability,cm hr-1,0.001,Permeability,cm hr-1,0.001,caco2_permeability,Permeability,(cm/s),ChEMBL
F,CC[C@H](C)[C@H](NC(=O)[C@H](CC(=O)O)NC(=O)[C@H](CC(C)C)NC(=O)[C@@H](NC(C)=O)C1c2ccccc2CCc2ccccc21)C(=O)N[C@H](C(=O)N[C@@H](Cc1c[nH]c2ccccc12)C(=O)O)[C@@H](C)CC,CHEMBL262993,Permeability,10e4*cm min-1,4.7,Permeability,10e4*cm min-1,4.7,caco2_permeability,Permeability,(cm/s),ChEMBL
A,CCN(CC)CCN(Cc1ccc(-c2ccc(C(F)(F)F)cc2)cc1)C(=O)Cn1cc(Cc2cnn(C)c2)c(=O)nc1SCc1ccc(F)cc1,CHEMBL10921,Permeability,cm hr-1,0.017,Permeability,cm hr-1,0.017,caco2_permeability,Permeability,(cm/s),ChEMBL
A,Cn1cc(Cc2cn(CC(=O)N(CCN)Cc3ccc(-c4ccc(Cl)cc4)cc3)c(SCc3ccc(F)cc3)nc2=O)cn1,CHEMBL87071,Permeability,cm hr-1,0.002,Permeability,cm hr-1,0.002,caco2_permeability,Permeability,(cm/s),ChEMBL
A,Cn1cc(Cc2cn(CC(=O)N(CCO)Cc3ccc(-c4ccc(Cl)cc4)cc3)c(SCc3ccc(F)cc3)nc2=O)cn1,CHEMBL276856,Permeability,cm hr-1,0.002,Permeability,cm hr-1,0.002,caco2_permeability,Permeability,(cm/s),ChEMBL
A,CN(C)CCN(Cc1ccc(-c2ccc(Cl)cc2)cc1)C(=O)Cn1cc(Cc2cnn(C)c2)c(=O)nc1SCc1ccc(F)cc1,CHEMBL415274,Permeability,cm hr-1,0.002,Permeability,cm hr-1,0.002,caco2_permeability,Permeability,(cm/s),ChEMBL
A,CN1CCN(CCCN(Cc2ccc(-c3ccc(Cl)cc3)cc2)C(=O)Cn2cc(Cc3cnn(C)c3)c(=O)nc2SCc2ccc(F)cc2)CC1,CHEMBL327705,Permeability,cm hr-1,0.001,Permeability,cm hr-1,0.001,caco2_permeability,Permeability,(cm/s),ChEMBL
A,CCN(CC)CCN(Cc1ccc(-c2ccc(Cl)cc2)cc1)C(=O)Cn1cc(Cc2cnn(C)c2)c(=O)nc1SCc1ccc(F)cc1,CHEMBL86932,Permeability,cm hr-1,0.029,Permeability,cm hr-1,0.029,caco2_permeability,Permeability,(cm/s),ChEMBL
A,Cn1cc(Cc2cn(CC(=O)N(CCN3CCCCC3)Cc3ccc(-c4ccc(C(F)(F)F)cc4)cc3)c(SCc3ccc(F)cc3)nc2=O)cn1,CHEMBL314768,Permeability,cm hr-1,0.068,Permeability,cm hr-1,0.068,caco2_permeability,Permeability,(cm/s),ChEMBL
F,CC[C@H](C)[C@H](NC(=O)[C@H](CC(=O)O)NC(=O)[C@H](CC(C)C)NC(=O)[C@@H](NC(C)=O)C(c1ccccc1)c1ccccc1)C(=O)N(C)[C@H](C(=O)N[C@@H](Cc1c[nH]c2ccccc12)C(=O)O)[C@@H](C)CC,CHEMBL2369736,Permeability,10e4*cm min-1,2.0,Permeability,10e4*cm min-1,2.0,caco2_permeability,Permeability,(cm/s),ChEMBL
A,Cn1cc(Cc2cn(CC(=O)N(CCN3CCCC3)Cc3ccc(-c4ccc(Cl)cc4)cc3)c(SCc3ccc(F)cc3)nc2=O)cn1,CHEMBL405981,Permeability,cm hr-1,0.004,Permeability,cm hr-1,0.004,caco2_permeability,Permeability,(cm/s),ChEMBL
A,CN(C)CCN(Cc1ccc(-c2ccc(C(F)(F)F)cc2)cc1)C(=O)Cn1cc(Cc2cnn(C)c2)c(=O)nc1SCc1ccc(F)cc1,CHEMBL87792,Permeability,cm hr-1,0.001,Permeability,cm hr-1,0.001,caco2_permeability,Permeability,(cm/s),ChEMBL
F,C=CC(=O)Nc1cc2c(Nc3ccc(F)c(Cl)c3)ncnc2cc1OCCCN1CCOCC1,CHEMBL31965,Permeability,*10e6,49.3,Permeability,*10e6,49.3,caco2_permeability,Permeability,(cm/s),ChEMBL
F,C=CC(=O)Nc1cc2c(Nc3ccc(F)c(Cl)c3)ncnc2cc1OCCCN1CCOCC1,CHEMBL31965,Permeability,*10e6,59.1,Permeability,*10e6,59.1,caco2_permeability,Permeability,(cm/s),ChEMBL
F,C=CC(=O)Nc1nc2c(Nc3ccc(F)c(Cl)c3)ncnc2cc1OCCCN1CCOCC1,CHEMBL31656,Permeability,*10e6,59.6,Permeability,*10e6,59.6,caco2_permeability,Permeability,(cm/s),ChEMBL
F,C=CC(=O)Nc1nc2c(Nc3ccc(F)c(Cl)c3)ncnc2cc1OCCCN1CCOCC1,CHEMBL31656,Permeability,*10e6,81.2,Permeability,*10e6,81.2,caco2_permeability,Permeability,(cm/s),ChEMBL
A,CCC(C)[C@H](NC(=O)[C@@H](C[C@H](O)[C@H](CC1CCCCC1)NC(=O)OC(C)(C)C)C(C)C)C(=O)NCc1ccccn1,CHEMBL166175,Permeability,cm s-1,18800000.0,Permeability,cm s-1,18800000.0,caco2_permeability,Permeability,(cm/s),ChEMBL
F,CC[C@]1(O)C[C@@H]2CN(CCc3c([nH]c4ccccc34)[C@@](C(=O)OC)(c3cc4c(cc3OC)N(C)[C@H]3[C@@](O)(C(=O)OC)[C@H](OC(C)=O)[C@]5(CC)C=CCN6CC[C@]43[C@@H]65)C2)C1,CHEMBL159,Permeability,*10e6,1.54,Permeability,*10e6,1.54,caco2_permeability,Permeability,(cm/s),ChEMBL
F,CC[C@]1(O)C[C@@H]2CN(CCc3c([nH]c4ccccc34)[C@@](C(=O)OC)(c3cc4c(cc3OC)N(C)[C@H]3[C@@](O)(C(=O)OC)[C@H](OC(C)=O)[C@]5(CC)C=CCN6CC[C@]43[C@@H]65)C2)C1,CHEMBL159,Permeability,*10e6,12.5,Permeability,*10e6,12.5,caco2_permeability,Permeability,(cm/s),ChEMBL
A,CCC(C)[C@H](NC(=O)[C@@H](C[C@H](O)[C@H](CC1CCCCC1)NC(=O)c1ccccn1)C(C)C)C(=O)NCc1ccccn1,CHEMBL433729,Permeability,cm s-1,17000000.0,Permeability,cm s-1,17000000.0,caco2_permeability,Permeability,(cm/s),ChEMBL
A,CC[C@H](C)[C@H](NC(=O)[C@@H](C[C@H](O)[C@H](CC1CCCCC1)NC(C)=O)C(C)C)C(=O)NCc1ccccn1,CHEMBL170551,Permeability,cm s-1,1200000.0,Permeability,cm s-1,1200000.0,caco2_permeability,Permeability,(cm/s),ChEMBL
F,COCCc1ccc(OCC(O)CNC(C)C)cc1,CHEMBL13,Permeability,*10e6,21.4,Permeability,*10e6,21.4,caco2_permeability,Permeability,(cm/s),ChEMBL
F,COCCc1ccc(OCC(O)CNC(C)C)cc1,CHEMBL13,Permeability,*10e6,38.2,Permeability,*10e6,38.2,caco2_permeability,Permeability,(cm/s),ChEMBL
A,CCC(C)[C@H](NC(=O)[C@@H](C[C@H](O)[C@H](CC1CCCCC1)NC(=O)CC(C)(C)C)C(C)C)C(=O)NCc1ccccn1,CHEMBL352967,Permeability,cm s-1,11500000.0,Permeability,cm s-1,11500000.0,caco2_permeability,Permeability,(cm/s),ChEMBL
A,NC(=O)N(O)CCC#Cc1ccc(CN2CCN([C@H](c3ccccc3)c3ccc(Cl)cc3)CC2)o1,CHEMBL73135,Permeability,cm s-1,0.00001,Permeability,cm s-1,0.00001,caco2_permeability,Permeability,(cm/s),ChEMBL
F,CS(=O)(=O)O.O=c1[nH]n(C(c2ccccn2)C2CCCC2)c(=O)c2c(O)c3ccc(Cl)cc3nc12,CHEMBL333654,Permeability,,0.0000056,Permeability,,0.0000056,caco2_permeability,Permeability,(cm/s),ChEMBL
A,NCCCC(O)(P(=O)(O)O)P(=O)(O)O,CHEMBL870,Permeability,cm s-1,6E-8,Permeability,cm s-1,6E-8,caco2_permeability,Permeability,(cm/s),ChEMBL
A,NCCCC(O)(P(=O)(O)O)P(=O)(O)O,CHEMBL870,Permeability,cm s-1,6E-8,Permeability,cm s-1,6E-8,caco2_permeability,Permeability,(cm/s),ChEMBL
F,CS(=O)(=O)O.O=c1[nH]n(C(c2ccccc2)c2ccncc2)c(=O)c2c(O)c3ccc(Cl)cc3nc12,CHEMBL118821,Permeability,,0.000004,Permeability,,0.000004,caco2_permeability,Permeability,(cm/s),ChEMBL
A,CC(C)(C)NC[C@H](O)COc1nsnc1N1CCOCC1,CHEMBL499,Permeability,nM hr-1 cm**-2,199.0,Permeability,nM hr-1 cm**-2,199.0,caco2_permeability,Permeability,(cm/s),ChEMBL
A,CC(C)(C)NC[C@H](O)COc1nsnc1N1CCOCC1,CHEMBL499,Permeability,nM hr-1 cm**-2,7.26,Permeability,nM hr-1 cm**-2,7.26,caco2_permeability,Permeability,(cm/s),ChEMBL
A,CC(C)(C)NC[C@H](O)COc1nsnc1N1CCOCC1,CHEMBL499,Permeability,nM hr-1 cm**-2,12.6,Permeability,nM hr-1 cm**-2,12.6,caco2_permeability,Permeability,(cm/s),ChEMBL
F,CS(=O)(=O)O.O=c1[nH]n(Cc2ccccn2)c(=O)c2c(=O)c3ccc(Cl)cc3[nH]c12,CHEMBL120646,Permeability,,3E-7,Permeability,,3E-7,caco2_permeability,Permeability,(cm/s),ChEMBL
A,CC(C)NCC(O)COc1ccc(CC(N)=O)cc1,CHEMBL24,Permeability,nM hr-1 cm**-2,0.36,Permeability,nM hr-1 cm**-2,0.36,caco2_permeability,Permeability,(cm/s),ChEMBL
F,CS(=O)(=O)O.O=c1[nH]n(C(c2ccccn2)C2CC2)c(=O)c2c(O)c3ccc(Cl)cc3nc12,CHEMBL118658,Permeability,,0.0000098,Permeability,,0.0000098,caco2_permeability,Permeability,(cm/s),ChEMBL
A,O=C(N[C@@H](Cc1ccccc1)C(=O)NCCCC(O)(P(=O)(O)O)P(=O)(O)O)[C@@H]1CCCN1,CHEMBL2028900,Permeability,cm s-1,2.3E-7,Permeability,cm s-1,2.3E-7,caco2_permeability,Permeability,(cm/s),ChEMBL
A,O=C(N[C@@H](Cc1ccccc1)C(=O)NCCCC(O)(P(=O)(O)O)P(=O)(O)O)[C@@H]1CCCN1,CHEMBL2028900,Permeability,cm s-1,1.6E-7,Permeability,cm s-1,1.6E-7,caco2_permeability,Permeability,(cm/s),ChEMBL
A,OC[C@@H](O)[C@@H](O)[C@H](O)[C@H](O)CO,CHEMBL689,Permeability,cm s-1,2.6E-7,Permeability,cm s-1,2.6E-7,caco2_permeability,Permeability,(cm/s),ChEMBL
A,OC[C@@H](O)[C@@H](O)[C@H](O)[C@H](O)CO,CHEMBL689,Permeability,cm s-1,2.2E-7,Permeability,cm s-1,2.2E-7,caco2_permeability,Permeability,(cm/s),ChEMBL
A,CC(=O)OC(C)OC(=O)N(CC(O)COc1ccc(CC(N)=O)cc1)C(C)C,CHEMBL108915,Permeability,nM hr-1 cm**-2,2.04,Permeability,nM hr-1 cm**-2,2.04,caco2_permeability,Permeability,(cm/s),ChEMBL
F,CS(=O)(=O)O.O=c1[nH]n(Cc2cccnc2)c(=O)c2c(=O)c3ccc(Cl)cc3[nH]c12,CHEMBL118267,Permeability,,2E-7,Permeability,,2E-7,caco2_permeability,Permeability,(cm/s),ChEMBL
F,CS(=O)(=O)O.C[C@@H](c1ccccn1)n1[nH]c(=O)c2[nH]c3cc(Cl)ccc3c(=O)c2c1=O,CHEMBL120498,Permeability,,0.0000091,Permeability,,0.0000091,caco2_permeability,Permeability,(cm/s),ChEMBL
F,CS(=O)(=O)O.C[C@H](c1ccccn1)n1[nH]c(=O)c2[nH]c3cc(Cl)ccc3c(=O)c2c1=O,CHEMBL118769,Permeability,,0.000013,Permeability,,0.000013,caco2_permeability,Permeability,(cm/s),ChEMBL
F,CC(C)CC(c1ccccn1)n1[nH]c(=O)c2nc3cc(Cl)ccc3c(O)c2c1=O.CS(=O)(=O)O,CHEMBL333554,Permeability,,0.0000091,Permeability,,0.0000091,caco2_permeability,Permeability,(cm/s),ChEMBL
A,CC(=O)OCOC(=O)N(CC(O)COc1nsnc1N1CCOCC1)C(C)(C)C,CHEMBL107552,Permeability,nM hr-1 cm**-2,5.3,Permeability,nM hr-1 cm**-2,5.3,caco2_permeability,Permeability,(cm/s),ChEMBL
A,CC(=O)OCOC(=O)N(CC(O)COc1nsnc1N1CCOCC1)C(C)(C)C,CHEMBL107552,Permeability,nM hr-1 cm**-2,39.3,Permeability,nM hr-1 cm**-2,39.3,caco2_permeability,Permeability,(cm/s),ChEMBL
A,CC(=O)OCOC(=O)N(CC(O)COc1nsnc1N1CCOCC1)C(C)(C)C,CHEMBL107552,Permeability,nM hr-1 cm**-2,10.32,Permeability,nM hr-1 cm**-2,10.32,caco2_permeability,Permeability,(cm/s),ChEMBL
A,CC(C)NCC(O)COc1cccc2ccccc12,CHEMBL27,Permeability,nM hr-1 cm**-2,11.1,Permeability,nM hr-1 cm**-2,11.1,caco2_permeability,Permeability,(cm/s),ChEMBL
A,CC(C)NCC(O)COc1cccc2ccccc12,CHEMBL27,Permeability,nM hr-1 cm**-2,18.9,Permeability,nM hr-1 cm**-2,18.9,caco2_permeability,Permeability,(cm/s),ChEMBL
F,CCC(c1ccncc1)n1[nH]c(=O)c2[nH]c3cc(Cl)ccc3c(=O)c2c1=O.CS(=O)(=O)O,CHEMBL118984,Permeability,,0.000011,Permeability,,0.000011,caco2_permeability,Permeability,(cm/s),ChEMBL
F,CS(=O)(=O)O.O=c1[nH]n(C(c2ccncc2)C2CC2)c(=O)c2c(O)c3ccc(Cl)cc3nc12,CHEMBL120231,Permeability,,0.0000063,Permeability,,0.0000063,caco2_permeability,Permeability,(cm/s),ChEMBL
A,O=C(N[C@@H](Cc1ccccc1)C(=O)NCCC(O)(P(=O)(O)O)P(=O)(O)O)[C@@H]1CCCN1,CHEMBL2028899,Permeability,cm s-1,5E-7,Permeability,cm s-1,5E-7,caco2_permeability,Permeability,(cm/s),ChEMBL
A,O=C(N[C@@H](Cc1ccccc1)C(=O)NCCC(O)(P(=O)(O)O)P(=O)(O)O)[C@@H]1CCCN1,CHEMBL2028899,Permeability,cm s-1,4.1E-7,Permeability,cm s-1,4.1E-7,caco2_permeability,Permeability,(cm/s),ChEMBL
F,CC(c1ccccn1)n1[nH]c(=O)c2nc3cc(Cl)ccc3c(O)c2c1=O.CS(=O)(=O)O,CHEMBL119254,Permeability,,0.0000021,Permeability,,0.0000021,caco2_permeability,Permeability,(cm/s),ChEMBL
F,CCCCC(c1ccncc1)n1[nH]c(=O)c2nc3cc(Cl)ccc3c(O)c2c1=O.CS(=O)(=O)O,CHEMBL119642,Permeability,,0.0000094,Permeability,,0.0000094,caco2_permeability,Permeability,(cm/s),ChEMBL
F,CCC(c1ccccn1)n1[nH]c(=O)c2nc3cc(Cl)ccc3c(O)c2c1=O.CS(=O)(=O)O,CHEMBL116381,Permeability,,0.0000079,Permeability,,0.0000079,caco2_permeability,Permeability,(cm/s),ChEMBL
F,CC(C)C(c1ccccn1)n1[nH]c(=O)c2nc3cc(Cl)ccc3c(O)c2c1=O.CS(=O)(=O)O,CHEMBL420715,Permeability,,0.0000495,Permeability,,0.0000495,caco2_permeability,Permeability,(cm/s),ChEMBL
A,O=C(N[C@@H](Cc1ccccc1)C(=O)NCCC(O)(P(=O)(O)O)P(=O)(O)O)[C@@H]1CCCN1,CHEMBL2028899,Permeability,cm s-1,1.1E-7,Permeability,cm s-1,1.1E-7,caco2_permeability,Permeability,(cm/s),ChEMBL
A,O=C(N[C@@H](Cc1ccccc1)C(=O)NCCC(O)(P(=O)(O)O)P(=O)(O)O)[C@@H]1CCCN1,CHEMBL2028899,Permeability,cm s-1,9E-8,Permeability,cm s-1,9E-8,caco2_permeability,Permeability,(cm/s),ChEMBL
A,CC(=O)OC(C)OC(=O)N(CC(O)COc1cccc2[nH]ccc12)C(C)C,CHEMBL322308,Permeability,nM hr-1 cm**-2,2.27,Permeability,nM hr-1 cm**-2,2.27,caco2_permeability,Permeability,(cm/s),ChEMBL
A,CC(=O)OC(C)OC(=O)N(CC(O)COc1cccc2[nH]ccc12)C(C)C,CHEMBL322308,Permeability,nM hr-1 cm**-2,45.36,Permeability,nM hr-1 cm**-2,45.36000000000001,caco2_permeability,Permeability,(cm/s),ChEMBL
F,CC(C)CC(c1ccncc1)n1[nH]c(=O)c2nc3cc(Cl)ccc3c(O)c2c1=O.CS(=O)(=O)O,CHEMBL330758,Permeability,,0.000011,Permeability,,0.000011,caco2_permeability,Permeability,(cm/s),ChEMBL
A,O=C(O)[C@H](Cc1ccccc1)NC(=O)[C@@H]1CCCN1,CHEMBL52922,Permeability,cm s-1,0.00000229,Permeability,cm s-1,0.00000229,caco2_permeability,Permeability,(cm/s),ChEMBL
A,O=C(O)[C@H](Cc1ccccc1)NC(=O)[C@@H]1CCCN1,CHEMBL52922,Permeability,cm s-1,0.00000114,Permeability,cm s-1,0.00000114,caco2_permeability,Permeability,(cm/s),ChEMBL
A,O=C(N[C@@H](Cc1ccccc1)C(=O)NCCCC(O)(P(=O)(O)O)P(=O)(O)O)[C@@H]1CCCN1,CHEMBL2028900,Permeability,cm s-1,0.00000103,Permeability,cm s-1,0.00000103,caco2_permeability,Permeability,(cm/s),ChEMBL
A,O=C(N[C@@H](Cc1ccccc1)C(=O)NCCCC(O)(P(=O)(O)O)P(=O)(O)O)[C@@H]1CCCN1,CHEMBL2028900,Permeability,cm s-1,5.5E-7,Permeability,cm s-1,5.5E-7,caco2_permeability,Permeability,(cm/s),ChEMBL
F,O=c1[nH]n(Cc2ccncc2)c(=O)c2c(=O)c3ccc(Cl)cc3[nH]c12,CHEMBL118755,Permeability,,2E-7,Permeability,,2E-7,caco2_permeability,Permeability,(cm/s),ChEMBL
A,CC(C)NCC(O)COc1cccc2[nH]ccc12,CHEMBL500,Permeability,nM hr-1 cm**-2,0.15,Permeability,nM hr-1 cm**-2,0.15,caco2_permeability,Permeability,(cm/s),ChEMBL
A,CC(C)NCC(O)COc1cccc2[nH]ccc12,CHEMBL500,Permeability,nM hr-1 cm**-2,5.58,Permeability,nM hr-1 cm**-2,5.58,caco2_permeability,Permeability,(cm/s),ChEMBL
F,CCCCC(c1ccccn1)n1[nH]c(=O)c2nc3cc(Cl)ccc3c(O)c2c1=O.CS(=O)(=O)O,CHEMBL119754,Permeability,,0.000016,Permeability,,0.000016,caco2_permeability,Permeability,(cm/s),ChEMBL
A,NCCC(O)(P(=O)(O)O)P(=O)(O)O,CHEMBL834,Permeability,cm s-1,5E-8,Permeability,cm s-1,5E-8,caco2_permeability,Permeability,(cm/s),ChEMBL
A,NCCC(O)(P(=O)(O)O)P(=O)(O)O,CHEMBL834,Permeability,cm s-1,4E-8,Permeability,cm s-1,4E-8,caco2_permeability,Permeability,(cm/s),ChEMBL
F,CCC(c1cccnc1)n1[nH]c(=O)c2nc3cc(Cl)ccc3c(O)c2c1=O.CS(=O)(=O)O,CHEMBL118147,Permeability,,0.000005,Permeability,,0.000005,caco2_permeability,Permeability,(cm/s),ChEMBL
F,CC(c1cccnc1)n1[nH]c(=O)c2nc3cc(Cl)ccc3c(O)c2c1=O.CS(=O)(=O)O,CHEMBL440519,Permeability,,8E-7,Permeability,,8E-7,caco2_permeability,Permeability,(cm/s),ChEMBL
F,CCCC(c1ccncc1)n1[nH]c(=O)c2nc3cc(Cl)ccc3c(O)c2c1=O.CS(=O)(=O)O,CHEMBL325438,Permeability,,0.000016,Permeability,,0.000016,caco2_permeability,Permeability,(cm/s),ChEMBL
F,O=c1[nH]n(Cc2cc[n+]([O-])cc2)c(=O)c2c(O)c3ccc(Cl)cc3nc12,CHEMBL333697,Permeability,,5E-7,Permeability,,5E-7,caco2_permeability,Permeability,(cm/s),ChEMBL
A,CC(=O)OC(C)OC(=O)N(CC(O)COc1cccc2ccccc12)C(C)C,CHEMBL107708,Permeability,nM hr-1 cm**-2,3.12,Permeability,nM hr-1 cm**-2,3.12,caco2_permeability,Permeability,(cm/s),ChEMBL
A,CC(=O)OC(C)OC(=O)N(CC(O)COc1cccc2ccccc12)C(C)C,CHEMBL107708,Permeability,nM hr-1 cm**-2,15.36,Permeability,nM hr-1 cm**-2,15.36,caco2_permeability,Permeability,(cm/s),ChEMBL
A,C=O.CC(C)(C)NC[C@H](O)COc1nsnc1N1CCOCC1,CHEMBL108869,Permeability,nM hr-1 cm**-2,7.38,Permeability,nM hr-1 cm**-2,7.38,caco2_permeability,Permeability,(cm/s),ChEMBL
F,CC(c1ccncc1)n1[nH]c(=O)c2[nH]c3cc(Cl)ccc3c(=O)c2c1=O.CS(=O)(=O)O,CHEMBL333056,Permeability,,0.0000058,Permeability,,0.0000058,caco2_permeability,Permeability,(cm/s),ChEMBL
F,N[C@@H](Cc1ccc(O)c(O)c1)C(=O)O,CHEMBL1009,Permeability,,5.38,Permeability,,5.38,caco2_permeability,Permeability,(cm/s),ChEMBL
F,N[C@@H](C(=O)N1CCC[C@H]1C(=O)N[C@H](Cc1ccc(O)c(O)c1)C(=O)O)c1ccc(O)cc1,CHEMBL67929,Permeability,,1.53,Permeability,,1.53,caco2_permeability,Permeability,(cm/s),ChEMBL
A,CCc1nc(Cl)ncc1C(=O)Nc1cc(C(F)(F)F)cc(C(F)(F)F)c1,CHEMBL339462,Permeability,cm s-1,0.0000058,Permeability,cm s-1,0.0000058,caco2_permeability,Permeability,(cm/s),ChEMBL
A,CCCc1nc(Cl)ncc1C(=O)Nc1cc(C(F)(F)F)cc(C(F)(F)F)c1,CHEMBL262514,Permeability,cm s-1,0.0000031,Permeability,cm s-1,0.0000031,caco2_permeability,Permeability,(cm/s),ChEMBL
A,O=C(Nc1cc(C(F)(F)F)cc(C(F)(F)F)c1)c1cnc(Cl)nc1-c1ccccc1,CHEMBL423150,Permeability,cm s-1,9E-7,Permeability,cm s-1,9E-7,caco2_permeability,Permeability,(cm/s),ChEMBL
A,O=C(Nc1cc(C(F)(F)F)cc(C(F)(F)F)c1)c1cnc(Cl)nc1C(F)(F)F,CHEMBL336546,Permeability,cm s-1,0.0000011,Permeability,cm s-1,0.0000011,caco2_permeability,Permeability,(cm/s),ChEMBL
A,O=C(Nc1cc(C(F)(F)F)cc(C(F)(F)F)c1)c1cnc(Cl)nc1C(F)(F)C(F)(F)F,CHEMBL421280,Permeability,cm s-1,9E-7,Permeability,cm s-1,9E-7,caco2_permeability,Permeability,(cm/s),ChEMBL
A,O=C(Nc1cc(C(F)(F)F)cc(C(F)(F)F)c1)c1cnc(F)nc1C(F)(F)F,CHEMBL131006,Permeability,cm s-1,0.0000019,Permeability,cm s-1,0.0000019,caco2_permeability,Permeability,(cm/s),ChEMBL
A,O=C(Nc1cc(C(F)(F)F)cc(C(F)(F)F)c1)c1cnc(Cl)nc1Cl,CHEMBL340779,Permeability,cm s-1,0.0000031,Permeability,cm s-1,0.0000031,caco2_permeability,Permeability,(cm/s),ChEMBL
A,Cc1nc(Cl)ncc1C(=O)Nc1cc(C(F)(F)F)cc(C(F)(F)F)c1,CHEMBL132495,Permeability,cm s-1,0.0000062,Permeability,cm s-1,0.0000062,caco2_permeability,Permeability,(cm/s),ChEMBL
A,O=C(Nc1cc(C(F)(F)F)cc(C(F)(F)F)c1)c1cnc(Cl)nc1-c1cccs1,CHEMBL128599,Permeability,cm s-1,0.0000021,Permeability,cm s-1,0.0000021,caco2_permeability,Permeability,(cm/s),ChEMBL
A,O=C(Nc1cc(C(F)(F)F)cc(C(F)(F)F)c1)c1cnc(Cl)nc1,CHEMBL337656,Permeability,cm s-1,0.0000061,Permeability,cm s-1,0.0000061,caco2_permeability,Permeability,(cm/s),ChEMBL
F,Nc1noc2ccc(-n3nc(C(F)(F)F)cc3C(=O)Nc3ccc(-c4ccccc4S(N)(=O)=O)cc3F)cc12,CHEMBL425512,Permeability,cm s-1,1E-7,Permeability,cm s-1,1E-7,caco2_permeability,Permeability,(cm/s),ChEMBL
F,Nc1noc2ccc(-n3nc(C(F)(F)F)cc3C(=O)Nc3ccc(-c4ccncc4S(N)(=O)=O)cc3F)cc12,CHEMBL368285,Permeability,cm s-1,5.4E-7,Permeability,cm s-1,5.4E-7,caco2_permeability,Permeability,(cm/s),ChEMBL
F,Cn1ccnc1-c1ccc(NC(=O)c2cc(C(F)(F)F)nn2-c2ccc3onc(N)c3c2)c(F)c1,CHEMBL179964,Permeability,cm s-1,0.00000469,Permeability,cm s-1,0.00000469,caco2_permeability,Permeability,(cm/s),ChEMBL
F,Nc1noc2ccc(-n3nc(C(F)(F)F)cc3C(=O)Nc3ccc(C(=O)N4CCCC4)cc3F)cc12,CHEMBL359695,Permeability,cm s-1,0.0000249,Permeability,cm s-1,0.0000249,caco2_permeability,Permeability,(cm/s),ChEMBL
F,Cc1nccn1-c1ccc(NC(=O)c2cc(C(F)(F)F)nn2-c2ccc3onc(N)c3c2)c(C#N)c1,CHEMBL179410,Permeability,cm s-1,0.1,Permeability,cm s-1,0.1,caco2_permeability,Permeability,(cm/s),ChEMBL
F,Cc1nccn1-c1ccc(NC(=O)c2cc(C(F)(F)F)nn2-c2ccc3onc(N)c3c2)cc1,CHEMBL445391,Permeability,cm s-1,0.82,Permeability,cm s-1,0.82,caco2_permeability,Permeability,(cm/s),ChEMBL
F,Cc1nccn1-c1ccc(NC(=O)c2cc(C(F)(F)F)nn2-c2ccc3onc(N)c3c2)c(F)c1,CHEMBL175449,Permeability,cm s-1,0.00000741,Permeability,cm s-1,0.00000741,caco2_permeability,Permeability,(cm/s),ChEMBL
F,CCc1nccn1-c1ccc(NC(=O)c2cc(C(F)(F)F)nn2-c2ccc3onc(N)c3c2)c(F)c1,CHEMBL176494,Permeability,cm s-1,0.00000332,Permeability,cm s-1,0.00000332,caco2_permeability,Permeability,(cm/s),ChEMBL
F,Nc1noc2ccc(-n3nc(C(F)(F)F)cc3C(=O)Nc3ccc(-n4ccnc4CO)cc3F)cc12,CHEMBL426957,Permeability,cm s-1,1E-7,Permeability,cm s-1,1E-7,caco2_permeability,Permeability,(cm/s),ChEMBL
F,CNCc1nccn1-c1ccc(NC(=O)c2cc(C(F)(F)F)nn2-c2ccc3onc(N)c3c2)c(F)c1,CHEMBL367954,Permeability,cm s-1,2E-7,Permeability,cm s-1,2E-7,caco2_permeability,Permeability,(cm/s),ChEMBL
F,Nc1noc2ccc(-n3nc(C(F)(F)F)cc3C(=O)Nc3ccc(-n4ccnc4CN4CCCC4)cc3F)cc12,CHEMBL179665,Permeability,cm s-1,23.0,Permeability,cm s-1,23.0,caco2_permeability,Permeability,(cm/s),ChEMBL
F,CS(=O)(=O)c1ccccc1-c1ccc(NC(=O)c2cc(C(F)(F)F)nn2-c2ccc3onc(N)c3c2)c(F)c1,CHEMBL554926,Permeability,cm s-1,1E-7,Permeability,cm s-1,1E-7,caco2_permeability,Permeability,(cm/s),ChEMBL
F,CN(C)Cc1nccn1-c1ccc(NC(=O)c2cc(C(F)(F)F)nn2-c2ccc3onc(N)c3c2)c(F)c1.Cl,CHEMBL558198,Permeability,cm s-1,5.56,Permeability,cm s-1,5.56,caco2_permeability,Permeability,(cm/s),ChEMBL
F,CN(C)Cc1nccn1-c1ccc(NC(=O)c2cc(C(F)(F)F)nn2-c2ccc3onc(N)c3c2)c(F)c1.Cl,CHEMBL558198,Permeability,cm s-1,0.00000556,Permeability,cm s-1,0.00000556,caco2_permeability,Permeability,(cm/s),ChEMBL
F,O=C(O)CCn1ccc2cc(OCCCNc3ccccn3)ccc21,CHEMBL178859,Permeability,AB cm/s,0.000006,Permeability,AB cm/s,0.000006,caco2_permeability,Permeability,(cm/s),ChEMBL
F,CNc1cccc(CCOc2ccc3c(ccn3CCC(=O)O)c2)n1,CHEMBL360232,Permeability,AB cm/s,0.000006,Permeability,AB cm/s,0.000006,caco2_permeability,Permeability,(cm/s),ChEMBL
F,CNc1cccc(CCOc2ccc3c(CCC(=O)O)csc3c2)n1,CHEMBL178720,Permeability,AB cm/s,0.000016,Permeability,AB cm/s,0.000016,caco2_permeability,Permeability,(cm/s),ChEMBL
F,CNc1cccc(CCOc2ccc3c(CCC(=O)O)coc3c2)n1,CHEMBL179400,Permeability,AB cm/s,0.000017,Permeability,AB cm/s,0.000017,caco2_permeability,Permeability,(cm/s),ChEMBL
A,O=C(O)c1cnc(N(C(=O)c2ccc(OCc3cccc(C(F)(F)F)c3)cc2)C2CCCCC2)s1,CHEMBL360033,Permeability,nM/s,147.0,Permeability,nM/s,147.0,caco2_permeability,Permeability,(cm/s),ChEMBL
F,C[C@H](Cc1c[nH]c2c(OS(C)(=O)=O)cccc12)NC[C@H](O)c1cccc(N(C)S(=O)(=O)c2ccccc2)c1,CHEMBL361577,Permeability,Papp* 10E6 cm/s,4.7,Permeability,Papp* 10E6 cm/s,4.7,caco2_permeability,Permeability,(cm/s),ChEMBL
F,C[C@H](Cc1c[nH]c2c(OS(C)(=O)=O)cccc12)NC[C@H](O)c1cccc(OS(=O)(=O)c2ccccc2)c1,CHEMBL184584,Permeability,Papp* 10E6 cm/s,7.0,Permeability,Papp* 10E6 cm/s,7.0,caco2_permeability,Permeability,(cm/s),ChEMBL
F,C[C@H](Cc1c[nH]c2c(OS(C)(=O)=O)cccc12)NC[C@H](O)c1cccc(NC(=O)c2ccccc2)c1,CHEMBL182708,Permeability,Papp* 10E6 cm/s,0.9,Permeability,Papp* 10E6 cm/s,0.9,caco2_permeability,Permeability,(cm/s),ChEMBL
F,C[C@H](Cc1c[nH]c2c(OS(C)(=O)=O)cccc12)NC[C@H](O)c1cccc(CS(=O)(=O)c2ccccc2)c1,CHEMBL365669,Permeability,Papp* 10E6 cm/s,0.9,Permeability,Papp* 10E6 cm/s,0.9,caco2_permeability,Permeability,(cm/s),ChEMBL
F,C[C@H](Cc1c[nH]c2c(OS(C)(=O)=O)cccc12)NC[C@H](O)c1cccc(OCc2ccccc2)c1,CHEMBL182614,Permeability,Papp* 10E6 cm/s,6.7,Permeability,Papp* 10E6 cm/s,6.7,caco2_permeability,Permeability,(cm/s),ChEMBL
F,C[C@H](Cc1c[nH]c2c(OS(C)(=O)=O)cccc12)NC[C@H](O)c1cccc(NCc2ccccc2)c1,CHEMBL362293,Permeability,Papp* 10E6 cm/s,9.0,Permeability,Papp* 10E6 cm/s,9.0,caco2_permeability,Permeability,(cm/s),ChEMBL
A,COc1ccc(/C=C2\CCCN=C2c2cccnc2)c(OC)c1,CHEMBL134713,Permeability,,0.3,Permeability,,0.3,caco2_permeability,Permeability,(cm/s),ChEMBL
A,O=C1NC[C@@]2(CN3CCC2CC3)O1,CHEMBL193016,Permeability,,0.76,Permeability,,0.76,caco2_permeability,Permeability,(cm/s),ChEMBL
A,O=C1O[C@]2(CN3CCC2CC3)CN1c1ccc(Cl)s1,CHEMBL192704,Permeability,,59.0,Permeability,,59.0,caco2_permeability,Permeability,(cm/s),ChEMBL
A,COc1ccccc1COCCCOc1ccc(N2C(=O)CNC[C@@H]2COCc2cccnc2)cc1,CHEMBL539164,Permeability,cm s-1,13.0,Permeability,cm s-1,13.0,caco2_permeability,Permeability,(cm/s),ChEMBL
A,Cc1ccc(C(=O)Nc2ccon2)cc1Nc1ncnc(NC(C)C)c1C#N,CHEMBL198876,Permeability,nm/s,239.0,Permeability,nm/s,239.0,caco2_permeability,Permeability,(cm/s),ChEMBL
A,COc1cccc2c1C(=O)c1c(O)c3c(c(O)c1C2=O)C[C@@](O)(C(=O)CO)C[C@@H]3O[C@H]1C[C@H](NC(=O)C2CCC(CN3C(=O)CC(SC[C@H](N)C(=O)NCC(=O)NCC(=O)NCC(=O)N[C@@H](Cc4ccc(O)cc4)C(=O)NCC(=O)N[C@@H](CCCN=C(N)N)C(=O)N[C@@H](CCCCN)C(=O)N[C@@H](CCCCN)C(=O)N[C@@H](CCCN=C(N)N)C(=O)N[C@@H](CCCN=C(N)N)C(=O)N[C@@H](CCC(N)=O)C(=O)N[C@@H](CCCN=C(N)N)C(=O)N[C@@H](CCCN=C(N)N)C(=O)N[C@@H](CCCN=C(N)N)C(=O)O)C3=O)CC2)[C@H](O)[C@H](C)O1,CHEMBL438921,permeability,%,49.3,permeability,%,49.3,caco2_permeability,Permeability,(cm/s),ChEMBL
A,COc1cccc2c1C(=O)c1c(O)c3c(c(O)c1C2=O)C[C@@](O)(C(=O)CO)C[C@@H]3O[C@H]1C[C@H](NC(=O)C2CCC(CN3C(=O)CC(SC[C@H](N)C(=O)NCC(=O)NCC(=O)NCC(=O)N[C@@H](Cc4ccc(O)cc4)C(=O)NCC(=O)N[C@@H](CCCN=C(N)N)C(=O)N[C@@H](CCCCN)C(=O)N[C@@H](CCCCN)C(=O)N[C@@H](CCCN=C(N)N)C(=O)N[C@@H](CCCN=C(N)N)C(=O)N[C@@H](CCC(N)=O)C(=O)N[C@@H](CCCN=C(N)N)C(=O)N[C@@H](CCCN=C(N)N)C(=O)N[C@@H](CCCN=C(N)N)C(=O)O)C3=O)CC2)[C@H](O)[C@H](C)O1,CHEMBL438921,permeability,%,58.4,permeability,%,58.4,caco2_permeability,Permeability,(cm/s),ChEMBL
A,COc1cccc2c1C(=O)c1c(O)c3c(c(O)c1C2=O)C[C@@](O)(C(=O)CO)C[C@@H]3O[C@H]1C[C@H](NC(=O)C2CCC(CN3C(=O)CC(SC[C@H](N)C(=O)NCC(=O)NCC(=O)NCC(=O)N[C@@H](Cc4ccc(O)cc4)C(=O)NCC(=O)N[C@@H](CCCN=C(N)N)C(=O)N[C@@H](CCCCN)C(=O)N[C@@H](CCCCN)C(=O)N[C@@H](CCCN=C(N)N)C(=O)N[C@@H](CCCN=C(N)N)C(=O)N[C@@H](CCC(N)=O)C(=O)N[C@@H](CCCN=C(N)N)C(=O)N[C@@H](CCCN=C(N)N)C(=O)N[C@@H](CCCN=C(N)N)C(=O)O)C3=O)CC2)[C@H](O)[C@H](C)O1,CHEMBL438921,permeability,%,84.6,permeability,%,84.6,caco2_permeability,Permeability,(cm/s),ChEMBL
A,COc1cccc2c1C(=O)c1c(O)c3c(c(O)c1C2=O)C[C@@](O)(C(=O)CO)C[C@@H]3O[C@H]1C[C@H](N)[C@H](O)[C@H](C)O1,CHEMBL53463,permeability,%,7.9,permeability,%,7.9,caco2_permeability,Permeability,(cm/s),ChEMBL
A,COc1cccc2c1C(=O)c1c(O)c3c(c(O)c1C2=O)C[C@@](O)(C(=O)CO)C[C@@H]3O[C@H]1C[C@H](N)[C@H](O)[C@H](C)O1,CHEMBL53463,permeability,%,4.5,permeability,%,4.5,caco2_permeability,Permeability,(cm/s),ChEMBL
A,COc1cccc2c1C(=O)c1c(O)c3c(c(O)c1C2=O)C[C@@](O)(C(=O)CO)C[C@@H]3O[C@H]1C[C@H](N)[C@H](O)[C@H](C)O1,CHEMBL53463,permeability,%,92.3,permeability,%,92.3,caco2_permeability,Permeability,(cm/s),ChEMBL
A,N#Cc1cnc2cnc(NCCN3CCOCC3)cc2c1Nc1ccc(F)c(Cl)c1,CHEMBL197538,permeability,10^6m/s,3.78,permeability,10^6m/s,3.78,caco2_permeability,Permeability,(cm/s),ChEMBL
A,N#Cc1cnc2cnc(NCc3cccnc3)cc2c1Nc1ccc(F)c(Cl)c1,CHEMBL200381,permeability,10^6m/s,0.1,permeability,10^6m/s,0.1,caco2_permeability,Permeability,(cm/s),ChEMBL
A,N#Cc1cnc2cnc(NCCN3CCOCC3)cc2c1Nc1ccc(Sc2ccccc2)cc1,CHEMBL199210,permeability,10^6m/s,0.01,permeability,10^6m/s,0.01,caco2_permeability,Permeability,(cm/s),ChEMBL
A,CCOC(=O)c1c(NC(=O)NS(=O)(=O)c2ccc(C)cc2)sc2c1CCC(C)(C)C2,CHEMBL381660,permeability,nM/s,30.0,permeability,nM/s,30.0,caco2_permeability,Permeability,(cm/s),ChEMBL
A,CCOC(=O)c1c(NC(=O)NS(=O)(=O)c2nccn2C)sc2c1CCC(C)(C)C2,CHEMBL199961,permeability,nM/s,30.0,permeability,nM/s,30.0,caco2_permeability,Permeability,(cm/s),ChEMBL
A,CCOC(=O)c1c(NC(=O)NS(=O)(=O)c2ccnn2C)sc2c1CCC(C)(C)C2,CHEMBL199403,permeability,nM/s,30.0,permeability,nM/s,30.0,caco2_permeability,Permeability,(cm/s),ChEMBL
A,CCOC(=O)c1c(NC(=O)NS(=O)(=O)c2ncccn2)sc2c1CCC(C)(C)C2,CHEMBL426298,permeability,nM/s,30.0,permeability,nM/s,30.0,caco2_permeability,Permeability,(cm/s),ChEMBL
A,CCOC(=O)c1c(NC(=O)NS(=O)(=O)c2ccc(C)cn2)sc2c1CCC(C)(C)C2,CHEMBL371648,permeability,nM/s,30.0,permeability,nM/s,30.0,caco2_permeability,Permeability,(cm/s),ChEMBL
A,CCOC(=O)c1c(NC(=O)NS(=O)(=O)c2ccccn2)sc2c1CCC(C)(C)C2,CHEMBL440391,permeability,nM/s,30.0,permeability,nM/s,30.0,caco2_permeability,Permeability,(cm/s),ChEMBL
A,CCOC(=O)c1c(NC(=O)NS(=O)(=O)c2ccc(C#N)cc2)sc2c1CCC(C)(C)C2,CHEMBL437897,permeability,nM/s,30.0,permeability,nM/s,30.0,caco2_permeability,Permeability,(cm/s),ChEMBL
A,CCOC(=O)c1c(NC(=O)NS(=O)(=O)c2ccccc2OC(F)(F)F)sc2c1CCC(C)(C)C2,CHEMBL198083,permeability,nM/s,30.0,permeability,nM/s,30.0,caco2_permeability,Permeability,(cm/s),ChEMBL
A,CCOC(=O)c1c(NC(=O)NS(=O)(=O)c2ccccc2C(F)(F)F)sc2c1CCC(C)(C)C2,CHEMBL197815,permeability,nM/s,30.0,permeability,nM/s,30.0,caco2_permeability,Permeability,(cm/s),ChEMBL
A,CCOC(=O)c1c(NC(=O)NS(=O)(=O)c2ccc(F)cc2)sc2c1CCC(C)(C)C2,CHEMBL373180,permeability,nM/s,30.0,permeability,nM/s,30.0,caco2_permeability,Permeability,(cm/s),ChEMBL
A,CCOC(=O)c1c(NC(=O)NS(=O)(=O)c2ccccc2)sc2c1CCC(C)(C)C2,CHEMBL199646,permeability,nM/s,30.0,permeability,nM/s,30.0,caco2_permeability,Permeability,(cm/s),ChEMBL
A,O=C(CCCCCNc1c2c(nc3ccccc13)CCCC2)NCCc1c[nH]c2ccccc12,CHEMBL199861,permeability,ucm/s,11.0,permeability,ucm/s,11.0,caco2_permeability,Permeability,(cm/s),ChEMBL
A,O=C(CCCCCNc1c2c(nc3ccccc13)CCCC2)NCCc1c[nH]c2ccc(O)cc12,CHEMBL370807,permeability,ucm/s,2.0,permeability,ucm/s,2.0,caco2_permeability,Permeability,(cm/s),ChEMBL
A,COc1ccc2[nH]cc(CCNC(=O)CCCCCNc3c4c(nc5cccc(Cl)c35)CCCC4)c2c1,CHEMBL200008,permeability,ucm/s,8.9,permeability,ucm/s,8.9,caco2_permeability,Permeability,(cm/s),ChEMBL
A,COc1ccc2[nH]cc(CCNC(=O)CCCCCNc3c4c(nc5cc(Cl)ccc35)CCCC4)c2c1,CHEMBL199748,permeability,ucm/s,8.0,permeability,ucm/s,8.0,caco2_permeability,Permeability,(cm/s),ChEMBL
A,COc1ccc2[nH]cc(CCNC(=O)CCCCCCNc3c4c(nc5ccccc35)CCCC4)c2c1,CHEMBL382260,permeability,ucm/s,8.6,permeability,ucm/s,8.6,caco2_permeability,Permeability,(cm/s),ChEMBL
A,COc1ccc2[nH]cc(CCNC(=O)CCCCCNc3c4c(nc5ccccc35)CCCC4)c2c1,CHEMBL199454,permeability,ucm/s,7.7,permeability,ucm/s,7.7,caco2_permeability,Permeability,(cm/s),ChEMBL
A,O=C(CCCCCNc1c2c(nc3cc(Cl)cc(Cl)c13)CCCC2)NCCc1c[nH]c2ccccc12,CHEMBL199538,permeability,ucm/s,8.4,permeability,ucm/s,8.4,caco2_permeability,Permeability,(cm/s),ChEMBL
A,O=C(CCCCCNc1c2c(nc3cccc(Cl)c13)CCCC2)NCCc1c[nH]c2ccccc12,CHEMBL202661,permeability,ucm/s,5.2,permeability,ucm/s,5.2,caco2_permeability,Permeability,(cm/s),ChEMBL
A,O=C(CCCCCNc1c2c(nc3cc(Cl)ccc13)CCCC2)NCCc1c[nH]c2ccccc12,CHEMBL383663,permeability,ucm/s,7.7,permeability,ucm/s,7.7,caco2_permeability,Permeability,(cm/s),ChEMBL
A,O=C(CCCCCCNc1c2c(nc3ccccc13)CCCC2)NCCc1c[nH]c2ccccc12,CHEMBL199670,permeability,ucm/s,9.2,permeability,ucm/s,9.2,caco2_permeability,Permeability,(cm/s),ChEMBL
A,Cc1nc2cc(C(C)C)c(-c3ccc(Cl)c(OCC4CC4)c3)cc2c(=O)[nH]1,CHEMBL436839,permeability,10^-5 cm/min,26.2,permeability,10^-5 cm/min,26.2,caco2_permeability,Permeability,(cm/s),ChEMBL
A,C=CCN1C[C@H](C)N([C@H](c2ccc(C(=O)N(CC)CC)cc2)c2cccc(OC)c2)C[C@H]1C,CHEMBL13470,permeability,%/hr,23.0,permeability,%/hr,23.0,caco2_permeability,Permeability,(cm/s),ChEMBL
A,C[C@@H]1CN([C@@H](c2cccc(O)c2)c2ccc3c(c2)CN(C(=O)C(=O)O)CC3)[C@@H](C)CN1Cc1ccccc1,CHEMBL204716,permeability,%/hr,1.0,permeability,%/hr,1.0,caco2_permeability,Permeability,(cm/s),ChEMBL
A,C[C@@H]1CN([C@@H](c2cccc(F)c2)c2ccc3c(c2)CN(C(=O)CC(=O)O)CC3)[C@@H](C)CN1Cc1ccccc1,CHEMBL201816,permeability,%/hr,14.0,permeability,%/hr,14.0,caco2_permeability,Permeability,(cm/s),ChEMBL
A,C[C@@H]1CN([C@@H](c2cccc(O)c2)c2ccc3c(c2)CN(C(=O)CC(=O)O)CC3)[C@@H](C)CN1Cc1ccccc1,CHEMBL202585,permeability,%/hr,1.0,permeability,%/hr,1.0,caco2_permeability,Permeability,(cm/s),ChEMBL
A,C[C@@H]1CN([C@@H](c2cccc(F)c2)c2ccc3c(c2)CN(CCC(=O)O)CC3)[C@@H](C)CN1Cc1ccccc1,CHEMBL202557,permeability,%/hr,30.0,permeability,%/hr,30.0,caco2_permeability,Permeability,(cm/s),ChEMBL
A,C[C@@H]1CN([C@@H](c2cccc(O)c2)c2ccc3c(c2)CN(CCC(=O)O)CC3)[C@@H](C)CN1Cc1ccccc1,CHEMBL204480,permeability,%/hr,1.0,permeability,%/hr,1.0,caco2_permeability,Permeability,(cm/s),ChEMBL
A,COc1cccc([C@@H](c2ccc3c(c2)CN(CCC(=O)O)CC3)N2C[C@@H](C)N(Cc3ccccc3)C[C@@H]2C)c1,CHEMBL380749,permeability,%/hr,11.0,permeability,%/hr,11.0,caco2_permeability,Permeability,(cm/s),ChEMBL
A,C[C@@H]1CN([C@@H](c2cccc(O)c2)c2ccc3c(c2)CN(CC(=O)O)CC3)[C@@H](C)CN1Cc1ccccc1,CHEMBL202578,permeability,%/hr,1.0,permeability,%/hr,1.0,caco2_permeability,Permeability,(cm/s),ChEMBL
A,COc1cccc([C@@H](c2ccc3c(c2)CN(CC(=O)O)CC3)N2C[C@@H](C)N(Cc3ccccc3)C[C@@H]2C)c1,CHEMBL202478,permeability,%/hr,5.0,permeability,%/hr,5.0,caco2_permeability,Permeability,(cm/s),ChEMBL
A,C[C@@H]1CN([C@H](c2ccc(-c3ccccc3C(=O)O)cc2)c2cccc(O)c2)[C@@H](C)CN1Cc1ccccc1,CHEMBL204136,permeability,%/hr,3.0,permeability,%/hr,3.0,caco2_permeability,Permeability,(cm/s),ChEMBL
A,C[C@@H]1CN([C@H](c2ccc(CC(=O)O)cc2)c2cccc(O)c2)[C@@H](C)CN1Cc1ccccc1,CHEMBL380737,permeability,%/hr,6.0,permeability,%/hr,6.0,caco2_permeability,Permeability,(cm/s),ChEMBL
A,C[C@@H]1CN([C@H](c2ccc(CCC(=O)O)cc2)c2cccc(O)c2)[C@@H](C)CN1Cc1ccccc1,CHEMBL382024,permeability,%/hr,23.0,permeability,%/hr,23.0,caco2_permeability,Permeability,(cm/s),ChEMBL
A,CC(C)C[C@H](NC(=O)c1cc2ccccc2o1)C(=O)N[C@H]1CCCN(S(=O)(=O)c2ccccn2)CC1=O,CHEMBL286364,permeability,10^-5 cm/s,5.7,permeability,10^-5 cm/s,5.7,caco2_permeability,Permeability,(cm/s),ChEMBL
A,CC(C)C[C@H](NC(=O)c1cc2ccccc2o1)C(=O)N[C@H]1CCCN(S(=O)(=O)c2ccccn2)CC1=O,CHEMBL286364,permeability,10^-5 cm/s,5.3,permeability,10^-5 cm/s,5.3,caco2_permeability,Permeability,(cm/s),ChEMBL
A,CC(C)C[C@H](NC(=O)c1cc2ccccc2o1)C(=O)N[C@H]1CC[C@@H](C)N(S(=O)(=O)c2ccccn2)CC1=O,CHEMBL203665,permeability,10^-5 cm/s,4.7,permeability,10^-5 cm/s,4.7,caco2_permeability,Permeability,(cm/s),ChEMBL
A,CC(C)C[C@H](NC(=O)c1cc2ccccc2o1)C(=O)N[C@H]1C[C@H](C)CN(S(=O)(=O)c2ccccn2)CC1=O,CHEMBL205172,permeability,10^-5 cm/s,4.9,permeability,10^-5 cm/s,4.9,caco2_permeability,Permeability,(cm/s),ChEMBL
A,CC(C)C[C@H](NC(=O)c1cc2ccccc2o1)C(=O)N[C@@H]1C(=O)CN(S(=O)(=O)c2ccccn2)CC[C@@H]1C,CHEMBL202668,permeability,10^-5 cm/s,5.5,permeability,10^-5 cm/s,5.5,caco2_permeability,Permeability,(cm/s),ChEMBL
A,CC(C)C[C@H](NC(=O)c1cc2ccccc2o1)C(=O)N[C@H]1CC[C@@H](C)N(S(=O)(=O)c2ccccn2)CC1=O,CHEMBL203665,permeability,10^-5 cm/s,4.7,permeability,10^-5 cm/s,4.7,caco2_permeability,Permeability,(cm/s),ChEMBL
A,CC(C)C[C@H](NC(=O)c1cc2ccccc2o1)C(=O)N[C@H]1C[C@H](C)CN(S(=O)(=O)c2ccccn2)CC1=O,CHEMBL205172,permeability,10^-5 cm/s,5.6,permeability,10^-5 cm/s,5.6,caco2_permeability,Permeability,(cm/s),ChEMBL
A,CC(C)C[C@H](NC(=O)c1cc2ccccc2o1)C(=O)N[C@@H]1C(=O)CN(S(=O)(=O)c2ccccn2)CC[C@@H]1C,CHEMBL202668,permeability,10^-5 cm/s,6.8,permeability,10^-5 cm/s,6.8,caco2_permeability,Permeability,(cm/s),ChEMBL
A,CN(C(=O)COc1ccccc1)c1ccc(C(O)(C(F)(F)F)C(F)(F)F)cc1,CHEMBL203290,permeability,ucm/s,28.6,permeability,ucm/s,28.6,caco2_permeability,Permeability,(cm/s),ChEMBL
A,O=C(O)CCCCN(C(=O)N1CCOCC1)c1ccc(C(O)(C(F)(F)F)C(F)(F)F)cc1,CHEMBL206756,permeability,ucm/s,1.7,permeability,ucm/s,1.7,caco2_permeability,Permeability,(cm/s),ChEMBL
A,COC(=O)CCCCN(C(=O)N1CCOCC1)c1ccc(C(O)(C(F)(F)F)C(F)(F)F)cc1,CHEMBL206562,permeability,ucm/s,32.9,permeability,ucm/s,32.9,caco2_permeability,Permeability,(cm/s),ChEMBL
A,CCN(C(=O)N1CCOCC1)c1ccc(C(O)(C(F)(F)F)C(F)(F)F)cc1,CHEMBL205931,permeability,ucm/s,68.2,permeability,ucm/s,68.2,caco2_permeability,Permeability,(cm/s),ChEMBL
A,CCN(CCCCO)C(=O)N(CC)c1ccc(C(O)(C(F)(F)F)C(F)(F)F)cc1,CHEMBL205462,permeability,ucm/s,49.7,permeability,ucm/s,49.7,caco2_permeability,Permeability,(cm/s),ChEMBL
A,CCN(C(=O)c1ccncc1)c1ccc(C(O)(C(F)(F)F)C(F)(F)F)cc1,CHEMBL382794,permeability,ucm/s,54.4,permeability,ucm/s,54.4,caco2_permeability,Permeability,(cm/s),ChEMBL
A,CCN(C(=O)c1ccc(C#N)cc1)c1ccc(C(O)(C(F)(F)F)C(F)(F)F)cc1,CHEMBL203991,permeability,ucm/s,38.7,permeability,ucm/s,38.7,caco2_permeability,Permeability,(cm/s),ChEMBL
A,CC(C)C(=O)N(CCO)c1ccc(C(O)(C(F)(F)F)C(F)(F)F)cc1,CHEMBL204109,permeability,ucm/s,52.0,permeability,ucm/s,52.0,caco2_permeability,Permeability,(cm/s),ChEMBL
A,CCN(C(=O)C(C)C)c1ccc(C(O)(C(F)(F)F)C(F)(F)F)cc1,CHEMBL383478,permeability,ucm/s,69.1,permeability,ucm/s,69.1,caco2_permeability,Permeability,(cm/s),ChEMBL
A,CN(C(=O)c1ccncc1)c1ccc(C(O)(C(F)(F)F)C(F)(F)F)cc1,CHEMBL380364,permeability,ucm/s,41.0,permeability,ucm/s,41.0,caco2_permeability,Permeability,(cm/s),ChEMBL
A,O=C(O)CN(C(=O)CCc1ccccc1)c1ccc(C(O)(C(F)(F)F)C(F)(F)F)cc1,CHEMBL206201,permeability,ucm/s,0.4,permeability,ucm/s,0.4,caco2_permeability,Permeability,(cm/s),ChEMBL
A,O=C(Nc1cc(-c2ccnc(Nc3ccccc3)c2)ccn1)C1CCOC1,CHEMBL203535,permeability,ucm/s,29.9,permeability,ucm/s,29.9,caco2_permeability,Permeability,(cm/s),ChEMBL
A,CN[C@H]1CC[C@@H](c2ccc(Cl)c(Cl)c2)c2ccccc21,CHEMBL809,permeability,%/hr,21.0,permeability,%/hr,21.0,caco2_permeability,Permeability,(cm/s),ChEMBL
A,CN[C@H]1CC[C@@H](c2ccc(Cl)c(Cl)c2)c2ccccc21,CHEMBL809,permeability,%/hr,8.0,permeability,%/hr,8.0,caco2_permeability,Permeability,(cm/s),ChEMBL
A,CNC(=O)c1ccc2c(c1)[C@@H](NC)CC[C@H]2c1ccc(Cl)c(Cl)c1,CHEMBL378379,permeability,%/hr,26.0,permeability,%/hr,26.0,caco2_permeability,Permeability,(cm/s),ChEMBL
A,CNC(=O)c1ccc2c(c1)[C@@H](NC)CC[C@H]2c1ccc(Cl)c(Cl)c1,CHEMBL378379,permeability,%/hr,11.0,permeability,%/hr,11.0,caco2_permeability,Permeability,(cm/s),ChEMBL
A,CN[C@H]1CC[C@@H](c2ccc(Cl)c(Cl)c2)c2ccc(S(N)(=O)=O)cc21,CHEMBL383706,permeability,%/hr,7.0,permeability,%/hr,7.0,caco2_permeability,Permeability,(cm/s),ChEMBL
A,CN[C@H]1CC[C@@H](c2ccc(Cl)c(Cl)c2)c2ccc(S(N)(=O)=O)cc21,CHEMBL383706,permeability,%/hr,18.0,permeability,%/hr,18.0,caco2_permeability,Permeability,(cm/s),ChEMBL
A,COC(=O)N[C@H](C(=O)NN(Cc1ccc(-c2cccnc2)cc1)C[C@@](O)(Cc1ccccc1)C(=O)N[C@H]1c2ccccc2C[C@H]1O)C(C)(C)C,CHEMBL206467,permeability,ucm/s,33.0,permeability,ucm/s,33.0,caco2_permeability,Permeability,(cm/s),ChEMBL
A,COC(=O)N[C@H](C(=O)NN(Cc1cccc(-c2cccnc2)c1)C[C@@](O)(Cc1ccccc1)C(=O)N[C@H]1c2ccccc2C[C@H]1O)C(C)(C)C,CHEMBL381169,permeability,ucm/s,11.0,permeability,ucm/s,11.0,caco2_permeability,Permeability,(cm/s),ChEMBL
A,CNCc1ccccc1-c1ccc(NC(=O)c2cc(C(F)(F)F)nn2-c2ccc3onc(N)c3c2)c(F)c1,CHEMBL204994,permeability,ucm/s,3.48,permeability,ucm/s,3.48,caco2_permeability,Permeability,(cm/s),ChEMBL
A,CN(C)Cc1nccn1-c1ccc(NC(=O)c2cc(C(F)(F)F)nn2-c2ccc3onc(N)c3c2)c(F)c1,CHEMBL206335,permeability,ucm/s,5.56,permeability,ucm/s,5.56,caco2_permeability,Permeability,(cm/s),ChEMBL
A,C[N+](C)(C)Cc1ccccc1-c1ccc(NC(=O)c2cc(C(F)(F)F)nn2-c2ccc3onc(N)c3c2)c(F)c1.[Br-],CHEMBL205383,permeability,ucm/s,0.25,permeability,ucm/s,0.25,caco2_permeability,Permeability,(cm/s),ChEMBL
A,Nc1noc2ccc(-n3nc(C(F)(F)F)cc3C(=O)Nc3ccc(-c4ccccc4C[n+]4ccccc4)cc3F)cc12.[Br-],CHEMBL263252,permeability,ucm/s,0.35,permeability,ucm/s,0.35,caco2_permeability,Permeability,(cm/s),ChEMBL
A,CN1CCN(Cc2ccccc2-c2ccc(NC(=O)c3cc(C(F)(F)F)nn3-c3ccc4onc(N)c4c3)c(F)c2)CC1,CHEMBL205653,permeability,ucm/s,2.32,permeability,ucm/s,2.32,caco2_permeability,Permeability,(cm/s),ChEMBL
A,Nc1noc2ccc(-n3nc(C(F)(F)F)cc3C(=O)Nc3ccc(-c4ccccc4CN4CCCCC4)cc3F)cc12,CHEMBL204416,permeability,ucm/s,8.89,permeability,ucm/s,8.89,caco2_permeability,Permeability,(cm/s),ChEMBL
A,Nc1noc2ccc(-n3nc(C(F)(F)F)cc3C(=O)Nc3ccc(-c4ccccc4CN4CC[C@H](N)C4)cc3F)cc12,CHEMBL205288,permeability,ucm/s,4.64,permeability,ucm/s,4.64,caco2_permeability,Permeability,(cm/s),ChEMBL
A,Nc1noc2ccc(-n3nc(C(F)(F)F)cc3C(=O)Nc3ccc(-c4ccccc4CN4CC[C@@H](N)C4)cc3F)cc12,CHEMBL380430,permeability,ucm/s,4.86,permeability,ucm/s,4.86,caco2_permeability,Permeability,(cm/s),ChEMBL
A,Nc1noc2ccc(-n3nc(C(F)(F)F)cc3C(=O)Nc3ccc(-c4ccccc4CN4CC[C@@H](O)C4)cc3F)cc12,CHEMBL436766,permeability,ucm/s,3.7,permeability,ucm/s,3.7,caco2_permeability,Permeability,(cm/s),ChEMBL
A,Nc1noc2ccc(-n3nc(C(F)(F)F)cc3C(=O)Nc3ccc(-c4ccccc4CN4CCCC4)cc3F)cc12,CHEMBL379036,permeability,ucm/s,3.84,permeability,ucm/s,3.84,caco2_permeability,Permeability,(cm/s),ChEMBL
A,CN(C)Cc1ccccc1-c1ccc(NC(=O)c2cc(C(F)(F)F)nn2-c2ccc3onc(N)c3c2)c(F)c1,CHEMBL381949,permeability,ucm/s,4.2,permeability,ucm/s,4.2,caco2_permeability,Permeability,(cm/s),ChEMBL
A,Nc1noc2ccc(-n3nc(C(F)(F)F)cc3C(=O)Nc3ccc(-c4ccccc4CNC4CCC4)cc3F)cc12,CHEMBL380617,permeability,ucm/s,0.83,permeability,ucm/s,0.83,caco2_permeability,Permeability,(cm/s),ChEMBL
A,Cc1ccn(CCCCN2CCN(c3cc(C(F)(F)F)nc(C(C)(C)C)n3)CC2)c(=O)c1,CHEMBL382773,permeability,ucm/s,5.0,permeability,ucm/s,5.0,caco2_permeability,Permeability,(cm/s),ChEMBL
A,CC(=O)Nc1cccc(C#Cc2cncnc2Nc2ccc(OCc3cccc(F)c3)c(Cl)c2)c1,CHEMBL205798,permeability,nm/s,3.0,permeability,nm/s,3.0,caco2_permeability,Permeability,(cm/s),ChEMBL
A,CCCC1(C(=O)O)CCc2c1[nH]c1c(Cl)ccc(Cl)c21,CHEMBL445663,permeability,ucm/s,6.48,permeability,ucm/s,6.48,caco2_permeability,Permeability,(cm/s),ChEMBL
A,NC(=O)c1sc(-c2ccc(F)cc2)cc1N,CHEMBL207071,permeability,ucm/s,19.3,permeability,ucm/s,19.3,caco2_permeability,Permeability,(cm/s),ChEMBL
A,Cc1cc(C)c2c(N)c(C(N)=O)sc2n1,CHEMBL377085,permeability,ucm/s,13.6,permeability,ucm/s,13.6,caco2_permeability,Permeability,(cm/s),ChEMBL
A,NC(=O)c1sc2ncccc2c1N,CHEMBL207012,permeability,ucm/s,12.8,permeability,ucm/s,12.8,caco2_permeability,Permeability,(cm/s),ChEMBL
A,NC(=O)c1nc(-c2ccc(C(F)(F)F)cc2)oc1N,CHEMBL377928,permeability,ucm/s,18.9,permeability,ucm/s,18.9,caco2_permeability,Permeability,(cm/s),ChEMBL
A,NC(=O)c1nc(-c2ccccc2)oc1N,CHEMBL207987,permeability,ucm/s,6.4,permeability,ucm/s,6.4,caco2_permeability,Permeability,(cm/s),ChEMBL
A,NC(=O)c1sc(-c2ccccc2)cc1N,CHEMBL207028,permeability,ucm/s,9.3,permeability,ucm/s,9.3,caco2_permeability,Permeability,(cm/s),ChEMBL
A,COc1cc2ncnc(Nc3cccc(Cl)c3F)c2cc1CN1CCC[C@H]1C(N)=O,CHEMBL207584,permeability,ucm/s,13.0,permeability,ucm/s,13.0,caco2_permeability,Permeability,(cm/s),ChEMBL
A,COc1cc2ncnc(Nc3cccc(Cl)c3F)c2cc1CN(C)[C@@H](C)C(N)=O,CHEMBL207687,permeability,ucm/s,13.0,permeability,ucm/s,13.0,caco2_permeability,Permeability,(cm/s),ChEMBL
A,COc1cc2ncnc(Nc3cccc(Cl)c3F)c2cc1CN(C)[C@H](C)C(N)=O,CHEMBL208118,permeability,ucm/s,13.0,permeability,ucm/s,13.0,caco2_permeability,Permeability,(cm/s),ChEMBL
A,O=C(O)[C@@H]1CCCN1S(=O)(=O)c1cc(Cl)c(Cl)c(Cl)c1O,CHEMBL210597,permeability,ucm/s,0.02,permeability,ucm/s,0.02,caco2_permeability,Permeability,(cm/s),ChEMBL
A,O=C(O)[C@@H]1CCCN1S(=O)(=O)c1cc(Cl)c(Cl)c(Cl)c1O,CHEMBL210597,permeability,ucm/s,0.4,permeability,ucm/s,0.4,caco2_permeability,Permeability,(cm/s),ChEMBL
A,COC(=O)N(C)CSc1[nH]cnc2ncnc1-2,CHEMBL211262,permeability,umol cm2/hr,0.015,permeability,umol cm2/hr,0.015,caco2_permeability,Permeability,(cm/s),ChEMBL
A,Sc1ncnc2nc[nH]c12,CHEMBL1425,permeability,umol cm2/hr,0.0038,permeability,umol cm2/hr,0.0038,caco2_permeability,Permeability,(cm/s),ChEMBL
A,COC(=O)N(C)Cn1cnc2c1c(=O)n(C)c(=O)n2C,CHEMBL377753,permeability,umol cm2/hr,0.16,permeability,umol cm2/hr,0.16,caco2_permeability,Permeability,(cm/s),ChEMBL
A,Cn1c(=O)c2nc[nH]c2n(C)c1=O.O,CHEMBL1355736,permeability,umol cm2/hr,0.48,permeability,umol cm2/hr,0.48,caco2_permeability,Permeability,(cm/s),ChEMBL
A,COC(=O)N(C)COc1ccc(NC(C)=O)cc1,CHEMBL212258,permeability,umol cm2/hr,1.11,permeability,umol cm2/hr,1.11,caco2_permeability,Permeability,(cm/s),ChEMBL
A,CC(=O)Nc1ccc(O)cc1,CHEMBL112,permeability,umol cm2/hr,0.51,permeability,umol cm2/hr,0.51,caco2_permeability,Permeability,(cm/s),ChEMBL
A,CC(=O)N[C@@H](Cc1c[nH]cn1)C(=O)N[C@H](Cc1ccccc1)C(=O)N1C[C@H](OCc2ccc3ccccc3c2)C[C@@H]1C(=O)NCCN=C(N)N,CHEMBL378293,permeability,10^-5 cm/min,3.0,permeability,10^-5 cm/min,3.0,caco2_permeability,Permeability,(cm/s),ChEMBL
A,CC(=O)N[C@@H](Cc1c[nH]cn1)C(=O)N[C@H](Cc1ccccc1)C(=O)N1C[C@H](OCc2ccc3ccccc3c2)C[C@@H]1C(=O)NCCN=C(N)N,CHEMBL378293,permeability,10^-5 cm/min,6.0,permeability,10^-5 cm/min,6.0,caco2_permeability,Permeability,(cm/s),ChEMBL
A,CC(=O)N[C@H](Cc1ccccc1)C(=O)N1C[C@H](OCc2ccc3ccccc3c2)C[C@@H]1CCCN=C(N)N,CHEMBL212766,permeability,10^-5 cm/min,37.0,permeability,10^-5 cm/min,37.0,caco2_permeability,Permeability,(cm/s),ChEMBL
A,CC(=O)N[C@H](Cc1ccccc1)C(=O)N1C[C@H](OCc2ccc3ccccc3c2)C[C@@H]1CCCN=C(N)N,CHEMBL212766,permeability,10^-5 cm/min,45.0,permeability,10^-5 cm/min,45.0,caco2_permeability,Permeability,(cm/s),ChEMBL
A,OC[C@@H](O)[C@@H](O)[C@H](O)[C@H](O)CO,CHEMBL689,permeability,10^-5 cm/min,11.0,permeability,10^-5 cm/min,11.0,caco2_permeability,Permeability,(cm/s),ChEMBL
A,OC[C@@H](O)[C@@H](O)[C@H](O)[C@H](O)CO,CHEMBL689,permeability,10^-5 cm/min,13.0,permeability,10^-5 cm/min,13.0,caco2_permeability,Permeability,(cm/s),ChEMBL
A,O=C1C[C@@H](c2ccc(C[C@H](NS(=O)(=O)c3ccccc3)c3nc4ccccc4[nH]3)cc2)S(=O)(=O)[N-]1.[Na+],CHEMBL210836,permeability,ucm/s,0.4,permeability,ucm/s,0.4,caco2_permeability,Permeability,(cm/s),ChEMBL
A,Cc1cc(C[C@H](NS(=O)(=O)c2cccc(Cl)c2)c2nc3ccccc3[nH]2)ccc1[C@@H]1CC(=O)[N-]S1(=O)=O.[Na+],CHEMBL377441,permeability,ucm/s,0.2,permeability,ucm/s,0.2,caco2_permeability,Permeability,(cm/s),ChEMBL
A,Cc1cc(C[C@H](NS(=O)(=O)c2ccccc2C#N)c2nc3ccccc3[nH]2)ccc1[C@@H]1CC(=O)[N-]S1(=O)=O.[Na+],CHEMBL211352,permeability,ucm/s,0.1,permeability,ucm/s,0.1,caco2_permeability,Permeability,(cm/s),ChEMBL
A,Cc1cc(C[C@H](NS(=O)(=O)c2ccc(Br)c(C(F)(F)F)c2)c2nc3ccccc3[nH]2)ccc1[C@@H]1CC(=O)[N-]S1(=O)=O.[Na+],CHEMBL378614,permeability,ucm/s,0.1,permeability,ucm/s,0.1,caco2_permeability,Permeability,(cm/s),ChEMBL
A,Cc1cc(C[C@H](NS(=O)(=O)c2ccccc2)c2nc3ccccc3[nH]2)ccc1[C@@H]1CC(=O)[N-]S1(=O)=O.[Na+],CHEMBL377989,permeability,ucm/s,0.4,permeability,ucm/s,0.4,caco2_permeability,Permeability,(cm/s),ChEMBL
A,O=C1CC(c2ccc(C[C@H](NS(=O)(=O)c3ccccc3)c3nc4ccccc4[nH]3)cc2Br)S(=O)(=O)[N-]1.[Na+],CHEMBL212319,permeability,ucm/s,0.1,permeability,ucm/s,0.1,caco2_permeability,Permeability,(cm/s),ChEMBL
A,O=C1C[C@@H](c2ccc(C[C@H](NS(=O)(=O)c3ccccc3)c3nc4ccccc4[nH]3)cc2Cl)S(=O)(=O)[N-]1.[Na+],CHEMBL208604,permeability,ucm/s,0.1,permeability,ucm/s,0.1,caco2_permeability,Permeability,(cm/s),ChEMBL
A,O=C1CC(c2ccc(C[C@H](NS(=O)(=O)c3cccc(C(F)(F)F)c3)c3nc4cc(Cl)ccc4[nH]3)cc2F)S(=O)(=O)[N-]1.[Na+],CHEMBL377141,permeability,ucm/s,0.3,permeability,ucm/s,0.3,caco2_permeability,Permeability,(cm/s),ChEMBL
A,O=C1C[C@@H](c2ccc(C[C@H](NS(=O)(=O)c3cccc(F)c3)c3nc4ccccc4[nH]3)cc2F)S(=O)(=O)[N-]1.[Na+],CHEMBL381584,permeability,ucm/s,0.1,permeability,ucm/s,0.1,caco2_permeability,Permeability,(cm/s),ChEMBL
A,O=C1CC(c2ccc(C[C@H](NS(=O)(=O)c3ccccc3)c3nc4ccccc4[nH]3)cc2F)S(=O)(=O)[N-]1.[Na+],CHEMBL208114,permeability,ucm/s,0.2,permeability,ucm/s,0.2,caco2_permeability,Permeability,(cm/s),ChEMBL
A,O=C(O)COc1ccc(Br)cc1C(=O)c1cnn(-c2ccccc2)c1,CHEMBL217053,permeability,ucm/s,8.7,permeability,ucm/s,8.7,caco2_permeability,Permeability,(cm/s),ChEMBL
A,O=C(O)COc1ccc(Br)cc1C(=O)c1cnn(-c2ccccc2)c1,CHEMBL217053,permeability,ucm/s,13.0,permeability,ucm/s,13.0,caco2_permeability,Permeability,(cm/s),ChEMBL
A,CN1CCN(CCOc2cc(OC3CCOCC3)c3c(Nc4c(Cl)ccc5c4OCO5)ncnc3c2)CC1,CHEMBL217092,permeability,ucm/s,30.0,permeability,ucm/s,30.0,caco2_permeability,Permeability,(cm/s),ChEMBL
A,Clc1ccc2c(c1Nc1ncnc3cc(OCCCN4CCCC4)cc(OC4CCOCC4)c13)OCO2,CHEMBL217090,permeability,ucm/s,1.0,permeability,ucm/s,1.0,caco2_permeability,Permeability,(cm/s),ChEMBL
A,Cl.O=C(O)c1ccc2c(C3CCCCC3)c3n(c2c1)CCNc1ccccc1-3,CHEMBL1203925,permeability,ucm/s,55.9,permeability,ucm/s,55.9,caco2_permeability,Permeability,(cm/s),ChEMBL
A,Cl.Cl.O=C(O)c1ccc2c(C3CCCCC3)c3n(c2c1)CCN(CCN1CCCCC1)c1ccccc1-3,CHEMBL1203926,permeability,ucm/s,18.6,permeability,ucm/s,18.6,caco2_permeability,Permeability,(cm/s),ChEMBL
A,CN(C)CCN1CCn2c(c(C3CCCCC3)c3ccc(C(=O)O)cc32)-c2ccccc21.Cl.Cl,CHEMBL1204385,permeability,ucm/s,19.2,permeability,ucm/s,19.2,caco2_permeability,Permeability,(cm/s),ChEMBL
A,CN(C)C(=O)CN1CCn2c(c(C3CCCCC3)c3ccc(C(=O)O)cc32)-c2ccccc21,CHEMBL385407,permeability,ucm/s,51.9,permeability,ucm/s,51.9,caco2_permeability,Permeability,(cm/s),ChEMBL
A,CCN(CC)Cc1ccc2c(c1)CC[C@H](N1CCN(CCc3ccc(F)cc3)CC1=O)C2,CHEMBL214629,Permeability,,9.6,Permeability,,9.6,caco2_permeability,Permeability,(cm/s),ChEMBL
A,CS(=O)(=O)N1CCN(Cc2ccc3c(c2)CC[C@H](N2CCN(CCc4ccc(F)cc4)CC2=O)C3)CC1,CHEMBL384030,Permeability,,7.4,Permeability,,7.4,caco2_permeability,Permeability,(cm/s),ChEMBL
A,O=C1CN(CCc2ccc(F)cc2)CCN1[C@H]1CCc2cc(CN3CCS(=O)(=O)CC3)ccc2C1,CHEMBL216959,Permeability,,4.6,Permeability,,4.6,caco2_permeability,Permeability,(cm/s),ChEMBL
A,CC(=O)N1CCN(Cc2ccc3c(c2)CC[C@H](N2CCN(CCc4ccc(F)cc4)CC2=O)C3)CC1,CHEMBL386717,Permeability,,2.9,Permeability,,2.9,caco2_permeability,Permeability,(cm/s),ChEMBL
A,CCN(CC)Cc1ccc2c(c1)CC[C@H](N1CCN(CCc3ccc(F)cc3)CC1=O)C2,CHEMBL214629,Permeability,,15.7,Permeability,,15.7,caco2_permeability,Permeability,(cm/s),ChEMBL
A,CS(=O)(=O)N1CCN(Cc2ccc3c(c2)CC[C@H](N2CCN(CCc4ccc(F)cc4)CC2=O)C3)CC1,CHEMBL384030,Permeability,,9.4,Permeability,,9.4,caco2_permeability,Permeability,(cm/s),ChEMBL
A,O=C1CN(CCc2ccc(F)cc2)CCN1[C@H]1CCc2cc(CN3CCS(=O)(=O)CC3)ccc2C1,CHEMBL216959,Permeability,,14.9,Permeability,,14.9,caco2_permeability,Permeability,(cm/s),ChEMBL
A,CC(=O)N1CCN(Cc2ccc3c(c2)CC[C@H](N2CCN(CCc4ccc(F)cc4)CC2=O)C3)CC1,CHEMBL386717,Permeability,,9.6,Permeability,,9.6,caco2_permeability,Permeability,(cm/s),ChEMBL
A,COc1cc(Nc2c(C#N)cnc3cc(-c4coc(CN5CCN(C)CC5)c4)c(OC)cc23)c(Cl)cc1Cl,CHEMBL219557,permeability,ucm/s,2.0,permeability,ucm/s,2.0,caco2_permeability,Permeability,(cm/s),ChEMBL
A,O=C(O)c1c(O)c(Cc2c[nH]c3ccc(Cl)cc23)nc2c3c(ccc12)CCCC3,CHEMBL218362,permeability,ucm/s,0.0,permeability,ucm/s,0.0,caco2_permeability,Permeability,(cm/s),ChEMBL
A,O=C(/C=C/c1ccc(Cl)c(Cl)c1)NCCCCCN1CCC(C(=O)Nc2ccc(Cl)c(Cl)c2)CC1,CHEMBL373869,permeability,nm/s,90.0,permeability,nm/s,90.0,caco2_permeability,Permeability,(cm/s),ChEMBL
A,CCc1cc2c(c(C(F)(F)F)c1)C(=O)N1CCNC[C@@H]21,CHEMBL221113,permeability,nm/s,212.0,permeability,nm/s,212.0,caco2_permeability,Permeability,(cm/s),ChEMBL
A,O=C1NCCc2[nH]c(-c3ccnc(-c4ccccc4F)c3)cc21,CHEMBL226471,permeability,ucm/s,9.45,permeability,ucm/s,9.45,caco2_permeability,Permeability,(cm/s),ChEMBL
A,Cc1cc(Nc2ncnc3cnc(N4CCOCC4)cc23)ccc1Oc1ccc(C(=O)NCC(C)(C)C)cc1,CHEMBL375671,permeability,10^-6 cm/s,15.4,permeability,10^-6 cm/s,15.4,caco2_permeability,Permeability,(cm/s),ChEMBL
A,N=C(N)NCCC[C@H](NC(=O)c1ccc(C(c2ccccc2)c2ccccc2)o1)C(=O)O,CHEMBL230034,permeability,10^-6 cm/s,0.4,permeability,10^-6 cm/s,0.4,caco2_permeability,Permeability,(cm/s),ChEMBL
A,CCN1CCN(c2ccc(C(C)(C)NC(=O)c3cc4[nH]c5ccccc5c(=O)c4cc3F)cn2)CC1,CHEMBL229008,permeability,nm/s,320.0,permeability,nm/s,320.0,caco2_permeability,Permeability,(cm/s),ChEMBL
A,CN(C(=O)CC[C@@H](C1CCCCC1)N1Cc2cc(Oc3ccccc3)ccc2N=C1N)C1CCCCC1,CHEMBL244347,permeability,10^-6 cm/s,3.38,permeability,10^-6 cm/s,3.38,caco2_permeability,Permeability,(cm/s),ChEMBL
A,CN(C(=O)CC[C@@H](C1CCCCC1)N1Cc2cc(Oc3ccccc3)ccc2N=C1N)C1CCCCC1,CHEMBL244347,permeability,10^-6 cm/s,0.28,permeability,10^-6 cm/s,0.28,caco2_permeability,Permeability,(cm/s),ChEMBL
A,N#Cc1cnc2c(Cl)cc(NCc3cnc[nH]3)cc2c1Nc1ccc(F)c(Cl)c1,CHEMBL436817,permeability,10^-6 cm/s,5.0,permeability,10^-6 cm/s,5.0,caco2_permeability,Permeability,(cm/s),ChEMBL
A,Cn1cnc(CNc2cc(Br)c3ncc(C#N)c(Nc4ccc(F)c(Cl)c4)c3c2)c1,CHEMBL230761,permeability,10^-6 cm/s,5.0,permeability,10^-6 cm/s,5.0,caco2_permeability,Permeability,(cm/s),ChEMBL
A,CCCc1[nH]cnc1CNc1cc(Cl)c2ncc(C#N)c(Nc3ccc(F)c(Cl)c3)c2c1,CHEMBL230654,permeability,10^-6 cm/s,5.0,permeability,10^-6 cm/s,5.0,caco2_permeability,Permeability,(cm/s),ChEMBL
A,N#Cc1cnc2c(Br)cc(NCc3c[nH]nn3)cc2c1Nc1ccc(F)c(Cl)c1,CHEMBL230232,permeability,10^-6 cm/s,5.0,permeability,10^-6 cm/s,5.0,caco2_permeability,Permeability,(cm/s),ChEMBL
A,N#Cc1cnc2c(Cl)cc(NCc3cccc[n+]3[O-])cc2c1Nc1ccc(F)c(Cl)c1,CHEMBL395573,permeability,10^-6 cm/s,5.0,permeability,10^-6 cm/s,5.0,caco2_permeability,Permeability,(cm/s),ChEMBL
A,O=C(O)COc1c(C(=O)O)sc(-c2cccc(NC3CCN(S(=O)(=O)Cc4ccccc4)CC3)c2)c1Br,CHEMBL541214,permeability,10^-6 cm/s,1.0,permeability,10^-6 cm/s,1.0,caco2_permeability,Permeability,(cm/s),ChEMBL
A,O=C(NOCC1CC1)c1ccc(F)c(F)c1Nc1ccc(I)cc1Cl,CHEMBL105442,permeability,cm/s,0.0,permeability,cm/s,0.0,caco2_permeability,Permeability,(cm/s),ChEMBL
A,Cn1cc(C(=O)NCCCO)c(Nc2ccc(I)cc2F)cc1=O,CHEMBL234890,permeability,cm/s,0.0,permeability,cm/s,0.0,caco2_permeability,Permeability,(cm/s),ChEMBL
A,Cn1cc(C(=O)NCCO)c(Nc2ccc(I)cc2F)cc1=O,CHEMBL395231,permeability,cm/s,0.0,permeability,cm/s,0.0,caco2_permeability,Permeability,(cm/s),ChEMBL
A,Cn1cc(C(N)=O)c(Nc2ccc(I)cc2F)cc1=O,CHEMBL442235,permeability,cm/s,24.8,permeability,cm/s,24.8,caco2_permeability,Permeability,(cm/s),ChEMBL
A,Cn1cc(C(=O)NOCCO)c(Nc2ccc(I)cc2F)cc1=O,CHEMBL234887,permeability,cm/s,0.0,permeability,cm/s,0.0,caco2_permeability,Permeability,(cm/s),ChEMBL
A,Cn1cc(C(=O)O)c(Nc2ccc(I)cc2F)cc1=O,CHEMBL234237,permeability,cm/s,0.0,permeability,cm/s,0.0,caco2_permeability,Permeability,(cm/s),ChEMBL
A,O=C(NCCO)c1ccc(F)c(F)c1Nc1ccc(I)cc1F,CHEMBL387574,permeability,cm/s,21.2,permeability,cm/s,21.2,caco2_permeability,Permeability,(cm/s),ChEMBL
A,NC(=O)c1ccc(F)c(F)c1Nc1ccc(I)cc1F,CHEMBL396548,permeability,cm/s,0.0,permeability,cm/s,0.0,caco2_permeability,Permeability,(cm/s),ChEMBL
A,O=C(NOCCO)c1ccc(F)c(F)c1Nc1ccc(I)cc1F,CHEMBL244488,permeability,cm/s,43.4,permeability,cm/s,43.4,caco2_permeability,Permeability,(cm/s),ChEMBL
A,O=C(NC1CCN(C(=O)CCc2cccnc2)CC1)C(c1ccccc1)c1ccccc1,CHEMBL395233,permeability,10^-6 cm/s,8.5,permeability,10^-6 cm/s,8.5,caco2_permeability,Permeability,(cm/s),ChEMBL
A,Cc1cncc(/C=C/C(=O)N2CCC(NC(=O)C(c3ccccc3)C3CCCCC3)CC2)c1,CHEMBL234729,permeability,10^-6 cm/s,7.9,permeability,10^-6 cm/s,7.9,caco2_permeability,Permeability,(cm/s),ChEMBL
A,O=C(NC1CCN(C(=O)/C=C/c2cccnc2)CC1)C(c1ccccc1)C1CCCCC1,CHEMBL234523,permeability,10^-6 cm/s,8.5,permeability,10^-6 cm/s,8.5,caco2_permeability,Permeability,(cm/s),ChEMBL
A,O=C(NC1CCN(C(=O)CCc2ccc(F)nc2)CC1)C(c1ccccc1)C1CCCCC1,CHEMBL234522,permeability,10^-6 cm/s,19.0,permeability,10^-6 cm/s,19.0,caco2_permeability,Permeability,(cm/s),ChEMBL
A,O=C(NC1CCN(C(=O)CCc2cccnc2)CC1)C(c1ccc(Cl)cc1)C1CCCCC1,CHEMBL233675,permeability,10^-6 cm/s,10.0,permeability,10^-6 cm/s,10.0,caco2_permeability,Permeability,(cm/s),ChEMBL
A,O=C(NC1CCN(C(=O)CCc2cccnc2)CC1)C(c1ccccc1)C1CCC(F)(F)CC1,CHEMBL233028,permeability,10^-6 cm/s,16.0,permeability,10^-6 cm/s,16.0,caco2_permeability,Permeability,(cm/s),ChEMBL
A,O=C(NC1CCN(C(=O)CCc2cccnc2)CC1)C(c1ccccc1)C1CCCCC1,CHEMBL390036,permeability,10^-6 cm/s,12.0,permeability,10^-6 cm/s,12.0,caco2_permeability,Permeability,(cm/s),ChEMBL
A,O=C(NC1CCN(C(=O)CCc2cccnc2)CC1)C(c1ccc(Cl)cc1)c1ccc(Cl)cc1,CHEMBL232418,permeability,10^-6 cm/s,6.3,permeability,10^-6 cm/s,6.3,caco2_permeability,Permeability,(cm/s),ChEMBL
A,COc1ccc(CNC(=O)c2ccc(C3c4nc[nH]c4CCN3Cc3cccc(Cl)c3Cl)cc2)cc1,CHEMBL429075,permeability,nm/s,80.0,permeability,nm/s,80.0,caco2_permeability,Permeability,(cm/s),ChEMBL
A,CN(C)C(=O)N1CC(c2cc(F)ccc2F)=C[C@@]1(CCCN)c1ccccc1,CHEMBL395332,permeability,10^-6 cm/s,4.0,permeability,10^-6 cm/s,4.0,caco2_permeability,Permeability,(cm/s),ChEMBL
A,CN(C)C(=O)N1CC(c2cc(F)ccc2F)=C[C@@]1(CC[C@H](N)C(F)F)c1ccccc1,CHEMBL395034,permeability,10^-6 cm/s,38.0,permeability,10^-6 cm/s,38.0,caco2_permeability,Permeability,(cm/s),ChEMBL
A,COc1ccc(CNC(=O)c2ccc(C3c4nc[nH]c4CCN3Cc3cccc(Cl)c3Cl)cc2)cc1,CHEMBL429075,permeability,nm/s,80.0,permeability,nm/s,80.0,caco2_permeability,Permeability,(cm/s),ChEMBL
A,COc1ccc(CNC(=O)c2ccc(C3c4nc[nH]c4CCN3Cc3cccc(Cl)c3)cc2)cc1,CHEMBL396264,permeability,nm/s,210.0,permeability,nm/s,210.0,caco2_permeability,Permeability,(cm/s),ChEMBL
A,COc1ccc(CNC(=O)c2ccc(C3c4nc[nH]c4CCN3Cc3cccc(Cl)c3)cc2)cc1,CHEMBL396264,permeability,nm/s,210.0,permeability,nm/s,210.0,caco2_permeability,Permeability,(cm/s),ChEMBL
A,CC(C)(CO)Nc1nc(SCc2cccc(F)c2F)nc2nc(N)sc12,CHEMBL380947,permeability,10^6cm/s,3.6,permeability,10^6cm/s,3.6,caco2_permeability,Permeability,(cm/s),ChEMBL
A,C[C@H](CO)Nc1nc(SCc2cccc(F)c2F)nc2nc(N)sc12,CHEMBL397237,permeability,10^6cm/s,2.47,permeability,10^6cm/s,2.47,caco2_permeability,Permeability,(cm/s),ChEMBL
A,C[C@H](CO)Nc1nc(SCc2cccc(F)c2F)nc2nc(N)sc12,CHEMBL397237,permeability,10^6cm/s,13.68,permeability,10^6cm/s,13.68,caco2_permeability,Permeability,(cm/s),ChEMBL
A,CC(C)n1c(=O)n(Cc2nc3ccccc3n2CCCC#N)c2cnccc21,CHEMBL446708,permeability,nm/s,169.0,permeability,nm/s,169.0,caco2_permeability,Permeability,(cm/s),ChEMBL
A,N#CCCCn1c(Cn2c(=O)n(C3CCC3)c3ccncc32)nc2ccccc21,CHEMBL233893,permeability,nm/s,168.0,permeability,nm/s,168.0,caco2_permeability,Permeability,(cm/s),ChEMBL
A,N#CCCCn1c(Cn2c(=O)n(C3CC3)c3ccncc32)nc2ccccc21,CHEMBL388039,permeability,nm/s,181.0,permeability,nm/s,181.0,caco2_permeability,Permeability,(cm/s),ChEMBL
A,CC(C)(C)n1c(=O)n(Cc2nc3ccccc3n2CCCC#N)c2cnccc21,CHEMBL233892,permeability,nm/s,214.0,permeability,nm/s,214.0,caco2_permeability,Permeability,(cm/s),ChEMBL
A,O=c1n(Cc2nc3ccccc3n2CCCCO)c2cnccc2n1C1CCCC1,CHEMBL243878,permeability,nm/s,160.0,permeability,nm/s,160.0,caco2_permeability,Permeability,(cm/s),ChEMBL
A,O=c1n(Cc2nc3ccccc3n2CCCCO)c2cnccc2n1C1CCC1,CHEMBL243877,permeability,nm/s,161.0,permeability,nm/s,161.0,caco2_permeability,Permeability,(cm/s),ChEMBL
A,O=c1n(Cc2nc3ccccc3n2CCCCCO)c2cnccc2n1C1CC1,CHEMBL390633,permeability,nm/s,96.0,permeability,nm/s,96.0,caco2_permeability,Permeability,(cm/s),ChEMBL
A,O=c1n(Cc2nc3ccccc3n2CCCCO)c2cnccc2n1C1CC1,CHEMBL243876,permeability,nm/s,122.0,permeability,nm/s,122.0,caco2_permeability,Permeability,(cm/s),ChEMBL
A,O=c1n(Cc2nc3ccccc3n2CCCO)c2cnccc2n1C1CC1,CHEMBL243875,permeability,nm/s,115.0,permeability,nm/s,115.0,caco2_permeability,Permeability,(cm/s),ChEMBL
A,N#CCCCn1c(Cn2c(=O)n(CC(F)(F)F)c3ccncc32)nc2ccccc21,CHEMBL395001,permeability,nm/s,197.0,permeability,nm/s,197.0,caco2_permeability,Permeability,(cm/s),ChEMBL
A,CS(=O)(=O)CCCn1c(Cn2c(=O)n(C3CC3)c3ccncc32)nc2ccccc21,CHEMBL243029,permeability,nm/s,27.0,permeability,nm/s,27.0,caco2_permeability,Permeability,(cm/s),ChEMBL
A,O=c1n(Cc2nc3ccccc3n2CCCC2(O)CC2)c2cnccc2n1C1CC1,CHEMBL389338,permeability,nm/s,233.0,permeability,nm/s,233.0,caco2_permeability,Permeability,(cm/s),ChEMBL
A,O=c1n(Cc2nc3ccccc3n2CCC2(O)CC2)c2cnccc2n1C1CC1,CHEMBL243028,permeability,nm/s,137.0,permeability,nm/s,137.0,caco2_permeability,Permeability,(cm/s),ChEMBL
A,CC(C)(O)CCCn1c(Cn2c(=O)n(C3CC3)c3ccncc32)nc2ccccc21,CHEMBL243027,permeability,nm/s,145.0,permeability,nm/s,145.0,caco2_permeability,Permeability,(cm/s),ChEMBL
A,CC(C)(O)CCn1c(Cn2c(=O)n(C3CC3)c3ccncc32)nc2ccccc21,CHEMBL390034,permeability,nm/s,182.0,permeability,nm/s,182.0,caco2_permeability,Permeability,(cm/s),ChEMBL
A,CCS(=O)(=O)CCCn1c(Cn2c(=O)n(CC(F)(F)F)c3ccncc32)nc2ccccc21,CHEMBL243032,permeability,nm/s,92.0,permeability,nm/s,92.0,caco2_permeability,Permeability,(cm/s),ChEMBL
A,CCS(=O)(=O)CCCn1c(Cn2c(=O)n(C3CC3)c3ccncc32)nc2ccccc21,CHEMBL389339,permeability,nm/s,34.0,permeability,nm/s,34.0,caco2_permeability,Permeability,(cm/s),ChEMBL
A,CS(=O)(=O)CCCn1c(Cn2c(=O)n(CC(F)(F)F)c3ccncc32)nc2ccccc21,CHEMBL243031,permeability,nm/s,36.0,permeability,nm/s,36.0,caco2_permeability,Permeability,(cm/s),ChEMBL
A,O=c1n(Cc2nc3ccccc3n2CCCCF)c2cnccc2n1CC(F)(F)F,CHEMBL232979,permeability,nm/s,245.0,permeability,nm/s,245.0,caco2_permeability,Permeability,(cm/s),ChEMBL
A,O=c1n(Cc2nc3ccccc3n2CCCCF)c2cnccc2n1C1CC1,CHEMBL398805,permeability,nm/s,247.0,permeability,nm/s,247.0,caco2_permeability,Permeability,(cm/s),ChEMBL
A,O=c1n(Cc2nc3ccccc3n2CCCC(F)(F)F)c2cnccc2n1C1CC1,CHEMBL234900,permeability,nm/s,239.0,permeability,nm/s,239.0,caco2_permeability,Permeability,(cm/s),ChEMBL
A,O=c1n(Cc2nc3ccccc3n2CCCS(=O)(=O)C2CC2)c2cnccc2n1C1CC1,CHEMBL232978,permeability,nm/s,21.0,permeability,nm/s,21.0,caco2_permeability,Permeability,(cm/s),ChEMBL
A,CC(C)S(=O)(=O)CCCn1c(Cn2c(=O)n(C3CC3)c3ccncc32)nc2ccccc21,CHEMBL391529,permeability,nm/s,63.0,permeability,nm/s,63.0,caco2_permeability,Permeability,(cm/s),ChEMBL
A,CCS(=O)(=O)CCCn1c(Cn2c(=O)n(C(F)F)c3ccncc32)nc2ccccc21,CHEMBL232604,permeability,nm/s,59.0,permeability,nm/s,59.0,caco2_permeability,Permeability,(cm/s),ChEMBL
A,CS(=O)(=O)CCCn1c(Cn2c(=O)n(C3CC3)c3ccncc32)nc2ccccc21,CHEMBL243029,permeability,nm/s,39.0,permeability,nm/s,39.0,caco2_permeability,Permeability,(cm/s),ChEMBL
A,O=c1n(Cc2nc3ccccc3n2CCCCO)c2cnccc2n1C(F)F,CHEMBL234849,permeability,nm/s,197.0,permeability,nm/s,197.0,caco2_permeability,Permeability,(cm/s),ChEMBL
A,O=c1n(Cc2nc3ccccc3n2CCCCO)c2cnccc2n1C1CC1,CHEMBL243876,permeability,nm/s,130.0,permeability,nm/s,130.0,caco2_permeability,Permeability,(cm/s),ChEMBL
A,N#CCCCn1c(Cn2c(=O)n(C(F)F)c3ccncc32)nc2ccccc21,CHEMBL393307,permeability,nm/s,188.0,permeability,nm/s,188.0,caco2_permeability,Permeability,(cm/s),ChEMBL
A,N#CCCCn1c(Cn2c(=O)n(C3CC3)c3ccncc32)nc2ccccc21,CHEMBL388039,permeability,nm/s,166.0,permeability,nm/s,166.0,caco2_permeability,Permeability,(cm/s),ChEMBL
A,C=C(C)n1c(=O)n(Cc2nc3ccccc3n2CCCC#N)c2ncccc21,CHEMBL234027,permeability,nm/s,230.0,permeability,nm/s,230.0,caco2_permeability,Permeability,(cm/s),ChEMBL
A,O=C(O)CCc1ccc(NCc2cccc(Oc3ccccc3)c2)cc1,CHEMBL207881,permeability,nM/s,599.0,permeability,nM/s,599.0,caco2_permeability,Permeability,(cm/s),ChEMBL
A,CCCC[C@H]1CN2CCc3cc(OC)c(OC)cc3[C@@H]2C[C@@H]1N,CHEMBL234412,permeability,10^-6 cm/s,2.5,permeability,10^-6 cm/s,2.5,caco2_permeability,Permeability,(cm/s),ChEMBL
A,COc1cc2c(cc1OC)[C@@H]1C[C@H](N)[C@@H](c3cccc(C)c3)CN1CC2,CHEMBL391070,permeability,10^-6 cm/s,3.4,permeability,10^-6 cm/s,3.4,caco2_permeability,Permeability,(cm/s),ChEMBL
A,CC(C)C[C@@]1(C(=O)O)C[C@H](C(=O)NS(C)(=O)=O)[C@H](c2nccs2)N1C(=O)c1ccc(C(C)(C)C)cc1,CHEMBL234053,permeability,nm/s,0.3,permeability,nm/s,0.3,caco2_permeability,Permeability,(cm/s),ChEMBL
A,Cc1cc(Cc2ccc(C(=O)N[C@@H]3CN(C)C[C@@H]3C(=O)NO)cc2)c2ccccc2n1,CHEMBL429444,permeability,10^-6 cm/s,0.3,permeability,10^-6 cm/s,0.3,caco2_permeability,Permeability,(cm/s),ChEMBL
A,COC(=O)N1C[C@H](C(=O)NO)[C@H](NC(=O)c2ccc(Cc3cc(C)nc4ccccc34)cc2)C1,CHEMBL233844,permeability,10^-6 cm/s,0.1,permeability,10^-6 cm/s,0.1,caco2_permeability,Permeability,(cm/s),ChEMBL
A,CCCCS(=O)(=O)N1C[C@H](C(=O)NO)[C@H](NC(=O)c2ccc(Cc3cc(C)nc4ccccc34)cc2)C1,CHEMBL233843,permeability,10^-6 cm/s,0.3,permeability,10^-6 cm/s,0.3,caco2_permeability,Permeability,(cm/s),ChEMBL
A,Cc1cc(Cc2ccc(C(=O)N[C@@H]3CN(C(=O)C(C)(C)C)C[C@@H]3C(=O)NO)cc2)c2ccccc2n1,CHEMBL401453,permeability,10^-6 cm/s,0.0,permeability,10^-6 cm/s,0.0,caco2_permeability,Permeability,(cm/s),ChEMBL
A,CC#CCN1C[C@H](C(=O)NO)[C@H](NC(=O)c2ccc(Cc3cc(C)nc4ccccc34)cc2)C1,CHEMBL233842,permeability,10^-6 cm/s,1.9,permeability,10^-6 cm/s,1.9,caco2_permeability,Permeability,(cm/s),ChEMBL
A,C#CCN1C[C@H](C(=O)NO)[C@H](NC(=O)c2ccc(Cc3cc(C)nc4ccccc34)cc2)C1,CHEMBL233629,permeability,10^-6 cm/s,0.7,permeability,10^-6 cm/s,0.7,caco2_permeability,Permeability,(cm/s),ChEMBL
A,Cc1cc(Cc2ccc(C(=O)N[C@@H]3CN(CC(C)(C)C)C[C@@H]3C(=O)NO)cc2)c2ccccc2n1,CHEMBL234199,permeability,10^-6 cm/s,9.3,permeability,10^-6 cm/s,9.3,caco2_permeability,Permeability,(cm/s),ChEMBL
A,Cc1cc(Cc2ccc(C(=O)N[C@@H]3CN(CC(C)C)C[C@@H]3C(=O)NO)cc2)c2ccccc2n1,CHEMBL392312,permeability,10^-6 cm/s,1.5,permeability,10^-6 cm/s,1.5,caco2_permeability,Permeability,(cm/s),ChEMBL
A,Cc1cc(Cc2ccc(C(=O)N[C@@H]3CCC[C@@H]3C(=O)NO)cc2)c2ccccc2n1,CHEMBL401454,permeability,10^-6 cm/s,1.2,permeability,10^-6 cm/s,1.2,caco2_permeability,Permeability,(cm/s),ChEMBL
A,Cc1cc(Cc2ccc(C(=O)N[C@@H]3CCOC[C@@H]3C(=O)NO)cc2)c2ccccc2n1,CHEMBL234034,permeability,10^-6 cm/s,0.6,permeability,10^-6 cm/s,0.6,caco2_permeability,Permeability,(cm/s),ChEMBL
A,Cc1cc(Cc2cccc(C(=O)N[C@@H]3COC[C@@H]3C(=O)NO)c2)c2ccccc2n1,CHEMBL234033,permeability,10^-6 cm/s,0.1,permeability,10^-6 cm/s,0.1,caco2_permeability,Permeability,(cm/s),ChEMBL
A,O=C(Nc1ccc(Cl)cc1)c1ccnn1CCc1ccncc1,CHEMBL397323,permeability,10^-5 cm/min,41.7,permeability,10^-5 cm/min,41.7,caco2_permeability,Permeability,(cm/s),ChEMBL
A,O=C(Nc1ccc(C(F)(F)F)c(Cl)c1)c1ccnn1CCc1ccncc1,CHEMBL233823,permeability,10^-5 cm/min,27.6,permeability,10^-5 cm/min,27.6,caco2_permeability,Permeability,(cm/s),ChEMBL
A,CC(C)c1ccc(NC(=O)c2ccnn2CCc2ccncc2)cc1,CHEMBL236420,permeability,10^-5 cm/min,49.1,permeability,10^-5 cm/min,49.1,caco2_permeability,Permeability,(cm/s),ChEMBL
A,CC(C)(C)c1ccc(NC(=O)c2ccnn2CCc2ccncc2)cc1,CHEMBL399605,permeability,10^-5 cm/min,44.6,permeability,10^-5 cm/min,44.6,caco2_permeability,Permeability,(cm/s),ChEMBL
A,O=C(Nc1cccc(OC(F)(F)Cl)c1)c1ccnn1CCc1ccncc1,CHEMBL236419,permeability,10^-5 cm/min,28.4,permeability,10^-5 cm/min,28.4,caco2_permeability,Permeability,(cm/s),ChEMBL
A,O=C(Nc1ccc(OC(F)(F)F)cc1)c1ccnn1CCc1ccncc1,CHEMBL236205,permeability,10^-5 cm/min,42.2,permeability,10^-5 cm/min,42.2,caco2_permeability,Permeability,(cm/s),ChEMBL
A,CCc1ccc(NC(=O)c2ccnn2CCc2ccncc2)cc1,CHEMBL392935,permeability,10^-5 cm/min,58.2,permeability,10^-5 cm/min,58.2,caco2_permeability,Permeability,(cm/s),ChEMBL
A,O=C(Nc1ccc(C(F)(F)F)cc1)c1ccnn1CCc1ccncc1,CHEMBL392934,permeability,10^-5 cm/min,38.5,permeability,10^-5 cm/min,38.5,caco2_permeability,Permeability,(cm/s),ChEMBL
A,CCc1nc(N)nc(N)c1-c1ccc2c(c1)N(CCCOC)C(=O)C(C)(C)O2,CHEMBL400431,permeability,10^-6 cm/s,19.0,permeability,10^-6 cm/s,19.0,caco2_permeability,Permeability,(cm/s),ChEMBL
A,CCc1nc(N)nc(N)c1-c1ccc2c(c1)N(CCCC(F)(F)F)C(=O)C(C)(c1cc(F)cc(F)c1)O2,CHEMBL241458,permeability,10^-6 cm/s,9.0,permeability,10^-6 cm/s,9.0,caco2_permeability,Permeability,(cm/s),ChEMBL
A,CCc1nc(N)nc(N)c1-c1ccc2c(c1)N(CCOCC(F)(F)F)C(=O)C(C)(c1cc(F)cc(F)c1)O2,CHEMBL241457,permeability,10^-6 cm/s,2.8,permeability,10^-6 cm/s,2.8,caco2_permeability,Permeability,(cm/s),ChEMBL
A,CCOCCCN1C(=O)C(C)(c2cc(F)cc(F)c2)Oc2ccc(-c3c(N)nc(N)nc3CC)cc21,CHEMBL393109,permeability,10^-6 cm/s,13.0,permeability,10^-6 cm/s,13.0,caco2_permeability,Permeability,(cm/s),ChEMBL
A,CCc1nc(N)nc(N)c1-c1ccc2c(c1)N(CCNC(=O)OC)C(=O)C(C)(c1cc(F)cc(F)c1)O2,CHEMBL241032,permeability,10^-6 cm/s,2.1,permeability,10^-6 cm/s,2.1,caco2_permeability,Permeability,(cm/s),ChEMBL
A,CCc1nc(N)nc(N)c1-c1ccc2c(c1)N(CCNS(C)(=O)=O)C(=O)C(C)(c1cc(F)cc(F)c1)O2,CHEMBL240813,permeability,10^-6 cm/s,1.8,permeability,10^-6 cm/s,1.8,caco2_permeability,Permeability,(cm/s),ChEMBL
A,CCNC(=O)CN1C(=O)C(C)(c2cc(F)cc(F)c2)Oc2ccc(-c3c(N)nc(N)nc3CC)cc21,CHEMBL398811,permeability,10^-6 cm/s,21.0,permeability,10^-6 cm/s,21.0,caco2_permeability,Permeability,(cm/s),ChEMBL
A,CCc1nc(N)nc(N)c1-c1ccc2c(c1)N(CCC(=O)NC)C(=O)C(C)(c1cc(F)cc(F)c1)O2,CHEMBL240598,permeability,10^-6 cm/s,5.1,permeability,10^-6 cm/s,5.1,caco2_permeability,Permeability,(cm/s),ChEMBL
A,CCc1nc(N)nc(N)c1-c1ccc2c(c1)N(CCNC(=O)CO)C(=O)C(C)(c1cc(F)cc(F)c1)O2,CHEMBL240391,permeability,10^-6 cm/s,1.5,permeability,10^-6 cm/s,1.5,caco2_permeability,Permeability,(cm/s),ChEMBL
A,CCc1nc(N)nc(N)c1-c1ccc2c(c1)N(CCCCO)C(=O)C(C)(c1cc(F)cc(F)c1)O2,CHEMBL429459,permeability,10^-6 cm/s,10.6,permeability,10^-6 cm/s,10.6,caco2_permeability,Permeability,(cm/s),ChEMBL
A,CCc1nc(N)nc(N)c1-c1ccc2c(c1)N(CCO)C(=O)C(C)(c1cc(F)cc(F)c1)O2,CHEMBL238678,permeability,10^-6 cm/s,6.3,permeability,10^-6 cm/s,6.3,caco2_permeability,Permeability,(cm/s),ChEMBL
A,CCc1nc(N)nc(N)c1-c1ccc2c(c1)N(CCCO)C(=O)C(C)(c1cc(F)cc(F)c1)O2,CHEMBL393218,permeability,10^-6 cm/s,10.0,permeability,10^-6 cm/s,10.0,caco2_permeability,Permeability,(cm/s),ChEMBL
A,CCc1nc(N)nc(N)c1-c1ccc2c(c1)N(CCNC(C)=O)C(=O)C(C)(c1cc(F)cc(F)c1)O2,CHEMBL398584,permeability,10^-6 cm/s,1.4,permeability,10^-6 cm/s,1.4,caco2_permeability,Permeability,(cm/s),ChEMBL
A,CCc1nc(N)nc(N)c1-c1ccc2c(c1)N(CCCOC)C(=O)C(C)(c1cc(F)cc(F)c1)O2,CHEMBL239496,permeability,10^-6 cm/s,32.0,permeability,10^-6 cm/s,32.0,caco2_permeability,Permeability,(cm/s),ChEMBL
A,CCc1nc(N)nc(N)c1-c1ccc2c(c1)N(CCNC(C)=O)C(=O)[C@@](C)(c1ccccc1)O2,CHEMBL239085,permeability,10^-6 cm/s,1.9,permeability,10^-6 cm/s,1.9,caco2_permeability,Permeability,(cm/s),ChEMBL
A,CCc1nc(N)nc(N)c1-c1ccc2c(c1)N(CCNC(C)=O)C(=O)[C@](C)(c1ccccc1)O2,CHEMBL391463,permeability,10^-6 cm/s,2.1,permeability,10^-6 cm/s,2.1,caco2_permeability,Permeability,(cm/s),ChEMBL
A,CCc1nc(N)nc(N)c1-c1ccc2c(c1)N(CCNC(C)=O)C(=O)C(C)(c1ccc(Cl)cc1)O2,CHEMBL239074,permeability,10^-6 cm/s,34.0,permeability,10^-6 cm/s,34.0,caco2_permeability,Permeability,(cm/s),ChEMBL
A,CCc1nc(N)nc(N)c1-c1ccc2c(c1)N(CCNC(C)=O)C(=O)C(C)(c1cccc(C(F)(F)F)c1)O2,CHEMBL393363,permeability,10^-6 cm/s,8.8,permeability,10^-6 cm/s,8.8,caco2_permeability,Permeability,(cm/s),ChEMBL
A,CCc1nc(N)nc(N)c1-c1ccc2c(c1)N(CCCOC)C(=O)C(C)(c1ccc(F)c(F)c1)O2,CHEMBL238866,permeability,10^-6 cm/s,17.0,permeability,10^-6 cm/s,17.0,caco2_permeability,Permeability,(cm/s),ChEMBL
A,CCc1nc(N)nc(N)c1-c1ccc2c(c1)N(CCCOC)C(=O)C(CC)(c1cc(F)cc(F)c1)O2,CHEMBL239497,permeability,10^-6 cm/s,17.0,permeability,10^-6 cm/s,17.0,caco2_permeability,Permeability,(cm/s),ChEMBL
A,CCc1nc(N)nc(N)c1-c1ccc2c(c1)N(CCNC(C)=O)C(=O)C(C)(c1cc(F)cc(F)c1)O2,CHEMBL398584,permeability,10^-6 cm/s,1.4,permeability,10^-6 cm/s,1.4,caco2_permeability,Permeability,(cm/s),ChEMBL
A,CCc1nc(N)nc(N)c1-c1ccc2c(c1)N(CCCOC)C(=O)C(C)(c1cc(F)cc(F)c1)O2,CHEMBL239496,permeability,10^-6 cm/s,27.0,permeability,10^-6 cm/s,27.0,caco2_permeability,Permeability,(cm/s),ChEMBL
A,CCc1nc(N)nc(N)c1-c1ccc2c(c1)N(CCNC(C)=O)C(=O)C1(CC1)O2,CHEMBL398387,permeability,10^-6 cm/s,5.4,permeability,10^-6 cm/s,5.4,caco2_permeability,Permeability,(cm/s),ChEMBL
A,CCc1nc(N)nc(N)c1-c1ccc2c(c1)N(CCCOC)C(=O)C(CC)(CC)O2,CHEMBL239495,permeability,10^-6 cm/s,32.0,permeability,10^-6 cm/s,32.0,caco2_permeability,Permeability,(cm/s),ChEMBL
A,CCc1nc(N)nc(N)c1-c1ccc2c(c1)N(CCCOC)C(=O)C(C)(CC)O2,CHEMBL240566,permeability,10^-6 cm/s,14.0,permeability,10^-6 cm/s,14.0,caco2_permeability,Permeability,(cm/s),ChEMBL
A,CCc1nc(N)nc(N)c1-c1ccc2c(c1)N(CCNC(C)=O)C(=O)C(C)(C(F)(F)F)O2,CHEMBL394016,permeability,10^-6 cm/s,2.4,permeability,10^-6 cm/s,2.4,caco2_permeability,Permeability,(cm/s),ChEMBL
A,CCc1nc(N)nc(N)c1-c1ccc2c(c1)N(CCNC(C)=O)C(=O)C(C)(C)O2,CHEMBL240355,permeability,10^-6 cm/s,1.7,permeability,10^-6 cm/s,1.7,caco2_permeability,Permeability,(cm/s),ChEMBL
A,O=C(N[C@H]1CCC[C@H]1NC(=O)c1ccc(Cl)s1)c1ccc(-n2ccccc2=O)cc1,CHEMBL233992,permeability,nm/s,92.0,permeability,nm/s,92.0,caco2_permeability,Permeability,(cm/s),ChEMBL
A,CCS(=O)(=O)N1C[C@H](NC(=O)c2ccc(-n3ccccc3=O)cc2)[C@H](NC(=O)c2ccc(Cl)s2)C1,CHEMBL392297,permeability,nm/s,15.0,permeability,nm/s,15.0,caco2_permeability,Permeability,(cm/s),ChEMBL
A,CCOC(=O)N1C[C@H](NC(=O)c2ccc(-n3ccccc3=O)cc2)[C@H](NC(=O)c2ccc(Cl)s2)C1,CHEMBL437555,permeability,nm/s,25.0,permeability,nm/s,25.0,caco2_permeability,Permeability,(cm/s),ChEMBL
A,CC(=O)N1C[C@H](NC(=O)c2ccc(-n3ccccc3=O)cc2)[C@H](NC(=O)c2ccc(Cl)s2)C1,CHEMBL394129,permeability,nm/s,15.0,permeability,nm/s,15.0,caco2_permeability,Permeability,(cm/s),ChEMBL
A,CC(C)C[C@H](NCCN)c1cccc(F)c1N1CCN(C(=O)[C@@H](Cc2ccc(Cl)cc2Cl)N2CCCC2=O)CC1,CHEMBL393576,permeability,10^-6 cm/s,6.7,permeability,10^-6 cm/s,6.7,caco2_permeability,Permeability,(cm/s),ChEMBL
A,C[C@H](C(=O)NCc1cc(F)cc(F)c1)C(=O)N[C@@H]1C(=O)N(C)c2ccccc2-c2ccccc21,CHEMBL267959,permeability,cm/s,10000000.0,permeability,cm/s,10000000.0,caco2_permeability,Permeability,(cm/s),ChEMBL
A,C[C@@H](C(=O)NCc1cc(F)cc(F)c1)C(=O)N[C@@H]1C(=O)N(C)c2ccccc2-c2ccccc21,CHEMBL235648,permeability,cm/s,10000000.0,permeability,cm/s,10000000.0,caco2_permeability,Permeability,(cm/s),ChEMBL
A,CC(C(=O)NCc1cc(F)cc(F)c1)C(=O)N[C@H]1C(=O)N(C)c2ccccc2-c2ccccc21,CHEMBL235646,permeability,cm/s,10000000.0,permeability,cm/s,10000000.0,caco2_permeability,Permeability,(cm/s),ChEMBL
A,CC(C(=O)NCc1cc(F)cc(F)c1)C(=O)N[C@@H]1C(=O)N(C)c2ccccc2-c2ccccc21,CHEMBL235427,permeability,cm/s,10000000.0,permeability,cm/s,10000000.0,caco2_permeability,Permeability,(cm/s),ChEMBL
A,CC(C(=O)NCc1cc(F)cc(F)c1)C(=O)NC1C(=O)N(C)c2ccccc2-c2ccccc21,CHEMBL391420,permeability,cm/s,10000000.0,permeability,cm/s,10000000.0,caco2_permeability,Permeability,(cm/s),ChEMBL
A,CCCCCCc1ccc(C(=O)CCN(C)CCc2ccccc2)cc1,CHEMBL235252,permeability,10^-6 cm/s,57.0,permeability,10^-6 cm/s,57.0,caco2_permeability,Permeability,(cm/s),ChEMBL
A,CCCCCCc1ccc(C(=O)CCNCCC)cc1,CHEMBL396873,permeability,10^-6 cm/s,254.0,permeability,10^-6 cm/s,254.0,caco2_permeability,Permeability,(cm/s),ChEMBL
A,CCCCCCc1ccc(C(=O)CCN(C2CCCCC2)C2CCCCC2)cc1,CHEMBL428375,permeability,10^-6 cm/s,104.0,permeability,10^-6 cm/s,104.0,caco2_permeability,Permeability,(cm/s),ChEMBL
A,CCCCCCc1ccc(C(=O)CCN(C)Cc2ccco2)cc1,CHEMBL236134,permeability,10^-6 cm/s,681.0,permeability,10^-6 cm/s,681.0,caco2_permeability,Permeability,(cm/s),ChEMBL
A,CCCCCCc1ccc(C(=O)CCN(C)C)cc1,CHEMBL236033,permeability,10^-6 cm/s,2323.0,permeability,10^-6 cm/s,2323.0,caco2_permeability,Permeability,(cm/s),ChEMBL
A,CCCCCCc1ccc(C(=O)CCN(CCCC)CCCC)cc1,CHEMBL396086,permeability,10^-6 cm/s,1957.0,permeability,10^-6 cm/s,1957.0,caco2_permeability,Permeability,(cm/s),ChEMBL
A,CCCCCCc1ccc(C(=O)CCN2CCC(C(=O)OC)CC2)cc1,CHEMBL236133,permeability,10^-6 cm/s,145.0,permeability,10^-6 cm/s,145.0,caco2_permeability,Permeability,(cm/s),ChEMBL
A,CCCCCCc1ccc(C(=O)CCN2CCOCC2)cc1,CHEMBL236132,permeability,10^-6 cm/s,1210.0,permeability,10^-6 cm/s,1210.0,caco2_permeability,Permeability,(cm/s),ChEMBL
A,CCCCCCc1ccc(C(=O)CCN(C(C)C)C(C)C)cc1,CHEMBL236131,permeability,10^-6 cm/s,747.0,permeability,10^-6 cm/s,747.0,caco2_permeability,Permeability,(cm/s),ChEMBL
A,CCCCCCc1ccc(C(=O)CCN(C)CCO)cc1,CHEMBL235922,permeability,10^-6 cm/s,965.0,permeability,10^-6 cm/s,965.0,caco2_permeability,Permeability,(cm/s),ChEMBL
A,CCCCCCc1ccc(C(=O)CC)cc1,CHEMBL237821,permeability,10^-6 cm/s,0.0,permeability,10^-6 cm/s,0.0,caco2_permeability,Permeability,(cm/s),ChEMBL
A,CCCCCCCc1ccc(C(=O)/C=C/c2ccccc2)cc1,CHEMBL449354,permeability,10^-6 cm/s,0.0,permeability,10^-6 cm/s,0.0,caco2_permeability,Permeability,(cm/s),ChEMBL
A,C/C=C(\C)C(=O)c1ccc(CCCCCCC)cc1,CHEMBL237820,permeability,10^-6 cm/s,0.0,permeability,10^-6 cm/s,0.0,caco2_permeability,Permeability,(cm/s),ChEMBL
A,CCCCCCCc1ccc(C(=O)C=C(C)C)cc1,CHEMBL396437,permeability,10^-6 cm/s,0.0,permeability,10^-6 cm/s,0.0,caco2_permeability,Permeability,(cm/s),ChEMBL
A,C=C(C)C(=O)c1ccc(CCCCCCC)cc1,CHEMBL237605,permeability,10^-6 cm/s,43.0,permeability,10^-6 cm/s,43.0,caco2_permeability,Permeability,(cm/s),ChEMBL
A,C/C=C/C(=O)c1ccc(CCCCCCC)cc1,CHEMBL396089,permeability,10^-6 cm/s,7.0,permeability,10^-6 cm/s,7.0,caco2_permeability,Permeability,(cm/s),ChEMBL
A,CCCCCCc1ccc(C(=O)/C=C\C(=O)O)cc1,CHEMBL237601,permeability,10^-6 cm/s,66.0,permeability,10^-6 cm/s,66.0,caco2_permeability,Permeability,(cm/s),ChEMBL
A,C=CC(=O)c1ccc(CCCCCC)cc1,CHEMBL237600,permeability,10^-6 cm/s,38.0,permeability,10^-6 cm/s,38.0,caco2_permeability,Permeability,(cm/s),ChEMBL
A,CCCCCCc1ccc(NC(=O)CCC(=O)O)cc1,CHEMBL391785,permeability,10^-6 cm/s,48.0,permeability,10^-6 cm/s,48.0,caco2_permeability,Permeability,(cm/s),ChEMBL
A,C=C(CC(=O)Nc1ccc(CCCCCC)cc1)C(=O)O,CHEMBL235489,permeability,10^-6 cm/s,57.0,permeability,10^-6 cm/s,57.0,caco2_permeability,Permeability,(cm/s),ChEMBL
A,CCCCCCc1ccc(NC(=O)/C=C/c2ccccc2)cc1,CHEMBL235276,permeability,10^-6 cm/s,14.0,permeability,10^-6 cm/s,14.0,caco2_permeability,Permeability,(cm/s),ChEMBL
A,CCCCCCc1ccc(NC(=O)C=C(C)C)cc1,CHEMBL394061,permeability,10^-6 cm/s,98.0,permeability,10^-6 cm/s,98.0,caco2_permeability,Permeability,(cm/s),ChEMBL
A,C/C=C/C(=O)Nc1ccc(CCCCCC)cc1,CHEMBL398107,permeability,10^-6 cm/s,432.0,permeability,10^-6 cm/s,432.0,caco2_permeability,Permeability,(cm/s),ChEMBL
A,CCCCCCc1ccc(NC(=O)/C=C\C(=O)O)cc1,CHEMBL235904,permeability,10^-6 cm/s,29.0,permeability,10^-6 cm/s,29.0,caco2_permeability,Permeability,(cm/s),ChEMBL
A,C=CC(=O)Nc1ccc(CCCCCC)cc1,CHEMBL398106,permeability,10^-6 cm/s,833.0,permeability,10^-6 cm/s,833.0,caco2_permeability,Permeability,(cm/s),ChEMBL
A,CCCCCCc1ccc(C(=O)C2CO2)cc1,CHEMBL236543,permeability,10^-6 cm/s,1117.0,permeability,10^-6 cm/s,1117.0,caco2_permeability,Permeability,(cm/s),ChEMBL
A,CCCCCCc1ccc(C(=O)CCCBr)cc1,CHEMBL236307,permeability,10^-6 cm/s,58.0,permeability,10^-6 cm/s,58.0,caco2_permeability,Permeability,(cm/s),ChEMBL
A,CCCCCCc1ccc(C(=O)CCBr)cc1,CHEMBL395602,permeability,10^-6 cm/s,1190.0,permeability,10^-6 cm/s,1190.0,caco2_permeability,Permeability,(cm/s),ChEMBL
A,CCCCCCc1ccc(C(=O)CF)cc1,CHEMBL236341,permeability,10^-6 cm/s,974.0,permeability,10^-6 cm/s,974.0,caco2_permeability,Permeability,(cm/s),ChEMBL
A,CCCCCCc1ccc(C(=O)CCl)cc1,CHEMBL236339,permeability,10^-6 cm/s,1029.0,permeability,10^-6 cm/s,1029.0,caco2_permeability,Permeability,(cm/s),ChEMBL
A,C#CC(=O)Oc1ccc(CCCCCC)cc1,CHEMBL236338,permeability,10^-6 cm/s,21.0,permeability,10^-6 cm/s,21.0,caco2_permeability,Permeability,(cm/s),ChEMBL
A,C#CC(=O)Nc1ccc(CCCCCC)cc1,CHEMBL235491,permeability,10^-6 cm/s,621.0,permeability,10^-6 cm/s,621.0,caco2_permeability,Permeability,(cm/s),ChEMBL
A,Cc1ccc(N2CCN(C(=O)[C@H](C)Cc3ccc(Cl)cc3)CC2)c([C@@H](N)C(C)C)c1,CHEMBL401250,permeability,10^-6 cm/s,5.0,permeability,10^-6 cm/s,5.0,caco2_permeability,Permeability,(cm/s),ChEMBL
A,Cc1ccc(N2CCN(C(=O)[C@H](C)Cc3ccc(Cl)cc3)CC2)c([C@@H](NC(=O)CCN)C(C)C)c1,CHEMBL240364,permeability,10^-6 cm/s,0.3,permeability,10^-6 cm/s,0.3,caco2_permeability,Permeability,(cm/s),ChEMBL
A,CNCCC(=O)N[C@H](c1cc(C)ccc1N1CCN(C(=O)[C@H](C)Cc2ccc(Cl)cc2)CC1)C(C)C,CHEMBL240780,permeability,10^-6 cm/s,1.2,permeability,10^-6 cm/s,1.2,caco2_permeability,Permeability,(cm/s),ChEMBL
A,Cc1ccc(N2CCN(C(=O)[C@H](C)Cc3ccc(Cl)cc3)CC2)c([C@@H](NC(=O)CCN(C)C)C(C)C)c1,CHEMBL427860,permeability,10^-6 cm/s,6.2,permeability,10^-6 cm/s,6.2,caco2_permeability,Permeability,(cm/s),ChEMBL
A,Cc1ccc(N2CCN(C(=O)[C@H](C)Cc3ccc(Cl)cc3C)CC2)c([C@@H](NC(=O)CCN(C)C)C(C)C)c1,CHEMBL240572,permeability,10^-6 cm/s,1.9,permeability,10^-6 cm/s,1.9,caco2_permeability,Permeability,(cm/s),ChEMBL
A,Cc1ccc(N2CCN(C(=O)[C@H](C)Cc3ccc(Cl)cc3F)CC2)c([C@@H](NC(=O)CCN(C)C)C(C)C)c1,CHEMBL391056,permeability,10^-6 cm/s,3.7,permeability,10^-6 cm/s,3.7,caco2_permeability,Permeability,(cm/s),ChEMBL
A,CNCC(=O)N[C@H](c1cc(C)ccc1N1CCN(C(=O)[C@H](C)Cc2ccc(Cl)cc2F)CC1)C(C)C,CHEMBL240571,permeability,10^-6 cm/s,0.8,permeability,10^-6 cm/s,0.8,caco2_permeability,Permeability,(cm/s),ChEMBL
A,CNCCN[C@H](c1cc(C)ccc1N1CCN(C(=O)[C@H](C)Cc2ccc(Cl)cc2F)CC1)C(C)C,CHEMBL240568,permeability,10^-6 cm/s,0.3,permeability,10^-6 cm/s,0.3,caco2_permeability,Permeability,(cm/s),ChEMBL
F,CSc1nc(NCCc2ccccc2)c2cnn(CC(Cl)c3ccccc3)c2n1,CHEMBL289125,permeability,10^-6 cm/s,8.0,permeability,10^-6 cm/s,8.0,caco2_permeability,Permeability,(cm/s),ChEMBL
A,NCCc1cn(S(=O)(=O)c2c(Cl)nc3sccn23)c2ccccc12,CHEMBL392760,permeability,10^6cm/s,13.6,permeability,10^6cm/s,13.6,caco2_permeability,Permeability,(cm/s),ChEMBL
A,C[C@]12CC[C@H]3[C@@H](CCC4=CC(=O)CC[C@@]43C)[C@@H]1CC[C@@H]2O,CHEMBL386630,permeability,10^6cm/s,8.67,permeability,10^6cm/s,8.67,caco2_permeability,Permeability,(cm/s),ChEMBL
A,CC(C)NCC(O)COc1ccc(CC(N)=O)cc1,CHEMBL24,permeability,10^6cm/s,0.002,permeability,10^6cm/s,0.002,caco2_permeability,Permeability,(cm/s),ChEMBL
A,Nc1nc2c(ncn2COCCO)c(=O)[nH]1,CHEMBL184,permeability,10^6cm/s,0.01,permeability,10^6cm/s,0.01,caco2_permeability,Permeability,(cm/s),ChEMBL
A,Cc1cc(=O)n(-c2ccccc2)n1C,CHEMBL277474,permeability,10^6cm/s,1.18,permeability,10^6cm/s,1.18,caco2_permeability,Permeability,(cm/s),ChEMBL
A,NC(=O)[C@H](Cc1ccccc1)N1CCNC(=O)CCN[C@@H](Cc2ccccc2)C(=O)NCC(=O)NCC(=O)NCC(=O)NCC1=O,CHEMBL235510,permeability,%,40.0,permeability,%,40.0,caco2_permeability,Permeability,(cm/s),ChEMBL
A,CN[C@@H](Cc1ccccc1)C(=O)NCC(=O)NCC(=O)NCC(=O)NCC(=O)N(C)[C@@H](Cc1ccccc1)C(N)=O,CHEMBL393582,permeability,%,40.0,permeability,%,40.0,caco2_permeability,Permeability,(cm/s),ChEMBL
A,CN1CC(=O)NCC(=O)NCC(=O)NCC(=O)N([C@@H](Cc2ccccc2)C(N)=O)CCNC(=O)CCN[C@@H](Cc2ccccc2)C1=O,CHEMBL391994,permeability,%,35.0,permeability,%,35.0,caco2_permeability,Permeability,(cm/s),ChEMBL
A,CN[C@@H](Cc1ccccc1)C(=O)N(C)CC(=O)NCC(=O)NCC(=O)NCC(=O)N(C)[C@@H](Cc1ccccc1)C(N)=O,CHEMBL396440,permeability,%,35.0,permeability,%,35.0,caco2_permeability,Permeability,(cm/s),ChEMBL
A,C/C=C/C[C@@H](C)[C@@H](O)[C@H]1C(=O)N[C@@H](CC)C(=O)N(C)CC(=O)N(C)[C@@H](CC(C)C)C(=O)N[C@@H](C(C)C)C(=O)N(C)[C@@H](CC(C)C)C(=O)N[C@@H](C)C(=O)N[C@H](C)C(=O)N(C)[C@@H](CC(C)C)C(=O)N(C)[C@@H](CC(C)C)C(=O)N(C)[C@@H](C(C)C)C(=O)N1C,CHEMBL160,permeability,%,62.0,permeability,%,62.0,caco2_permeability,Permeability,(cm/s),ChEMBL
A,Nc1nc2c(ncn2COCCO)c(=O)[nH]1,CHEMBL184,permeability,10^6cm/s,0.01,permeability,10^6cm/s,0.01,caco2_permeability,Permeability,(cm/s),ChEMBL
A,Cc1cc(=O)n(-c2ccccc2)n1C,CHEMBL277474,permeability,10^6cm/s,1.18,permeability,10^6cm/s,1.18,caco2_permeability,Permeability,(cm/s),ChEMBL
A,C[C@]12CC[C@H]3[C@@H](CCC4=CC(=O)CC[C@@]43C)[C@@H]1CC[C@@H]2O,CHEMBL386630,permeability,10^6cm/s,8.67,permeability,10^6cm/s,8.67,caco2_permeability,Permeability,(cm/s),ChEMBL
A,CCOc1cc(CN2CCC(Nc3nc4ccccc4o3)CC2)ccc1OC,CHEMBL236587,permeability,10^-6 cm/s,4.44,permeability,10^-6 cm/s,4.44,caco2_permeability,Permeability,(cm/s),ChEMBL
A,NCC1CCC(CNc2nc(NCc3ccccc3Cl)ncc2[N+](=O)[O-])CC1,CHEMBL246970,permeability,10^-6 cm/s,4.0,permeability,10^-6 cm/s,4.0,caco2_permeability,Permeability,(cm/s),ChEMBL
A,NCC1CCC(CNc2nc(NCc3ccccc3Cl)ncc2[N+](=O)[O-])CC1,CHEMBL246970,permeability,10^-6 cm/s,6.9,permeability,10^-6 cm/s,6.9,caco2_permeability,Permeability,(cm/s),ChEMBL
A,O=[N+]([O-])c1cnc(NCc2ccccc2Cl)nc1NCC1CCNCC1,CHEMBL246161,permeability,10^-6 cm/s,8.1,permeability,10^-6 cm/s,8.1,caco2_permeability,Permeability,(cm/s),ChEMBL
A,CN(C)CC1CCC(CNc2nc(NCc3ccccc3Cl)ncc2[N+](=O)[O-])CC1,CHEMBL246160,permeability,10^-6 cm/s,10.6,permeability,10^-6 cm/s,10.6,caco2_permeability,Permeability,(cm/s),ChEMBL
A,CSc1ccccc1CNc1ncc([N+](=O)[O-])c(NCC2CCC(CN)CC2)n1,CHEMBL392642,permeability,10^-6 cm/s,1.6,permeability,10^-6 cm/s,1.6,caco2_permeability,Permeability,(cm/s),ChEMBL
A,O=[N+]([O-])c1cnc(NCc2ccccc2Cl)nc1NCC1CCNCC1,CHEMBL246161,permeability,10^-6 cm/s,10.6,permeability,10^-6 cm/s,10.6,caco2_permeability,Permeability,(cm/s),ChEMBL
A,CN(C)CC1CCC(CNc2nc(NCc3ccccc3Cl)ncc2[N+](=O)[O-])CC1,CHEMBL246160,permeability,10^-6 cm/s,10.2,permeability,10^-6 cm/s,10.2,caco2_permeability,Permeability,(cm/s),ChEMBL
A,CSc1ccccc1CNc1ncc([N+](=O)[O-])c(NCC2CCC(CN)CC2)n1,CHEMBL392642,permeability,10^-6 cm/s,1.9,permeability,10^-6 cm/s,1.9,caco2_permeability,Permeability,(cm/s),ChEMBL
A,C[C@H]1CC[C@H](NC(=O)c2cnc(N3CCC(CO)CC3)cn2)CC1,CHEMBL246252,permeability,10^-6 cm/s,25.5,permeability,10^-6 cm/s,25.5,caco2_permeability,Permeability,(cm/s),ChEMBL
A,CC(=O)N[C@@H](Cc1ccccc1)C(=O)N[C@@H](Cc1ccc([C@@H]2CC(=O)NS2(=O)=O)cc1)c1nc2ccccc2[nH]1,CHEMBL211655,permeability,10^-6 cm/s,0.1,permeability,10^-6 cm/s,0.1,caco2_permeability,Permeability,(cm/s),ChEMBL
A,Cc1cc(C[C@H](NS(=O)(=O)c2ccccc2)c2nc3ccccc3[nH]2)ccc1[C@@H]1CC(=O)NS1(=O)=O,CHEMBL248291,permeability,10^-6 cm/s,0.4,permeability,10^-6 cm/s,0.4,caco2_permeability,Permeability,(cm/s),ChEMBL
A,Cc1cc(C[C@H](Nc2nc3ccccc3s2)c2nc3ccccc3[nH]2)ccc1C1CC(=O)NS1(=O)=O,CHEMBL247278,permeability,10^-6 cm/s,0.5,permeability,10^-6 cm/s,0.5,caco2_permeability,Permeability,(cm/s),ChEMBL
A,N#Cc1cc(C[C@H](Nc2nc3ccccc3s2)c2nc3ccccc3[nH]2)ccc1C1CC(=O)NS1(=O)=O,CHEMBL395386,permeability,10^-6 cm/s,0.5,permeability,10^-6 cm/s,0.5,caco2_permeability,Permeability,(cm/s),ChEMBL
A,O=C1CC(c2ccc(C[C@H](Nc3nc4ccccc4s3)c3nc4ccccc4[nH]3)cc2Cl)S(=O)(=O)N1,CHEMBL430200,permeability,10^-6 cm/s,0.7,permeability,10^-6 cm/s,0.7,caco2_permeability,Permeability,(cm/s),ChEMBL
A,O=C1CC(c2ccc(C[C@H](Nc3nc4ccccc4s3)c3nc4ccccc4[nH]3)cc2F)S(=O)(=O)N1,CHEMBL247075,permeability,10^-6 cm/s,0.8,permeability,10^-6 cm/s,0.8,caco2_permeability,Permeability,(cm/s),ChEMBL
A,N#Cc1ccc2[nH]c([C@H](Cc3ccc(C4CC(=O)NS4(=O)=O)cc3)Nc3nc4ccccc4s3)nc2c1,CHEMBL396584,permeability,10^-6 cm/s,0.4,permeability,10^-6 cm/s,0.4,caco2_permeability,Permeability,(cm/s),ChEMBL
A,O=C1CC(c2ccc(C[C@H](Nc3nc4ccccc4s3)c3nc4cc(Cl)ccc4[nH]3)cc2)S(=O)(=O)N1,CHEMBL396583,permeability,10^-6 cm/s,0.8,permeability,10^-6 cm/s,0.8,caco2_permeability,Permeability,(cm/s),ChEMBL
A,O=C1CC(c2ccc(C[C@H](Nc3nc4ccccc4s3)c3nc4cc(C(F)(F)F)ccc4[nH]3)cc2)S(=O)(=O)N1,CHEMBL247074,permeability,10^-6 cm/s,0.4,permeability,10^-6 cm/s,0.4,caco2_permeability,Permeability,(cm/s),ChEMBL
A,O=C1CC(c2ccc(C[C@H](Nc3nc4cc(Br)ccc4s3)c3nc4ccccc4[nH]3)cc2)S(=O)(=O)N1,CHEMBL394382,permeability,10^-6 cm/s,1.3,permeability,10^-6 cm/s,1.3,caco2_permeability,Permeability,(cm/s),ChEMBL
A,O=C1CC(c2ccc(C[C@H](Nc3nc4ccc(Br)cc4s3)c3nc4ccccc4[nH]3)cc2)S(=O)(=O)N1,CHEMBL246869,permeability,10^-6 cm/s,0.2,permeability,10^-6 cm/s,0.2,caco2_permeability,Permeability,(cm/s),ChEMBL
A,N#Cc1ccc2nc(N[C@@H](Cc3ccc(C4CC(=O)NS4(=O)=O)cc3)c3nc4ccccc4[nH]3)sc2c1,CHEMBL398020,permeability,10^-6 cm/s,0.4,permeability,10^-6 cm/s,0.4,caco2_permeability,Permeability,(cm/s),ChEMBL
A,COc1cccc2sc(N[C@@H](Cc3ccc(C4CC(=O)NS4(=O)=O)cc3)c3nc4ccccc4[nH]3)nc12,CHEMBL437371,permeability,10^-6 cm/s,1.0,permeability,10^-6 cm/s,1.0,caco2_permeability,Permeability,(cm/s),ChEMBL
A,COc1ccc2nc(N[C@@H](Cc3ccc(C4CC(=O)NS4(=O)=O)cc3)c3nc4ccccc4[nH]3)sc2c1,CHEMBL246659,permeability,10^-6 cm/s,0.5,permeability,10^-6 cm/s,0.5,caco2_permeability,Permeability,(cm/s),ChEMBL
A,O=C1CC(c2ccc(C[C@H](Nc3nc4cc(Cl)ccc4s3)c3nc4ccccc4[nH]3)cc2)S(=O)(=O)N1,CHEMBL246452,permeability,10^-6 cm/s,0.8,permeability,10^-6 cm/s,0.8,caco2_permeability,Permeability,(cm/s),ChEMBL
A,O=C1CC(c2ccc(C[C@H](Nc3nc4ccc(Cl)cc4s3)c3nc4ccccc4[nH]3)cc2)S(=O)(=O)N1,CHEMBL246247,permeability,10^-6 cm/s,0.8,permeability,10^-6 cm/s,0.8,caco2_permeability,Permeability,(cm/s),ChEMBL
A,O=C1CC(c2ccc(C[C@H](Nc3nc4c(F)cccc4s3)c3nc4ccccc4[nH]3)cc2)S(=O)(=O)N1,CHEMBL246038,permeability,10^-6 cm/s,1.7,permeability,10^-6 cm/s,1.7,caco2_permeability,Permeability,(cm/s),ChEMBL
A,O=C1CC(c2ccc(C[C@H](Nc3nc4cc(F)ccc4s3)c3nc4ccccc4[nH]3)cc2)S(=O)(=O)N1,CHEMBL246036,permeability,10^-6 cm/s,1.3,permeability,10^-6 cm/s,1.3,caco2_permeability,Permeability,(cm/s),ChEMBL
A,O=C1CC(c2ccc(C[C@H](Nc3nc4ccc(F)cc4s3)c3nc4ccccc4[nH]3)cc2)S(=O)(=O)N1,CHEMBL391816,permeability,10^-6 cm/s,0.9,permeability,10^-6 cm/s,0.9,caco2_permeability,Permeability,(cm/s),ChEMBL
A,O=C1CC(c2ccc(C[C@H](Nc3nc4c(C(F)(F)F)cccc4s3)c3nc4ccccc4[nH]3)cc2)S(=O)(=O)N1,CHEMBL245831,permeability,10^-6 cm/s,0.1,permeability,10^-6 cm/s,0.1,caco2_permeability,Permeability,(cm/s),ChEMBL
A,O=C1CC(c2ccc(C[C@H](Nc3nc4ccc(C(F)(F)F)cc4s3)c3nc4ccccc4[nH]3)cc2)S(=O)(=O)N1,CHEMBL245425,permeability,10^-6 cm/s,0.1,permeability,10^-6 cm/s,0.1,caco2_permeability,Permeability,(cm/s),ChEMBL
A,O=C1C[C@@H](c2ccc(C[C@H](Nc3nc4ccccc4s3)c3nc4ccccc4[nH]3)cc2)S(=O)(=O)N1,CHEMBL440955,permeability,10^-6 cm/s,0.7,permeability,10^-6 cm/s,0.7,caco2_permeability,Permeability,(cm/s),ChEMBL
A,O=C1CC(c2ccc(C[C@H](Nc3nc4ccccc4s3)c3nc4ccccc4[nH]3)cc2)S(=O)(=O)N1,CHEMBL248490,permeability,10^-6 cm/s,1.3,permeability,10^-6 cm/s,1.3,caco2_permeability,Permeability,(cm/s),ChEMBL
A,COc1cc(Nc2c(C#N)cnc3cc(C#CCCN4CCN(C)CC4)c(OC)cc23)c(Cl)cc1Cl,CHEMBL391738,permeability,10^-6 cm/s,6.8,permeability,10^-6 cm/s,6.8,caco2_permeability,Permeability,(cm/s),ChEMBL
A,COc1ccc2cc([C@H](C)C(=O)O)ccc2c1,CHEMBL154,permeability,cm/hr,0.015,permeability,cm/hr,0.015,caco2_permeability,Permeability,(cm/s),ChEMBL
A,COC(=O)N(C)COC(=O)[C@@H](C)c1ccc2cc(OC)ccc2c1,CHEMBL396162,permeability,cm/hr,0.019,permeability,cm/hr,0.019,caco2_permeability,Permeability,(cm/s),ChEMBL
A,C=CC[C@]1(O)CC[C@H]2[C@@H]3CCC4=CC(=O)CCC4=C3[C@@H](c3ccc(P(=O)(c4ccccc4)c4ccccc4)cc3)C[C@@]21C,CHEMBL250512,permeability,10^-6 cm/s,2.6,permeability,10^-6 cm/s,2.6,caco2_permeability,Permeability,(cm/s),ChEMBL
A,C=CC[C@]1(O)CC[C@H]2[C@@H]3CCC4=CC(=O)CCC4=C3[C@@H](c3ccc(P(=O)(OCC)OCC)cc3)C[C@@]21C,CHEMBL250750,permeability,10^-6 cm/s,14.5,permeability,10^-6 cm/s,14.5,caco2_permeability,Permeability,(cm/s),ChEMBL
A,Fc1cccc(Cn2ncc3cc(Nc4ncnn5ccc(COC[C@@H]6CNCCO6)c45)ccc32)c1,CHEMBL246284,permeability,nm/s,64.0,permeability,nm/s,64.0,caco2_permeability,Permeability,(cm/s),ChEMBL
A,Cc1oc(-c2ccccc2)nc1CCOc1ccc(CN(CC(=O)O)Cc2ccc(Oc3ccccc3)cc2)cc1,CHEMBL247925,permeability,nm/s,15.0,permeability,nm/s,15.0,caco2_permeability,Permeability,(cm/s),ChEMBL
A,Cc1oc(-c2ccccc2)nc1CCOc1cccc(CN(CC(=O)O)Cc2ccccc2)c1,CHEMBL246270,permeability,nm/s,251.0,permeability,nm/s,251.0,caco2_permeability,Permeability,(cm/s),ChEMBL
A,Cc1oc(-c2ccccc2)nc1CCOc1cccc(CN(CC(=O)O)Cc2ccccc2)c1,CHEMBL246270,permeability,nm/s,225.0,permeability,nm/s,225.0,caco2_permeability,Permeability,(cm/s),ChEMBL
A,O=C(O)COc1c(C(=O)O)sc(-c2cccc(OC3CCN(S(=O)(=O)Cc4ccccc4)CC3)c2)c1Br,CHEMBL244564,permeability,10^-6 cm/s,0.0,permeability,10^-6 cm/s,0.0,caco2_permeability,Permeability,(cm/s),ChEMBL
A,O=C1CN(c2c(Cl)sc(-c3ccccc3)c2Cl)S(=O)(=O)N1,CHEMBL392396,permeability,10^-6 cm/s,3.54,permeability,10^-6 cm/s,3.54,caco2_permeability,Permeability,(cm/s),ChEMBL
A,Cc1c(N2CC(=O)NS2(=O)=O)csc1-c1cccc(NC2CCN(S(=O)(=O)Cc3ccccc3)CC2)c1,CHEMBL238538,permeability,10^-6 cm/s,0.19,permeability,10^-6 cm/s,0.19,caco2_permeability,Permeability,(cm/s),ChEMBL
A,Cc1c(-c2cccc(OC3CCN(S(=O)(=O)Cc4ccccc4)CC3)c2)sc(-c2nn[nH]n2)c1OCC(=O)O,CHEMBL401240,permeability,10^-6 cm/s,0.22,permeability,10^-6 cm/s,0.22,caco2_permeability,Permeability,(cm/s),ChEMBL
A,O=C1Nc2c(C(F)(F)F)cccc2C1(c1ccc(O)cc1)c1ccc(O)cc1,CHEMBL246052,permeability,nm/s,19.6,permeability,nm/s,19.6,caco2_permeability,Permeability,(cm/s),ChEMBL
A,O=C1Nc2c(ccc(F)c2F)C1(c1ccc(O)cc1)c1ccc(O)cc1,CHEMBL247496,permeability,nm/s,43.1,permeability,nm/s,43.1,caco2_permeability,Permeability,(cm/s),ChEMBL
A,O=C1N/C(=C\c2ccc(CN3CCCC3)cc2)C(=O)N1c1ccc(Oc2ccccc2)cc1,CHEMBL440229,permeability,nM/s,60.0,permeability,nM/s,60.0,caco2_permeability,Permeability,(cm/s),ChEMBL
A,O=C(O)COc1ccc(Cl)cc1C1CCCCCC1,CHEMBL398126,permeability,10^-6 cm/s,8.4,permeability,10^-6 cm/s,8.4,caco2_permeability,Permeability,(cm/s),ChEMBL
A,O=C(O)COc1ccc(Cl)cc1C1CCCCCC1,CHEMBL398126,permeability,10^-6 cm/s,21.4,permeability,10^-6 cm/s,21.4,caco2_permeability,Permeability,(cm/s),ChEMBL
A,Cc1nc2c(cnn2-c2ccccc2)c(=O)n1-c1ccc(Cl)cc1,CHEMBL247438,permeability,10^-6 cm/s,29.6,permeability,10^-6 cm/s,29.6,caco2_permeability,Permeability,(cm/s),ChEMBL
A,Cc1nc2c(cnn2-c2cccnc2)c(=O)n1-c1ccc(Cl)cc1,CHEMBL399128,permeability,10^-6 cm/s,21.4,permeability,10^-6 cm/s,21.4,caco2_permeability,Permeability,(cm/s),ChEMBL
A,Cc1nc2c(cnn2-c2cccc(S(N)(=O)=O)c2)c(=O)n1-c1ccc(Cl)cc1,CHEMBL248233,permeability,10^-6 cm/s,17.6,permeability,10^-6 cm/s,17.6,caco2_permeability,Permeability,(cm/s),ChEMBL
A,Cc1nc2c(cnn2-c2cccc(Cl)c2)c(=O)n1-c1ccc(Cl)cc1,CHEMBL399309,permeability,10^-6 cm/s,5.6,permeability,10^-6 cm/s,5.6,caco2_permeability,Permeability,(cm/s),ChEMBL
A,Cc1cccc(-n2ncc3c(=O)n(-c4ccc(Cl)cc4)c(C)nc32)c1,CHEMBL400307,permeability,10^-6 cm/s,13.4,permeability,10^-6 cm/s,13.4,caco2_permeability,Permeability,(cm/s),ChEMBL
A,Cc1nc2c(cnn2-c2ccccc2)c(=O)n1N1CCCCC1,CHEMBL248052,permeability,10^-6 cm/s,5.49,permeability,10^-6 cm/s,5.49,caco2_permeability,Permeability,(cm/s),ChEMBL
A,Cc1nc2c(cnn2-c2ccccc2)c(=O)n1-c1ccc(Br)cc1,CHEMBL248208,permeability,10^-6 cm/s,19.4,permeability,10^-6 cm/s,19.4,caco2_permeability,Permeability,(cm/s),ChEMBL
A,COc1cccc(CN(c2c(Cl)c(Cl)cc3[nH]c(=O)c(=O)[nH]c23)S(C)(=O)=O)c1,CHEMBL247035,permeability,10^-6 cm/s,3.43,permeability,10^-6 cm/s,3.43,caco2_permeability,Permeability,(cm/s),ChEMBL
A,CCc1cc2[nH]c(=O)c(=O)[nH]c2c(N(CCCOC)S(C)(=O)=O)c1Cl,CHEMBL248446,permeability,10^-6 cm/s,0.01,permeability,10^-6 cm/s,0.01,caco2_permeability,Permeability,(cm/s),ChEMBL
A,COCCN(c1c(C)c(Cl)cc2[nH]c(=O)c(=O)[nH]c12)S(C)(=O)=O,CHEMBL248445,permeability,10^-6 cm/s,0.01,permeability,10^-6 cm/s,0.01,caco2_permeability,Permeability,(cm/s),ChEMBL
A,COCCN(c1c(Cl)c(C)cc2[nH]c(=O)c(=O)[nH]c12)S(C)(=O)=O,CHEMBL248444,permeability,10^-6 cm/s,0.14,permeability,10^-6 cm/s,0.14,caco2_permeability,Permeability,(cm/s),ChEMBL
A,COCCCN(c1cc(Cl)cc2[nH]c(=O)c(=O)[nH]c12)S(C)(=O)=O,CHEMBL399700,permeability,10^-6 cm/s,0.01,permeability,10^-6 cm/s,0.01,caco2_permeability,Permeability,(cm/s),ChEMBL
A,CS(=O)(=O)N(CCC(F)(F)F)c1c(Cl)c(Cl)cc2[nH]c(=O)c(=O)[nH]c12,CHEMBL248443,permeability,10^-6 cm/s,0.41,permeability,10^-6 cm/s,0.41,caco2_permeability,Permeability,(cm/s),ChEMBL
A,CCOCCCN(c1c(Cl)c(Cl)cc2[nH]c(=O)c(=O)[nH]c12)S(C)(=O)=O,CHEMBL400508,permeability,10^-6 cm/s,0.44,permeability,10^-6 cm/s,0.44,caco2_permeability,Permeability,(cm/s),ChEMBL
A,CCOCCN(c1c(Cl)c(Cl)cc2[nH]c(=O)c(=O)[nH]c12)S(C)(=O)=O,CHEMBL248442,permeability,10^-6 cm/s,10.0,permeability,10^-6 cm/s,10.0,caco2_permeability,Permeability,(cm/s),ChEMBL
A,COCCCN(c1c(Cl)c(Cl)cc2[nH]c(=O)c(=O)[nH]c12)S(C)(=O)=O,CHEMBL399275,permeability,10^-6 cm/s,2.06,permeability,10^-6 cm/s,2.06,caco2_permeability,Permeability,(cm/s),ChEMBL
A,COCCN(c1c(Cl)c(Cl)cc2[nH]c(=O)c(=O)[nH]c12)S(C)(=O)=O,CHEMBL248439,permeability,10^-6 cm/s,0.01,permeability,10^-6 cm/s,0.01,caco2_permeability,Permeability,(cm/s),ChEMBL
A,CCOCCOCCN(c1c(Cl)c(Cl)cc2[nH]c(=O)c(=O)[nH]c12)S(C)(=O)=O,CHEMBL399274,permeability,10^-6 cm/s,0.97,permeability,10^-6 cm/s,0.97,caco2_permeability,Permeability,(cm/s),ChEMBL
A,CS(=O)(=O)N(CC1CCCO1)c1c(Cl)c(Cl)cc2[nH]c(=O)c(=O)[nH]c12,CHEMBL248438,permeability,10^-6 cm/s,1.52,permeability,10^-6 cm/s,1.52,caco2_permeability,Permeability,(cm/s),ChEMBL
A,CS(=O)(=O)N(CC1CCCCO1)c1c(Cl)c(Cl)cc2[nH]c(=O)c(=O)[nH]c12,CHEMBL399075,permeability,10^-6 cm/s,0.01,permeability,10^-6 cm/s,0.01,caco2_permeability,Permeability,(cm/s),ChEMBL
A,CS(=O)(=O)N(Cc1cccc(F)c1)c1c(Cl)c(Cl)cc2[nH]c(=O)c(=O)[nH]c12,CHEMBL248436,permeability,10^-6 cm/s,1.75,permeability,10^-6 cm/s,1.75,caco2_permeability,Permeability,(cm/s),ChEMBL
A,O=C(C1CCN(c2ccncc2)CC1)N1CC[C@@H](CNS(=O)(=O)/C=C/c2ccc(-c3ccc(Cl)s3)s2)C1,CHEMBL248849,permeability,nM/s,15.0,permeability,nM/s,15.0,caco2_permeability,Permeability,(cm/s),ChEMBL
A,Cc1cc[n+]([O-])c(C)c1C(=O)N1CCC(C)(N2CCC(N(c3ccccc3)c3cccnc3)CC2)CC1,CHEMBL255858,permeability,10^-5 cm/min,4.0,permeability,10^-5 cm/min,4.0,caco2_permeability,Permeability,(cm/s),ChEMBL
A,Cc1cc[n+]([O-])c(C)c1C(=O)N1CCC(C)(N2CCC(N(c3ccccc3)c3cccnc3)CC2)CC1,CHEMBL255858,permeability,10^-5 cm/min,65.0,permeability,10^-5 cm/min,65.0,caco2_permeability,Permeability,(cm/s),ChEMBL
A,NC1CCN(Cc2ccn3ncnc(Oc4ccc(NC(=O)NC(=O)Cc5ccc(F)cc5)cc4F)c23)CC1,CHEMBL253881,permeability,nm/s,15.0,permeability,nm/s,15.0,caco2_permeability,Permeability,(cm/s),ChEMBL
A,CC[C@@H](C)Nc1ncc(C(=O)Nc2cc(C(=O)NC)ccc2C)s1,CHEMBL258202,permeability,nm/s,83.0,permeability,nm/s,83.0,caco2_permeability,Permeability,(cm/s),ChEMBL
A,COc1ccc(CN([C@@H]2CC(F)(F)CCNC2=O)S(=O)(=O)c2ccc(Cl)cc2)cn1,CHEMBL256794,permeability,nm/s,280.0,permeability,nm/s,280.0,caco2_permeability,Permeability,(cm/s),ChEMBL
A,CCS(=O)(=O)CCN(C(=O)Cc1ccc(F)c(C(F)(F)F)c1)[C@H](C)c1nc(-c2ccccc2)cn1-c1ccc(C#N)cc1,CHEMBL403036,permeability,10^-6 cm/s,0.9,permeability,10^-6 cm/s,0.9,caco2_permeability,Permeability,(cm/s),ChEMBL
A,CCS(=O)(=O)CCN(C(=O)Cc1ccc(F)c(C(F)(F)F)c1)[C@H](C)c1nc(C2CC2)cn1-c1ccc(C#N)cc1,CHEMBL270591,permeability,10^-6 cm/s,5.1,permeability,10^-6 cm/s,5.1,caco2_permeability,Permeability,(cm/s),ChEMBL
A,CCNC(=O)[C@H]1O[C@@H](n2cnc3c(N)nc(NCCc4ccc(CCC(=O)O)cc4)nc32)[C@H](O)[C@@H]1O,CHEMBL331372,permeability,10^-6 cm/s,0.2,permeability,10^-6 cm/s,0.2,caco2_permeability,Permeability,(cm/s),ChEMBL
A,CCNC(=O)[C@H]1O[C@@H](n2cnc3c(NCC(c4ccccc4)c4ccccc4)nc(CNC(=O)NCCN(C(C)C)C4CCCC4)nc32)[C@H](O)[C@@H]1O,CHEMBL272761,permeability,10^-6 cm/s,0.7,permeability,10^-6 cm/s,0.7,caco2_permeability,Permeability,(cm/s),ChEMBL
A,O=C(NCCN1CCCCC1)c1nc(NCC(c2ccccc2)c2ccccc2)c2ncn([C@@H]3O[C@H](CO)[C@@H](O)[C@H]3O)c2n1,CHEMBL256467,permeability,10^-6 cm/s,0.2,permeability,10^-6 cm/s,0.2,caco2_permeability,Permeability,(cm/s),ChEMBL
A,CCOc1ccc(Cc2cc([C@@H]3O[C@H](CO)[C@@H](O)[C@H](O)[C@H]3O)ccc2Cl)cc1,CHEMBL429910,permeability,nm/s,150.0,permeability,nm/s,150.0,caco2_permeability,Permeability,(cm/s),ChEMBL
A,COc1cc(-c2ccc(CCNC[C@H](O)c3cccc(Cl)c3)cc2)ccc1C(=O)O,CHEMBL272383,permeability,10^-6 cm/s,3.3,permeability,10^-6 cm/s,3.3,caco2_permeability,Permeability,(cm/s),ChEMBL
A,CC(C)Sc1cc(-c2ccc(CCNC[C@H](O)c3ccccc3)cc2)ccc1C(=O)O,CHEMBL271574,permeability,10^-6 cm/s,10.0,permeability,10^-6 cm/s,10.0,caco2_permeability,Permeability,(cm/s),ChEMBL
A,CC(C)Cc1cc(-c2ccc(CCNC[C@H](O)c3ccccc3)cc2)ccc1C(=O)O,CHEMBL270026,permeability,10^-6 cm/s,26.0,permeability,10^-6 cm/s,26.0,caco2_permeability,Permeability,(cm/s),ChEMBL
A,O=C(O)c1ccc(-c2ccc(CCNC[C@H](O)c3ccccc3)cc2)cc1OC1CCCCC1,CHEMBL409718,permeability,10^-6 cm/s,30.0,permeability,10^-6 cm/s,30.0,caco2_permeability,Permeability,(cm/s),ChEMBL
A,CC(C)Oc1cc(-c2ccc(CCNC[C@H](O)c3ccccc3)cc2)ccc1C(=O)O,CHEMBL271945,permeability,10^-6 cm/s,18.0,permeability,10^-6 cm/s,18.0,caco2_permeability,Permeability,(cm/s),ChEMBL
A,O=C(O)c1ccc(-c2ccc(CCNC[C@H](O)c3cccc(Cl)c3)cc2)cc1OC1CCCCC1,CHEMBL256418,permeability,10^-6 cm/s,30.0,permeability,10^-6 cm/s,30.0,caco2_permeability,Permeability,(cm/s),ChEMBL
A,CC(C)Oc1cc(-c2ccc(CCNC[C@H](O)c3cccc(Cl)c3)cc2)ccc1C(=O)O,CHEMBL272584,permeability,10^-6 cm/s,30.0,permeability,10^-6 cm/s,30.0,caco2_permeability,Permeability,(cm/s),ChEMBL
F,COc1cc2nccc(Oc3ccc4c(c3)OCCN4C(=O)Nc3ccc(Cl)cc3)c2cc1OC,CHEMBL270548,permeability,uM,4.6,permeability,uM,4.6,caco2_permeability,Permeability,(cm/s),ChEMBL
A,NC(=O)Nc1cn(-c2ccc(-c3ccc(O)cc3)c(Cl)c2)nc1C(N)=O,CHEMBL262614,permeability,10^-6 cm/s,3.0,permeability,10^-6 cm/s,3.0,caco2_permeability,Permeability,(cm/s),ChEMBL
A,Cc1cc(O)ccc1-c1ccc(-n2cc(NC(N)=O)c(C(N)=O)n2)cc1C,CHEMBL264405,permeability,10^-6 cm/s,3.0,permeability,10^-6 cm/s,3.0,caco2_permeability,Permeability,(cm/s),ChEMBL
A,Cc1cc(-n2cc(NC(N)=O)c(C(N)=O)n2)ccc1-c1ccc(O)c(C)c1C,CHEMBL411668,permeability,10^-6 cm/s,3.0,permeability,10^-6 cm/s,3.0,caco2_permeability,Permeability,(cm/s),ChEMBL
A,Cc1cc(O)ccc1-c1ccc(-n2cc(NC(N)=O)c(C(N)=O)n2)cc1C(F)(F)F,CHEMBL429866,permeability,10^-6 cm/s,3.0,permeability,10^-6 cm/s,3.0,caco2_permeability,Permeability,(cm/s),ChEMBL
A,COc1cc(F)c(-c2ccc(-n3cc(NC(N)=O)c(C(N)=O)n3)cc2C)c(F)c1,CHEMBL261629,permeability,10^-6 cm/s,3.0,permeability,10^-6 cm/s,3.0,caco2_permeability,Permeability,(cm/s),ChEMBL
A,COc1ccc(-c2ccc(-n3cc(NC(N)=O)c(C(N)=O)n3)cc2C)cc1C,CHEMBL261012,permeability,10^-6 cm/s,3.0,permeability,10^-6 cm/s,3.0,caco2_permeability,Permeability,(cm/s),ChEMBL
A,Cc1cc(-n2cc(NC(N)=O)c(C(N)=O)n2)ccc1-c1c(F)cc(O)cc1F,CHEMBL411875,permeability,10^-6 cm/s,3.0,permeability,10^-6 cm/s,3.0,caco2_permeability,Permeability,(cm/s),ChEMBL
A,COc1cc(-c2ccc(-n3cc(NC(N)=O)c(C(N)=O)n3)cc2C)ccc1O,CHEMBL263892,permeability,10^-6 cm/s,3.0,permeability,10^-6 cm/s,3.0,caco2_permeability,Permeability,(cm/s),ChEMBL
A,Cc1cc(-n2cc(NC(N)=O)c(C(N)=O)n2)ccc1-c1cc(C)c(O)c(Br)c1,CHEMBL263894,permeability,10^-6 cm/s,3.0,permeability,10^-6 cm/s,3.0,caco2_permeability,Permeability,(cm/s),ChEMBL
A,Cc1cc(-n2cc(NC(N)=O)c(C(N)=O)n2)ccc1-c1ccc(O)cc1,CHEMBL437987,permeability,10^-6 cm/s,3.0,permeability,10^-6 cm/s,3.0,caco2_permeability,Permeability,(cm/s),ChEMBL
A,Cc1cc(O)ccc1-c1ccc(-n2cc(NC(N)=O)c(C(N)=O)n2)cc1,CHEMBL261615,permeability,10^-6 cm/s,3.0,permeability,10^-6 cm/s,3.0,caco2_permeability,Permeability,(cm/s),ChEMBL
A,Cc1cc(-n2cc(NC(N)=O)c(C(N)=O)n2)ccc1-c1ccc(O)c(F)c1,CHEMBL261410,permeability,10^-6 cm/s,3.0,permeability,10^-6 cm/s,3.0,caco2_permeability,Permeability,(cm/s),ChEMBL
A,Cc1cc(-n2cc(NC(N)=O)c(C(N)=O)n2)ccc1-c1cc(C)c(O)c(C)c1,CHEMBL411503,permeability,10^-6 cm/s,3.0,permeability,10^-6 cm/s,3.0,caco2_permeability,Permeability,(cm/s),ChEMBL
A,CCOc1cc(-n2cc(NC(N)=O)c(C(N)=O)n2)ccc1-c1ccc(O)c(F)c1,CHEMBL259287,permeability,10^-6 cm/s,3.0,permeability,10^-6 cm/s,3.0,caco2_permeability,Permeability,(cm/s),ChEMBL
A,NC(=O)Nc1cn(-c2ccc(-c3ccc(O)c(F)c3)c(O)c2)nc1C(N)=O,CHEMBL259074,permeability,10^-6 cm/s,3.0,permeability,10^-6 cm/s,3.0,caco2_permeability,Permeability,(cm/s),ChEMBL
A,NC(=O)Nc1cn(-c2ccc(-c3ccc(O)c(O)c3)cc2)nc1C(N)=O,CHEMBL259927,permeability,10^-6 cm/s,3.0,permeability,10^-6 cm/s,3.0,caco2_permeability,Permeability,(cm/s),ChEMBL
A,Cc1cc(-c2ccc(-n3cc(NC(N)=O)c(C(N)=O)n3)cc2F)ccc1O,CHEMBL277556,permeability,10^-6 cm/s,3.0,permeability,10^-6 cm/s,3.0,caco2_permeability,Permeability,(cm/s),ChEMBL
A,COc1ccc(-c2ccc(-n3cc(NC(N)=O)c(C(N)=O)n3)cc2F)cc1C,CHEMBL258943,permeability,10^-6 cm/s,3.0,permeability,10^-6 cm/s,3.0,caco2_permeability,Permeability,(cm/s),ChEMBL
A,Cc1cc(-c2ccc(-n3cc(NC(N)=O)c(C(N)=O)n3)cc2)cc(C)c1O,CHEMBL259145,permeability,10^-6 cm/s,3.0,permeability,10^-6 cm/s,3.0,caco2_permeability,Permeability,(cm/s),ChEMBL
A,NC(=O)Nc1cn(-c2ccc(-c3ccc(O)c(F)c3)cc2)nc1C(N)=O,CHEMBL429139,permeability,10^-6 cm/s,3.0,permeability,10^-6 cm/s,3.0,caco2_permeability,Permeability,(cm/s),ChEMBL
A,COc1cc(-c2ccc(-n3cc(NC(N)=O)c(C(N)=O)n3)cc2)ccc1O,CHEMBL428077,permeability,10^-6 cm/s,3.0,permeability,10^-6 cm/s,3.0,caco2_permeability,Permeability,(cm/s),ChEMBL
A,Cc1cc(-c2ccc(-n3cc(NC(N)=O)c(C(N)=O)n3)cc2F)cc(C)c1O,CHEMBL258807,permeability,10^-6 cm/s,3.0,permeability,10^-6 cm/s,3.0,caco2_permeability,Permeability,(cm/s),ChEMBL
A,COc1cc(-c2ccc(-n3cc(NC(N)=O)c(C(N)=O)n3)cc2F)ccc1O,CHEMBL258806,permeability,10^-6 cm/s,3.0,permeability,10^-6 cm/s,3.0,caco2_permeability,Permeability,(cm/s),ChEMBL
A,NC(=O)Nc1cn(-c2ccc(-c3ccc(O)c(F)c3)c(Cl)c2)nc1C(N)=O,CHEMBL409810,permeability,10^-6 cm/s,3.0,permeability,10^-6 cm/s,3.0,caco2_permeability,Permeability,(cm/s),ChEMBL
A,NC(=O)Nc1cn(-c2ccc(-c3ccc(O)cc3)c(F)c2)nc1C(N)=O,CHEMBL262085,permeability,10^-6 cm/s,3.0,permeability,10^-6 cm/s,3.0,caco2_permeability,Permeability,(cm/s),ChEMBL
A,NC(=O)Nc1cn(-c2ccc(-c3ccc(O)cc3)cc2)nc1C(N)=O,CHEMBL402478,permeability,10^-6 cm/s,3.0,permeability,10^-6 cm/s,3.0,caco2_permeability,Permeability,(cm/s),ChEMBL
A,COc1cc(Nc2c(C#N)cnc3cc(NCCCN4CCN(C)CC4)c(OC)cc23)c(Cl)cc1Cl,CHEMBL429712,permeability,10^-6 cm/s,10.7,permeability,10^-6 cm/s,10.7,caco2_permeability,Permeability,(cm/s),ChEMBL
A,COc1cc(Nc2c(C#N)cnc3cc(NCCCN(C)C)c(OC)cc23)c(Cl)cc1Cl,CHEMBL261531,permeability,10^-6 cm/s,7.3,permeability,10^-6 cm/s,7.3,caco2_permeability,Permeability,(cm/s),ChEMBL
F,Cc1cc(O)no1,CHEMBL244877,permeability,%,24.6,permeability,%,24.6,caco2_permeability,Permeability,(cm/s),ChEMBL
F,COc1cc(-c2nnc([S+]([O-])Cc3ccccc3)o2)cc(OC)c1OC,CHEMBL260367,permeability,%,26.7,permeability,%,26.7,caco2_permeability,Permeability,(cm/s),ChEMBL
A,c1ccc(-c2n[nH]cc2-c2ccnc3ccccc23)nc1,CHEMBL261454,permeability,%,76.0,permeability,%,76.0,caco2_permeability,Permeability,(cm/s),ChEMBL
A,c1ccc(-c2nn3c(c2-c2ccnc4cc(OCC5CCCO5)ccc24)CCC3)nc1,CHEMBL409158,permeability,%,42.0,permeability,%,42.0,caco2_permeability,Permeability,(cm/s),ChEMBL
A,c1ccc(-c2nn3c(c2-c2ccnc4cc(OCCN5CCOCC5)ccc24)CCC3)nc1,CHEMBL260015,permeability,%,28.0,permeability,%,28.0,caco2_permeability,Permeability,(cm/s),ChEMBL
A,CCN(C)CCOc1ccc2c(-c3c(-c4ccccn4)nn4c3CCC4)ccnc2c1,CHEMBL411297,permeability,%,27.0,permeability,%,27.0,caco2_permeability,Permeability,(cm/s),ChEMBL
A,CN(C)CCOc1ccc2c(-c3c(-c4ccccn4)nn4c3CCC4)ccnc2c1,CHEMBL409525,permeability,%,28.0,permeability,%,28.0,caco2_permeability,Permeability,(cm/s),ChEMBL
A,ClCCOc1ccc2c(-c3c(-c4ccccn4)nn4c3CCC4)ccnc2c1,CHEMBL261762,permeability,%,54.0,permeability,%,54.0,caco2_permeability,Permeability,(cm/s),ChEMBL
A,CN1CCN(CCCOc2ccc3c(-c4c(-c5ccccn5)nn5c4CCC5)ccnc3c2)CC1,CHEMBL261674,permeability,%,13.0,permeability,%,13.0,caco2_permeability,Permeability,(cm/s),ChEMBL
A,CCCCc1nc(Cl)c(CO)n1Cc1ccc(-c2ccccc2-c2nnn[nH]2)cc1,CHEMBL191,permeability,10^-6 cm/s,1.15,permeability,10^-6 cm/s,1.15,caco2_permeability,Permeability,(cm/s),ChEMBL
A,CCc1nc2c(C)cc(C)nc2n1Cc1ccc(-c2c(-c3nn[nH]n3)cnc3ccccc23)cc1,CHEMBL86247,permeability,10^-6 cm/s,0.1,permeability,10^-6 cm/s,0.1,caco2_permeability,Permeability,(cm/s),ChEMBL
A,CCCCn1c(=O)c2cccnc2n1Cc1ccc(-c2ccccc2-c2nn[nH]n2)cc1,CHEMBL259114,permeability,10^-6 cm/s,1.78,permeability,10^-6 cm/s,1.78,caco2_permeability,Permeability,(cm/s),ChEMBL
A,CCCCn1c(=O)c2cc(Cl)cnc2n1Cc1ccc(-c2ccccc2-c2nn[nH]n2)cc1,CHEMBL262098,permeability,10^-6 cm/s,10.8,permeability,10^-6 cm/s,10.8,caco2_permeability,Permeability,(cm/s),ChEMBL
A,CCCCn1c2nc(C)ccc2c(=O)n1Cc1ccc(-c2ccccc2-c2nn[nH]n2)cc1,CHEMBL265208,permeability,10^-6 cm/s,8.7,permeability,10^-6 cm/s,8.7,caco2_permeability,Permeability,(cm/s),ChEMBL
A,CCCCn1c2ncccc2c(=O)n1Cc1ccc(-c2ccccc2-c2nn[nH]n2)cc1,CHEMBL259353,permeability,10^-6 cm/s,3.6,permeability,10^-6 cm/s,3.6,caco2_permeability,Permeability,(cm/s),ChEMBL
A,CCCCC1c2ncccc2C(=O)N1Cc1ccc(-c2ccccc2-c2nn[nH]n2)cc1,CHEMBL410325,permeability,10^-6 cm/s,5.6,permeability,10^-6 cm/s,5.6,caco2_permeability,Permeability,(cm/s),ChEMBL
A,O=C(c1cc2c(cc1F)O[C@](c1ccc(F)cc1)(c1ccc(Cl)cc1Cl)O2)N1CCOCC1,CHEMBL258539,permeability,10^-6 cm/s,10.6,permeability,10^-6 cm/s,10.6,caco2_permeability,Permeability,(cm/s),ChEMBL
A,Cc1c(Nc2c(C#N)cnc3sc(-c4cccc(CN(C)C)c4)cc23)ccc2[nH]ccc12,CHEMBL402818,permeability,10^6cm/s,4.6,permeability,10^6cm/s,4.6,caco2_permeability,Permeability,(cm/s),ChEMBL
F,O=S(=O)(Nc1cc(F)c(O)c(F)c1)c1ccccc1,CHEMBL458568,permeability,10'-6 cm/s,6.34,permeability,10'-6 cm/s,6.34,caco2_permeability,Permeability,(cm/s),ChEMBL
F,O=S(=O)(Nc1cc(F)c(O)c(F)c1)c1ccccc1,CHEMBL458568,permeability,10'-6 cm/s,2.91,permeability,10'-6 cm/s,2.91,caco2_permeability,Permeability,(cm/s),ChEMBL
F,CC(/C=C1\SC(=S)N(CC(=O)O)C1=O)=C\c1ccccc1,CHEMBL56337,permeability,10'-6 cm/s,4.34,permeability,10'-6 cm/s,4.34,caco2_permeability,Permeability,(cm/s),ChEMBL
F,CC(/C=C1\SC(=S)N(CC(=O)O)C1=O)=C\c1ccccc1,CHEMBL56337,permeability,10'-6 cm/s,10.9,permeability,10'-6 cm/s,10.9,caco2_permeability,Permeability,(cm/s),ChEMBL
A,COc1ccc(-c2cc(=O)c3c(O)cc(O)cc3o2)cc1O,CHEMBL90568,permeability,10'-6 cm/s,76.2,permeability,10'-6 cm/s,76.2,caco2_permeability,Permeability,(cm/s),ChEMBL
A,COc1ccc(-c2cc(=O)c3c(O)cc(O)cc3o2)cc1O,CHEMBL90568,permeability,10'-6 cm/s,12.4,permeability,10'-6 cm/s,12.4,caco2_permeability,Permeability,(cm/s),ChEMBL
A,COc1ccc(-c2cc(=O)c3c(O)cc(O)cc3o2)cc1O,CHEMBL90568,permeability,10'-6 cm/s,76.1,permeability,10'-6 cm/s,76.1,caco2_permeability,Permeability,(cm/s),ChEMBL
A,COc1ccc([C@@H]2CC(=O)c3c(O)cc(O)cc3O2)cc1O,CHEMBL399121,permeability,10'-6 cm/s,47.1,permeability,10'-6 cm/s,47.1,caco2_permeability,Permeability,(cm/s),ChEMBL
A,COc1ccc([C@@H]2CC(=O)c3c(O)cc(O)cc3O2)cc1O,CHEMBL399121,permeability,10'-6 cm/s,27.0,permeability,10'-6 cm/s,27.0,caco2_permeability,Permeability,(cm/s),ChEMBL
A,COc1ccc([C@@H]2CC(=O)c3c(O)cc(O)cc3O2)cc1O,CHEMBL399121,permeability,10'-6 cm/s,35.7,permeability,10'-6 cm/s,35.7,caco2_permeability,Permeability,(cm/s),ChEMBL
A,O=C1C[C@@H](c2ccc(O)cc2)Oc2cc(O)cc(O)c21,CHEMBL9352,permeability,10'-6 cm/s,37.8,permeability,10'-6 cm/s,37.8,caco2_permeability,Permeability,(cm/s),ChEMBL
A,O=C1C[C@@H](c2ccc(O)cc2)Oc2cc(O)cc(O)c21,CHEMBL9352,permeability,10'-6 cm/s,51.4,permeability,10'-6 cm/s,51.4,caco2_permeability,Permeability,(cm/s),ChEMBL
A,O=C1C[C@@H](c2ccc(O)cc2)Oc2cc(O)cc(O)c21,CHEMBL9352,permeability,10'-6 cm/s,25.7,permeability,10'-6 cm/s,25.7,caco2_permeability,Permeability,(cm/s),ChEMBL
A,CC(C)OC(=O)c1ccc(NC(=O)N[C@@H](Cc2ccc(O)cc2)C(=O)N[C@H]2CCC[N+](C)(Cc3cccc(O)c3)C2)cc1.[I-],CHEMBL540359,permeability,nm/s,3.0,permeability,nm/s,3.0,caco2_permeability,Permeability,(cm/s),ChEMBL
A,C[n+]1ccccc1/C=N/O.[Cl-],CHEMBL748,permeability,%,10.0,permeability,%,10.0,caco2_permeability,Permeability,(cm/s),ChEMBL
A,CC(C)NCC(O)COc1cccc2ccccc12,CHEMBL27,permeability,%,14.9,permeability,%,14.9,caco2_permeability,Permeability,(cm/s),ChEMBL
A,CC(=O)N[C@@H](Cc1ccccc1)C(=O)N[C@@H](Cc1ccccc1)C(=O)N[C@@H](Cc1ccccc1)C(=O)N[C@@H](Cc1ccccc1)C(N)=O,CHEMBL449668,permeability,10'6cm/s,0.0,permeability,10'6cm/s,0.0,caco2_permeability,Permeability,(cm/s),ChEMBL
A,NCCc1ccc(O)c(O)c1,CHEMBL59,permeability,10'6cm/s,0.0,permeability,10'6cm/s,0.0,caco2_permeability,Permeability,(cm/s),ChEMBL
A,CC(=O)N[C@@H](Cc1ccccc1)C(=O)N[C@@H](Cc1ccccc1)C(N)=O,CHEMBL464178,permeability,10'6cm/s,0.0,permeability,10'6cm/s,0.0,caco2_permeability,Permeability,(cm/s),ChEMBL
A,NCCc1ccc(O)c(O)c1,CHEMBL59,permeability,%,0.0,permeability,%,0.0,caco2_permeability,Permeability,(cm/s),ChEMBL
A,CC(C)NCC(O)COc1cccc2ccccc12,CHEMBL27,permeability,10'6cm/s,8.4,permeability,10'6cm/s,8.4,caco2_permeability,Permeability,(cm/s),ChEMBL
A,CC(C)NCC(O)COc1cccc2ccccc12,CHEMBL27,permeability,10'6cm/s,6.9,permeability,10'6cm/s,6.9,caco2_permeability,Permeability,(cm/s),ChEMBL
A,CC(=O)N[C@@H](Cc1cccnc1)C(=O)N(C)[C@@H](Cc1ccccc1)C(=O)N(C)[C@@H](Cc1ccccc1)C(=O)N(C)[C@@H](Cc1ccccc1)C(N)=O,CHEMBL451917,permeability,10'6cm/s,1.2,permeability,10'6cm/s,1.2,caco2_permeability,Permeability,(cm/s),ChEMBL
A,CC(=O)N1Cc2[nH]c3ccccc3c2C[C@H]1C(=O)N(C)[C@@H](Cc1ccccc1)C(=O)N(C)[C@@H](Cc1ccccc1)C(=O)N(C)[C@@H](Cc1ccccc1)C(N)=O,CHEMBL451533,permeability,10'6cm/s,1.5,permeability,10'6cm/s,1.5,caco2_permeability,Permeability,(cm/s),ChEMBL
A,CN(C(=O)[C@@H]1Cc2c([nH]c3ccccc23)CN1)[C@@H](Cc1ccccc1)C(=O)N(C)[C@@H](Cc1ccccc1)C(=O)N(C)[C@@H](Cc1ccccc1)C(N)=O,CHEMBL501030,permeability,10'6cm/s,0.6,permeability,10'6cm/s,0.6,caco2_permeability,Permeability,(cm/s),ChEMBL
A,CC(=O)N[C@@H](Cc1ccc(O)cc1)C(=O)N(C)[C@@H](Cc1ccccc1)C(=O)N(C)[C@@H](Cc1ccccc1)C(=O)N(C)[C@@H](Cc1ccccc1)C(N)=O,CHEMBL444763,permeability,10'6cm/s,1.1,permeability,10'6cm/s,1.1,caco2_permeability,Permeability,(cm/s),ChEMBL
A,CC(=O)N(C)[C@@H](Cc1c[nH]c2ccccc12)C(=O)N(C)[C@@H](Cc1ccccc1)C(=O)N(C)[C@@H](Cc1ccccc1)C(=O)N(C)[C@@H](Cc1ccccc1)C(N)=O,CHEMBL500204,permeability,10'6cm/s,1.4,permeability,10'6cm/s,1.4,caco2_permeability,Permeability,(cm/s),ChEMBL
A,CC(=O)N[C@@H](Cc1c[nH]c2ccccc12)C(=O)N(C)[C@@H](Cc1ccccc1)C(=O)N(C)[C@@H](Cc1ccccc1)C(=O)N(C)[C@@H](Cc1ccccc1)C(N)=O,CHEMBL467840,permeability,10'6cm/s,1.8,permeability,10'6cm/s,1.8,caco2_permeability,Permeability,(cm/s),ChEMBL
A,CC(=O)N1Cc2ccccc2C[C@H]1C(=O)N(C)[C@@H](Cc1ccccc1)C(=O)N(C)[C@@H](Cc1ccccc1)C(=O)N(C)[C@@H](Cc1ccccc1)C(N)=O,CHEMBL452624,permeability,10'6cm/s,2.0,permeability,10'6cm/s,2.0,caco2_permeability,Permeability,(cm/s),ChEMBL
A,CN(C(=O)[C@@H]1Cc2ccccc2CN1)[C@@H](Cc1ccccc1)C(=O)N(C)[C@@H](Cc1ccccc1)C(=O)N(C)[C@@H](Cc1ccccc1)C(N)=O,CHEMBL510802,permeability,10'6cm/s,2.2,permeability,10'6cm/s,2.2,caco2_permeability,Permeability,(cm/s),ChEMBL
A,CC(=O)N(C)[C@@H](Cc1ccc2ccccc2c1)C(=O)N(C)[C@@H](Cc1ccccc1)C(=O)N(C)[C@@H](Cc1ccccc1)C(=O)N(C)[C@@H](Cc1ccccc1)C(N)=O,CHEMBL511002,permeability,10'6cm/s,1.3,permeability,10'6cm/s,1.3,caco2_permeability,Permeability,(cm/s),ChEMBL
A,CC(=O)N[C@@H](Cc1ccc2ccccc2c1)C(=O)N(C)[C@@H](Cc1ccccc1)C(=O)N(C)[C@@H](Cc1ccccc1)C(=O)N(C)[C@@H](Cc1ccccc1)C(N)=O,CHEMBL448262,permeability,10'6cm/s,3.1,permeability,10'6cm/s,3.1,caco2_permeability,Permeability,(cm/s),ChEMBL
A,CC(=O)N(C)[C@@H](CCc1ccccc1)C(=O)N(C)[C@@H](Cc1ccccc1)C(=O)N(C)[C@@H](Cc1ccccc1)C(=O)N(C)[C@@H](Cc1ccccc1)C(N)=O,CHEMBL508502,permeability,10'6cm/s,1.8,permeability,10'6cm/s,1.8,caco2_permeability,Permeability,(cm/s),ChEMBL
A,CC(=O)N[C@@H](CCc1ccccc1)C(=O)N(C)[C@@H](Cc1ccccc1)C(=O)N(C)[C@@H](Cc1ccccc1)C(=O)N(C)[C@@H](Cc1ccccc1)C(N)=O,CHEMBL449911,permeability,10'6cm/s,2.0,permeability,10'6cm/s,2.0,caco2_permeability,Permeability,(cm/s),ChEMBL
A,CC(=O)N(C)[C@@H](CC1CCCCC1)C(=O)N(C)[C@@H](Cc1ccccc1)C(=O)N(C)[C@@H](Cc1ccccc1)C(=O)N(C)[C@@H](Cc1ccccc1)C(N)=O,CHEMBL503986,permeability,10'6cm/s,1.9,permeability,10'6cm/s,1.9,caco2_permeability,Permeability,(cm/s),ChEMBL
A,CC(=O)N[C@@H](CC1CCCCC1)C(=O)N(C)[C@@H](Cc1ccccc1)C(=O)N(C)[C@@H](Cc1ccccc1)C(=O)N(C)[C@@H](Cc1ccccc1)C(N)=O,CHEMBL453779,permeability,10'6cm/s,2.6,permeability,10'6cm/s,2.6,caco2_permeability,Permeability,(cm/s),ChEMBL
A,CC(=O)N(C)[C@H](C(=O)N(C)[C@@H](Cc1ccccc1)C(=O)N(C)[C@@H](Cc1ccccc1)C(=O)N(C)[C@@H](Cc1ccccc1)C(N)=O)c1ccccc1,CHEMBL446765,permeability,10'6cm/s,0.7,permeability,10'6cm/s,0.7,caco2_permeability,Permeability,(cm/s),ChEMBL
A,CC(=O)N[C@H](C(=O)N(C)[C@@H](Cc1ccccc1)C(=O)N(C)[C@@H](Cc1ccccc1)C(=O)N(C)[C@@H](Cc1ccccc1)C(N)=O)c1ccccc1,CHEMBL500792,permeability,10'6cm/s,0.0,permeability,10'6cm/s,0.0,caco2_permeability,Permeability,(cm/s),ChEMBL
A,CC(=O)N(C)CC(=O)N(C)[C@@H](Cc1ccccc1)C(=O)N(C)[C@@H](Cc1ccccc1)C(=O)N(C)[C@@H](Cc1ccccc1)C(N)=O,CHEMBL447452,permeability,10'6cm/s,0.7,permeability,10'6cm/s,0.7,caco2_permeability,Permeability,(cm/s),ChEMBL
A,CC(=O)NCC(=O)N(C)[C@@H](Cc1ccccc1)C(=O)N(C)[C@@H](Cc1ccccc1)C(=O)N(C)[C@@H](Cc1ccccc1)C(N)=O,CHEMBL505930,permeability,10'6cm/s,0.6,permeability,10'6cm/s,0.6,caco2_permeability,Permeability,(cm/s),ChEMBL
A,CC(=O)N(C)[C@@H](Cc1ccccc1)C(=O)N(C)[C@@H](Cc1ccccc1)C(=O)N(C)[C@@H](Cc1ccccc1)C(=O)N(C)[C@@H](Cc1ccccc1)C(N)=O,CHEMBL510335,permeability,10'6cm/s,6.4,permeability,10'6cm/s,6.4,caco2_permeability,Permeability,(cm/s),ChEMBL
A,CC(=O)N[C@@H](Cc1ccccc1)C(=O)N(C)[C@@H](Cc1ccccc1)C(=O)N(C)[C@@H](Cc1ccccc1)C(=O)N(C)[C@@H](Cc1ccccc1)C(N)=O,CHEMBL503199,permeability,10'6cm/s,2.3,permeability,10'6cm/s,2.3,caco2_permeability,Permeability,(cm/s),ChEMBL
A,CC(=O)N(C)[C@@H](Cc1ccccc1)C(=O)N(C)[C@@H](Cc1ccccc1)C(=O)N(C)[C@@H](Cc1ccccc1)C(=O)N(C)[C@@H](Cc1ccccc1)C(=O)O,CHEMBL459554,permeability,10'6cm/s,0.9,permeability,10'6cm/s,0.9,caco2_permeability,Permeability,(cm/s),ChEMBL
A,CN[C@@H](Cc1ccccc1)C(=O)N(C)[C@@H](Cc1ccccc1)C(=O)N(C)[C@@H](Cc1ccccc1)C(=O)N(C)[C@@H](Cc1ccccc1)C(N)=O,CHEMBL504765,permeability,10'6cm/s,7.4,permeability,10'6cm/s,7.4,caco2_permeability,Permeability,(cm/s),ChEMBL
A,CN[C@@H](Cc1ccccc1)C(=O)N(C)[C@@H](Cc1ccccc1)C(=O)N(C)[C@@H](Cc1ccccc1)C(=O)N(C)[C@@H](Cc1ccccc1)C(=O)O,CHEMBL455780,permeability,10'6cm/s,1.4,permeability,10'6cm/s,1.4,caco2_permeability,Permeability,(cm/s),ChEMBL
A,CC(=O)N(C)[C@@H](Cc1ccccc1)C(=O)N(C)[C@@H](Cc1ccccc1)C(=O)N(C)[C@@H](Cc1ccccc1)C(=O)N(C)[C@@H](Cc1ccccc1)C(=O)N(C)[C@@H](Cc1ccccc1)C(=O)N(C)[C@@H](Cc1ccccc1)C(=O)N(C)[C@@H](Cc1ccccc1)C(=O)N(C)[C@@H](Cc1ccccc1)C(=O)N(C)[C@@H](Cc1ccccc1)C(=O)N(C)[C@@H](Cc1ccccc1)C(N)=O,CHEMBL446004,permeability,10'6cm/s,0.0,permeability,10'6cm/s,0.0,caco2_permeability,Permeability,(cm/s),ChEMBL
A,CC(=O)N(C)[C@@H](Cc1ccccc1)C(=O)N(C)[C@@H](Cc1ccccc1)C(=O)N(C)[C@@H](Cc1ccccc1)C(=O)N(C)[C@@H](Cc1ccccc1)C(=O)N(C)[C@@H](Cc1ccccc1)C(=O)N(C)[C@@H](Cc1ccccc1)C(=O)N(C)[C@@H](Cc1ccccc1)C(=O)N(C)[C@@H](Cc1ccccc1)C(=O)N(C)[C@@H](Cc1ccccc1)C(N)=O,CHEMBL504735,permeability,10'6cm/s,0.0,permeability,10'6cm/s,0.0,caco2_permeability,Permeability,(cm/s),ChEMBL
A,CC(=O)N(C)[C@@H](Cc1ccccc1)C(=O)N(C)[C@@H](Cc1ccccc1)C(=O)N(C)[C@@H](Cc1ccccc1)C(=O)N(C)[C@@H](Cc1ccccc1)C(=O)N(C)[C@@H](Cc1ccccc1)C(=O)N(C)[C@@H](Cc1ccccc1)C(=O)N(C)[C@@H](Cc1ccccc1)C(=O)N(C)[C@@H](Cc1ccccc1)C(N)=O,CHEMBL506886,permeability,10'6cm/s,0.0,permeability,10'6cm/s,0.0,caco2_permeability,Permeability,(cm/s),ChEMBL
A,CC(=O)N(C)[C@@H](Cc1ccccc1)C(=O)N(C)[C@@H](Cc1ccccc1)C(=O)N(C)[C@@H](Cc1ccccc1)C(=O)N(C)[C@@H](Cc1ccccc1)C(=O)N(C)[C@@H](Cc1ccccc1)C(=O)N(C)[C@@H](Cc1ccccc1)C(=O)N(C)[C@@H](Cc1ccccc1)C(N)=O,CHEMBL502226,permeability,10'6cm/s,0.0,permeability,10'6cm/s,0.0,caco2_permeability,Permeability,(cm/s),ChEMBL
A,CC(=O)N(C)[C@@H](Cc1ccccc1)C(=O)N(C)[C@@H](Cc1ccccc1)C(=O)N(C)[C@@H](Cc1ccccc1)C(=O)N(C)[C@@H](Cc1ccccc1)C(=O)N(C)[C@@H](Cc1ccccc1)C(=O)N(C)[C@@H](Cc1ccccc1)C(N)=O,CHEMBL500260,permeability,10'6cm/s,0.0,permeability,10'6cm/s,0.0,caco2_permeability,Permeability,(cm/s),ChEMBL
A,CC(=O)N(C)[C@@H](Cc1ccccc1)C(=O)N[C@@H](Cc1ccccc1)C(=O)N(C)[C@@H](Cc1ccccc1)C(=O)N(C)[C@@H](Cc1ccccc1)C(=O)N(C)[C@@H](Cc1ccccc1)C(N)=O,CHEMBL449375,permeability,10'6cm/s,1.1,permeability,10'6cm/s,1.1,caco2_permeability,Permeability,(cm/s),ChEMBL
A,CC(=O)N(C)[C@@H](Cc1ccccc1)C(=O)N(C)[C@@H](Cc1ccccc1)C(=O)N(C)[C@@H](Cc1ccccc1)C(=O)N(C)[C@@H](Cc1ccccc1)C(N)=O,CHEMBL510335,permeability,10'6cm/s,9.6,permeability,10'6cm/s,9.6,caco2_permeability,Permeability,(cm/s),ChEMBL
A,CC(=O)N(C)[C@@H](Cc1ccccc1)C(=O)N(C)[C@@H](Cc1ccccc1)C(=O)N(C)[C@@H](Cc1ccccc1)C(N)=O,CHEMBL456161,permeability,10'6cm/s,6.8,permeability,10'6cm/s,6.8,caco2_permeability,Permeability,(cm/s),ChEMBL
A,CC(=O)N(C)[C@@H](Cc1ccccc1)C(=O)N(C)[C@@H](Cc1ccccc1)C(N)=O,CHEMBL497853,permeability,10'6cm/s,5.5,permeability,10'6cm/s,5.5,caco2_permeability,Permeability,(cm/s),ChEMBL
A,NCCc1ccc(O)c(O)c1,CHEMBL59,permeability,10'6cm/s,0.0,permeability,10'6cm/s,0.0,caco2_permeability,Permeability,(cm/s),ChEMBL
A,N[C@@H](Cc1ccc(O)c(O)c1)C(=O)O,CHEMBL1009,permeability,10'6cm/s,0.0,permeability,10'6cm/s,0.0,caco2_permeability,Permeability,(cm/s),ChEMBL
A,Cn1c(=O)c2c(ncn2C)n(C)c1=O,CHEMBL113,permeability,10'6cm/s,1.8,permeability,10'6cm/s,1.8,caco2_permeability,Permeability,(cm/s),ChEMBL
A,NC(=O)N1c2ccccc2C=Cc2ccccc21,CHEMBL108,permeability,10'6cm/s,8.0,permeability,10'6cm/s,8.0,caco2_permeability,Permeability,(cm/s),ChEMBL
A,CN(C(=O)[C@H](Cc1ccc2ccccc2c1)NC(=O)[C@@H](N)Cc1ccc(O)c(O)c1)[C@@H](Cc1ccccc1)C(=O)N(C)[C@@H](Cc1ccccc1)C(=O)N(C)[C@@H](Cc1ccccc1)C(N)=O,CHEMBL448686,permeability,10'6cm/s,0.3,permeability,10'6cm/s,0.3,caco2_permeability,Permeability,(cm/s),ChEMBL
A,CN(C(=O)[C@H](CC1CCCCC1)NC(=O)[C@@H](N)Cc1ccc(O)c(O)c1)[C@@H](Cc1ccccc1)C(=O)N(C)[C@@H](Cc1ccccc1)C(=O)N(C)[C@@H](Cc1ccccc1)C(N)=O,CHEMBL447619,permeability,10'6cm/s,0.7,permeability,10'6cm/s,0.7,caco2_permeability,Permeability,(cm/s),ChEMBL
A,CN(C(=O)[C@@H](N)Cc1ccc(O)c(O)c1)[C@@H](Cc1ccccc1)C(=O)N(C)[C@@H](Cc1ccccc1)C(=O)N(C)[C@@H](Cc1ccccc1)C(=O)N(C)[C@@H](Cc1ccccc1)C(N)=O,CHEMBL501063,permeability,10'6cm/s,1.1,permeability,10'6cm/s,1.1,caco2_permeability,Permeability,(cm/s),ChEMBL
A,CC(C)NCC(O)COc1cccc2ccccc12,CHEMBL27,permeability,%,13.5,permeability,%,13.5,caco2_permeability,Permeability,(cm/s),ChEMBL
A,CN(C(=O)[C@H](Cc1ccc2ccccc2c1)NC(=O)[C@@H](N)Cc1ccc(O)c(O)c1)[C@@H](Cc1ccccc1)C(=O)N(C)[C@@H](Cc1ccccc1)C(=O)N(C)[C@@H](Cc1ccccc1)C(N)=O,CHEMBL448686,permeability,%,0.7,permeability,%,0.7,caco2_permeability,Permeability,(cm/s),ChEMBL
A,CN(C(=O)[C@H](CC1CCCCC1)NC(=O)[C@@H](N)Cc1ccc(O)c(O)c1)[C@@H](Cc1ccccc1)C(=O)N(C)[C@@H](Cc1ccccc1)C(=O)N(C)[C@@H](Cc1ccccc1)C(N)=O,CHEMBL447619,permeability,%,1.4,permeability,%,1.4,caco2_permeability,Permeability,(cm/s),ChEMBL
A,CN(C(=O)[C@@H](N)Cc1ccc(O)c(O)c1)[C@@H](Cc1ccccc1)C(=O)N(C)[C@@H](Cc1ccccc1)C(=O)N(C)[C@@H](Cc1ccccc1)C(=O)N(C)[C@@H](Cc1ccccc1)C(N)=O,CHEMBL501063,permeability,%,2.4,permeability,%,2.4,caco2_permeability,Permeability,(cm/s),ChEMBL
A,CC(=O)N[C@@H](Cc1cccnc1)C(=O)N(C)[C@@H](Cc1ccccc1)C(=O)N(C)[C@@H](Cc1ccccc1)C(=O)N(C)[C@@H](Cc1ccccc1)C(N)=O,CHEMBL451917,permeability,%,2.5,permeability,%,2.5,caco2_permeability,Permeability,(cm/s),ChEMBL
A,CC(=O)N1Cc2[nH]c3ccccc3c2C[C@H]1C(=O)N(C)[C@@H](Cc1ccccc1)C(=O)N(C)[C@@H](Cc1ccccc1)C(=O)N(C)[C@@H](Cc1ccccc1)C(N)=O,CHEMBL451533,permeability,%,3.2,permeability,%,3.2,caco2_permeability,Permeability,(cm/s),ChEMBL
A,CN(C(=O)[C@@H]1Cc2c([nH]c3ccccc23)CN1)[C@@H](Cc1ccccc1)C(=O)N(C)[C@@H](Cc1ccccc1)C(=O)N(C)[C@@H](Cc1ccccc1)C(N)=O,CHEMBL501030,permeability,%,1.3,permeability,%,1.3,caco2_permeability,Permeability,(cm/s),ChEMBL
A,CC(=O)N[C@@H](Cc1ccc(O)cc1)C(=O)N(C)[C@@H](Cc1ccccc1)C(=O)N(C)[C@@H](Cc1ccccc1)C(=O)N(C)[C@@H](Cc1ccccc1)C(N)=O,CHEMBL444763,permeability,%,2.3,permeability,%,2.3,caco2_permeability,Permeability,(cm/s),ChEMBL
A,CC(=O)N(C)[C@@H](Cc1c[nH]c2ccccc12)C(=O)N(C)[C@@H](Cc1ccccc1)C(=O)N(C)[C@@H](Cc1ccccc1)C(=O)N(C)[C@@H](Cc1ccccc1)C(N)=O,CHEMBL500204,permeability,%,2.9,permeability,%,2.9,caco2_permeability,Permeability,(cm/s),ChEMBL
A,CC(=O)N[C@@H](Cc1c[nH]c2ccccc12)C(=O)N(C)[C@@H](Cc1ccccc1)C(=O)N(C)[C@@H](Cc1ccccc1)C(=O)N(C)[C@@H](Cc1ccccc1)C(N)=O,CHEMBL467840,permeability,%,3.9,permeability,%,3.9,caco2_permeability,Permeability,(cm/s),ChEMBL
A,CC(=O)N1Cc2ccccc2C[C@H]1C(=O)N(C)[C@@H](Cc1ccccc1)C(=O)N(C)[C@@H](Cc1ccccc1)C(=O)N(C)[C@@H](Cc1ccccc1)C(N)=O,CHEMBL452624,permeability,%,4.3,permeability,%,4.3,caco2_permeability,Permeability,(cm/s),ChEMBL
A,CN(C(=O)[C@@H]1Cc2ccccc2CN1)[C@@H](Cc1ccccc1)C(=O)N(C)[C@@H](Cc1ccccc1)C(=O)N(C)[C@@H](Cc1ccccc1)C(N)=O,CHEMBL510802,permeability,%,4.6,permeability,%,4.6,caco2_permeability,Permeability,(cm/s),ChEMBL
A,CC(=O)N(C)[C@@H](Cc1ccc2ccccc2c1)C(=O)N(C)[C@@H](Cc1ccccc1)C(=O)N(C)[C@@H](Cc1ccccc1)C(=O)N(C)[C@@H](Cc1ccccc1)C(N)=O,CHEMBL511002,permeability,%,2.8,permeability,%,2.8,caco2_permeability,Permeability,(cm/s),ChEMBL
A,CC(=O)N[C@@H](Cc1ccc2ccccc2c1)C(=O)N(C)[C@@H](Cc1ccccc1)C(=O)N(C)[C@@H](Cc1ccccc1)C(=O)N(C)[C@@H](Cc1ccccc1)C(N)=O,CHEMBL448262,permeability,%,6.6,permeability,%,6.6,caco2_permeability,Permeability,(cm/s),ChEMBL
A,CC(=O)N(C)[C@@H](CCc1ccccc1)C(=O)N(C)[C@@H](Cc1ccccc1)C(=O)N(C)[C@@H](Cc1ccccc1)C(=O)N(C)[C@@H](Cc1ccccc1)C(N)=O,CHEMBL508502,permeability,%,3.7,permeability,%,3.7,caco2_permeability,Permeability,(cm/s),ChEMBL
A,CC(=O)N[C@@H](CCc1ccccc1)C(=O)N(C)[C@@H](Cc1ccccc1)C(=O)N(C)[C@@H](Cc1ccccc1)C(=O)N(C)[C@@H](Cc1ccccc1)C(N)=O,CHEMBL449911,permeability,%,4.3,permeability,%,4.3,caco2_permeability,Permeability,(cm/s),ChEMBL
A,CC(=O)N(C)[C@@H](CC1CCCCC1)C(=O)N(C)[C@@H](Cc1ccccc1)C(=O)N(C)[C@@H](Cc1ccccc1)C(=O)N(C)[C@@H](Cc1ccccc1)C(N)=O,CHEMBL503986,permeability,%,4.0,permeability,%,4.0,caco2_permeability,Permeability,(cm/s),ChEMBL
A,CC(=O)N[C@@H](CC1CCCCC1)C(=O)N(C)[C@@H](Cc1ccccc1)C(=O)N(C)[C@@H](Cc1ccccc1)C(=O)N(C)[C@@H](Cc1ccccc1)C(N)=O,CHEMBL453779,permeability,%,5.5,permeability,%,5.5,caco2_permeability,Permeability,(cm/s),ChEMBL
A,CC(=O)N(C)[C@H](C(=O)N(C)[C@@H](Cc1ccccc1)C(=O)N(C)[C@@H](Cc1ccccc1)C(=O)N(C)[C@@H](Cc1ccccc1)C(N)=O)c1ccccc1,CHEMBL446765,permeability,%,1.5,permeability,%,1.5,caco2_permeability,Permeability,(cm/s),ChEMBL
A,CC(=O)N[C@H](C(=O)N(C)[C@@H](Cc1ccccc1)C(=O)N(C)[C@@H](Cc1ccccc1)C(=O)N(C)[C@@H](Cc1ccccc1)C(N)=O)c1ccccc1,CHEMBL500792,permeability,%,0.0,permeability,%,0.0,caco2_permeability,Permeability,(cm/s),ChEMBL
A,CC(=O)N(C)CC(=O)N(C)[C@@H](Cc1ccccc1)C(=O)N(C)[C@@H](Cc1ccccc1)C(=O)N(C)[C@@H](Cc1ccccc1)C(N)=O,CHEMBL447452,permeability,%,1.5,permeability,%,1.5,caco2_permeability,Permeability,(cm/s),ChEMBL
A,CC(=O)NCC(=O)N(C)[C@@H](Cc1ccccc1)C(=O)N(C)[C@@H](Cc1ccccc1)C(=O)N(C)[C@@H](Cc1ccccc1)C(N)=O,CHEMBL505930,permeability,%,1.3,permeability,%,1.3,caco2_permeability,Permeability,(cm/s),ChEMBL
A,CC(=O)N(C)[C@@H](Cc1ccccc1)C(=O)N(C)[C@@H](Cc1ccccc1)C(=O)N(C)[C@@H](Cc1ccccc1)C(=O)N(C)[C@@H](Cc1ccccc1)C(N)=O,CHEMBL510335,permeability,%,13.4,permeability,%,13.4,caco2_permeability,Permeability,(cm/s),ChEMBL
A,CC(=O)N[C@@H](Cc1ccccc1)C(=O)N(C)[C@@H](Cc1ccccc1)C(=O)N(C)[C@@H](Cc1ccccc1)C(=O)N(C)[C@@H](Cc1ccccc1)C(N)=O,CHEMBL503199,permeability,%,4.9,permeability,%,4.9,caco2_permeability,Permeability,(cm/s),ChEMBL
A,CC(=O)N(C)[C@@H](Cc1ccccc1)C(=O)N(C)[C@@H](Cc1ccccc1)C(=O)N(C)[C@@H](Cc1ccccc1)C(=O)N(C)[C@@H](Cc1ccccc1)C(=O)O,CHEMBL459554,permeability,%,1.9,permeability,%,1.9,caco2_permeability,Permeability,(cm/s),ChEMBL
A,CN[C@@H](Cc1ccccc1)C(=O)N(C)[C@@H](Cc1ccccc1)C(=O)N(C)[C@@H](Cc1ccccc1)C(=O)N(C)[C@@H](Cc1ccccc1)C(N)=O,CHEMBL504765,permeability,%,13.4,permeability,%,13.4,caco2_permeability,Permeability,(cm/s),ChEMBL
A,CN[C@@H](Cc1ccccc1)C(=O)N(C)[C@@H](Cc1ccccc1)C(=O)N(C)[C@@H](Cc1ccccc1)C(=O)N(C)[C@@H](Cc1ccccc1)C(=O)O,CHEMBL455780,permeability,%,2.8,permeability,%,2.8,caco2_permeability,Permeability,(cm/s),ChEMBL
A,CC(=O)N(C)[C@@H](Cc1ccccc1)C(=O)N(C)[C@@H](Cc1ccccc1)C(=O)N(C)[C@@H](Cc1ccccc1)C(=O)N(C)[C@@H](Cc1ccccc1)C(=O)N(C)[C@@H](Cc1ccccc1)C(=O)N(C)[C@@H](Cc1ccccc1)C(=O)N(C)[C@@H](Cc1ccccc1)C(=O)N(C)[C@@H](Cc1ccccc1)C(=O)N(C)[C@@H](Cc1ccccc1)C(=O)N(C)[C@@H](Cc1ccccc1)C(N)=O,CHEMBL446004,permeability,%,0.0,permeability,%,0.0,caco2_permeability,Permeability,(cm/s),ChEMBL
A,CC(=O)N(C)[C@@H](Cc1ccccc1)C(=O)N(C)[C@@H](Cc1ccccc1)C(=O)N(C)[C@@H](Cc1ccccc1)C(=O)N(C)[C@@H](Cc1ccccc1)C(=O)N(C)[C@@H](Cc1ccccc1)C(=O)N(C)[C@@H](Cc1ccccc1)C(=O)N(C)[C@@H](Cc1ccccc1)C(=O)N(C)[C@@H](Cc1ccccc1)C(=O)N(C)[C@@H](Cc1ccccc1)C(N)=O,CHEMBL504735,permeability,%,0.0,permeability,%,0.0,caco2_permeability,Permeability,(cm/s),ChEMBL
A,CC(=O)N(C)[C@@H](Cc1ccccc1)C(=O)N(C)[C@@H](Cc1ccccc1)C(=O)N(C)[C@@H](Cc1ccccc1)C(=O)N(C)[C@@H](Cc1ccccc1)C(=O)N(C)[C@@H](Cc1ccccc1)C(=O)N(C)[C@@H](Cc1ccccc1)C(=O)N(C)[C@@H](Cc1ccccc1)C(=O)N(C)[C@@H](Cc1ccccc1)C(N)=O,CHEMBL506886,permeability,%,0.0,permeability,%,0.0,caco2_permeability,Permeability,(cm/s),ChEMBL
A,CC(=O)N(C)[C@@H](Cc1ccccc1)C(=O)N(C)[C@@H](Cc1ccccc1)C(=O)N(C)[C@@H](Cc1ccccc1)C(=O)N(C)[C@@H](Cc1ccccc1)C(=O)N(C)[C@@H](Cc1ccccc1)C(=O)N(C)[C@@H](Cc1ccccc1)C(=O)N(C)[C@@H](Cc1ccccc1)C(N)=O,CHEMBL502226,permeability,%,0.0,permeability,%,0.0,caco2_permeability,Permeability,(cm/s),ChEMBL
A,CC(=O)N(C)[C@@H](Cc1ccccc1)C(=O)N(C)[C@@H](Cc1ccccc1)C(=O)N(C)[C@@H](Cc1ccccc1)C(=O)N(C)[C@@H](Cc1ccccc1)C(=O)N(C)[C@@H](Cc1ccccc1)C(=O)N(C)[C@@H](Cc1ccccc1)C(N)=O,CHEMBL500260,permeability,%,0.0,permeability,%,0.0,caco2_permeability,Permeability,(cm/s),ChEMBL
A,CC(=O)N(C)[C@@H](Cc1ccccc1)C(=O)N[C@@H](Cc1ccccc1)C(=O)N(C)[C@@H](Cc1ccccc1)C(=O)N(C)[C@@H](Cc1ccccc1)C(=O)N(C)[C@@H](Cc1ccccc1)C(N)=O,CHEMBL449375,permeability,%,2.3,permeability,%,2.3,caco2_permeability,Permeability,(cm/s),ChEMBL
A,CC(=O)N(C)[C@@H](Cc1ccccc1)C(=O)N(C)[C@@H](Cc1ccccc1)C(=O)N(C)[C@@H](Cc1ccccc1)C(=O)N(C)[C@@H](Cc1ccccc1)C(N)=O,CHEMBL510335,permeability,%,16.7,permeability,%,16.7,caco2_permeability,Permeability,(cm/s),ChEMBL
A,CC(=O)N(C)[C@@H](Cc1ccccc1)C(=O)N(C)[C@@H](Cc1ccccc1)C(=O)N(C)[C@@H](Cc1ccccc1)C(N)=O,CHEMBL456161,permeability,%,12.5,permeability,%,12.5,caco2_permeability,Permeability,(cm/s),ChEMBL
A,CC(=O)N(C)[C@@H](Cc1ccccc1)C(=O)N(C)[C@@H](Cc1ccccc1)C(N)=O,CHEMBL497853,permeability,%,10.3,permeability,%,10.3,caco2_permeability,Permeability,(cm/s),ChEMBL
A,NCCc1ccc(O)c(O)c1,CHEMBL59,permeability,%,0.0,permeability,%,0.0,caco2_permeability,Permeability,(cm/s),ChEMBL
A,N[C@@H](Cc1ccc(O)c(O)c1)C(=O)O,CHEMBL1009,permeability,%,0.0,permeability,%,0.0,caco2_permeability,Permeability,(cm/s),ChEMBL
A,Cn1c(=O)c2c(ncn2C)n(C)c1=O,CHEMBL113,permeability,%,3.6,permeability,%,3.6,caco2_permeability,Permeability,(cm/s),ChEMBL
A,NC(=O)N1c2ccccc2C=Cc2ccccc21,CHEMBL108,permeability,%,16.8,permeability,%,16.8,caco2_permeability,Permeability,(cm/s),ChEMBL
A,N[C@@H](Cc1ccc(O)c(O)c1)C(=O)O,CHEMBL1009,permeability,10'6cm/s,0.0,permeability,10'6cm/s,0.0,caco2_permeability,Permeability,(cm/s),ChEMBL
A,Cn1c(=O)c2c(ncn2C)n(C)c1=O,CHEMBL113,permeability,10'6cm/s,1.8,permeability,10'6cm/s,1.8,caco2_permeability,Permeability,(cm/s),ChEMBL
A,NC(=O)N1c2ccccc2C=Cc2ccccc21,CHEMBL108,permeability,10'6cm/s,12.8,permeability,10'6cm/s,12.8,caco2_permeability,Permeability,(cm/s),ChEMBL
A,N[C@@H](Cc1ccc(O)c(O)c1)C(=O)O,CHEMBL1009,permeability,%,0.0,permeability,%,0.0,caco2_permeability,Permeability,(cm/s),ChEMBL
A,Cn1c(=O)c2c(ncn2C)n(C)c1=O,CHEMBL113,permeability,%,3.6,permeability,%,3.6,caco2_permeability,Permeability,(cm/s),ChEMBL
A,NC(=O)N1c2ccccc2C=Cc2ccccc21,CHEMBL108,permeability,%,20.6,permeability,%,20.6,caco2_permeability,Permeability,(cm/s),ChEMBL
A,CC(=O)N[C@@H](Cc1ccccc1)C(=O)N[C@@H](Cc1ccccc1)C(N)=O,CHEMBL464178,permeability,%,0.0,permeability,%,0.0,caco2_permeability,Permeability,(cm/s),ChEMBL
A,CC(=O)N[C@@H](Cc1ccccc1)C(=O)N[C@@H](Cc1ccccc1)C(=O)N[C@@H](Cc1ccccc1)C(=O)N[C@@H](Cc1ccccc1)C(N)=O,CHEMBL449668,permeability,%,0.0,permeability,%,0.0,caco2_permeability,Permeability,(cm/s),ChEMBL
A,Cc1cc(Cn2nnc3c(-c4ccco4)nc(N)nc32)ccc1N,CHEMBL447664,permeability,10'-6 cm/s,11.0,permeability,10'-6 cm/s,11.0,caco2_permeability,Permeability,(cm/s),ChEMBL
A,O=C1NCCc2[nH]c(-c3ccncc3)cc21,CHEMBL225519,permeability,10'-6 cm/s,1.84,permeability,10'-6 cm/s,1.84,caco2_permeability,Permeability,(cm/s),ChEMBL
A,NC(=O)[C@@]1(Cc2ccc(OCc3cc(-c4ccccc4)nc4ccccc34)c(F)c2)C[C@@H]1C(=O)NO,CHEMBL461220,permeability,nm/s,3.0,permeability,nm/s,3.0,caco2_permeability,Permeability,(cm/s),ChEMBL
A,CC(C)(C)c1cnc(CSc2cnc(NC(=O)C3CCNCC3)s2)o1,CHEMBL296468,permeability,10'-6cm/min,1.0,permeability,10'-6cm/min,1.0,caco2_permeability,Permeability,(cm/s),ChEMBL
A,CC(C)(C)c1cnc(CSc2cnc(N[C@H]3CC[C@H](N)CC3)s2)o1,CHEMBL496567,permeability,10'-6cm/min,5.8,permeability,10'-6cm/min,5.8,caco2_permeability,Permeability,(cm/s),ChEMBL
A,CC(C)OC(=O)c1ccc(NC(=O)N[C@@H](Cc2ccc(O)cc2)C(=O)N[C@H]2CCC[N+](C)(Cc3cccc(O)c3)C2)cc1.[I-],CHEMBL540359,permeability,nm/s,3.0,permeability,nm/s,3.0,caco2_permeability,Permeability,(cm/s),ChEMBL
A,CC(=O)c1ccc(N2CCN(C(=O)c3cc(S(C)(=O)=O)ccc3N3CCOCC3)CC2)c(F)c1,CHEMBL526648,permeability,10'-6 cm/s,3.1,permeability,10'-6 cm/s,3.1,caco2_permeability,Permeability,(cm/s),ChEMBL
A,CC(=O)c1ccc(N2CCN(C(=O)c3cc(S(N)(=O)=O)ccc3N3CCOCC3)CC2)c(F)c1,CHEMBL496110,permeability,10'-6 cm/s,3.3,permeability,10'-6 cm/s,3.3,caco2_permeability,Permeability,(cm/s),ChEMBL
A,CC(=O)c1ccc(N2CCN(C(=O)c3cc([N+](=O)[O-])ccc3N3CCOCC3)CC2)c(F)c1,CHEMBL526280,permeability,10'-6 cm/s,4.7,permeability,10'-6 cm/s,4.7,caco2_permeability,Permeability,(cm/s),ChEMBL
A,CNS(=O)(=O)c1ccc(N2CCOCC2)c(C(=O)N2CCN(c3ccc(C(C)=O)cc3F)CC2)c1,CHEMBL497970,permeability,10'-6 cm/s,5.3,permeability,10'-6 cm/s,5.3,caco2_permeability,Permeability,(cm/s),ChEMBL
A,CC(=O)c1ccc(N2CCN(C(=O)c3cc(C#N)ccc3N3CCOCC3)CC2)c(F)c1,CHEMBL497766,permeability,10'-6 cm/s,6.1,permeability,10'-6 cm/s,6.1,caco2_permeability,Permeability,(cm/s),ChEMBL
A,CS(=O)(=O)c1ccc(OCC2CC2)c(C(=O)N2CCN(c3ccc(C#N)cc3F)CC2)c1,CHEMBL497999,permeability,10'-6 cm/s,3.2,permeability,10'-6 cm/s,3.2,caco2_permeability,Permeability,(cm/s),ChEMBL
A,CCCCNc1nccc2[nH]c3ccccc3c12,CHEMBL497171,permeability,nm/s,470.0,permeability,nm/s,470.0,caco2_permeability,Permeability,(cm/s),ChEMBL
A,C[C@H](NC(=O)C(=O)NCc1cc(Cl)ccc1Cl)C(=O)N[C@@H](CC(=O)O)C(=O)COc1c(F)c(F)cc(F)c1F,CHEMBL518096,permeability,10'-6 cm/s,3.2,permeability,10'-6 cm/s,3.2,caco2_permeability,Permeability,(cm/s),ChEMBL
A,C[C@H](NC(=O)C(=O)NCc1ccc(Cl)cc1Cl)C(=O)N[C@@H](CC(=O)O)C(=O)COc1c(F)c(F)cc(F)c1F,CHEMBL465092,permeability,10'-6 cm/s,2.7,permeability,10'-6 cm/s,2.7,caco2_permeability,Permeability,(cm/s),ChEMBL
A,C[C@H](NC(=O)C(=O)NCc1cccc(Cl)c1Cl)C(=O)N[C@@H](CC(=O)O)C(=O)COc1c(F)c(F)cc(F)c1F,CHEMBL465933,permeability,10'-6 cm/s,3.1,permeability,10'-6 cm/s,3.1,caco2_permeability,Permeability,(cm/s),ChEMBL
A,Cc1ccc(CNC(=O)C(=O)N[C@@H](C)C(=O)N[C@@H](CC(=O)O)C(=O)COc2c(F)c(F)cc(F)c2F)cc1C,CHEMBL464038,permeability,10'-6 cm/s,3.7,permeability,10'-6 cm/s,3.7,caco2_permeability,Permeability,(cm/s),ChEMBL
A,Cc1ccc(C)c(CNC(=O)C(=O)N[C@@H](C)C(=O)N[C@@H](CC(=O)O)C(=O)COc2c(F)c(F)cc(F)c2F)c1,CHEMBL464037,permeability,10'-6 cm/s,4.2,permeability,10'-6 cm/s,4.2,caco2_permeability,Permeability,(cm/s),ChEMBL
A,Cc1ccc(CNC(=O)C(=O)N[C@@H](C)C(=O)N[C@@H](CC(=O)O)C(=O)COc2c(F)c(F)cc(F)c2F)c(C)c1,CHEMBL474056,permeability,10'-6 cm/s,4.0,permeability,10'-6 cm/s,4.0,caco2_permeability,Permeability,(cm/s),ChEMBL
A,Cc1cccc(CNC(=O)C(=O)N[C@@H](C)C(=O)N[C@@H](CC(=O)O)C(=O)COc2c(F)c(F)cc(F)c2F)c1C,CHEMBL515568,permeability,10'-6 cm/s,3.0,permeability,10'-6 cm/s,3.0,caco2_permeability,Permeability,(cm/s),ChEMBL
A,C[C@H](NC(=O)C(=O)NCc1ccc(F)cc1)C(=O)N[C@@H](CC(=O)O)C(=O)COc1c(F)c(F)cc(F)c1F,CHEMBL481976,permeability,10'-6 cm/s,0.4,permeability,10'-6 cm/s,0.4,caco2_permeability,Permeability,(cm/s),ChEMBL
A,C[C@H](NC(=O)C(=O)NCc1cccc(F)c1)C(=O)N[C@@H](CC(=O)O)C(=O)COc1c(F)c(F)cc(F)c1F,CHEMBL481975,permeability,10'-6 cm/s,0.3,permeability,10'-6 cm/s,0.3,caco2_permeability,Permeability,(cm/s),ChEMBL
A,C[C@H](NC(=O)C(=O)NCc1ccccc1F)C(=O)N[C@@H](CC(=O)O)C(=O)COc1c(F)c(F)cc(F)c1F,CHEMBL479621,permeability,10'-6 cm/s,0.3,permeability,10'-6 cm/s,0.3,caco2_permeability,Permeability,(cm/s),ChEMBL
A,Cc1ccc(CNC(=O)C(=O)N[C@@H](C)C(=O)N[C@@H](CC(=O)O)C(=O)COc2c(F)c(F)cc(F)c2F)cc1,CHEMBL480402,permeability,10'-6 cm/s,1.1,permeability,10'-6 cm/s,1.1,caco2_permeability,Permeability,(cm/s),ChEMBL
A,Cc1cccc(CNC(=O)C(=O)N[C@@H](C)C(=O)N[C@@H](CC(=O)O)C(=O)COc2c(F)c(F)cc(F)c2F)c1,CHEMBL480401,permeability,10'-6 cm/s,1.2,permeability,10'-6 cm/s,1.2,caco2_permeability,Permeability,(cm/s),ChEMBL
A,Cc1ccccc1CNC(=O)C(=O)N[C@@H](C)C(=O)N[C@@H](CC(=O)O)C(=O)COc1c(F)c(F)cc(F)c1F,CHEMBL480989,permeability,10'-6 cm/s,1.3,permeability,10'-6 cm/s,1.3,caco2_permeability,Permeability,(cm/s),ChEMBL
A,C[C@H](NC(=O)C(=O)NCc1c(Cl)cccc1Cl)C(=O)N[C@@H](CC(=O)O)C(=O)COc1c(F)c(F)cc(F)c1F,CHEMBL465449,permeability,10'-6 cm/s,4.6,permeability,10'-6 cm/s,4.6,caco2_permeability,Permeability,(cm/s),ChEMBL
A,C[C@H](NC(=O)C(=O)NCc1cc(Cl)cc(Cl)c1)C(=O)N[C@@H](CC(=O)O)C(=O)COc1c(F)c(F)cc(F)c1F,CHEMBL465450,permeability,10'-6 cm/s,2.6,permeability,10'-6 cm/s,2.6,caco2_permeability,Permeability,(cm/s),ChEMBL
A,C[C@H](NC(=O)C(=O)NCc1cc(F)cc(F)c1)C(=O)N[C@@H](CC(=O)O)C(=O)COc1c(F)c(F)cc(F)c1F,CHEMBL464259,permeability,10'-6 cm/s,0.3,permeability,10'-6 cm/s,0.3,caco2_permeability,Permeability,(cm/s),ChEMBL
A,Cc1ccccc1CCNC(=O)C(=O)N[C@@H](C)C(=O)N[C@@H](CC(=O)O)C(=O)COc1c(F)c(F)cc(F)c1F,CHEMBL472828,permeability,10'-6 cm/s,1.6,permeability,10'-6 cm/s,1.6,caco2_permeability,Permeability,(cm/s),ChEMBL
A,Cc1cccc(CCNC(=O)C(=O)N[C@@H](C)C(=O)N[C@@H](CC(=O)O)C(=O)COc2c(F)c(F)cc(F)c2F)c1,CHEMBL473032,permeability,10'-6 cm/s,1.7,permeability,10'-6 cm/s,1.7,caco2_permeability,Permeability,(cm/s),ChEMBL
A,Cc1ccc(CCNC(=O)C(=O)N[C@@H](C)C(=O)N[C@@H](CC(=O)O)C(=O)COc2c(F)c(F)cc(F)c2F)c(C)c1,CHEMBL473033,permeability,10'-6 cm/s,7.4,permeability,10'-6 cm/s,7.4,caco2_permeability,Permeability,(cm/s),ChEMBL
A,Cc1ccc(C)c(CCNC(=O)C(=O)N[C@@H](C)C(=O)N[C@@H](CC(=O)O)C(=O)COc2c(F)c(F)cc(F)c2F)c1,CHEMBL466408,permeability,10'-6 cm/s,4.3,permeability,10'-6 cm/s,4.3,caco2_permeability,Permeability,(cm/s),ChEMBL
A,Cc1ccc(CCNC(=O)C(=O)N[C@@H](C)C(=O)N[C@@H](CC(=O)O)C(=O)COc2c(F)c(F)cc(F)c2F)cc1C,CHEMBL469115,permeability,10'-6 cm/s,6.2,permeability,10'-6 cm/s,6.2,caco2_permeability,Permeability,(cm/s),ChEMBL
A,C[C@H](NC(=O)C(=O)NCc1ccc(Cl)cc1)C(=O)N[C@@H](CC(=O)O)C(=O)COc1c(F)c(F)cc(F)c1F,CHEMBL465108,permeability,10'-6 cm/s,1.7,permeability,10'-6 cm/s,1.7,caco2_permeability,Permeability,(cm/s),ChEMBL
A,C[C@H](NC(=O)C(=O)NCCc1ccccc1)C(=O)N[C@@H](CC(=O)O)C(=O)COc1c(F)c(F)cc(F)c1F,CHEMBL518871,permeability,10'-6 cm/s,1.0,permeability,10'-6 cm/s,1.0,caco2_permeability,Permeability,(cm/s),ChEMBL
A,C[C@H](NC(=O)C(=O)NCC1CCCCC1)C(=O)N[C@@H](CC(=O)O)C(=O)COc1c(F)c(F)cc(F)c1F,CHEMBL518084,permeability,10'-6 cm/s,3.1,permeability,10'-6 cm/s,3.1,caco2_permeability,Permeability,(cm/s),ChEMBL
A,C[C@H](NC(=O)C(=O)NCC1(c2ccccc2)CC1)C(=O)N[C@@H](CC(=O)O)C(=O)COc1c(F)c(F)cc(F)c1F,CHEMBL465473,permeability,10'-6 cm/s,3.7,permeability,10'-6 cm/s,3.7,caco2_permeability,Permeability,(cm/s),ChEMBL
A,C[C@H](NC(=O)C(=O)Nc1c(F)cccc1F)C(=O)N[C@@H](CC(=O)O)C(=O)COc1c(F)c(F)cc(F)c1F,CHEMBL464235,permeability,10'-6 cm/s,0.9,permeability,10'-6 cm/s,0.9,caco2_permeability,Permeability,(cm/s),ChEMBL
A,C[C@H](NC(=O)C(=O)NCCC1CCCC1)C(=O)N[C@@H](CC(=O)O)C(=O)COc1c(F)c(F)cc(F)c1F,CHEMBL464254,permeability,10'-6 cm/s,3.9,permeability,10'-6 cm/s,3.9,caco2_permeability,Permeability,(cm/s),ChEMBL
A,CC1(C)[C@@H]2CC[C@@]1(CS(=O)(=O)N1CCN(c3ncc(C(F)(F)F)cc3F)[C@H](CO)C1)C(=O)C2,CHEMBL481196,permeability,nm/s,560.0,permeability,nm/s,560.0,caco2_permeability,Permeability,(cm/s),ChEMBL
A,C[C@H]1CN(S(=O)(=O)C[C@]23CC[C@H](CC2=O)C3(C)C)CCN1c1ncc(C(F)(F)F)cc1F,CHEMBL480016,permeability,nm/s,352.0,permeability,nm/s,352.0,caco2_permeability,Permeability,(cm/s),ChEMBL
A,C[C@H]1CN(Cc2cccc(-c3cc(CNC(=O)c4cccc(CN5CC[N+](C)(C)CC5)c4)ccc3F)c2)CCN1.[I-],CHEMBL538864,permeability,nM/s,3.0,permeability,nM/s,3.0,caco2_permeability,Permeability,(cm/s),ChEMBL
A,CC(C)(C)c1ccc(-c2nc3c(N4CCN(Cc5ccc6[nH]c(=O)c(=O)[nH]c6c5)CC4)cccc3[nH]2)cc1,CHEMBL459215,permeability,10'-6 cm/s,0.1,permeability,10'-6 cm/s,0.1,caco2_permeability,Permeability,(cm/s),ChEMBL
A,CC(C)(C)c1ccc(-c2nc3c(N4CCN(Cc5ccc6cccnc6c5)CC4)cccc3[nH]2)cc1,CHEMBL475660,permeability,10'-6 cm/s,1.5,permeability,10'-6 cm/s,1.5,caco2_permeability,Permeability,(cm/s),ChEMBL
A,CC(C)(C)c1ccc(-c2nc3c(N4CCN(Cc5ccc6ncccc6c5)CC4)cccc3[nH]2)cc1,CHEMBL474992,permeability,10'-6 cm/s,0.4,permeability,10'-6 cm/s,0.4,caco2_permeability,Permeability,(cm/s),ChEMBL
A,CC(C)(C)c1ccc(-c2nc3c(N4CCN(Cc5ccc6nccnc6c5)CC4)cccc3[nH]2)cc1,CHEMBL474991,permeability,10'-6 cm/s,0.23,permeability,10'-6 cm/s,0.23,caco2_permeability,Permeability,(cm/s),ChEMBL
A,CC(C)(C)c1ccc(-c2nc3c(N4CCN(Cc5ccc6c(c5)NCC(=O)N6)CC4)cccc3[nH]2)cc1,CHEMBL475650,permeability,10'-6 cm/s,0.05,permeability,10'-6 cm/s,0.05,caco2_permeability,Permeability,(cm/s),ChEMBL
A,CC(C)(C)c1ccc(-c2nc3c(N4CCN(Cc5cnc6[nH]c(=O)c(=O)[nH]c6c5)CC4)cccc3[nH]2)cc1,CHEMBL473807,permeability,10'-6 cm/s,0.1,permeability,10'-6 cm/s,0.1,caco2_permeability,Permeability,(cm/s),ChEMBL
A,CC(C)(C)c1ccc(-c2nc3c(N4CCN(Cc5ccc6[nH]c(=O)c(=O)n(Cc7cccnc7)c6c5)CC4)cccc3[nH]2)cc1,CHEMBL446978,permeability,10'-6 cm/s,0.05,permeability,10'-6 cm/s,0.05,caco2_permeability,Permeability,(cm/s),ChEMBL
A,O=C(C(=O)N1CCN(C(=O)c2ccccc2)CC1)c1c[nH]c2ccccc12,CHEMBL336293,permeability,nm/s,228.0,permeability,nm/s,228.0,caco2_permeability,Permeability,(cm/s),ChEMBL
A,O=C(C(=O)N1CCN(C(=O)c2ccccc2)CC1)c1c[nH]c2c(F)ccc(F)c12,CHEMBL494225,permeability,nm/s,219.0,permeability,nm/s,219.0,caco2_permeability,Permeability,(cm/s),ChEMBL
A,O=C(C(=O)N1CCN(C(=O)c2ccccc2)CC1)c1c[nH]c2cccc(F)c12,CHEMBL135339,permeability,nm/s,100.0,permeability,nm/s,100.0,caco2_permeability,Permeability,(cm/s),ChEMBL
A,CN1CCCN(c2cncc(-c3cccc(/C=C/C(=O)O)c3)n2)CC1,CHEMBL493937,permeability,10'-6 cm/s,2.73,permeability,10'-6 cm/s,2.73,caco2_permeability,Permeability,(cm/s),ChEMBL
A,CN1CCCN(c2cncc(-c3cccc(/C=C/C(=O)O)c3)n2)CC1,CHEMBL493937,permeability,10'-6 cm/s,3.01,permeability,10'-6 cm/s,3.01,caco2_permeability,Permeability,(cm/s),ChEMBL
A,CN(c1ccc(NC(=O)C(C)(O)C(F)(F)F)c(Cl)c1)S(=O)(=O)c1ccc(C#N)cc1,CHEMBL495196,permeability,10'-6 cm/s,28.0,permeability,10'-6 cm/s,28.0,caco2_permeability,Permeability,(cm/s),ChEMBL
A,CCS(=O)(=O)N1CCC(c2ccccn2)([C@H](C)NC(=O)c2ccc(Cl)cc2Cl)CC1,CHEMBL516342,permeability,10'-6 cm/s,37.0,permeability,10'-6 cm/s,37.0,caco2_permeability,Permeability,(cm/s),ChEMBL
A,Cc1nnc(C(C)C)n1[C@H]1C[C@H]2CC[C@@H](C1)N2CC[C@H](NC(=O)C1CCC(F)(F)CC1)c1ccccc1,CHEMBL256907,permeability,10'6cm/s,1.0,permeability,10'6cm/s,1.0,caco2_permeability,Permeability,(cm/s),ChEMBL
A,Cc1nc(C(C)C)n([C@@H]2C[C@H]3CC[C@@H](C2)N3CC[C@H](NC(=O)C2CCC(F)(F)CC2)c2ccccc2)n1,CHEMBL3085107,permeability,10'6cm/s,11.0,permeability,10'6cm/s,11.0,caco2_permeability,Permeability,(cm/s),ChEMBL
A,Cc1nc(C(C)C)n([C@@H]2C[C@H]3CC[C@@H](C2)N3CC[C@H](NC(=O)C2CCC(F)(F)CC2)c2ccccc2)n1,CHEMBL3085107,permeability,10'6cm/s,26.0,permeability,10'6cm/s,26.0,caco2_permeability,Permeability,(cm/s),ChEMBL
A,Cc1nnc(C(C)C)n1[C@H]1C[C@H]2CC[C@@H](C1)N2CC[C@H](NC(=O)C1CCC(F)(F)CC1)c1ccccc1,CHEMBL256907,permeability,10'6cm/s,10.0,permeability,10'6cm/s,10.0,caco2_permeability,Permeability,(cm/s),ChEMBL
A,O=C(Nc1nc(-c2cccc(C(F)(F)F)c2F)cs1)c1ccc(N2CCC(C(=O)O)C2)nc1,CHEMBL465957,permeability,10'-6 cm/s,4.5,permeability,10'-6 cm/s,4.5,caco2_permeability,Permeability,(cm/s),ChEMBL
A,O=C(/N=c1\sc(CCNc2ncnc3ccsc23)cn1COP(=O)(O)O)Nc1cccc(Cl)c1,CHEMBL514164,permeability,10'-6 cm/s,1.0,permeability,10'-6 cm/s,1.0,caco2_permeability,Permeability,(cm/s),ChEMBL
A,CC(C)c1nc(N(C)c2nnnn2C)nc(-c2ccc(F)cc2)c1/C=C/[C@@H](O)C[C@@H](O)CC(=O)[O-].[Na+],CHEMBL466547,permeability,nm/s,15.0,permeability,nm/s,15.0,caco2_permeability,Permeability,(cm/s),ChEMBL
A,CC(C)c1nc(N(C)c2ccnn2C)nc(-c2ccc(F)cc2)c1/C=C/[C@@H](O)C[C@@H](O)CC(=O)[O-].[Na+],CHEMBL525188,permeability,nm/s,156.0,permeability,nm/s,156.0,caco2_permeability,Permeability,(cm/s),ChEMBL
A,CCC[C@H]1C(=O)N([C@@H](Cc2ccc3ccccc3c2)C(=O)NC)CCN1C(=O)[C@@H](Cc1ccc(F)cc1)NC(=O)C(C)(C)N,CHEMBL453734,permeability,10'-4 cm/min,0.9,permeability,10'-4 cm/min,0.9,caco2_permeability,Permeability,(cm/s),ChEMBL
A,CCC[C@H]1C(=O)N([C@@H](Cc2ccc3ccccc3c2)C(=O)NC)CCN1C(=O)[C@@H](Cc1ccc(F)cc1)NC(=O)C(C)(C)N,CHEMBL453734,permeability,10'-4 cm/min,8.6,permeability,10'-4 cm/min,8.6,caco2_permeability,Permeability,(cm/s),ChEMBL
A,C=CC[C@H]1C(=O)N([C@@H](Cc2ccc3ccccc3c2)C(=O)NC)CCN1C(=O)[C@H](N)Cc1ccc(F)cc1,CHEMBL462044,permeability,10'-4 cm/min,3.9,permeability,10'-4 cm/min,3.9,caco2_permeability,Permeability,(cm/s),ChEMBL
A,C=CC[C@H]1C(=O)N([C@@H](Cc2ccc3ccccc3c2)C(=O)NC)CCN1C(=O)[C@H](N)Cc1ccc(F)cc1,CHEMBL462044,permeability,10'-4 cm/min,9.1,permeability,10'-4 cm/min,9.1,caco2_permeability,Permeability,(cm/s),ChEMBL
A,CNC(=O)[C@H](Cc1ccc2ccccc2c1)N1CCN(C(=O)[C@H](N)Cc2ccc(F)cc2)[C@@H](CCNC(=N)N)C1=O,CHEMBL213566,permeability,10'-4 cm/min,0.2,permeability,10'-4 cm/min,0.2,caco2_permeability,Permeability,(cm/s),ChEMBL
A,CNC(=O)[C@H](Cc1ccc2ccccc2c1)N1CCN(C(=O)[C@H](N)Cc2ccc(F)cc2)[C@@H](CCNC(=N)N)C1=O,CHEMBL213566,permeability,10'-4 cm/min,0.2,permeability,10'-4 cm/min,0.2,caco2_permeability,Permeability,(cm/s),ChEMBL
A,COc1ccc(-c2nsc(/C=[N+](\[O-])C(C)(C)C)n2)cc1,CHEMBL493279,permeability,10'-6 cm/s,12.5,permeability,10'-6 cm/s,12.5,caco2_permeability,Permeability,(cm/s),ChEMBL
A,CC(C)(C)c1cc(-c2nsc(/C=[N+](\[O-])C(C)(C)C)n2)cc(C(C)(C)C)c1O,CHEMBL494097,permeability,10'-6 cm/s,4.5,permeability,10'-6 cm/s,4.5,caco2_permeability,Permeability,(cm/s),ChEMBL
A,C[C@H]1CN(Cc2cccc(-c3cc(CNC(=O)c4cccc(CC5CCNCC5)c4)ccc3F)c2)CCN1,CHEMBL521523,permeability,nm/s,3.0,permeability,nm/s,3.0,caco2_permeability,Permeability,(cm/s),ChEMBL
A,CCC(CC)[C@@H](CO)NS(=O)(=O)c1ccc(Cl)s1,CHEMBL480558,permeability,10'6cm/s,12.5,permeability,10'6cm/s,12.5,caco2_permeability,Permeability,(cm/s),ChEMBL
A,CCN(CC)CC.Nc1nc(-n2cc(CO)nn2)nc2c1ncn2[C@@H]1O[C@H](COS(=O)(=O)NC(=O)c2ccccc2O)[C@@H](O)[C@H]1O,CHEMBL611774,permeability,10'-6 cm/s,0.01,permeability,10'-6 cm/s,0.01,caco2_permeability,Permeability,(cm/s),ChEMBL
A,CCCCCc1cn(-c2nc(N)c3ncn([C@@H]4O[C@H](COS(=O)(=O)NC(=O)c5ccccc5O)[C@@H](O)[C@H]4O)c3n2)nn1.CCN(CC)CC,CHEMBL611784,permeability,10'-6 cm/s,0.01,permeability,10'-6 cm/s,0.01,caco2_permeability,Permeability,(cm/s),ChEMBL
A,CCCCCCc1cn(-c2nc(N)c3ncn([C@@H]4O[C@H](COS(=O)(=O)NC(=O)c5ccccc5O)[C@@H](O)[C@H]4O)c3n2)nn1.CCN(CC)CC,CHEMBL611772,permeability,10'-6 cm/s,2.07,permeability,10'-6 cm/s,2.07,caco2_permeability,Permeability,(cm/s),ChEMBL
A,CCCCCCCc1cn(-c2nc(N)c3ncn([C@@H]4O[C@H](COS(=O)(=O)NC(=O)c5ccccc5O)[C@@H](O)[C@H]4O)c3n2)nn1.CCN(CC)CC,CHEMBL612049,permeability,10'-6 cm/s,2.65,permeability,10'-6 cm/s,2.65,caco2_permeability,Permeability,(cm/s),ChEMBL
A,CCCCCCCCc1cn(-c2nc(N)c3ncn([C@@H]4O[C@H](COS(=O)(=O)NC(=O)c5ccccc5O)[C@@H](O)[C@H]4O)c3n2)nn1.CCN(CC)CC,CHEMBL612037,permeability,10'-6 cm/s,1.61,permeability,10'-6 cm/s,1.61,caco2_permeability,Permeability,(cm/s),ChEMBL
A,CCCCCCCCCCc1cn(-c2nc(N)c3ncn([C@@H]4O[C@H](COS(=O)(=O)NC(=O)c5ccccc5O)[C@@H](O)[C@H]4O)c3n2)nn1.CCN(CC)CC,CHEMBL612042,permeability,10'-6 cm/s,0.03,permeability,10'-6 cm/s,0.03,caco2_permeability,Permeability,(cm/s),ChEMBL
A,CCCCCCCCCCCCc1cn(-c2nc(N)c3ncn([C@@H]4O[C@H](COS(=O)(=O)NC(=O)c5ccccc5O)[C@@H](O)[C@H]4O)c3n2)nn1.CCN(CC)CC,CHEMBL612044,permeability,10'-6 cm/s,0.05,permeability,10'-6 cm/s,0.05,caco2_permeability,Permeability,(cm/s),ChEMBL
A,CC(C)Cc1cn(-c2nc(N)c3ncn([C@@H]4O[C@H](COS(=O)(=O)NC(=O)c5ccccc5O)[C@@H](O)[C@H]4O)c3n2)nn1.CCN(CC)CC,CHEMBL608843,permeability,10'-6 cm/s,0.01,permeability,10'-6 cm/s,0.01,caco2_permeability,Permeability,(cm/s),ChEMBL
A,CC(C)(C)c1cn(-c2nc(N)c3ncn([C@@H]4O[C@H](COS(=O)(=O)NC(=O)c5ccccc5O)[C@@H](O)[C@H]4O)c3n2)nn1.CCN(CC)CC,CHEMBL611767,permeability,10'-6 cm/s,0.01,permeability,10'-6 cm/s,0.01,caco2_permeability,Permeability,(cm/s),ChEMBL
A,CCN(CC)CC.Nc1nc(-n2cc(C3CC3)nn2)nc2c1ncn2[C@@H]1O[C@H](COS(=O)(=O)NC(=O)c2ccccc2O)[C@@H](O)[C@H]1O,CHEMBL612048,permeability,10'-6 cm/s,0.01,permeability,10'-6 cm/s,0.01,caco2_permeability,Permeability,(cm/s),ChEMBL
A,CCN(CC)CC.Nc1nc(-n2cc(C3CCCC3)nn2)nc2c1ncn2[C@@H]1O[C@H](COS(=O)(=O)NC(=O)c2ccccc2O)[C@@H](O)[C@H]1O,CHEMBL609105,permeability,10'-6 cm/s,0.01,permeability,10'-6 cm/s,0.01,caco2_permeability,Permeability,(cm/s),ChEMBL
A,CCN(CC)CC.Cc1ccccc1-c1cn(-c2nc(N)c3ncn([C@@H]4O[C@H](COS(=O)(=O)NC(=O)c5ccccc5O)[C@@H](O)[C@H]4O)c3n2)nn1,CHEMBL608839,permeability,10'-6 cm/s,0.18,permeability,10'-6 cm/s,0.18,caco2_permeability,Permeability,(cm/s),ChEMBL
A,CCN(CC)CC.Cc1cccc(-c2cn(-c3nc(N)c4ncn([C@@H]5O[C@H](COS(=O)(=O)NC(=O)c6ccccc6O)[C@@H](O)[C@H]5O)c4n3)nn2)c1,CHEMBL608842,permeability,10'-6 cm/s,0.84,permeability,10'-6 cm/s,0.84,caco2_permeability,Permeability,(cm/s),ChEMBL
A,CCN(CC)CC.Cc1ccc(-c2cn(-c3nc(N)c4ncn([C@@H]5O[C@H](COS(=O)(=O)NC(=O)c6ccccc6O)[C@@H](O)[C@H]5O)c4n3)nn2)cc1,CHEMBL611785,permeability,10'-6 cm/s,1.03,permeability,10'-6 cm/s,1.03,caco2_permeability,Permeability,(cm/s),ChEMBL
A,CCN(CC)CC.Nc1ccccc1-c1cn(-c2nc(N)c3ncn([C@@H]4O[C@H](COS(=O)(=O)NC(=O)c5ccccc5O)[C@@H](O)[C@H]4O)c3n2)nn1,CHEMBL609101,permeability,10'-6 cm/s,0.03,permeability,10'-6 cm/s,0.03,caco2_permeability,Permeability,(cm/s),ChEMBL
A,CCN(CC)CC.Nc1cccc(-c2cn(-c3nc(N)c4ncn([C@@H]5O[C@H](COS(=O)(=O)NC(=O)c6ccccc6O)[C@@H](O)[C@H]5O)c4n3)nn2)c1,CHEMBL611775,permeability,10'-6 cm/s,0.01,permeability,10'-6 cm/s,0.01,caco2_permeability,Permeability,(cm/s),ChEMBL
A,CCN(CC)CC.Nc1ccc(-c2cn(-c3nc(N)c4ncn([C@@H]5O[C@H](COS(=O)(=O)NC(=O)c6ccccc6O)[C@@H](O)[C@H]5O)c4n3)nn2)cc1,CHEMBL612041,permeability,10'-6 cm/s,0.33,permeability,10'-6 cm/s,0.33,caco2_permeability,Permeability,(cm/s),ChEMBL
A,CCN(CC)CC.Nc1nc(-n2cc(-c3ccccn3)nn2)nc2c1ncn2[C@@H]1O[C@H](COS(=O)(=O)NC(=O)c2ccccc2O)[C@@H](O)[C@H]1O,CHEMBL611783,permeability,10'-6 cm/s,0.12,permeability,10'-6 cm/s,0.12,caco2_permeability,Permeability,(cm/s),ChEMBL
A,CCN(CC)CC.Nc1nc(-n2cc(-c3cccnc3)nn2)nc2c1ncn2[C@@H]1O[C@H](COS(=O)(=O)NC(=O)c2ccccc2O)[C@@H](O)[C@H]1O,CHEMBL611780,permeability,10'-6 cm/s,0.46,permeability,10'-6 cm/s,0.46,caco2_permeability,Permeability,(cm/s),ChEMBL
A,CCN(CC)CC.Nc1nc(-n2cc(-c3ccncc3)nn2)nc2c1ncn2[C@@H]1O[C@H](COS(=O)(=O)NC(=O)c2ccccc2O)[C@@H](O)[C@H]1O,CHEMBL609100,permeability,10'-6 cm/s,0.01,permeability,10'-6 cm/s,0.01,caco2_permeability,Permeability,(cm/s),ChEMBL
A,CCN(CC)CC.Nc1nc(-n2cc(-c3ccccc3O)nn2)nc2c1ncn2[C@@H]1O[C@H](COS(=O)(=O)NC(=O)c2ccccc2O)[C@@H](O)[C@H]1O,CHEMBL612040,permeability,10'-6 cm/s,0.12,permeability,10'-6 cm/s,0.12,caco2_permeability,Permeability,(cm/s),ChEMBL
A,CCN(CC)CC.Nc1nc(-n2cc(-c3cccc(O)c3)nn2)nc2c1ncn2[C@@H]1O[C@H](COS(=O)(=O)NC(=O)c2ccccc2O)[C@@H](O)[C@H]1O,CHEMBL612052,permeability,10'-6 cm/s,0.09,permeability,10'-6 cm/s,0.09,caco2_permeability,Permeability,(cm/s),ChEMBL
A,CCN(CC)CC.Nc1nc(-n2cc(-c3ccc(O)cc3)nn2)nc2c1ncn2[C@@H]1O[C@H](COS(=O)(=O)NC(=O)c2ccccc2O)[C@@H](O)[C@H]1O,CHEMBL611782,permeability,10'-6 cm/s,0.01,permeability,10'-6 cm/s,0.01,caco2_permeability,Permeability,(cm/s),ChEMBL
A,CCN(CC)CC.Nc1nc(-n2cc(C3CCCCC3)nn2)nc2c1ncn2[C@@H]1O[C@H](COS(=O)(=O)NC(=O)c2ccccc2O)[C@@H](O)[C@H]1O,CHEMBL611766,permeability,10'-6 cm/s,0.39,permeability,10'-6 cm/s,0.39,caco2_permeability,Permeability,(cm/s),ChEMBL
A,CC(C)(C)NC(=O)[C@@H]1C[C@@H]2CCCC[C@@H]2CN1C[C@@H](O)[C@H](Cc1ccccc1)NC(=O)[C@H](CC(N)=O)NC(=O)c1ccc2ccccc2n1,CHEMBL114,permeability,10'-8cm/s,398.0,permeability,10'-8cm/s,398.0,caco2_permeability,Permeability,(cm/s),ChEMBL
A,CC(C)[C@H](N)C(=O)O[C@H](CN1C[C@H]2CCCC[C@H]2C[C@H]1C(=O)NC(C)(C)C)[C@H](Cc1ccccc1)NC(=O)[C@H](CC(N)=O)NC(=O)c1ccc2ccccc2n1.O=C(O)C(F)(F)F,CHEMBL501570,permeability,10'-8cm/s,343.0,permeability,10'-8cm/s,343.0,caco2_permeability,Permeability,(cm/s),ChEMBL
A,CC(C)[C@@H](N)C(=O)NCCCCCC(=O)O[C@H](CN1C[C@H]2CCCC[C@H]2C[C@H]1C(=O)NC(C)(C)C)[C@H](Cc1ccccc1)NC(=O)[C@H](CC(N)=O)NC(=O)c1ccc2ccccc2n1.O=C(O)C(F)(F)F.O=C(O)C(F)(F)F.O=C(O)C(F)(F)F,CHEMBL504646,permeability,10'-8cm/s,187.0,permeability,10'-8cm/s,187.0,caco2_permeability,Permeability,(cm/s),ChEMBL
A,CC(C)(C)NC(=O)[C@@H]1CN(Cc2cccnc2)CCN1C[C@@H](O)C[C@@H](Cc1ccccc1)C(=O)N[C@H]1c2ccccc2C[C@H]1O.O=S(=O)(O)O,CHEMBL1735,permeability,10'-8cm/s,1550.0,permeability,10'-8cm/s,1550.0,caco2_permeability,Permeability,(cm/s),ChEMBL
A,CC(C)[C@H](N)C(=O)O[C@@H]1Cc2ccccc2[C@@H]1NC(=O)[C@H](Cc1ccccc1)C[C@H](O)CN1CCN(Cc2cccnc2)C[C@H]1C(=O)NC(C)(C)C.O=C(O)C(F)(F)F,CHEMBL445706,permeability,10'-8cm/s,737.0,permeability,10'-8cm/s,737.0,caco2_permeability,Permeability,(cm/s),ChEMBL
A,CC(C)[C@H](N)C(=O)O[C@@H](C[C@@H](Cc1ccccc1)C(=O)N[C@H]1c2ccccc2C[C@H]1O)CN1CCN(Cc2cccnc2)C[C@H]1C(=O)NC(C)(C)C.O=C(O)C(F)(F)F,CHEMBL506295,permeability,10'-8cm/s,708.0,permeability,10'-8cm/s,708.0,caco2_permeability,Permeability,(cm/s),ChEMBL
A,CC(C)[C@H](N)C(=O)NCCCCCC(=O)O[C@@H]1Cc2ccccc2[C@@H]1NC(=O)[C@H](Cc1ccccc1)C[C@H](O)CN1CCN(Cc2cccnc2)C[C@H]1C(=O)NC(C)(C)C.O=C(O)C(F)(F)F,CHEMBL505494,permeability,10'-8cm/s,292.0,permeability,10'-8cm/s,292.0,caco2_permeability,Permeability,(cm/s),ChEMBL
A,CC(C)[C@H](N)C(=O)NCCCCCC(=O)O[C@@H](C[C@@H](Cc1ccccc1)C(=O)N[C@H]1c2ccccc2C[C@H]1OC(=O)CCCCCNC(=O)[C@@H](N)C(C)C)CN1CCN(Cc2cccnc2)C[C@H]1C(=O)NC(C)(C)C.O=C(O)C(F)(F)F.O=C(O)C(F)(F)F,CHEMBL447877,permeability,10'-8cm/s,626.0,permeability,10'-8cm/s,626.0,caco2_permeability,Permeability,(cm/s),ChEMBL
A,Cc1c(O)cccc1C(=O)N[C@@H](CSc1ccccc1)[C@H](O)CN1C[C@H]2CCCC[C@H]2C[C@H]1C(=O)NC(C)(C)C,CHEMBL584,permeability,10'-8cm/s,251.0,permeability,10'-8cm/s,251.0,caco2_permeability,Permeability,(cm/s),ChEMBL
A,CC(C)(C)NC(=O)[C@@H]1C[C@@H]2CCCC[C@@H]2CN1C[C@@H](O)[C@H](Cc1ccccc1)NC(=O)[C@H](CC(N)=O)NC(=O)c1ccc2ccccc2n1,CHEMBL114,permeability,10'-8cm/s,110.0,permeability,10'-8cm/s,110.0,caco2_permeability,Permeability,(cm/s),ChEMBL
A,CC(C)[C@H](N)C(=O)O[C@H](CN1C[C@H]2CCCC[C@H]2C[C@H]1C(=O)NC(C)(C)C)[C@H](Cc1ccccc1)NC(=O)[C@H](CC(N)=O)NC(=O)c1ccc2ccccc2n1.O=C(O)C(F)(F)F,CHEMBL501570,permeability,10'-8cm/s,232.0,permeability,10'-8cm/s,232.0,caco2_permeability,Permeability,(cm/s),ChEMBL
A,CC(C)[C@@H](N)C(=O)NCCCCCC(=O)O[C@H](CN1C[C@H]2CCCC[C@H]2C[C@H]1C(=O)NC(C)(C)C)[C@H](Cc1ccccc1)NC(=O)[C@H](CC(N)=O)NC(=O)c1ccc2ccccc2n1.O=C(O)C(F)(F)F.O=C(O)C(F)(F)F.O=C(O)C(F)(F)F,CHEMBL504646,permeability,10'-8cm/s,58.0,permeability,10'-8cm/s,58.0,caco2_permeability,Permeability,(cm/s),ChEMBL
A,CC(C)(C)NC(=O)[C@@H]1CN(Cc2cccnc2)CCN1C[C@@H](O)C[C@@H](Cc1ccccc1)C(=O)N[C@H]1c2ccccc2C[C@H]1O.O=S(=O)(O)O,CHEMBL1735,permeability,10'-8cm/s,103.0,permeability,10'-8cm/s,103.0,caco2_permeability,Permeability,(cm/s),ChEMBL
A,CC(C)[C@H](N)C(=O)O[C@@H]1Cc2ccccc2[C@@H]1NC(=O)[C@H](Cc1ccccc1)C[C@H](O)CN1CCN(Cc2cccnc2)C[C@H]1C(=O)NC(C)(C)C.O=C(O)C(F)(F)F,CHEMBL445706,permeability,10'-8cm/s,644.0,permeability,10'-8cm/s,644.0,caco2_permeability,Permeability,(cm/s),ChEMBL
A,CC(C)[C@H](N)C(=O)O[C@@H](C[C@@H](Cc1ccccc1)C(=O)N[C@H]1c2ccccc2C[C@H]1O)CN1CCN(Cc2cccnc2)C[C@H]1C(=O)NC(C)(C)C.O=C(O)C(F)(F)F,CHEMBL506295,permeability,10'-8cm/s,513.0,permeability,10'-8cm/s,513.0,caco2_permeability,Permeability,(cm/s),ChEMBL
A,Cc1c(O)cccc1C(=O)N[C@@H](CSc1ccccc1)[C@H](O)CN1C[C@H]2CCCC[C@H]2C[C@H]1C(=O)NC(C)(C)C,CHEMBL584,permeability,10'-8cm/s,103.0,permeability,10'-8cm/s,103.0,caco2_permeability,Permeability,(cm/s),ChEMBL
A,COc1cc(OC)cc(-c2cc(NC(C)=O)nc(-n3nc(C)cc3C)n2)c1,CHEMBL487569,permeability,nm/s,24.0,permeability,nm/s,24.0,caco2_permeability,Permeability,(cm/s),ChEMBL
A,COc1cccc(-c2cc(NC(C)=O)nc(-n3nc(C)cc3C)n2)c1F,CHEMBL486745,permeability,nm/s,260.0,permeability,nm/s,260.0,caco2_permeability,Permeability,(cm/s),ChEMBL
A,CC(=O)Nc1cc(-c2cccc(N3CCN(C)CC3)n2)nc(-n2nc(C)cc2C)n1,CHEMBL486162,permeability,nm/s,154.0,permeability,nm/s,154.0,caco2_permeability,Permeability,(cm/s),ChEMBL
A,CC[C@H](C)[C@H](NC(=O)[C@@H]1CCCN1C(=O)[C@@H](NC(=O)[C@H](C)N)C(C)C)C(=O)O,CHEMBL234346,permeability,%,5.2,permeability,%,5.2,caco2_permeability,Permeability,(cm/s),ChEMBL
A,CN[C@@H](C)C(=O)Nc1ccc(Oc2ccc(OC)cc2)c(C(=O)NCc2csc(-c3cccs3)n2)c1,CHEMBL458358,permeability,%,27.0,permeability,%,27.0,caco2_permeability,Permeability,(cm/s),ChEMBL
A,NS(=O)(=O)c1cccc(CCCCOCCCCCCNC[C@H](O)c2ccc(O)c(CO)c2)c1,CHEMBL483201,permeability,nm/s,4.5,permeability,nm/s,4.5,caco2_permeability,Permeability,(cm/s),ChEMBL
A,OCc1cc(C(O)CNCCCCCCOCCCCc2ccccc2)ccc1O,CHEMBL1263,permeability,nm/s,119.0,permeability,nm/s,119.0,caco2_permeability,Permeability,(cm/s),ChEMBL
A,COc1ccc2c(Oc3ccc(NC(=O)c4c(C)n(CC(C)(C)O)n(-c5ccccc5)c4=O)nc3)ccnc2c1,CHEMBL460472,permeability,10'-6 cm/s,27.0,permeability,10'-6 cm/s,27.0,caco2_permeability,Permeability,(cm/s),ChEMBL
A,COc1ccc2c(Oc3ccc(NC(=O)c4c(C)n(CC(C)(C)O)n(-c5ccccc5)c4=O)nc3)ccnc2c1,CHEMBL460472,permeability,10'-6 cm/s,32.0,permeability,10'-6 cm/s,32.0,caco2_permeability,Permeability,(cm/s),ChEMBL
A,CNCc1cc(C(N)=O)ccc1Cc1ccc(Cl)c(Cl)c1,CHEMBL451165,permeability,%/hr,31.0,permeability,%/hr,31.0,caco2_permeability,Permeability,(cm/s),ChEMBL
A,CN(C)Cc1cc(CNS(C)(=O)=O)ccc1Oc1ccc(OC(F)(F)F)cc1,CHEMBL481697,permeability,%/hr,23.0,permeability,%/hr,23.0,caco2_permeability,Permeability,(cm/s),ChEMBL
A,CN(C)Cc1cc(C(N)=O)ccc1Oc1ccc(OC(F)(F)F)cc1,CHEMBL481695,permeability,%/hr,27.0,permeability,%/hr,27.0,caco2_permeability,Permeability,(cm/s),ChEMBL
A,CN(C)Cc1cc(NS(C)(=O)=O)ccc1Oc1ccc(C(F)(F)F)cc1,CHEMBL479410,permeability,%/hr,27.0,permeability,%/hr,27.0,caco2_permeability,Permeability,(cm/s),ChEMBL
A,CSc1ccc(Sc2ccc(NS(C)(=O)=O)cc2CN(C)C)cc1,CHEMBL449015,permeability,%/hr,27.0,permeability,%/hr,27.0,caco2_permeability,Permeability,(cm/s),ChEMBL
A,CNCc1cc(NS(C)(=O)=O)ccc1Sc1ccc(SC)cc1,CHEMBL479411,permeability,%/hr,21.0,permeability,%/hr,21.0,caco2_permeability,Permeability,(cm/s),ChEMBL
A,CN(C)Cc1cc(S(N)(=O)=O)ccc1Sc1ccc(C(F)(F)F)cc1,CHEMBL500629,permeability,%/hr,42.0,permeability,%/hr,42.0,caco2_permeability,Permeability,(cm/s),ChEMBL
A,CN(C)Cc1cc(S(N)(=O)=O)ccc1Cc1ccc(Cl)c(Cl)c1,CHEMBL482292,permeability,%/hr,14.0,permeability,%/hr,14.0,caco2_permeability,Permeability,(cm/s),ChEMBL
A,CNCc1cc(S(N)(=O)=O)ccc1Cc1ccc(Cl)c(Cl)c1,CHEMBL481306,permeability,%/hr,36.0,permeability,%/hr,36.0,caco2_permeability,Permeability,(cm/s),ChEMBL
A,CN(C)Cc1cc(C(N)=O)ccc1Cc1ccc(Cl)c(Cl)c1,CHEMBL479999,permeability,%/hr,42.0,permeability,%/hr,42.0,caco2_permeability,Permeability,(cm/s),ChEMBL
A,CNCc1cc(C(N)=O)ccc1Cc1ccc(Cl)c(Cl)c1,CHEMBL451165,permeability,%/hr,28.0,permeability,%/hr,28.0,caco2_permeability,Permeability,(cm/s),ChEMBL
A,CN(C)Cc1cc(S(N)(=O)=O)ccc1Sc1ccc(C(F)(F)F)cc1,CHEMBL500629,permeability,%/hr,42.0,permeability,%/hr,42.0,caco2_permeability,Permeability,(cm/s),ChEMBL
A,CN(C)Cc1cc(S(N)(=O)=O)ccc1Cc1ccc(Cl)c(Cl)c1,CHEMBL482292,permeability,%/hr,18.0,permeability,%/hr,18.0,caco2_permeability,Permeability,(cm/s),ChEMBL
A,CNCc1cc(S(N)(=O)=O)ccc1Cc1ccc(Cl)c(Cl)c1,CHEMBL481306,permeability,%/hr,31.0,permeability,%/hr,31.0,caco2_permeability,Permeability,(cm/s),ChEMBL
A,CN(C)Cc1cc(C(N)=O)ccc1Cc1ccc(Cl)c(Cl)c1,CHEMBL479999,permeability,%/hr,42.0,permeability,%/hr,42.0,caco2_permeability,Permeability,(cm/s),ChEMBL
A,CN[C@H]1CC[C@@H](c2ccc(Cl)c(Cl)c2)c2ccc(S(N)(=O)=O)cc21,CHEMBL383706,permeability,%/hr,18.0,permeability,%/hr,18.0,caco2_permeability,Permeability,(cm/s),ChEMBL
A,CNCc1cc(NS(C)(=O)=O)ccc1Sc1ccc(SC)cc1,CHEMBL479411,permeability,%/hr,22.0,permeability,%/hr,22.0,caco2_permeability,Permeability,(cm/s),ChEMBL
A,CN[C@H]1CC[C@@H](c2ccc(Cl)c(Cl)c2)c2ccc(S(N)(=O)=O)cc21,CHEMBL383706,permeability,%/hr,7.0,permeability,%/hr,7.0,caco2_permeability,Permeability,(cm/s),ChEMBL
A,CN(C)Cc1cc(CNS(C)(=O)=O)ccc1Oc1ccc(OC(F)(F)F)cc1,CHEMBL481697,permeability,%/hr,31.0,permeability,%/hr,31.0,caco2_permeability,Permeability,(cm/s),ChEMBL
A,CN(C)Cc1cc(C(N)=O)ccc1Oc1ccc(OC(F)(F)F)cc1,CHEMBL481695,permeability,%/hr,27.0,permeability,%/hr,27.0,caco2_permeability,Permeability,(cm/s),ChEMBL
A,CN(C)Cc1cc(NS(C)(=O)=O)ccc1Oc1ccc(C(F)(F)F)cc1,CHEMBL479410,permeability,%/hr,31.0,permeability,%/hr,31.0,caco2_permeability,Permeability,(cm/s),ChEMBL
A,CSc1ccc(Sc2ccc(NS(C)(=O)=O)cc2CN(C)C)cc1,CHEMBL449015,permeability,%/hr,41.0,permeability,%/hr,41.0,caco2_permeability,Permeability,(cm/s),ChEMBL
A,CCNCc1ccc(C(=O)Nc2cc(C)n(Cc3cc(Cl)ccc3OCC(C)C)n2)cc1.Cl,CHEMBL481870,permeability,nm/s,521.0,permeability,nm/s,521.0,caco2_permeability,Permeability,(cm/s),ChEMBL
A,CNCc1ccc(NC(=O)c2cc(C)n(Cc3cc(Cl)ccc3OCc3ccccc3)n2)cc1.Cl,CHEMBL480789,permeability,nm/s,318.0,permeability,nm/s,318.0,caco2_permeability,Permeability,(cm/s),ChEMBL
A,Cc1cc(NC(=O)c2ccc(CN3CCCC3)cc2)nn1Cc1cc(Cl)ccc1OCC(C)C.Cl,CHEMBL481689,permeability,nm/s,360.0,permeability,nm/s,360.0,caco2_permeability,Permeability,(cm/s),ChEMBL
A,CC(C)(C)c1ccc(-c2nc3c(N4CCN(Cc5c[nH]c(=O)[nH]c5=O)CC4)cccc3[nH]2)cc1,CHEMBL516479,permeability,10'-6 cm/s,0.6,permeability,10'-6 cm/s,0.6,caco2_permeability,Permeability,(cm/s),ChEMBL
A,CCN1CCN(CC/C=C/c2ccc3c(Nc4ccc(Sc5nccn5C)c(Cl)c4)c(C#N)cnc3c2)CC1,CHEMBL489058,permeability,10'-6 cm/s,0.45,permeability,10'-6 cm/s,0.45,caco2_permeability,Permeability,(cm/s),ChEMBL
F,Cc1cc(-c2ccc(N(C)C)cc2)cc(-c2ccc(N(C)C)cc2)[s+]1.[I-],CHEMBL229402,permeability,nm/s,5.8,permeability,nm/s,5.8,caco2_permeability,Permeability,(cm/s),ChEMBL
F,Cc1cc(-c2ccc(N(C)C)cc2)cc(-c2ccc(N(C)C)cc2)[s+]1.[I-],CHEMBL229402,permeability,nm/s,51.0,permeability,nm/s,51.0,caco2_permeability,Permeability,(cm/s),ChEMBL
F,Cc1cc(-c2ccc(N(C)C)cc2)cc(-c2ccc(N(C)C)cc2)[s+]1.[I-],CHEMBL229402,permeability,%,65.0,permeability,%,65.0,caco2_permeability,Permeability,(cm/s),ChEMBL
F,Cc1cc(-c2ccc(N(C)C)cc2)cc(-c2ccc(N(C)C)cc2)[s+]1.[I-],CHEMBL229402,permeability,%,25.0,permeability,%,25.0,caco2_permeability,Permeability,(cm/s),ChEMBL
F,Cc1cc(-c2ccc(N(C)C)cc2)cc(-c2ccc(N(C)C)cc2)[s+]1.[I-],CHEMBL229402,permeability,%,24.0,permeability,%,24.0,caco2_permeability,Permeability,(cm/s),ChEMBL
F,Cc1cc(-c2ccc(N(C)C)cc2)cc(-c2ccc(N(C)C)cc2)[s+]1.[I-],CHEMBL229402,permeability,%,17.0,permeability,%,17.0,caco2_permeability,Permeability,(cm/s),ChEMBL
F,CCCc1cc(-c2ccc(N(C)C)cc2)cc(-c2ccc(N(C)C)cc2)[s+]1.[I-],CHEMBL229404,permeability,nm/s,1.5,permeability,nm/s,1.5,caco2_permeability,Permeability,(cm/s),ChEMBL
F,CCCc1cc(-c2ccc(N(C)C)cc2)cc(-c2ccc(N(C)C)cc2)[s+]1.[I-],CHEMBL229404,permeability,nm/s,370.0,permeability,nm/s,370.0,caco2_permeability,Permeability,(cm/s),ChEMBL
F,CCCc1cc(-c2ccc(N(C)C)cc2)cc(-c2ccc(N(C)C)cc2)[s+]1.[I-],CHEMBL229404,permeability,%,27.0,permeability,%,27.0,caco2_permeability,Permeability,(cm/s),ChEMBL
F,CCCc1cc(-c2ccc(N(C)C)cc2)cc(-c2ccc(N(C)C)cc2)[s+]1.[I-],CHEMBL229404,permeability,%,11.0,permeability,%,11.0,caco2_permeability,Permeability,(cm/s),ChEMBL
F,CCCc1cc(-c2ccc(N(C)C)cc2)cc(-c2ccc(N(C)C)cc2)[s+]1.[I-],CHEMBL229404,permeability,%,8.0,permeability,%,8.0,caco2_permeability,Permeability,(cm/s),ChEMBL
F,CCCc1cc(-c2ccc(N(C)C)cc2)cc(-c2ccc(N(C)C)cc2)[s+]1.[I-],CHEMBL229404,permeability,%,11.0,permeability,%,11.0,caco2_permeability,Permeability,(cm/s),ChEMBL
F,CN(C)c1ccc(-c2cc(-c3ccc(N(C)C)cc3)[s+]c(C(C)(C)C)c2)cc1.[I-],CHEMBL229938,permeability,nm/s,5.3,permeability,nm/s,5.3,caco2_permeability,Permeability,(cm/s),ChEMBL
F,CN(C)c1ccc(-c2cc(-c3ccc(N(C)C)cc3)[s+]c(C(C)(C)C)c2)cc1.[I-],CHEMBL229938,permeability,nm/s,340.0,permeability,nm/s,340.0,caco2_permeability,Permeability,(cm/s),ChEMBL
F,CN(C)c1ccc(-c2cc(-c3ccc(N(C)C)cc3)[s+]c(C(C)(C)C)c2)cc1.[I-],CHEMBL229938,permeability,%,73.0,permeability,%,73.0,caco2_permeability,Permeability,(cm/s),ChEMBL
F,CN(C)c1ccc(-c2cc(-c3ccc(N(C)C)cc3)[s+]c(C(C)(C)C)c2)cc1.[I-],CHEMBL229938,permeability,%,37.0,permeability,%,37.0,caco2_permeability,Permeability,(cm/s),ChEMBL
F,CN(C)c1ccc(-c2cc(-c3ccc(N(C)C)cc3)[s+]c(C(C)(C)C)c2)cc1.[I-],CHEMBL229938,permeability,%,44.0,permeability,%,44.0,caco2_permeability,Permeability,(cm/s),ChEMBL
F,CN(C)c1ccc(-c2cc(-c3ccc(N(C)C)cc3)[s+]c(C(C)(C)C)c2)cc1.[I-],CHEMBL229938,permeability,%,25.0,permeability,%,25.0,caco2_permeability,Permeability,(cm/s),ChEMBL
F,CN(C)c1ccc(-c2cc(-c3ccc(N(C)C)cc3)[se+]c(C(C)(C)C)c2)cc1.[I-],CHEMBL436099,permeability,nm/s,2.3,permeability,nm/s,2.3,caco2_permeability,Permeability,(cm/s),ChEMBL
F,CN(C)c1ccc(-c2cc(-c3ccc(N(C)C)cc3)[se+]c(C(C)(C)C)c2)cc1.[I-],CHEMBL436099,permeability,nm/s,290.0,permeability,nm/s,290.0,caco2_permeability,Permeability,(cm/s),ChEMBL
F,CN(C)c1ccc(-c2cc(-c3ccc(N(C)C)cc3)[se+]c(C(C)(C)C)c2)cc1.[I-],CHEMBL436099,permeability,%,63.0,permeability,%,63.0,caco2_permeability,Permeability,(cm/s),ChEMBL
F,CN(C)c1ccc(-c2cc(-c3ccc(N(C)C)cc3)[se+]c(C(C)(C)C)c2)cc1.[I-],CHEMBL436099,permeability,%,26.0,permeability,%,26.0,caco2_permeability,Permeability,(cm/s),ChEMBL
F,CN(C)c1ccc(-c2cc(-c3ccc(N(C)C)cc3)[se+]c(C(C)(C)C)c2)cc1.[I-],CHEMBL436099,permeability,%,37.0,permeability,%,37.0,caco2_permeability,Permeability,(cm/s),ChEMBL
F,CN(C)c1ccc(-c2cc(-c3ccc(N(C)C)cc3)[se+]c(C(C)(C)C)c2)cc1.[I-],CHEMBL436099,permeability,%,23.0,permeability,%,23.0,caco2_permeability,Permeability,(cm/s),ChEMBL
F,CN(C)c1ccc(-c2cc(-c3ccccc3)[s+]c(-c3ccc(N)cc3)c2)cc1.F[P-](F)(F)(F)(F)F,CHEMBL461674,permeability,nm/s,3.7,permeability,nm/s,3.7,caco2_permeability,Permeability,(cm/s),ChEMBL
F,CN(C)c1ccc(-c2cc(-c3ccccc3)[s+]c(-c3ccc(N)cc3)c2)cc1.F[P-](F)(F)(F)(F)F,CHEMBL461674,permeability,nm/s,170.0,permeability,nm/s,170.0,caco2_permeability,Permeability,(cm/s),ChEMBL
F,CN(C)c1ccc(-c2cc(-c3ccccc3)[s+]c(-c3ccc(N)cc3)c2)cc1.F[P-](F)(F)(F)(F)F,CHEMBL461674,permeability,%,55.0,permeability,%,55.0,caco2_permeability,Permeability,(cm/s),ChEMBL
F,CN(C)c1ccc(-c2cc(-c3ccccc3)[s+]c(-c3ccc(N)cc3)c2)cc1.F[P-](F)(F)(F)(F)F,CHEMBL461674,permeability,%,24.0,permeability,%,24.0,caco2_permeability,Permeability,(cm/s),ChEMBL
F,CN(C)c1ccc(-c2cc(-c3ccccc3)[s+]c(-c3ccc(N)cc3)c2)cc1.F[P-](F)(F)(F)(F)F,CHEMBL461674,permeability,%,19.0,permeability,%,19.0,caco2_permeability,Permeability,(cm/s),ChEMBL
F,CN(C)c1ccc(-c2cc(-c3ccccc3)[s+]c(-c3ccc(N)cc3)c2)cc1.F[P-](F)(F)(F)(F)F,CHEMBL461674,permeability,%,20.0,permeability,%,20.0,caco2_permeability,Permeability,(cm/s),ChEMBL
F,CN(C)c1ccc(-c2cc(-c3ccccc3)[se+]c(-c3ccc(N)cc3)c2)cc1.F[P-](F)(F)(F)(F)F,CHEMBL460394,permeability,nm/s,3.5,permeability,nm/s,3.5,caco2_permeability,Permeability,(cm/s),ChEMBL
F,CN(C)c1ccc(-c2cc(-c3ccccc3)[se+]c(-c3ccc(N)cc3)c2)cc1.F[P-](F)(F)(F)(F)F,CHEMBL460394,permeability,nm/s,120.0,permeability,nm/s,120.0,caco2_permeability,Permeability,(cm/s),ChEMBL
F,CN(C)c1ccc(-c2cc(-c3ccccc3)[se+]c(-c3ccc(N)cc3)c2)cc1.F[P-](F)(F)(F)(F)F,CHEMBL460394,permeability,%,50.0,permeability,%,50.0,caco2_permeability,Permeability,(cm/s),ChEMBL
F,CN(C)c1ccc(-c2cc(-c3ccccc3)[se+]c(-c3ccc(N)cc3)c2)cc1.F[P-](F)(F)(F)(F)F,CHEMBL460394,permeability,%,18.0,permeability,%,18.0,caco2_permeability,Permeability,(cm/s),ChEMBL
F,CN(C)c1ccc(-c2cc(-c3ccccc3)[se+]c(-c3ccc(N)cc3)c2)cc1.F[P-](F)(F)(F)(F)F,CHEMBL460394,permeability,%,18.0,permeability,%,18.0,caco2_permeability,Permeability,(cm/s),ChEMBL
F,CN(C)c1ccc(-c2cc(-c3ccccc3)[se+]c(-c3ccc(N)cc3)c2)cc1.F[P-](F)(F)(F)(F)F,CHEMBL460394,permeability,%,13.0,permeability,%,13.0,caco2_permeability,Permeability,(cm/s),ChEMBL
F,CN(C)c1ccc(-c2cc(-c3ccc(N)cc3)[se+]c(-c3ccc(N)cc3)c2)cc1.F[P-](F)(F)(F)(F)F,CHEMBL460395,permeability,nm/s,3.4,permeability,nm/s,3.4,caco2_permeability,Permeability,(cm/s),ChEMBL
F,CN(C)c1ccc(-c2cc(-c3ccc(N)cc3)[se+]c(-c3ccc(N)cc3)c2)cc1.F[P-](F)(F)(F)(F)F,CHEMBL460395,permeability,nm/s,45.0,permeability,nm/s,45.0,caco2_permeability,Permeability,(cm/s),ChEMBL
F,CN(C)c1ccc(-c2cc(-c3ccc(N)cc3)[se+]c(-c3ccc(N)cc3)c2)cc1.F[P-](F)(F)(F)(F)F,CHEMBL460395,permeability,%,27.0,permeability,%,27.0,caco2_permeability,Permeability,(cm/s),ChEMBL
F,CN(C)c1ccc(-c2cc(-c3ccc(N)cc3)[se+]c(-c3ccc(N)cc3)c2)cc1.F[P-](F)(F)(F)(F)F,CHEMBL460395,permeability,%,12.0,permeability,%,12.0,caco2_permeability,Permeability,(cm/s),ChEMBL
F,CN(C)c1ccc(-c2cc(-c3ccc(N)cc3)[se+]c(-c3ccc(N)cc3)c2)cc1.F[P-](F)(F)(F)(F)F,CHEMBL460395,permeability,%,14.0,permeability,%,14.0,caco2_permeability,Permeability,(cm/s),ChEMBL
F,CN(C)c1ccc(-c2cc(-c3ccc(N)cc3)[se+]c(-c3ccc(N)cc3)c2)cc1.F[P-](F)(F)(F)(F)F,CHEMBL460395,permeability,%,10.0,permeability,%,10.0,caco2_permeability,Permeability,(cm/s),ChEMBL
F,CN(C)c1ccc(-c2cc(-c3ccc(N)cc3)[s+]c(-c3ccc(N(C)C)cc3)c2)cc1.F[P-](F)(F)(F)(F)F,CHEMBL462522,permeability,nm/s,53.0,permeability,nm/s,53.0,caco2_permeability,Permeability,(cm/s),ChEMBL
F,CN(C)c1ccc(-c2cc(-c3ccc(N)cc3)[s+]c(-c3ccc(N(C)C)cc3)c2)cc1.F[P-](F)(F)(F)(F)F,CHEMBL462522,permeability,nm/s,42.0,permeability,nm/s,42.0,caco2_permeability,Permeability,(cm/s),ChEMBL
F,CN(C)c1ccc(-c2cc(-c3ccc(N)cc3)[s+]c(-c3ccc(N(C)C)cc3)c2)cc1.F[P-](F)(F)(F)(F)F,CHEMBL462522,permeability,%,55.0,permeability,%,55.0,caco2_permeability,Permeability,(cm/s),ChEMBL
F,CN(C)c1ccc(-c2cc(-c3ccc(N)cc3)[s+]c(-c3ccc(N(C)C)cc3)c2)cc1.F[P-](F)(F)(F)(F)F,CHEMBL462522,permeability,%,19.0,permeability,%,19.0,caco2_permeability,Permeability,(cm/s),ChEMBL
F,CN(C)c1ccc(-c2cc(-c3ccc(N)cc3)[s+]c(-c3ccc(N(C)C)cc3)c2)cc1.F[P-](F)(F)(F)(F)F,CHEMBL462522,permeability,%,16.0,permeability,%,16.0,caco2_permeability,Permeability,(cm/s),ChEMBL
F,CN(C)c1ccc(-c2cc(-c3ccc(N)cc3)[s+]c(-c3ccc(N(C)C)cc3)c2)cc1.F[P-](F)(F)(F)(F)F,CHEMBL462522,permeability,%,17.0,permeability,%,17.0,caco2_permeability,Permeability,(cm/s),ChEMBL
F,Cc1cc(C)c(-c2cc(-c3ccc(N(C)C)cc3)[te+]c(-c3ccc(N(C)C)cc3)c2)c(C)c1.F[P-](F)(F)(F)(F)F,CHEMBL457023,permeability,nm/s,8.5,permeability,nm/s,8.5,caco2_permeability,Permeability,(cm/s),ChEMBL
F,Cc1cc(C)c(-c2cc(-c3ccc(N(C)C)cc3)[te+]c(-c3ccc(N(C)C)cc3)c2)c(C)c1.F[P-](F)(F)(F)(F)F,CHEMBL457023,permeability,nm/s,4.2,permeability,nm/s,4.2,caco2_permeability,Permeability,(cm/s),ChEMBL
F,Cc1cc(C)c(-c2cc(-c3ccc(N(C)C)cc3)[te+]c(-c3ccc(N(C)C)cc3)c2)c(C)c1.F[P-](F)(F)(F)(F)F,CHEMBL457023,permeability,%,7.0,permeability,%,7.0,caco2_permeability,Permeability,(cm/s),ChEMBL
F,Cc1cc(C)c(-c2cc(-c3ccc(N(C)C)cc3)[te+]c(-c3ccc(N(C)C)cc3)c2)c(C)c1.F[P-](F)(F)(F)(F)F,CHEMBL457023,permeability,%,3.0,permeability,%,3.0,caco2_permeability,Permeability,(cm/s),ChEMBL
F,Cc1cc(C)c(-c2cc(-c3ccc(N(C)C)cc3)[te+]c(-c3ccc(N(C)C)cc3)c2)c(C)c1.F[P-](F)(F)(F)(F)F,CHEMBL457023,permeability,%,7.0,permeability,%,7.0,caco2_permeability,Permeability,(cm/s),ChEMBL
F,Cc1cc(C)c(-c2cc(-c3ccc(N(C)C)cc3)[te+]c(-c3ccc(N(C)C)cc3)c2)c(C)c1.F[P-](F)(F)(F)(F)F,CHEMBL457023,permeability,%,5.0,permeability,%,5.0,caco2_permeability,Permeability,(cm/s),ChEMBL
A,CSc1ccc(Oc2ccc(S(N)(=O)=O)cc2CN(C)C)cc1,CHEMBL505147,permeability,%/hr,40.0,permeability,%/hr,40.0,caco2_permeability,Permeability,(cm/s),ChEMBL
A,CNCc1cc(S(=O)(=O)N(C)CCO)ccc1Oc1ccc([S+](C)[O-])cc1,CHEMBL523315,permeability,%/hr,9.0,permeability,%/hr,9.0,caco2_permeability,Permeability,(cm/s),ChEMBL
A,CSc1ccc(Oc2ccc(S(N)(=O)=O)cc2CN(C)C)cc1,CHEMBL505147,permeability,%/hr,41.0,permeability,%/hr,41.0,caco2_permeability,Permeability,(cm/s),ChEMBL
A,CNCc1cc(S(=O)(=O)N(C)CCO)ccc1Oc1ccc([S+](C)[O-])cc1,CHEMBL523315,permeability,%/hr,15.0,permeability,%/hr,15.0,caco2_permeability,Permeability,(cm/s),ChEMBL
A,COc1ccc(CN(C)C)c(-c2cc3c(Nc4ccc5[nH]ccc5c4C)c(C#N)cnc3s2)c1,CHEMBL479835,permeability,10'-6 cm/s,1.04,permeability,10'-6 cm/s,1.04,caco2_permeability,Permeability,(cm/s),ChEMBL
A,COC[C@H]1CCCN1c1cc(NC(C)=O)nc(-n2nc(C)cc2C)n1,CHEMBL458224,permeability,10'-6 cm/s,70.0,permeability,10'-6 cm/s,70.0,caco2_permeability,Permeability,(cm/s),ChEMBL
A,O=C1CC2(CCN(C(=O)c3cc(-c4ccccc4)nc(-c4ccccc4)c3)CC2)Oc2ccc(N3CCCC3=O)cc21,CHEMBL503960,permeability,10'-6 cm/s,26.76,permeability,10'-6 cm/s,26.76,caco2_permeability,Permeability,(cm/s),ChEMBL
A,Cc1cc(Cc2ccc(Cl)c(Oc3cc(C#N)cc(C#N)c3)c2F)n[nH]c1=O,CHEMBL518958,permeability,10'-6 cm/s,19.0,permeability,10'-6 cm/s,19.0,caco2_permeability,Permeability,(cm/s),ChEMBL
A,Nc1ncnc2c1ncn2[C@@H]1O[C@H](CO)[C@@H](O)[C@@H]1O,CHEMBL1090,permeability,10'6cm/s,0.083,permeability,10'6cm/s,0.083,caco2_permeability,Permeability,(cm/s),ChEMBL
A,CC[C@H](C)[C@H](N)C(=O)OC[C@H]1O[C@@H](n2cnc3c(N)ncnc32)[C@@H](O)[C@@H]1O,CHEMBL515278,permeability,10'6cm/s,1.026,permeability,10'6cm/s,1.026,caco2_permeability,Permeability,(cm/s),ChEMBL
A,CC(C)[C@@H](N)C(=O)OC[C@H]1O[C@@H](n2cnc3c(N)ncnc32)[C@@H](O)[C@@H]1O,CHEMBL475035,permeability,10'6cm/s,0.601,permeability,10'6cm/s,0.601,caco2_permeability,Permeability,(cm/s),ChEMBL
A,Nc1ncnc2c1ncn2[C@@H]1O[C@H](COC(=O)[C@@H](N)Cc2ccccc2)[C@@H](O)[C@@H]1O,CHEMBL474055,permeability,10'6cm/s,0.668,permeability,10'6cm/s,0.668,caco2_permeability,Permeability,(cm/s),ChEMBL
A,CC(Oc1ccc(CN2C[C@@H](C)OC2=O)cc1)C1CCCCC1,CHEMBL484340,permeability,10'-6 cm/s,10.0,permeability,10'-6 cm/s,10.0,caco2_permeability,Permeability,(cm/s),ChEMBL
A,CN(C)c1ccc2c(-c3ccc(CCl)cc3)c3ccc(=[N+](C)C)cc-3oc2c1.[Br-],CHEMBL541167,permeability,nm/s,3.0,permeability,nm/s,3.0,caco2_permeability,Permeability,(cm/s),ChEMBL
A,CN(C)c1ccc2c(-c3ccc(CCl)cc3)c3ccc(=[N+](C)C)cc-3oc2c1.[Br-],CHEMBL541167,permeability,nm/s,14.0,permeability,nm/s,14.0,caco2_permeability,Permeability,(cm/s),ChEMBL
A,CN(C)c1ccc2c(-c3ccc(CCl)cc3)c3ccc(=[N+](C)C)cc-3oc2c1.[Br-],CHEMBL541167,permeability,nm/s,1010.0,permeability,nm/s,1010.0,caco2_permeability,Permeability,(cm/s),ChEMBL
A,CN(C)c1ccc2c(-c3ccc(CCl)cc3)c3ccc(=[N+](C)C)cc-3oc2c1.[Br-],CHEMBL541167,permeability,nm/s,21.0,permeability,nm/s,21.0,caco2_permeability,Permeability,(cm/s),ChEMBL
A,CN(C)c1ccc2c(-c3ccc(C(N)=O)s3)c3ccc(=[N+](C)C)cc-3sc2c1.F[P-](F)(F)(F)(F)F,CHEMBL524129,permeability,nm/s,20.0,permeability,nm/s,20.0,caco2_permeability,Permeability,(cm/s),ChEMBL
A,COc1ccc(-c2c3ccc(=[N+](C)C)cc-3sc3cc(N(C)C)ccc23)cc1.F[P-](F)(F)(F)(F)F,CHEMBL490909,permeability,nm/s,116.0,permeability,nm/s,116.0,caco2_permeability,Permeability,(cm/s),ChEMBL
A,C[N+](C)=c1ccc2c(-c3ccc(C(=S)N4CCCCC4)s3)c3cc4c5c(c3sc-2c1)CCCN5CCC4.F[P-](F)(F)(F)(F)F,CHEMBL450642,permeability,nm/s,0.8,permeability,nm/s,0.8,caco2_permeability,Permeability,(cm/s),ChEMBL
A,CN(C)c1ccc2c(-c3ccc(C(=S)N4CCCCC4)s3)c3ccc(=[N+](C)C)cc-3[se]c2c1.F[P-](F)(F)(F)(F)F,CHEMBL492602,permeability,nm/s,1.1,permeability,nm/s,1.1,caco2_permeability,Permeability,(cm/s),ChEMBL
A,CN(C)c1ccc2c(-c3ccc(C(=S)N4CCCCC4)s3)c3ccc(=[N+](C)C)cc-3sc2c1.F[P-](F)(F)(F)(F)F,CHEMBL495469,permeability,nm/s,1.5,permeability,nm/s,1.5,caco2_permeability,Permeability,(cm/s),ChEMBL
A,CCN(CC)C(=O)c1ccc(-c2c3ccc(=[N+](C)C)cc-3[se]c3cc(N(C)C)ccc23)s1.F[P-](F)(F)(F)(F)F,CHEMBL457061,permeability,nm/s,101.0,permeability,nm/s,101.0,caco2_permeability,Permeability,(cm/s),ChEMBL
A,CN(C)c1ccc2c(-c3ccc(C(=O)O)s3)c3ccc(=[N+](C)C)cc-3[se]c2c1.F[P-](F)(F)(F)(F)F,CHEMBL491928,permeability,nm/s,45.0,permeability,nm/s,45.0,caco2_permeability,Permeability,(cm/s),ChEMBL
A,COc1ccc(-c2c3ccc(=[N+](C)C)cc-3[se]c3cc(N(C)C)ccc23)cc1OC.F[P-](F)(F)(F)(F)F,CHEMBL491113,permeability,nm/s,131.0,permeability,nm/s,131.0,caco2_permeability,Permeability,(cm/s),ChEMBL
A,COc1ccc(-c2c3ccc(=[N+](C)C)cc-3sc3cc(N(C)C)ccc23)cc1OC.F[P-](F)(F)(F)(F)F,CHEMBL491942,permeability,nm/s,118.0,permeability,nm/s,118.0,caco2_permeability,Permeability,(cm/s),ChEMBL
A,COc1cccc(-c2c3ccc(=[N+](C)C)cc-3sc3cc(N(C)C)ccc23)c1.[Br-],CHEMBL491100,permeability,nm/s,169.0,permeability,nm/s,169.0,caco2_permeability,Permeability,(cm/s),ChEMBL
A,C[N+](C)=c1ccc2c(-c3ccccc3)c3cc4c5c(c3[se]c-2c1)CCCN5CCC4.F[P-](F)(F)(F)(F)F,CHEMBL490121,permeability,nm/s,16.0,permeability,nm/s,16.0,caco2_permeability,Permeability,(cm/s),ChEMBL
A,C[N+](C)=c1ccc2c(-c3ccccc3)c3cc4c5c(c3sc-2c1)CCCN5CCC4.F[P-](F)(F)(F)(F)F,CHEMBL523281,permeability,nm/s,0.8,permeability,nm/s,0.8,caco2_permeability,Permeability,(cm/s),ChEMBL
A,CN(C)c1ccc2c(-c3ccccc3)c3ccc(=[N+](C)C)cc-3sc2c1.[Br-],CHEMBL510624,permeability,nm/s,6.0,permeability,nm/s,6.0,caco2_permeability,Permeability,(cm/s),ChEMBL
A,CN(C)c1ccc2c(-c3ccc(C(N)=O)s3)c3ccc(=[N+](C)C)cc-3sc2c1.F[P-](F)(F)(F)(F)F,CHEMBL524129,permeability,nm/s,12.0,permeability,nm/s,12.0,caco2_permeability,Permeability,(cm/s),ChEMBL
A,COc1ccc(-c2c3ccc(=[N+](C)C)cc-3sc3cc(N(C)C)ccc23)cc1.F[P-](F)(F)(F)(F)F,CHEMBL490909,permeability,nm/s,39.0,permeability,nm/s,39.0,caco2_permeability,Permeability,(cm/s),ChEMBL
A,C[N+](C)=c1ccc2c(-c3ccc(C(=S)N4CCCCC4)s3)c3cc4c5c(c3sc-2c1)CCCN5CCC4.F[P-](F)(F)(F)(F)F,CHEMBL450642,permeability,nm/s,0.8,permeability,nm/s,0.8,caco2_permeability,Permeability,(cm/s),ChEMBL
A,CN(C)c1ccc2c(-c3ccc(C(=S)N4CCCCC4)s3)c3ccc(=[N+](C)C)cc-3[se]c2c1.F[P-](F)(F)(F)(F)F,CHEMBL492602,permeability,nm/s,1.3,permeability,nm/s,1.3,caco2_permeability,Permeability,(cm/s),ChEMBL
A,CN(C)c1ccc2c(-c3ccc(C(=S)N4CCCCC4)s3)c3ccc(=[N+](C)C)cc-3sc2c1.F[P-](F)(F)(F)(F)F,CHEMBL495469,permeability,nm/s,1.8,permeability,nm/s,1.8,caco2_permeability,Permeability,(cm/s),ChEMBL
A,CCN(CC)C(=O)c1ccc(-c2c3ccc(=[N+](C)C)cc-3[se]c3cc(N(C)C)ccc23)s1.F[P-](F)(F)(F)(F)F,CHEMBL457061,permeability,nm/s,63.0,permeability,nm/s,63.0,caco2_permeability,Permeability,(cm/s),ChEMBL
A,CN(C)c1ccc2c(-c3ccc(C(=O)O)s3)c3ccc(=[N+](C)C)cc-3[se]c2c1.F[P-](F)(F)(F)(F)F,CHEMBL491928,permeability,nm/s,16.0,permeability,nm/s,16.0,caco2_permeability,Permeability,(cm/s),ChEMBL
A,COc1ccc(-c2c3ccc(=[N+](C)C)cc-3[se]c3cc(N(C)C)ccc23)cc1OC.F[P-](F)(F)(F)(F)F,CHEMBL491113,permeability,nm/s,31.0,permeability,nm/s,31.0,caco2_permeability,Permeability,(cm/s),ChEMBL
A,COc1ccc(-c2c3ccc(=[N+](C)C)cc-3sc3cc(N(C)C)ccc23)cc1OC.F[P-](F)(F)(F)(F)F,CHEMBL491942,permeability,nm/s,48.0,permeability,nm/s,48.0,caco2_permeability,Permeability,(cm/s),ChEMBL
A,COc1cccc(-c2c3ccc(=[N+](C)C)cc-3sc3cc(N(C)C)ccc23)c1.[Br-],CHEMBL491100,permeability,nm/s,59.0,permeability,nm/s,59.0,caco2_permeability,Permeability,(cm/s),ChEMBL
A,C[N+](C)=c1ccc2c(-c3ccccc3)c3cc4c5c(c3[se]c-2c1)CCCN5CCC4.F[P-](F)(F)(F)(F)F,CHEMBL490121,permeability,nm/s,13.0,permeability,nm/s,13.0,caco2_permeability,Permeability,(cm/s),ChEMBL
A,C[N+](C)=c1ccc2c(-c3ccccc3)c3cc4c5c(c3sc-2c1)CCCN5CCC4.F[P-](F)(F)(F)(F)F,CHEMBL523281,permeability,nm/s,3.3,permeability,nm/s,3.3,caco2_permeability,Permeability,(cm/s),ChEMBL
A,CN(C)c1ccc2c(-c3ccccc3)c3ccc(=[N+](C)C)cc-3sc2c1.[Br-],CHEMBL510624,permeability,nm/s,30.0,permeability,nm/s,30.0,caco2_permeability,Permeability,(cm/s),ChEMBL
A,CN(C)c1ccc2c(-c3ccc(C(N)=O)s3)c3ccc(=[N+](C)C)cc-3sc2c1.F[P-](F)(F)(F)(F)F,CHEMBL524129,permeability,nm/s,73.0,permeability,nm/s,73.0,caco2_permeability,Permeability,(cm/s),ChEMBL
A,COc1ccc(-c2c3ccc(=[N+](C)C)cc-3sc3cc(N(C)C)ccc23)cc1.F[P-](F)(F)(F)(F)F,CHEMBL490909,permeability,nm/s,530.0,permeability,nm/s,530.0,caco2_permeability,Permeability,(cm/s),ChEMBL
A,C[N+](C)=c1ccc2c(-c3ccc(C(=S)N4CCCCC4)s3)c3cc4c5c(c3sc-2c1)CCCN5CCC4.F[P-](F)(F)(F)(F)F,CHEMBL450642,permeability,nm/s,50.0,permeability,nm/s,50.0,caco2_permeability,Permeability,(cm/s),ChEMBL
A,CN(C)c1ccc2c(-c3ccc(C(=S)N4CCCCC4)s3)c3ccc(=[N+](C)C)cc-3[te]c2c1.F[P-](F)(F)(F)(F)F,CHEMBL522826,permeability,nm/s,22.0,permeability,nm/s,22.0,caco2_permeability,Permeability,(cm/s),ChEMBL
A,CN(C)c1ccc2c(-c3ccc(C(=S)N4CCCCC4)s3)c3ccc(=[N+](C)C)cc-3[se]c2c1.F[P-](F)(F)(F)(F)F,CHEMBL492602,permeability,nm/s,41.0,permeability,nm/s,41.0,caco2_permeability,Permeability,(cm/s),ChEMBL
A,CN(C)c1ccc2c(-c3ccc(C(=S)N4CCCCC4)s3)c3ccc(=[N+](C)C)cc-3sc2c1.F[P-](F)(F)(F)(F)F,CHEMBL495469,permeability,nm/s,80.0,permeability,nm/s,80.0,caco2_permeability,Permeability,(cm/s),ChEMBL
A,CCN(CC)C(=O)c1ccc(-c2c3ccc(=[N+](C)C)cc-3[se]c3cc(N(C)C)ccc23)s1.F[P-](F)(F)(F)(F)F,CHEMBL457061,permeability,nm/s,424.0,permeability,nm/s,424.0,caco2_permeability,Permeability,(cm/s),ChEMBL
A,CN(C)c1ccc2c(-c3ccc(C(=O)O)s3)c3ccc(=[N+](C)C)cc-3[se]c2c1.F[P-](F)(F)(F)(F)F,CHEMBL491928,permeability,nm/s,200.0,permeability,nm/s,200.0,caco2_permeability,Permeability,(cm/s),ChEMBL
A,COc1ccc(-c2c3ccc(=[N+](C)C)cc-3[se]c3cc(N(C)C)ccc23)cc1OC.F[P-](F)(F)(F)(F)F,CHEMBL491113,permeability,nm/s,340.0,permeability,nm/s,340.0,caco2_permeability,Permeability,(cm/s),ChEMBL
A,COc1ccc(-c2c3ccc(=[N+](C)C)cc-3sc3cc(N(C)C)ccc23)cc1OC.F[P-](F)(F)(F)(F)F,CHEMBL491942,permeability,nm/s,653.0,permeability,nm/s,653.0,caco2_permeability,Permeability,(cm/s),ChEMBL
A,COc1cccc(-c2c3ccc(=[N+](C)C)cc-3sc3cc(N(C)C)ccc23)c1.[Br-],CHEMBL491100,permeability,nm/s,693.0,permeability,nm/s,693.0,caco2_permeability,Permeability,(cm/s),ChEMBL
A,C[N+](C)=c1ccc2c(-c3ccccc3)c3cc4c5c(c3[se]c-2c1)CCCN5CCC4.F[P-](F)(F)(F)(F)F,CHEMBL490121,permeability,nm/s,250.0,permeability,nm/s,250.0,caco2_permeability,Permeability,(cm/s),ChEMBL
A,C[N+](C)=c1ccc2c(-c3ccccc3)c3cc4c5c(c3sc-2c1)CCCN5CCC4.F[P-](F)(F)(F)(F)F,CHEMBL523281,permeability,nm/s,360.0,permeability,nm/s,360.0,caco2_permeability,Permeability,(cm/s),ChEMBL
A,CN(C)c1ccc2c(-c3ccccc3)c3ccc(=[N+](C)C)cc-3sc2c1.[Br-],CHEMBL510624,permeability,nm/s,900.0,permeability,nm/s,900.0,caco2_permeability,Permeability,(cm/s),ChEMBL
A,CN(C)c1ccc2c(-c3ccc(C(=S)N4CCCCC4)s3)c3ccc(=[N+](C)C)cc-3[te]c2c1.F[P-](F)(F)(F)(F)F,CHEMBL522826,permeability,nm/s,0.9,permeability,nm/s,0.9,caco2_permeability,Permeability,(cm/s),ChEMBL
A,CN(C)c1ccc2c(-c3ccc(C(N)=O)s3)c3ccc(=[N+](C)C)cc-3sc2c1.F[P-](F)(F)(F)(F)F,CHEMBL524129,permeability,nm/s,9.0,permeability,nm/s,9.0,caco2_permeability,Permeability,(cm/s),ChEMBL
A,COc1ccc(-c2c3ccc(=[N+](C)C)cc-3sc3cc(N(C)C)ccc23)cc1.F[P-](F)(F)(F)(F)F,CHEMBL490909,permeability,nm/s,18.0,permeability,nm/s,18.0,caco2_permeability,Permeability,(cm/s),ChEMBL
A,C[N+](C)=c1ccc2c(-c3ccc(C(=S)N4CCCCC4)s3)c3cc4c5c(c3sc-2c1)CCCN5CCC4.F[P-](F)(F)(F)(F)F,CHEMBL450642,permeability,nm/s,1.6,permeability,nm/s,1.6,caco2_permeability,Permeability,(cm/s),ChEMBL
A,CN(C)c1ccc2c(-c3ccc(C(=S)N4CCCCC4)s3)c3ccc(=[N+](C)C)cc-3[te]c2c1.F[P-](F)(F)(F)(F)F,CHEMBL522826,permeability,nm/s,2.0,permeability,nm/s,2.0,caco2_permeability,Permeability,(cm/s),ChEMBL
A,CN(C)c1ccc2c(-c3ccc(C(=S)N4CCCCC4)s3)c3ccc(=[N+](C)C)cc-3[se]c2c1.F[P-](F)(F)(F)(F)F,CHEMBL492602,permeability,nm/s,2.9,permeability,nm/s,2.9,caco2_permeability,Permeability,(cm/s),ChEMBL
A,CN(C)c1ccc2c(-c3ccc(C(=S)N4CCCCC4)s3)c3ccc(=[N+](C)C)cc-3sc2c1.F[P-](F)(F)(F)(F)F,CHEMBL495469,permeability,nm/s,3.9,permeability,nm/s,3.9,caco2_permeability,Permeability,(cm/s),ChEMBL
A,CCN(CC)C(=O)c1ccc(-c2c3ccc(=[N+](C)C)cc-3[se]c3cc(N(C)C)ccc23)s1.F[P-](F)(F)(F)(F)F,CHEMBL457061,permeability,nm/s,29.0,permeability,nm/s,29.0,caco2_permeability,Permeability,(cm/s),ChEMBL
A,CN(C)c1ccc2c(-c3ccc(C(=O)O)s3)c3ccc(=[N+](C)C)cc-3[se]c2c1.F[P-](F)(F)(F)(F)F,CHEMBL491928,permeability,nm/s,28.0,permeability,nm/s,28.0,caco2_permeability,Permeability,(cm/s),ChEMBL
A,COc1ccc(-c2c3ccc(=[N+](C)C)cc-3[se]c3cc(N(C)C)ccc23)cc1OC.F[P-](F)(F)(F)(F)F,CHEMBL491113,permeability,nm/s,15.0,permeability,nm/s,15.0,caco2_permeability,Permeability,(cm/s),ChEMBL
A,COc1ccc(-c2c3ccc(=[N+](C)C)cc-3sc3cc(N(C)C)ccc23)cc1OC.F[P-](F)(F)(F)(F)F,CHEMBL491942,permeability,nm/s,26.0,permeability,nm/s,26.0,caco2_permeability,Permeability,(cm/s),ChEMBL
A,COc1cccc(-c2c3ccc(=[N+](C)C)cc-3sc3cc(N(C)C)ccc23)c1.[Br-],CHEMBL491100,permeability,nm/s,30.0,permeability,nm/s,30.0,caco2_permeability,Permeability,(cm/s),ChEMBL
A,C[N+](C)=c1ccc2c(-c3ccccc3)c3cc4c5c(c3[se]c-2c1)CCCN5CCC4.F[P-](F)(F)(F)(F)F,CHEMBL490121,permeability,nm/s,12.0,permeability,nm/s,12.0,caco2_permeability,Permeability,(cm/s),ChEMBL
A,C[N+](C)=c1ccc2c(-c3ccccc3)c3cc4c5c(c3sc-2c1)CCCN5CCC4.F[P-](F)(F)(F)(F)F,CHEMBL523281,permeability,nm/s,11.0,permeability,nm/s,11.0,caco2_permeability,Permeability,(cm/s),ChEMBL
A,CN(C)c1ccc2c(-c3ccccc3)c3ccc(=[N+](C)C)cc-3sc2c1.[Br-],CHEMBL510624,permeability,nm/s,39.0,permeability,nm/s,39.0,caco2_permeability,Permeability,(cm/s),ChEMBL
A,CN(C)c1ccc2c(-c3ccc(C(=S)N4CCCCC4)s3)c3ccc(=[N+](C)C)cc-3[te]c2c1.F[P-](F)(F)(F)(F)F,CHEMBL522826,permeability,nm/s,1.2,permeability,nm/s,1.2,caco2_permeability,Permeability,(cm/s),ChEMBL
A,COC(=O)N1CCC(CN(C2Cc3cc(C#N)ccc3N(Cc3cncn3C)C2)S(=O)(=O)c2ccccn2)CC1,CHEMBL232104,permeability,10'-6 cm/s,1.1,permeability,10'-6 cm/s,1.1,caco2_permeability,Permeability,(cm/s),ChEMBL
A,Cn1cnc(S(=O)(=O)N(Cc2ccc(C(F)(F)F)o2)C2Cc3cc(C#N)ccc3N(Cc3cncn3C)C2)c1,CHEMBL234579,permeability,10'-6 cm/s,0.7,permeability,10'-6 cm/s,0.7,caco2_permeability,Permeability,(cm/s),ChEMBL
A,Cn1cnc(S(=O)(=O)N(Cc2cccc(-n3cccc3)c2)C2Cc3cc(C#N)ccc3N(Cc3cncn3C)C2)c1,CHEMBL460522,permeability,10'-6 cm/s,0.2,permeability,10'-6 cm/s,0.2,caco2_permeability,Permeability,(cm/s),ChEMBL
A,Cn1cnc(S(=O)(=O)N(Cc2ccccn2)C2Cc3cc(C#N)ccc3N(Cc3cncn3C)C2)c1,CHEMBL393326,permeability,10'-6 cm/s,0.2,permeability,10'-6 cm/s,0.2,caco2_permeability,Permeability,(cm/s),ChEMBL
A,Cn1cnc(S(=O)(=O)N(CCn2cccc2)C2Cc3cc(C#N)ccc3N(Cc3cncn3C)C2)c1,CHEMBL234578,permeability,10'-6 cm/s,0.3,permeability,10'-6 cm/s,0.3,caco2_permeability,Permeability,(cm/s),ChEMBL
A,Cn1cncc1CN1CC(N(Cc2ccc(S(C)(=O)=O)cc2)S(=O)(=O)c2ccccn2)Cc2cc(C#N)ccc21,CHEMBL232526,permeability,10'-6 cm/s,0.2,permeability,10'-6 cm/s,0.2,caco2_permeability,Permeability,(cm/s),ChEMBL
A,Cn1cncc1CN1CC(N(Cc2cccc(-n3cccc3)c2)S(=O)(=O)c2ccccn2)Cc2cc(C#N)ccc21,CHEMBL392233,permeability,10'-6 cm/s,2.3,permeability,10'-6 cm/s,2.3,caco2_permeability,Permeability,(cm/s),ChEMBL
A,Cn1cncc1CN1CC(N(Cc2ccccn2)S(=O)(=O)c2ccccn2)Cc2cc(C#N)ccc21,CHEMBL192244,permeability,10'-6 cm/s,1.6,permeability,10'-6 cm/s,1.6,caco2_permeability,Permeability,(cm/s),ChEMBL
A,Cc1noc(C)c1CN(C1Cc2cc(C#N)ccc2N(Cc2cncn2C)C1)S(=O)(=O)c1ccccn1,CHEMBL394147,permeability,10'-6 cm/s,8.0,permeability,10'-6 cm/s,8.0,caco2_permeability,Permeability,(cm/s),ChEMBL
A,Cn1cncc1CN1CC(N(CCn2cccc2)S(=O)(=O)c2ccccn2)Cc2cc(C#N)ccc21,CHEMBL428712,permeability,10'-6 cm/s,12.4,permeability,10'-6 cm/s,12.4,caco2_permeability,Permeability,(cm/s),ChEMBL
A,CC(C)NCC(O)COc1cccc2ccccc12,CHEMBL27,permeability,10'-6 cm/s,28.9,permeability,10'-6 cm/s,28.9,caco2_permeability,Permeability,(cm/s),ChEMBL
A,CNC(=C[N+](=O)[O-])NCCSCc1ccc(CN(C)C)o1,CHEMBL1790041,permeability,10'-6 cm/s,0.3,permeability,10'-6 cm/s,0.3,caco2_permeability,Permeability,(cm/s),ChEMBL
A,CC[C@]1(O)C[C@@H]2CN(CCc3c([nH]c4ccccc34)[C@@](C(=O)OC)(c3cc4c(cc3OC)N(C)[C@H]3[C@@](O)(C(=O)OC)[C@H](OC(C)=O)[C@]5(CC)C=CCN6CC[C@]43[C@@H]65)C2)C1,CHEMBL159,permeability,10'-6 cm/s,0.1,permeability,10'-6 cm/s,0.1,caco2_permeability,Permeability,(cm/s),ChEMBL
A,CC(C)COC(=O)N1CCC(CN(C2Cc3cc(C#N)ccc3N(Cc3cncn3C)C2)S(=O)(=O)c2ccccn2)CC1,CHEMBL392237,permeability,10'-6 cm/s,7.5,permeability,10'-6 cm/s,7.5,caco2_permeability,Permeability,(cm/s),ChEMBL
A,Cn1cncc1CN1CC(N(CC2CCN(C(=O)OC(C)(C)C)CC2)S(=O)(=O)c2ccccn2)Cc2cc(C#N)ccc21,CHEMBL231662,permeability,10'-6 cm/s,15.5,permeability,10'-6 cm/s,15.5,caco2_permeability,Permeability,(cm/s),ChEMBL
A,CCOC(=O)N1CCC(CN(C2Cc3cc(C#N)ccc3N(Cc3cncn3C)C2)S(=O)(=O)c2ccccn2)CC1,CHEMBL232523,permeability,10'-6 cm/s,2.6,permeability,10'-6 cm/s,2.6,caco2_permeability,Permeability,(cm/s),ChEMBL
A,CC(=O)N1CCC(CN(C2Cc3cc(C#N)ccc3N(Cc3cncn3C)C2)S(=O)(=O)c2ccccn2)CC1,CHEMBL233941,permeability,10'-6 cm/s,0.5,permeability,10'-6 cm/s,0.5,caco2_permeability,Permeability,(cm/s),ChEMBL
A,CCC(=O)N1CCC(CN(C2Cc3cc(C#N)ccc3N(Cc3cncn3C)C2)S(=O)(=O)c2ccccn2)CC1,CHEMBL429443,permeability,10'-6 cm/s,0.5,permeability,10'-6 cm/s,0.5,caco2_permeability,Permeability,(cm/s),ChEMBL
A,CC(C)C(=O)N1CCC(CN(C2Cc3cc(C#N)ccc3N(Cc3cncn3C)C2)S(=O)(=O)c2ccccn2)CC1,CHEMBL399827,permeability,10'-6 cm/s,0.5,permeability,10'-6 cm/s,0.5,caco2_permeability,Permeability,(cm/s),ChEMBL
A,Cn1cncc1CN1CC(N(CC2CCN(C(=O)C(C)(C)C)CC2)S(=O)(=O)c2ccccn2)Cc2cc(C#N)ccc21,CHEMBL394085,permeability,10'-6 cm/s,0.5,permeability,10'-6 cm/s,0.5,caco2_permeability,Permeability,(cm/s),ChEMBL
A,Cn1cncc1CN1CC(N(CC2CCN(C(=O)CC(C)(C)C)CC2)S(=O)(=O)c2ccccn2)Cc2cc(C#N)ccc21,CHEMBL394086,permeability,10'-6 cm/s,0.5,permeability,10'-6 cm/s,0.5,caco2_permeability,Permeability,(cm/s),ChEMBL
A,CCCC(=O)N1CCC(CN(C2Cc3cc(C#N)ccc3N(Cc3cncn3C)C2)S(=O)(=O)c2ccccn2)CC1,CHEMBL234151,permeability,10'-6 cm/s,0.5,permeability,10'-6 cm/s,0.5,caco2_permeability,Permeability,(cm/s),ChEMBL
A,Cn1cncc1CN1CC(N(CC2CCN(C(=O)CNC(=O)OC(C)(C)C)CC2)S(=O)(=O)c2ccccn2)Cc2cc(C#N)ccc21,CHEMBL437565,permeability,10'-6 cm/s,0.5,permeability,10'-6 cm/s,0.5,caco2_permeability,Permeability,(cm/s),ChEMBL
A,CCNC(=O)N1CCC(CN(C2Cc3cc(C#N)ccc3N(Cc3cncn3C)C2)S(=O)(=O)c2ccccn2)CC1,CHEMBL393970,permeability,10'-6 cm/s,0.6,permeability,10'-6 cm/s,0.6,caco2_permeability,Permeability,(cm/s),ChEMBL
A,Cn1cncc1CN1CC(N(CC2CCN(C(=O)c3ccccc3)CC2)S(=O)(=O)c2ccccn2)Cc2cc(C#N)ccc21,CHEMBL394407,permeability,10'-6 cm/s,0.5,permeability,10'-6 cm/s,0.5,caco2_permeability,Permeability,(cm/s),ChEMBL
A,Cn1cncc1CN1CC(N(CC2CCN(C(=O)c3ccc(Cl)cc3)CC2)S(=O)(=O)c2ccccn2)Cc2cc(C#N)ccc21,CHEMBL234359,permeability,10'-6 cm/s,0.5,permeability,10'-6 cm/s,0.5,caco2_permeability,Permeability,(cm/s),ChEMBL
A,Cn1cncc1CN1CC(N(CC2CCN(C(=O)c3ccco3)CC2)S(=O)(=O)c2ccccn2)Cc2cc(C#N)ccc21,CHEMBL394696,permeability,10'-6 cm/s,0.5,permeability,10'-6 cm/s,0.5,caco2_permeability,Permeability,(cm/s),ChEMBL
A,Cn1cncc1CN1CC(N(CC2CCN(C(=O)c3cccs3)CC2)S(=O)(=O)c2ccccn2)Cc2cc(C#N)ccc21,CHEMBL392235,permeability,10'-6 cm/s,0.5,permeability,10'-6 cm/s,0.5,caco2_permeability,Permeability,(cm/s),ChEMBL
A,Cn1cncc1CN1CC(N(CC2CCN(C(=O)C3CC3)CC2)S(=O)(=O)c2ccccn2)Cc2cc(C#N)ccc21,CHEMBL265603,permeability,10'-6 cm/s,0.5,permeability,10'-6 cm/s,0.5,caco2_permeability,Permeability,(cm/s),ChEMBL
A,Cn1cncc1CN1CC(N(CC2CCN(C(=O)C3CCCC3)CC2)S(=O)(=O)c2ccccn2)Cc2cc(C#N)ccc21,CHEMBL411803,permeability,10'-6 cm/s,0.5,permeability,10'-6 cm/s,0.5,caco2_permeability,Permeability,(cm/s),ChEMBL
A,Cn1cncc1CN1CC(N(CC2CCN(C(=O)CC(F)(F)F)CC2)S(=O)(=O)c2ccccn2)Cc2cc(C#N)ccc21,CHEMBL232122,permeability,10'-6 cm/s,0.5,permeability,10'-6 cm/s,0.5,caco2_permeability,Permeability,(cm/s),ChEMBL
A,CC(C)NC(=O)N1CCC(CN(C2Cc3cc(C#N)ccc3N(Cc3cncn3C)C2)S(=O)(=O)c2ccccn2)CC1,CHEMBL231805,permeability,10'-6 cm/s,0.6,permeability,10'-6 cm/s,0.6,caco2_permeability,Permeability,(cm/s),ChEMBL
A,Cn1cncc1CN1CC(N(CC2CCN(S(C)(=O)=O)CC2)S(=O)(=O)c2ccccn2)Cc2cc(C#N)ccc21,CHEMBL233921,permeability,10'-6 cm/s,0.1,permeability,10'-6 cm/s,0.1,caco2_permeability,Permeability,(cm/s),ChEMBL
A,Cn1cncc1CN1CC(N(CC2CCN(C(=O)Nc3ccc(Br)cc3)CC2)S(=O)(=O)c2ccccn2)Cc2cc(C#N)ccc21,CHEMBL398057,permeability,10'-6 cm/s,0.6,permeability,10'-6 cm/s,0.6,caco2_permeability,Permeability,(cm/s),ChEMBL
A,Cn1cncc1CN1CC(N(CC2CCN(C(=O)OCc3ccccc3)CC2)S(=O)(=O)c2ccccn2)Cc2cc(C#N)ccc21,CHEMBL234796,permeability,10'-6 cm/s,1.0,permeability,10'-6 cm/s,1.0,caco2_permeability,Permeability,(cm/s),ChEMBL
A,C=C(C)C(=O)N1CCC(CN(C2Cc3cc(C#N)ccc3N(Cc3cncn3C)C2)S(=O)(=O)c2ccccn2)CC1,CHEMBL393371,permeability,10'-6 cm/s,0.5,permeability,10'-6 cm/s,0.5,caco2_permeability,Permeability,(cm/s),ChEMBL
A,Cn1cncc1CN1CC(N(CC2CCN(S(=O)(=O)c3ccccc3)CC2)S(=O)(=O)c2ccccn2)Cc2cc(C#N)ccc21,CHEMBL233718,permeability,10'-6 cm/s,0.1,permeability,10'-6 cm/s,0.1,caco2_permeability,Permeability,(cm/s),ChEMBL
A,CCS(=O)(=O)N1CCC(CN(C2Cc3cc(C#N)ccc3N(Cc3cncn3C)C2)S(=O)(=O)c2ccccn2)CC1,CHEMBL233922,permeability,10'-6 cm/s,0.1,permeability,10'-6 cm/s,0.1,caco2_permeability,Permeability,(cm/s),ChEMBL
A,CC(C)S(=O)(=O)N1CCC(CN(C2Cc3cc(C#N)ccc3N(Cc3cncn3C)C2)S(=O)(=O)c2ccccn2)CC1,CHEMBL233717,permeability,10'-6 cm/s,0.1,permeability,10'-6 cm/s,0.1,caco2_permeability,Permeability,(cm/s),ChEMBL
A,Cn1cncc1CN1CC(N(CC2CCN(C(=O)NC(C)(C)C)CC2)S(=O)(=O)c2ccccn2)Cc2cc(C#N)ccc21,CHEMBL231898,permeability,10'-6 cm/s,0.6,permeability,10'-6 cm/s,0.6,caco2_permeability,Permeability,(cm/s),ChEMBL
A,CC(C)OC(=O)N1CCC(CN(C2Cc3cc(C#N)ccc3N(Cc3cncn3C)C2)S(=O)(=O)c2ccccn2)CC1,CHEMBL392236,permeability,10'-6 cm/s,1.0,permeability,10'-6 cm/s,1.0,caco2_permeability,Permeability,(cm/s),ChEMBL
A,CN(C)C(=O)N1CCC(CN(C2Cc3cc(C#N)ccc3N(Cc3cncn3C)C2)S(=O)(=O)c2ccccn2)CC1,CHEMBL232484,permeability,10'-6 cm/s,0.6,permeability,10'-6 cm/s,0.6,caco2_permeability,Permeability,(cm/s),ChEMBL
A,Cn1cncc1CN1CC(N(CC2CCN(C(=O)N3CCCC3)CC2)S(=O)(=O)c2ccccn2)Cc2cc(C#N)ccc21,CHEMBL395217,permeability,10'-6 cm/s,0.6,permeability,10'-6 cm/s,0.6,caco2_permeability,Permeability,(cm/s),ChEMBL
A,Cn1cncc1CN1CC(N(CC2CCN(C(=O)N3CCCCC3)CC2)S(=O)(=O)c2ccccn2)Cc2cc(C#N)ccc21,CHEMBL234975,permeability,10'-6 cm/s,0.6,permeability,10'-6 cm/s,0.6,caco2_permeability,Permeability,(cm/s),ChEMBL
A,Cn1cnc(S(=O)(=O)N(Cc2ccc(C(F)(F)F)o2)C2Cc3cc(C#N)ccc3N(Cc3cncn3C)C2)c1,CHEMBL234579,permeability,10'-6 cm/s,72.5,permeability,10'-6 cm/s,72.5,caco2_permeability,Permeability,(cm/s),ChEMBL
A,Cn1cnc(S(=O)(=O)N(Cc2cccc(-n3cccc3)c2)C2Cc3cc(C#N)ccc3N(Cc3cncn3C)C2)c1,CHEMBL460522,permeability,10'-6 cm/s,52.1,permeability,10'-6 cm/s,52.1,caco2_permeability,Permeability,(cm/s),ChEMBL
A,Cn1cnc(S(=O)(=O)N(Cc2ccccn2)C2Cc3cc(C#N)ccc3N(Cc3cncn3C)C2)c1,CHEMBL393326,permeability,10'-6 cm/s,23.9,permeability,10'-6 cm/s,23.9,caco2_permeability,Permeability,(cm/s),ChEMBL
A,Cn1cnc(S(=O)(=O)N(CCn2cccc2)C2Cc3cc(C#N)ccc3N(Cc3cncn3C)C2)c1,CHEMBL234578,permeability,10'-6 cm/s,53.0,permeability,10'-6 cm/s,53.0,caco2_permeability,Permeability,(cm/s),ChEMBL
A,Cn1cncc1CN1CC(N(Cc2ccc(S(C)(=O)=O)cc2)S(=O)(=O)c2ccccn2)Cc2cc(C#N)ccc21,CHEMBL232526,permeability,10'-6 cm/s,50.1,permeability,10'-6 cm/s,50.1,caco2_permeability,Permeability,(cm/s),ChEMBL
A,Cn1cncc1CN1CC(N(Cc2cccc(-n3cccc3)c2)S(=O)(=O)c2ccccn2)Cc2cc(C#N)ccc21,CHEMBL392233,permeability,10'-6 cm/s,12.1,permeability,10'-6 cm/s,12.1,caco2_permeability,Permeability,(cm/s),ChEMBL
A,Cn1cncc1CN1CC(N(Cc2ccccn2)S(=O)(=O)c2ccccn2)Cc2cc(C#N)ccc21,CHEMBL192244,permeability,10'-6 cm/s,73.3,permeability,10'-6 cm/s,73.3,caco2_permeability,Permeability,(cm/s),ChEMBL
A,Cc1noc(C)c1CN(C1Cc2cc(C#N)ccc2N(Cc2cncn2C)C1)S(=O)(=O)c1ccccn1,CHEMBL394147,permeability,10'-6 cm/s,67.1,permeability,10'-6 cm/s,67.1,caco2_permeability,Permeability,(cm/s),ChEMBL
A,Cn1cncc1CN1CC(N(CCn2cccc2)S(=O)(=O)c2ccccn2)Cc2cc(C#N)ccc21,CHEMBL428712,permeability,10'-6 cm/s,45.5,permeability,10'-6 cm/s,45.5,caco2_permeability,Permeability,(cm/s),ChEMBL
A,CC(C)NCC(O)COc1cccc2ccccc12,CHEMBL27,permeability,10'-6 cm/s,83.4,permeability,10'-6 cm/s,83.4,caco2_permeability,Permeability,(cm/s),ChEMBL
A,CNC(=C[N+](=O)[O-])NCCSCc1ccc(CN(C)C)o1,CHEMBL1790041,permeability,10'-6 cm/s,5.6,permeability,10'-6 cm/s,5.6,caco2_permeability,Permeability,(cm/s),ChEMBL
A,CC[C@]1(O)C[C@@H]2CN(CCc3c([nH]c4ccccc34)[C@@](C(=O)OC)(c3cc4c(cc3OC)N(C)[C@H]3[C@@](O)(C(=O)OC)[C@H](OC(C)=O)[C@]5(CC)C=CCN6CC[C@]43[C@@H]65)C2)C1,CHEMBL159,permeability,10'-6 cm/s,41.9,permeability,10'-6 cm/s,41.9,caco2_permeability,Permeability,(cm/s),ChEMBL
A,CC(C)CNc1nc(C#N)nc(N2CCNCC2)c1N,CHEMBL474484,permeability,10'-6 cm/s,2.0,permeability,10'-6 cm/s,2.0,caco2_permeability,Permeability,(cm/s),ChEMBL
A,CC(C)CNc1nc(C#N)nc(N2CCOCC2)c1N,CHEMBL450061,permeability,10'-6 cm/s,27.0,permeability,10'-6 cm/s,27.0,caco2_permeability,Permeability,(cm/s),ChEMBL
A,Cn1cnc(S(=O)(=O)N2CCC(CN(C3Cc4cc(C#N)ccc4N(Cc4cncn4C)C3)S(=O)(=O)c3ccccn3)CC2)c1,CHEMBL233719,permeability,10'-6 cm/s,0.1,permeability,10'-6 cm/s,0.1,caco2_permeability,Permeability,(cm/s),ChEMBL
A,CC(C)c1onc(-c2c(Cl)cccc2Cl)c1COc1ccc(/C=C/c2cccc(C(=O)O)c2)c(Cl)c1,CHEMBL318457,permeability,10'-6 cm/s,0.0,permeability,10'-6 cm/s,0.0,caco2_permeability,Permeability,(cm/s),ChEMBL
A,CC(C)c1onc(-c2ccc(S(C)(=O)=O)cc2Cl)c1COc1ccc(/C=C/c2cccc(C(=O)O)c2)c(Cl)c1,CHEMBL466318,permeability,10'-6 cm/s,0.0,permeability,10'-6 cm/s,0.0,caco2_permeability,Permeability,(cm/s),ChEMBL
A,CC(C)c1onc(-c2c(Cl)cncc2Cl)c1COc1ccc(/C=C/c2cccc(C(=O)O)c2)c(Cl)c1,CHEMBL469135,permeability,10'-6 cm/s,0.09,permeability,10'-6 cm/s,0.09,caco2_permeability,Permeability,(cm/s),ChEMBL
A,Cc1cc(OCc2c(-c3c(Cl)cncc3Cl)noc2C(C)C)ccc1-c1ccc2c(C(=O)O)cn(C)c2c1,CHEMBL466323,permeability,10'-6 cm/s,0.19,permeability,10'-6 cm/s,0.19,caco2_permeability,Permeability,(cm/s),ChEMBL
A,Cc1cc(OCc2c(-c3c(Cl)c[n+]([O-])cc3Cl)noc2C(C)C)ccc1-c1ccc2c(C(=O)O)cn(C)c2c1,CHEMBL466523,permeability,10'-6 cm/s,587.0,permeability,10'-6 cm/s,587.0,caco2_permeability,Permeability,(cm/s),ChEMBL
A,COc1ccc(Cl)c(-c2noc(C(C)C)c2COc2ccc(-c3ccc4c(C(=O)O)cn(C)c4c3)c(C)c2)n1,CHEMBL466887,permeability,10'-6 cm/s,0.7,permeability,10'-6 cm/s,0.7,caco2_permeability,Permeability,(cm/s),ChEMBL
A,O=C([O-])c1cccc(Cc2cc(Cl)ccc2OCc2ccc(Cl)cc2F)n1.[Na+],CHEMBL467114,permeability,,0.9,permeability,,0.9,caco2_permeability,Permeability,(cm/s),ChEMBL
A,O=C([O-])c1cccc(Cc2cc(Cl)ccc2OCc2ccc(Cl)cc2F)n1.[Na+],CHEMBL467114,permeability,nm/s,700.0,permeability,nm/s,700.0,caco2_permeability,Permeability,(cm/s),ChEMBL
A,O[C@@H](CN1c2cccc(-c3cccc(OC(F)(F)F)c3)c2CC[C@@H]1c1cccc(OC(F)(F)F)c1)C(F)(F)F,CHEMBL490868,permeability,10'-6 cm/s,4.7,permeability,10'-6 cm/s,4.7,caco2_permeability,Permeability,(cm/s),ChEMBL
A,NCCC(=O)Nc1cccc2c1cnn2S(=O)(=O)c1cccc2ccccc12,CHEMBL484345,permeability,min,4.3,permeability,min,4.3,caco2_permeability,Permeability,(cm/s),ChEMBL
A,O=C(Nc1ccc2cnn(S(=O)(=O)c3cccc4ccccc34)c2c1)C1CCNCC1,CHEMBL482562,permeability,min,1.6,permeability,min,1.6,caco2_permeability,Permeability,(cm/s),ChEMBL
A,O=C(Nc1ccc2cnn(S(=O)(=O)c3cccc4ccccc34)c2c1)C1CCCNC1,CHEMBL520129,permeability,min,3.8,permeability,min,3.8,caco2_permeability,Permeability,(cm/s),ChEMBL
A,C[C@H](CC(=O)O)Nc1nccc(-c2c[nH]nc2-c2ccc(Cl)cc2)n1,CHEMBL484341,permeability,10'-6 cm/s,0.3,permeability,10'-6 cm/s,0.3,caco2_permeability,Permeability,(cm/s),ChEMBL
A,C[C@H](CC(=O)O)Nc1nccc(-c2c[nH]nc2-c2ccc(Cl)cc2)n1,CHEMBL484341,permeability,10'-6 cm/s,13.2,permeability,10'-6 cm/s,13.2,caco2_permeability,Permeability,(cm/s),ChEMBL
A,CC[C@H](C)CN1C(=O)c2ccccc2[C@@H](C(=O)O)[C@@H]1c1cc2ccccc2o1,CHEMBL485328,permeability,10'-6 cm/s,12.0,permeability,10'-6 cm/s,12.0,caco2_permeability,Permeability,(cm/s),ChEMBL
A,CC[C@H](C)CN1C(=O)c2ccccc2[C@@H](C(=O)O)[C@@H]1c1cc2ccccc2o1,CHEMBL485328,permeability,10'-6 cm/s,18.7,permeability,10'-6 cm/s,18.7,caco2_permeability,Permeability,(cm/s),ChEMBL
A,CCOC(=O)C1=C(C)Nc2nc3c(c(N)c2C1c1ccncc1)CCCC3,CHEMBL491360,permeability,10'-6 cm/s,6.2,permeability,10'-6 cm/s,6.2,caco2_permeability,Permeability,(cm/s),ChEMBL
A,CCOC(=O)C1=C(C)Nc2nc3c(c(N)c2C1c1cccnc1)CCCC3,CHEMBL491359,permeability,10'-6 cm/s,7.2,permeability,10'-6 cm/s,7.2,caco2_permeability,Permeability,(cm/s),ChEMBL
A,CCOC(=O)C1=C(C)Nc2nc3c(c(N)c2C1c1ccc(OC)c(OC)c1)CCCC3,CHEMBL491358,permeability,10'-6 cm/s,9.4,permeability,10'-6 cm/s,9.4,caco2_permeability,Permeability,(cm/s),ChEMBL
A,CCOC(=O)C1=C(C)Nc2nc3c(c(N)c2C1c1ccc(OC)cc1)CCCC3,CHEMBL374184,permeability,10'-6 cm/s,12.8,permeability,10'-6 cm/s,12.8,caco2_permeability,Permeability,(cm/s),ChEMBL
A,CCOC(=O)C1=C(C)Nc2nc3c(c(N)c2C1c1cccc(OC)c1)CCCC3,CHEMBL218940,permeability,10'-6 cm/s,5.5,permeability,10'-6 cm/s,5.5,caco2_permeability,Permeability,(cm/s),ChEMBL
A,CCOC(=O)C1=C(C)Nc2nc3c(c(N)c2C1c1ccccc1OC)CCCC3,CHEMBL436302,permeability,10'-6 cm/s,6.1,permeability,10'-6 cm/s,6.1,caco2_permeability,Permeability,(cm/s),ChEMBL
A,CCOC(=O)C1=C(C)Nc2nc3c(c(N)c2C1c1ccc(C)cc1)CCCC3,CHEMBL219406,permeability,10'-6 cm/s,1.8,permeability,10'-6 cm/s,1.8,caco2_permeability,Permeability,(cm/s),ChEMBL
A,CCOC(=O)C1=C(C)Nc2nc3c(c(N)c2C1c1ccc([N+](=O)[O-])cc1)CCCC3,CHEMBL219405,permeability,10'-6 cm/s,5.8,permeability,10'-6 cm/s,5.8,caco2_permeability,Permeability,(cm/s),ChEMBL
A,CCOC(=O)C1=C(C)Nc2nc3c(c(N)c2C1c1cccc([N+](=O)[O-])c1)CCCC3,CHEMBL220294,permeability,10'-6 cm/s,7.0,permeability,10'-6 cm/s,7.0,caco2_permeability,Permeability,(cm/s),ChEMBL
A,CCOC(=O)C1=C(C)Nc2nc3c(c(N)c2C1c1ccccc1[N+](=O)[O-])CCCC3,CHEMBL219400,permeability,10'-6 cm/s,8.6,permeability,10'-6 cm/s,8.6,caco2_permeability,Permeability,(cm/s),ChEMBL
A,CCOC(=O)C1=C(C)Nc2nc3c(c(N)c2C1c1ccccc1C(F)(F)F)CCCC3,CHEMBL491561,permeability,10'-6 cm/s,1.4,permeability,10'-6 cm/s,1.4,caco2_permeability,Permeability,(cm/s),ChEMBL
A,CCOC(=O)C1=C(C)Nc2nc3c(c(N)c2C1c1ccc(F)cc1)CCCC3,CHEMBL219172,permeability,10'-6 cm/s,9.6,permeability,10'-6 cm/s,9.6,caco2_permeability,Permeability,(cm/s),ChEMBL
A,CCOC(=O)C1=C(C)Nc2nc3c(c(N)c2C1c1ccccc1)CCCC3,CHEMBL218939,permeability,10'-6 cm/s,12.6,permeability,10'-6 cm/s,12.6,caco2_permeability,Permeability,(cm/s),ChEMBL
A,CC1COc2c(N3CCN(C)CC3)c(F)cc3c(=O)c(C(=O)O)cn1c23,CHEMBL4,permeability,10'-6 cm/s,0.3,permeability,10'-6 cm/s,0.3,caco2_permeability,Permeability,(cm/s),ChEMBL
A,CC(C)NCC(O)COc1ccc(CC(N)=O)cc1,CHEMBL24,permeability,10'-6 cm/s,0.03,permeability,10'-6 cm/s,0.03,caco2_permeability,Permeability,(cm/s),ChEMBL
A,CCn1cc(C(=O)O)c(=O)c2cc(F)c(N3CCNCC3)nc21,CHEMBL826,permeability,10'-6 cm/s,0.6,permeability,10'-6 cm/s,0.6,caco2_permeability,Permeability,(cm/s),ChEMBL
A,CCn1cc(C(=O)O)c(=O)c2cc(F)c(N3CCNC(C)C3)c(F)c21,CHEMBL561,permeability,10'-6 cm/s,0.5,permeability,10'-6 cm/s,0.5,caco2_permeability,Permeability,(cm/s),ChEMBL
A,C[C@]12CCC(=O)C=C1CC[C@@H]1[C@@H]2[C@@H](O)C[C@]2(C=O)[C@@H](C(=O)CO)CC[C@@H]12,CHEMBL273453,permeability,10'-6 cm/s,0.6,permeability,10'-6 cm/s,0.6,caco2_permeability,Permeability,(cm/s),ChEMBL
A,Cn1c(=O)c2c(ncn2C)n(C)c1=O,CHEMBL113,permeability,10'-6 cm/s,1.0,permeability,10'-6 cm/s,1.0,caco2_permeability,Permeability,(cm/s),ChEMBL
A,C[C@]12CCC(=O)C=C1CC[C@@H]1[C@@H]2[C@@H](O)C[C@@]2(C)[C@H]1CC[C@]2(O)C(=O)CO,CHEMBL389621,permeability,10'-6 cm/s,1.2,permeability,10'-6 cm/s,1.2,caco2_permeability,Permeability,(cm/s),ChEMBL
A,CN1C(C(=O)Nc2ccccn2)=C(O)c2ccccc2S1(=O)=O,CHEMBL527,permeability,10'-6 cm/s,0.4,permeability,10'-6 cm/s,0.4,caco2_permeability,Permeability,(cm/s),ChEMBL
A,C[C@]12C[C@H](O)[C@H]3[C@@H](CCC4=CC(=O)CC[C@@]43C)[C@@H]1CC[C@@H]2C(=O)CO,CHEMBL110739,permeability,10'-6 cm/s,3.6,permeability,10'-6 cm/s,3.6,caco2_permeability,Permeability,(cm/s),ChEMBL
A,Clc1cccc(Cl)c1NC1=NCCN1,CHEMBL134,permeability,10'-6 cm/s,4.2,permeability,10'-6 cm/s,4.2,caco2_permeability,Permeability,(cm/s),ChEMBL
A,CN(C)CCCN1c2ccccc2Sc2ccc(Cl)cc21,CHEMBL71,permeability,10'-6 cm/s,1.4,permeability,10'-6 cm/s,1.4,caco2_permeability,Permeability,(cm/s),ChEMBL
A,CN(C)CCCN1c2ccccc2Sc2ccccc21,CHEMBL564,permeability,10'-6 cm/s,7.7,permeability,10'-6 cm/s,7.7,caco2_permeability,Permeability,(cm/s),ChEMBL
A,CC(=O)[C@H]1CC[C@H]2[C@@H]3CCC4=CC(=O)CC[C@]4(C)[C@H]3CC[C@]12C,CHEMBL103,permeability,10'-6 cm/s,6.6,permeability,10'-6 cm/s,6.6,caco2_permeability,Permeability,(cm/s),ChEMBL
A,COc1ccc(CCN2CCC(Nc3nc4ccccc4n3Cc3ccc(F)cc3)CC2)cc1,CHEMBL296419,permeability,10'-6 cm/s,6.1,permeability,10'-6 cm/s,6.1,caco2_permeability,Permeability,(cm/s),ChEMBL
A,CNCCCN1c2ccccc2CCc2ccccc21,CHEMBL72,permeability,10'-6 cm/s,13.9,permeability,10'-6 cm/s,13.9,caco2_permeability,Permeability,(cm/s),ChEMBL
A,CN(C)CCCN1c2ccccc2CCc2ccccc21,CHEMBL11,permeability,10'-6 cm/s,7.3,permeability,10'-6 cm/s,7.3,caco2_permeability,Permeability,(cm/s),ChEMBL
A,COc1ccc(CCN(C)CCCC(C#N)(c2ccc(OC)c(OC)c2)C(C)C)cc1OC,CHEMBL6966,permeability,10'-6 cm/s,12.6,permeability,10'-6 cm/s,12.6,caco2_permeability,Permeability,(cm/s),ChEMBL
A,C[C@]12CC[C@H]3[C@@H](CCC4=CC(=O)CC[C@@]43C)[C@@H]1CC[C@@H]2O,CHEMBL386630,permeability,10'-6 cm/s,23.1,permeability,10'-6 cm/s,23.1,caco2_permeability,Permeability,(cm/s),ChEMBL
A,O=C(O)[C@H]1O[C@@H](Oc2cc3oc(-c4ccccc4)cc(=O)c3c(O)c2O)[C@H](O)[C@@H](O)[C@@H]1O,CHEMBL485818,permeability,cm/s,1.639,permeability,cm/s,1.639,caco2_permeability,Permeability,(cm/s),ChEMBL
A,O=C(O)[C@H]1O[C@@H](Oc2cc3oc(-c4ccccc4)cc(=O)c3c(O)c2O)[C@H](O)[C@@H](O)[C@@H]1O,CHEMBL485818,permeability,cm/s,0.0455,permeability,cm/s,0.0455,caco2_permeability,Permeability,(cm/s),ChEMBL
A,O=c1cc(-c2ccccc2)oc2cc(O)c(O)c(O)c12,CHEMBL8260,permeability,cm/s,0.382,permeability,cm/s,0.382,caco2_permeability,Permeability,(cm/s),ChEMBL
A,O=c1cc(-c2ccccc2)oc2cc(O)c(O)c(O)c12,CHEMBL8260,permeability,cm/s,5.247,permeability,cm/s,5.247,caco2_permeability,Permeability,(cm/s),ChEMBL
A,CC(C)C(=O)N(Cc1ccc(Cl)cc1Cl)[C@H]1CCNC1,CHEMBL513139,permeability,,16.0,permeability,,16.0,caco2_permeability,Permeability,(cm/s),ChEMBL
A,CC(C)C(=O)N(Cc1ccc(Cl)c(Cl)c1Cl)[C@H]1CCNC1,CHEMBL477374,permeability,,15.0,permeability,,15.0,caco2_permeability,Permeability,(cm/s),ChEMBL
A,CC(C)C(=O)N(Cc1cccc(Cl)c1Cl)[C@H]1CCNC1,CHEMBL476954,permeability,,19.0,permeability,,19.0,caco2_permeability,Permeability,(cm/s),ChEMBL
A,CC(C)C(=O)N(Cc1ccc(Cl)c(Cl)c1Cl)[C@H]1CCNC1,CHEMBL477374,permeability,,18.0,permeability,,18.0,caco2_permeability,Permeability,(cm/s),ChEMBL
A,CC(C)C(=O)N(Cc1cccc(Cl)c1Cl)[C@H]1CCNC1,CHEMBL476954,permeability,,28.0,permeability,,28.0,caco2_permeability,Permeability,(cm/s),ChEMBL
A,CC(C)C(=O)N(Cc1ccc(Cl)cc1Cl)[C@H]1CCNC1,CHEMBL513139,permeability,,24.0,permeability,,24.0,caco2_permeability,Permeability,(cm/s),ChEMBL
A,CCCCc1ccc(C(=O)NC2(C(=O)N[C@H](Cc3ccccc3)C(=O)NCC3CCN(CC4CCOCC4)CC3)CCCC2)nc1,CHEMBL445493,permeability,10'-6 cm/s,7.23,permeability,10'-6 cm/s,7.23,caco2_permeability,Permeability,(cm/s),ChEMBL
A,CCCCc1ccc(C(=O)NC2(C(=O)N[C@H](Cc3ccccc3)C(=O)NCC3CCN(CC4CCOCC4)CC3)CCCC2)cc1,CHEMBL507077,permeability,10'-6 cm/s,1.6,permeability,10'-6 cm/s,1.6,caco2_permeability,Permeability,(cm/s),ChEMBL
A,O=[N+]([O-])c1ccccc1-c1nc2ccccc2[nH]1,CHEMBL209918,permeability,10'-5 cm/s,0.8,permeability,10'-5 cm/s,0.8,caco2_permeability,Permeability,(cm/s),ChEMBL
A,O=[N+]([O-])c1ccccc1-c1nc2ccccc2[nH]1,CHEMBL209918,permeability,10'-5 cm/s,1.2,permeability,10'-5 cm/s,1.2,caco2_permeability,Permeability,(cm/s),ChEMBL
B,CNS(=O)(=O)Cc1ccc2[nH]cc(CCN(C)C)c2c1,CHEMBL128,permeability,cm/s,0.0129,permeability,cm/s,0.0129,caco2_permeability,Permeability,(cm/s),ChEMBL
B,Nc1nnc(-c2cccc(Cl)c2Cl)c(N)n1,CHEMBL741,permeability,cm/s,0.0129,permeability,cm/s,0.0129,caco2_permeability,Permeability,(cm/s),ChEMBL
B,O=C1NC(=O)C(c2ccccc2)(c2ccccc2)N1,CHEMBL16,permeability,cm/s,0.0129,permeability,cm/s,0.0129,caco2_permeability,Permeability,(cm/s),ChEMBL
B,NS(=O)(=O)Cc1noc2ccccc12,CHEMBL750,permeability,cm/s,0.0129,permeability,cm/s,0.0129,caco2_permeability,Permeability,(cm/s),ChEMBL
B,CC1(C)O[C@@H]2[C@@H](CO[C@@]3(COS(N)(=O)=O)OC(C)(C)O[C@@H]23)O1,CHEMBL220492,permeability,cm/s,0.0129,permeability,cm/s,0.0129,caco2_permeability,Permeability,(cm/s),ChEMBL
B,CCOc1ccc2nc(S(N)(=O)=O)sc2c1,CHEMBL18,permeability,cm/s,0.0129,permeability,cm/s,0.0129,caco2_permeability,Permeability,(cm/s),ChEMBL
B,CC(=O)Nc1nnc(S(N)(=O)=O)s1,CHEMBL20,permeability,cm/s,0.0129,permeability,cm/s,0.0129,caco2_permeability,Permeability,(cm/s),ChEMBL
B,CC(=O)Nc1ccc(S(N)(=O)=O)cc1,CHEMBL687,permeability,cm/s,0.0129,permeability,cm/s,0.0129,caco2_permeability,Permeability,(cm/s),ChEMBL
A,COc1cc2c(c(OC)c1OC)-c1ccc(OC)c(=O)cc1[C@@H](NC(C)=O)CC2,CHEMBL107,permeability,10'-6 cm/s,415.0,permeability,10'-6 cm/s,415.0,caco2_permeability,Permeability,(cm/s),ChEMBL
A,COc1cc2c(c(OC)c1OC)-c1ccc(OC)c(=O)cc1[C@@H](NC(=O)CCC1=[N+]3C(=Cc4cccn4[B-]3(F)F)C=C1)CC2,CHEMBL505144,permeability,10'-6 cm/s,108.0,permeability,10'-6 cm/s,108.0,caco2_permeability,Permeability,(cm/s),ChEMBL
A,COc1cc2c(c(OC)c1OC)-c1ccc(OC)c(=O)cc1[C@@H](NC(=O)CCCCCNC(=O)COc1ccc(/C=C/C3=[N+]4C(=Cc5ccc(-c6ccc[nH]6)n5[B-]4(F)F)C=C3)cc1)CC2,CHEMBL500578,permeability,10'-6 cm/s,10.0,permeability,10'-6 cm/s,10.0,caco2_permeability,Permeability,(cm/s),ChEMBL
A,CCOc1ncc(S(=O)(=O)N2CCN(CC)CC2)cc1-c1nc2c(CC)n(C)nc2c(=O)[nH]1,CHEMBL460085,permeability,%/hr,26.0,permeability,%/hr,26.0,caco2_permeability,Permeability,(cm/s),ChEMBL
A,CCCOc1ccc(S(=O)(=O)N2CCN(CC)CC2)cc1-c1nc2c(CC)n(Cc3ccccn3)nc2c(=O)[nH]1,CHEMBL1928257,permeability,%/hr,7.0,permeability,%/hr,7.0,caco2_permeability,Permeability,(cm/s),ChEMBL
A,O=C(NOCC1CC1)c1ccc(F)c(F)c1Nc1ccc(I)cc1Cl,CHEMBL105442,permeability,10'-6 cm/s,16.2,permeability,10'-6 cm/s,16.2,caco2_permeability,Permeability,(cm/s),ChEMBL
A,O=C(NOC[C@H](O)CO)c1ccc(F)c(F)c1Nc1ccc(I)cc1F,CHEMBL507361,permeability,10'-6 cm/s,72.7,permeability,10'-6 cm/s,72.7,caco2_permeability,Permeability,(cm/s),ChEMBL
A,CCC(=O)Nc1cc2c(NCc3ccc(OC)c(Cl)c3)ncnc2c(CCO)c1OC,CHEMBL521075,permeability,10'6cm/s,46.9,permeability,10'6cm/s,46.9,caco2_permeability,Permeability,(cm/s),ChEMBL
A,COc1ccc(CNc2ncnc3c(CCO)c(OC)c(NC(C)=O)cc23)cc1Cl,CHEMBL488265,permeability,10'6cm/s,17.3,permeability,10'6cm/s,17.3,caco2_permeability,Permeability,(cm/s),ChEMBL
A,CC1(C)Oc2ncnc(N)c2N=C1c1ccc(C23CCC(CC(=O)O)(CC2)CC3)cc1,CHEMBL473384,permeability,10'-6 cm/s,18.0,permeability,10'-6 cm/s,18.0,caco2_permeability,Permeability,(cm/s),ChEMBL
A,CC1(C)Oc2ncnc(N)c2N=C1c1ccc(C23CCC(CC(=O)O)(CC2)CC3)cc1,CHEMBL473384,permeability,10'-6 cm/s,26.0,permeability,10'-6 cm/s,26.0,caco2_permeability,Permeability,(cm/s),ChEMBL
A,Cc1nc2sc3c(N)ncnc3c2c2c1CCCC2,CHEMBL505372,permeability,10'-7 cm/s,200.0,permeability,10'-7 cm/s,200.0,caco2_permeability,Permeability,(cm/s),ChEMBL
A,CCc1c(C)nc2sc3c(N)ncnc3c2c1C,CHEMBL444981,permeability,10'-7 cm/s,200.0,permeability,10'-7 cm/s,200.0,caco2_permeability,Permeability,(cm/s),ChEMBL
A,Cc1c2c(nc3sc4c(N)ncnc4c13)CCCC2,CHEMBL463118,permeability,10'-7 cm/s,200.0,permeability,10'-7 cm/s,200.0,caco2_permeability,Permeability,(cm/s),ChEMBL
A,C=CCc1c(C)nc2sc3c(N)ncnc3c2c1C,CHEMBL463119,permeability,10'-7 cm/s,200.0,permeability,10'-7 cm/s,200.0,caco2_permeability,Permeability,(cm/s),ChEMBL
A,Cc1nc2sc3c(N)ncnc3c2c2c1CCC2,CHEMBL510238,permeability,10'-7 cm/s,200.0,permeability,10'-7 cm/s,200.0,caco2_permeability,Permeability,(cm/s),ChEMBL
A,Cc1nc2sc3c(N)ncnc3c2c(C)c1C,CHEMBL449600,permeability,10'-7 cm/s,200.0,permeability,10'-7 cm/s,200.0,caco2_permeability,Permeability,(cm/s),ChEMBL
A,Cc1c2c(nc3sc4c(N)ncnc4c13)CCC2,CHEMBL463117,permeability,10'-7 cm/s,200.0,permeability,10'-7 cm/s,200.0,caco2_permeability,Permeability,(cm/s),ChEMBL
A,Cc1cc(C)c2c(n1)sc1c(N)ncnc12,CHEMBL504950,permeability,10'-7 cm/s,200.0,permeability,10'-7 cm/s,200.0,caco2_permeability,Permeability,(cm/s),ChEMBL
A,Cc1nc2sc3c(N)ncnc3c2c(C)c1Cc1ccccc1,CHEMBL463318,permeability,10'-7 cm/s,200.0,permeability,10'-7 cm/s,200.0,caco2_permeability,Permeability,(cm/s),ChEMBL
A,Nc1ncnc2c1sc1nc(C3CC3)cc(C(F)(F)F)c12,CHEMBL507785,permeability,10'-7 cm/s,200.0,permeability,10'-7 cm/s,200.0,caco2_permeability,Permeability,(cm/s),ChEMBL
A,Nc1ncnc2c1sc1ncc(-c3ccccc3)cc12,CHEMBL507635,permeability,10'-7 cm/s,200.0,permeability,10'-7 cm/s,200.0,caco2_permeability,Permeability,(cm/s),ChEMBL
A,CCOC(=O)c1cc2c(nc1C)sc1c(N)ncnc12,CHEMBL512769,permeability,10'-7 cm/s,200.0,permeability,10'-7 cm/s,200.0,caco2_permeability,Permeability,(cm/s),ChEMBL
A,Nc1ncnc2c1sc1ncccc12,CHEMBL457313,permeability,10'-7 cm/s,200.0,permeability,10'-7 cm/s,200.0,caco2_permeability,Permeability,(cm/s),ChEMBL
A,CNc1ncnc2c1sc1nc(C)cc(C)c12,CHEMBL457314,permeability,10'-7 cm/s,200.0,permeability,10'-7 cm/s,200.0,caco2_permeability,Permeability,(cm/s),ChEMBL
A,Cc1cc(C)c2c(n1)sc1c(N(C)C)ncnc12,CHEMBL513086,permeability,10'-7 cm/s,200.0,permeability,10'-7 cm/s,200.0,caco2_permeability,Permeability,(cm/s),ChEMBL
A,Cc1cc(C)c2c(n1)sc1c(Nc3ccccc3)ncnc12,CHEMBL459059,permeability,10'-7 cm/s,200.0,permeability,10'-7 cm/s,200.0,caco2_permeability,Permeability,(cm/s),ChEMBL
A,Cc1c(Nc2c(C#N)cncc2-c2ccc(OCCN3CCN(C)CC3)cc2)ccc2[nH]ccc12,CHEMBL467069,permeability,10'-6 cm/s,0.28,permeability,10'-6 cm/s,0.28,caco2_permeability,Permeability,(cm/s),ChEMBL
A,CCN(CC)C(=O)Cc1cccc(NS(=O)(=O)c2cccc(Cl)c2C)n1,CHEMBL495597,permeability,10'-6 cm/s,20.0,permeability,10'-6 cm/s,20.0,caco2_permeability,Permeability,(cm/s),ChEMBL
A,CCN(CC)C(=O)Cc1cccc(NS(=O)(=O)c2cccc(Cl)c2C)n1,CHEMBL495597,permeability,10'-6 cm/s,12.0,permeability,10'-6 cm/s,12.0,caco2_permeability,Permeability,(cm/s),ChEMBL
A,Cc1cccc(NS(=O)(=O)c2cccc(Cl)c2C)n1,CHEMBL496818,permeability,10'-6 cm/s,36.0,permeability,10'-6 cm/s,36.0,caco2_permeability,Permeability,(cm/s),ChEMBL
A,Cc1cccc(NS(=O)(=O)c2cccc(Cl)c2C)n1,CHEMBL496818,permeability,10'-6 cm/s,46.0,permeability,10'-6 cm/s,46.0,caco2_permeability,Permeability,(cm/s),ChEMBL
A,N#Cc1cnc2c(Br)cc(NCc3cn(CC(=O)O)nn3)cc2c1Nc1ccc(F)c(Cl)c1,CHEMBL495867,permeability,10'-6 cm/s,1.8,permeability,10'-6 cm/s,1.8,caco2_permeability,Permeability,(cm/s),ChEMBL
A,N#Cc1cnc2c(Br)cc(NCc3cn(-c4ccccc4)nn3)cc2c1Nc1ccc(F)c(Cl)c1,CHEMBL522217,permeability,10'-6 cm/s,1.2,permeability,10'-6 cm/s,1.2,caco2_permeability,Permeability,(cm/s),ChEMBL
A,N#Cc1cnc2c(Br)cc(NCc3cn(CCC4CCCN4)nn3)cc2c1Nc1ccc(F)c(Cl)c1,CHEMBL497883,permeability,10'-6 cm/s,0.72,permeability,10'-6 cm/s,0.72,caco2_permeability,Permeability,(cm/s),ChEMBL
A,N#Cc1cnc2c(Cl)cc(NCc3cn(CCC4CCCN4)nn3)cc2c1Nc1ccc(F)c(Cl)c1,CHEMBL495585,permeability,10'-6 cm/s,0.57,permeability,10'-6 cm/s,0.57,caco2_permeability,Permeability,(cm/s),ChEMBL
A,CCCN1CCC(n2cc(CNc3cc(Cl)c4ncc(C#N)c(Nc5ccc(F)c(Cl)c5)c4c3)nn2)CC1,CHEMBL495617,permeability,10'-6 cm/s,0.48,permeability,10'-6 cm/s,0.48,caco2_permeability,Permeability,(cm/s),ChEMBL
A,N#Cc1cnc2c(Cl)cc(NCc3cn(C4CCN(C5CCC5)CC4)nn3)cc2c1Nc1ccc(F)c(Cl)c1,CHEMBL501709,permeability,10'-6 cm/s,0.43,permeability,10'-6 cm/s,0.43,caco2_permeability,Permeability,(cm/s),ChEMBL
A,CN1CCC(n2cc(CNc3cc(Cl)c4ncc(C#N)c(Nc5ccc(F)c(Cl)c5)c4c3)nn2)CC1,CHEMBL498029,permeability,10'-6 cm/s,0.39,permeability,10'-6 cm/s,0.39,caco2_permeability,Permeability,(cm/s),ChEMBL
A,CCN1CCC(n2cc(CNc3cc(Cl)c4ncc(C#N)c(Nc5ccc(F)c(Cl)c5)c4c3)nn2)CC1,CHEMBL527026,permeability,10'-6 cm/s,0.36,permeability,10'-6 cm/s,0.36,caco2_permeability,Permeability,(cm/s),ChEMBL
A,N#Cc1cnc2c(Cl)cc(NCc3cn(Cc4cccnc4)nn3)cc2c1Nc1ccc(F)c(Cl)c1,CHEMBL498222,permeability,10'-6 cm/s,0.18,permeability,10'-6 cm/s,0.18,caco2_permeability,Permeability,(cm/s),ChEMBL
A,N#Cc1cnc2c(Br)cc(NCc3cn(Cc4cccnc4)nn3)cc2c1Nc1ccc(F)c(Cl)c1,CHEMBL524638,permeability,10'-6 cm/s,0.13,permeability,10'-6 cm/s,0.13,caco2_permeability,Permeability,(cm/s),ChEMBL
A,CC(C)(C)n1cc(CNc2cc(Cl)c3ncc(C#N)c(Nc4ccc(F)c(Cl)c4)c3c2)nn1,CHEMBL496590,permeability,10'-6 cm/s,0.1,permeability,10'-6 cm/s,0.1,caco2_permeability,Permeability,(cm/s),ChEMBL
A,N#Cc1cnc2c(Cl)cc(NCc3cn(CC(=O)O)nn3)cc2c1Nc1ccc(F)c(Cl)c1,CHEMBL495584,permeability,10'-6 cm/s,0.04,permeability,10'-6 cm/s,0.04,caco2_permeability,Permeability,(cm/s),ChEMBL
A,N#Cc1cnc2c(Cl)cc(NCc3cn(C4CCNCC4)nn3)cc2c1Nc1ccc(F)c(Cl)c1,CHEMBL498028,permeability,10'-6 cm/s,0.03,permeability,10'-6 cm/s,0.03,caco2_permeability,Permeability,(cm/s),ChEMBL
A,N#Cc1cnc2c(Cl)cc(NCc3cn(-c4ccccc4)nn3)cc2c1Nc1ccc(F)c(Cl)c1,CHEMBL496591,permeability,10'-6 cm/s,0.0,permeability,10'-6 cm/s,0.0,caco2_permeability,Permeability,(cm/s),ChEMBL
A,N#Cc1cnc2c(Br)cc(NCc3c[nH]nn3)cc2c1Nc1ccc(F)c(Cl)c1,CHEMBL230232,permeability,10'-6 cm/s,0.0,permeability,10'-6 cm/s,0.0,caco2_permeability,Permeability,(cm/s),ChEMBL
A,N#Cc1cnc2c(Cl)cc(NCc3c[nH]nn3)cc2c1Nc1ccc(F)c(Cl)c1,CHEMBL496388,permeability,10'-6 cm/s,0.0,permeability,10'-6 cm/s,0.0,caco2_permeability,Permeability,(cm/s),ChEMBL
A,CC(=O)c1nc([C@@H](O)[C@H](O)[C@H](O)CO)c[nH]1,CHEMBL488336,permeability,nM/s,110.0,permeability,nM/s,110.0,caco2_permeability,Permeability,(cm/s),ChEMBL
A,CC(=O)c1cccc([C@@H](O)[C@H](O)[C@H](O)CO)n1,CHEMBL475689,permeability,nM/s,134.0,permeability,nM/s,134.0,caco2_permeability,Permeability,(cm/s),ChEMBL
A,CC(=O)c1ncc([C@@H](O)[C@H](O)[C@H](O)CO)s1,CHEMBL488545,permeability,nM/s,139.0,permeability,nM/s,139.0,caco2_permeability,Permeability,(cm/s),ChEMBL
A,CC(=O)c1nc([C@@H](O)[C@H](O)[C@H](O)CO)cn1C,CHEMBL529441,permeability,nM/s,55.7,permeability,nM/s,55.7,caco2_permeability,Permeability,(cm/s),ChEMBL
A,CC(=O)c1nc([C@@H](O)[C@H](O)[C@H](O)CO)c(C)[nH]1,CHEMBL446257,permeability,nM/s,93.7,permeability,nM/s,93.7,caco2_permeability,Permeability,(cm/s),ChEMBL
A,CCc1[nH]c(C(C)=O)nc1[C@@H](O)[C@H](O)[C@H](O)CO,CHEMBL451653,permeability,nM/s,79.3,permeability,nM/s,79.3,caco2_permeability,Permeability,(cm/s),ChEMBL
A,CC(=O)c1nc([C@@H](O)[C@@H](O)[C@H](O)CO)c[nH]1,CHEMBL490657,permeability,nM/s,99.0,permeability,nM/s,99.0,caco2_permeability,Permeability,(cm/s),ChEMBL
A,CC(=O)c1nc([C@H](O)[C@@H](O)[C@@H](O)CO)c[nH]1,CHEMBL450848,permeability,nM/s,131.0,permeability,nM/s,131.0,caco2_permeability,Permeability,(cm/s),ChEMBL
A,CC(=O)c1nc([C@@H](O)[C@H](O)[C@H](O)C(=O)N(C)C)c[nH]1,CHEMBL490462,permeability,nM/s,103.0,permeability,nM/s,103.0,caco2_permeability,Permeability,(cm/s),ChEMBL
A,CC(O)c1nc([C@@H](O)[C@H](O)[C@H](O)CO)c[nH]1,CHEMBL444684,permeability,nM/s,41.0,permeability,nM/s,41.0,caco2_permeability,Permeability,(cm/s),ChEMBL
A,CC(=O)N/N=C(\C)c1nc([C@@H](O)[C@H](O)[C@H](O)CO)c[nH]1,CHEMBL502080,permeability,nM/s,90.0,permeability,nM/s,90.0,caco2_permeability,Permeability,(cm/s),ChEMBL
A,CN(C)C(=O)c1nc([C@@H](O)[C@H](O)[C@H](O)CO)c[nH]1,CHEMBL484480,permeability,nM/s,99.0,permeability,nM/s,99.0,caco2_permeability,Permeability,(cm/s),ChEMBL
A,CC(F)(F)c1nc([C@@H](O)[C@H](O)[C@H](O)CO)c[nH]1,CHEMBL501052,permeability,nM/s,111.0,permeability,nM/s,111.0,caco2_permeability,Permeability,(cm/s),ChEMBL
A,Cc1nc(-c2nc([C@@H](O)[C@H](O)[C@H](O)CO)c[nH]2)cs1,CHEMBL506857,permeability,nM/s,199.0,permeability,nM/s,199.0,caco2_permeability,Permeability,(cm/s),ChEMBL
A,Cc1scnc1-c1nc([C@@H](O)[C@H](O)[C@H](O)CO)c[nH]1,CHEMBL484690,permeability,nM/s,49.0,permeability,nM/s,49.0,caco2_permeability,Permeability,(cm/s),ChEMBL
A,OC[C@@H](O)[C@@H](O)[C@H](O)c1c[nH]c(-c2cscn2)n1,CHEMBL483879,permeability,nM/s,0.0,permeability,nM/s,0.0,caco2_permeability,Permeability,(cm/s),ChEMBL
A,OC[C@@H](O)[C@@H](O)[C@H](O)c1c[nH]c(-c2cocn2)n1,CHEMBL483880,permeability,nM/s,9.0,permeability,nM/s,9.0,caco2_permeability,Permeability,(cm/s),ChEMBL
A,OC[C@@H](O)[C@@H](O)[C@H](O)c1c[nH]c(-c2ncn(Cc3ccccc3)n2)n1,CHEMBL519499,permeability,nM/s,51.0,permeability,nM/s,51.0,caco2_permeability,Permeability,(cm/s),ChEMBL
A,OC[C@@H](O)[C@@H](O)[C@H](O)c1c[nH]c(-c2nc[nH]n2)n1,CHEMBL484077,permeability,nM/s,10.0,permeability,nM/s,10.0,caco2_permeability,Permeability,(cm/s),ChEMBL
A,OC[C@@H](O)[C@@H](O)[C@H](O)c1c[nH]c(-c2ncc[nH]2)n1,CHEMBL520987,permeability,nM/s,259.0,permeability,nM/s,259.0,caco2_permeability,Permeability,(cm/s),ChEMBL
A,OC[C@@H](O)[C@@H](O)[C@H](O)c1c[nH]c(-c2ncccn2)n1,CHEMBL484078,permeability,nM/s,109.0,permeability,nM/s,109.0,caco2_permeability,Permeability,(cm/s),ChEMBL
A,OC[C@@H](O)[C@@H](O)[C@H](O)c1c[nH]c(-c2cnccn2)n1,CHEMBL483058,permeability,nM/s,198.0,permeability,nM/s,198.0,caco2_permeability,Permeability,(cm/s),ChEMBL
A,OC[C@@H](O)[C@@H](O)[C@H](O)c1c[nH]c(-c2ncon2)n1,CHEMBL520964,permeability,nM/s,141.0,permeability,nM/s,141.0,caco2_permeability,Permeability,(cm/s),ChEMBL
A,Cn1cnc(-c2nc([C@@H](O)[C@H](O)[C@H](O)CO)c[nH]2)c1,CHEMBL526715,permeability,nM/s,262.0,permeability,nM/s,262.0,caco2_permeability,Permeability,(cm/s),ChEMBL
A,CC(=O)c1nc([C@@H](O)[C@H](O)[C@H](O)CO)c(-c2ccccc2)[nH]1,CHEMBL485108,permeability,nM/s,31.1,permeability,nM/s,31.1,caco2_permeability,Permeability,(cm/s),ChEMBL
A,CS(=O)(=O)Nc1c(Cl)ccc2c1CCCC2c1ncc[nH]1,CHEMBL256982,permeability,cm/s,7.0,permeability,cm/s,7.0,caco2_permeability,Permeability,(cm/s),ChEMBL
A,COCc1c(Cl)ccc2c1CC[C@H]2c1ncc[nH]1,CHEMBL481322,permeability,cm/s,40.0,permeability,cm/s,40.0,caco2_permeability,Permeability,(cm/s),ChEMBL
A,N#Cc1ccccc1C1Cc2nccn2C1,CHEMBL467916,permeability,cm/s,34.0,permeability,cm/s,34.0,caco2_permeability,Permeability,(cm/s),ChEMBL
A,CS(=O)(=O)Nc1c(Cl)ccc2c1CCCC2c1ncc[nH]1,CHEMBL256982,permeability,cm/s,29.0,permeability,cm/s,29.0,caco2_permeability,Permeability,(cm/s),ChEMBL
A,COCc1c(Cl)ccc2c1CC[C@H]2c1ncc[nH]1,CHEMBL481322,permeability,cm/s,36.0,permeability,cm/s,36.0,caco2_permeability,Permeability,(cm/s),ChEMBL
A,N#Cc1ccccc1C1Cc2nccn2C1,CHEMBL467916,permeability,cm/s,41.0,permeability,cm/s,41.0,caco2_permeability,Permeability,(cm/s),ChEMBL
A,C[C@H](N)C(=O)NCc1cccc(-n2nc(C(F)(F)F)cc2C(=O)NCc2ccccc2)c1,CHEMBL466658,permeability,nM/s,15.0,permeability,nM/s,15.0,caco2_permeability,Permeability,(cm/s),ChEMBL
A,C[C@H](N)C(=O)NCc1cccc(-n2nc(C(F)(F)F)cc2-c2nnc(-c3ccccc3)o2)c1,CHEMBL511550,permeability,nM/s,106.0,permeability,nM/s,106.0,caco2_permeability,Permeability,(cm/s),ChEMBL
A,C[C@H](N)C(=O)NCc1cccc(-n2nc(C(F)(F)F)cc2-c2nnc(-c3cccc4ncsc34)o2)c1,CHEMBL468927,permeability,nM/s,267.0,permeability,nM/s,267.0,caco2_permeability,Permeability,(cm/s),ChEMBL
A,COc1ccccc1Nc1nnc(-c2cc(C(F)(F)F)nn2-c2cccc(CNC(=O)[C@H](C)N)c2)o1,CHEMBL511896,permeability,nM/s,15.0,permeability,nM/s,15.0,caco2_permeability,Permeability,(cm/s),ChEMBL
A,CS(=O)(=O)c1ccc(Nc2nc3cc(C(N)=O)ccc3n2Cc2ccccc2C(F)(F)F)cc1,CHEMBL565195,permeability,nm/s,18.0,permeability,nm/s,18.0,caco2_permeability,Permeability,(cm/s),ChEMBL
A,COc1ccc(Nc2nc3cc(C(N)=O)ccc3n2Cc2ccccc2C(F)(F)F)cc1,CHEMBL557885,permeability,nm/s,670.0,permeability,nm/s,670.0,caco2_permeability,Permeability,(cm/s),ChEMBL
A,CSc1ccc(Nc2nc3cc(C(N)=O)ccc3n2Cc2ccccc2C(F)(F)F)cc1,CHEMBL561696,permeability,nm/s,530.0,permeability,nm/s,530.0,caco2_permeability,Permeability,(cm/s),ChEMBL
A,Cc1cc2c(C(C)C)c(O)c(O)cc2c(O)c1-c1c(C)cc2c(C(C)C)c(O)c(O)cc2c1O,CHEMBL551288,permeability,%,-7.16,permeability,%,-7.16,caco2_permeability,Permeability,(cm/s),ChEMBL
A,Cc1cc2c(C(=O)NC(C)c3ccc(Cl)cc3)c(O)c(O)cc2c(O)c1-c1c(C)cc2c(C(=O)NC(C)c3ccc(Cl)cc3)c(O)c(O)cc2c1O,CHEMBL539481,permeability,%,-7.92,permeability,%,-7.92,caco2_permeability,Permeability,(cm/s),ChEMBL
A,Cc1cc2c(C(=O)NCC3CCCCC3)c(O)c(O)cc2c(O)c1-c1c(C)cc2c(C(=O)NCC3CCCCC3)c(O)c(O)cc2c1O,CHEMBL541004,permeability,%,-6.67,permeability,%,-6.67,caco2_permeability,Permeability,(cm/s),ChEMBL
A,Cc1cc2c(C(=O)NCCc3ccccc3)c(O)c(O)cc2c(O)c1-c1c(C)cc2c(C(=O)NCCc3ccccc3)c(O)c(O)cc2c1O,CHEMBL552287,permeability,%,-6.49,permeability,%,-6.49,caco2_permeability,Permeability,(cm/s),ChEMBL
A,Cc1cc2c(C(=O)NCCc3cccc(Cl)c3)c(O)c(O)cc2c(O)c1-c1c(C)cc2c(C(=O)NCCc3cccc(Cl)c3)c(O)c(O)cc2c1O,CHEMBL553474,permeability,%,-7.71,permeability,%,-7.71,caco2_permeability,Permeability,(cm/s),ChEMBL
A,CCc1ccc(CCNC(=O)c2c(O)c(O)cc3c(O)c(-c4c(C)cc5c(C(=O)NCCc6ccc(CC)cc6)c(O)c(O)cc5c4O)c(C)cc23)cc1,CHEMBL541496,permeability,%,-8.15,permeability,%,-8.15,caco2_permeability,Permeability,(cm/s),ChEMBL
A,Cc1cc2c(C(=O)NCC(C)c3ccccc3)c(O)c(O)cc2c(O)c1-c1c(C)cc2c(C(=O)NCC(C)c3ccccc3)c(O)c(O)cc2c1O,CHEMBL538616,permeability,%,-7.51,permeability,%,-7.51,caco2_permeability,Permeability,(cm/s),ChEMBL
A,Cc1cc2c(CC3CCCC3)c(O)c(O)cc2c(O)c1-c1c(C)cc2c(CC3CCCC3)c(O)c(O)cc2c1O,CHEMBL561820,permeability,%,-6.27,permeability,%,-6.27,caco2_permeability,Permeability,(cm/s),ChEMBL
A,Cc1cc2c(CCc3ccccc3)c(O)c(O)cc2c(O)c1-c1c(C)cc2c(CCc3ccccc3)c(O)c(O)cc2c1O,CHEMBL552735,permeability,%,-6.61,permeability,%,-6.61,caco2_permeability,Permeability,(cm/s),ChEMBL
A,C=C[C@@]1(C)CC(=O)[C@]2(O)[C@@]3(C)[C@@H](O)CCC(C)(C)[C@@H]3[C@H](O)[C@H](OC(C)=O)[C@@]2(C)O1,CHEMBL52606,permeability,nmol/cm2/hr,0.18,permeability,nmol/cm2/hr,0.18,caco2_permeability,Permeability,(cm/s),ChEMBL
A,C=C[C@@]1(C)CC(=O)[C@]2(O)[C@@]3(C)[C@@H](O)CCC(C)(C)[C@@H]3[C@H](O)[C@H](OC(C)=O)[C@@]2(C)O1,CHEMBL52606,permeability,nmol/cm2/hr,3.4,permeability,nmol/cm2/hr,3.4,caco2_permeability,Permeability,(cm/s),ChEMBL
A,CCCCCCOc1ccc(C(=O)CCNc2ccccc2)cc1,CHEMBL550841,permeability,10'-6 cm/s,0.2,permeability,10'-6 cm/s,0.2,caco2_permeability,Permeability,(cm/s),ChEMBL
A,CCCCCCOc1ccc(C(=O)CCNc2cccc(Cl)c2)cc1,CHEMBL540227,permeability,10'-6 cm/s,2.0,permeability,10'-6 cm/s,2.0,caco2_permeability,Permeability,(cm/s),ChEMBL
A,CCCCNC(=O)Nc1ccc(C(=O)CCN(C)C)cc1,CHEMBL560675,permeability,10'-6 cm/s,10.0,permeability,10'-6 cm/s,10.0,caco2_permeability,Permeability,(cm/s),ChEMBL
A,CCCCCCSc1cc(Cl)c(C(=O)CCN2CCOCC2)c(Cl)c1,CHEMBL557906,permeability,10'-6 cm/s,10.0,permeability,10'-6 cm/s,10.0,caco2_permeability,Permeability,(cm/s),ChEMBL
A,CCCCCCSc1cc(Cl)c(C(=O)CCN2CCN(S(=O)(=O)CC)CC2)cc1Cl,CHEMBL561051,permeability,10'-6 cm/s,20.0,permeability,10'-6 cm/s,20.0,caco2_permeability,Permeability,(cm/s),ChEMBL
A,CCCCCCSc1ccc(C(=O)CCN2CCN(S(=O)(=O)CC)CC2)c(Cl)c1Cl,CHEMBL551385,permeability,10'-6 cm/s,30.0,permeability,10'-6 cm/s,30.0,caco2_permeability,Permeability,(cm/s),ChEMBL
A,CCCCCS(=O)(=O)Nc1ccc(C(=O)CCN(C)C)cc1,CHEMBL555726,permeability,10'-6 cm/s,50.0,permeability,10'-6 cm/s,50.0,caco2_permeability,Permeability,(cm/s),ChEMBL
A,CCCCCCSc1cc(Cl)c(C(=O)CCN2CCN(S(=O)(=O)CC)CC2)c(Cl)c1,CHEMBL558298,permeability,10'-6 cm/s,50.0,permeability,10'-6 cm/s,50.0,caco2_permeability,Permeability,(cm/s),ChEMBL
A,CCCCCCSc1ccc(C(=O)CCN2CC2C)c(Cl)c1Cl,CHEMBL559521,permeability,10'-6 cm/s,70.0,permeability,10'-6 cm/s,70.0,caco2_permeability,Permeability,(cm/s),ChEMBL
A,CCCCCCOc1ccc(C(=O)CCN(C)C)c(Br)c1,CHEMBL551791,permeability,10'-6 cm/s,80.0,permeability,10'-6 cm/s,80.0,caco2_permeability,Permeability,(cm/s),ChEMBL
A,CCCCCCS(=O)(=O)c1cc(Cl)c(C(=O)CCN(C)C)cc1Cl,CHEMBL561569,permeability,10'-6 cm/s,90.0,permeability,10'-6 cm/s,90.0,caco2_permeability,Permeability,(cm/s),ChEMBL
A,CCN1CCC(Cc2ccc(C(=O)CCN(C)C)cc2)CC1,CHEMBL551244,permeability,10'-6 cm/s,140.0,permeability,10'-6 cm/s,140.0,caco2_permeability,Permeability,(cm/s),ChEMBL
A,CCCCCCSc1ccc(C(=O)CCN(C)C)c(Cl)c1Cl,CHEMBL560568,permeability,10'-6 cm/s,140.0,permeability,10'-6 cm/s,140.0,caco2_permeability,Permeability,(cm/s),ChEMBL
A,CCCCCCSc1cc(Cl)c(C(=O)CCN2CC2C)cc1Cl,CHEMBL552517,permeability,10'-6 cm/s,140.0,permeability,10'-6 cm/s,140.0,caco2_permeability,Permeability,(cm/s),ChEMBL
A,CCCCCCOc1ccc(-c2ccc(C(=O)CCN(C)C)cc2)cc1,CHEMBL561653,permeability,10'-6 cm/s,150.0,permeability,10'-6 cm/s,150.0,caco2_permeability,Permeability,(cm/s),ChEMBL
A,CCOCCOc1ccc(C(=O)CCN(C)C)cc1,CHEMBL539139,permeability,10'-6 cm/s,160.0,permeability,10'-6 cm/s,160.0,caco2_permeability,Permeability,(cm/s),ChEMBL
A,CCCCCCSc1cc(C)c(C(=O)CCN2CCN(S(=O)(=O)CC)CC2)c(C)c1,CHEMBL550760,permeability,10'-6 cm/s,160.0,permeability,10'-6 cm/s,160.0,caco2_permeability,Permeability,(cm/s),ChEMBL
A,CCCCCCS(=O)(=O)c1ccc(C(=O)CCN2CC2C)c(Cl)c1,CHEMBL561573,permeability,10'-6 cm/s,160.0,permeability,10'-6 cm/s,160.0,caco2_permeability,Permeability,(cm/s),ChEMBL
A,CCCCCCOc1ccc(C(=O)CCN(C)C)c(N(C)C)c1,CHEMBL552742,permeability,10'-6 cm/s,170.0,permeability,10'-6 cm/s,170.0,caco2_permeability,Permeability,(cm/s),ChEMBL
A,CCCCCCSc1ccc(C(=O)CCN2CCOCC2)c(Cl)c1Cl,CHEMBL559522,permeability,10'-6 cm/s,170.0,permeability,10'-6 cm/s,170.0,caco2_permeability,Permeability,(cm/s),ChEMBL
A,CCCCCCS(=O)(=O)c1cc(Cl)c(C(=O)CCN(C)C)c(Cl)c1,CHEMBL561446,permeability,10'-6 cm/s,170.0,permeability,10'-6 cm/s,170.0,caco2_permeability,Permeability,(cm/s),ChEMBL
A,CCCCCCOc1ccc(C(=O)CCN(C)C)cc1C(C)(C)C,CHEMBL551979,permeability,10'-6 cm/s,190.0,permeability,10'-6 cm/s,190.0,caco2_permeability,Permeability,(cm/s),ChEMBL
A,CCCCCCSc1cc(Cl)c(C(=O)CCN2CC2C)c(Cl)c1,CHEMBL561170,permeability,10'-6 cm/s,190.0,permeability,10'-6 cm/s,190.0,caco2_permeability,Permeability,(cm/s),ChEMBL
A,CCCCCCS(=O)(=O)c1ccc(C(=O)CCN(C)C)c(Cl)c1Cl,CHEMBL549562,permeability,10'-6 cm/s,220.0,permeability,10'-6 cm/s,220.0,caco2_permeability,Permeability,(cm/s),ChEMBL
A,CCCCCCOc1ccc(C(=O)CCN(C)C)cc1Cc1ccccc1,CHEMBL549685,permeability,10'-6 cm/s,230.0,permeability,10'-6 cm/s,230.0,caco2_permeability,Permeability,(cm/s),ChEMBL
A,CCCCCCOc1ccc2c(c1)CC(CN(C)C)C2=O,CHEMBL555749,permeability,10'-6 cm/s,230.0,permeability,10'-6 cm/s,230.0,caco2_permeability,Permeability,(cm/s),ChEMBL
A,CCCCCCS(=O)(=O)c1ccc(C(=O)CCN2CCNC(=O)C2)c(Cl)c1,CHEMBL564112,permeability,10'-6 cm/s,240.0,permeability,10'-6 cm/s,240.0,caco2_permeability,Permeability,(cm/s),ChEMBL
A,CCCCCCS(=O)(=O)c1cc(Cl)c(C(=O)CCN2CC2C)cc1Cl,CHEMBL572341,permeability,10'-6 cm/s,260.0,permeability,10'-6 cm/s,260.0,caco2_permeability,Permeability,(cm/s),ChEMBL
A,CCCCCCOc1ccc(C(=O)CCN(C)C)c(I)c1,CHEMBL565150,permeability,10'-6 cm/s,270.0,permeability,10'-6 cm/s,270.0,caco2_permeability,Permeability,(cm/s),ChEMBL
A,CCCCCCS(=O)(=O)c1ccc(C(=O)CCN2CCN(S(=O)(=O)CC)CC2)c(Cl)c1,CHEMBL561574,permeability,10'-6 cm/s,300.0,permeability,10'-6 cm/s,300.0,caco2_permeability,Permeability,(cm/s),ChEMBL
A,CCCN1CCN(c2ccc(C(=O)CCN(C)C)cc2)CC1,CHEMBL560310,permeability,10'-6 cm/s,320.0,permeability,10'-6 cm/s,320.0,caco2_permeability,Permeability,(cm/s),ChEMBL
A,CCCCCCSc1cc(Cl)c(C(=O)CCN(C)C)cc1Cl,CHEMBL559717,permeability,10'-6 cm/s,330.0,permeability,10'-6 cm/s,330.0,caco2_permeability,Permeability,(cm/s),ChEMBL
A,CCCCCCSc1cc(Cl)c(C(=O)CCN(C)C)c(Cl)c1,CHEMBL561052,permeability,10'-6 cm/s,350.0,permeability,10'-6 cm/s,350.0,caco2_permeability,Permeability,(cm/s),ChEMBL
A,CCCCCCS(=O)(=O)c1ccc(C(=O)CCN2CCN(C(C)=O)CC2)c(Cl)c1,CHEMBL550768,permeability,10'-6 cm/s,360.0,permeability,10'-6 cm/s,360.0,caco2_permeability,Permeability,(cm/s),ChEMBL
A,CCCCCCOc1ccc(C(=O)CCN2CC2C)c(Cl)c1Cl,CHEMBL561650,permeability,10'-6 cm/s,370.0,permeability,10'-6 cm/s,370.0,caco2_permeability,Permeability,(cm/s),ChEMBL
A,CCCCCCS(=O)(=O)c1ccc(C(=O)CCN(C)C)c(Cl)c1,CHEMBL550761,permeability,10'-6 cm/s,380.0,permeability,10'-6 cm/s,380.0,caco2_permeability,Permeability,(cm/s),ChEMBL
A,CCCCCCS(=O)(=O)c1ccc(C(=O)CCN2CCN(S(=O)(=O)CC)CC2)c(Cl)c1Cl,CHEMBL558297,permeability,10'-6 cm/s,380.0,permeability,10'-6 cm/s,380.0,caco2_permeability,Permeability,(cm/s),ChEMBL
A,CCCCCCS(=O)(=O)c1cc(Cl)c(C(=O)CCN2CCNC(=O)C2)c(Cl)c1,CHEMBL564464,permeability,10'-6 cm/s,430.0,permeability,10'-6 cm/s,430.0,caco2_permeability,Permeability,(cm/s),ChEMBL
A,CCCCCCS(=O)(=O)c1ccc(C(=O)CCN2CC2C)c(Cl)c1Cl,CHEMBL562251,permeability,10'-6 cm/s,440.0,permeability,10'-6 cm/s,440.0,caco2_permeability,Permeability,(cm/s),ChEMBL
A,CCCCCCOc1ccc(C(=O)CCN(C)C)cc1Br,CHEMBL559716,permeability,10'-6 cm/s,460.0,permeability,10'-6 cm/s,460.0,caco2_permeability,Permeability,(cm/s),ChEMBL
A,CCCCCCS(=O)(=O)c1cc(Cl)c(C(=O)CCN2CCOCC2)c(Cl)c1,CHEMBL563816,permeability,10'-6 cm/s,470.0,permeability,10'-6 cm/s,470.0,caco2_permeability,Permeability,(cm/s),ChEMBL
A,CCCCCCS(=O)(=O)c1cc(C)c(C(=O)CCN2CCN(C(C)=O)CC2)c(C)c1,CHEMBL563032,permeability,10'-6 cm/s,470.0,permeability,10'-6 cm/s,470.0,caco2_permeability,Permeability,(cm/s),ChEMBL
A,CCCCCCS(=O)(=O)c1cc(Cl)c(C(=O)CCN2CCN(C(C)=O)CC2)c(Cl)c1,CHEMBL549889,permeability,10'-6 cm/s,480.0,permeability,10'-6 cm/s,480.0,caco2_permeability,Permeability,(cm/s),ChEMBL
A,CCCCCCS(=O)(=O)c1cc(C)c(C(=O)CCN2CCNC(=O)C2)c(C)c1,CHEMBL541478,permeability,10'-6 cm/s,480.0,permeability,10'-6 cm/s,480.0,caco2_permeability,Permeability,(cm/s),ChEMBL
A,CCCCCCOc1ccc(C(=O)CCN(C)C)c(C(F)(F)F)c1,CHEMBL558106,permeability,10'-6 cm/s,500.0,permeability,10'-6 cm/s,500.0,caco2_permeability,Permeability,(cm/s),ChEMBL
A,CCCCCCSc1ccc(C(=O)CCN2CC2C)c(Cl)c1,CHEMBL562507,permeability,10'-6 cm/s,500.0,permeability,10'-6 cm/s,500.0,caco2_permeability,Permeability,(cm/s),ChEMBL
A,CCCCCCOc1ccc(C(=O)CCN(C)C)cc1I,CHEMBL561050,permeability,10'-6 cm/s,540.0,permeability,10'-6 cm/s,540.0,caco2_permeability,Permeability,(cm/s),ChEMBL
A,CCCCCCS(=O)(=O)c1cc(Cl)c(C(=O)CCN2CCNC(=O)C2)cc1Cl,CHEMBL560108,permeability,10'-6 cm/s,540.0,permeability,10'-6 cm/s,540.0,caco2_permeability,Permeability,(cm/s),ChEMBL
A,CCCCCCOc1ccc(C(=O)CCN(CCCC)CCCC)cc1,CHEMBL560911,permeability,10'-6 cm/s,560.0,permeability,10'-6 cm/s,560.0,caco2_permeability,Permeability,(cm/s),ChEMBL
A,CCCCCC(=O)Nc1ccc(C(=O)CCN(C)C)cc1,CHEMBL558889,permeability,10'-6 cm/s,560.0,permeability,10'-6 cm/s,560.0,caco2_permeability,Permeability,(cm/s),ChEMBL
A,CCCCCCS(=O)(=O)c1ccc(C(=O)CCN2CCOCC2)c(Cl)c1Cl,CHEMBL550954,permeability,10'-6 cm/s,560.0,permeability,10'-6 cm/s,560.0,caco2_permeability,Permeability,(cm/s),ChEMBL
A,CCCCCCOc1ccc(C(=O)CCN(C)C)c(Cl)c1Cl,CHEMBL560311,permeability,10'-6 cm/s,600.0,permeability,10'-6 cm/s,600.0,caco2_permeability,Permeability,(cm/s),ChEMBL
A,CCCCCCSc1ccc(C(=O)CCN(C)C)c(Cl)c1,CHEMBL539718,permeability,10'-6 cm/s,610.0,permeability,10'-6 cm/s,610.0,caco2_permeability,Permeability,(cm/s),ChEMBL
A,CCCCCCOc1cc(C)c(C(=O)CCN(C)C)c(C)c1,CHEMBL549483,permeability,10'-6 cm/s,650.0,permeability,10'-6 cm/s,650.0,caco2_permeability,Permeability,(cm/s),ChEMBL
A,CCCCCCOc1ccc(C(=O)CCN(C)C)c2ccccc12,CHEMBL552185,permeability,10'-6 cm/s,660.0,permeability,10'-6 cm/s,660.0,caco2_permeability,Permeability,(cm/s),ChEMBL
A,CCCCCCS(=O)(=O)c1cc(Cl)c(C(=O)CCN2CCN(C(C)=O)CC2)cc1Cl,CHEMBL563175,permeability,10'-6 cm/s,670.0,permeability,10'-6 cm/s,670.0,caco2_permeability,Permeability,(cm/s),ChEMBL
A,CCCCCCS(=O)(=O)c1cc(Cl)c(C(=O)CCN2CCOCC2)cc1Cl,CHEMBL561570,permeability,10'-6 cm/s,680.0,permeability,10'-6 cm/s,680.0,caco2_permeability,Permeability,(cm/s),ChEMBL
A,CCCCCCOc1ccc(C(=O)CCN(C)C)cc1F,CHEMBL552158,permeability,10'-6 cm/s,700.0,permeability,10'-6 cm/s,700.0,caco2_permeability,Permeability,(cm/s),ChEMBL
A,CCCCCCOc1cc(Cl)c(C(=O)CCN(C)C)c(Cl)c1,CHEMBL550758,permeability,10'-6 cm/s,700.0,permeability,10'-6 cm/s,700.0,caco2_permeability,Permeability,(cm/s),ChEMBL
A,CCCCCCOc1ccc2c(c1)OCC(CN(C)C)C2=O,CHEMBL550094,permeability,10'-6 cm/s,700.0,permeability,10'-6 cm/s,700.0,caco2_permeability,Permeability,(cm/s),ChEMBL
A,CCCCCCOc1ccc2c(c1)CCC(CN(C)C)C2=O,CHEMBL552392,permeability,10'-6 cm/s,710.0,permeability,10'-6 cm/s,710.0,caco2_permeability,Permeability,(cm/s),ChEMBL
A,CCCCCCOc1ccc(C(=O)CCN(C)C)cc1S(C)(=O)=O,CHEMBL549557,permeability,10'-6 cm/s,730.0,permeability,10'-6 cm/s,730.0,caco2_permeability,Permeability,(cm/s),ChEMBL
A,CCCCCCOc1c(C)cc(C(=O)CCN(C)C)cc1C,CHEMBL549482,permeability,10'-6 cm/s,730.0,permeability,10'-6 cm/s,730.0,caco2_permeability,Permeability,(cm/s),ChEMBL
A,CCCCCCS(=O)(=O)c1cc(Cl)c(C(=O)CCN2CCN(S(=O)(=O)CC)CC2)cc1Cl,CHEMBL563566,permeability,10'-6 cm/s,730.0,permeability,10'-6 cm/s,730.0,caco2_permeability,Permeability,(cm/s),ChEMBL
A,CCCCCCSc1ccc(C(=O)CCN2CCN(S(=O)(=O)CC)CC2)c(Cl)c1,CHEMBL551976,permeability,10'-6 cm/s,740.0,permeability,10'-6 cm/s,740.0,caco2_permeability,Permeability,(cm/s),ChEMBL
A,CCCCCCOc1ccc(C(=O)CCN(C)C)c(C)c1,CHEMBL559520,permeability,10'-6 cm/s,750.0,permeability,10'-6 cm/s,750.0,caco2_permeability,Permeability,(cm/s),ChEMBL
A,CCCCCCS(=O)(=O)c1ccc(C(=O)CCN2CCOCC2)c(Cl)c1,CHEMBL550767,permeability,10'-6 cm/s,760.0,permeability,10'-6 cm/s,760.0,caco2_permeability,Permeability,(cm/s),ChEMBL
A,CCCCCCNC(=O)c1ccc(C(=O)CCN(C)C)cc1,CHEMBL561648,permeability,10'-6 cm/s,770.0,permeability,10'-6 cm/s,770.0,caco2_permeability,Permeability,(cm/s),ChEMBL
A,CCCCCCSc1cc(C)c(C(=O)CCN2CC2C)c(C)c1,CHEMBL572342,permeability,10'-6 cm/s,770.0,permeability,10'-6 cm/s,770.0,caco2_permeability,Permeability,(cm/s),ChEMBL
A,CCCCCCS(=O)(=O)c1ccc(C(=O)CCN2CCN(C(C)=O)CC2)c(Cl)c1Cl,CHEMBL561975,permeability,10'-6 cm/s,770.0,permeability,10'-6 cm/s,770.0,caco2_permeability,Permeability,(cm/s),ChEMBL
A,CCCCCCS(=O)(=O)c1ccc(C(=O)CCN(C)C)cc1,CHEMBL560510,permeability,10'-6 cm/s,780.0,permeability,10'-6 cm/s,780.0,caco2_permeability,Permeability,(cm/s),ChEMBL
A,CCCCCCOc1cc(Cl)c(C(=O)CCN2CC2C)cc1Cl,CHEMBL555065,permeability,10'-6 cm/s,810.0,permeability,10'-6 cm/s,810.0,caco2_permeability,Permeability,(cm/s),ChEMBL
A,CCCCCCSc1cc(Cl)c(C(=O)CCN2CCNC(=O)C2)cc1Cl,CHEMBL559718,permeability,10'-6 cm/s,810.0,permeability,10'-6 cm/s,810.0,caco2_permeability,Permeability,(cm/s),ChEMBL
A,CCCCCCOc1cccc(C(=O)CCN(C)C)c1,CHEMBL551710,permeability,10'-6 cm/s,830.0,permeability,10'-6 cm/s,830.0,caco2_permeability,Permeability,(cm/s),ChEMBL
A,CCCCCCOc1ccc(C(=O)CCN(C)C)cc1-c1ccccc1,CHEMBL560512,permeability,10'-6 cm/s,830.0,permeability,10'-6 cm/s,830.0,caco2_permeability,Permeability,(cm/s),ChEMBL
A,CCCCCCOc1ccc(C(=O)CCN(C)C)c(S(C)(=O)=O)c1,CHEMBL557905,permeability,10'-6 cm/s,850.0,permeability,10'-6 cm/s,850.0,caco2_permeability,Permeability,(cm/s),ChEMBL
A,CCCCCCOc1cc(C(C)C)c(C(=O)CCN(C)C)cc1C,CHEMBL560114,permeability,10'-6 cm/s,860.0,permeability,10'-6 cm/s,860.0,caco2_permeability,Permeability,(cm/s),ChEMBL
A,CCCCCCOc1cc(Cl)c(C(=O)CCN2CCN(S(=O)(=O)CC)CC2)c(Cl)c1,CHEMBL563871,permeability,10'-6 cm/s,860.0,permeability,10'-6 cm/s,860.0,caco2_permeability,Permeability,(cm/s),ChEMBL
A,CCCCCCOc1ccc(C(=O)CCN2CC2C)c(Cl)c1,CHEMBL570776,permeability,10'-6 cm/s,870.0,permeability,10'-6 cm/s,870.0,caco2_permeability,Permeability,(cm/s),ChEMBL
A,CCCCCCOc1ccc(C(=O)C(CN(C)C)c2ccccc2)cc1,CHEMBL550766,permeability,10'-6 cm/s,910.0,permeability,10'-6 cm/s,910.0,caco2_permeability,Permeability,(cm/s),ChEMBL
A,CCCCCCOc1ccc(C(=O)CCN(C)C)cc1C(F)(F)F,CHEMBL560972,permeability,10'-6 cm/s,930.0,permeability,10'-6 cm/s,930.0,caco2_permeability,Permeability,(cm/s),ChEMBL
A,CCCCCCOc1ccc(C(=O)CCN2CCOCC2)c(Cl)c1Cl,CHEMBL550497,permeability,10'-6 cm/s,930.0,permeability,10'-6 cm/s,930.0,caco2_permeability,Permeability,(cm/s),ChEMBL
A,CCCCCCOc1cc(C)c(C(=O)CCN2CC2C)c(C)c1,CHEMBL553624,permeability,10'-6 cm/s,930.0,permeability,10'-6 cm/s,930.0,caco2_permeability,Permeability,(cm/s),ChEMBL
A,CCCCCCOc1ccc(C(=O)CCN(C)C)cc1OC,CHEMBL551184,permeability,10'-6 cm/s,950.0,permeability,10'-6 cm/s,950.0,caco2_permeability,Permeability,(cm/s),ChEMBL
A,CCCCCCS(=O)(=O)c1cc(Cl)c(C(=O)CCN2CC2C)c(Cl)c1,CHEMBL563943,permeability,10'-6 cm/s,980.0,permeability,10'-6 cm/s,980.0,caco2_permeability,Permeability,(cm/s),ChEMBL
A,CCCCCCSc1cc(Cl)c(C(=O)CCN2CCN(C(C)=O)CC2)cc1Cl,CHEMBL563804,permeability,10'-6 cm/s,1010.0,permeability,10'-6 cm/s,1010.0,caco2_permeability,Permeability,(cm/s),ChEMBL
A,CCCCCCS(=O)(=O)c1cc(C)c(C(=O)CCN2CCN(S(=O)(=O)CC)CC2)c(C)c1,CHEMBL549561,permeability,10'-6 cm/s,1010.0,permeability,10'-6 cm/s,1010.0,caco2_permeability,Permeability,(cm/s),ChEMBL
A,CCCCCCOc1ccc(C(=O)CCN(C)C)cc1Cl,CHEMBL572348,permeability,10'-6 cm/s,1020.0,permeability,10'-6 cm/s,1020.0,caco2_permeability,Permeability,(cm/s),ChEMBL
A,CCCCCCOc1ccc(C(=O)CCN(C)C)cc1,CHEMBL560172,permeability,10'-6 cm/s,1040.0,permeability,10'-6 cm/s,1040.0,caco2_permeability,Permeability,(cm/s),ChEMBL
A,CCCCCCOc1ccc(C(=O)CCN(C)C)c(OC)c1,CHEMBL551185,permeability,10'-6 cm/s,1040.0,permeability,10'-6 cm/s,1040.0,caco2_permeability,Permeability,(cm/s),ChEMBL
A,CCCCCCOc1cc(Cl)c(C(=O)CCN(C)C)cc1Cl,CHEMBL550845,permeability,10'-6 cm/s,1040.0,permeability,10'-6 cm/s,1040.0,caco2_permeability,Permeability,(cm/s),ChEMBL
A,CCCCCCSc1cc(Cl)c(C(=O)CCN2CCN(C(C)=O)CC2)c(Cl)c1,CHEMBL550752,permeability,10'-6 cm/s,1060.0,permeability,10'-6 cm/s,1060.0,caco2_permeability,Permeability,(cm/s),ChEMBL
A,CCCCCCOc1cc(C)ccc1C(=O)CCN(C)C,CHEMBL560148,permeability,10'-6 cm/s,1100.0,permeability,10'-6 cm/s,1100.0,caco2_permeability,Permeability,(cm/s),ChEMBL
A,CCCCCCS(=O)(=O)c1ccc(C(=O)CCN2CCNC(=O)C2)c(Cl)c1Cl,CHEMBL550295,permeability,10'-6 cm/s,1100.0,permeability,10'-6 cm/s,1100.0,caco2_permeability,Permeability,(cm/s),ChEMBL
A,CCCCCCS(=O)(=O)c1cc(C)c(C(=O)CCN2CCOCC2)c(C)c1,CHEMBL550090,permeability,10'-6 cm/s,1140.0,permeability,10'-6 cm/s,1140.0,caco2_permeability,Permeability,(cm/s),ChEMBL
A,CCCCCCS(=O)(=O)c1cc(C)c(C(=O)CCN2CC2C)c(C)c1,CHEMBL562173,permeability,10'-6 cm/s,1200.0,permeability,10'-6 cm/s,1200.0,caco2_permeability,Permeability,(cm/s),ChEMBL
A,CCCCCCOc1ccc(C(=O)CCN(C)C)cc1C,CHEMBL539393,permeability,10'-6 cm/s,1230.0,permeability,10'-6 cm/s,1230.0,caco2_permeability,Permeability,(cm/s),ChEMBL
A,CCCCCCOc1ccc(C(=O)C(CN(C)C)C(C)C)cc1,CHEMBL550765,permeability,10'-6 cm/s,1260.0,permeability,10'-6 cm/s,1260.0,caco2_permeability,Permeability,(cm/s),ChEMBL
A,CCCCCCOc1ccc(C(=O)CCN(C)C)cc1SC,CHEMBL552105,permeability,10'-6 cm/s,1270.0,permeability,10'-6 cm/s,1270.0,caco2_permeability,Permeability,(cm/s),ChEMBL
A,CCCCCCOc1ccc(C(=O)CCN2CCCC2)cc1,CHEMBL553652,permeability,10'-6 cm/s,1280.0,permeability,10'-6 cm/s,1280.0,caco2_permeability,Permeability,(cm/s),ChEMBL
A,CCCCCCOc1ccc(C(=O)CCN2C(=O)CCC2=O)cc1,CHEMBL551046,permeability,10'-6 cm/s,1300.0,permeability,10'-6 cm/s,1300.0,caco2_permeability,Permeability,(cm/s),ChEMBL
A,CCCCCCSc1cc(Cl)c(C(=O)CCN2CCOCC2)cc1Cl,CHEMBL563154,permeability,10'-6 cm/s,1310.0,permeability,10'-6 cm/s,1310.0,caco2_permeability,Permeability,(cm/s),ChEMBL
A,CCCCCCOc1ccc(C(=O)CCN(C)C)cc1[N+](=O)[O-],CHEMBL558107,permeability,10'-6 cm/s,1340.0,permeability,10'-6 cm/s,1340.0,caco2_permeability,Permeability,(cm/s),ChEMBL
A,CCCCCCOc1ccc(C(=O)C(C)CN(C)C)cc1,CHEMBL570307,permeability,10'-6 cm/s,1350.0,permeability,10'-6 cm/s,1350.0,caco2_permeability,Permeability,(cm/s),ChEMBL
A,CCCCCCSc1ccc(C(=O)CCN2CCNC(=O)C2)c(Cl)c1,CHEMBL551975,permeability,10'-6 cm/s,1360.0,permeability,10'-6 cm/s,1360.0,caco2_permeability,Permeability,(cm/s),ChEMBL
A,CCCCCCOc1cc(Cl)c(C(=O)CCN2CCNC(=O)C2)c(Cl)c1,CHEMBL571226,permeability,10'-6 cm/s,1380.0,permeability,10'-6 cm/s,1380.0,caco2_permeability,Permeability,(cm/s),ChEMBL
A,CCCCCCOc1ccc2cc(C(=O)CCN(C)C)ccc2c1,CHEMBL538150,permeability,10'-6 cm/s,1420.0,permeability,10'-6 cm/s,1420.0,caco2_permeability,Permeability,(cm/s),ChEMBL
A,CCCCCCSc1ccc(C(=O)CCN2CCN(C(C)=O)CC2)c(Cl)c1,CHEMBL560369,permeability,10'-6 cm/s,1420.0,permeability,10'-6 cm/s,1420.0,caco2_permeability,Permeability,(cm/s),ChEMBL
A,CCCCCCOc1ccc(C(=O)CCN(C)C)c(SC)c1,CHEMBL552106,permeability,10'-6 cm/s,1450.0,permeability,10'-6 cm/s,1450.0,caco2_permeability,Permeability,(cm/s),ChEMBL
A,CCCCCCSc1ccc(C(=O)CCN(C)C)cc1,CHEMBL553190,permeability,10'-6 cm/s,1470.0,permeability,10'-6 cm/s,1470.0,caco2_permeability,Permeability,(cm/s),ChEMBL
A,CCCCCCOc1ccc(C(=O)CCn2ccnc2)cc1,CHEMBL560309,permeability,10'-6 cm/s,1490.0,permeability,10'-6 cm/s,1490.0,caco2_permeability,Permeability,(cm/s),ChEMBL
A,CCCCCCOc1cc(Cl)c(C(=O)CCN2CCN(C(C)=O)CC2)cc1Cl,CHEMBL552048,permeability,10'-6 cm/s,1540.0,permeability,10'-6 cm/s,1540.0,caco2_permeability,Permeability,(cm/s),ChEMBL
A,CCCCCCOc1cc(C)c(C(=O)CCN2CCN(C(C)=O)CC2)c(C)c1,CHEMBL551106,permeability,10'-6 cm/s,1550.0,permeability,10'-6 cm/s,1550.0,caco2_permeability,Permeability,(cm/s),ChEMBL
A,CCCCCCSc1ccc(C(=O)CCN2CCNC(=O)C2)c(Cl)c1Cl,CHEMBL569845,permeability,10'-6 cm/s,1600.0,permeability,10'-6 cm/s,1600.0,caco2_permeability,Permeability,(cm/s),ChEMBL
A,CCCCCCOc1ccc(C(=O)CCN2CC2C)cc1,CHEMBL562250,permeability,10'-6 cm/s,1660.0,permeability,10'-6 cm/s,1660.0,caco2_permeability,Permeability,(cm/s),ChEMBL
A,CCCCCCOc1cc(Cl)c(C(=O)CCN2CCOCC2)cc1Cl,CHEMBL540471,permeability,10'-6 cm/s,1770.0,permeability,10'-6 cm/s,1770.0,caco2_permeability,Permeability,(cm/s),ChEMBL
A,CCCCCCOc1ccc(C(=O)CCN2CCOCC2)cc1,CHEMBL561245,permeability,10'-6 cm/s,1790.0,permeability,10'-6 cm/s,1790.0,caco2_permeability,Permeability,(cm/s),ChEMBL
A,CCCCCCS(=O)(=O)c1cc(C)c(C(=O)CCN(C)C)c(C)c1,CHEMBL561649,permeability,10'-6 cm/s,1880.0,permeability,10'-6 cm/s,1880.0,caco2_permeability,Permeability,(cm/s),ChEMBL
A,CCCCCCOc1ccc(C(=O)CCN(C)C)c(Cl)c1,CHEMBL563181,permeability,10'-6 cm/s,1960.0,permeability,10'-6 cm/s,1960.0,caco2_permeability,Permeability,(cm/s),ChEMBL
A,CCCCCCSc1ccc(C(=O)CCN2CCOCC2)c(Cl)c1,CHEMBL541481,permeability,10'-6 cm/s,2050.0,permeability,10'-6 cm/s,2050.0,caco2_permeability,Permeability,(cm/s),ChEMBL
A,CCCCCCOc1ccc(C(=O)CCN2CCCCC2)cc1,CHEMBL121893,permeability,10'-6 cm/s,2130.0,permeability,10'-6 cm/s,2130.0,caco2_permeability,Permeability,(cm/s),ChEMBL
A,CCCCCCOc1ccc(C(=O)CCN2CCN(C)CC2)cc1,CHEMBL551450,permeability,10'-6 cm/s,2300.0,permeability,10'-6 cm/s,2300.0,caco2_permeability,Permeability,(cm/s),ChEMBL
A,CCCCCCSc1ccc(C(=O)CCN2CCN(C(C)=O)CC2)c(Cl)c1Cl,CHEMBL560569,permeability,10'-6 cm/s,2300.0,permeability,10'-6 cm/s,2300.0,caco2_permeability,Permeability,(cm/s),ChEMBL
A,CCCCCCOc1ccc(C(=O)CCN2CCN(S(=O)(=O)CC)CC2)c(Cl)c1Cl,CHEMBL556270,permeability,10'-6 cm/s,1.0,permeability,10'-6 cm/s,1.0,caco2_permeability,Permeability,(cm/s),ChEMBL
A,CCCCCCOc1cc(Cl)c(C(=O)CCN2CC2C)c(Cl)c1,CHEMBL551962,permeability,10'-6 cm/s,1.0,permeability,10'-6 cm/s,1.0,caco2_permeability,Permeability,(cm/s),ChEMBL
A,CCCCCCOc1cc(Cl)c(C(=O)CCN2CCOCC2)c(Cl)c1,CHEMBL550905,permeability,10'-6 cm/s,1.0,permeability,10'-6 cm/s,1.0,caco2_permeability,Permeability,(cm/s),ChEMBL
A,CCCCCCCc1ccc(C(=O)CCN(C)C)cc1,CHEMBL561850,permeability,10'-6 cm/s,1550.0,permeability,10'-6 cm/s,1550.0,caco2_permeability,Permeability,(cm/s),ChEMBL
A,O=C(Cn1cnc(NC(=O)c2ccc(Cl)s2)n1)Nc1ccc(-n2ccccc2=O)cc1F,CHEMBL564248,permeability,10'-6 cm/s,0.9,permeability,10'-6 cm/s,0.9,caco2_permeability,Permeability,(cm/s),ChEMBL
A,O=C(CN1C[C@H](NC(=O)c2ccc(Cl)s2)[C@@H](O)C1)Nc1ccc(-n2ccccc2=O)cc1F,CHEMBL561318,permeability,10'-6 cm/s,1.5,permeability,10'-6 cm/s,1.5,caco2_permeability,Permeability,(cm/s),ChEMBL
A,O=C(CN1C[C@H](NC(=O)c2ccc(Cl)s2)[C@@H](OCCO)C1)Nc1ccc(-n2ccccc2=O)cc1F,CHEMBL558637,permeability,10'-6 cm/s,0.4,permeability,10'-6 cm/s,0.4,caco2_permeability,Permeability,(cm/s),ChEMBL
B,OCC12C3C4C1N(Cc1ccccc1)C1(CO)C(CO)(C4c4ccccc4)C(N3Cc3ccccc3)C1(CO)C2c1ccccc1,CHEMBL555487,permeability,10'-4 cm/s,2.36,permeability,10'-4 cm/s,2.36,caco2_permeability,Permeability,(cm/s),ChEMBL
B,OCC12C3C4C1N(Cc1ccccc1)C1(CO)C(CO)(C4c4ccccc4)C(N3Cc3ccccc3)C1(CO)C2c1ccccc1,CHEMBL555487,permeability,10'-4 cm/s,2.4,permeability,10'-4 cm/s,2.4,caco2_permeability,Permeability,(cm/s),ChEMBL
B,OCC12C3C4C1N(Cc1ccccc1)C1(CO)C(CO)(C4c4ccccc4)C(N3Cc3ccccc3)C1(CO)C2c1ccccc1,CHEMBL555487,permeability,10'-4 cm/s,2.05,permeability,10'-4 cm/s,2.05,caco2_permeability,Permeability,(cm/s),ChEMBL
B,COc1ccc2c(c1)c(CC(=O)O)c(C)n2C(=O)c1ccc(Cl)cc1,CHEMBL6,permeability,10'-4 cm/s,1.31,permeability,10'-4 cm/s,1.31,caco2_permeability,Permeability,(cm/s),ChEMBL
B,COc1ccc2c(c1)c(CC(=O)O)c(C)n2C(=O)c1ccc(Cl)cc1,CHEMBL6,permeability,10'-4 cm/s,1.84,permeability,10'-4 cm/s,1.84,caco2_permeability,Permeability,(cm/s),ChEMBL
B,COc1ccc2c(c1)c(CC(=O)O)c(C)n2C(=O)c1ccc(Cl)cc1,CHEMBL6,permeability,10'-4 cm/s,1.78,permeability,10'-4 cm/s,1.78,caco2_permeability,Permeability,(cm/s),ChEMBL
A,C[C@]12CC[C@H]3[C@@H](CCC4=CC(=O)CC[C@@]43C)[C@@H]1CC[C@@H]2O,CHEMBL386630,permeability,10'-6 cm/s,17.0,permeability,10'-6 cm/s,17.0,caco2_permeability,Permeability,(cm/s),ChEMBL
A,COc1ccc(CCN(C)CCCC(C#N)(c2ccc(OC)c(OC)c2)C(C)C)cc1OC,CHEMBL6966,permeability,10'-6 cm/s,16.0,permeability,10'-6 cm/s,16.0,caco2_permeability,Permeability,(cm/s),ChEMBL
A,CN(C)CCCN1c2ccccc2CCc2ccccc21,CHEMBL11,permeability,10'-6 cm/s,13.0,permeability,10'-6 cm/s,13.0,caco2_permeability,Permeability,(cm/s),ChEMBL
A,CNCCCN1c2ccccc2CCc2ccccc21,CHEMBL72,permeability,10'-6 cm/s,12.0,permeability,10'-6 cm/s,12.0,caco2_permeability,Permeability,(cm/s),ChEMBL
A,CC(=O)[C@H]1CC[C@H]2[C@@H]3CCC4=CC(=O)CC[C@]4(C)[C@H]3CC[C@]12C,CHEMBL103,permeability,10'-6 cm/s,9.3,permeability,10'-6 cm/s,9.3,caco2_permeability,Permeability,(cm/s),ChEMBL
A,CN(C)CCCN1c2ccccc2Sc2ccccc21,CHEMBL564,permeability,10'-6 cm/s,8.8,permeability,10'-6 cm/s,8.8,caco2_permeability,Permeability,(cm/s),ChEMBL
A,CN(C)CCCN1c2ccccc2Sc2ccc(Cl)cc21,CHEMBL71,permeability,10'-6 cm/s,6.5,permeability,10'-6 cm/s,6.5,caco2_permeability,Permeability,(cm/s),ChEMBL
A,Clc1cccc(Cl)c1NC1=NCCN1,CHEMBL134,permeability,10'-6 cm/s,5.3,permeability,10'-6 cm/s,5.3,caco2_permeability,Permeability,(cm/s),ChEMBL
A,C[C@]12C[C@H](O)[C@H]3[C@@H](CCC4=CC(=O)CC[C@@]43C)[C@@H]1CC[C@@H]2C(=O)CO,CHEMBL110739,permeability,10'-6 cm/s,5.1,permeability,10'-6 cm/s,5.1,caco2_permeability,Permeability,(cm/s),ChEMBL
A,CN1C(C(=O)Nc2ccccn2)=C(O)c2ccccc2S1(=O)=O,CHEMBL527,permeability,10'-6 cm/s,2.5,permeability,10'-6 cm/s,2.5,caco2_permeability,Permeability,(cm/s),ChEMBL
A,C[C@]12CCC(=O)C=C1CC[C@@H]1[C@@H]2[C@@H](O)C[C@@]2(C)[C@H]1CC[C@]2(O)C(=O)CO,CHEMBL389621,permeability,10'-6 cm/s,1.9,permeability,10'-6 cm/s,1.9,caco2_permeability,Permeability,(cm/s),ChEMBL
A,Cn1c(=O)c2c(ncn2C)n(C)c1=O,CHEMBL113,permeability,10'-6 cm/s,1.3,permeability,10'-6 cm/s,1.3,caco2_permeability,Permeability,(cm/s),ChEMBL
A,CCn1cc(C(=O)O)c(=O)c2cc(F)c(N3CCNC(C)C3)c(F)c21,CHEMBL561,permeability,10'-6 cm/s,1.1,permeability,10'-6 cm/s,1.1,caco2_permeability,Permeability,(cm/s),ChEMBL
A,CCn1cc(C(=O)O)c(=O)c2cc(F)c(N3CCNCC3)nc21,CHEMBL826,permeability,10'-6 cm/s,0.9,permeability,10'-6 cm/s,0.9,caco2_permeability,Permeability,(cm/s),ChEMBL
A,CC1COc2c(N3CCN(C)CC3)c(F)cc3c(=O)c(C(=O)O)cn1c23,CHEMBL4,permeability,10'-6 cm/s,0.8,permeability,10'-6 cm/s,0.8,caco2_permeability,Permeability,(cm/s),ChEMBL
A,Cl.Cl.Cl.Cl.O=C(NCCCCCCNc1c2c(nc3cc(Cl)ccc13)CCCC2)c1ccc2nc(-c3ccc(Cl)cc3)c3c(c2c1)OCCC3,CHEMBL3216429,permeability,10'-6 cm/s,14.9,permeability,10'-6 cm/s,14.9,caco2_permeability,Permeability,(cm/s),ChEMBL
A,Cl.Cl.Cl.Cl.O=C(NCCCCCCCNc1c2c(nc3cc(Cl)ccc13)CCCC2)c1ccc2nc(-c3ccc(Cl)cc3)c3c(c2c1)OCCC3,CHEMBL3215572,permeability,10'-6 cm/s,17.7,permeability,10'-6 cm/s,17.7,caco2_permeability,Permeability,(cm/s),ChEMBL
A,Cl.Cl.O=C(CCc1ccc2nc(-c3ccccc3)c3c(c2c1)OCCC3)NCCCCCNc1c2c(nc3cc(Cl)ccc13)CCCC2,CHEMBL2448076,permeability,10'-6 cm/s,10.6,permeability,10'-6 cm/s,10.6,caco2_permeability,Permeability,(cm/s),ChEMBL
A,Cl.Cl.Cl.O=C(CCc1ccc2nc(-c3ccccc3)c3c(c2c1)OCCC3)NCCCCCCCNc1c2c(nc3cc(Cl)ccc13)CCCC2,CHEMBL3216221,permeability,10'-6 cm/s,10.2,permeability,10'-6 cm/s,10.2,caco2_permeability,Permeability,(cm/s),ChEMBL
A,Cl.Cl.Cl.O=C(CCc1ccc2nc(-c3ccccc3)c3c(c2c1)OCCC3)NCCCCCCCCNc1c2c(nc3cc(Cl)ccc13)CCCC2,CHEMBL3215574,permeability,10'-6 cm/s,10.1,permeability,10'-6 cm/s,10.1,caco2_permeability,Permeability,(cm/s),ChEMBL
A,C[C@]12CC[C@H]3[C@@H](CCC4=CC(=O)CC[C@@]43C)[C@@H]1CC[C@@H]2O,CHEMBL386630,permeability,10'-6 cm/s,38.9,permeability,10'-6 cm/s,38.9,caco2_permeability,Permeability,(cm/s),ChEMBL
A,COc1ccc(CCN(C)CCCC(C#N)(c2ccc(OC)c(OC)c2)C(C)C)cc1OC,CHEMBL6966,permeability,10'-6 cm/s,28.3,permeability,10'-6 cm/s,28.3,caco2_permeability,Permeability,(cm/s),ChEMBL
A,CN(C)CCCN1c2ccccc2CCc2ccccc21,CHEMBL11,permeability,10'-6 cm/s,22.3,permeability,10'-6 cm/s,22.3,caco2_permeability,Permeability,(cm/s),ChEMBL
A,CNCCCN1c2ccccc2CCc2ccccc21,CHEMBL72,permeability,10'-6 cm/s,24.4,permeability,10'-6 cm/s,24.4,caco2_permeability,Permeability,(cm/s),ChEMBL
A,CC(=O)[C@H]1CC[C@H]2[C@@H]3CCC4=CC(=O)CC[C@]4(C)[C@H]3CC[C@]12C,CHEMBL103,permeability,10'-6 cm/s,26.1,permeability,10'-6 cm/s,26.1,caco2_permeability,Permeability,(cm/s),ChEMBL
A,CN(C)CCCN1c2ccccc2Sc2ccccc21,CHEMBL564,permeability,10'-6 cm/s,22.4,permeability,10'-6 cm/s,22.4,caco2_permeability,Permeability,(cm/s),ChEMBL
A,CN(C)CCCN1c2ccccc2Sc2ccc(Cl)cc21,CHEMBL71,permeability,10'-6 cm/s,13.6,permeability,10'-6 cm/s,13.6,caco2_permeability,Permeability,(cm/s),ChEMBL
A,Clc1cccc(Cl)c1NC1=NCCN1,CHEMBL134,permeability,10'-6 cm/s,14.1,permeability,10'-6 cm/s,14.1,caco2_permeability,Permeability,(cm/s),ChEMBL
A,C[C@]12C[C@H](O)[C@H]3[C@@H](CCC4=CC(=O)CC[C@@]43C)[C@@H]1CC[C@@H]2C(=O)CO,CHEMBL110739,permeability,10'-6 cm/s,6.4,permeability,10'-6 cm/s,6.4,caco2_permeability,Permeability,(cm/s),ChEMBL
A,CN1C(C(=O)Nc2ccccn2)=C(O)c2ccccc2S1(=O)=O,CHEMBL527,permeability,10'-6 cm/s,3.0,permeability,10'-6 cm/s,3.0,caco2_permeability,Permeability,(cm/s),ChEMBL
A,C[C@]12CCC(=O)C=C1CC[C@@H]1[C@@H]2[C@@H](O)C[C@@]2(C)[C@H]1CC[C@]2(O)C(=O)CO,CHEMBL389621,permeability,10'-6 cm/s,4.9,permeability,10'-6 cm/s,4.9,caco2_permeability,Permeability,(cm/s),ChEMBL
A,Cn1c(=O)c2c(ncn2C)n(C)c1=O,CHEMBL113,permeability,10'-6 cm/s,4.4,permeability,10'-6 cm/s,4.4,caco2_permeability,Permeability,(cm/s),ChEMBL
A,CCn1cc(C(=O)O)c(=O)c2cc(F)c(N3CCNC(C)C3)c(F)c21,CHEMBL561,permeability,10'-6 cm/s,2.8,permeability,10'-6 cm/s,2.8,caco2_permeability,Permeability,(cm/s),ChEMBL
A,CCn1cc(C(=O)O)c(=O)c2cc(F)c(N3CCNCC3)nc21,CHEMBL826,permeability,10'-6 cm/s,4.2,permeability,10'-6 cm/s,4.2,caco2_permeability,Permeability,(cm/s),ChEMBL
A,CC1COc2c(N3CCN(C)CC3)c(F)cc3c(=O)c(C(=O)O)cn1c23,CHEMBL4,permeability,10'-6 cm/s,2.6,permeability,10'-6 cm/s,2.6,caco2_permeability,Permeability,(cm/s),ChEMBL
A,Cl.Cl.Cl.O=C(CCc1ccc2nc(-c3ccccc3)c3c(c2c1)OCCC3)NCCCCNc1c2c(nc3cc(Cl)ccc13)CCCC2,CHEMBL3216018,permeability,10'-6 cm/s,15.1,permeability,10'-6 cm/s,15.1,caco2_permeability,Permeability,(cm/s),ChEMBL
A,Cl.Cl.Cl.O=C(CCc1ccc2nc(-c3ccccc3)c3c(c2c1)OCCC3)NCCCCCCNc1c2c(nc3cc(Cl)ccc13)CCCC2,CHEMBL3215573,permeability,10'-6 cm/s,13.2,permeability,10'-6 cm/s,13.2,caco2_permeability,Permeability,(cm/s),ChEMBL
A,COC(=O)CCc1ccc2nc(-c3ccccc3)c3c(c2c1)OCCC3.Cl,CHEMBL554901,permeability,10'-6 cm/s,21.4,permeability,10'-6 cm/s,21.4,caco2_permeability,Permeability,(cm/s),ChEMBL
A,Cl.Nc1c2c(nc3cc(Cl)ccc13)CCCC2,CHEMBL486698,permeability,10'-6 cm/s,19.8,permeability,10'-6 cm/s,19.8,caco2_permeability,Permeability,(cm/s),ChEMBL
A,C[C@]12CC[C@H]3[C@@H](CCC4=CC(=O)CC[C@@]43C)[C@@H]1CC[C@@H]2O,CHEMBL386630,permeability,10'-6 cm/s,27.6,permeability,10'-6 cm/s,27.6,caco2_permeability,Permeability,(cm/s),ChEMBL
A,COc1ccc(CCN(C)CCCC(C#N)(c2ccc(OC)c(OC)c2)C(C)C)cc1OC,CHEMBL6966,permeability,10'-6 cm/s,26.7,permeability,10'-6 cm/s,26.7,caco2_permeability,Permeability,(cm/s),ChEMBL
A,CN(C)CCCN1c2ccccc2CCc2ccccc21,CHEMBL11,permeability,10'-6 cm/s,19.2,permeability,10'-6 cm/s,19.2,caco2_permeability,Permeability,(cm/s),ChEMBL
A,CNCCCN1c2ccccc2CCc2ccccc21,CHEMBL72,permeability,10'-6 cm/s,22.9,permeability,10'-6 cm/s,22.9,caco2_permeability,Permeability,(cm/s),ChEMBL
A,CN(C)CCCN1c2ccccc2Sc2ccccc21,CHEMBL564,permeability,10'-6 cm/s,13.2,permeability,10'-6 cm/s,13.2,caco2_permeability,Permeability,(cm/s),ChEMBL
A,CN(C)CCCN1c2ccccc2Sc2ccc(Cl)cc21,CHEMBL71,permeability,10'-6 cm/s,8.5,permeability,10'-6 cm/s,8.5,caco2_permeability,Permeability,(cm/s),ChEMBL
A,Clc1cccc(Cl)c1NC1=NCCN1,CHEMBL134,permeability,10'-6 cm/s,10.2,permeability,10'-6 cm/s,10.2,caco2_permeability,Permeability,(cm/s),ChEMBL
A,C[C@]12C[C@H](O)[C@H]3[C@@H](CCC4=CC(=O)CC[C@@]43C)[C@@H]1CC[C@@H]2C(=O)CO,CHEMBL110739,permeability,10'-6 cm/s,8.8,permeability,10'-6 cm/s,8.8,caco2_permeability,Permeability,(cm/s),ChEMBL
A,CN1C(C(=O)Nc2ccccn2)=C(O)c2ccccc2S1(=O)=O,CHEMBL527,permeability,10'-6 cm/s,2.5,permeability,10'-6 cm/s,2.5,caco2_permeability,Permeability,(cm/s),ChEMBL
A,C[C@]12CCC(=O)C=C1CC[C@@H]1[C@@H]2[C@@H](O)C[C@@]2(C)[C@H]1CC[C@]2(O)C(=O)CO,CHEMBL389621,permeability,10'-6 cm/s,4.9,permeability,10'-6 cm/s,4.9,caco2_permeability,Permeability,(cm/s),ChEMBL
A,Cn1c(=O)c2c(ncn2C)n(C)c1=O,CHEMBL113,permeability,10'-6 cm/s,4.7,permeability,10'-6 cm/s,4.7,caco2_permeability,Permeability,(cm/s),ChEMBL
A,CCn1cc(C(=O)O)c(=O)c2cc(F)c(N3CCNC(C)C3)c(F)c21,CHEMBL561,permeability,10'-6 cm/s,4.3,permeability,10'-6 cm/s,4.3,caco2_permeability,Permeability,(cm/s),ChEMBL
A,CCn1cc(C(=O)O)c(=O)c2cc(F)c(N3CCNCC3)nc21,CHEMBL826,permeability,10'-6 cm/s,4.7,permeability,10'-6 cm/s,4.7,caco2_permeability,Permeability,(cm/s),ChEMBL
A,CC1COc2c(N3CCN(C)CC3)c(F)cc3c(=O)c(C(=O)O)cn1c23,CHEMBL4,permeability,10'-6 cm/s,3.1,permeability,10'-6 cm/s,3.1,caco2_permeability,Permeability,(cm/s),ChEMBL
A,Cn1c(-c2ccc(OCCCN3CCCC3)cc2)nc2ccccc2c1=O,CHEMBL488248,permeability,,1.9,permeability,,1.9,caco2_permeability,Permeability,(cm/s),ChEMBL
A,Cn1c(-c2ccc(OCCCN3CCCC3)cc2)nc2ccccc2c1=O,CHEMBL488248,permeability,,2.1,permeability,,2.1,caco2_permeability,Permeability,(cm/s),ChEMBL
A,CC(C)n1c(=O)c(C(=O)N[C@H]2C[C@H]3CC[C@@H](C2)N3CCCN2CCC[C@@H]2C(N)=O)cc2ccccc21,CHEMBL558855,permeability,10'-6 cm/s,2.0,permeability,10'-6 cm/s,2.0,caco2_permeability,Permeability,(cm/s),ChEMBL
A,CC(C)n1c(=O)c(C(=O)N[C@H]2C[C@H]3CC[C@@H](C2)N3CCCCCCCN2CCC[C@@H]2C(N)=O)cc2ccccc21,CHEMBL539713,permeability,10'-6 cm/s,9.0,permeability,10'-6 cm/s,9.0,caco2_permeability,Permeability,(cm/s),ChEMBL
A,CCOC(=O)N1CCN(CCCN2[C@@H]3CC[C@H]2C[C@@H](NC(=O)c2cc4ccccc4n(C(C)C)c2=O)C3)CC1,CHEMBL540980,permeability,10'-6 cm/s,31.0,permeability,10'-6 cm/s,31.0,caco2_permeability,Permeability,(cm/s),ChEMBL
A,CCOC(=O)N1CCN(CCCCCCCN2[C@@H]3CC[C@H]2C[C@@H](NC(=O)c2cc4ccccc4n(C(C)C)c2=O)C3)CC1,CHEMBL538956,permeability,10'-6 cm/s,14.0,permeability,10'-6 cm/s,14.0,caco2_permeability,Permeability,(cm/s),ChEMBL
A,CC(C)n1c(=O)c(C(=O)N[C@H]2C[C@H]3CC[C@@H](C2)N3CCCN2CCN(S(C)(=O)=O)CC2)cc2ccccc21,CHEMBL549449,permeability,10'-6 cm/s,20.0,permeability,10'-6 cm/s,20.0,caco2_permeability,Permeability,(cm/s),ChEMBL
A,CC(C)n1c(=O)c(C(=O)N[C@H]2C[C@H]3CC[C@@H](C2)N3CCCCCCCN2CCN(S(C)(=O)=O)CC2)cc2ccccc21,CHEMBL555693,permeability,10'-6 cm/s,22.0,permeability,10'-6 cm/s,22.0,caco2_permeability,Permeability,(cm/s),ChEMBL
A,CC(C)n1c(=O)c(C(=O)N[C@H]2C[C@H]3CC[C@@H](C2)N3CCCN2CCOCC2)cc2ccccc21,CHEMBL549650,permeability,10'-6 cm/s,22.0,permeability,10'-6 cm/s,22.0,caco2_permeability,Permeability,(cm/s),ChEMBL
A,CC(C)n1c(=O)c(C(=O)N[C@H]2C[C@H]3CC[C@@H](C2)N3CCCCCCCN2CCOCC2)cc2ccccc21,CHEMBL559322,permeability,10'-6 cm/s,28.0,permeability,10'-6 cm/s,28.0,caco2_permeability,Permeability,(cm/s),ChEMBL
A,CC(C)n1c(=O)c(C(=O)N[C@H]2C[C@H]3CC[C@@H](C2)N3CCCN(C)CCCN(C)S(C)(=O)=O)cc2ccccc21,CHEMBL559050,permeability,10'-6 cm/s,4.0,permeability,10'-6 cm/s,4.0,caco2_permeability,Permeability,(cm/s),ChEMBL
A,CC(C)n1c(=O)c(C(=O)N[C@H]2C[C@H]3CC[C@@H](C2)N3CCCCCCCN(C)CCCN(C)S(C)(=O)=O)cc2ccccc21,CHEMBL553404,permeability,10'-6 cm/s,3.0,permeability,10'-6 cm/s,3.0,caco2_permeability,Permeability,(cm/s),ChEMBL
A,CC(C)n1c(=O)c(C(=O)N[C@H]2C[C@H]3CC[C@@H](C2)N3CCCN2CCN(c3ccccc3)CC2)cc2ccccc21,CHEMBL555222,permeability,10'-6 cm/s,22.0,permeability,10'-6 cm/s,22.0,caco2_permeability,Permeability,(cm/s),ChEMBL
A,CC(C)n1c(=O)c(C(=O)N[C@H]2C[C@H]3CC[C@@H](C2)N3CCCCCCCN2CCN(c3ccccc3)CC2)cc2ccccc21,CHEMBL539651,permeability,10'-6 cm/s,20.0,permeability,10'-6 cm/s,20.0,caco2_permeability,Permeability,(cm/s),ChEMBL
A,CC(C)n1c(=O)c(C(=O)N[C@H]2C[C@H]3CC[C@@H](C2)N3CCCN2CCCCC2)cc2ccccc21,CHEMBL561398,permeability,10'-6 cm/s,24.0,permeability,10'-6 cm/s,24.0,caco2_permeability,Permeability,(cm/s),ChEMBL
A,CC(C)n1c(=O)c(C(=O)N[C@H]2C[C@H]3CC[C@@H](C2)N3CCCCCCCN2CCCCC2)cc2ccccc21,CHEMBL551013,permeability,10'-6 cm/s,23.0,permeability,10'-6 cm/s,23.0,caco2_permeability,Permeability,(cm/s),ChEMBL
A,CC(C)n1c(=O)c(C(=O)N[C@H]2C[C@H]3CC[C@@H](C2)N3CCCN2CCC(CNS(C)(=O)=O)CC2)cc2ccccc21,CHEMBL555223,permeability,10'-6 cm/s,3.0,permeability,10'-6 cm/s,3.0,caco2_permeability,Permeability,(cm/s),ChEMBL
A,CC(C)n1c(=O)c(C(=O)N[C@H]2C[C@H]3CC[C@@H](C2)N3CCCCCCCN2CCC(CNS(C)(=O)=O)CC2)cc2ccccc21,CHEMBL540981,permeability,10'-6 cm/s,2.0,permeability,10'-6 cm/s,2.0,caco2_permeability,Permeability,(cm/s),ChEMBL
A,CC(C)n1c(=O)c(C(=O)N[C@H]2C[C@H]3CC[C@@H](C2)N3CC(O)CN2CCN(S(C)(=O)=O)CC2)cc2ccccc21,CHEMBL553405,permeability,10'-6 cm/s,19.0,permeability,10'-6 cm/s,19.0,caco2_permeability,Permeability,(cm/s),ChEMBL
A,CC(C)n1c(=O)c(C(=O)N[C@H]2C[C@H]3CC[C@@H](C2)N3C[C@H](O)CN2CCN(S(C)(=O)=O)CC2)cc2ccccc21,CHEMBL541968,permeability,10'-6 cm/s,20.0,permeability,10'-6 cm/s,20.0,caco2_permeability,Permeability,(cm/s),ChEMBL
A,CC(C)n1c(=O)c(C(=O)N[C@H]2C[C@H]3CC[C@@H](C2)N3C[C@@H](O)CN2CCN(S(C)(=O)=O)CC2)cc2ccccc21,CHEMBL538635,permeability,10'-6 cm/s,14.0,permeability,10'-6 cm/s,14.0,caco2_permeability,Permeability,(cm/s),ChEMBL
A,O=C(NC1CC2CCC(C1)N2Cc1ccc2cc(F)ccc2c1)c1ccccc1-c1ccccc1,CHEMBL522295,permeability,10'-6 cm/s,30.0,permeability,10'-6 cm/s,30.0,caco2_permeability,Permeability,(cm/s),ChEMBL
A,O=C(NC1CC2CCC(C1)N2Cc1ccc2cc(F)ccc2c1)c1cc[n+]([O-])cc1C(=O)N1CCCCC1,CHEMBL562897,permeability,10'-6 cm/s,4.7,permeability,10'-6 cm/s,4.7,caco2_permeability,Permeability,(cm/s),ChEMBL
A,O=C(C=C1CCN(C(=O)c2ccccc2)CC1)N[C@@H]1CCN(Cc2ccc3cc(F)ccc3c2)C1,CHEMBL563189,permeability,10'-6 cm/s,19.9,permeability,10'-6 cm/s,19.9,caco2_permeability,Permeability,(cm/s),ChEMBL
A,Cc1ccc(C(=O)N2CCC(=CC(=O)N[C@@H]3CCN(Cc4ccc5cc(F)ccc5c4)C3)CC2)c(O)c1,CHEMBL560275,permeability,10'-6 cm/s,27.3,permeability,10'-6 cm/s,27.3,caco2_permeability,Permeability,(cm/s),ChEMBL
A,CCCCCNC(=N)N/N=C/c1c[nH]c2ccc(OC)cc12,CHEMBL76370,permeability,10'-6 cm/s,11.0,permeability,10'-6 cm/s,11.0,caco2_permeability,Permeability,(cm/s),ChEMBL
A,COCCCn1c(CN2C(=O)/C(=N/OC)c3ccccc32)nc2ccccc21,CHEMBL549588,permeability,nM/s,188.0,permeability,nM/s,188.0,caco2_permeability,Permeability,(cm/s),ChEMBL
A,COCCCn1c(CN2C(=O)/C(=N/OCC(F)(F)F)c3ccccc32)nc2ccccc21,CHEMBL560199,permeability,nM/s,652.0,permeability,nM/s,652.0,caco2_permeability,Permeability,(cm/s),ChEMBL
A,COCCCn1c(CN2C(=O)/C(=N/OCC(N)=O)c3ccccc32)nc2ccccc21,CHEMBL551674,permeability,nM/s,15.0,permeability,nM/s,15.0,caco2_permeability,Permeability,(cm/s),ChEMBL
A,N#CCCCn1c(CN2C(=O)/C(=N/OCC(N)=O)c3ccccc32)nc2ccccc21,CHEMBL556086,permeability,nM/s,30.0,permeability,nM/s,30.0,caco2_permeability,Permeability,(cm/s),ChEMBL
A,COCCCn1c(CN2C(=O)/C(=N/OCc3ccncc3)c3ccccc32)nc2ccccc21,CHEMBL552275,permeability,nM/s,214.0,permeability,nM/s,214.0,caco2_permeability,Permeability,(cm/s),ChEMBL
A,COCCCn1c(CN2C(=O)/C(=N/OCc3ccc(C(=O)N(C)C)cc3)c3ccccc32)nc2ccccc21,CHEMBL560936,permeability,nM/s,237.0,permeability,nM/s,237.0,caco2_permeability,Permeability,(cm/s),ChEMBL
A,CS(=O)(=O)c1ccc(CO/N=C2/C(=O)N(Cc3nc4ccccc4n3CCCCO)c3ccccc32)cc1,CHEMBL551336,permeability,nM/s,152.0,permeability,nM/s,152.0,caco2_permeability,Permeability,(cm/s),ChEMBL
A,O=C1/C(=N/O)c2ccncc2N1Cc1nc2ccccc2n1CCCCF,CHEMBL561137,permeability,nM/s,27.0,permeability,nM/s,27.0,caco2_permeability,Permeability,(cm/s),ChEMBL
A,N#CCCCn1c(CN2C(=O)/C(=N/O)c3cccnc32)nc2ccccc21,CHEMBL562733,permeability,nM/s,42.0,permeability,nM/s,42.0,caco2_permeability,Permeability,(cm/s),ChEMBL
A,CC(=O)OCCCCn1c(CN2C(=O)/C(=N/O)c3cccnc32)nc2ccccc21,CHEMBL556646,permeability,nM/s,12.0,permeability,nM/s,12.0,caco2_permeability,Permeability,(cm/s),ChEMBL
A,CO/N=C1/C(=O)N(Cc2nc3ccccc3n2CCCCF)c2cnccc21,CHEMBL552416,permeability,nM/s,128.0,permeability,nM/s,128.0,caco2_permeability,Permeability,(cm/s),ChEMBL
A,CO/N=C1/C(=O)N(Cc2nc3ccccc3n2CCCCO)c2cnccc21,CHEMBL557322,permeability,nM/s,98.0,permeability,nM/s,98.0,caco2_permeability,Permeability,(cm/s),ChEMBL
A,CO/N=C1/C(=O)N(Cc2nc3ccccc3n2CCCC#N)c2ncccc21,CHEMBL561742,permeability,nM/s,160.0,permeability,nM/s,160.0,caco2_permeability,Permeability,(cm/s),ChEMBL
A,CO/N=C1/C(=O)N(Cc2nc3ccccc3n2CCCCO)c2ncccc21,CHEMBL564246,permeability,nM/s,141.0,permeability,nM/s,141.0,caco2_permeability,Permeability,(cm/s),ChEMBL
A,O=C1/C(=N/OCCF)c2ccncc2N1Cc1nc2ccccc2n1CCCCF,CHEMBL560478,permeability,nM/s,158.0,permeability,nM/s,158.0,caco2_permeability,Permeability,(cm/s),ChEMBL
A,O=C1/C(=N/OCCF)c2ccncc2N1Cc1nc2ccccc2n1CCCCO,CHEMBL551073,permeability,nM/s,53.0,permeability,nM/s,53.0,caco2_permeability,Permeability,(cm/s),ChEMBL
A,O=C1/C(=N/OCCF)c2cccnc2N1Cc1nc2ccccc2n1CCCCO,CHEMBL562141,permeability,nM/s,115.0,permeability,nM/s,115.0,caco2_permeability,Permeability,(cm/s),ChEMBL
A,N#CCCCn1c(CN2C(=O)/C(=N/OCCF)c3cccnc32)nc2ccccc21,CHEMBL563264,permeability,nM/s,155.0,permeability,nM/s,155.0,caco2_permeability,Permeability,(cm/s),ChEMBL
A,CS(=O)(=O)CCCn1c(CN2C(=O)/C(=N/OCCF)c3ccncc32)nc2ccccc21,CHEMBL549918,permeability,nM/s,10.0,permeability,nM/s,10.0,caco2_permeability,Permeability,(cm/s),ChEMBL
A,CS(=O)(=O)CCCn1c(CN2C(=O)/C(=N/OCCF)c3cccnc32)nc2ccccc21,CHEMBL564363,permeability,nM/s,182.0,permeability,nM/s,182.0,caco2_permeability,Permeability,(cm/s),ChEMBL
A,O=C1/C(=N/OCC(F)(F)F)c2cccnc2N1Cc1nc2ccccc2n1CCCCO,CHEMBL562536,permeability,nM/s,154.0,permeability,nM/s,154.0,caco2_permeability,Permeability,(cm/s),ChEMBL
A,N#CCCCn1c(CN2C(=O)/C(=N/OCC(F)(F)F)c3cccnc32)nc2ccccc21,CHEMBL560591,permeability,nM/s,180.0,permeability,nM/s,180.0,caco2_permeability,Permeability,(cm/s),ChEMBL
A,CS(=O)(=O)CCCn1c(CN2C(=O)/C(=N/OCc3ccccn3)c3ccncc32)nc2ccccc21,CHEMBL550056,permeability,nM/s,16.0,permeability,nM/s,16.0,caco2_permeability,Permeability,(cm/s),ChEMBL
A,CS(=O)(=O)c1ccc(CO/N=C2/C(=O)N(Cc3nc4ccccc4n3CCCCO)c3ncccc32)cc1,CHEMBL550929,permeability,nM/s,71.0,permeability,nM/s,71.0,caco2_permeability,Permeability,(cm/s),ChEMBL
A,O=c1n(Cc2nc3ccccc3n2CCCCO)c2cnccc2n1C1CC1,CHEMBL243876,permeability,nM/s,143.0,permeability,nM/s,143.0,caco2_permeability,Permeability,(cm/s),ChEMBL
A,Cc1ccc2c(=O)n(C(c3ccccc3)c3ccccc3)c(=O)n(C/C=C/COc3ccc(C(=O)O)cc3)c2c1,CHEMBL561993,permeability,10'-6 cm/s,2.0,permeability,10'-6 cm/s,2.0,caco2_permeability,Permeability,(cm/s),ChEMBL
A,Nc1ccc2c(=O)n(C(c3ccccc3)c3ccccc3)c(=O)n(C/C=C/COc3ccc(C(=O)O)cc3)c2c1,CHEMBL550187,permeability,10'-6 cm/s,0.4,permeability,10'-6 cm/s,0.4,caco2_permeability,Permeability,(cm/s),ChEMBL
A,O=C(O)c1ccc(OC/C=C/Cn2c(=O)n(C(c3ccccc3)c3ccccc3)c(=O)c3ccc([N+](=O)[O-])cc32)cc1,CHEMBL555745,permeability,10'-6 cm/s,2.6,permeability,10'-6 cm/s,2.6,caco2_permeability,Permeability,(cm/s),ChEMBL
A,O=C(O)c1ccc(OC/C=C/Cn2c(=O)n(C(c3ccccc3)c3ccccc3)c(=O)c3ccc(-n4cncn4)cc32)cc1,CHEMBL552704,permeability,10'-6 cm/s,1.6,permeability,10'-6 cm/s,1.6,caco2_permeability,Permeability,(cm/s),ChEMBL
A,COC(=O)C1CCN(c2ccc3c(=O)n(C(c4ccccc4)c4ccccc4)c(=O)n(C/C=C/COc4ccc(C(=O)O)cc4)c3c2)CC1,CHEMBL559347,permeability,10'-6 cm/s,1.0,permeability,10'-6 cm/s,1.0,caco2_permeability,Permeability,(cm/s),ChEMBL
A,O=C(O)c1ccc(OC/C=C/Cn2c(=O)n(C(c3ccccc3)c3ccccc3)c(=O)c3ccc(N4CCOCC4)cc32)cc1,CHEMBL541436,permeability,10'-6 cm/s,1.0,permeability,10'-6 cm/s,1.0,caco2_permeability,Permeability,(cm/s),ChEMBL
A,O=C(O)c1ccc(OC/C=C/Cn2c(=O)n(C(c3ccccc3)c3ccccc3)c(=O)c3ccc(Oc4ccccc4)cc32)cc1,CHEMBL558125,permeability,10'-6 cm/s,0.0,permeability,10'-6 cm/s,0.0,caco2_permeability,Permeability,(cm/s),ChEMBL
A,COc1ccc2c(=O)n(C(c3ccccc3)c3ccccc3)c(=O)n(C/C=C/COc3ccc(C(=O)O)cc3)c2c1,CHEMBL553702,permeability,10'-6 cm/s,1.8,permeability,10'-6 cm/s,1.8,caco2_permeability,Permeability,(cm/s),ChEMBL
A,O=C(O)c1ccc(OC/C=C/Cn2c(=O)n(C(c3ccccc3)c3ccccc3)c(=O)c3ccc(Sc4ccccc4)cc32)cc1,CHEMBL539704,permeability,10'-6 cm/s,0.0,permeability,10'-6 cm/s,0.0,caco2_permeability,Permeability,(cm/s),ChEMBL
A,CS(=O)(=O)c1ccc2c(=O)n(C(c3ccccc3)c3ccccc3)c(=O)n(C/C=C/COc3ccc(C(=O)O)cc3)c2c1,CHEMBL554365,permeability,10'-6 cm/s,0.3,permeability,10'-6 cm/s,0.3,caco2_permeability,Permeability,(cm/s),ChEMBL
A,CSc1ccc2c(=O)n(C(c3ccccc3)c3ccccc3)c(=O)n(C/C=C/COc3ccc(C(=O)O)cc3)c2c1,CHEMBL538432,permeability,10'-6 cm/s,4.5,permeability,10'-6 cm/s,4.5,caco2_permeability,Permeability,(cm/s),ChEMBL
A,O=C(NC[C@@H](NS(=O)(=O)c1cccc(Cl)c1Cl)C(=O)O)c1ccsc1,CHEMBL558917,permeability,10'6cm/s,0.046,permeability,10'6cm/s,0.046,caco2_permeability,Permeability,(cm/s),ChEMBL
A,Cc1cc(C)c(S(=O)(=O)N[C@H](CNC(=O)c2coc(C)n2)C(=O)O)c(C)c1,CHEMBL554267,permeability,10'6cm/s,0.1,permeability,10'6cm/s,0.1,caco2_permeability,Permeability,(cm/s),ChEMBL
A,Cc1cc(C)c(S(=O)(=O)N[C@H](CNC(=O)c2ccnn2C)C(=O)O)c(C)c1,CHEMBL558130,permeability,10'6cm/s,0.021,permeability,10'6cm/s,0.021,caco2_permeability,Permeability,(cm/s),ChEMBL
A,Cc1cc(C)c(S(=O)(=O)N[C@H](CNCC(=O)c2ccoc2)C(=O)O)c(C)c1,CHEMBL564011,permeability,10'6cm/s,0.45,permeability,10'6cm/s,0.45,caco2_permeability,Permeability,(cm/s),ChEMBL
A,Cc1cc(C)c(S(=O)(=O)N[C@H](CN2Cc3ccccc3C2=O)C(=O)O)c(C)c1,CHEMBL560927,permeability,10'6cm/s,0.8,permeability,10'6cm/s,0.8,caco2_permeability,Permeability,(cm/s),ChEMBL
A,COc1ccccc1C(=O)NC[C@@H](NS(=O)(=O)c1c(C)cc(C)cc1C)C(=O)O,CHEMBL560928,permeability,10'6cm/s,4.6,permeability,10'6cm/s,4.6,caco2_permeability,Permeability,(cm/s),ChEMBL
A,Cc1c(CC(=O)O)c2cccnc2n1S(=O)(=O)c1ccc(F)c(F)c1,CHEMBL563949,permeability,10'-6 cm/s,9.5,permeability,10'-6 cm/s,9.5,caco2_permeability,Permeability,(cm/s),ChEMBL
A,Cc1c(CC(=O)O)c2cccnc2n1S(=O)(=O)c1ccc(Cl)c(C#N)c1,CHEMBL559316,permeability,10'-6 cm/s,1.0,permeability,10'-6 cm/s,1.0,caco2_permeability,Permeability,(cm/s),ChEMBL
A,Cc1c(CC(=O)O)c2cccnc2n1S(=O)(=O)c1ccc(F)c(C#N)c1,CHEMBL559044,permeability,10'-6 cm/s,1.4,permeability,10'-6 cm/s,1.4,caco2_permeability,Permeability,(cm/s),ChEMBL
A,Cc1c(CC(=O)O)c2cccnc2n1S(=O)(=O)c1ccc(F)c(F)c1,CHEMBL563949,permeability,10'-6 cm/s,8.8,permeability,10'-6 cm/s,8.8,caco2_permeability,Permeability,(cm/s),ChEMBL
A,Cc1c(CC(=O)O)c2cccnc2n1S(=O)(=O)c1ccc(Cl)c(C#N)c1,CHEMBL559316,permeability,10'-6 cm/s,4.4,permeability,10'-6 cm/s,4.4,caco2_permeability,Permeability,(cm/s),ChEMBL
A,Cc1c(CC(=O)O)c2cccnc2n1S(=O)(=O)c1ccc(F)c(C#N)c1,CHEMBL559044,permeability,10'-6 cm/s,0.0,permeability,10'-6 cm/s,0.0,caco2_permeability,Permeability,(cm/s),ChEMBL
A,Cc1c(CC(=O)O)c2cccnc2n1S(=O)(=O)c1ccc(Cl)cc1,CHEMBL561539,permeability,10'-6 cm/s,8.9,permeability,10'-6 cm/s,8.9,caco2_permeability,Permeability,(cm/s),ChEMBL
A,Cc1c(CC(=O)O)c2cccnc2n1S(=O)(=O)c1ccc(Cl)cc1,CHEMBL561539,permeability,10'-6 cm/s,11.2,permeability,10'-6 cm/s,11.2,caco2_permeability,Permeability,(cm/s),ChEMBL
A,Cc1c(CC(=O)O)c2cccnc2n1S(=O)(=O)c1ccc(Cl)c(Cl)c1,CHEMBL560279,permeability,10'-6 cm/s,8.7,permeability,10'-6 cm/s,8.7,caco2_permeability,Permeability,(cm/s),ChEMBL
A,Cc1c(CC(=O)O)c2cccnc2n1S(=O)(=O)c1ccc(Cl)c(Cl)c1,CHEMBL560279,permeability,10'-6 cm/s,19.3,permeability,10'-6 cm/s,19.3,caco2_permeability,Permeability,(cm/s),ChEMBL
A,CC1CCN(C(=O)c2ccc3cc(OCCCN4CCCCC4)ccc3c2)CC1,CHEMBL557461,permeability,10'-6 cm/s,2.6,permeability,10'-6 cm/s,2.6,caco2_permeability,Permeability,(cm/s),ChEMBL
A,CC(C)N1CCC(Oc2ccc3cc(C(=O)N4CCOCC4)ccc3c2)CC1,CHEMBL541483,permeability,10'6cm/s,2.5,permeability,10'6cm/s,2.5,caco2_permeability,Permeability,(cm/s),ChEMBL
A,C=C1NC(=O)CC[C@@H](C(=O)O)NC(=O)[C@H](NC(=O)[C@H](CCCCN)NC(=O)[C@@H](N)Cc2c[nH]c3ccccc23)CSC[C@@H](C(=O)N[C@@H]2C(=O)N3CCC[C@H]3C(=O)NCC(=O)N[C@H](C(=O)N[C@H](C(=O)N[C@@H]3C(=O)NCC(=O)N[C@@H](C)C(=O)N[C@@H](CC(C)C)C(=O)N[C@@H](CCC(N)=O)C(=O)N/C(=C/C)C(=O)N[C@H](C(=O)N[C@@H](Cc4ccccc4)C(=O)N[C@@H](CC(C)C)C(=O)N[C@@H](CCC(N)=O)C(=O)N[C@@H]4C(=O)N[C@@H](CC(C)C)C(=O)N[C@H]5C(=O)N[C@@H](CSC4C)C(=O)NC(=O)[C@H](CC(N)=O)N[C@H](C(=O)N[C@@H](CCCCN)C(=O)N[C@H](C(=O)NC(=C)C(=O)N[C@@H](CCCCN)C(=O)O)[C@@H](C)CC)CSC5C)CSC3C)C(C)C)CSC2C)N[C@@H](CC(C)C)C(=O)NC1=O,CHEMBL564271,permeability,%,20.0,permeability,%,20.0,caco2_permeability,Permeability,(cm/s),ChEMBL
A,C[C@@]1(c2nc(C(=O)NCc3ccc(F)cc3)c(O)c(=O)[nH]2)CCCN1,CHEMBL554522,permeability,10'6cm/s,6.4,permeability,10'6cm/s,6.4,caco2_permeability,Permeability,(cm/s),ChEMBL
A,CC(=O)N1CCC[C@@]1(C)c1nc(C(=O)NCc2ccc(F)cc2)c(O)c(=O)[nH]1,CHEMBL550674,permeability,10'6cm/s,12.2,permeability,10'6cm/s,12.2,caco2_permeability,Permeability,(cm/s),ChEMBL
A,CC1(c2nc(C(=O)NCc3ccc(F)cc3)c(O)c(=O)[nH]2)CCCCN1,CHEMBL565220,permeability,10'6cm/s,1.9,permeability,10'6cm/s,1.9,caco2_permeability,Permeability,(cm/s),ChEMBL
A,CN1CCCCC1(C)c1nc(C(=O)NCc2ccc(F)cc2)c(O)c(=O)[nH]1,CHEMBL549309,permeability,10'6cm/s,2.2,permeability,10'6cm/s,2.2,caco2_permeability,Permeability,(cm/s),ChEMBL
A,CC(=O)N1CCCCC1(C)c1nc(C(=O)NCc2ccc(F)cc2)c(O)c(=O)[nH]1,CHEMBL563757,permeability,10'6cm/s,6.3,permeability,10'6cm/s,6.3,caco2_permeability,Permeability,(cm/s),ChEMBL
A,Cc1nc(C)c(C(=O)N2CCCCC2(C)c2nc(C(=O)NCc3ccc(F)cc3)c(O)c(=O)[nH]2)s1,CHEMBL550202,permeability,10'6cm/s,40.5,permeability,10'6cm/s,40.5,caco2_permeability,Permeability,(cm/s),ChEMBL
A,CN1CCCCC1(C)c1nc(C(=O)NCc2ccc(F)cc2)c(O)c(=O)n1C,CHEMBL562482,permeability,10'6cm/s,15.3,permeability,10'6cm/s,15.3,caco2_permeability,Permeability,(cm/s),ChEMBL
A,CC(=O)N1CCN(C)CC1(C)c1nc(C(=O)NCc2ccc(F)cc2)c(O)c(=O)[nH]1,CHEMBL559492,permeability,10'6cm/s,21.3,permeability,10'6cm/s,21.3,caco2_permeability,Permeability,(cm/s),ChEMBL
A,CN1CCN(C(=O)c2cnccn2)C(C)(c2nc(C(=O)NCc3ccc(F)cc3)c(O)c(=O)[nH]2)C1,CHEMBL551942,permeability,10'6cm/s,5.4,permeability,10'6cm/s,5.4,caco2_permeability,Permeability,(cm/s),ChEMBL
A,CC(=O)N1CCN(C)C(C)(c2nc(C(=O)NCc3ccc(F)cc3)c(O)c(=O)n2C)C1,CHEMBL549592,permeability,10'6cm/s,5.7,permeability,10'6cm/s,5.7,caco2_permeability,Permeability,(cm/s),ChEMBL
A,CN1CCN(S(=O)(=O)N(C)C)CC1(C)c1nc(C(=O)NCc2ccc(F)cc2)c(O)c(=O)n1C,CHEMBL562595,permeability,10'6cm/s,57.6,permeability,10'6cm/s,57.6,caco2_permeability,Permeability,(cm/s),ChEMBL
A,CN1CCN(S(C)(=O)=O)CC1(C)c1nc(C(=O)NCc2ccc(F)cc2)c(O)c(=O)n1C,CHEMBL564267,permeability,10'6cm/s,34.3,permeability,10'6cm/s,34.3,caco2_permeability,Permeability,(cm/s),ChEMBL
A,O=C(NCc1ccc(F)cc1)c1nc(C2CCCN2)[nH]c(=O)c1O,CHEMBL564984,permeability,10'6cm/s,0.7,permeability,10'6cm/s,0.7,caco2_permeability,Permeability,(cm/s),ChEMBL
A,CC(=O)N1CCCC1c1nc(C(=O)NCc2ccc(F)cc2)c(O)c(=O)[nH]1,CHEMBL563628,permeability,10'6cm/s,3.5,permeability,10'6cm/s,3.5,caco2_permeability,Permeability,(cm/s),ChEMBL
A,O=C(NCc1ccc(F)cc1)c1nc(C2CCCCN2)nc(O)c1O,CHEMBL227497,permeability,10'6cm/s,0.07,permeability,10'6cm/s,0.07,caco2_permeability,Permeability,(cm/s),ChEMBL
A,CN1CCCCC1c1nc(O)c(O)c(C(=O)NCc2ccc(F)cc2)n1,CHEMBL407451,permeability,10'6cm/s,0.7,permeability,10'6cm/s,0.7,caco2_permeability,Permeability,(cm/s),ChEMBL
A,CC(=O)N1CCCCC1c1nc(C(=O)NCc2ccc(F)cc2)c(O)c(=O)[nH]1,CHEMBL563898,permeability,10'6cm/s,3.74,permeability,10'6cm/s,3.74,caco2_permeability,Permeability,(cm/s),ChEMBL
A,Cc1nc(C)c(C(=O)N2CCCCC2c2nc(C(=O)NCc3ccc(F)cc3)c(O)c(=O)[nH]2)s1,CHEMBL559493,permeability,10'6cm/s,5.7,permeability,10'6cm/s,5.7,caco2_permeability,Permeability,(cm/s),ChEMBL
A,CN1CCCCC1c1nc(C(=O)NCc2ccc(F)cc2)c(O)c(=O)n1C,CHEMBL216389,permeability,10'6cm/s,15.1,permeability,10'6cm/s,15.1,caco2_permeability,Permeability,(cm/s),ChEMBL
A,CC(=O)N1CCN(C)CC1c1nc(C(=O)NCc2ccc(F)cc2)c(O)c(=O)[nH]1,CHEMBL560944,permeability,10'6cm/s,0.4,permeability,10'6cm/s,0.4,caco2_permeability,Permeability,(cm/s),ChEMBL
A,CN1CCN(C(=O)c2cnccn2)C(c2nc(C(=O)NCc3ccc(F)cc3)c(O)c(=O)[nH]2)C1,CHEMBL559494,permeability,10'6cm/s,0.4,permeability,10'6cm/s,0.4,caco2_permeability,Permeability,(cm/s),ChEMBL
A,CC(=O)N1CCN(C)C(c2nc(C(=O)NCc3ccc(F)cc3)c(O)c(=O)n2C)C1,CHEMBL394786,permeability,10'6cm/s,2.3,permeability,10'6cm/s,2.3,caco2_permeability,Permeability,(cm/s),ChEMBL
A,CN1CCN(S(=O)(=O)N(C)C)CC1c1nc(C(=O)NCc2ccc(F)cc2)c(O)c(=O)n1C,CHEMBL243365,permeability,10'6cm/s,3.2,permeability,10'6cm/s,3.2,caco2_permeability,Permeability,(cm/s),ChEMBL
A,CN1CCN(S(C)(=O)=O)CC1c1nc(C(=O)NCc2ccc(F)cc2)c(O)c(=O)n1C,CHEMBL243150,permeability,10'6cm/s,2.4,permeability,10'6cm/s,2.4,caco2_permeability,Permeability,(cm/s),ChEMBL
A,COc1ccc(CCN(C)CCCC(C#N)(c2ccc(OC)c(OC)c2)C(C)C)cc1OC,CHEMBL6966,permeability,10'6cm/s,49.9,permeability,10'6cm/s,49.9,caco2_permeability,Permeability,(cm/s),ChEMBL
A,Cn1c(=O)c2nc[nH]c2n(C)c1=O.O,CHEMBL1355736,permeability,10'6cm/s,5.4,permeability,10'6cm/s,5.4,caco2_permeability,Permeability,(cm/s),ChEMBL
A,Cc1cc(CN2C(=O)C(C3=NS(=O)(=O)c4c(CNS(C)(=O)=O)cccc43)=C(O)[C@@H]2C(C)(C)C)ccc1F,CHEMBL575777,permeability,,0.09,permeability,,0.09,caco2_permeability,Permeability,(cm/s),ChEMBL
A,Cc1cc(CN2C(=O)C(C3=NS(=O)(=O)c4c(CNS(N)(=O)=O)cccc43)=C(O)[C@@H]2C(C)(C)C)ccc1F,CHEMBL582995,permeability,,0.29,permeability,,0.29,caco2_permeability,Permeability,(cm/s),ChEMBL
A,Cc1cc(CN2C(=O)C(C3=NS(=O)(=O)c4c(CN(C)S(C)(=O)=O)cccc43)=C(O)[C@@H]2C(C)(C)C)ccc1F,CHEMBL572683,permeability,,0.21,permeability,,0.21,caco2_permeability,Permeability,(cm/s),ChEMBL
A,C[C@@]1(C(=O)Nc2ccc(F)nc2)CCCN1c1nc(Nc2cc(C3CC3)n[nH]2)c2cccn2n1,CHEMBL575448,permeability,nm/s,387.0,permeability,nm/s,387.0,caco2_permeability,Permeability,(cm/s),ChEMBL
A,C[C@@]1(C(=O)Nc2ccc(F)nc2)CCCN1c1nc(Nc2cc(C3CC3)n[nH]2)c2cccn2n1,CHEMBL575448,permeability,nm/s,141.0,permeability,nm/s,141.0,caco2_permeability,Permeability,(cm/s),ChEMBL
A,Nc1nonc1/C(=N/O)NCc1ccccc1,CHEMBL585186,permeability,10'-6 cm/s,39.0,permeability,10'-6 cm/s,39.0,caco2_permeability,Permeability,(cm/s),ChEMBL
A,Nc1nonc1/C(=N/O)Nc1ccc(F)c(Cl)c1,CHEMBL584991,permeability,10'-6 cm/s,36.0,permeability,10'-6 cm/s,36.0,caco2_permeability,Permeability,(cm/s),ChEMBL
A,Cc1c(NC(=O)OC[C@@H]2COCCN2)cn2ncnc(Nc3ccc4c(cnn4Cc4cccc(F)c4)c3)c12,CHEMBL1645462,permeability,nm/s,214.0,permeability,nm/s,214.0,caco2_permeability,Permeability,(cm/s),ChEMBL
A,COc1ccc(OC)c(S(=O)(=O)Nc2cnc3ccccc3c2)c1,CHEMBL567850,permeability,%,58.0,permeability,%,58.0,caco2_permeability,Permeability,(cm/s),ChEMBL
A,COc1ccc(Br)cc1S(=O)(=O)Nc1cnc2ccccc2c1,CHEMBL569639,permeability,%,54.0,permeability,%,54.0,caco2_permeability,Permeability,(cm/s),ChEMBL
A,COc1ccc(C)cc1S(=O)(=O)Nc1cnc2ccccc2c1,CHEMBL571720,permeability,%,7.0,permeability,%,7.0,caco2_permeability,Permeability,(cm/s),ChEMBL
A,COc1cc([N+](=O)[O-])ccc1S(=O)(=O)Nc1cnc2ccccc2c1,CHEMBL571721,permeability,%,11.0,permeability,%,11.0,caco2_permeability,Permeability,(cm/s),ChEMBL
A,COc1ccc(C)cc1S(=O)(=O)Nc1cccnc1,CHEMBL572774,permeability,%,83.0,permeability,%,83.0,caco2_permeability,Permeability,(cm/s),ChEMBL
A,COc1cc([N+](=O)[O-])ccc1S(=O)(=O)Nc1cccnc1,CHEMBL576494,permeability,%,51.0,permeability,%,51.0,caco2_permeability,Permeability,(cm/s),ChEMBL
A,CC(=O)Nc1nnc(S(N)(=O)=O)s1,CHEMBL20,permeability,10'-6 cm/s,0.15,permeability,10'-6 cm/s,0.15,caco2_permeability,Permeability,(cm/s),ChEMBL
A,NS(=O)(=O)[C@@H]1O[C@H](CO)[C@@H](O[C@H]2O[C@H](CO)[C@@H](O)[C@H](O)[C@H]2O)[C@H](O)[C@H]1O,CHEMBL569168,permeability,10'-6 cm/s,0.5,permeability,10'-6 cm/s,0.5,caco2_permeability,Permeability,(cm/s),ChEMBL
A,NS(=O)(=O)[C@@H]1O[C@H](CO)[C@@H](O)[C@H](O)[C@H]1O,CHEMBL569170,permeability,10'-6 cm/s,0.4,permeability,10'-6 cm/s,0.4,caco2_permeability,Permeability,(cm/s),ChEMBL
A,CC(=O)OC[C@H]1O[C@@H](S(N)(=O)=O)[C@H](OC(C)=O)[C@@H](OC(C)=O)[C@@H]1O[C@H]1O[C@H](COC(C)=O)[C@@H](OC(C)=O)[C@H](OC(C)=O)[C@H]1OC(C)=O,CHEMBL573460,permeability,10'-6 cm/s,0.02,permeability,10'-6 cm/s,0.02,caco2_permeability,Permeability,(cm/s),ChEMBL
A,CC(=O)OC[C@H]1O[C@@H](S(N)(=O)=O)[C@H](OC(C)=O)[C@@H](OC(C)=O)[C@@H]1OC(C)=O,CHEMBL568705,permeability,10'-6 cm/s,0.1,permeability,10'-6 cm/s,0.1,caco2_permeability,Permeability,(cm/s),ChEMBL
A,CC1(C)O[C@@H]2[C@@H](CO[C@@]3(COS(N)(=O)=O)OC(C)(C)O[C@@H]23)O1,CHEMBL220492,permeability,10'-6 cm/s,0.54,permeability,10'-6 cm/s,0.54,caco2_permeability,Permeability,(cm/s),ChEMBL
A,COc1ccc(CCN2C(=O)N(NS(C)(=O)=O)C[C@H]2c2ccc(OC)cc2)cc1,CHEMBL569185,permeability,10'-6cm/s,40.0,permeability,10'-6cm/s,40.0,caco2_permeability,Permeability,(cm/s),ChEMBL
A,COc1ccc(CCN2C(=O)N(NS(C)(=O)=O)C[C@H]2c2ccc(OC)cc2)cc1,CHEMBL569185,permeability,10'-6cm/s,39.0,permeability,10'-6cm/s,39.0,caco2_permeability,Permeability,(cm/s),ChEMBL
A,Cc1onc(-c2ccccc2Cl)c1C(=O)N(C)c1ccc(Cl)cc1,CHEMBL575966,permeability,nanometer/sec,422.0,permeability,nanometer/sec,422.0,caco2_permeability,Permeability,(cm/s),ChEMBL
A,Cc1ccc(N(C)C(=O)c2c(-c3ccccc3Cl)noc2C)cc1Cl,CHEMBL576138,permeability,nanometer/sec,257.0,permeability,nanometer/sec,257.0,caco2_permeability,Permeability,(cm/s),ChEMBL
A,CCN(C(=O)c1c(-c2ccccc2Cl)noc1C)c1cccc(Cl)c1,CHEMBL583110,permeability,nanometer/sec,310.0,permeability,nanometer/sec,310.0,caco2_permeability,Permeability,(cm/s),ChEMBL
A,CNCc1cc(=O)oc2cc(OCc3cccc(Cl)c3)ccc12.CS(=O)(=O)O,CHEMBL593763,permeability,%,10.0,permeability,%,10.0,caco2_permeability,Permeability,(cm/s),ChEMBL
A,CNCc1cc(=O)oc2cc(OCc3cccc(Cl)c3)ccc12.CS(=O)(=O)O,CHEMBL593763,permeability,%,33.8,permeability,%,33.8,caco2_permeability,Permeability,(cm/s),ChEMBL
A,Cc1cc(=O)oc2cc(OCc3cccc(Cl)c3)ccc12,CHEMBL575934,permeability,%,72.0,permeability,%,72.0,caco2_permeability,Permeability,(cm/s),ChEMBL
A,Cc1cc(=O)oc2cc(OCc3cccc(Cl)c3)ccc12,CHEMBL575934,permeability,%,3.7,permeability,%,3.7,caco2_permeability,Permeability,(cm/s),ChEMBL
A,NCC1CCN(c2nccc(-c3ccc4ccccc4c3)n2)CC1,CHEMBL570667,permeability,10'-6 cm/s,5.9,permeability,10'-6 cm/s,5.9,caco2_permeability,Permeability,(cm/s),ChEMBL
A,CNc1nc(NCc2ccc(NC(=O)c3ccc(F)cc3)cc2)c2ccccc2n1,CHEMBL569102,permeability,10'-6 cm/s,4.2,permeability,10'-6 cm/s,4.2,caco2_permeability,Permeability,(cm/s),ChEMBL
A,CNc1nc(NCc2ccc(NC(=O)c3ccc(Cl)nc3)cc2)c2ccccc2n1,CHEMBL569103,permeability,10'-6 cm/s,0.0,permeability,10'-6 cm/s,0.0,caco2_permeability,Permeability,(cm/s),ChEMBL
A,CNc1nc(NCc2ccc(NC(=O)c3ccc(Cl)cc3)cc2)c2ccccc2n1,CHEMBL571994,permeability,10'-6 cm/s,1.4,permeability,10'-6 cm/s,1.4,caco2_permeability,Permeability,(cm/s),ChEMBL
A,CNc1nc(NCc2ccc(NC(=O)c3ccc(-c4ccccc4)cc3)cc2)c2ccccc2n1,CHEMBL582809,permeability,10'-6 cm/s,1.2,permeability,10'-6 cm/s,1.2,caco2_permeability,Permeability,(cm/s),ChEMBL
A,CNc1nc(NCc2ccc(NC(=O)c3ccnc(Cl)c3)cc2)c2ccccc2n1,CHEMBL569754,permeability,10'-6 cm/s,0.0,permeability,10'-6 cm/s,0.0,caco2_permeability,Permeability,(cm/s),ChEMBL
A,CNc1nc(NCc2ccc(NC(=O)c3ccc(C(F)(F)F)cc3)cc2)c2ccccc2n1,CHEMBL570417,permeability,10'-6 cm/s,5.3,permeability,10'-6 cm/s,5.3,caco2_permeability,Permeability,(cm/s),ChEMBL
A,CNc1nc(NCc2ccc(NC(=O)c3cccc(Cl)c3)cc2)c2ccccc2n1,CHEMBL570418,permeability,10'-6 cm/s,3.0,permeability,10'-6 cm/s,3.0,caco2_permeability,Permeability,(cm/s),ChEMBL
A,CNc1nc(NCc2ccc(NC(=O)c3ccc(C#N)cc3)cc2)c2ccccc2n1,CHEMBL576864,permeability,10'-6 cm/s,0.2,permeability,10'-6 cm/s,0.2,caco2_permeability,Permeability,(cm/s),ChEMBL
A,CNc1nc(NCc2ccc(NC(=O)c3ccc(C)cc3)cc2)c2ccccc2n1,CHEMBL568823,permeability,10'-6 cm/s,5.8,permeability,10'-6 cm/s,5.8,caco2_permeability,Permeability,(cm/s),ChEMBL
A,CNc1nc(NCc2ccc(NC(=O)c3ccc(F)cc3)cc2)c2cccc(C)c2n1,CHEMBL570656,permeability,10'-6 cm/s,4.2,permeability,10'-6 cm/s,4.2,caco2_permeability,Permeability,(cm/s),ChEMBL
A,CNc1nc(NCc2ccc(NC(=O)c3ccc(F)cc3)cc2)c2ccc(C)cc2n1,CHEMBL583050,permeability,10'-6 cm/s,0.0,permeability,10'-6 cm/s,0.0,caco2_permeability,Permeability,(cm/s),ChEMBL
A,CNc1nc(NCc2ccc(NC(=O)c3ccc(F)cc3)cc2)c2cc(C)ccc2n1,CHEMBL568799,permeability,10'-6 cm/s,1.3,permeability,10'-6 cm/s,1.3,caco2_permeability,Permeability,(cm/s),ChEMBL
A,CNc1nc(NCc2ccc(NC(=O)c3ccc(F)cc3)cc2)c2c(C)cccc2n1,CHEMBL584735,permeability,10'-6 cm/s,2.6,permeability,10'-6 cm/s,2.6,caco2_permeability,Permeability,(cm/s),ChEMBL
A,CNc1nc(NCc2ccc(NC(=O)c3ccc(Cl)cc3)cc2)c2cccc(C)c2n1,CHEMBL569962,permeability,10'-6 cm/s,0.0,permeability,10'-6 cm/s,0.0,caco2_permeability,Permeability,(cm/s),ChEMBL
A,CNc1nc(NCc2ccc(NC(=O)c3ccc(Cl)cc3)cc2)c2ccc(C)cc2n1,CHEMBL577512,permeability,10'-6 cm/s,0.0,permeability,10'-6 cm/s,0.0,caco2_permeability,Permeability,(cm/s),ChEMBL
A,CNc1nc(NCc2ccc(NC(=O)c3ccc(Cl)cc3)cc2)c2cc(C)ccc2n1,CHEMBL568853,permeability,10'-6 cm/s,2.4,permeability,10'-6 cm/s,2.4,caco2_permeability,Permeability,(cm/s),ChEMBL
A,CNc1nc(NCc2ccc(NC(=O)c3ccc(Cl)cc3)cc2)c2c(C)cccc2n1,CHEMBL569532,permeability,10'-6 cm/s,0.9,permeability,10'-6 cm/s,0.9,caco2_permeability,Permeability,(cm/s),ChEMBL
A,CNc1nc(NCc2ccc(NC(=O)c3ccc(Cl)nc3)cc2)c2c(C)cccc2n1,CHEMBL569533,permeability,10'-6 cm/s,0.2,permeability,10'-6 cm/s,0.2,caco2_permeability,Permeability,(cm/s),ChEMBL
A,CNc1nc(NCc2ccc(NC(=O)c3ccc(Cl)nc3)cc2)c2ccc(C)cc2n1,CHEMBL583242,permeability,10'-6 cm/s,0.3,permeability,10'-6 cm/s,0.3,caco2_permeability,Permeability,(cm/s),ChEMBL
A,CNc1nc(NCc2ccc(NC(=O)c3ccc(Cl)nc3)cc2)c2cc(C)ccc2n1,CHEMBL569321,permeability,10'-6 cm/s,0.0,permeability,10'-6 cm/s,0.0,caco2_permeability,Permeability,(cm/s),ChEMBL
A,CNc1nc(NCc2ccc(NC(=O)c3ccc(Cl)nc3)cc2)c2cccc(C)c2n1,CHEMBL577072,permeability,10'-6 cm/s,1.4,permeability,10'-6 cm/s,1.4,caco2_permeability,Permeability,(cm/s),ChEMBL
A,Cc1ccc2c(NCc3ccc(NC(=O)c4ccc(F)cc4)cc3)nc(N(C)C)nc2c1,CHEMBL568851,permeability,10'-6 cm/s,1.6,permeability,10'-6 cm/s,1.6,caco2_permeability,Permeability,(cm/s),ChEMBL
A,CCCNc1nc(NCc2ccc(NC(=O)c3ccc(F)cc3)cc2)c2ccc(C)cc2n1,CHEMBL570902,permeability,10'-6 cm/s,0.0,permeability,10'-6 cm/s,0.0,caco2_permeability,Permeability,(cm/s),ChEMBL
A,Cc1ccc2c(NCc3ccc(NC(=O)c4ccc(F)cc4)cc3)nc(N3CCC3)nc2c1,CHEMBL569004,permeability,10'-6 cm/s,1.5,permeability,10'-6 cm/s,1.5,caco2_permeability,Permeability,(cm/s),ChEMBL
A,Cc1ccc2c(NCc3ccc(NC(=O)c4ccc(F)cc4)cc3)nc(N3CCCC3)nc2c1,CHEMBL569077,permeability,10'-6 cm/s,0.5,permeability,10'-6 cm/s,0.5,caco2_permeability,Permeability,(cm/s),ChEMBL
A,Cc1ccc2c(NCc3ccc(NC(=O)c4ccc(F)cc4)cc3)nc(N3CCCCC3)nc2c1,CHEMBL568800,permeability,10'-6 cm/s,2.0,permeability,10'-6 cm/s,2.0,caco2_permeability,Permeability,(cm/s),ChEMBL
A,Cc1ccc2c(NCc3ccc(NC(=O)c4ccc(F)cc4)cc3)nc(N3CCNCC3)nc2c1,CHEMBL568852,permeability,10'-6 cm/s,0.1,permeability,10'-6 cm/s,0.1,caco2_permeability,Permeability,(cm/s),ChEMBL
A,Cc1ccc2c(NCc3ccc(NC(=O)c4ccc(F)cc4)cc3)nc(N3CCN[C@H](C)C3)nc2c1,CHEMBL570194,permeability,10'-6 cm/s,0.4,permeability,10'-6 cm/s,0.4,caco2_permeability,Permeability,(cm/s),ChEMBL
A,Cc1ccc2c(NCc3ccc(NC(=O)c4ccc(F)cc4)cc3)nc(N3CCNC(C)(C)C3)nc2c1,CHEMBL569745,permeability,10'-6 cm/s,0.02,permeability,10'-6 cm/s,0.02,caco2_permeability,Permeability,(cm/s),ChEMBL
A,Cc1ccc2c(NCc3ccc(NC(=O)c4ccc(F)cc4)cc3)nc(N3CCN(C)CC3)nc2c1,CHEMBL568825,permeability,10'-6 cm/s,4.4,permeability,10'-6 cm/s,4.4,caco2_permeability,Permeability,(cm/s),ChEMBL
A,Cc1ccc2c(NCc3ccc(NC(=O)c4ccc(F)cc4)cc3)nc(N3CCOCC3)nc2c1,CHEMBL569002,permeability,10'-6 cm/s,0.0,permeability,10'-6 cm/s,0.0,caco2_permeability,Permeability,(cm/s),ChEMBL
A,CN(C)c1nc(NCc2ccc(NC(=O)c3ccc(F)cc3)cc2)c2ccc(I)cc2n1,CHEMBL569682,permeability,10'-6 cm/s,0.0,permeability,10'-6 cm/s,0.0,caco2_permeability,Permeability,(cm/s),ChEMBL
A,CN(C)c1nc(NCc2ccc(NC(=O)c3ccc(F)cc3)cc2)c2ccc(C#N)cc2n1,CHEMBL583471,permeability,10'-6 cm/s,5.6,permeability,10'-6 cm/s,5.6,caco2_permeability,Permeability,(cm/s),ChEMBL
A,CC(=O)c1ccc2c(NCc3ccc(NC(=O)c4ccc(F)cc4)cc3)nc(N(C)C)nc2c1,CHEMBL568821,permeability,10'-6 cm/s,0.7,permeability,10'-6 cm/s,0.7,caco2_permeability,Permeability,(cm/s),ChEMBL
A,CC(O)c1ccc2c(NCc3ccc(NC(=O)c4ccc(F)cc4)cc3)nc(N(C)C)nc2c1,CHEMBL585143,permeability,10'-6 cm/s,0.1,permeability,10'-6 cm/s,0.1,caco2_permeability,Permeability,(cm/s),ChEMBL
A,CN(C)c1nc(NCc2ccc(NC(=O)c3ccc(F)cc3)cc2)c2ccc(C=O)cc2n1,CHEMBL583544,permeability,10'-6 cm/s,0.0,permeability,10'-6 cm/s,0.0,caco2_permeability,Permeability,(cm/s),ChEMBL
A,CN(C)c1nc(NCc2ccc(NC(=O)c3ccc(F)cc3)cc2)c2ccc(CO)cc2n1,CHEMBL569098,permeability,10'-6 cm/s,0.0,permeability,10'-6 cm/s,0.0,caco2_permeability,Permeability,(cm/s),ChEMBL
A,CN(C)Cc1ccc2c(NCc3ccc(NC(=O)c4ccc(F)cc4)cc3)nc(N(C)C)nc2c1,CHEMBL569099,permeability,10'-6 cm/s,0.4,permeability,10'-6 cm/s,0.4,caco2_permeability,Permeability,(cm/s),ChEMBL
A,C=Cc1ccc2c(NCc3ccc(NC(=O)c4ccc(F)cc4)cc3)nc(N(C)C)nc2c1,CHEMBL569230,permeability,10'-6 cm/s,1.1,permeability,10'-6 cm/s,1.1,caco2_permeability,Permeability,(cm/s),ChEMBL
A,CCc1ccc2c(NCc3ccc(NC(=O)c4ccc(F)cc4)cc3)nc(N(C)C)nc2c1,CHEMBL569231,permeability,10'-6 cm/s,0.3,permeability,10'-6 cm/s,0.3,caco2_permeability,Permeability,(cm/s),ChEMBL
A,Nc1nc2c(ncn2COCCO)c(=O)[nH]1,CHEMBL184,permeability,10'-6 cm/s,0.8,permeability,10'-6 cm/s,0.8,caco2_permeability,Permeability,(cm/s),ChEMBL
A,CC1(C)S[C@@H]2[C@H](/N=C/N3CCCCCC3)C(=O)N2[C@H]1C(=O)O,CHEMBL530,permeability,10'-6 cm/s,0.9,permeability,10'-6 cm/s,0.9,caco2_permeability,Permeability,(cm/s),ChEMBL
A,CCOC(=O)[C@H](CCc1ccccc1)N[C@H]1CCc2ccccc2N(CC(=O)O)C1=O,CHEMBL838,permeability,10'-6 cm/s,17.0,permeability,10'-6 cm/s,17.0,caco2_permeability,Permeability,(cm/s),ChEMBL
A,CC(C)(O/N=C(\C(=O)N[C@@H]1C(=O)N2C(C(=O)[O-])=C(C[n+]3ccccc3)CS[C@H]12)c1csc(N)n1)C(=O)O,CHEMBL44354,permeability,10'-6 cm/s,0.2,permeability,10'-6 cm/s,0.2,caco2_permeability,Permeability,(cm/s),ChEMBL
A,COCc1c(C(C)C)nc(C(C)C)c(/C=C/[C@@H](O)C[C@@H](O)CC(=O)O)c1-c1ccc(F)cc1,CHEMBL1477,permeability,10'-6 cm/s,15.0,permeability,10'-6 cm/s,15.0,caco2_permeability,Permeability,(cm/s),ChEMBL
A,O=C(O)COCCN1CCN(C(c2ccccc2)c2ccc(Cl)cc2)CC1,CHEMBL1000,permeability,10'-6 cm/s,42.0,permeability,10'-6 cm/s,42.0,caco2_permeability,Permeability,(cm/s),ChEMBL
A,CN(C)[C@@H]1C(O)=C(C(N)=O)C(=O)[C@@]2(O)C(O)=C3C(=O)c4c(O)ccc(Cl)c4[C@@](C)(O)[C@H]3C[C@@H]12,CHEMBL404520,permeability,10'-6 cm/s,3.7,permeability,10'-6 cm/s,3.7,caco2_permeability,Permeability,(cm/s),ChEMBL
A,O=C(O)c1cn(C2CC2)c2cc(N3CCNCC3)c(F)cc2c1=O,CHEMBL8,permeability,10'-6 cm/s,2.8,permeability,10'-6 cm/s,2.8,caco2_permeability,Permeability,(cm/s),ChEMBL
A,COc1cccc2c1C(=O)c1c(O)c3c(c(O)c1C2=O)C[C@@](O)(C(C)=O)C[C@@H]3O[C@H]1C[C@H](N)[C@H](O)[C@H](C)O1,CHEMBL178,permeability,10'-6 cm/s,0.3,permeability,10'-6 cm/s,0.3,caco2_permeability,Permeability,(cm/s),ChEMBL
A,CN(C)[C@@H]1C(O)=C(C(N)=O)C(=O)[C@@]2(O)C(O)=C3C(=O)c4c(O)ccc(Cl)c4[C@@H](O)[C@H]3C[C@@H]12,CHEMBL1591,permeability,10'-6 cm/s,3.8,permeability,10'-6 cm/s,3.8,caco2_permeability,Permeability,(cm/s),ChEMBL
A,C[C@H]1c2cccc(O)c2C(=O)C2=C(O)[C@]3(O)C(=O)C(C(N)=O)=C(O)[C@@H](N(C)C)[C@@H]3[C@@H](O)[C@@H]21.O,CHEMBL1200699,permeability,10'-6 cm/s,20.0,permeability,10'-6 cm/s,20.0,caco2_permeability,Permeability,(cm/s),ChEMBL
A,CCn1cc(C(=O)O)c(=O)c2cc(F)c(N3CCNCC3)nc21,CHEMBL826,permeability,10'-6 cm/s,7.7,permeability,10'-6 cm/s,7.7,caco2_permeability,Permeability,(cm/s),ChEMBL
A,NC(N)=Nc1nc(CSCC/C(N)=N/S(N)(=O)=O)cs1,CHEMBL902,permeability,10'-6 cm/s,0.6,permeability,10'-6 cm/s,0.6,caco2_permeability,Permeability,(cm/s),ChEMBL
A,CC(C)(C(=O)O)c1ccc(C(O)CCCN2CCC(C(O)(c3ccccc3)c3ccccc3)CC2)cc1,CHEMBL914,permeability,10'-6 cm/s,2.8,permeability,10'-6 cm/s,2.8,caco2_permeability,Permeability,(cm/s),ChEMBL
A,Nc1nc2c(ncn2COC(CO)CO)c(=O)[nH]1,CHEMBL182,permeability,10'-6 cm/s,0.7,permeability,10'-6 cm/s,0.7,caco2_permeability,Permeability,(cm/s),ChEMBL
A,COc1c(N2CCNC(C)C2)c(F)cc2c(=O)c(C(=O)O)cn(C3CC3)c12,CHEMBL31,permeability,10'-6 cm/s,20.0,permeability,10'-6 cm/s,20.0,caco2_permeability,Permeability,(cm/s),ChEMBL
A,C[N+](C)(C)C[C@H](O)CC(=O)[O-],CHEMBL1149,permeability,10'-6 cm/s,1.3,permeability,10'-6 cm/s,1.3,caco2_permeability,Permeability,(cm/s),ChEMBL
A,NCCCC[C@H](N[C@@H](CCc1ccccc1)C(=O)O)C(=O)N1CCC[C@H]1C(=O)O,CHEMBL1237,permeability,10'-6 cm/s,0.6,permeability,10'-6 cm/s,0.6,caco2_permeability,Permeability,(cm/s),ChEMBL
A,CCn1cc(C(=O)O)c(=O)c2cc(F)c(N3CCNC(C)C3)c(F)c21,CHEMBL561,permeability,10'-6 cm/s,15.0,permeability,10'-6 cm/s,15.0,caco2_permeability,Permeability,(cm/s),ChEMBL
A,Cc1cnc(NC(=O)C2=C(O)c3ccccc3S(=O)(=O)N2C)s1,CHEMBL599,permeability,10'-6 cm/s,13.0,permeability,10'-6 cm/s,13.0,caco2_permeability,Permeability,(cm/s),ChEMBL
A,N[C@@H](Cc1ccc(N(CCCl)CCCl)cc1)C(=O)O,CHEMBL852,permeability,10'-6 cm/s,84.0,permeability,10'-6 cm/s,84.0,caco2_permeability,Permeability,(cm/s),ChEMBL
A,Nc1ccc(O)c(C(=O)O)c1,CHEMBL704,permeability,10'-6 cm/s,0.9,permeability,10'-6 cm/s,0.9,caco2_permeability,Permeability,(cm/s),ChEMBL
A,CN(C)c1ccc(O)c2c1C[C@H]1C[C@H]3[C@H](N(C)C)C(O)=C(C(N)=O)C(=O)[C@@]3(O)C(O)=C1C2=O,CHEMBL1434,permeability,10'-6 cm/s,50.0,permeability,10'-6 cm/s,50.0,caco2_permeability,Permeability,(cm/s),ChEMBL
A,CCn1cc(C(=O)O)c(=O)c2cc(F)c(N3CCNCC3)cc21,CHEMBL9,permeability,10'-6 cm/s,1.0,permeability,10'-6 cm/s,1.0,caco2_permeability,Permeability,(cm/s),ChEMBL
A,CC1COc2c(N3CCN(C)CC3)c(F)cc3c(=O)c(C(=O)O)cn1c23,CHEMBL4,permeability,10'-6 cm/s,4.7,permeability,10'-6 cm/s,4.7,caco2_permeability,Permeability,(cm/s),ChEMBL
A,CCn1cc(C(=O)O)c(=O)c2cc(F)c(N3CCN(C)CC3)cc21,CHEMBL267648,permeability,10'-6 cm/s,23.0,permeability,10'-6 cm/s,23.0,caco2_permeability,Permeability,(cm/s),ChEMBL
A,CN1C(C(=O)Nc2ccccn2)=C(O)c2ccccc2S1(=O)=O,CHEMBL527,permeability,10'-6 cm/s,20.0,permeability,10'-6 cm/s,20.0,caco2_permeability,Permeability,(cm/s),ChEMBL
A,C[C@@H]1CN(c2c(F)c(N)c3c(=O)c(C(=O)O)cn(C4CC4)c3c2F)C[C@H](C)N1,CHEMBL850,permeability,10'-6 cm/s,42.0,permeability,10'-6 cm/s,42.0,caco2_permeability,Permeability,(cm/s),ChEMBL
A,Nc1ccc(S(=O)(=O)Nc2ncccn2)cc1,CHEMBL439,permeability,10'-6 cm/s,1.2,permeability,10'-6 cm/s,1.2,caco2_permeability,Permeability,(cm/s),ChEMBL
A,CC(C)(C)NCC(O)c1cc(O)cc(O)c1,CHEMBL1760,permeability,10'-6 cm/s,1.4,permeability,10'-6 cm/s,1.4,caco2_permeability,Permeability,(cm/s),ChEMBL
A,CN(C)[C@@H]1C(O)=C(C(N)=O)C(=O)[C@@]2(O)C(O)=C3C(=O)c4c(O)cccc4[C@@](C)(O)[C@H]3C[C@@H]12,CHEMBL1440,permeability,10'-6 cm/s,3.8,permeability,10'-6 cm/s,3.8,caco2_permeability,Permeability,(cm/s),ChEMBL
A,Cc1cccc(Nc2ccncc2S(=O)(=O)NC(=O)NC(C)C)c1,CHEMBL1148,permeability,10'-6 cm/s,22.0,permeability,10'-6 cm/s,22.0,caco2_permeability,Permeability,(cm/s),ChEMBL
A,N[C@@H]1[C@H]2CN(c3nc4c(cc3F)c(=O)c(C(=O)O)cn4-c3ccc(F)cc3F)C[C@@H]12,CHEMBL428,permeability,10'-6 cm/s,57.0,permeability,10'-6 cm/s,57.0,caco2_permeability,Permeability,(cm/s),ChEMBL
A,Cc1c(Nc2c(C#N)cncc2-c2cc3cc(CN4CCN(C)CC4)ccc3o2)ccc2[nH]ccc12,CHEMBL571581,permeability,10'-6 cm/s,3.96,permeability,10'-6 cm/s,3.96,caco2_permeability,Permeability,(cm/s),ChEMBL
A,CC1CN(C(=O)c2ccccc2)CCN1C(=O)C(=O)c1c[nH]c2cccc(F)c12,CHEMBL571135,permeability,nm/s,72.0,permeability,nm/s,72.0,caco2_permeability,Permeability,(cm/s),ChEMBL
A,COc1cccc2[nH]cc(C(=O)C(=O)N3CCN(C(=O)c4ccccc4)CC3)c12,CHEMBL523864,permeability,nm/s,43.0,permeability,nm/s,43.0,caco2_permeability,Permeability,(cm/s),ChEMBL
A,O=C(C(=O)N1CCN(C(=O)c2ccccc2)CC1)c1c[nH]c2cccc(F)c12,CHEMBL135339,permeability,nm/s,47.0,permeability,nm/s,47.0,caco2_permeability,Permeability,(cm/s),ChEMBL
A,C[C@@H]1CN(C(=O)c2ccccc2)CCN1C(=O)C(=O)c1c[nH]c2cccc(F)c12,CHEMBL572013,permeability,nm/s,54.0,permeability,nm/s,54.0,caco2_permeability,Permeability,(cm/s),ChEMBL
A,COc1cccc2[nH]cc(C(=O)C(=O)N3CCN(C(=O)c4ccccc4)C[C@H]3C)c12,CHEMBL571578,permeability,nm/s,46.0,permeability,nm/s,46.0,caco2_permeability,Permeability,(cm/s),ChEMBL
A,C[C@H]1CN(C(=O)c2ccccc2)CCN1C(=O)C(=O)c1c[nH]c2cccc(F)c12,CHEMBL570485,permeability,nm/s,88.0,permeability,nm/s,88.0,caco2_permeability,Permeability,(cm/s),ChEMBL
A,CCC1CN(C(=O)c2ccccc2)CCN1C(=O)C(=O)c1c[nH]c2cccc(F)c12,CHEMBL571796,permeability,nm/s,150.0,permeability,nm/s,150.0,caco2_permeability,Permeability,(cm/s),ChEMBL
A,CCCC1CN(C(=O)c2ccccc2)CCN1C(=O)C(=O)c1c[nH]c2cccc(F)c12,CHEMBL569807,permeability,nm/s,172.0,permeability,nm/s,172.0,caco2_permeability,Permeability,(cm/s),ChEMBL
A,CCCCCC1CN(C(=O)c2ccccc2)CCN1C(=O)C(=O)c1c[nH]c2cccc(F)c12,CHEMBL569808,permeability,nm/s,154.0,permeability,nm/s,154.0,caco2_permeability,Permeability,(cm/s),ChEMBL
A,CC(C)C1CN(C(=O)c2ccccc2)CCN1C(=O)C(=O)c1c[nH]c2cccc(F)c12,CHEMBL572035,permeability,nm/s,165.0,permeability,nm/s,165.0,caco2_permeability,Permeability,(cm/s),ChEMBL
A,CC(C)CC1CN(C(=O)c2ccccc2)CCN1C(=O)C(=O)c1c[nH]c2cccc(F)c12,CHEMBL584328,permeability,nm/s,171.0,permeability,nm/s,171.0,caco2_permeability,Permeability,(cm/s),ChEMBL
A,CC(C)(C)C1CN(C(=O)c2ccccc2)CCN1C(=O)C(=O)c1c[nH]c2cccc(F)c12,CHEMBL569792,permeability,nm/s,170.0,permeability,nm/s,170.0,caco2_permeability,Permeability,(cm/s),ChEMBL
A,CC1CN(C(=O)C(=O)c2c[nH]c3cccc(F)c23)CCN1C(=O)c1ccccc1,CHEMBL583538,permeability,nm/s,36.0,permeability,nm/s,36.0,caco2_permeability,Permeability,(cm/s),ChEMBL
A,CCC1CN(C(=O)C(=O)c2c[nH]c3cccc(F)c23)CCN1C(=O)c1ccccc1,CHEMBL570931,permeability,nm/s,171.0,permeability,nm/s,171.0,caco2_permeability,Permeability,(cm/s),ChEMBL
A,CCCC1CN(C(=O)C(=O)c2c[nH]c3cccc(F)c23)CCN1C(=O)c1ccccc1,CHEMBL571147,permeability,nm/s,154.0,permeability,nm/s,154.0,caco2_permeability,Permeability,(cm/s),ChEMBL
A,CCCCCC1CN(C(=O)C(=O)c2c[nH]c3cccc(F)c23)CCN1C(=O)c1ccccc1,CHEMBL569806,permeability,nm/s,69.0,permeability,nm/s,69.0,caco2_permeability,Permeability,(cm/s),ChEMBL
A,CC(C)C1CN(C(=O)C(=O)c2c[nH]c3cccc(F)c23)CCN1C(=O)c1ccccc1,CHEMBL569131,permeability,nm/s,161.0,permeability,nm/s,161.0,caco2_permeability,Permeability,(cm/s),ChEMBL
A,CC(C)CC1CN(C(=O)C(=O)c2c[nH]c3cccc(F)c23)CCN1C(=O)c1ccccc1,CHEMBL571810,permeability,nm/s,190.0,permeability,nm/s,190.0,caco2_permeability,Permeability,(cm/s),ChEMBL
A,CC(C)(C)C1CN(C(=O)C(=O)c2c[nH]c3cccc(F)c23)CCN1C(=O)c1ccccc1,CHEMBL570017,permeability,nm/s,190.0,permeability,nm/s,190.0,caco2_permeability,Permeability,(cm/s),ChEMBL
A,C[C@@H]1CN(C(=O)c2ccccc2)C[C@H](C)N1C(=O)C(=O)c1c[nH]c2cccc(F)c12,CHEMBL578387,permeability,nm/s,15.0,permeability,nm/s,15.0,caco2_permeability,Permeability,(cm/s),ChEMBL
A,C[C@@H]1CN(C(=O)C(=O)c2c[nH]c3cccc(F)c23)C[C@H](C)N1C(=O)c1ccccc1,CHEMBL585152,permeability,nm/s,73.0,permeability,nm/s,73.0,caco2_permeability,Permeability,(cm/s),ChEMBL
A,C[C@@H]1CN(C(=O)c2ccccc2)[C@@H](C)CN1C(=O)C(=O)c1c[nH]c2cccc(F)c12,CHEMBL571148,permeability,nm/s,50.0,permeability,nm/s,50.0,caco2_permeability,Permeability,(cm/s),ChEMBL
A,C[C@@H]1CN(C(=O)c2ccccc2)[C@H](C)CN1C(=O)C(=O)c1c[nH]c2cccc(F)c12,CHEMBL569133,permeability,nm/s,96.0,permeability,nm/s,96.0,caco2_permeability,Permeability,(cm/s),ChEMBL
A,CCCOCCn1c(=O)c(N[C@H]2CC[C@H](O)CC2)nc2cnc(-c3ccc(OC)nc3)cc21,CHEMBL567470,permeability,10'-6 cm/s,34.0,permeability,10'-6 cm/s,34.0,caco2_permeability,Permeability,(cm/s),ChEMBL
A,CNC[C@@H](O)[C@H](c1ccccc1)n1ccc2ccccc21,CHEMBL562476,permeability,10'-6 cm/s,4.6,permeability,10'-6 cm/s,4.6,caco2_permeability,Permeability,(cm/s),ChEMBL
A,CCOC(=O)c1ncn2c1Cc1cnc(C)nc1-c1cc(Br)ccc1-2,CHEMBL569477,permeability,10'-6 cm/s,3.6,permeability,10'-6 cm/s,3.6,caco2_permeability,Permeability,(cm/s),ChEMBL
A,C#Cc1ccc2c(c1)-c1nc(C)ncc1Cc1c(C(=O)OCC)ncn1-2,CHEMBL584708,permeability,10'-6 cm/s,2.78,permeability,10'-6 cm/s,2.78,caco2_permeability,Permeability,(cm/s),ChEMBL
A,CCOC(=O)c1ncn2c1Cn1ncnc1-c1cc(Cl)ccc1-2,CHEMBL567243,permeability,10'-6 cm/s,5.59,permeability,10'-6 cm/s,5.59,caco2_permeability,Permeability,(cm/s),ChEMBL
A,c1ccc2c(c1)-c1ncnn1Cc1cncn1-2,CHEMBL576667,permeability,10'-6 cm/s,2.87,permeability,10'-6 cm/s,2.87,caco2_permeability,Permeability,(cm/s),ChEMBL
A,CCc1ncn2c1Cn1ncnc1-c1ccccc1-2,CHEMBL576426,permeability,10'-6 cm/s,6.79,permeability,10'-6 cm/s,6.79,caco2_permeability,Permeability,(cm/s),ChEMBL
A,COc1cccc(CNC(=O)CC2(C)CC3(CCCCC3)OO2)c1,CHEMBL565361,permeability,10'-6 cm/s,65.0,permeability,10'-6 cm/s,65.0,caco2_permeability,Permeability,(cm/s),ChEMBL
A,CCOc1ccccc1CNC(=O)CC1(C)CC2(CCCCC2)OO1,CHEMBL578968,permeability,10'-6 cm/s,74.0,permeability,10'-6 cm/s,74.0,caco2_permeability,Permeability,(cm/s),ChEMBL
A,COc1cc(CNC(=O)CC2(C)CC3(CCCCC3)OO2)cc(OC)c1,CHEMBL579199,permeability,10'-6 cm/s,55.0,permeability,10'-6 cm/s,55.0,caco2_permeability,Permeability,(cm/s),ChEMBL
A,COc1cc(CNC(=O)CC2(C)CC3(CCCCC3)OO2)cc(OC)c1OC,CHEMBL579200,permeability,10'-6 cm/s,54.0,permeability,10'-6 cm/s,54.0,caco2_permeability,Permeability,(cm/s),ChEMBL
A,CC1(CC(=O)NCc2ccc(C(=O)O)cc2)CC2(CCCCC2)OO1,CHEMBL577470,permeability,10'-6 cm/s,0.0,permeability,10'-6 cm/s,0.0,caco2_permeability,Permeability,(cm/s),ChEMBL
A,COC(=O)c1ccc(CNC(=O)CC2(C)CC3(CCCCC3)OO2)cc1,CHEMBL578547,permeability,10'-6 cm/s,57.0,permeability,10'-6 cm/s,57.0,caco2_permeability,Permeability,(cm/s),ChEMBL
A,CC1(CC(=O)NCc2ccccc2N)CC2(CCCCC2)OO1,CHEMBL567376,permeability,10'-6 cm/s,37.0,permeability,10'-6 cm/s,37.0,caco2_permeability,Permeability,(cm/s),ChEMBL
A,CN(C)c1ccc(CNC(=O)CC2(C)CC3(CCCCC3)OO2)cc1,CHEMBL578588,permeability,10'-6 cm/s,90.0,permeability,10'-6 cm/s,90.0,caco2_permeability,Permeability,(cm/s),ChEMBL
A,CC1(CC(=O)NCc2ccc([N+](=O)[O-])cc2)CC2(CCCCC2)OO1,CHEMBL568444,permeability,10'-6 cm/s,49.0,permeability,10'-6 cm/s,49.0,caco2_permeability,Permeability,(cm/s),ChEMBL
A,CSc1ccc(CNC(=O)CC2(C)CC3(CCCCC3)OO2)cc1,CHEMBL578594,permeability,10'-6 cm/s,97.0,permeability,10'-6 cm/s,97.0,caco2_permeability,Permeability,(cm/s),ChEMBL
A,CC1(CC(=O)NCc2ccccc2N2CCCCC2)CC2(CCCCC2)OO1,CHEMBL578578,permeability,10'-6 cm/s,62.0,permeability,10'-6 cm/s,62.0,caco2_permeability,Permeability,(cm/s),ChEMBL
A,CC1(CC(=O)NCc2ccc(-n3cccc3)cc2)CC2(CCCCC2)OO1,CHEMBL579258,permeability,10'-6 cm/s,70.0,permeability,10'-6 cm/s,70.0,caco2_permeability,Permeability,(cm/s),ChEMBL
A,CC1(CC(=O)NCc2ccccc2Sc2ccccc2CO)CC2(CCCCC2)OO1,CHEMBL565360,permeability,10'-6 cm/s,77.0,permeability,10'-6 cm/s,77.0,caco2_permeability,Permeability,(cm/s),ChEMBL
A,CC1(CC(=O)NCc2ccc3c(c2)OCC3)CC2(CCCCC2)OO1,CHEMBL584886,permeability,10'-6 cm/s,69.0,permeability,10'-6 cm/s,69.0,caco2_permeability,Permeability,(cm/s),ChEMBL
A,CC1(CC(=O)NCc2ccc3c(c2)OCCO3)CC2(CCCCC2)OO1,CHEMBL585191,permeability,10'-6 cm/s,56.0,permeability,10'-6 cm/s,56.0,caco2_permeability,Permeability,(cm/s),ChEMBL
A,CC1(CC(=O)NCc2ccc3c(c2)OCC=CO3)CC2(CCCCC2)OO1,CHEMBL567582,permeability,10'-6 cm/s,55.0,permeability,10'-6 cm/s,55.0,caco2_permeability,Permeability,(cm/s),ChEMBL
A,CC1(CC(=O)NCc2ccccn2)CC2(CCCCC2)OO1,CHEMBL568438,permeability,10'-6 cm/s,33.0,permeability,10'-6 cm/s,33.0,caco2_permeability,Permeability,(cm/s),ChEMBL
A,CC1(CC(=O)NCc2ccncc2)CC2(CCCCC2)OO1,CHEMBL579016,permeability,10'-6 cm/s,18.0,permeability,10'-6 cm/s,18.0,caco2_permeability,Permeability,(cm/s),ChEMBL
A,Cc1c(Nc2c(C#N)cncc2/C=C/c2cccc(OCCN3CCN(C)CC3)c2)ccc2[nH]ccc12,CHEMBL567124,permeability,10'-6 cm/s,3.28,permeability,10'-6 cm/s,3.28,caco2_permeability,Permeability,(cm/s),ChEMBL
A,C[C@@H]1CN(C(=O)c2ccccc2)CCN1C(=O)C(=O)c1c[nH]c2ccccc12,CHEMBL567570,permeability,nm/s,169.0,permeability,nm/s,169.0,caco2_permeability,Permeability,(cm/s),ChEMBL
A,C[C@@H]1CN(C(=O)c2ccccc2)CCN1C(=O)C(=O)c1c[nH]c2cccnc12,CHEMBL585487,permeability,nm/s,76.0,permeability,nm/s,76.0,caco2_permeability,Permeability,(cm/s),ChEMBL
A,C[C@@H]1CN(C(=O)c2ccccc2)CCN1C(=O)C(=O)c1c[nH]c2ccncc12,CHEMBL585498,permeability,nm/s,19.0,permeability,nm/s,19.0,caco2_permeability,Permeability,(cm/s),ChEMBL
A,C[C@@H]1CN(C(=O)c2ccccc2)CCN1C(=O)C(=O)c1c[nH]c2cnccc12,CHEMBL583867,permeability,nm/s,15.0,permeability,nm/s,15.0,caco2_permeability,Permeability,(cm/s),ChEMBL
A,C[C@@H]1CN(C(=O)c2ccccc2)CCN1C(=O)C(=O)c1c[nH]c2ncccc12,CHEMBL442078,permeability,nm/s,168.0,permeability,nm/s,168.0,caco2_permeability,Permeability,(cm/s),ChEMBL
A,COc1ccnc2[nH]cc(C(=O)C(=O)N3CCN(C(=O)c4ccccc4)C[C@H]3C)c12,CHEMBL337301,permeability,nm/s,51.0,permeability,nm/s,51.0,caco2_permeability,Permeability,(cm/s),ChEMBL
A,COc1ncc(OC)c2c(C(=O)C(=O)N3CCN(C(=O)c4ccccc4)CC3)c[nH]c12,CHEMBL238103,permeability,nm/s,178.0,permeability,nm/s,178.0,caco2_permeability,Permeability,(cm/s),ChEMBL
A,CC1(CC(=O)NCCNc2ccnc3cc(Cl)ccc23)CC2(CCCCC2)OO1,CHEMBL462360,permeability,10'-6 cm/s,66.0,permeability,10'-6 cm/s,66.0,caco2_permeability,Permeability,(cm/s),ChEMBL
A,CC(C)(C)[C@H]1C(O)=C(C2=CS(=O)(=O)c3cc(NS(C)(=O)=O)ccc3N2)C(=O)N1Cc1ccccc1,CHEMBL585384,permeability,10'-6 cm/s,1.8,permeability,10'-6 cm/s,1.8,caco2_permeability,Permeability,(cm/s),ChEMBL
A,CC(C)(C)[C@H]1C(O)=C(C2=CS(=O)(=O)c3cc(NS(C)(=O)=O)ccc3N2)C(=O)N1Cc1ccc(F)cc1,CHEMBL568894,permeability,10'-6 cm/s,1.4,permeability,10'-6 cm/s,1.4,caco2_permeability,Permeability,(cm/s),ChEMBL
A,CC(C)(C)[C@H]1C(O)=C(C2=CS(=O)(=O)c3cc(NS(C)(=O)=O)ccc3N2)C(=O)N1Cc1ccc(F)c(Cl)c1,CHEMBL570934,permeability,10'-6 cm/s,0.98,permeability,10'-6 cm/s,0.98,caco2_permeability,Permeability,(cm/s),ChEMBL
A,Cc1cc(CN2C(=O)C(C3=CS(=O)(=O)c4cc(NS(C)(=O)=O)ccc4N3)=C(O)[C@@H]2C(C)(C)C)ccc1F,CHEMBL571825,permeability,10'-6 cm/s,1.62,permeability,10'-6 cm/s,1.62,caco2_permeability,Permeability,(cm/s),ChEMBL
A,CC(C)(C)CCN1C(=O)C(C2=CS(=O)(=O)c3cc(NS(C)(=O)=O)ccc3N2)=C(O)[C@@H]1C(C)(C)C,CHEMBL572246,permeability,10'-6 cm/s,1.8,permeability,10'-6 cm/s,1.8,caco2_permeability,Permeability,(cm/s),ChEMBL
A,NC1=NC(c2ccccc2)(c2ccccc2)C2=NCCCN12,CHEMBL582044,permeability,10'-6 cm/s,1.0,permeability,10'-6 cm/s,1.0,caco2_permeability,Permeability,(cm/s),ChEMBL
A,CN1C(=O)C(c2ccccc2)(c2ccccc2)N=C1N,CHEMBL291784,permeability,10'-6 cm/s,3.0,permeability,10'-6 cm/s,3.0,caco2_permeability,Permeability,(cm/s),ChEMBL
A,CN1C(=O)C(c2ccccc2)(C2CCCCC2)N=C1N,CHEMBL599965,permeability,10'-6 cm/s,7.2,permeability,10'-6 cm/s,7.2,caco2_permeability,Permeability,(cm/s),ChEMBL
A,CN1C(=O)C(C2CCCCC2)(C2CCCCC2)N=C1N,CHEMBL589163,permeability,10'-6 cm/s,2.9,permeability,10'-6 cm/s,2.9,caco2_permeability,Permeability,(cm/s),ChEMBL
A,NC1=NC(c2ccccc2)(c2ccccc2)C2=NCCCN12,CHEMBL582044,permeability,10'-6 cm/s,8.6,permeability,10'-6 cm/s,8.6,caco2_permeability,Permeability,(cm/s),ChEMBL
A,CN1C(=O)C(c2ccccc2)(c2ccccc2)N=C1N,CHEMBL291784,permeability,10'-6 cm/s,11.1,permeability,10'-6 cm/s,11.1,caco2_permeability,Permeability,(cm/s),ChEMBL
A,CN1C(=O)C(c2ccccc2)(C2CCCCC2)N=C1N,CHEMBL599965,permeability,10'-6 cm/s,12.8,permeability,10'-6 cm/s,12.8,caco2_permeability,Permeability,(cm/s),ChEMBL
A,CN1C(=O)C(C2CCCCC2)(C2CCCCC2)N=C1N,CHEMBL589163,permeability,10'-6 cm/s,7.7,permeability,10'-6 cm/s,7.7,caco2_permeability,Permeability,(cm/s),ChEMBL
A,Cc1ccoc1C(=O)Nc1cccc(C2(C3CCCCC3)N=C(N)N(C)C2=O)c1,CHEMBL590830,permeability,10'-6 cm/s,1.4,permeability,10'-6 cm/s,1.4,caco2_permeability,Permeability,(cm/s),ChEMBL
A,Cc1ccoc1C(=O)Nc1cccc(C2(C3CCCCC3)N=C(N)N(C)C2=O)c1,CHEMBL590830,permeability,10'-6 cm/s,13.7,permeability,10'-6 cm/s,13.7,caco2_permeability,Permeability,(cm/s),ChEMBL
A,OC[C@H](Cc1c[nH]cn1)Nc1nccc(-c2ccc3ccccc3c2)n1,CHEMBL595986,permeability,10'-6 cm/s,0.13,permeability,10'-6 cm/s,0.13,caco2_permeability,Permeability,(cm/s),ChEMBL
A,CCC(=O)N(C)c1cc2c(NCc3ccc(OC)c(Cl)c3)ncnc2c(CCO)c1OC,CHEMBL604271,permeability,10'-6 cm/s,17.0,permeability,10'-6 cm/s,17.0,caco2_permeability,Permeability,(cm/s),ChEMBL
A,COC(=O)N(C)c1cc2c(NCc3ccc(OC)c(Cl)c3)ncnc2c(CCO)c1OC,CHEMBL594160,permeability,10'-6 cm/s,35.0,permeability,10'-6 cm/s,35.0,caco2_permeability,Permeability,(cm/s),ChEMBL
A,Cc1cc(S(=O)(=O)NC(=O)Nc2ncc(Br)s2)ccc1-c1ccc(F)nc1,CHEMBL611631,permeability,10'-6 cm/s,3.6,permeability,10'-6 cm/s,3.6,caco2_permeability,Permeability,(cm/s),ChEMBL
A,COc1cccc(CNC(=O)c2cccc(C(=O)NCc3ccc(C(=O)O)cc3)c2)c1,CHEMBL596494,permeability,10'-6 cm/s,0.0,permeability,10'-6 cm/s,0.0,caco2_permeability,Permeability,(cm/s),ChEMBL
A,COc1cccc(Cn2nnc(-c3cccc(C(=O)NCc4ccc(C(=O)O)cc4)c3)n2)c1,CHEMBL593983,permeability,10'-6 cm/s,0.0,permeability,10'-6 cm/s,0.0,caco2_permeability,Permeability,(cm/s),ChEMBL
A,COc1ccc(Cn2nnc(-c3cccc(C(=O)NCc4ccc(C(=O)O)cc4)c3)n2)cc1,CHEMBL603623,permeability,10'-6 cm/s,0.0,permeability,10'-6 cm/s,0.0,caco2_permeability,Permeability,(cm/s),ChEMBL
A,Cc1cc(-c2nnn(Cc3ccc(C(=O)O)cc3)n2)cc(C(=O)NCc2ccccc2)n1,CHEMBL593256,permeability,10'-6 cm/s,5.7,permeability,10'-6 cm/s,5.7,caco2_permeability,Permeability,(cm/s),ChEMBL
A,Cc1cc(-c2nnn(Cc3ccc(C(=O)O)cc3)n2)cc(C(=O)NCc2ccc(F)cc2)n1,CHEMBL596056,permeability,10'-6 cm/s,10.1,permeability,10'-6 cm/s,10.1,caco2_permeability,Permeability,(cm/s),ChEMBL
A,O=C(O)c1ccc(Cn2nnc(-c3ccnc(C(=O)NCc4cccc(F)c4)c3)n2)cc1,CHEMBL593034,permeability,10'-6 cm/s,10.2,permeability,10'-6 cm/s,10.2,caco2_permeability,Permeability,(cm/s),ChEMBL
A,Cc1cc(-c2nnn(Cc3ccc(C(=O)O)cc3)n2)cc(C(=O)NCc2ccc(F)c(F)c2)n1,CHEMBL596071,permeability,10'-6 cm/s,2.7,permeability,10'-6 cm/s,2.7,caco2_permeability,Permeability,(cm/s),ChEMBL
A,COc1ccc(CNC(=O)c2cc(-c3nnn(Cc4ccc(C(=O)O)cc4)n3)cc(C)n2)cc1,CHEMBL596287,permeability,10'-6 cm/s,2.8,permeability,10'-6 cm/s,2.8,caco2_permeability,Permeability,(cm/s),ChEMBL
A,COc1cccc(CNC(=O)c2cc(-c3nnn(Cc4ccc(C(=O)O)cc4)n3)cc(C)n2)c1,CHEMBL605742,permeability,10'-6 cm/s,9.7,permeability,10'-6 cm/s,9.7,caco2_permeability,Permeability,(cm/s),ChEMBL
A,CCCCN1C(=O)[C@H](CC2CCCCC2)NC(=O)C12CCN(CCc1cccc(Oc3ccc(C(=O)O)cc3)c1)CC2.Cl,CHEMBL593205,permeability,10'-6 cm/s,26.4,permeability,10'-6 cm/s,26.4,caco2_permeability,Permeability,(cm/s),ChEMBL
A,Cc1c(Nc2c(C#N)cncc2/C=C/CCN2CCN(C)CC2)ccc2[nH]ccc12,CHEMBL595521,permeability,10'6cm/s,0.86,permeability,10'6cm/s,0.86,caco2_permeability,Permeability,(cm/s),ChEMBL
A,Cc1c(Nc2c(C#N)cncc2/C=C/CCCN2CCNCC2)ccc2[nH]ccc12,CHEMBL593162,permeability,10'6cm/s,0.16,permeability,10'6cm/s,0.16,caco2_permeability,Permeability,(cm/s),ChEMBL
A,Cc1c(Nc2c(C#N)cncc2/C=C/CCN2CCNCC2)ccc2[nH]ccc12,CHEMBL603418,permeability,10'6cm/s,0.11,permeability,10'6cm/s,0.11,caco2_permeability,Permeability,(cm/s),ChEMBL
A,Cc1c(Nc2c(C#N)cncc2/C=C/CCN2CCC(N(C)C)CC2)ccc2[nH]ccc12,CHEMBL596397,permeability,10'6cm/s,0.08,permeability,10'6cm/s,0.08,caco2_permeability,Permeability,(cm/s),ChEMBL
A,Cc1c(Nc2c(C#N)cncc2/C=C/CCN2CC[C@@H](O)C2)ccc2[nH]ccc12,CHEMBL595724,permeability,10'6cm/s,0.07,permeability,10'6cm/s,0.07,caco2_permeability,Permeability,(cm/s),ChEMBL
A,Cc1c(Nc2c(C#N)cncc2/C=C/CCCN2CCN(C)CC2)ccc2[nH]ccc12,CHEMBL603217,permeability,10'6cm/s,0.07,permeability,10'6cm/s,0.07,caco2_permeability,Permeability,(cm/s),ChEMBL
A,Cc1c(Nc2c(C#N)cncc2/C=C/CCN2CC[C@H](N)C2)ccc2[nH]ccc12,CHEMBL606148,permeability,10'6cm/s,0.06,permeability,10'6cm/s,0.06,caco2_permeability,Permeability,(cm/s),ChEMBL
A,Cc1c(Nc2c(C#N)cncc2/C=C/CCN2CC(N)C2)ccc2[nH]ccc12,CHEMBL596172,permeability,10'6cm/s,0.06,permeability,10'6cm/s,0.06,caco2_permeability,Permeability,(cm/s),ChEMBL
A,Cc1c(Nc2c(C#N)cncc2/C=C/CCN2CCC(NS(=O)(=O)C(C)C)CC2)ccc2[nH]ccc12,CHEMBL596173,permeability,10'6cm/s,0.05,permeability,10'6cm/s,0.05,caco2_permeability,Permeability,(cm/s),ChEMBL
A,Cc1c(Nc2c(C#N)cncc2/C=C/CCN2CCC(N)CC2)ccc2[nH]ccc12,CHEMBL593883,permeability,10'6cm/s,0.04,permeability,10'6cm/s,0.04,caco2_permeability,Permeability,(cm/s),ChEMBL
A,Cc1c(Nc2c(C#N)cncc2/C=C/CN2CCC(N)CC2)ccc2[nH]ccc12,CHEMBL593163,permeability,10'6cm/s,0.03,permeability,10'6cm/s,0.03,caco2_permeability,Permeability,(cm/s),ChEMBL
A,Cc1c(Nc2c(C#N)cncc2/C=C/CCN2CCN(S(C)(=O)=O)CC2)ccc2[nH]ccc12,CHEMBL595734,permeability,10'6cm/s,0.02,permeability,10'6cm/s,0.02,caco2_permeability,Permeability,(cm/s),ChEMBL
A,Cc1c(Nc2c(C#N)cncc2/C=C/CCN2CCC(O)CC2)ccc2[nH]ccc12,CHEMBL593890,permeability,10'6cm/s,0.02,permeability,10'6cm/s,0.02,caco2_permeability,Permeability,(cm/s),ChEMBL
A,Cc1c(Nc2c(C#N)cncc2/C=C/CN2CCNCC2)ccc2[nH]ccc12,CHEMBL593619,permeability,10'6cm/s,0.02,permeability,10'6cm/s,0.02,caco2_permeability,Permeability,(cm/s),ChEMBL
A,Cc1c(Nc2c(C#N)cncc2/C=C/CCN2CCCNCC2)ccc2[nH]ccc12,CHEMBL606133,permeability,10'6cm/s,0.01,permeability,10'6cm/s,0.01,caco2_permeability,Permeability,(cm/s),ChEMBL
A,Cc1c(Nc2c(C#N)cncc2/C=C/CN2CCN(C)CC2)ccc2[nH]ccc12,CHEMBL596413,permeability,10'6cm/s,0.0,permeability,10'6cm/s,0.0,caco2_permeability,Permeability,(cm/s),ChEMBL
A,CN(C)C1CCN(C(=O)c2ccc(Cn3c(-c4ccccc4)nc4ccccc43)cc2)C1,CHEMBL597879,permeability,10'-6 cm/s,84.9,permeability,10'-6 cm/s,84.9,caco2_permeability,Permeability,(cm/s),ChEMBL
A,CN(C)C1CCN(C(=O)c2ccc(Cn3c(-c4ccccc4)nc4ccccc43)cc2)C1,CHEMBL597879,permeability,10'-6 cm/s,4.4,permeability,10'-6 cm/s,4.4,caco2_permeability,Permeability,(cm/s),ChEMBL
A,O=C(c1ccc(Cn2cnc3ccccc32)cc1)N1CC[C@H](N2CCCC2)C1,CHEMBL599589,permeability,10'-6 cm/s,0.3,permeability,10'-6 cm/s,0.3,caco2_permeability,Permeability,(cm/s),ChEMBL
A,Cc1nc2ccccc2n1Cc1ccc(C(=O)N2CC[C@H](N3CCCC3)C2)cc1,CHEMBL598979,permeability,10'-6 cm/s,0.3,permeability,10'-6 cm/s,0.3,caco2_permeability,Permeability,(cm/s),ChEMBL
A,O=C(c1ccc(Cn2ccc3ccccc32)cc1)N1CC[C@H](N2CCCC2)C1,CHEMBL602515,permeability,10'-6 cm/s,8.3,permeability,10'-6 cm/s,8.3,caco2_permeability,Permeability,(cm/s),ChEMBL
A,O=C(c1ccc(Cn2ccc3cccc(Cl)c32)cc1)N1CC[C@H](N2CCCC2)C1,CHEMBL589908,permeability,10'-6 cm/s,6.5,permeability,10'-6 cm/s,6.5,caco2_permeability,Permeability,(cm/s),ChEMBL
A,O=C(c1ccc(Cn2ccc3ccc(Cl)cc32)cc1)N1CC[C@H](N2CCCC2)C1,CHEMBL590625,permeability,10'-6 cm/s,7.3,permeability,10'-6 cm/s,7.3,caco2_permeability,Permeability,(cm/s),ChEMBL
A,O=C(c1ccc(Cn2ccc3cc(Cl)ccc32)cc1)N1CC[C@H](N2CCCC2)C1,CHEMBL600250,permeability,10'-6 cm/s,7.8,permeability,10'-6 cm/s,7.8,caco2_permeability,Permeability,(cm/s),ChEMBL
A,Cc1ccc2oc(N3CCN4CCC3CC4)nc2n1,CHEMBL604798,permeability,10'-6 cm/s,18.0,permeability,10'-6 cm/s,18.0,caco2_permeability,Permeability,(cm/s),ChEMBL
F,CC(C)CC(C)NCC(O)c1cc(C(F)(F)F)nc2c(C(F)(F)F)cccc12,CHEMBL602680,permeability,day,2.0,permeability,day,2.0,caco2_permeability,Permeability,(cm/s),ChEMBL
F,OC(NC[C@]12CC[C@@H](C1)NC2)c1cc(C(F)(F)F)nc2c(C(F)(F)F)cccc12,CHEMBL599346,permeability,day,8.4,permeability,day,8.4,caco2_permeability,Permeability,(cm/s),ChEMBL
F,CCCCNCC(O)c1cc(C(F)(F)F)nc2c(C(F)(F)F)cccc12,CHEMBL602912,permeability,day,8.0,permeability,day,8.0,caco2_permeability,Permeability,(cm/s),ChEMBL
F,CNCC(O)c1cc(C(F)(F)F)nc2c(C(F)(F)F)cccc12,CHEMBL603488,permeability,day,25.0,permeability,day,25.0,caco2_permeability,Permeability,(cm/s),ChEMBL
F,COCCNCC(O)c1cc(C(F)(F)F)nc2c(C(F)(F)F)cccc12,CHEMBL598931,permeability,day,15.0,permeability,day,15.0,caco2_permeability,Permeability,(cm/s),ChEMBL
F,CSCCCNCC(O)c1cc(C(F)(F)F)nc2c(C(F)(F)F)cccc12,CHEMBL609330,permeability,day,17.0,permeability,day,17.0,caco2_permeability,Permeability,(cm/s),ChEMBL
F,OC(c1cc(C(F)(F)F)nc2c(C(F)(F)F)cccc12)C1CCCCN1,CHEMBL416956,permeability,day,17.0,permeability,day,17.0,caco2_permeability,Permeability,(cm/s),ChEMBL
F,CC1C(NCC(O)c2cc(C(F)(F)F)nc3c(C(F)(F)F)cccc23)CC2CC1C2(C)C,CHEMBL604753,permeability,day,3.0,permeability,day,3.0,caco2_permeability,Permeability,(cm/s),ChEMBL
F,OC(CNCCNCc1ccccc1)c1cc(C(F)(F)F)nc2c(C(F)(F)F)cccc12,CHEMBL599523,permeability,day,10.0,permeability,day,10.0,caco2_permeability,Permeability,(cm/s),ChEMBL
F,COCCCNCC(O)c1cc(C(F)(F)F)nc2c(C(F)(F)F)cccc12,CHEMBL598944,permeability,day,9.0,permeability,day,9.0,caco2_permeability,Permeability,(cm/s),ChEMBL
A,O=C(Cc1nnc(-c2cc(Cl)cc(N3CCOCC3)c2)o1)N1CCC(n2c(=O)[nH]c3ncccc32)CC1,CHEMBL600837,permeability,nM/s,120.0,permeability,nM/s,120.0,caco2_permeability,Permeability,(cm/s),ChEMBL
A,CN1CCN(c2cc(Cl)cc(-c3nnc(CC(=O)N4CCC(n5c(=O)[nH]c6ncccc65)CC4)o3)c2)CC1,CHEMBL601639,permeability,nM/s,3.0,permeability,nM/s,3.0,caco2_permeability,Permeability,(cm/s),ChEMBL
A,CN1CCC(c2cc(Cl)cc(-c3nnc(CC(=O)N4CCC(n5c(=O)[nH]c6ncccc65)CC4)o3)c2)CC1,CHEMBL601854,permeability,nM/s,22.0,permeability,nM/s,22.0,caco2_permeability,Permeability,(cm/s),ChEMBL
A,CCN1CCC(c2cc(Cl)cc(-c3nnc(CC(=O)N4CCC(n5c(=O)[nH]c6ncccc65)CC4)o3)c2)CC1,CHEMBL610062,permeability,nM/s,5.0,permeability,nM/s,5.0,caco2_permeability,Permeability,(cm/s),ChEMBL
A,O=C(Cc1nnc(-c2cc(Cl)cc(C3CCN(CC(F)F)CC3)c2)o1)N1CCC(n2c(=O)[nH]c3ncccc32)CC1,CHEMBL592649,permeability,nM/s,200.0,permeability,nM/s,200.0,caco2_permeability,Permeability,(cm/s),ChEMBL
A,Cc1ccc(-c2cc(Cl)cc(-c3nnc(CC(=O)N4CCC(n5c(=O)[nH]c6ncccc65)CC4)o3)c2)cn1,CHEMBL609757,permeability,nM/s,220.0,permeability,nM/s,220.0,caco2_permeability,Permeability,(cm/s),ChEMBL
A,Cc1ncc(-c2cc(Cl)cc(-c3nnc(CC(=O)N4CCC(n5c(=O)[nH]c6ncccc65)CC4)o3)c2)n1C,CHEMBL601857,permeability,nM/s,3.0,permeability,nM/s,3.0,caco2_permeability,Permeability,(cm/s),ChEMBL
A,CN(C)CCOc1cc(Cl)cc(-c2nnc(CC(=O)N3CCC(n4c(=O)[nH]c5ncccc54)CC3)o2)c1,CHEMBL605579,permeability,nM/s,12.0,permeability,nM/s,12.0,caco2_permeability,Permeability,(cm/s),ChEMBL
A,CN(C)CCOc1cc(Cl)cc(-c2nnc(CC(=O)N3CCC(N4CCc5ccccc5NC4=O)CC3)o2)c1,CHEMBL602475,permeability,nM/s,185.0,permeability,nM/s,185.0,caco2_permeability,Permeability,(cm/s),ChEMBL
A,CCN(C(=O)c1c(-c2ccccc2Cl)noc1C)c1cccc(Cl)c1,CHEMBL583110,permeability,nm/s,310.0,permeability,nm/s,310.0,caco2_permeability,Permeability,(cm/s),ChEMBL
A,CCN(C(=O)c1c(-c2ccccc2Cl)noc1C)c1cccc(Cl)c1,CHEMBL583110,permeability,nm/s,448.0,permeability,nm/s,448.0,caco2_permeability,Permeability,(cm/s),ChEMBL
A,O=C(O)Cc1sc(C(c2ccccc2)c2ccccc2)nc1-c1ccc(Cl)cc1,CHEMBL590582,permeability,10'-6 cm/s,2.6,permeability,10'-6 cm/s,2.6,caco2_permeability,Permeability,(cm/s),ChEMBL
A,COc1ccc(C(c2ccccc2)c2nc(-c3ccc(F)cc3)c(CC(=O)O)s2)cc1,CHEMBL605148,permeability,10'-6 cm/s,0.0,permeability,10'-6 cm/s,0.0,caco2_permeability,Permeability,(cm/s),ChEMBL
A,CN(C)C(=O)Cn1c(-c2ccoc2)c(C2CCCCC2)c2ccc(C(=O)O)cc21,CHEMBL190558,permeability,10'-6 cm/s,12.8,permeability,10'-6 cm/s,12.8,caco2_permeability,Permeability,(cm/s),ChEMBL
A,CN1CCC(N(C)C(=O)Cn2c(-c3ccoc3)c(C3CCCCC3)c3ccc(C(=O)O)cc32)CC1,CHEMBL604945,permeability,10'-6 cm/s,0.2,permeability,10'-6 cm/s,0.2,caco2_permeability,Permeability,(cm/s),ChEMBL
A,O=C(O)c1ccc2c(C3CCCCC3)c(-c3ccoc3)n(CC(=O)N3CCOCC3)c2c1,CHEMBL606202,permeability,10'-6 cm/s,5.2,permeability,10'-6 cm/s,5.2,caco2_permeability,Permeability,(cm/s),ChEMBL
A,CN1CCN(C(=O)Cn2c(-c3ccoc3)c(C3CCCCC3)c3ccc(C(=O)O)cc32)CC1,CHEMBL602142,permeability,10'-6 cm/s,1.7,permeability,10'-6 cm/s,1.7,caco2_permeability,Permeability,(cm/s),ChEMBL
A,CCN1CCN(C(=O)Cn2c(-c3ccoc3)c(C3CCCCC3)c3ccc(C(=O)O)cc32)CC1,CHEMBL601030,permeability,10'-6 cm/s,6.5,permeability,10'-6 cm/s,6.5,caco2_permeability,Permeability,(cm/s),ChEMBL
A,CC(C)N1CCN(C(=O)Cn2c(-c3ccoc3)c(C3CCCCC3)c3ccc(C(=O)O)cc32)CC1,CHEMBL601031,permeability,10'-6 cm/s,7.0,permeability,10'-6 cm/s,7.0,caco2_permeability,Permeability,(cm/s),ChEMBL
A,O=C(O)c1ccc2c(C3CCCCC3)c(-c3ccoc3)n(CC(=O)N3CCC(N4CCCC4)CC3)c2c1,CHEMBL600222,permeability,10'-6 cm/s,1.4,permeability,10'-6 cm/s,1.4,caco2_permeability,Permeability,(cm/s),ChEMBL
A,O=C(O)c1ccc2c(C3CCCCC3)c(-c3cccs3)n(CC(=O)N3CCC(N4CCCC4)CC3)c2c1,CHEMBL600613,permeability,10'-6 cm/s,0.2,permeability,10'-6 cm/s,0.2,caco2_permeability,Permeability,(cm/s),ChEMBL
A,O=C(O)c1ccc2c(C3CCCCC3)c(-c3ccccc3)n(CC(=O)N3CCC(N4CCCC4)CC3)c2c1,CHEMBL600005,permeability,10'-6 cm/s,0.1,permeability,10'-6 cm/s,0.1,caco2_permeability,Permeability,(cm/s),ChEMBL
A,COc1cc2c(cc1OC)C1CC(N)C(N3CCCC3=O)CN1CC2,CHEMBL590326,permeability,10'-6/cm,0.6,permeability,10'-6/cm,0.6,caco2_permeability,Permeability,(cm/s),ChEMBL
A,COc1cc2c(cc1OC)C1CC(N)C(N3CCCCC3=O)CN1CC2,CHEMBL592779,permeability,10'-6/cm,0.2,permeability,10'-6/cm,0.2,caco2_permeability,Permeability,(cm/s),ChEMBL
A,COc1cc2c(cc1OC)[C@@H]1C[C@H](N)[C@@H](N3CCCCC3=O)CN1CC2,CHEMBL592778,permeability,10'-6/cm,0.2,permeability,10'-6/cm,0.2,caco2_permeability,Permeability,(cm/s),ChEMBL
A,COc1cc2c(cc1OC)C1CC(N)C(N3CCC[S+]3[O-])CN1CC2,CHEMBL605285,permeability,10'-6/cm,1.2,permeability,10'-6/cm,1.2,caco2_permeability,Permeability,(cm/s),ChEMBL
A,COc1cc2c(cc1OC)C1CC(N)C(N3CCCC[S+]3[O-])CN1CC2,CHEMBL589598,permeability,10'-6/cm,0.7,permeability,10'-6/cm,0.7,caco2_permeability,Permeability,(cm/s),ChEMBL
A,COc1cc2c(cc1OC)C1CC(N)C(N3CCOC3=O)CN1CC2,CHEMBL590330,permeability,10'-6/cm,0.0,permeability,10'-6/cm,0.0,caco2_permeability,Permeability,(cm/s),ChEMBL
A,COc1cc2c(cc1OC)C1CC(N)C(N3CCCOC3=O)CN1CC2,CHEMBL600045,permeability,10'-6/cm,0.1,permeability,10'-6/cm,0.1,caco2_permeability,Permeability,(cm/s),ChEMBL
A,COc1cc2c(cc1OC)C1CC(N)C(N3CCC(C)CC3=O)CN1CC2,CHEMBL590086,permeability,10'-6/cm,0.5,permeability,10'-6/cm,0.5,caco2_permeability,Permeability,(cm/s),ChEMBL
A,COc1cc2c(cc1OC)C1CC(N)C(N3CC(C)CCC3=O)CN1CC2,CHEMBL590329,permeability,10'-6/cm,1.1,permeability,10'-6/cm,1.1,caco2_permeability,Permeability,(cm/s),ChEMBL
A,COc1cc2c(cc1OC)C1CC(N)C(N3CC(C)CC3=O)CN1CC2,CHEMBL590812,permeability,10'-6/cm,0.2,permeability,10'-6/cm,0.2,caco2_permeability,Permeability,(cm/s),ChEMBL
A,CCC1CC(=O)N(C2CN3CCc4cc(OC)c(OC)cc4C3CC2N)C1,CHEMBL601074,permeability,10'-6/cm,0.9,permeability,10'-6/cm,0.9,caco2_permeability,Permeability,(cm/s),ChEMBL
A,COc1cc2c(cc1OC)[C@@H]1C[C@H](N)[C@@H](N3C[C@@H](C)CC3=O)CN1CC2,CHEMBL591290,permeability,10'-6/cm,0.6,permeability,10'-6/cm,0.6,caco2_permeability,Permeability,(cm/s),ChEMBL
A,COc1cc2c(cc1OC)[C@@H]1C[C@H](N)[C@@H](N3C[C@H](C)CC3=O)CN1CC2,CHEMBL591291,permeability,10'-6/cm,0.8,permeability,10'-6/cm,0.8,caco2_permeability,Permeability,(cm/s),ChEMBL
A,COc1cc2c(cc1OC)[C@@H]1C[C@H](N)[C@@H](N3C[C@@H](CF)CC3=O)CN1CC2,CHEMBL591118,permeability,10'-6/cm,0.13,permeability,10'-6/cm,0.13,caco2_permeability,Permeability,(cm/s),ChEMBL
A,COc1cc2c(cc1OC)[C@@H]1C[C@H](N)[C@@H](N3C[C@H](CF)CC3=O)CN1CC2,CHEMBL591117,permeability,10'-6/cm,0.4,permeability,10'-6/cm,0.4,caco2_permeability,Permeability,(cm/s),ChEMBL
A,O=[N+]([O-])c1cnc(Sc2nnc(O)n2-c2ccc3c(c2)OCCO3)s1,CHEMBL508280,permeability,%,5.5,permeability,%,5.5,caco2_permeability,Permeability,(cm/s),ChEMBL
A,COc1ccc(CCNc2nnc(Sc3ncc([N+](=O)[O-])s3)s2)cc1OC,CHEMBL599111,permeability,%,76.3,permeability,%,76.3,caco2_permeability,Permeability,(cm/s),ChEMBL
A,COCCNc1nnc(Sc2ncc([N+](=O)[O-])s2)s1,CHEMBL611079,permeability,%,49.8,permeability,%,49.8,caco2_permeability,Permeability,(cm/s),ChEMBL
A,CCCNc1nnc(Sc2ncc([N+](=O)[O-])s2)s1,CHEMBL609039,permeability,%,30.0,permeability,%,30.0,caco2_permeability,Permeability,(cm/s),ChEMBL
A,CCC(C)Nc1nnc(Sc2ncc([N+](=O)[O-])s2)s1,CHEMBL599518,permeability,%,7.9,permeability,%,7.9,caco2_permeability,Permeability,(cm/s),ChEMBL
A,C/C=C/C[C@@H](C)[C@@H](O)[C@H]1C(=O)N[C@@H](CC)C(=O)N(C)CC(=O)N(C)[C@@H](CC(C)C)C(=O)N[C@@H](C(C)C)C(=O)N(C)[C@@H](CC(C)C)C(=O)N[C@@H](C)C(=O)N[C@H](C)C(=O)N(C)[C@@H](CC(C)C)C(=O)N(C)[C@@H](CC(C)C)C(=O)N(C)[C@@H](C(C)C)C(=O)N1C,CHEMBL160,permeability,10'-6 cm/s,3.5,permeability,10'-6 cm/s,3.5,caco2_permeability,Permeability,(cm/s),ChEMBL
A,COc1cc(C(=O)Nc2nonc2NCc2ccc(-c3cc(Cl)cc(F)c3-c3noc(C)n3)cc2F)on1,CHEMBL603668,permeability,10'-6 cm/s,48.0,permeability,10'-6 cm/s,48.0,caco2_permeability,Permeability,(cm/s),ChEMBL
A,CNC(=O)c1nn(C)c2c1CCc1cnc(NC3CCN(C(=O)C4CCN(S(C)(=O)=O)CC4)CC3)nc1-2,CHEMBL597754,permeability,10'-6 cm/s,11.9,permeability,10'-6 cm/s,11.9,caco2_permeability,Permeability,(cm/s),ChEMBL
A,O=C(Nc1ccccc1)Nc1ccc(-c2nc(N3CCOCC3)nc(N3CCOCC3)n2)cc1,CHEMBL604908,permeability,10'-6 cm/s,0.2,permeability,10'-6 cm/s,0.2,caco2_permeability,Permeability,(cm/s),ChEMBL
A,CCNC(=O)Nc1ccc(-c2nc(N3CCOCC3)nc(N3CCOCC3)n2)cc1,CHEMBL596790,permeability,10'-6 cm/s,0.7,permeability,10'-6 cm/s,0.7,caco2_permeability,Permeability,(cm/s),ChEMBL
A,O=C(Nc1ccc(F)cc1)Nc1ccc(-c2nc(N3CCOCC3)nc(N3CCOCC3)n2)cc1,CHEMBL599246,permeability,10'-6 cm/s,1.0,permeability,10'-6 cm/s,1.0,caco2_permeability,Permeability,(cm/s),ChEMBL
A,Cc1ccc(NC(=O)Nc2ccc(-c3nc(N4CCOCC4)nc(N4CCOCC4)n3)cc2)cc1,CHEMBL597814,permeability,10'-6 cm/s,5.6,permeability,10'-6 cm/s,5.6,caco2_permeability,Permeability,(cm/s),ChEMBL
A,O=C(Nc1ccc(Cl)cc1)Nc1ccc(-c2nc(N3CCOCC3)nc(N3CCOCC3)n2)cc1,CHEMBL604303,permeability,10'-6 cm/s,0.0,permeability,10'-6 cm/s,0.0,caco2_permeability,Permeability,(cm/s),ChEMBL
A,O=C(Nc1ccc(-c2nc(N3CCOCC3)nc(N3CCOCC3)n2)cc1)Nc1ccc(F)cc1F,CHEMBL597815,permeability,10'-6 cm/s,0.0,permeability,10'-6 cm/s,0.0,caco2_permeability,Permeability,(cm/s),ChEMBL
A,O=C(Nc1ccc(CO)cc1)Nc1ccc(-c2nc(N3CCOCC3)nc(N3CCOCC3)n2)cc1,CHEMBL597004,permeability,10'-6 cm/s,0.2,permeability,10'-6 cm/s,0.2,caco2_permeability,Permeability,(cm/s),ChEMBL
A,O=C(Nc1ccc(CCO)cc1)Nc1ccc(-c2nc(N3CCOCC3)nc(N3CCOCC3)n2)cc1,CHEMBL605121,permeability,10'-6 cm/s,0.0,permeability,10'-6 cm/s,0.0,caco2_permeability,Permeability,(cm/s),ChEMBL
A,O=C(Nc1ccc(-c2nc(N3CCOCC3)nc(N3CCOCC3)n2)cc1)Nc1cccs1,CHEMBL599667,permeability,10'-6 cm/s,2.4,permeability,10'-6 cm/s,2.4,caco2_permeability,Permeability,(cm/s),ChEMBL
A,O=C(Nc1ccc(-c2nc(N3CCOCC3)nc(N3CCOCC3)n2)cc1)Nc1cccnc1,CHEMBL599668,permeability,10'-6 cm/s,0.5,permeability,10'-6 cm/s,0.5,caco2_permeability,Permeability,(cm/s),ChEMBL
A,O=C(Nc1ccncc1)Nc1ccc(-c2nc(N3CCOCC3)nc(N3CCOCC3)n2)cc1,CHEMBL596597,permeability,10'-6 cm/s,1.4,permeability,10'-6 cm/s,1.4,caco2_permeability,Permeability,(cm/s),ChEMBL
A,COC(=O)c1ccc(NC(=O)Nc2ccc(-c3nc(N4CCOCC4)nc(N4CCOCC4)n3)cc2)cc1,CHEMBL599259,permeability,10'-6 cm/s,0.6,permeability,10'-6 cm/s,0.6,caco2_permeability,Permeability,(cm/s),ChEMBL
A,O=C(Nc1ccc(C(=O)O)cc1)Nc1ccc(-c2nc(N3CCOCC3)nc(N3CCOCC3)n2)cc1,CHEMBL597824,permeability,10'-6 cm/s,0.0,permeability,10'-6 cm/s,0.0,caco2_permeability,Permeability,(cm/s),ChEMBL
A,CN(C)CCNC(=O)c1ccc(NC(=O)Nc2ccc(-c3nc(N4CCOCC4)nc(N4CCOCC4)n3)cc2)cc1,CHEMBL592615,permeability,10'-6 cm/s,0.1,permeability,10'-6 cm/s,0.1,caco2_permeability,Permeability,(cm/s),ChEMBL
A,CN1CCN(C(=O)c2ccc(NC(=O)Nc3ccc(-c4nc(N5CCOCC5)nc(N5CCOCC5)n4)cc3)cc2)CC1.Cl,CHEMBL1204014,permeability,10'-6 cm/s,0.0,permeability,10'-6 cm/s,0.0,caco2_permeability,Permeability,(cm/s),ChEMBL
A,CN(C)C1CCN(C(=O)c2ccc(NC(=O)Nc3ccc(-c4nc(N5CCOCC5)nc(N5CCOCC5)n4)cc3)cc2)CC1,CHEMBL592445,permeability,10'-6 cm/s,0.1,permeability,10'-6 cm/s,0.1,caco2_permeability,Permeability,(cm/s),ChEMBL
A,O=C(Nc1ccc(-c2nc(N3CCOCC3)nc(N3CCOCC3)n2)cc1)NN1CCCCC1,CHEMBL597012,permeability,10'-6 cm/s,0.01,permeability,10'-6 cm/s,0.01,caco2_permeability,Permeability,(cm/s),ChEMBL
A,CN(C)CCN(C)C(=O)c1ccc(NC(=O)Nc2ccc(-c3nc(N4CCOCC4)nc(N4CCOCC4)n3)cc2)cc1.Cl,CHEMBL1204015,permeability,10'-6 cm/s,0.03,permeability,10'-6 cm/s,0.03,caco2_permeability,Permeability,(cm/s),ChEMBL
A,N[C@@H]1CCN(c2ccc3[nH]nc(S(=O)(=O)c4cccc5ccccc45)c3c2)C1,CHEMBL604102,permeability,10'-6 cm/s,0.19,permeability,10'-6 cm/s,0.19,caco2_permeability,Permeability,(cm/s),ChEMBL
A,CN(C(=O)C1CCCNC1)[C@@H](Cc1ccccc1)C(=O)N(C)[C@@H](Cc1ccccc1)C(=O)N(C)[C@@H](Cc1ccccc1)C(=O)N(C)[C@@H](Cc1ccccc1)C(N)=O,CHEMBL591375,permeability,10'6cm/s,1.4,permeability,10'6cm/s,1.4,caco2_permeability,Permeability,(cm/s),ChEMBL
A,CN(C(=O)[C@H](CC1CCCCC1)NC(=O)C1CCCNC1)[C@@H](Cc1ccccc1)C(=O)N(C)[C@@H](Cc1ccccc1)C(=O)N(C)[C@@H](Cc1ccccc1)C(N)=O,CHEMBL591892,permeability,10'6cm/s,1.2,permeability,10'6cm/s,1.2,caco2_permeability,Permeability,(cm/s),ChEMBL
A,CN(C(=O)[C@H](CC1CCCCC1)NC(=O)CCCN)[C@@H](Cc1ccccc1)C(=O)N(C)[C@@H](Cc1ccccc1)C(=O)N(C)[C@@H](Cc1ccccc1)C(N)=O,CHEMBL591867,permeability,10'6cm/s,0.4,permeability,10'6cm/s,0.4,caco2_permeability,Permeability,(cm/s),ChEMBL
A,CN(C(=O)[C@H](Cc1ccc2ccccc2c1)NC(=O)C1CCCNC1)[C@@H](Cc1ccccc1)C(=O)N(C)[C@@H](Cc1ccccc1)C(=O)N(C)[C@@H](Cc1ccccc1)C(N)=O,CHEMBL591903,permeability,10'6cm/s,1.1,permeability,10'6cm/s,1.1,caco2_permeability,Permeability,(cm/s),ChEMBL
A,CN(C(=O)CCCN)[C@@H](Cc1ccccc1)C(=O)N(C)[C@@H](Cc1ccccc1)C(=O)N(C)[C@@H](Cc1ccccc1)C(=O)N(C)[C@@H](Cc1ccccc1)C(N)=O,CHEMBL591902,permeability,10'6cm/s,0.4,permeability,10'6cm/s,0.4,caco2_permeability,Permeability,(cm/s),ChEMBL
A,CN(C(=O)CCC(=O)CN)[C@@H](Cc1ccccc1)C(=O)N(C)[C@@H](Cc1ccccc1)C(=O)N(C)[C@@H](Cc1ccccc1)C(=O)N(C)[C@@H](Cc1ccccc1)C(N)=O,CHEMBL591266,permeability,10'6cm/s,1.0,permeability,10'6cm/s,1.0,caco2_permeability,Permeability,(cm/s),ChEMBL
A,CN(C(=O)[C@H](CC1CCCCC1)NC(=O)CCC(=O)CN)[C@@H](Cc1ccccc1)C(=O)N(C)[C@@H](Cc1ccccc1)C(=O)N(C)[C@@H](Cc1ccccc1)C(N)=O,CHEMBL591904,permeability,10'6cm/s,0.3,permeability,10'6cm/s,0.3,caco2_permeability,Permeability,(cm/s),ChEMBL
A,CN(C(=O)[C@H](Cc1ccc2ccccc2c1)NC(=O)CCCN)[C@@H](Cc1ccccc1)C(=O)N(C)[C@@H](Cc1ccccc1)C(=O)N(C)[C@@H](Cc1ccccc1)C(N)=O,CHEMBL591888,permeability,10'6cm/s,0.2,permeability,10'6cm/s,0.2,caco2_permeability,Permeability,(cm/s),ChEMBL
A,NCCCC(=O)O,CHEMBL96,permeability,10'6cm/s,0.0,permeability,10'6cm/s,0.0,caco2_permeability,Permeability,(cm/s),ChEMBL
A,O=C(O)C1CCCNC1,CHEMBL277498,permeability,10'6cm/s,0.0,permeability,10'6cm/s,0.0,caco2_permeability,Permeability,(cm/s),ChEMBL
A,CC(=O)N1CCC[C@H]1C(=O)N1CCC[C@H]1C(N)=O,CHEMBL601948,permeability,10'6cm/s,0.0,permeability,10'6cm/s,0.0,caco2_permeability,Permeability,(cm/s),ChEMBL
A,CC(=O)N1CCC[C@H]1C(=O)N1CCC[C@H]1C(=O)N1CCC[C@H]1C(=O)N1CCC[C@H]1C(N)=O,CHEMBL591718,permeability,10'6cm/s,0.0,permeability,10'6cm/s,0.0,caco2_permeability,Permeability,(cm/s),ChEMBL
A,CC(=O)N1CCC[C@H]1C(=O)N1CCC[C@H]1C(=O)N1CCC[C@H]1C(=O)N1CCC[C@H]1C(=O)N1CCC[C@H]1C(=O)N1CCC[C@H]1C(N)=O,CHEMBL602560,permeability,10'6cm/s,0.0,permeability,10'6cm/s,0.0,caco2_permeability,Permeability,(cm/s),ChEMBL
A,CC(=O)N1CCC[C@H]1C(=O)N1CCC[C@H]1C(=O)N1CCC[C@H]1C(=O)N1CCC[C@H]1C(=O)N1CCC[C@H]1C(=O)N1CCC[C@H]1C(=O)N1CCC[C@H]1C(=O)N1CCC[C@H]1C(N)=O,CHEMBL602755,permeability,10'6cm/s,0.0,permeability,10'6cm/s,0.0,caco2_permeability,Permeability,(cm/s),ChEMBL
A,CC(=O)N1CCC[C@H]1C(=O)N1CCC[C@H]1C(=O)N1CCC[C@H]1C(=O)N1CCC[C@H]1C(=O)N1CCC[C@H]1C(=O)N1CCC[C@H]1C(=O)N1CCC[C@H]1C(=O)N1CCC[C@H]1C(=O)N1CCC[C@H]1C(=O)N1CCC[C@H]1C(N)=O,CHEMBL602756,permeability,10'6cm/s,0.0,permeability,10'6cm/s,0.0,caco2_permeability,Permeability,(cm/s),ChEMBL
A,NCC(=O)CCC(=O)O,CHEMBL601,permeability,10'6cm/s,0.0,permeability,10'6cm/s,0.0,caco2_permeability,Permeability,(cm/s),ChEMBL
A,CC(C)NCC(O)COc1cccc2ccccc12,CHEMBL27,permeability,10'6cm/s,7.7,permeability,10'6cm/s,7.7,caco2_permeability,Permeability,(cm/s),ChEMBL
A,NC(=O)N1c2ccccc2C=Cc2ccccc21,CHEMBL108,permeability,10'6cm/s,11.5,permeability,10'6cm/s,11.5,caco2_permeability,Permeability,(cm/s),ChEMBL
A,O=C(O)C(=O)Nc1sc2c(c1C(=O)O)CCN[C@H]2CNC(=O)c1cc2cc(F)ccc2[nH]1,CHEMBL591998,permeability,10'-6 cm/s,1.0,permeability,10'-6 cm/s,1.0,caco2_permeability,Permeability,(cm/s),ChEMBL
A,COC(=O)c1c(O)cccc1OCCCCNC(=O)[C@H](Cc1ccc(OCC(=O)O)c(O)c1)NC(C)=O,CHEMBL341103,permeability,10'-6 cm/s,10.0,permeability,10'-6 cm/s,10.0,caco2_permeability,Permeability,(cm/s),ChEMBL
A,Cc1cc(C[C@H](NS(=O)(=O)c2ccccc2)c2nc3ccccc3[nH]2)ccc1[C@@H]1CC(=O)NS1(=O)=O,CHEMBL248291,permeability,10'-6 cm/s,0.4,permeability,10'-6 cm/s,0.4,caco2_permeability,Permeability,(cm/s),ChEMBL
A,COc1ccc(C(=O)NCc2cccc(C(=O)Nc3ccc(CN(C)C)cc3)c2)cc1Cl,CHEMBL592709,permeability,10'-6 cm/s,24.0,permeability,10'-6 cm/s,24.0,caco2_permeability,Permeability,(cm/s),ChEMBL
A,COc1ccc(C(=O)NCc2cccc(C(=O)Nc3ccc(CN(C)C)cc3)c2)cc1C,CHEMBL604249,permeability,10'-6 cm/s,21.0,permeability,10'-6 cm/s,21.0,caco2_permeability,Permeability,(cm/s),ChEMBL
A,COc1ccc(C(=O)NCc2cccc(C(=O)Nc3ccc4c(c3)CN(C)CC4)c2)cc1OC,CHEMBL599791,permeability,10'-6 cm/s,16.0,permeability,10'-6 cm/s,16.0,caco2_permeability,Permeability,(cm/s),ChEMBL
A,COc1ccc(C(=O)NCc2cccc(C(=O)Nc3ccc(CO)cc3)c2)cc1OC,CHEMBL605360,permeability,10'-6 cm/s,10.0,permeability,10'-6 cm/s,10.0,caco2_permeability,Permeability,(cm/s),ChEMBL
A,COc1ccc(C(=O)NCc2cccc(C(=O)Nc3ccc(CN(C)C)cc3)c2)cc1OC,CHEMBL599792,permeability,10'-6 cm/s,10.0,permeability,10'-6 cm/s,10.0,caco2_permeability,Permeability,(cm/s),ChEMBL
A,COc1ccc(C(=O)NCc2cccc(C(=O)NCCC3CCNCC3)c2)cc1OC,CHEMBL604085,permeability,10'-6 cm/s,0.6,permeability,10'-6 cm/s,0.6,caco2_permeability,Permeability,(cm/s),ChEMBL
A,COc1ccc(C(=O)NCc2cccc(C(=O)Nc3ccc4c(c3)CNCC4)c2)cc1OC,CHEMBL604087,permeability,10'-6 cm/s,3.6,permeability,10'-6 cm/s,3.6,caco2_permeability,Permeability,(cm/s),ChEMBL
A,COc1ccc(C(=O)NCc2cccc(C(=O)NCCc3ccncc3)c2)cc1OC,CHEMBL598336,permeability,10'-6 cm/s,29.1,permeability,10'-6 cm/s,29.1,caco2_permeability,Permeability,(cm/s),ChEMBL
A,COc1ccc(C(=O)NCc2cccc(C(=O)Nc3ccc(CN(C)C)cc3)c2)cc1Cl,CHEMBL592709,permeability,10'-6 cm/s,45.3,permeability,10'-6 cm/s,45.3,caco2_permeability,Permeability,(cm/s),ChEMBL
A,COc1ccc(C(=O)NCc2cccc(C(=O)Nc3ccc(CN(C)C)cc3)c2)cc1C,CHEMBL604249,permeability,10'-6 cm/s,30.8,permeability,10'-6 cm/s,30.8,caco2_permeability,Permeability,(cm/s),ChEMBL
A,COc1ccc(C(=O)NCc2cccc(C(=O)Nc3ccc4c(c3)CN(C)CC4)c2)cc1OC,CHEMBL599791,permeability,10'-6 cm/s,27.1,permeability,10'-6 cm/s,27.1,caco2_permeability,Permeability,(cm/s),ChEMBL
A,COc1ccc(C(=O)NCc2cccc(C(=O)Nc3ccc(CO)cc3)c2)cc1OC,CHEMBL605360,permeability,10'-6 cm/s,16.1,permeability,10'-6 cm/s,16.1,caco2_permeability,Permeability,(cm/s),ChEMBL
A,COc1ccc(C(=O)NCc2cccc(C(=O)Nc3ccc(CN(C)C)cc3)c2)cc1OC,CHEMBL599792,permeability,10'-6 cm/s,14.6,permeability,10'-6 cm/s,14.6,caco2_permeability,Permeability,(cm/s),ChEMBL
A,N#Cc1ccc(NC(=O)NCc2cccc(C(=O)Nc3ccc4c(c3)CNCC4)c2)cc1,CHEMBL590810,permeability,10'-6 cm/s,8.8,permeability,10'-6 cm/s,8.8,caco2_permeability,Permeability,(cm/s),ChEMBL
A,COc1ccc(C(=O)NCc2cccc(C(=O)Nc3ccc4c(c3)CNCC4)c2)cc1OC,CHEMBL604087,permeability,10'-6 cm/s,5.4,permeability,10'-6 cm/s,5.4,caco2_permeability,Permeability,(cm/s),ChEMBL
A,COc1ccc(C(=O)NCc2cccc(C(=O)NCCC3CCCNC3)c2)cc1OC,CHEMBL597127,permeability,10'-6 cm/s,0.8,permeability,10'-6 cm/s,0.8,caco2_permeability,Permeability,(cm/s),ChEMBL
A,COc1ccc(C(=O)NCc2cccc(C(=O)NCCC3CCNCC3)c2)cc1OC,CHEMBL604085,permeability,10'-6 cm/s,0.6,permeability,10'-6 cm/s,0.6,caco2_permeability,Permeability,(cm/s),ChEMBL
A,COc1ccc(C(=O)NCc2cccc(C(=O)NCCc3ccncc3)c2)cc1OC,CHEMBL598336,permeability,10'-6 cm/s,0.5,permeability,10'-6 cm/s,0.5,caco2_permeability,Permeability,(cm/s),ChEMBL
A,COc1ccc(C(=O)NCc2cccc(C(=O)Nc3ccc(CN(C)C)cc3)c2)cc1C,CHEMBL604249,permeability,10'-6 cm/s,7.9,permeability,10'-6 cm/s,7.9,caco2_permeability,Permeability,(cm/s),ChEMBL
A,COc1ccc(C(=O)NCc2cccc(C(=O)Nc3ccc(CN(C)C)cc3)c2)cc1Cl,CHEMBL592709,permeability,10'-6 cm/s,7.7,permeability,10'-6 cm/s,7.7,caco2_permeability,Permeability,(cm/s),ChEMBL
A,COc1ccc(C(=O)NCc2cccc(C(=O)Nc3ccc(CO)cc3)c2)cc1OC,CHEMBL605360,permeability,10'-6 cm/s,0.6,permeability,10'-6 cm/s,0.6,caco2_permeability,Permeability,(cm/s),ChEMBL
A,COc1ccc(C(=O)NCc2cccc(C(=O)Nc3ccc4c(c3)CN(C)CC4)c2)cc1OC,CHEMBL599791,permeability,10'-6 cm/s,0.3,permeability,10'-6 cm/s,0.3,caco2_permeability,Permeability,(cm/s),ChEMBL
A,COc1ccc(C(=O)NCc2cccc(C(=O)NCCC3CCCNC3)c2)cc1OC,CHEMBL597127,permeability,10'-6 cm/s,0.1,permeability,10'-6 cm/s,0.1,caco2_permeability,Permeability,(cm/s),ChEMBL
A,COc1ccc(C(=O)NCc2cccc(C(=O)NCCC3CCNCC3)c2)cc1OC,CHEMBL604085,permeability,10'-6 cm/s,0.1,permeability,10'-6 cm/s,0.1,caco2_permeability,Permeability,(cm/s),ChEMBL
A,Cc1c(Nc2c(C#N)cncc2/C=C/c2cccc(CN3CCN(C)CC3)n2)ccc2[nH]ccc12,CHEMBL1084411,permeability,10'-6 cm/s,0.39,permeability,10'-6 cm/s,0.39,caco2_permeability,Permeability,(cm/s),ChEMBL
A,O=C(O)/C=C/c1ccc(NC(=O)C2(NC(=O)c3ccc4c(c3)nc(-c3ccoc3)n4C3CCCCC3)CCCC2)cc1,CHEMBL1077334,permeability,10'-6 cm/s,3.9,permeability,10'-6 cm/s,3.9,caco2_permeability,Permeability,(cm/s),ChEMBL
A,O=C(O)/C=C/c1ccc(NC(=O)C2(NC(=O)c3ccc4c(c3)nc(-c3ccccn3)n4C3CCCCC3)CCCC2)cc1,CHEMBL1077335,permeability,10'-6 cm/s,9.5,permeability,10'-6 cm/s,9.5,caco2_permeability,Permeability,(cm/s),ChEMBL
A,O=c1[nH]c(=O)c2cc(-c3ccncn3)c(-c3ccco3)nc2[nH]1,CHEMBL1080513,permeability,10'-6 cm/s,20.0,permeability,10'-6 cm/s,20.0,caco2_permeability,Permeability,(cm/s),ChEMBL
A,c1coc(-c2nc3[nH]ccc3cc2-c2ccncn2)c1,CHEMBL1080512,permeability,10'-6 cm/s,40.0,permeability,10'-6 cm/s,40.0,caco2_permeability,Permeability,(cm/s),ChEMBL
A,O=c1[nH][nH]c2nc(-c3ccco3)c(-c3ccncn3)cc12,CHEMBL1080497,permeability,10'-6 cm/s,3.5,permeability,10'-6 cm/s,3.5,caco2_permeability,Permeability,(cm/s),ChEMBL
A,c1coc(-c2nc3[nH]cnc3cc2-c2ccncn2)c1,CHEMBL1080327,permeability,10'-6 cm/s,23.0,permeability,10'-6 cm/s,23.0,caco2_permeability,Permeability,(cm/s),ChEMBL
A,c1coc(-c2nc3[nH]ncc3cc2-c2ccncn2)c1,CHEMBL1082002,permeability,10'-6 cm/s,39.0,permeability,10'-6 cm/s,39.0,caco2_permeability,Permeability,(cm/s),ChEMBL
A,Nc1n[nH]c2nc(-c3ccco3)c(-c3ccncn3)cc12,CHEMBL1082001,permeability,10'-6 cm/s,24.0,permeability,10'-6 cm/s,24.0,caco2_permeability,Permeability,(cm/s),ChEMBL
A,Cn1c(=O)[nH]c2nc(-c3ccco3)c(-c3ccncn3)cc21,CHEMBL1081841,permeability,10'-6 cm/s,32.0,permeability,10'-6 cm/s,32.0,caco2_permeability,Permeability,(cm/s),ChEMBL
A,O=c1[nH]c2cc(-c3ccncn3)c(-c3ccco3)nc2[nH]1,CHEMBL1076563,permeability,10'-6 cm/s,40.0,permeability,10'-6 cm/s,40.0,caco2_permeability,Permeability,(cm/s),ChEMBL
A,O=C(Nc1ccc(-c2ccncn2)c(-c2ccco2)n1)C1CC1,CHEMBL1081971,permeability,10'-6 cm/s,45.0,permeability,10'-6 cm/s,45.0,caco2_permeability,Permeability,(cm/s),ChEMBL
A,CC(=O)N(C)CCc1cc(Br)c(OCCCNc2ncn(C)c3ncnc2-3)c(Br)c1,CHEMBL1086155,permeability,10'-6 cm/s,33.0,permeability,10'-6 cm/s,33.0,caco2_permeability,Permeability,(cm/s),ChEMBL
A,CC(=O)N(C)CCc1cc(Br)c(OCCCNc2ncn(C)c3ncnc2-3)c(Br)c1,CHEMBL1086155,permeability,10'-6 cm/s,201.0,permeability,10'-6 cm/s,201.0,caco2_permeability,Permeability,(cm/s),ChEMBL
A,CC(=O)N(C)CCc1cc(Br)c(OCCCNc2ncn(C)c3ncnc2-3)c(Br)c1,CHEMBL1086155,permeability,10'-6 cm/s,321.0,permeability,10'-6 cm/s,321.0,caco2_permeability,Permeability,(cm/s),ChEMBL
A,CCOc1cc(CN2CCC(Nc3nc4cc(S(N)(=O)=O)ccc4o3)CC2)cc(OCC)c1N,CHEMBL236788,permeability,10'-6 cm/s,0.0,permeability,10'-6 cm/s,0.0,caco2_permeability,Permeability,(cm/s),ChEMBL
A,CCOc1cc(CN2CCC(Nc3nc4ccccc4o3)CC2)ccc1OC,CHEMBL236587,permeability,10'-6 cm/s,4.43,permeability,10'-6 cm/s,4.43,caco2_permeability,Permeability,(cm/s),ChEMBL
A,CCOc1cc(CN2CCC(Nc3nc4cc(S(=O)(=O)CC)ccc4o3)CC2)ccc1OC,CHEMBL1079313,permeability,10'-6 cm/s,1.63,permeability,10'-6 cm/s,1.63,caco2_permeability,Permeability,(cm/s),ChEMBL
A,CCOc1cc(CN2CCC(Nc3nc4cc(S(N)(=O)=O)ccc4o3)CC2)ccc1OC,CHEMBL393718,permeability,10'-6 cm/s,1.64,permeability,10'-6 cm/s,1.64,caco2_permeability,Permeability,(cm/s),ChEMBL
A,CCOc1cc(CN2CCC(Nc3nc4cc(Cl)c(S(N)(=O)=O)cc4o3)CC2)ccc1OC,CHEMBL1078240,permeability,10'-6 cm/s,1.1,permeability,10'-6 cm/s,1.1,caco2_permeability,Permeability,(cm/s),ChEMBL
A,CCOc1cc(CN2CCC(Nc3nc4ccccc4o3)CC2)ccc1Cl,CHEMBL236610,permeability,10'-6 cm/s,0.49,permeability,10'-6 cm/s,0.49,caco2_permeability,Permeability,(cm/s),ChEMBL
A,CCOc1cc(CN2CCC(Nc3nc4ccccc4o3)CC2)ccc1F,CHEMBL393436,permeability,10'-6 cm/s,4.33,permeability,10'-6 cm/s,4.33,caco2_permeability,Permeability,(cm/s),ChEMBL
A,CCOc1cc(CN2CCC(Nc3nc4ccccc4o3)CC2)cc(OC2CCOCC2)c1,CHEMBL1078745,permeability,10'-6 cm/s,2.05,permeability,10'-6 cm/s,2.05,caco2_permeability,Permeability,(cm/s),ChEMBL
A,CCOc1cc(CN2CCC(Nc3nc4cc(NC(=O)C5CCC5)ccc4o3)CC2)ccc1OC,CHEMBL1078896,permeability,10'-6 cm/s,1.1,permeability,10'-6 cm/s,1.1,caco2_permeability,Permeability,(cm/s),ChEMBL
A,CCOc1cc(CN2CCC(Nc3nc4cc(Cl)c(S(N)(=O)=O)cc4o3)CC2)ccc1F,CHEMBL1079180,permeability,10'-6 cm/s,2.45,permeability,10'-6 cm/s,2.45,caco2_permeability,Permeability,(cm/s),ChEMBL
A,CCOc1cc(CN2CCC(Nc3nc4cc(NS(=O)(=O)c5ccccc5)ccc4o3)CC2)ccc1OC,CHEMBL1077908,permeability,10'-6 cm/s,2.2,permeability,10'-6 cm/s,2.2,caco2_permeability,Permeability,(cm/s),ChEMBL
A,CCOc1cc(CN2CCC(Nc3nc4cc(S(=O)(=O)N(C)C)ccc4o3)CC2)cc(OCC)c1-n1cccc1,CHEMBL1079686,permeability,10'-6 cm/s,1.31,permeability,10'-6 cm/s,1.31,caco2_permeability,Permeability,(cm/s),ChEMBL
A,CCOc1cc(CN2CCC(Nc3nc4cc(S(=O)(=O)CC)ccc4o3)CC2)cc(OC2CCOCC2)c1,CHEMBL1082036,permeability,10'-6 cm/s,1.75,permeability,10'-6 cm/s,1.75,caco2_permeability,Permeability,(cm/s),ChEMBL
A,CCOc1cc(CN2CCC(Nc3nc4cc(Cl)c(S(N)(=O)=O)cc4o3)CC2)cc(OCC)c1F,CHEMBL1080950,permeability,10'-6 cm/s,2.45,permeability,10'-6 cm/s,2.45,caco2_permeability,Permeability,(cm/s),ChEMBL
A,CCOc1cc(CN2CCC(Nc3nc4ccc(Cl)cc4o3)CC2)ccc1Cl,CHEMBL1080951,permeability,10'-6 cm/s,4.81,permeability,10'-6 cm/s,4.81,caco2_permeability,Permeability,(cm/s),ChEMBL
A,CCOc1cc(CN2CCC(Nc3nc4cc(NS(=O)(=O)c5cn(C)cn5)ccc4o3)CC2)ccc1OC,CHEMBL1081133,permeability,10'-6 cm/s,0.49,permeability,10'-6 cm/s,0.49,caco2_permeability,Permeability,(cm/s),ChEMBL
A,CCOc1cc(CN2CCC(Nc3nc4cc(C(N)=O)ccc4o3)CC2)cc(OCC)c1F,CHEMBL1080584,permeability,10'-6 cm/s,1.61,permeability,10'-6 cm/s,1.61,caco2_permeability,Permeability,(cm/s),ChEMBL
A,CCOc1cc(CN2CCC(Nc3nc4cc(C(=O)O)ccc4o3)CC2)cc(OCC)c1Cl,CHEMBL1080585,permeability,10'-6 cm/s,2.09,permeability,10'-6 cm/s,2.09,caco2_permeability,Permeability,(cm/s),ChEMBL
A,CCOc1cc(CN2CCC(Nc3nc4ccc(C(=O)O)cc4o3)CC2)ccc1Cl,CHEMBL1080586,permeability,10'-6 cm/s,3.6,permeability,10'-6 cm/s,3.6,caco2_permeability,Permeability,(cm/s),ChEMBL
A,CCOc1cc(CN2CCC(Nc3nc4ccc(C(=O)O)cc4o3)CC2)cc(OCC)c1F,CHEMBL1079874,permeability,10'-6 cm/s,2.89,permeability,10'-6 cm/s,2.89,caco2_permeability,Permeability,(cm/s),ChEMBL
A,C[C@H](Nc1nc(C(=O)N2CCCC2)c2sccc2n1)c1cccnc1,CHEMBL1079894,permeability,10'6cm/s,33.0,permeability,10'6cm/s,33.0,caco2_permeability,Permeability,(cm/s),ChEMBL
A,Cc1cc(Cc2nc3n(n2)Cc2c(C)ncn2-c2ccc(Br)cc2-3)on1,CHEMBL1080576,permeability,10'-6 cm/s,3.3,permeability,10'-6 cm/s,3.3,caco2_permeability,Permeability,(cm/s),ChEMBL
A,Cc1cc(Cc2nc3n(n2)Cc2c(C)ncn2-c2ccc(Cl)cc2-3)on1,CHEMBL1081862,permeability,10'-6 cm/s,3.1,permeability,10'-6 cm/s,3.1,caco2_permeability,Permeability,(cm/s),ChEMBL
A,Cc1ncn2c1Cn1nc(CN3CCCC3=O)nc1-c1cc(Br)ccc1-2,CHEMBL1080575,permeability,10'-6 cm/s,1.5,permeability,10'-6 cm/s,1.5,caco2_permeability,Permeability,(cm/s),ChEMBL
A,CCCCCCOC(=O)[C@H](CCC(=O)NCCC1CCN(Cc2ccccc2)CC1)NC(=O)OC(C)(C)C,CHEMBL1082081,permeability,10'-6 cm/s,11.6,permeability,10'-6 cm/s,11.6,caco2_permeability,Permeability,(cm/s),ChEMBL
A,CCCCCCOC(=O)[C@H](CCC(=O)NCCC1CCN(Cc2ccccc2)CC1)NC(=O)c1ccccc1,CHEMBL1080631,permeability,10'-6 cm/s,18.7,permeability,10'-6 cm/s,18.7,caco2_permeability,Permeability,(cm/s),ChEMBL
A,CCCCCCOC(=O)[C@H](CCC(=O)NCCC1CCN(Cc2ccccc2)CC1)NC(=O)c1cccs1,CHEMBL1080813,permeability,10'-6 cm/s,20.9,permeability,10'-6 cm/s,20.9,caco2_permeability,Permeability,(cm/s),ChEMBL
A,CCCCCCOC(=O)[C@H](CCC(=O)NCCC1CCN(Cc2ccccc2)CC1)NC(=O)c1cc2ccccc2s1,CHEMBL1076259,permeability,10'-6 cm/s,25.6,permeability,10'-6 cm/s,25.6,caco2_permeability,Permeability,(cm/s),ChEMBL
A,CCCCCCOC(=O)[C@H](CCC(=O)NCCC1CCN(Cc2ccccc2)CC1)NC(=O)c1cc2cccnc2s1,CHEMBL1076260,permeability,10'-6 cm/s,18.8,permeability,10'-6 cm/s,18.8,caco2_permeability,Permeability,(cm/s),ChEMBL
A,CCCCCCOC(=O)[C@H](CCC(=O)NCCC1CCN(Cc2ccccc2)CC1)NC(=O)c1cc2ccsc2s1,CHEMBL1080274,permeability,10'-6 cm/s,28.5,permeability,10'-6 cm/s,28.5,caco2_permeability,Permeability,(cm/s),ChEMBL
A,C[C@]12CC[C@H]3[C@@H](CCC4=CC(=O)CC[C@@]43C)[C@@H]1CC[C@@H]2O,CHEMBL386630,permeability,10'-6 cm/s,24.5,permeability,10'-6 cm/s,24.5,caco2_permeability,Permeability,(cm/s),ChEMBL
A,COc1ccc(CCN(C)CCCC(C#N)(c2ccc(OC)c(OC)c2)C(C)C)cc1OC,CHEMBL6966,permeability,10'-6 cm/s,20.2,permeability,10'-6 cm/s,20.2,caco2_permeability,Permeability,(cm/s),ChEMBL
A,CN(C)CCCN1c2ccccc2CCc2ccccc21,CHEMBL11,permeability,10'-6 cm/s,14.4,permeability,10'-6 cm/s,14.4,caco2_permeability,Permeability,(cm/s),ChEMBL
A,CNCCCN1c2ccccc2CCc2ccccc21,CHEMBL72,permeability,10'-6 cm/s,16.2,permeability,10'-6 cm/s,16.2,caco2_permeability,Permeability,(cm/s),ChEMBL
A,CC(=O)[C@H]1CC[C@H]2[C@@H]3CCC4=CC(=O)CC[C@]4(C)[C@H]3CC[C@]12C,CHEMBL103,permeability,10'-6 cm/s,17.7,permeability,10'-6 cm/s,17.7,caco2_permeability,Permeability,(cm/s),ChEMBL
A,CN(C)CCCN1c2ccccc2Sc2ccccc21,CHEMBL564,permeability,10'-6 cm/s,15.5,permeability,10'-6 cm/s,15.5,caco2_permeability,Permeability,(cm/s),ChEMBL
A,CN(C)CCCN1c2ccccc2Sc2ccc(Cl)cc21,CHEMBL71,permeability,10'-6 cm/s,11.0,permeability,10'-6 cm/s,11.0,caco2_permeability,Permeability,(cm/s),ChEMBL
A,Clc1cccc(Cl)c1NC1=NCCN1,CHEMBL134,permeability,10'-6 cm/s,9.5,permeability,10'-6 cm/s,9.5,caco2_permeability,Permeability,(cm/s),ChEMBL
A,C[C@]12C[C@H](O)[C@H]3[C@@H](CCC4=CC(=O)CC[C@@]43C)[C@@H]1CC[C@@H]2C(=O)CO,CHEMBL110739,permeability,10'-6 cm/s,6.4,permeability,10'-6 cm/s,6.4,caco2_permeability,Permeability,(cm/s),ChEMBL
A,CN1C(C(=O)Nc2ccccn2)=C(O)c2ccccc2S1(=O)=O,CHEMBL527,permeability,10'-6 cm/s,3.7,permeability,10'-6 cm/s,3.7,caco2_permeability,Permeability,(cm/s),ChEMBL
A,C[C@]12CCC(=O)C=C1CC[C@@H]1[C@@H]2[C@@H](O)C[C@@]2(C)[C@H]1CC[C@]2(O)C(=O)CO,CHEMBL389621,permeability,10'-6 cm/s,5.0,permeability,10'-6 cm/s,5.0,caco2_permeability,Permeability,(cm/s),ChEMBL
A,Cn1c(=O)c2c(ncn2C)n(C)c1=O,CHEMBL113,permeability,10'-6 cm/s,4.3,permeability,10'-6 cm/s,4.3,caco2_permeability,Permeability,(cm/s),ChEMBL
A,CCn1cc(C(=O)O)c(=O)c2cc(F)c(N3CCNC(C)C3)c(F)c21,CHEMBL561,permeability,10'-6 cm/s,2.5,permeability,10'-6 cm/s,2.5,caco2_permeability,Permeability,(cm/s),ChEMBL
A,CCn1cc(C(=O)O)c(=O)c2cc(F)c(N3CCNCC3)nc21,CHEMBL826,permeability,10'-6 cm/s,2.6,permeability,10'-6 cm/s,2.6,caco2_permeability,Permeability,(cm/s),ChEMBL
A,CC1COc2c(N3CCN(C)CC3)c(F)cc3c(=O)c(C(=O)O)cn1c23,CHEMBL4,permeability,10'-6 cm/s,2.3,permeability,10'-6 cm/s,2.3,caco2_permeability,Permeability,(cm/s),ChEMBL
A,Cc1ncn2c1Cn1ncnc1-c1cc(Cl)ccc1-2,CHEMBL1077381,permeability,10'-6 cm/s,8.9,permeability,10'-6 cm/s,8.9,caco2_permeability,Permeability,(cm/s),ChEMBL
A,Clc1ccc2c(c1)-c1ncnn1Cc1c(Cl)ncn1-2,CHEMBL1077391,permeability,10'-6 cm/s,6.5,permeability,10'-6 cm/s,6.5,caco2_permeability,Permeability,(cm/s),ChEMBL
A,Cc1ncn2c1Cn1ncnc1-c1cc(Br)ccc1-2,CHEMBL1078580,permeability,10'-6 cm/s,7.6,permeability,10'-6 cm/s,7.6,caco2_permeability,Permeability,(cm/s),ChEMBL
A,Clc1ncn2c1Cn1ncnc1-c1cc(Br)ccc1-2,CHEMBL1078985,permeability,10'-6 cm/s,7.0,permeability,10'-6 cm/s,7.0,caco2_permeability,Permeability,(cm/s),ChEMBL
A,FC(F)c1ncn2c1Cn1ncnc1-c1cc(Cl)ccc1-2,CHEMBL1080412,permeability,10'-6 cm/s,6.3,permeability,10'-6 cm/s,6.3,caco2_permeability,Permeability,(cm/s),ChEMBL
A,FC(F)c1ncn2c1Cn1ncnc1-c1cc(Br)ccc1-2,CHEMBL1080588,permeability,10'-6 cm/s,7.0,permeability,10'-6 cm/s,7.0,caco2_permeability,Permeability,(cm/s),ChEMBL
A,CCCCC1N(CC2CCCCC2)C(=O)OC12CCN(C1(C)CCN(C(=O)c3c(C)cccc3C)CC1)CC2,CHEMBL1077779,permeability,10'-6 cm/s,14.0,permeability,10'-6 cm/s,14.0,caco2_permeability,Permeability,(cm/s),ChEMBL
A,CCCCC1N(CC2CCOCC2)C(=O)OC12CCN(C1(C)CCN(C(=O)c3c(C)ncnc3C)CC1)CC2,CHEMBL1078659,permeability,10'-6 cm/s,0.6,permeability,10'-6 cm/s,0.6,caco2_permeability,Permeability,(cm/s),ChEMBL
A,CC(C)N(C)[C@@H]1CC[C@H](N2C(=O)C[C@H](NC(=O)c3cccc(C(F)(F)F)c3)C2=O)[C@H](CS(=O)(=O)c2ccccc2)C1,CHEMBL1090562,permeability,nm/s,22.0,permeability,nm/s,22.0,caco2_permeability,Permeability,(cm/s),ChEMBL
A,CC(C)N(C)[C@@H]1CC[C@H](N2CC(C)(C)[C@H](NC(=O)c3cccc(C(F)(F)F)c3)C2=O)[C@H](CS(=O)(=O)c2ccccc2)C1,CHEMBL1088930,permeability,nm/s,15.0,permeability,nm/s,15.0,caco2_permeability,Permeability,(cm/s),ChEMBL
A,CSc1ccc(S(=O)(=O)C[C@@H]2C[C@H](N(C)C(C)C)CC[C@@H]2N2CCC(C)(NC(=O)c3cccc(C(F)(F)F)c3)C2=O)cc1,CHEMBL1093319,permeability,nm/s,15.0,permeability,nm/s,15.0,caco2_permeability,Permeability,(cm/s),ChEMBL
A,CCN(C(C)C)[C@@H]1CC[C@H](N2CC[C@H](NC(=O)c3cccc(C(F)(F)F)c3)C2=O)[C@H](CS(=O)(=O)c2ccccc2)C1,CHEMBL1090893,permeability,nm/s,15.0,permeability,nm/s,15.0,caco2_permeability,Permeability,(cm/s),ChEMBL
A,CC(C)N(C)[C@@H]1CC[C@H](N2CC[C@H](NC(=O)c3cc(F)cc(C(F)(F)F)c3)C2=O)[C@H](CS(=O)(=O)c2ccccc2)C1,CHEMBL1092941,permeability,nm/s,15.0,permeability,nm/s,15.0,caco2_permeability,Permeability,(cm/s),ChEMBL
A,CC(C)N(C)[C@@H]1CC[C@H](N2CC[C@H](NC(=O)c3cc(C(F)(F)F)cc(C(F)(F)F)c3)C2=O)[C@H](CS(=O)(=O)c2ccccc2)C1,CHEMBL1092748,permeability,nm/s,15.0,permeability,nm/s,15.0,caco2_permeability,Permeability,(cm/s),ChEMBL
A,Cc1ccc(S(=O)(=O)C[C@@H]2C[C@H](N(C)C(C)C)CC[C@@H]2N2CC[C@H](NC(=O)c3cccc(C(F)(F)F)c3)C2=O)cc1,CHEMBL1092678,permeability,nm/s,15.0,permeability,nm/s,15.0,caco2_permeability,Permeability,(cm/s),ChEMBL
A,CC(C)N(C)[C@@H]1CC[C@H](N2CC[C@H](NC(=O)c3cccc(C(F)(F)F)c3)C2=O)[C@H](CS(=O)(=O)c2ccccc2)C1,CHEMBL1091605,permeability,nm/s,15.0,permeability,nm/s,15.0,caco2_permeability,Permeability,(cm/s),ChEMBL
A,CC(C)N(C)[C@@H]1CC[C@H](NC(=O)CNC(=O)c2cccc(C(F)(F)F)c2)[C@H](CS(=O)(=O)c2ccccc2)C1,CHEMBL1091604,permeability,nm/s,15.0,permeability,nm/s,15.0,caco2_permeability,Permeability,(cm/s),ChEMBL
A,NC(=O)N1c2ccccc2C=Cc2ccccc21,CHEMBL108,permeability,10^-6 cm/s,145.0,permeability,10^-6 cm/s,145.0,caco2_permeability,Permeability,(cm/s),ChEMBL
A,CCOC(=O)c1c(-c2cccc([N+](=O)[O-])c2)[nH]c2cccc(OC)c2c1=O,CHEMBL1090726,permeability,10^-6 cm/s,110.0,permeability,10^-6 cm/s,110.0,caco2_permeability,Permeability,(cm/s),ChEMBL
A,CNC(=C[N+](=O)[O-])NCCSCc1ccc(CN(C)C)o1.Cl,CHEMBL2110372,permeability,10^-6 cm/s,1.2,permeability,10^-6 cm/s,1.2,caco2_permeability,Permeability,(cm/s),ChEMBL
A,COc1ccc2c(=O)cc(-c3ccc4c(c3)OCO4)[nH]c2c1,CHEMBL1092526,permeability,10^-6 cm/s,50.0,permeability,10^-6 cm/s,50.0,caco2_permeability,Permeability,(cm/s),ChEMBL
A,COc1ccc2c(=O)c(C(C)=O)c(-c3ccc4c(c3)OCO4)[nH]c2c1,CHEMBL1089268,permeability,10^-6 cm/s,50.0,permeability,10^-6 cm/s,50.0,caco2_permeability,Permeability,(cm/s),ChEMBL
A,COc1ccc2c(=O)c(C(N)=O)c(-c3ccc4c(c3)OCO4)[nH]c2c1,CHEMBL1089267,permeability,10^-6 cm/s,0.0,permeability,10^-6 cm/s,0.0,caco2_permeability,Permeability,(cm/s),ChEMBL
A,COc1ccc2c(=O)c(C(=O)O)c(-c3ccc4c(c3)OCO4)[nH]c2c1,CHEMBL1091109,permeability,10^-6 cm/s,0.0,permeability,10^-6 cm/s,0.0,caco2_permeability,Permeability,(cm/s),ChEMBL
A,CCOC(=O)c1c(-c2ccc3c(c2)OCO3)[nH]c2cc(OC)ccc2c1=O,CHEMBL582392,permeability,10^-6 cm/s,0.0,permeability,10^-6 cm/s,0.0,caco2_permeability,Permeability,(cm/s),ChEMBL
A,COc1cccc2[nH]c(-c3ccc4c(c3)OCO4)cc(=O)c12,CHEMBL1089360,permeability,10^-6 cm/s,50.0,permeability,10^-6 cm/s,50.0,caco2_permeability,Permeability,(cm/s),ChEMBL
A,CCOC(=O)C1=C(c2ccc3c(c2)OCO3)Nc2cc(OC)ccc2C1OC,CHEMBL1089361,permeability,10^-6 cm/s,500.0,permeability,10^-6 cm/s,500.0,caco2_permeability,Permeability,(cm/s),ChEMBL
A,CCOC(=O)C1=C(c2ccc3c(c2)OCO3)Nc2cc(OC)ccc2C1NC,CHEMBL1089362,permeability,10^-6 cm/s,1500.0,permeability,10^-6 cm/s,1500.0,caco2_permeability,Permeability,(cm/s),ChEMBL
A,CCOC(=O)C1=C(c2ccc3c(c2)OCO3)Nc2cc(OC)ccc2C1,CHEMBL1089363,permeability,10^-6 cm/s,0.0,permeability,10^-6 cm/s,0.0,caco2_permeability,Permeability,(cm/s),ChEMBL
A,CCOC(=O)C1=C(c2ccc3c(c2)OCO3)Nc2cc(OC)ccc2C1Cl,CHEMBL1093723,permeability,10^-6 cm/s,500.0,permeability,10^-6 cm/s,500.0,caco2_permeability,Permeability,(cm/s),ChEMBL
A,COc1ccc2c(c1)NC(c1ccc3c(c1)OCO3)=C(CO)C2,CHEMBL1091100,permeability,10^-6 cm/s,50.0,permeability,10^-6 cm/s,50.0,caco2_permeability,Permeability,(cm/s),ChEMBL
A,CCOCC1=C(c2ccc3c(c2)OCO3)Nc2cc(OC)ccc2C1Cl,CHEMBL1091101,permeability,10^-6 cm/s,50.0,permeability,10^-6 cm/s,50.0,caco2_permeability,Permeability,(cm/s),ChEMBL
A,CCOC(=O)C1=C(c2ccc3c(c2)OCO3)Nc2cccc(OC)c2C1OC,CHEMBL1091102,permeability,10^-6 cm/s,50.0,permeability,10^-6 cm/s,50.0,caco2_permeability,Permeability,(cm/s),ChEMBL
A,CCOC(=O)C1=C(c2ccc3c(c2)OCO3)Nc2cccc(OC)c2C1NC,CHEMBL1090071,permeability,10^-6 cm/s,50.0,permeability,10^-6 cm/s,50.0,caco2_permeability,Permeability,(cm/s),ChEMBL
A,CCOC(=O)C1=C(c2ccc3c(c2)OCO3)Nc2cccc(OC)c2C1,CHEMBL1090072,permeability,10^-6 cm/s,500.0,permeability,10^-6 cm/s,500.0,caco2_permeability,Permeability,(cm/s),ChEMBL
A,COc1cccc2c1CC(CO)=C(c1ccc3c(c1)OCO3)N2,CHEMBL1092479,permeability,10^-6 cm/s,500.0,permeability,10^-6 cm/s,500.0,caco2_permeability,Permeability,(cm/s),ChEMBL
A,CCOCC1=C(c2ccc3c(c2)OCO3)Nc2cccc(OC)c2C1,CHEMBL1092772,permeability,10^-6 cm/s,50.0,permeability,10^-6 cm/s,50.0,caco2_permeability,Permeability,(cm/s),ChEMBL
A,CCOC(=O)c1c(-c2ccccc2)[nH]c2cc(OC)ccc2c1=O,CHEMBL1090974,permeability,10^-6 cm/s,50.0,permeability,10^-6 cm/s,50.0,caco2_permeability,Permeability,(cm/s),ChEMBL
A,CCOC(=O)c1c(-c2cccs2)[nH]c2cc(OC)ccc2c1=O,CHEMBL1092773,permeability,10^-6 cm/s,1500.0,permeability,10^-6 cm/s,1500.0,caco2_permeability,Permeability,(cm/s),ChEMBL
A,CCOC(=O)c1c(-c2cccc(OC)c2)[nH]c2cc(OC)ccc2c1=O,CHEMBL1092774,permeability,10^-6 cm/s,50.0,permeability,10^-6 cm/s,50.0,caco2_permeability,Permeability,(cm/s),ChEMBL
A,CCOC(=O)c1c(-c2cccc(C)c2)[nH]c2cc(OC)ccc2c1=O,CHEMBL1093370,permeability,10^-6 cm/s,50.0,permeability,10^-6 cm/s,50.0,caco2_permeability,Permeability,(cm/s),ChEMBL
A,CCOC(=O)c1c(-c2cccc(C(F)(F)F)c2)[nH]c2cc(OC)ccc2c1=O,CHEMBL1093371,permeability,10^-6 cm/s,500.0,permeability,10^-6 cm/s,500.0,caco2_permeability,Permeability,(cm/s),ChEMBL
A,CCOC(=O)c1c(-c2cccc(Cl)c2)[nH]c2cc(OC)ccc2c1=O,CHEMBL1093726,permeability,10^-6 cm/s,500.0,permeability,10^-6 cm/s,500.0,caco2_permeability,Permeability,(cm/s),ChEMBL
A,CCOC(=O)c1c(-c2cccc(F)c2)[nH]c2cc(OC)ccc2c1=O,CHEMBL1093727,permeability,10^-6 cm/s,50.0,permeability,10^-6 cm/s,50.0,caco2_permeability,Permeability,(cm/s),ChEMBL
A,CCOC(=O)c1c(-c2cccc([N+](=O)[O-])c2)[nH]c2cc(OC)ccc2c1=O,CHEMBL1093728,permeability,10^-6 cm/s,50.0,permeability,10^-6 cm/s,50.0,caco2_permeability,Permeability,(cm/s),ChEMBL
A,CCOC(=O)c1c(-c2ccc(OC)cc2)[nH]c2cc(OC)ccc2c1=O,CHEMBL1088996,permeability,10^-6 cm/s,50.0,permeability,10^-6 cm/s,50.0,caco2_permeability,Permeability,(cm/s),ChEMBL
A,CCOC(=O)c1c(-c2ccc(C(C)(C)C)cc2)[nH]c2cc(OC)ccc2c1=O,CHEMBL1089340,permeability,10^-6 cm/s,500.0,permeability,10^-6 cm/s,500.0,caco2_permeability,Permeability,(cm/s),ChEMBL
A,CCOC(=O)c1c(-c2ccc(C(F)(F)F)cc2)[nH]c2cc(OC)ccc2c1=O,CHEMBL1092030,permeability,10^-6 cm/s,50.0,permeability,10^-6 cm/s,50.0,caco2_permeability,Permeability,(cm/s),ChEMBL
A,CCOC(=O)c1c(-c2ccc(Cl)cc2)[nH]c2cc(OC)ccc2c1=O,CHEMBL1089341,permeability,10^-6 cm/s,500.0,permeability,10^-6 cm/s,500.0,caco2_permeability,Permeability,(cm/s),ChEMBL
A,CCOC(=O)c1c(-c2ccc(Cl)c(Cl)c2)[nH]c2cc(OC)ccc2c1=O,CHEMBL1089684,permeability,10^-6 cm/s,500.0,permeability,10^-6 cm/s,500.0,caco2_permeability,Permeability,(cm/s),ChEMBL
A,CCOC(=O)c1c(-c2ccccc2C)[nH]c2cc(OC)ccc2c1=O,CHEMBL1091444,permeability,10^-6 cm/s,50.0,permeability,10^-6 cm/s,50.0,caco2_permeability,Permeability,(cm/s),ChEMBL
A,CCOC(=O)c1c(-c2ccccc2Cl)[nH]c2cc(OC)ccc2c1=O,CHEMBL1091445,permeability,10^-6 cm/s,500.0,permeability,10^-6 cm/s,500.0,caco2_permeability,Permeability,(cm/s),ChEMBL
A,CCOC(=O)c1c(-c2ccccc2)[nH]c2cccc(OC)c2c1=O,CHEMBL1089354,permeability,10^-6 cm/s,0.0,permeability,10^-6 cm/s,0.0,caco2_permeability,Permeability,(cm/s),ChEMBL
A,CCOC(=O)c1c(-c2cccc(OC)c2)[nH]c2cccc(OC)c2c1=O,CHEMBL1089696,permeability,10^-6 cm/s,50.0,permeability,10^-6 cm/s,50.0,caco2_permeability,Permeability,(cm/s),ChEMBL
A,CCOC(=O)c1c(-c2cccc(C)c2)[nH]c2cccc(OC)c2c1=O,CHEMBL1089697,permeability,10^-6 cm/s,500.0,permeability,10^-6 cm/s,500.0,caco2_permeability,Permeability,(cm/s),ChEMBL
A,CCOC(=O)c1c(-c2cccc(C(F)(F)F)c2)[nH]c2cccc(OC)c2c1=O,CHEMBL1092131,permeability,10^-6 cm/s,50.0,permeability,10^-6 cm/s,50.0,caco2_permeability,Permeability,(cm/s),ChEMBL
A,CCOC(=O)c1c(-c2cccc(Cl)c2)[nH]c2cccc(OC)c2c1=O,CHEMBL1090725,permeability,10^-6 cm/s,50.0,permeability,10^-6 cm/s,50.0,caco2_permeability,Permeability,(cm/s),ChEMBL
A,CCOC(=O)c1c(-c2cccc(F)c2)[nH]c2cccc(OC)c2c1=O,CHEMBL1092719,permeability,10^-6 cm/s,50.0,permeability,10^-6 cm/s,50.0,caco2_permeability,Permeability,(cm/s),ChEMBL
A,CCOC(=O)c1c(-c2ccc(OC)cc2)[nH]c2cccc(OC)c2c1=O,CHEMBL1090727,permeability,10^-6 cm/s,50.0,permeability,10^-6 cm/s,50.0,caco2_permeability,Permeability,(cm/s),ChEMBL
A,CCOC(=O)c1c(-c2ccc(C(C)(C)C)cc2)[nH]c2cccc(OC)c2c1=O,CHEMBL1089677,permeability,10^-6 cm/s,500.0,permeability,10^-6 cm/s,500.0,caco2_permeability,Permeability,(cm/s),ChEMBL
A,CCOC(=O)c1c(-c2ccc(C(F)(F)F)cc2)[nH]c2cccc(OC)c2c1=O,CHEMBL1089678,permeability,10^-6 cm/s,50.0,permeability,10^-6 cm/s,50.0,caco2_permeability,Permeability,(cm/s),ChEMBL
A,CCOC(=O)c1c(-c2ccc(Cl)cc2)[nH]c2cccc(OC)c2c1=O,CHEMBL1089679,permeability,10^-6 cm/s,50.0,permeability,10^-6 cm/s,50.0,caco2_permeability,Permeability,(cm/s),ChEMBL
A,CCOC(=O)c1c(-c2ccc(Cl)c(Cl)c2)[nH]c2cccc(OC)c2c1=O,CHEMBL1093604,permeability,10^-6 cm/s,500.0,permeability,10^-6 cm/s,500.0,caco2_permeability,Permeability,(cm/s),ChEMBL
A,CCOC(=O)c1c(-c2ccccc2C)[nH]c2cccc(OC)c2c1=O,CHEMBL1090377,permeability,10^-6 cm/s,50.0,permeability,10^-6 cm/s,50.0,caco2_permeability,Permeability,(cm/s),ChEMBL
A,CCOC(=O)c1c(-c2ccccc2Cl)[nH]c2cccc(OC)c2c1=O,CHEMBL1093943,permeability,10^-6 cm/s,50.0,permeability,10^-6 cm/s,50.0,caco2_permeability,Permeability,(cm/s),ChEMBL
A,CCCS(=O)(=O)N1CCN(c2ccc(OCC3CCN(C(=O)OC(C)C)CC3)cn2)CC1,CHEMBL1093151,permeability,nm/s,470.0,permeability,nm/s,470.0,caco2_permeability,Permeability,(cm/s),ChEMBL
A,C[C@@H]1CN(C(=O)[C@@H]2CN(C(C)(C)C)C[C@H]2c2ccc(F)cc2F)C[C@H](C)[C@@]1(O)c1ccccc1.Cl,CHEMBL1204059,permeability,10^6cm/s,18.0,permeability,10^6cm/s,18.0,caco2_permeability,Permeability,(cm/s),ChEMBL
A,C[C@@H]1CN(C(=O)[C@@H]2CN(C(C)(C)C)C[C@H]2c2ccc(F)cc2F)C[C@H](C)[C@@]1(O)c1ccc(F)cc1.Cl,CHEMBL1204061,permeability,10^6cm/s,22.0,permeability,10^6cm/s,22.0,caco2_permeability,Permeability,(cm/s),ChEMBL
A,C[C@@H]1CN(C(=O)[C@@H]2CN(C(C)(C)C)C[C@H]2c2ccc(F)cc2F)C[C@H](C)[C@@]1(O)c1ccccc1.Cl,CHEMBL1204059,permeability,10^6cm/s,41.0,permeability,10^6cm/s,41.0,caco2_permeability,Permeability,(cm/s),ChEMBL
A,C[C@@H]1CN(C(=O)[C@@H]2CN(C(C)(C)C)C[C@H]2c2ccc(F)cc2F)C[C@H](C)[C@@]1(O)c1ccc(F)cc1.Cl,CHEMBL1204061,permeability,10^6cm/s,26.0,permeability,10^6cm/s,26.0,caco2_permeability,Permeability,(cm/s),ChEMBL
A,CCc1nc(CN2CCN(c3cccn4cc(-c5ccc(C(C)(C)C)cc5)nc34)CC2)c(C)[nH]1,CHEMBL1092638,permeability,10^-6 cm/s,0.2,permeability,10^-6 cm/s,0.2,caco2_permeability,Permeability,(cm/s),ChEMBL
A,CCn1cnc(CN2CCN(c3cccn4cc(-c5ccc(C(C)(C)C)cc5)nc34)CC2)c1C,CHEMBL1088866,permeability,10^-6 cm/s,1.1,permeability,10^-6 cm/s,1.1,caco2_permeability,Permeability,(cm/s),ChEMBL
A,CCn1cc(CN2CCN(c3cccn4cc(-c5ccc(C(C)(C)C)cc5)nc34)CC2)c(=O)[nH]c1=O,CHEMBL1091579,permeability,10^-6 cm/s,1.2,permeability,10^-6 cm/s,1.2,caco2_permeability,Permeability,(cm/s),ChEMBL
A,CCn1cnc(CN2CCN(c3cccc4[nH]c(-c5ccc(C(C)(C)C)cc5)nc34)CC2)c1C,CHEMBL521674,permeability,10^-6 cm/s,2.7,permeability,10^-6 cm/s,2.7,caco2_permeability,Permeability,(cm/s),ChEMBL
A,O=C(NCc1ccccc1)N(c1ccc(Br)cc1)C1CCN(Cc2ccnnc2)CC1,CHEMBL1092109,permeability,nm/s,269.0,permeability,nm/s,269.0,caco2_permeability,Permeability,(cm/s),ChEMBL
A,CCN1CCC(N(C(=O)NCc2ccc(F)cc2)c2ccc(Cl)cn2)CC1,CHEMBL1092106,permeability,nm/s,72.0,permeability,nm/s,72.0,caco2_permeability,Permeability,(cm/s),ChEMBL
A,O=C(NCc1ccc(F)cc1)N(c1ccc(Br)cc1)C1CCN(C2CCCC2)CC1,CHEMBL1094030,permeability,nm/s,116.0,permeability,nm/s,116.0,caco2_permeability,Permeability,(cm/s),ChEMBL
A,CCCC(=O)Nc1n[nH]c2c(F)c(F)ccc12,CHEMBL1091789,permeability,%,16.33,permeability,%,16.33,caco2_permeability,Permeability,(cm/s),ChEMBL
A,CCCC(=O)Nc1n[nH]c2cc(-c3ccc(O)cc3)ccc12,CHEMBL1082237,permeability,%,15.25,permeability,%,15.25,caco2_permeability,Permeability,(cm/s),ChEMBL
A,CCCC(=O)Nc1n[nH]c2cc(Cl)c(Br)cc12,CHEMBL1089722,permeability,%,17.25,permeability,%,17.25,caco2_permeability,Permeability,(cm/s),ChEMBL
A,CCCC(=O)Nc1n[nH]c2cc(Cl)c(-c3ccoc3)cc12,CHEMBL1077218,permeability,%,12.3,permeability,%,12.3,caco2_permeability,Permeability,(cm/s),ChEMBL
A,CCCC(=O)Nc1n[nH]c2cc(Cl)c(-c3ccc(O)cc3)cc12,CHEMBL1095366,permeability,%,8.02,permeability,%,8.02,caco2_permeability,Permeability,(cm/s),ChEMBL
A,CCCC(=O)Nc1n[nH]c2cc(Cl)c(-c3ccccc3)cc12,CHEMBL1095040,permeability,%,3.9,permeability,%,3.9,caco2_permeability,Permeability,(cm/s),ChEMBL
A,CS(=O)(=O)N1CCN(C2CN(CC[C@]3(c4ccc(Cl)c(Cl)c4)CCC(=O)N(CC4CC4)C3)C2)CC1,CHEMBL185452,Caco-2 permeability,% hr-1,10.0,Caco-2 permeability,% hr-1,10.0,caco2_permeability,Caco-2 permeability,(cm/s),ChEMBL
A,NC1CCN(C2CN(CC[C@]3(c4ccc(Cl)c(Cl)c4)CCC(=O)N(CC4CCC(F)(F)CC4)C3)C2)CC1,CHEMBL434142,Caco-2 permeability,% hr-1,1.0,Caco-2 permeability,% hr-1,1.0,caco2_permeability,Caco-2 permeability,(cm/s),ChEMBL
A,CCOC1CCN(C2CN(CC[C@]3(c4ccc(Cl)c(Cl)c4)CCC(=O)N(CC4CC4)C3)C2)CC1,CHEMBL180049,Caco-2 permeability,% hr-1,34.0,Caco-2 permeability,% hr-1,34.0,caco2_permeability,Caco-2 permeability,(cm/s),ChEMBL
A,O=C1CC[C@](CCN2CC(N3CCC(F)CC3)C2)(c2ccc(Cl)c(Cl)c2)CN1CC1CCC(F)(F)CC1,CHEMBL182600,Caco-2 permeability,% hr-1,35.0,Caco-2 permeability,% hr-1,35.0,caco2_permeability,Caco-2 permeability,(cm/s),ChEMBL
