smiles_r,inchikey,VDss,fup,LogP_pred,LogD_pred,MW,TPSA_NO,HBA,HBD,RotBondCount,LogD_exp,CL_exp,LogD
C#CCC(Cc1cnc2nc(N)nc(N)c2n1)c1ccc(C(=O)NC(CCC(=O)[O-])C(=O)[O-])cc1,OGSBUKJUDHAQEA-UHFFFAOYSA-L,1.015,0.33,0.35,-6.0,477.47,207.3,12.0,5.0,11.0,,,-6.0
C#CCN(Cc1cc2c(=O)nc(C)[n-]c2cc1C)c1ccc(C(=O)NC(CCc2nnn[n-]2)C(=O)[O-])c(F)c1,YSAOIOBNLKRLOE-UHFFFAOYSA-K,0.53,0.01,2.4,-2.6,532.53,169.8,12.0,4.0,11.0,,,-2.6
C#CC[NH+](C)C(C)Cc1ccccc1,MEZLKOACVSPNER-UHFFFAOYSA-O,1.9,0.13,2.8,2.3,187.28,3.2,1.0,0.0,5.0,,,2.3
C#C[C@]1(O)C=C[C@H]2[C@@H]3CC=C4CC(=O)CCC4[C@H]3CC[C@@]21CC,PCGOZSMTJRCWQF-XZCODKSBSA-N,0.46,0.023,4.1,4.1,310.43,37.3,2.0,1.0,2.0,,,4.1
C#C[C@]1(O)CC[C@H]2[C@@H]3CC=C4CC(=O)CCC4[C@H]3C(=C)C[C@@]21CC,BOMXWTHINLWJIE-BHPIROGQSA-N,2.87,0.02,4.0,4.0,324.46,37.3,2.0,1.0,2.0,,,4.0
C#C[C@]1(O)CC[C@H]2[C@@H]3CC=C4CC(=O)CCC4[C@H]3CC[C@@]21CC,LYRBZVWRTAFWPO-XZCODKSBSA-N,1.5,0.025,3.5,3.5,312.45,37.3,2.0,1.0,2.0,,,3.5
C#C[C@]1(O)CC[C@H]2[C@@H]3CCc4cc(OS(=O)(=O)[O-])ccc4[C@H]3CC[C@@]21C,WLGIWVFFGMPRLM-SLHNCBLASA-M,2.3,0.011,1.6,-1.9,376.47,83.8,5.0,2.0,3.0,,,-1.9
C#C[C@]1(O)CC[C@H]2[C@@H]3CCc4cc([O-])ccc4[C@H]3CC[C@@]21C,BFPYWIDHMRZLRN-SLHNCBLASA-M,4.3,0.014,3.5,3.5,296.4,40.5,2.0,2.0,1.0,,,3.5
C#Cc1cccc(Nc2ncnc3cc(OCCOC)c(OCCOC)cc23)c1,AAKJLRGGTJKAMG-UHFFFAOYSA-N,0.77,0.07,3.8,3.8,393.44,74.7,7.0,1.0,11.0,3.35,7.41,3.35
C/C(=C\c1csc(C)n1)[C@@H]1C[C@@H]2O[C@]2(C)CCC[C@H](C)[C@H](O)C(C)C(=O)C(C)(C)[C@@H](O)CC(=O)N1,FABUFPQFXZVHFB-KUCAWJBASA-N,11.0,0.2,3.9,3.9,506.7,112.0,7.0,3.0,2.0,,,3.9
C/C(=C\c1csc(C)n1)[C@@H]1C[C@@H]2O[C@]2(C)CCC[C@H](C)[C@H](O)C(C)C(=O)C(C)(C)[C@@H](O)CC(=O)O1,QXRSDHAAWVKZLJ-KUCAWJBASA-N,14.4,0.22,3.8,3.8,507.68,109.3,7.0,2.0,2.0,,,3.8
C1COC(NC(C2CC2)C2CC2)=[NH+]1,CQXADFVORZEARL-UHFFFAOYSA-O,4.5,0.9,0.91,-2.2,180.25,33.6,3.0,1.0,4.0,,,-2.2
C=C1C=CC=C(C)[C@H](O)[C@@H](C)[C@@H](O)[C@@H](C)[C@H](OC(C)=O)[C@H](C)[C@@H](OC)/C=C/O[C@@]2(C)Oc3c(C)c([O-])c4c(O)c(c5c(c4c3C2=O)NC2(CC[NH+](CC(C)C)CC2)[NH2+]5)NC1=O,PMVNEVBSMJFJIF-CQAXBVIASA-O,9.3,0.29,6.3,3.7,847.0,205.5,15.0,5.0,5.0,,,3.7
C=C1CC[C@@]2(O)[C@H]3Cc4ccc([O-])c5c4[C@@]2(CC[NH+]3CC2CC2)[C@H]1O5,WJBLNOPPDWQMCH-MBPVOVBZSA-N,8.2,0.65,2.5,2.0,339.43,52.9,4.0,2.0,2.0,,,2.0
C=C1C[C@@H]2CC[C@@]34C[C@H]5O[C@H]6[C@@H](O3)[C@H]3O[C@H](CC[C@@H]3O[C@H]6[C@H]5O4)CC(=O)O[C@@H]3[C@@H](OC)[C@@H](C[C@H](O)C[NH3+])O[C@H]3C[C@H]3O[C@@H](CC[C@@H]1O2)C[C@@H](C)C3=C,VEPHOPLDBFLPDL-KVWSPMLQSA-O,1.46,0.43,2.1,0.36,731.87,155.6,13.0,2.0,4.0,,,0.36
C=CC(=O)[NH+]1CCCC(n2nc(-c3ccc(Oc4ccccc4)cc3)c3c(N)ncnc32)C1,XYFPWWZEPKGCCK-UHFFFAOYSA-O,9.75,0.03,4.0,4.0,440.5,99.2,8.0,1.0,5.0,,,4.0
C=CC1=C(C(=O)[O-])[NH+]2C(=O)C(=NC(=O)C(NOCC(=O)[O-])c3csc(N)n3)[C@H]2SC1,FACRSCOHUPSUMI-IWSPRGBSSA-M,0.24,0.31,-0.38,-6.7,453.45,184.5,12.0,4.0,8.0,,,-6.7
C=CCC1(C(C)C#CCC)C(=O)[N-]C(=O)N(C)C1=O,NZXKDOXHBHYTKP-UHFFFAOYSA-M,1.1,0.27,1.8,1.7,262.3,66.5,5.0,1.0,5.0,,,1.7
C=CCC1=CC(C)C[C@H](C)C[C@H](OC)[C@H]2O[C@@](O)(C(=O)C(=O)[NH+]3CCCCC3C(=O)O[C@H](/C(C)=C/[C@@H]3CC[C@@H](O)[C@H](OC)C3)[C@H](C)[C@@H](O)CC1=O)[C@H](C)C[C@@H]2OC,SLUYGGAVUSVJOT-VZCWQGFJSA-O,1.2,0.01,4.0,4.0,804.02,178.4,13.0,3.0,7.0,,,4.0
C=CCN(C1=[NH+]CCN1)c1c(Cl)cccc1Cl,OXTYVEUAQHPPMV-UHFFFAOYSA-O,2.72,0.4,3.0,1.7,270.16,27.6,3.0,1.0,4.0,,,1.7
C=CCNc1nc(NCC=C)nc(N2CC[NH+](C(c3ccc(F)cc3)c3ccc(F)cc3)CC2)n1,OBDOVFRMEYHSQB-UHFFFAOYSA-O,35.37,0.01,6.0,6.0,477.55,69.2,7.0,2.0,10.0,,,6.0
C=CCOc1ccccc1OC[C@H](O)C[NH2+]C(C)C,CEMAWMOMDPGJMB-CYBMUJFWSA-O,0.72,0.19,2.0,0.24,265.35,50.7,4.0,2.0,9.0,,,0.24
C=CC[N+]1([C@H]2C[C@H]3[C@@H]4CC[C@H]5C[C@H](O)[C@@H]([NH+]6CCOCC6)C[C@]5(C)[C@H]4CC[C@]3(C)[C@H]2OC(C)=O)CCCC1,YXRDKMPIGHSVRX-OOJCLDBCSA-O,0.21,0.54,0.19,-0.28,529.77,59.0,6.0,1.0,6.0,,,-0.28
C=CC[NH+]1CC[C@]23c4c5ccc([O-])c4OC2C(=O)CC[C@@]3(O)[C@H]1C5,UZHSEJADLWPNLE-OGLQFSJHSA-N,1.7,0.54,1.1,0.89,327.37,70.0,5.0,2.0,2.0,,,0.89
C=CCc1ccccc1OCC(O)C[NH2+]C(C)C,PAZJSJFMUHDSTF-UHFFFAOYSA-O,3.2,0.18,2.4,0.64,249.35,41.5,3.0,2.0,8.0,,,0.64
C=C[C@@H]1C[C@]1(NC(=O)C1C[C@@H](Oc2ncc(OC)c3ccc(Cl)cc23)C[NH+]1C(=O)C(NC(=O)OC(C)(C)C)C(C)(C)C)C(=O)[N-]S(=O)(=O)C1CC1,CLAXZTYTLSTEOX-NFMAVPBESA-N,2.77,0.012,5.5,2.4,748.29,182.3,14.0,3.0,12.0,,,2.4
C=C[C@H]1C[NH+]2CC[C@H]1C[C@@H]2[C@@H](O)c1ccnc2ccc(OC)cc12,LOUPRKONTZGTKE-LHHVKLHASA-O,2.9,0.26,2.9,2.1,324.42,45.6,4.0,1.0,4.0,,,2.1
C=C[C@H]1C[NH+]2CC[C@H]1C[C@H]2[C@H](O)c1ccnc2ccc(OC)cc12,LOUPRKONTZGTKE-WZBLMQSHSA-O,1.8,0.3,2.9,2.1,324.42,45.6,4.0,1.0,4.0,,,2.1
C=C[C@]1(C)C[C@@H](OC(=O)CS[C@@H]2CC[C@@H]([NH3+])C[C@H]2O)[C@]2(C)[C@H](C)CC[C@]3(CCC(=O)[C@H]32)[C@@H](C)[C@@H]1O,KPVIXBKIJXZQJX-FCEONZPQSA-O,1.32,0.17,3.4,0.75,507.73,109.8,6.0,3.0,6.0,,,0.75
C=c1cc(C)[nH]c1=Cc1c(O)[nH]c2ccccc12,JGIFSQPBZMIFQM-UHFFFAOYSA-N,0.98,0.008,2.2,2.2,238.28,44.9,3.0,2.0,1.0,,,2.2
CC#CCC(C)[C@H](O)/C=C/[C@@H]1[C@H]2C/C(=C/CCCC(=O)[O-])C[C@H]2C[C@H]1O,HIFJCPQKFCZDDL-ACWOEMLNSA-M,0.37,0.4,3.5,0.96,360.49,77.8,4.0,3.0,9.0,,,0.96
CC#C[C@]1(O)CC[C@H]2C3=C(C4=C(CC3)CC(=O)CC4)C(c3ccc(N(C)C)cc3)C[C@@]21C,BHZCGCMWEVHUBA-ZLMDOPAYSA-N,0.45,0.02,4.8,4.8,429.59,40.5,3.0,1.0,3.0,,,4.8
CC(=O)C(C#N)C(=O)Nc1ccc(C(F)(F)F)cc1,NABQBYDEMLGCEO-UHFFFAOYSA-N,0.16,0.01,3.9,2.4,270.21,73.1,4.0,2.0,3.0,,,2.4
CC(=O)C1CC[C@H]2[C@@H]3CC[C@@H]4C[C@H](O)CC[C@]4(C)[C@H]3CC[C@]12C,AURFZBICLPNKBZ-UZRAMFKYSA-N,2.0,0.01,4.0,4.0,318.49,37.3,2.0,1.0,1.0,,,4.0
CC(=O)CC(c1ccccc1)c1c([O-])c2ccccc2oc1=O,PJVWKTKQMONHTI-UHFFFAOYSA-M,0.13,0.015,2.6,0.2,308.33,63.6,4.0,1.0,4.0,,,0.2
CC(=O)CCCCn1c(=O)c2c(ncn2C)n(C)c1=O,BYPFEZZEUUWMEJ-UHFFFAOYSA-N,1.8,0.51,0.65,0.65,278.31,75.5,7.0,0.0,5.0,0.22,,0.22
CC(=O)C[C@H](c1ccc([N+](=O)[O-])cc1)c1c([O-])c2ccccc2oc1=O,VABCILAOYCMVPS-OAHLLOKOSA-M,0.24,0.02,2.5,0.12,353.33,106.7,7.0,1.0,6.0,,,0.12
CC(=O)N(CC(O)CO)c1c(I)c(C(=O)NCC(O)CO)c(I)c(C(=O)NCC(O)CO)c1I,NTHXOOBQLCIOLC-UHFFFAOYSA-N,0.16,1.0,-2.8,-2.8,821.14,199.9,12.0,8.0,12.0,,,-2.8
CC(=O)NC(CS)C(=O)[O-],PWKSKIMOESPYIA-UHFFFAOYSA-M,0.55,0.17,-0.53,-3.8,163.19,66.4,4.0,2.0,3.0,,,-3.8
CC(=O)NCCCS(=O)(=O)[O-],AFCGFAGUEYAMAO-UHFFFAOYSA-M,0.3,1.0,-1.7,-5.2,181.21,83.5,5.0,2.0,4.0,,,-5.2
CC(=O)NC[C@H]1CN(c2ccc(N3CCOCC3)c(F)c2)C(=O)O1,TYZROVQLWOKYKF-ZDUSSCGKSA-N,0.58,0.69,1.1,1.1,337.35,71.1,7.0,1.0,4.0,0.67,,0.67
CC(=O)N[C@H]1[C@H]([C@H](O)[C@H](O)CO)OC(C(=O)[O-])=C[C@@H]1NC(N)=[NH2+],ARAIBEBZBOPLMB-UFGQHTETSA-N,0.23,0.86,-3.8,-6.1,332.31,198.2,11.0,8.0,7.0,,,-6.1
CC(=O)Nc1c(I)c(C(=O)[O-])c(I)c(N(C)C(C)=O)c1I,GGGDNPWHMNJRFN-UHFFFAOYSA-M,0.17,1.0,1.4,-1.9,627.94,86.7,6.0,2.0,3.0,,,-1.9
CC(=O)Nc1c(I)c(NC(C)=O)c(I)c(C(=O)[O-])c1I,YVPYQUNUQOZFHG-UHFFFAOYSA-M,0.26,1.0,0.98,-2.3,613.91,95.5,6.0,3.0,3.0,,,-2.3
CC(=O)Nc1ccc(C2=N[N-]C(=O)CC2C)cc1,FVGOLFVMXQCVIE-UHFFFAOYSA-M,2.38,0.4,0.71,0.71,245.28,70.6,5.0,2.0,2.0,,,0.71
CC(=O)Nc1ccc([O-])cc1,RZVAJINKPMORJF-UHFFFAOYSA-M,1.0,0.52,0.76,0.76,151.16,49.3,3.0,2.0,1.0,,,0.76
CC(=O)Nc1cccc(-n2c(=O)n(C3CC3)c(=O)c3c(Nc4ccc(I)cc4F)n(C)c(=O)c(C)c32)c1,LIRYPHYGHXZJBZ-UHFFFAOYSA-N,13.94,0.03,4.6,4.6,615.39,102.1,9.0,2.0,5.0,,,4.6
CC(=O)Nc1nnc(S(N)(=O)=O)s1,BZKPWHYZMXOIDC-UHFFFAOYSA-N,0.37,0.04,-1.5,-1.6,222.25,115.0,7.0,2.0,2.0,-0.78,,-0.78
CC(=O)OC1=C2C(C)[C@@H](OC(=O)C(O)C(NC(=O)c3ccccc3)c3ccccc3)C[C@@](O)([C@@H](OC(=O)c3ccccc3)[C@@H]3[C@]4(OC(C)=O)CO[C@@H]4C[C@H](O)[C@@]3(C)C1=O)C2(C)C,NDUAXKHGCJIYEQ-VSXYFVTFSA-N,3.0,0.12,2.9,2.9,853.91,221.3,15.0,4.0,14.0,,,2.9
CC(=O)OCC1=C(C(=O)[O-])[NH+]2C(=O)C(NC(=O)CSc3ccncc3)[C@H]2SC1,UQLLWWBDSUHNEB-FQNRMIAFSA-N,0.13,0.55,-0.63,-3.6,423.46,125.9,9.0,2.0,8.0,,,-3.6
CC(=O)OCC1=C(C(=O)[O-])[NH+]2C(=O)C(NC(=O)Cc3cccs3)[C@H]2SC1,XIURVHNZVLADCM-WPZCJLIBSA-N,0.07,0.22,0.069,-2.9,396.44,113.0,8.0,2.0,7.0,,,-2.9
CC(=O)O[C@@]12CO[C@@H]1C[C@H](O)[C@@]1(C)C(=O)C(=O)C3C(C)[C@@H](OC(=O)C(O)C(NC(=O)OC(C)(C)C)c4ccccc4)C[C@@](O)([C@@H](OC(=O)c4ccccc4)[C@H]21)C3(C)C,ROQZUJKOMJECOM-MKLSCFFVSA-N,2.1,0.04,3.0,3.0,807.88,224.4,15.0,5.0,12.0,,,3.0
CC(=O)O[C@H]1C[C@@H]2CC[C@@H]3[C@H](CC[C@@]4(C)[C@H]3C[C@H]([N+]3(C)CCCCC3)[C@@H]4OC(C)=O)[C@@]2(C)C[C@@H]1[N+]1(C)CCCCC1,GVEAYVLWDAFXET-XGHATYIMSA-N,0.2,0.09,-0.36,-0.36,572.86,52.6,6.0,0.0,6.0,,,-0.36
CC(=O)O[C@H]1C[C@@H]2CC[C@@H]3[C@H](CC[C@@]4(C)[C@H]3C[C@H]([N+]3(C)CCCCC3)[C@@H]4OC(C)=O)[C@@]2(C)C[C@@H]1[NH+]1CCCCC1,BGSZAXLLHYERSY-XQIGCQGXSA-O,0.3,0.25,3.1,1.6,557.83,55.8,6.0,0.0,6.0,,,1.6
CC(=O)O[C@H]1C[C@@H]2CC[C@@H]3[C@H](CC[C@@]4(C)[C@H]3C[C@H]([NH+]3CC[N+](C)(C)CC3)[C@@H]4OC(C)=O)[C@@]2(C)C[C@@H]1[NH+]1CC[N+](C)(C)CC1,OWWLUIWOFHMHOQ-XGHATYIMSA-P,0.35,0.98,-2.1,-2.1,602.89,59.1,8.0,0.0,6.0,,,-2.1
CC(=O)O[C@H]1C[C@@]2(C)[C@@H](C[C@@H](O)[C@H]3[C@]4(C)CC[C@@H](O)[C@@H](C)[C@@H]4CC[C@]32C)/C1=C(/CCC=C(C)C)C(=O)[O-],IECPWNUMDGFDKC-LMODMPLDSA-M,0.23,0.02,5.7,3.3,515.7,106.9,6.0,2.0,6.0,,,3.3
CC(=O)O[C@H]1C[C@]2(O)[C@H]3CC[C@H]4C[C@H](O[C@H]5C[C@@H](O)[C@@H](O[C@H]6C[C@@H](O)[C@@H](O[C@H]7C[C@@H](O)[C@@H](O)[C@H](C)O7)[C@H](C)O6)[C@H](C)O5)CC[C@@]4(C)[C@H]3CC[C@]2(C)[C@H]1C1=CC(=O)OC1,NEBPBFLVSYFRQE-ZYMOIYFGSA-N,0.78,0.07,0.93,0.93,822.98,209.1,15.0,5.0,9.0,,,0.93
CC(=O)Oc1ccccc1C(=O)[O-],BSYNRYMUTXBXSQ-UHFFFAOYSA-M,0.22,0.68,1.6,-1.7,180.16,63.6,4.0,1.0,3.0,,,-1.7
CC(=O)[C@]1(O)Cc2c([O-])c3c(c([O-])c2[C@@H](O[C@H]2C[C@H]([NH+]4CC4)[C@H](OS(C)(=O)=O)[C@H](C)O2)C1)C(=O)c1ccccc1C3=O,VMDWTZZCNDEKIO-CBNJBKGYSA-M,2.95,0.006,1.5,1.4,601.62,176.7,12.0,3.0,6.0,,,1.4
CC(=O)[C@]1(O)Cc2c([O-])c3c(c([O-])c2[C@@H](O[C@H]2C[C@H]([NH3+])[C@H](O)[C@H](C)O2)C1)C(=O)c1ccccc1C3=O,XDXDZDZNSLXDNA-TZNDIEGXSA-M,38.0,0.076,1.3,-1.5,497.49,176.6,10.0,5.0,3.0,,,-1.5
CC(=O)[NH+]1CC[NH+]([C@H]2CC[NH+](C(=O)[NH+](C)[C@H](C)c3cc(C(F)(F)F)cc(C(F)(F)F)c3)[C@@H](c3ccc(F)cc3C)C2)CC1,XGGTZCKQRWXCHW-WMTVXVAQSA-R,2.77,1.0,5.4,5.4,616.61,47.1,6.0,0.0,4.0,,,5.4
CC(C(=O)[O-])c1ccc(C(=O)c2ccccc2)s1,GUHPRPJDBZHYCJ-UHFFFAOYSA-M,0.08,0.015,2.7,-0.53,260.31,54.4,3.0,1.0,4.0,,,-0.53
CC(C(=O)[O-])c1ccc(C(=O)c2cccs2)cc1,MDKGKXOCJGEUJW-UHFFFAOYSA-M,0.04,0.006,2.7,-0.31,260.31,54.4,3.0,1.0,4.0,,,-0.31
CC(C(=O)[O-])c1ccc(N2Cc3ccccc3C2=O)cc1,RJMIEHBSYVWVIN-UHFFFAOYSA-M,0.12,0.01,2.4,-0.59,281.31,57.6,4.0,1.0,3.0,,,-0.59
CC(C(=O)[O-])c1ccc2c(c1)[nH]c1ccc(Cl)cc12,PUXBGTOOZJQSKH-UHFFFAOYSA-M,0.22,0.001,4.0,0.95,273.71,53.1,3.0,2.0,2.0,,,0.95
CC(C(=O)[O-])c1cccc(C(=O)c2ccccc2)c1,DKYWVDODHFEZIM-UHFFFAOYSA-M,0.13,0.008,2.9,-0.072,254.28,54.4,3.0,1.0,4.0,,,-0.072
CC(C(=O)[O-])c1cccc(Oc2ccccc2)c1,RDJGLLICXDHJDY-UHFFFAOYSA-M,0.1,0.02,3.2,0.48,242.27,46.5,3.0,1.0,4.0,,,0.48
CC(C)(C(=O)[O-])c1ccc(C(=O)CCC[NH+]2CCC(OC(c3ccccc3)c3ccccc3)CC2)cc1,XGHOVGYJHWQGCC-UHFFFAOYSA-N,0.41,0.05,5.9,3.0,499.64,66.8,5.0,1.0,11.0,,,3.0
CC(C)(C)C(NC(=O)C(CC1CCCC1)CN(O)C=O)C(=O)[NH+]1CC[NH+](Cc2ccc3c(c2)OCO3)CC1,IBEANEPZNLVRRY-UHFFFAOYSA-P,1.1,0.2,2.1,2.1,530.66,111.6,10.0,2.0,9.0,,,2.1
CC(C)(C)NC(=O)C1CC[C@H]2[C@@H]3C=CC4=CC(C(=O)[O-])CC[C@]4(C)[C@H]3CC[C@]12C,RNFAQHDTIWCBAR-OREFNVRCSA-M,0.54,0.03,4.8,2.2,399.57,66.4,4.0,2.0,2.0,,,2.2
CC(C)(C)NC(=O)C1CC[C@H]2[C@@H]3CC[C@H]4NC(=O)C=C[C@]4(C)[C@H]3CC[C@]12C,DBEPLOCGEIEOCV-NAYRGPGOSA-N,1.1,0.095,3.2,3.2,372.54,58.2,4.0,2.0,1.0,,,3.2
CC(C)(C)NC(=O)C1C[C@@H]2CCCC[C@@H]2C[NH+]1C[C@@H](O)[C@H](Cc1ccccc1)NC(=O)C(CC(N)=O)NC(=O)c1ccc2ccccc2n1,QWAXKHKRTORLEM-PVCXOJBVSA-O,3.6,0.028,3.6,3.3,670.84,166.7,11.0,5.0,12.0,,,3.3
CC(C)(C)NC(=O)C1C[NH+](Cc2cccnc2)CC[NH+]1C[C@@H](O)CC(Cc1ccccc1)C(=O)N[C@H]1c2ccccc2C[C@H]1O,CBVCZFGXHXORBI-IXVTTXLYSA-P,0.82,0.36,3.0,2.9,613.79,118.0,9.0,4.0,11.0,,,2.9
CC(C)(C)OC(=O)NC1CCCCC/C=C\[C@@H]2C[C@@]2(C(=O)[N-]S(=O)(=O)C2CC2)NC(=O)C2C[C@@H](OC(=O)[NH+]3Cc4cccc(F)c4C3)C[NH+]2C1=O,DEGZUUNHZMOMRT-INDSEIRXSA-O,0.22,0.02,4.4,1.4,731.83,180.5,14.0,3.0,7.0,,,1.4
CC(C)(C)S(=O)(=O)CC(Cc1ccccc1)C(=O)NC(Cc1c[n-]cn1)C(=O)N[C@@H](CC1CCCCC1)[C@@H](O)C(O)C1CC1,BYIAQYQNWSVWGH-ZYPNLOTASA-M,0.77,0.055812888,2.0,2.0,630.84,161.5,10.0,5.0,17.0,,,2.0
CC(C)(C)[N+](O)=Cc1ccc(S(=O)(=O)[O-])cc1S(=O)(=O)[O-],DOZMLEONWYXOHJ-UHFFFAOYSA-M,0.18,0.6,-3.5,-8.5,381.33,140.5,8.0,0.0,3.0,,,-8.5
CC(C)(C)[NH2+]CC(O)COc1ccc(NC(=O)NC2CCCCC2)cc1,MXFWWQICDIZSOA-UHFFFAOYSA-O,3.3,0.39,3.3,1.4,363.49,82.6,6.0,4.0,7.0,,,1.4
CC(C)(C)[NH2+]CC(O)COc1cccc2c1CC(O)C(O)C2,VWPOSFSPZNDTMJ-UHFFFAOYSA-O,1.9,0.14,1.1,-0.79,309.4,81.9,5.0,4.0,5.0,,,-0.79
CC(C)(C)[NH2+]CC(O)c1cc([O-])cc([O-])c1,XWTYSIMOBUGWOL-UHFFFAOYSA-M,1.5,0.75,0.93,-0.41,225.28,72.7,4.0,4.0,3.0,,,-0.41
CC(C)(C)[NH2+]CC(O)c1ccc([O-])c(CO)c1,NDAUXUAQIAJITI-UHFFFAOYSA-N,1.9,0.92,0.63,-1.5,239.31,72.7,4.0,4.0,4.0,,12.0,-1.5
CC(C)(C)[NH2+]C[C@H](O)COc1nsnc1N1CCOCC1,BLJRIMJGRPQVNF-JTQLQIEISA-O,1.5,0.9,1.4,-0.34,316.42,79.7,7.0,2.0,6.0,,,-0.34
CC(C)(C)c1nc(-c2cccc(NS(=O)(=O)c3c(F)cccc3F)c2F)c(-c2ccnc(N)n2)s1,BFSMGDJOXZAERB-UHFFFAOYSA-N,0.65,0.003,5.3,5.2,519.56,110.9,7.0,2.0,5.0,,,5.2
CC(C)(O)[C@@H]1CC[C@](C)([C@H]2[C@@H](O)C[C@@]3(C)[C@@H]4C[C@H](O[C@@H]5O[C@H](CO)[C@@H](O)[C@H](O)[C@H]5O)[C@H]5C(C)(C)[C@@H](O[C@@H]6OC[C@@H](O)[C@H](O)[C@H]6O)CC[C@@]56C[C@@]46CC[C@]23C)O1,QMNWISYXSJWHRY-YLNUDOOFSA-N,0.12,0.14,-0.048,-0.048,784.97,228.2,14.0,9.0,6.0,,,-0.048
CC(C)(O)c1ccccc1CC[C@@H](SCC1(CC(=O)[O-])CC1)c1cccc(/C=C/c2ccc3ccc(Cl)cc3n2)c1,UCHDWCPVSPXUMX-TZIWLTJVSA-M,0.15,0.002,8.3,4.8,586.18,70.4,4.0,2.0,11.0,,,4.8
CC(C)(ON=C(C(=O)NC1C(=O)[NH+]2C(C(=O)[O-])=C(C[n+]3ccccc3)CS[C@H]12)c1csc(N)n1)C(=O)[O-],ORFOPKXBNMVMKC-XPKAQORNSA-N,0.31,0.79,-1.7,-4.1,546.58,191.2,13.0,3.0,9.0,,,-4.1
CC(C)(S)C([NH3+])C(=O)[O-],VVNCNSJFMMFHPL-UHFFFAOYSA-N,1.26,0.12,-0.16,-1.8,149.21,63.3,3.0,2.0,1.0,,,-1.8
CC(C)([NH3+])CC(=O)NC1CCc2ccccc2N(Cc2ccc(-c3ccccc3-c3nnn[n-]3)cc2)C1=O,BCDQJEIWMPKATR-UHFFFAOYSA-N,0.2,0.06,4.1,1.8,509.6,129.9,9.0,3.0,8.0,,,1.8
CC(C)=CC[NH+]1CC[C@]2(C)c3cc([O-])ccc3C[C@H]1C2C,VOKSWYLNZZRQPF-SQJZIBIZSA-N,3.4,0.39,4.4,2.8,285.42,23.5,2.0,1.0,2.0,,,2.8
CC(C)=c1nc(N(C)S(C)(=O)=O)nc(-c2ccc(F)cc2)c1=CC[C@@H](O)C[C@@H](O)CC(=O)[O-],DRLXVNRHGMULCY-IAGOWNOFSA-M,1.7,0.12,2.0,-1.3,481.54,140.9,9.0,3.0,10.0,,,-1.3
CC(C)C(=O)OCC(=O)[C@]12O[C@@H](C3CCCCC3)O[C@@H]1C[C@@H]1[C@@H]3CC=C4CC(=O)C=C[C@]4(C)[C@H]3[C@@H](O)C[C@@]12C,UGGUCACMQFGWAH-CIRCSGMQSA-N,2.9,0.01,4.8,4.8,540.69,99.1,7.0,1.0,6.0,,,4.8
CC(C)C1CCC(C(=O)NC(Cc2ccccc2)C(=O)[O-])CC1,OELFLUMRDSZNSF-UHFFFAOYSA-M,0.15,0.029,3.8,0.67,317.42,66.4,4.0,2.0,6.0,,,0.67
CC(C)CC(NC(=O)C(CCc1ccccc1)NC(=O)C[NH+]1CCOCC1)C(=O)NC(Cc1ccccc1)C(=O)NC(CC(C)C)C(=O)[C@@]1(C)CO1,BLMPQMFVWMYDKT-YPEOYEODSA-O,0.13,0.02,5.0,4.9,719.91,158.5,12.0,4.0,20.0,,,4.9
CC(C)COC[C@@H](CN(Cc1ccccc1)c1ccccc1)[NH+]1CCCC1,UIEATEWHFDRYRU-XMMPIXPASA-O,10.1,0.001,5.4,4.9,366.54,15.7,3.0,0.0,10.0,,,4.9
CC(C)C[C@H](NC(=O)C(Cc1ccccc1)NC(=O)c1cnccn1)B(O)O,GXJABQQUPOEUTA-LWKPJOBUSA-N,10.0,0.17,0.8,0.8,384.24,124.4,8.0,4.0,9.0,,,0.8
CC(C)C[C@H](NC(=O)CNC(=O)c1cc(Cl)ccc1Cl)B(O)O,MXAYKZJJDUDWDS-LBPRGKRZSA-N,3.61,0.01,2.2,2.2,361.03,98.7,6.0,4.0,7.0,,,2.2
CC(C)Cc1ccc(C(C)C(=O)[O-])cc1,HEFNNWSXXWATRW-UHFFFAOYSA-M,0.15,0.006,3.2,0.34,206.28,37.3,2.0,1.0,4.0,,,0.34
CC(C)Oc1ccccc1N1CC[NH+](Cc2cccc(C(=O)[NH+]3CCCCC3)c2)CC1,ZKZFPRUSWCYSGT-UHFFFAOYSA-P,1.54,0.011,4.2,4.0,421.58,36.0,5.0,0.0,6.0,,,4.0
CC(C)[N+]1(C)[C@@H]2CC[C@H]1CC(OC(=O)C(CO)c1ccccc1)C2,OEXHQOGQTVQTAT-BZQJJPTISA-N,5.1,0.95,-0.72,-0.72,332.46,46.5,4.0,1.0,7.0,,,-0.72
CC(C)[NH+](CCC(C(N)=O)(c1ccccc1)c1ccccn1)C(C)C,UVTNFZQICZKOEM-UHFFFAOYSA-O,0.52,0.16,2.2,-0.11,339.47,59.2,4.0,1.0,8.0,,,-0.11
CC(C)[NH+](CC[C@H](c1ccccc1)c1cc(CO)ccc1[O-])C(C)C,DUXZAXCGJSBGDW-HXUWFJFHSA-N,2.41,0.5,4.1,0.67,341.49,43.7,3.0,2.0,8.0,,,0.67
CC(C)[NH+]1CCC([NH+](C(=O)Cc2ccccc2)c2ccc(Cl)cc2)CC1,XHOJAWVAWFHGHL-UHFFFAOYSA-P,6.6,0.15,4.9,3.0,370.92,23.5,3.0,0.0,5.0,,,3.0
CC(C)[NH2+]CC(O)COc1ccc(CC(N)=O)cc1,METKIMKYRPQLGS-UHFFFAOYSA-O,0.95,0.94,0.35,-1.4,266.34,84.6,5.0,3.0,8.0,,,-1.4
CC(C)[NH2+]CC(O)COc1ccc(CCOCC2CC2)cc1,NWIUTZDMDHAVTP-UHFFFAOYSA-O,4.8,0.4,2.6,0.81,307.43,50.7,4.0,2.0,11.0,,,0.81
CC(C)[NH2+]CC(O)COc1ccc(COCCOC(C)C)cc1,VHYCDWMUTMEGQY-UHFFFAOYSA-O,2.4,0.66,2.2,0.46,325.44,59.9,5.0,2.0,12.0,,,0.46
CC(C)[NH2+]CC(O)COc1cccc2[nH]ccc12,JZQKKSLKJUAGIC-UHFFFAOYSA-O,1.2,0.58,1.8,0.05,248.32,57.3,4.0,3.0,6.0,,,0.05
CC(C)[NH2+]CC(O)COc1cccc2ccccc12,AQHHHDLHHXJYJD-UHFFFAOYSA-O,3.1,0.13,2.7,0.93,259.34,41.5,3.0,2.0,6.0,,,0.93
CC(C)[NH2+]CC(O)c1cc([O-])cc([O-])c1,LMOINURANNBYCM-UHFFFAOYSA-M,6.03,0.9,0.56,-0.66,211.26,72.7,4.0,4.0,4.0,,,-0.66
CC(C)[NH2+]CC(O)c1ccc(NS(C)(=O)=O)cc1,ZBMZVLHSJCTVON-UHFFFAOYSA-O,1.3,0.62,0.43,-1.4,272.36,78.4,5.0,3.0,6.0,,,-1.4
CC(C)[NH2+]CC(O)c1ccc([O-])c([O-])c1,JWZZKOKVBUJMES-UHFFFAOYSA-M,1.5,0.71,0.79,-0.8,211.26,72.7,4.0,4.0,4.0,,,-0.8
CC(C)c1cccc(C(C)C)c1[O-],OLBCVFGFOZPWHH-UHFFFAOYSA-M,4.7,0.016,4.2,4.2,178.27,20.2,1.0,1.0,2.0,,,4.2
CC(C)n1c(/C=C/[C@H](O)C[C@H](O)CC(=O)[O-])c(-c2ccc(F)cc2)c2ccccc21,FJLGEFLZQAZZCD-JUFISIKESA-M,0.42,0.0079,2.9,-0.11,411.47,82.7,5.0,3.0,8.0,,,-0.11
CC(CC(c1ccccc1)c1ccccc1)[NH2+]C(C)(C)C,UISARWKNNNHPGI-UHFFFAOYSA-O,5.1,0.08,5.0,2.1,281.44,12.0,1.0,1.0,5.0,,,2.1
CC(CCc1ccccc1)[NH2+]CC(O)c1ccc([O-])c(C(N)=O)c1,SGUAFYQXFOLMHL-UHFFFAOYSA-N,4.8,0.5,1.8,0.97,328.41,95.6,5.0,4.0,8.0,1.06,,1.06
CC(CN1c2ccccc2CCc2ccccc21)C[NH+](C)C,ZSCDBOWYZJWBIY-UHFFFAOYSA-O,16.0,0.051,4.6,3.1,294.43,6.5,2.0,0.0,4.0,,,3.1
CC(CN1c2ccccc2Sc2ccccc21)[NH+](C)C,PWWVAXIEGOYWEE-UHFFFAOYSA-O,14.0,0.09,4.2,2.4,284.42,6.5,2.0,0.0,3.0,,,2.4
CC(CS)C(=O)[NH+]1CCCC1C(=O)[O-],FAKRSMQSSFJEIM-UHFFFAOYSA-N,0.75,0.73,0.97,-2.2,217.29,57.6,4.0,1.0,3.0,,,-2.2
CC(Cc1ccc([O-])cc1)[NH2+]CC(O)c1cc([O-])cc([O-])c1,LSLYOANBFKQKPT-UHFFFAOYSA-L,1.2,0.53,1.5,0.7,303.35,92.9,5.0,5.0,6.0,,,0.7
CC(O)C(=O)Nc1c(I)c(C(=O)NC(CO)CO)c(I)c(C(=O)NC(CO)CO)c1I,XQZXYNRDCRIARQ-UHFFFAOYSA-N,0.28,1.0,-2.3,-2.3,777.09,188.4,11.0,8.0,10.0,,,-2.3
CC(O)C(CO)NC(=O)C1CSSCC(NC(=O)C([NH3+])Cc2ccccc2)C(=O)NC(Cc2ccccc2)C(=O)NC(Cc2c[nH]c3ccccc23)C(=O)NC(CCCC[NH3+])C(=O)NC(C(C)O)C(=O)N1,DEQANNDTNATYII-UHFFFAOYSA-P,0.19,0.35,-0.38,-3.4,1019.24,332.2,20.0,13.0,17.0,,,-3.4
CC(Oc1ccc(Oc2cnc3ccc(Cl)cc3n2)cc1)C(=O)[O-],NUQZXROIVGBRGR-UHFFFAOYSA-M,0.19,0.0036,4.0,0.79,344.75,81.5,6.0,1.0,5.0,,,0.79
CC(Oc1ccccc1)C(=O)NC1C(=O)[NH+]2C(C(=O)[O-])C(C)(C)S[C@H]12,NONJJLVGHLVQQM-CIPDSAHDSA-N,0.3,0.25,2.2,-1.1,364.42,95.9,7.0,2.0,5.0,,,-1.1
CC(S)C(=O)NCC(=O)[O-],YTGJWQPHMWSCST-UHFFFAOYSA-M,1.39,0.45,-0.23,-3.6,163.19,66.4,4.0,2.0,3.0,,,-3.6
CC([NH2+]C(CCc1ccccc1)C(=O)[O-])C(=O)[NH+]1CCCC1C(=O)[O-],LZFZMUMEGBBDTC-UHFFFAOYSA-N,0.38,0.62,0.73,-3.4,348.39,106.9,7.0,3.0,8.0,,,-3.4
CC([NH2+]C(CCc1ccccc1)C(=O)[O-])C(=O)[NH+]1Cc2ccccc2CC1C(=O)[O-],FLSLEGPOVLMJMN-UHFFFAOYSA-N,0.13,0.32,1.8,-2.4,410.46,106.9,7.0,3.0,8.0,,,-2.4
CC(c1nc(-c2ccc(C#N)cc2)cs1)[C@@](O)(Cn1cncn1)c1cc(F)ccc1F,DDFOUSQFMYRUQK-JDMGRSRBSA-N,5.37,0.01,4.0,4.0,437.47,87.6,6.0,1.0,8.0,,,4.0
CC(c1ncncc1F)[C@](O)(Cn1cncn1)c1ccc(F)cc1F,BCEHBSKCWLPMDN-YRQZNCJOSA-N,2.2,0.42,1.5,1.5,349.31,76.7,6.0,1.0,5.0,,,1.5
CC/C=C\C/C=C\C/C=C\C/C=C\C/C=C\C/C=C\CCC(=O)OC(C(=O)O[C@H]1C[C@@]2(O)[C@@H](OC(=O)c3ccccc3)[C@@H]3[C@]4(OC(C)=O)CO[C@@H]4C[C@H](O)[C@@]3(C)C(=O)C(OC(C)=O)=C(C1C)C2(C)C)[C@@H](NC(=O)c1ccccc1)c1ccccc1,QOCSQQHOTMFPPW-WZOXHXITSA-N,0.068,0.0038,9.0,9.0,1164.38,227.4,16.0,3.0,30.0,,,9.0
CC1(C)C(/C=C\C=C\C=C\C=C2/N(CCCCS(=O)(=O)[O-])c3ccc4ccccc4c3C2(C)C)=[N+](CCCCS(=O)(=O)[O-])c2ccc3ccccc3c21,BDBMLMBYCXNVMC-UHFFFAOYSA-M,0.035,0.05,5.4,3.1,752.98,117.8,8.0,1.0,14.0,,,3.1
CC1(C)C(C(=O)[O-])[NH+]2C(=O)CC2S1(=O)=O,FKENQMMABCRJMK-UHFFFAOYSA-N,0.32,0.62,-0.25,-3.7,233.24,91.8,6.0,1.0,1.0,,,-3.7
CC1(C)CC1C(=O)N=C(CCCCCSCC([NH3+])C(=O)[O-])C(=O)[O-],UUNQYGUCVSFAME-UHFFFAOYSA-M,0.15,0.6,-0.068,-4.6,358.45,129.7,7.0,4.0,11.0,,,-4.6
CC1(C)O[C@@H]2C[C@H]3[C@@H]4CC=C5CC(=O)C=C[C@]5(C)[C@@]4(F)[C@@H](O)C[C@]3(C)[C@]2(C(=O)CO)O1,AIPSXDXZFKITIG-JNQJZLCISA-N,1.4,0.2,2.3,2.3,434.5,93.1,6.0,2.0,2.0,,,2.3
CC1(C)O[C@@H]2C[C@H]3[C@@H]4C[C@H](F)C5=CC(=O)C=C[C@@]5(C)[C@H]4[C@@H](O)C[C@]3(C)[C@]2(C(=O)CO)O1,XSFJVAJPIHIPKU-LKPCOXDASA-N,1.08,0.24,2.5,2.5,434.5,93.1,6.0,2.0,2.0,,,2.5
CC1(C)O[C@@H]2[C@@H](CO[C@@]3(COS(N)(=O)=O)OC(C)(C)O[C@@H]23)O1,KJADKKWYZYXHBB-XBWDGYHZSA-N,0.8,0.72,0.47,0.44,339.36,115.5,9.0,1.0,3.0,,,0.44
CC1(C)SC2C(NC(=O)C(NC(=O)c3cnc4cccnc4c3[O-])c3ccccc3)C(=O)[NH+]2C1C(=O)[O-],XMQVYNAURODYCQ-UHFFFAOYSA-M,0.16,0.1,1.8,-1.6,521.55,161.8,11.0,4.0,8.0,,,-1.6
CC1(C)S[C@@H]2C(/[NH+]=C/N3CCCCCC3)C(=O)[NH+]2C1C(=O)[O-],BWWVAEOLVKTZFQ-LIYHIKFFSA-O,0.37,0.9,2.4,0.068,325.43,73.2,6.0,1.0,3.0,,,0.068
CC1(C)S[C@@H]2C(NC(=O)C(C(=O)[O-])c3ccccc3)C(=O)[NH+]2C1C(=O)[O-],FPPNZSSZRUTDAP-FOQMGDCRSA-M,0.17,0.52,1.2,-5.4,378.4,124.0,8.0,3.0,5.0,,,-5.4
CC1(C)S[C@@H]2C(NC(=O)C(C(=O)[O-])c3ccsc3)C(=O)[NH+]2C1C(=O)[O-],OHKOGUYZJXTSFX-ROBJAFKPSA-M,0.16,0.55,0.88,-5.7,384.43,124.0,8.0,3.0,5.0,,,-5.7
CC1(C)S[C@@H]2C(NC(=O)C(NC(=O)NC(N)=[NH2+])c3ccccc3)C(=O)[NH+]2C1C(=O)[O-],GIPLLNWRTXVAHM-FOQMGDCRSA-O,0.24,0.8,0.061,-2.3,434.47,177.7,11.0,6.0,6.0,,,-2.3
CC1(C)S[C@@H]2C(NC(=O)C(NC(=O)[NH+]3CCNC3=O)c3ccccc3)C(=O)[NH+]2C1C(=O)[O-],JTWOMNBEOCYFNV-WHUXOIGISA-O,0.26,0.65,0.84,-2.5,461.49,148.1,11.0,4.0,5.0,,,-2.5
CC1(C)S[C@@H]2C(NC(=O)C(NC(=O)[NH+]3CC[NH+](S(C)(=O)=O)C3=O)c3ccccc3)C(=O)[NH+]2C1C(=O)[O-],YPBATNHYBCGSSN-KVHVJOKZSA-P,0.09,0.7,1.0,-2.3,539.58,173.5,13.0,3.0,6.0,,,-2.3
CC1(C)S[C@@H]2C(NC(=O)C([NH3+])c3ccc([O-])cc3)C(=O)[NH+]2C1C(=O)[O-],LSQZJLSUYDQPKJ-FOQMGDCRSA-N,0.25,0.85,0.42,-1.3,365.4,133.0,8.0,4.0,4.0,,,-1.3
CC1(C)S[C@@H]2C(NC(=O)C([NH3+])c3ccccc3)C(=O)[NH+]2C1C(=O)[O-],AVKUERGKIZMTKX-FOQMGDCRSA-O,0.22,0.85,0.85,-0.85,349.4,112.7,7.0,3.0,4.0,,,-0.85
CC1(C)S[C@@H]2C(NC(=O)C(c3ccccc3)S(=O)(=O)[O-])C(=O)[NH+]2C1C(=O)[O-],JETQIUPBHQNHNZ-FOQMGDCRSA-M,0.15,0.5,0.59,-4.7,414.45,141.1,9.0,3.0,5.0,,,-4.7
CC1(C)S[C@@H]2C(NC(=O)COc3ccccc3)C(=O)[NH+]2C1C(=O)[O-],BPLBGHOLXOTWMN-ORHYLEIMSA-N,0.41,0.45,1.9,-1.4,350.39,95.9,7.0,2.0,5.0,,,-1.4
CC1(C)S[C@@H]2C(NC(=O)Cc3ccccc3)C(=O)[NH+]2C1C(=O)[O-],JGSARLDLIJGVTE-ORHYLEIMSA-N,0.24,0.4,2.0,-1.3,334.39,86.7,6.0,2.0,4.0,,,-1.3
CC1=C(C(=O)[O-])[NH+]2C(=O)C(NC(=O)C([NH3+])C3=CCC=CC3)[C@H]2SC1,RDLPVSKMFDYCOR-QKFMDRJYSA-O,0.21,0.95,0.48,-2.0,349.4,112.7,7.0,3.0,4.0,,,-2.0
CC1=C(C(=O)[O-])[NH+]2C(=O)C(NC(=O)C([NH3+])c3ccc([O-])cc3)[C@H]2SC1,BOEGTKLJZSQCCD-QKFMDRJYSA-N,0.23,0.39,-0.7,-2.1,363.39,133.0,8.0,4.0,4.0,,,-2.1
CC1=C(C(=O)[O-])[NH+]2C(=O)C(NC(=O)C([NH3+])c3ccccc3)[C@H]2SC1,ZAIPMKNFIOOWCQ-QKFMDRJYSA-O,0.21,0.85,-0.27,-1.6,347.39,112.7,7.0,3.0,4.0,,,-1.6
CC1=C2CC(=O)C=C[C@]2(C)[C@@H]2[C@@H](C1)[C@@H]1CC[C@](O)(C(=O)CO)[C@@]1(C)C[C@@H]2O,ZABDAGALHQDSEU-SJLJSBKTSA-N,1.2,0.23,2.0,2.0,374.47,94.8,5.0,3.0,2.0,,,2.0
CC1=[NH+]C(=O)[C@](CC[NH+](C(C)C)C(C)C)(c2ccccc2)[C@H]2CCCCN12,QAHRRCMLXFLZTF-FYYLOGMGSA-P,0.58,0.7,4.0,2.6,369.54,35.9,4.0,0.0,6.0,,,2.6
CC1=[NH+]S(=O)(=O)c2cc(Cl)ccc2N1,GDLBFKVLRPITMI-UHFFFAOYSA-O,0.21,0.06,1.2,1.2,230.67,58.5,4.0,1.0,0.0,,,1.2
CC1C(=O)NC(Cc2ccc(F)cc2)C(=O)NCCCc2ccccc2O[C@H](C)C[NH2+]C(C2CC2)C(=O)[NH+]1C,WGYPAJVJMXQXTR-HCTXWKHPSA-P,0.1,0.01,4.3,3.7,538.65,99.8,8.0,3.0,3.0,,,3.7
CC1C(=O)O[C@H]2[C@H](O)C34[C@H]5C[C@@H](C(C)(C)C)C36C(O)C(=O)O[C@H]6OC4(C(=O)O5)[C@@]12O,SQOJOAFXDQDRGF-KUUZYNGUSA-N,0.91,0.8,-4.3,-4.5,424.4,148.8,10.0,3.0,0.0,,,-4.5
CC1CC(=O)[N-]N=C1c1ccc(NN=C(C#N)C#N)cc1,YZLHWEZEYCXULW-UHFFFAOYSA-M,0.24,0.02,2.2,0.87,280.28,113.4,7.0,2.0,5.0,,,0.87
CC1CNc2c(cccc2S(=O)(=O)NC(CCCNC(N)=[NH2+])C(=O)[NH+]2CC[C@@H](C)CC2C(=O)[O-])C1,KXNPVXPOPUZYGB-LOEGYKASSA-O,0.17,0.46,1.5,-0.84,508.63,177.7,11.0,6.0,10.0,,,-0.84
CC1COc2c(N3CC[NH+](C)CC3)c(F)cc3c(=O)c(C(=O)[O-])cn1c23,GSDSWSVVBLHKDQ-UHFFFAOYSA-N,1.6,0.75,1.9,-0.4,361.37,73.3,7.0,1.0,2.0,-0.45,,-0.45
CC=CC1=C(C(=O)[O-])[NH+]2C(=O)C(NC(=O)C([NH3+])c3ccc([O-])cc3)[C@H]2SC1,WDLWHQDACQUCJR-QWQCLYJRSA-N,0.21,0.59,-0.39,-1.8,389.43,133.0,8.0,4.0,5.0,,,-1.8
CCC(=O)C(CC(C)[NH+](C)C)(c1ccccc1)c1ccccc1,USSIQXCVUWKGNF-UHFFFAOYSA-O,4.4,0.21,3.7,2.5,309.45,20.3,2.0,0.0,7.0,,,2.5
CCC(=O)N(c1ccccc1)C1(C(=O)OC)CC[NH+](CCC(=O)OC)CC1,ZTVQQQVZCWLTDF-UHFFFAOYSA-O,0.4,0.3,2.3,2.1,376.45,76.1,7.0,0.0,9.0,,,2.1
CCC(=O)N(c1ccccc1)C1(COC)CC[NH+](CCc2cccs2)CC1,GGCSSNBKKAUURC-UHFFFAOYSA-O,9.4,0.075,3.9,2.9,386.55,32.8,4.0,0.0,8.0,,,2.9
CCC(=O)N(c1ccccc1)C1(COC)CC[NH+](CCn2nnn(CC)c2=O)CC1,IDBPHNDTYPBSNI-UHFFFAOYSA-O,0.45,0.086,2.8,2.7,416.52,81.1,9.0,0.0,9.0,,,2.7
CCC(=O)NCC[C@@H]1CCc2ccc3c(c21)CCO3,YLXDSYKOBKBWJQ-LBPRGKRZSA-N,1.05,0.2,2.7,2.7,259.34,38.3,3.0,1.0,4.0,2.57,,2.57
CCC(=O)OCC(=O)[C@@]1(OC(=O)CC)[C@@H](C)C[C@H]2[C@@H]3CC=C4CC(=O)C=C[C@]4(C)[C@@]3(Cl)[C@@H](O)C[C@@]21C,IBIIDGIPJPTFBZ-XYWKZLDCSA-N,0.29,0.13,4.0,4.0,521.04,107.0,7.0,1.0,8.0,,,4.0
CCC(=O)O[C@](Cc1ccccc1)(c1ccccc1)[C@H](C)C[NH+](C)C,XLMALTXPSGQGBX-GCJKJVERSA-O,12.0,0.24,4.1,3.3,339.47,29.5,3.0,0.0,9.0,,,3.3
CCC(=O)O[C@]1(C(=O)SCF)[C@H](C)C[C@H]2[C@@H]3C[C@H](F)C4=CC(=O)C=C[C@]4(C)[C@@]3(F)[C@@H](O)C[C@@]21C,WMWTYOKRWGGJOA-CENSZEJFSA-N,3.6,0.1,3.3,3.3,500.57,80.7,5.0,1.0,6.0,,150.0,3.3
CCC(=O)[NH+](c1ccccc1)C1CC[NH+](CCc2ccccc2)CC1,PJMPHNIQZUBGLI-UHFFFAOYSA-P,0.89,0.16,4.1,2.8,336.47,23.5,3.0,0.0,6.0,,,2.8
CCC(C(N)=O)[NH+]1CCCC1=O,HPHUVLMMVZITSG-UHFFFAOYSA-O,0.6,0.9,-0.48,-0.48,170.21,63.4,4.0,1.0,3.0,,,-0.48
CCC(C)(C)[NH2+]CC(O)COc1ccccc1C(=O)CCc1ccccc1,VDKMYSMWQCFYBQ-UHFFFAOYSA-O,1.2,0.017,4.0,2.0,369.5,58.6,4.0,2.0,11.0,,,2.0
CCC(C)C(=O)O[C@H]1C[C@@H](C)C=C2C=C[C@H](C)[C@H](CC[C@@H](O)C[C@@H](O)CC(=O)[O-])[C@H]21,QLJODMDSTUBWDW-SGFUJYLFSA-M,0.87,0.043,4.2,1.4,422.55,104.1,6.0,3.0,11.0,,,1.4
CCC(C)C(=O)O[C@H]1C[C@H](O)C=C2C=C[C@H](C)[C@H](CC[C@@H](O)C[C@@H](O)CC(=O)[O-])[C@H]21,TUZYXOIXSAXUGO-RXYRLICESA-M,0.46,0.5,2.3,-0.54,424.53,124.3,7.0,4.0,11.0,,,-0.54
CCC(C)CC(C)CCCCCCCCC(=O)NC1CC(O)C([NH2+]CC[NH3+])NC(=O)C2C(O)CC[NH+]2C(=O)C(C(O)CC[NH3+])NC(=O)C(C(O)C(O)c2ccc([O-])cc2)NC(=O)C2CC(O)C[NH+]2C(=O)C(C(C)O)NC1=O,JYIKNQVWKBUSNH-UHFFFAOYSA-R,0.13,0.035,-1.4,-6.3,1093.31,412.0,25.0,16.0,23.0,,,-6.3
CCC(C)n1ncn(-c2ccc(N3CCN(c4ccc(OCC5COC(Cn6cncn6)(c6ccc(Cl)cc6Cl)O5)cc4)CC3)cc2)c1=O,VHVPQPYKVGDNFY-UHFFFAOYSA-N,7.4,0.002,5.8,5.8,705.63,100.8,12.0,0.0,11.0,,,5.8
CCC(CC)O[C@@H]1C=C(C(=O)[O-])C[C@H]([NH3+])[C@H]1NC(C)=O,NENPYTRHICXVCS-YNEHKIRRSA-N,0.37,0.97,0.57,-1.7,284.35,101.6,6.0,3.0,6.0,,,-1.7
CCC1(c2cccc([O-])c2)CCCC[NH+](C)C1,JLICHNCFTLFZJN-UHFFFAOYSA-N,3.3,0.73,3.1,1.5,233.35,23.5,2.0,1.0,2.0,0.8,,0.8
CCC1(c2ccccc2)C(=O)[N-]C(=O)[N-]C1=O,DDBREPKUVSBGFI-UHFFFAOYSA-L,0.54,0.49,1.3,1.1,232.24,75.3,5.0,2.0,2.0,,,1.1
CCC1=C(C)C[NH+](C(=O)NCCc2ccc(S(=O)(=O)[N-]C(=O)[NH2+][C@H]3CC[C@H](C)CC3)cc2)C1=O,OYBFYGOUEFZYBD-RUCARUNLSA-O,0.19,0.005,4.2,2.1,490.62,124.7,9.0,3.0,7.0,,,2.1
CCC1=C[C@@H]2C[NH+](C1)Cc1c([nH]c3ccccc13)[C@@](C(=O)OC)(c1cc3c(cc1OC)[NH+](C)[C@H]1[C@@](O)(C(=O)OC)[C@H](OC(C)=O)[C@]4(CC)C=CC[NH+]5CC[C@]31[C@@H]54)C2,GBABOYUKABKIAF-IELIFDKJSA-Q,23.0,0.87,4.1,3.9,778.93,133.9,12.0,2.0,10.0,,,3.9
CCC1=NC(=O)C2CSSCC/C=C/[C@H](CC(=O)NC(C(C)C)C(=O)N2)OC(=O)C(C(C)C)NC1=O,SOOPLNPQGWJZHY-AUPMIYMHSA-N,1.2,0.07,-0.14,-0.14,540.7,142.7,10.0,4.0,2.0,,,-0.14
CCC1NC(=O)C(NC(=O)c2ncccc2[O-])[C@@H](C)OC(=O)C(c2ccccc2)NC(=O)C2CC(=O)C(CS[C@@H]3C[NH+]4CCC3CC4)C[NH+]2C(=O)C(Cc2ccc(N(C)C)cc2)[NH+](C)C(=O)C2CCC[NH+]2C1=O,WTHRRGMBUAHGNI-SNIOVFPDSA-Q,0.67,0.34,3.0,0.59,1022.22,231.2,19.0,4.0,10.0,,,0.59
CCCC(=O)Nc1ccc(OCC(O)C[NH2+]C(C)C)c(C(C)=O)c1,GOEMGAFJFRBGGG-UHFFFAOYSA-O,1.7,0.74,1.6,-0.23,336.43,87.7,6.0,3.0,10.0,,,-0.23
CCCC(=O)OCOC(=O)C1=C(C)[NH2+]C(C)=C(C(=O)OC)C1c1cccc(Cl)c1Cl,KPBZROQVTHLCDU-UHFFFAOYSA-O,0.58,0.0038,4.4,4.4,456.32,90.9,7.0,1.0,10.0,,,4.4
CCCC(=O)[NH+]1CCCN(c2nc(N)c3cc(OC)c(OC)cc3n2)CC1,RHLJLALHBZGAFM-UHFFFAOYSA-O,0.72,0.06,2.7,2.6,373.45,93.8,8.0,1.0,5.0,,,2.6
CCCC(C)(COC(N)=O)COC(N)=O,NPPQSCRMBWNHMW-UHFFFAOYSA-N,0.7,1.0,0.91,0.91,218.25,104.6,6.0,2.0,8.0,,,0.91
CCCC(C)C1(CC)C(=O)[N-]C(=O)[N-]C1=O,WEXRUCMBJFQVBZ-UHFFFAOYSA-L,0.91,0.39,2.0,1.9,226.27,75.3,5.0,2.0,4.0,,,1.9
CCCC(C)C1(CC)C(=O)[N-]C(=S)[N-]C1=O,IUJDSEJGGMCXSG-UHFFFAOYSA-L,1.2,0.14,2.8,2.5,242.34,58.2,4.0,2.0,4.0,,,2.5
CCCC(CCC)C(=O)[O-],NIJJYAXOARWZEE-UHFFFAOYSA-M,0.14,0.08,2.6,0.25,144.21,37.3,2.0,1.0,5.0,,,0.25
CCCC([NH2+]C(C)C(=O)[NH+]1C(C(=O)[O-])C[C@@H]2CCCC[C@@H]21)C(=O)[O-],ODAIHABQVKJNIY-DHUKMVCYSA-N,0.76,0.16,0.92,-3.2,340.41,106.9,7.0,3.0,7.0,,,-3.2
CCCC1O[C@@H]2C[C@H]3[C@@H]4CC=C5CC(=O)C=C[C@]5(C)[C@H]4[C@@H](O)C[C@]3(C)[C@]2(C(=O)CO)O1,UNISKOOZAQCSPC-KWVAZRHASA-N,3.9,0.13,3.0,3.0,430.53,93.1,6.0,2.0,4.0,,,3.0
CCCC=c1ncc(=CC(Cc2cccs2)C(=O)[O-])n1Cc1ccc(C(=O)[O-])cc1,OLWGWPVIWQZCDJ-UHFFFAOYSA-L,0.17,0.017,4.4,-1.1,424.51,92.4,6.0,2.0,10.0,,,-1.1
CCCCC(=O)[NH+](Cc1ccc(-c2ccccc2-c2nnn[n-]2)cc1)C(C(=O)[O-])C(C)C,PFBBFBWIKFELAX-UHFFFAOYSA-M,0.22,0.04,5.0,-0.22,435.52,112.1,8.0,2.0,10.0,,,-0.22
CCCCC1=[NH+]C2(CCCC2)C(=O)N1Cc1ccc(-c2ccccc2-c2nnn[n-]2)cc1,YZTMOTXOTDTVTA-UHFFFAOYSA-O,0.94,0.1,4.6,1.1,428.53,87.1,7.0,1.0,7.0,,,1.1
CCCCCCCCc1ccc(CCC([NH3+])(CO)CO)cc1,KKGQTZUTZRNORY-UHFFFAOYSA-O,17.3,0.002,3.7,2.6,307.47,66.5,3.0,3.0,12.0,,,2.6
CCCCCCC[NH+](CC)CCCC(O)c1ccc(NS(C)(=O)=O)cc1,ALOBUEHUHMBRLE-UHFFFAOYSA-O,12.0,0.6,4.4,2.4,384.58,69.6,5.0,2.0,14.0,,,2.4
CCCCCNC(=[NH2+])NN=Cc1c[nH]c2ccc(OC)cc12,IKBKZGMPCYNSLU-UHFFFAOYSA-O,5.3,0.02,4.3,0.86,301.39,85.3,6.0,4.0,9.0,,,0.86
CCCCCOc1ccc(-c2ccc(-c3ccc(C(=O)NC4C[C@@H](O)[C@@H](O)NC(=O)C5[C@@H](O)[C@@H](C)C[NH+]5C(=O)C([C@@H](C)O)NC(=O)C([C@H](O)[C@@H](O)c5ccc([O-])cc5)NC(=O)C5C[C@@H](O)C[NH+]5C(=O)C([C@@H](C)O)NC4=O)cc3)cc2)cc1,JHVAMHSQVVQIOT-FPVVGYDMSA-O,0.57,0.16,1.6,1.6,1140.24,377.4,24.0,14.0,14.0,,,1.6
CCCCC[C@@H](O)CC[C@H]1[C@@H]2Cc3cccc(OCC(=O)[O-])c3C[C@@H]2C[C@@H]1O,PAJMKGZZBBTTOY-YRIDSSQKSA-M,0.23,0.09,4.6,1.4,390.51,87.0,5.0,3.0,13.0,,,1.4
CCCCC[NH+](C)CCC(O)(P(=O)([O-])[O-])P(=O)([O-])[O-],MPBVHIBUJCELCL-UHFFFAOYSA-K,0.55,0.15,-0.58,-5.9,319.23,138.5,8.0,5.0,9.0,,,-5.9
CCCCC[NH+](CCCOC)C(=O)C(CCC(=O)[O-])NC(=O)c1ccc(Cl)c(Cl)c1,QNQZBKQEIFTHFZ-UHFFFAOYSA-N,0.21,0.024,4.2,1.0,461.38,95.9,7.0,2.0,14.0,,,1.0
CCCCCc1cc([O-])c2c(c1)OC(C)(C)[C@@H]1CCC(C)=C[C@@H]21,CYQFCXCEBYINGO-IAGOWNOFSA-M,8.9,0.05,7.0,7.0,314.46,29.5,2.0,1.0,4.0,,,7.0
CCCCNC(=[NH2+])NC(N)=[NH2+],XSEUMFJMFFMCIU-UHFFFAOYSA-P,1.84,0.9,-0.61,-4.1,157.22,97.8,5.0,5.0,6.0,,,-4.1
CCCCNc1cc(C(=O)[O-])cc(S(N)(=O)=O)c1Oc1ccccc1,MAEIEVLCKWDQJH-UHFFFAOYSA-M,0.16,0.031,3.4,0.56,364.42,118.7,7.0,3.0,8.0,,,0.56
CCCCS(=O)(=O)NC(Cc1ccc(OCCCCC2CC[NH2+]CC2)cc1)C(=O)[O-],COKMIXFXJJXBQG-UHFFFAOYSA-N,0.34,0.36,4.4,1.6,440.6,104.7,7.0,3.0,14.0,,,1.6
CCCC[C@@H]1CC(=O)[C@]2(O)O[C@@H]3[C@@H]([NH2+]C)[C@@H](O)[C@@H]([NH2+]C)[C@H](O)[C@H]3O[C@@H]2O1,KHAUBYTYGDOYRU-IRXASZMISA-P,0.7,0.65,-1.4,-3.8,374.43,129.5,9.0,5.0,5.0,,,-3.8
CCCC[NH+]1CCCCC1C(=O)Nc1c(C)cccc1C,LEBVLXFERQHONN-UHFFFAOYSA-O,0.665,0.043,4.0,3.4,288.43,32.3,3.0,1.0,5.0,,,3.4
CCCC[NH2+]C(=O)[N-]S(=O)(=O)c1ccc(C)cc1,JLRGJRBPOGGCBT-UHFFFAOYSA-N,0.12,0.05,2.3,0.17,270.35,75.3,5.0,2.0,5.0,0.44,6.61,0.44
CCCCc1nc(Cl)c(CO)n1Cc1ccc(-c2ccccc2-c2nnn[n-]2)cc1,MDMTUGIZSFHDIC-UHFFFAOYSA-N,0.37,0.01,4.2,0.7,422.91,92.5,7.0,2.0,8.0,,,0.7
CCCCc1oc2ccc(NS(C)(=O)=O)cc2c1C(=O)c1ccc(OCCC[NH+](CCCC)CCCC)cc1,ZQTNQVWKHCQYLQ-UHFFFAOYSA-O,20.0,0.02,7.3,4.7,556.76,89.1,7.0,1.0,18.0,,,4.7
CCCCc1oc2ccccc2c1C(=O)c1cc(I)c(OCC[NH+](CC)CC)c(I)c1,IYIKLHRQXLHMJQ-UHFFFAOYSA-O,60.0,0.0002,7.5,6.2,645.31,43.0,4.0,0.0,11.0,,,6.2
CCCOC(C(=O)OC1CC[NH+](C)CC1)(c1ccccc1)c1ccccc1,QPCVHQBVMYCJOM-UHFFFAOYSA-O,2.73,0.1,4.7,3.1,367.48,38.8,4.0,0.0,8.0,,,3.1
CCC[C@@H]1CC(=O)[NH+](C(CC)C(N)=O)C1,MSYKRHVOOPPJKU-VEDVMXKPSA-O,0.56,0.825,0.82,0.82,212.29,63.4,4.0,1.0,5.0,,,0.82
CCC[C@@H]1CC(C(=O)N[C@@H]([C@H]2O[C@H](SC)[C@H](O)[C@@H](O)[C@H]2O)[C@H](C)Cl)[NH+](C)C1,KDLRVYVGXIQJDK-DFBSCBFDSA-O,0.79,0.06,1.3,0.96,424.98,102.3,7.0,4.0,7.0,,,0.96
CCC[NH+](CCC)CCc1cccc2[nH]c(O)cc12,FBYFJOVKHROJSY-UHFFFAOYSA-O,7.7,0.6,2.9,1.1,260.37,32.3,3.0,1.0,7.0,,,1.1
CCC[NH+](CCC)S(=O)(=O)c1ccc(C(=O)[O-])cc1,DBABZHXKTCFAPX-UHFFFAOYSA-N,0.13,0.13,3.3,-0.017,285.36,74.7,5.0,1.0,7.0,0.03,,0.03
CCC[NH+](CCc1cccs1)[C@H]1CCc2c([O-])cccc2C1,KFQYTPMOWPVWEJ-INIZCTEOSA-N,5.7,0.08,5.0,3.4,315.47,23.5,2.0,1.0,6.0,,,3.4
CCC[NH+]1CCCCC1C(=O)Nc1c(C)cccc1C,ZKMNUMMKYBVTFN-UHFFFAOYSA-O,0.75,0.06,3.5,2.9,274.4,32.3,3.0,1.0,4.0,,,2.9
CCC[NH2+]C(=O)[N-]S(=O)(=O)c1ccc(Cl)cc1,RKWGIWYCVPQPMF-UHFFFAOYSA-N,0.19,0.03,2.1,-0.29,276.74,75.3,5.0,2.0,4.0,-0.33,,-0.33
CCC[NH2+]C(C)C(=O)Nc1c(C)csc1C(=O)OC,QTGIAADRBBLJGA-UHFFFAOYSA-O,7.7,0.46,1.9,1.2,284.37,67.4,5.0,2.0,7.0,,,1.2
CCC[NH2+]C(C)C(=O)Nc1ccccc1C,MVFGUOIZUNYYSO-UHFFFAOYSA-O,3.7,0.72,2.0,1.2,220.31,41.1,3.0,2.0,5.0,,,1.2
CCC[NH2+]CC(O)COc1ccccc1C(=O)CCc1ccccc1,JWHAUXFOSRPERK-UHFFFAOYSA-O,2.2,0.038,3.3,1.5,341.44,58.6,4.0,2.0,11.0,,,1.5
CCC[NH2+][C@H]1CCc2nc(N)sc2C1,FASDKYOPVNHBLU-ZETCQYMHSA-O,7.0,0.85,1.6,-0.51,211.33,50.9,3.0,2.0,3.0,,,-0.51
CCCc1c(O)n2c(N(C)C)[nH+]c3ccc(C)cc3[n+]2c1O,WCJQZLNBFZHBAY-UHFFFAOYSA-P,0.12,0.004,1.3,0.098,300.36,56.2,6.0,0.0,3.0,,,0.098
CCCc1c2oc(C(=O)[O-])cc(=O)c2cc2c(=O)cc(C(=O)[O-])n(CC)c12,RQTOOFIXOKYGAN-UHFFFAOYSA-L,0.43,0.11,2.8,-3.1,371.34,127.1,8.0,2.0,5.0,,,-3.1
CCCc1cc(=O)[n-]c(=S)[n-]1,KNAHARQHSZJURB-UHFFFAOYSA-L,0.34,0.18,1.2,1.2,170.23,41.1,3.0,2.0,2.0,,,1.2
CCCc1nc(C)c2c(=O)[n-]c(-c3cc(S(=O)(=O)[NH+]4CC[NH+](CC)CC4)ccc3OCC)nn12,SECKRCOLJRRGGV-UHFFFAOYSA-O,3.0,0.05,1.2,0.56,488.6,109.1,10.0,1.0,8.0,,,0.56
CCCc1nc2c(C)cc(-c3nc4ccccc4n3C)cc2n1Cc1ccc(-c2ccccc2C(=O)[O-])cc1,RMMXLENWKUUMAY-UHFFFAOYSA-M,5.3,0.004,7.7,4.7,514.62,72.9,6.0,1.0,7.0,,,4.7
CCCc1nn(C)c2c(=O)[n-]c(-c3cc(S(=O)(=O)[NH+]4CC[NH+](C)CC4)ccc3OCC)nc12,BNRNXUUZRGQAQC-UHFFFAOYSA-O,1.36,0.04,1.6,1.1,474.58,113.4,10.0,1.0,7.0,,,1.1
CCCn1c(=O)[n-]c(=O)c2nc[n-]c21,YDPQCZQZTQLWCZ-UHFFFAOYSA-L,0.63,0.55,-0.075,-1.4,194.19,78.1,6.0,2.0,2.0,,,-1.4
CCCn1c(=O)c2[n-]c(C34CCC(CCC(=O)[O-])(CC3)CC4)nc2n(CCC)c1=O,ORNLWEWNNHAJHV-UHFFFAOYSA-L,0.76,0.1,3.2,0.73,416.51,110.0,8.0,2.0,8.0,,,0.73
CCN(C(C)=O)c1cccc(-c2ccnc3c(C#N)cnn23)c1,HUNXMJYCHXQEGX-UHFFFAOYSA-N,1.3,0.4,1.8,1.8,305.33,74.3,6.0,0.0,4.0,,,1.8
CCNC(=O)C1C[C@@H](n2ccc3c([NH2+][C@H](CC)Cc4sccc4Cl)ncnc32)[C@H](O)[C@@H]1O,CKQOOYMMAAPDKH-HQDSTHLYSA-O,0.84,0.03,2.6,2.6,478.01,112.3,8.0,4.0,8.0,,,2.6
CCNC(=O)CCC/C=C\C[C@@H]1[C@@H](/C=C\[C@@H](O)CCc2ccccc2)[C@H](O)C[C@@H]1O,AQOKCDNYWBIDND-SQXUUDCTSA-N,0.67,0.12,3.3,3.3,415.57,89.8,5.0,4.0,12.0,,,3.3
CCNC(=O)OC1CCN(c2nncc3cc(OC)c(OC)cc23)CC1,QJGVXJYGDBSPSJ-UHFFFAOYSA-N,0.67,0.08,2.3,2.3,360.41,85.8,8.0,1.0,6.0,,64.57,2.3
CCOC(=O)C(CCc1ccccc1)[NH2+]C(C)C(=O)[NH+]1C(C(=O)[O-])C[C@H]2CCCC[C@H]21,VXFJYXUZANRPDJ-YUGKNEBRSA-O,0.25,0.17,3.2,-0.16,430.54,95.9,7.0,2.0,10.0,,,-0.16
CCOC(=O)C1(c2ccccc2)CC[NH+](C)CC1,XADCESSVHJOZHK-UHFFFAOYSA-O,2.3,0.42,3.0,1.8,247.33,29.5,3.0,0.0,4.0,,,1.8
CCOC(=O)C1=C(C)[NH2+]C(C)=C(C(=O)OC)C1c1cccc(Cl)c1Cl,RZTAMFZIAATZDJ-UHFFFAOYSA-O,4.4,0.0036,4.2,4.2,384.25,64.6,5.0,1.0,6.0,,,4.2
CCOC(=O)C1=C(C)[NH2+]C(C)=C(C(=O)OC)C1c1cccc([N+](=O)[O-])c1,PVHUJELLJLJGLN-UHFFFAOYSA-O,6.1,0.02,3.0,3.0,360.36,110.4,8.0,1.0,7.0,,,3.0
CCOC(=O)C1=C(COCC[NH3+])[NH2+]C(C)=C(C(=O)OC)C1c1ccccc1Cl,HTIQEAQVCYTUBX-UHFFFAOYSA-P,17.0,0.005,2.0,0.44,408.88,99.9,7.0,2.0,10.0,,,0.44
CCOC(=O)C1=C[C@]2(CC)CCC[NH+]3CCc4c(n1c1ccccc41)[C@@H]32,DDNCQMVWWZOMLN-IRLDBZIGSA-O,2.08,0.02,4.2,4.1,350.45,34.5,4.0,0.0,4.0,,,4.1
CCOC(=O)C1[C@@H](OC(=O)c2ccccc2)C[C@@H]2CC[C@H]1[NH+]2C,NMPOSNRHZIWLLL-QGPPMGRFSA-O,1.6,0.64,3.3,2.4,317.38,55.8,5.0,0.0,6.0,,,2.4
CCOC(=O)N[C@@H]1CC[C@@H]2[C@H](CC3C(=O)O[C@H](C)[C@H]3[C@H]2/C=C/c2ccc(-c3cccc(F)c3)cn2)C1,ZBGXUVOIWDMMJE-MTJZJIGHSA-N,3.74,0.01,5.1,5.1,492.58,77.5,6.0,1.0,6.0,,,5.1
CCOC(=O)Nc1ccc(NCc2ccc(F)cc2)cc1N,PCOBBVZJEWWZFR-UHFFFAOYSA-N,2.5,0.2,3.1,3.1,303.33,76.4,5.0,3.0,6.0,,,3.1
CCOC(=O)Nc1ccc(NCc2ccc(F)cc2)nc1N,JUUFBMODXQKSTD-UHFFFAOYSA-N,1.1,0.15,3.1,2.7,304.32,89.3,6.0,3.0,6.0,2.22,,2.22
CCOC(=O)[C@]1(c2ccccc2)CCC=C[C@H]1[NH+](C)C,WDEFBBTXULIOBB-WBVHZDCISA-O,4.0,0.21,4.1,3.4,273.37,29.5,3.0,0.0,5.0,,,3.4
CCOC(=O)c1cncn1[C@H](C)c1ccccc1,NPUKDXXFDDZOKR-LLVKDONJSA-N,2.7,0.23,2.8,2.8,244.29,44.1,4.0,0.0,5.0,,,2.8
CCOC(=O)c1ncn2c1C[NH+](C)C(=O)c1cc(F)ccc1-2,OFBIFZUFASYYRE-UHFFFAOYSA-O,0.8,0.58,1.0,1.0,303.29,64.4,6.0,0.0,3.0,,,1.0
CCOC(Cc1ccc(OCCc2ccc(OS(C)(=O)=O)cc2)cc1)C(=O)[O-],CXGTZJYQWSUFET-UHFFFAOYSA-M,0.13,0.0011,2.7,-0.53,408.47,99.1,7.0,1.0,11.0,,,-0.53
CCOCCn1c(C2CC[NH+](CCc3ccc(C(C)(C)C(=O)[O-])cc3)CC2)nc2ccccc21,ACCMWZWAEFYUGZ-UHFFFAOYSA-N,0.61,0.13,4.2,1.3,463.61,67.6,6.0,1.0,10.0,,,1.3
CCON=C(C(=O)NC1C(=O)[NH+]2C(C(=O)[O-])=C(Sc3nc(-c4cc[n+](C)cc4)cs3)CS[C@H]12)c1nsc(NP(=O)([O-])[O-])n1,ZCCUWMICIWSJIX-JANGERMGSA-M,0.53,0.8,-4.6,-7.1,684.68,223.2,16.0,4.0,11.0,,,-7.1
CCOP(=O)(OCC)[C@@H](NC(=O)[C@]1(O)[C@@H](O)[C@@]2(CC)C=CC[NH+]3CC[C@]4(c5cc([C@@]6(C(=O)OC)C[C@H]7C[N@@H+](CCc8c6[nH]c6ccccc86)C[C@@](O)(CC)C7)c(OC)cc5[NH+](C)[C@@H]14)[C@@H]32)C(C)C,BOELCLFVOBIXIF-LCQMQPLQSA-Q,4.67,0.1,4.3,3.9,1044.2,261.0,19.0,7.0,14.0,,,3.9
CCOc1cc(CC(=O)N[C@@H](CC(C)C)c2ccccc2N2CCCCC2)ccc1C(=O)[O-],FAEKWTJYAYMJKF-QHCPKHFHSA-M,0.315,0.015,5.8,2.4,452.59,78.9,6.0,2.0,10.0,,,2.4
CCOc1cc(Cc2cnc(N)nc2N)cc(OCC)c1-n1cccc1,NMARPFMJVCXSAV-UHFFFAOYSA-N,2.5,0.12,3.0,2.9,353.42,101.2,7.0,2.0,7.0,,,2.9
CCOc1ccc(CC2=[NH+]CCc3cc(OCC)c(OCC)cc32)cc1OCC,NCVXEYAKRVJMTQ-UHFFFAOYSA-O,1.9,0.12,4.6,4.6,397.51,48.9,5.0,1.0,9.0,,,4.6
CCOc1ccc(Cc2cc(C3O[C@H](CO)[C@@H](O)[C@H](O)[C@H]3O)ccc2Cl)cc1,JVHXJTBJCFBINQ-AWGDKMGJSA-N,1.7,0.09,2.3,2.3,408.87,99.4,6.0,4.0,6.0,,,2.3
CCOc1ccc(NC(C)=O)cc1,CPJSUEIXXCENMM-UHFFFAOYSA-N,1.4,0.47,1.7,1.7,179.22,38.3,3.0,1.0,3.0,1.5,26.92,1.5
CCOc1ccc2c(c1)[C@]1(CC[C@H](OCC[NH+]3CCOCC3)CC1)C(=O)N2S(=O)(=O)c1ccc(C(=O)NC(C)(C)C)cc1OC,QKXJWFOKVQWEDZ-VCCCEUOBSA-O,7.0,0.1,3.5,3.2,643.79,123.7,11.0,1.0,10.0,,,3.2
CCOc1ccc2ccccc2c1C(=O)NC1C(=O)[NH+]2C(C(=O)[O-])C(C)(C)S[C@H]12,GPXLMGHLHQJAGZ-LADRWXRNSA-N,0.22,0.13,3.5,0.18,414.47,95.9,7.0,2.0,5.0,,,0.18
CCOc1ccccc1OCC[NH2+][C@H](C)Cc1ccc(OC)c(S(N)(=O)=O)c1,DRHKJLXJIQTDTD-OAHLLOKOSA-O,0.21,0.01,2.5,1.6,408.51,99.9,7.0,2.0,11.0,,,1.6
CCOc1ccccc1O[C@H](c1ccccc1)[C@H]1C[NH2+]CCO1,CBQGYUDMJHNJBX-RTBURBONSA-O,0.65,0.019,2.7,1.5,313.39,39.7,4.0,1.0,6.0,,,1.5
CCOc1nc2cccc(C(=O)[O-])c2n1Cc1ccc(-c2ccccc2-c2nnn[n-]2)cc1,BSLSLQSFLOCXQQ-UHFFFAOYSA-L,0.13,0.002,4.9,-0.31,440.45,118.8,9.0,2.0,7.0,,,-0.31
CCS(=O)(=O)CCn1c([N+](=O)[O-])cnc1C,HJLSLZFTEKNLFI-UHFFFAOYSA-N,0.59,0.8,-0.48,-0.48,247.27,97.8,7.0,0.0,5.0,,,-0.48
CC[C@@H](CO)[NH2+]CC[NH2+][C@@H](CC)CO,AEUTYOVWOVBAKS-UWVGGRQHSA-P,1.7,0.18,-0.38,-2.5,204.31,64.5,4.0,4.0,9.0,,,-2.5
CC[C@@H]([C@H](C)O)n1ncn(-c2ccc(N3CCN(c4ccc(OC[C@H]5CO[C@@](Cn6cncn6)(c6ccc(F)cc6F)C5)cc4)CC3)cc2)c1=O,RAGOYPUPXAKGKH-IGDKMDNBSA-N,3.8,0.013,4.6,4.6,700.78,115.7,12.0,1.0,12.0,,,4.6
CC[C@@]1(O)C(=O)OCc2c1cc1n(c2=O)Cc2cc3c(C[NH+](C)C)c([O-])ccc3nc2-1,UCFGDBYHRUNTLO-QHCPKHFHSA-N,1.8,0.65,1.3,-1.5,421.45,103.2,8.0,2.0,3.0,0.31,3.24,0.31
CC[C@@]1(O)C(=O)OCc2c1cc1n(c2=O)Cc2cc3c(N)cccc3nc2-1,FUXVKZWTXQUGMW-FQEVSTJZSA-N,2.2,0.003,1.1,1.1,363.37,105.8,7.0,2.0,1.0,,,1.1
CC[C@@]1(O)CC(=O)OCc2c1cc1n(c2=O)Cc2cc3cc(F)c(F)cc3nc2-1,LFQCJSBXBZRMTN-OAQYLSRUSA-N,1.42,0.125682021,-0.7,-0.7,398.36,79.7,6.0,1.0,2.0,,,-0.7
CC[C@@]1(O)C[C@H](O[C@@H]2C[C@H]([NH+]3CCOCC3)[C@H](O)[C@H](C)O2)c2c([O-])c3c(c([O-])c2[C@H]1O)C(=O)c1cccc([O-])c1C3=O,OPBPMGYBSDKJBT-CFOSGXAOSA-L,20.9,0.09,1.4,1.2,585.6,186.4,12.0,6.0,4.0,,,1.2
CC[C@@]1(O)C[NH+]2CC[C@H]1C[C@@H]2[C@@H](O)c1ccnc2ccc(OC)cc12,QJYVSAYVZYKUJL-LGWHJFRWSA-O,6.8,0.47,2.2,1.4,342.43,65.8,5.0,2.0,4.0,,,1.4
CC[C@H](OC(C)=O)C(C[C@H](C)[NH+](C)C)(c1ccccc1)c1ccccc1,XBMIVRRWGCYBTQ-AVRDEDQJSA-O,8.3,0.2,4.5,3.2,353.5,29.5,3.0,0.0,9.0,,,3.2
CC[C@H](c1ccccc1)c1c([O-])c2ccccc2oc1=O,DQDAYGNAKTZFIW-CYBMUJFWSA-M,0.2,0.57,4.0,1.2,280.32,50.7,3.0,1.0,3.0,,,1.2
CC[C@H]1C2C[C@H]3[C@@H]4[NH+](C)c5ccccc5C45C[C@@H](C2[C@H]5O)[NH+]3[C@@H]1O,CJDRUOGAGYHKKD-IWMNNKGHSA-P,4.0,0.24,1.8,1.5,326.43,46.9,4.0,2.0,1.0,,,1.5
CC[C@H]1C[NH+]2CC[C@H]1C[C@@H]2[C@@H](O)c1ccnc2ccc(OC)cc12,LJOQGZACKSYWCH-LHHVKLHASA-O,2.8,0.22,3.2,1.7,326.43,45.6,4.0,1.0,4.0,,,1.7
CC[C@H]1OC(=O)C(C)C(=O)C(C)[C@@H](O[C@@H]2O[C@H](C)C[C@H]([NH+](C)C)[C@H]2O)[C@](C)(OC)CC(C)C(=O)C(C)[C@H]2[NH+](CCCCn3cnc(-c4cccnc4)c3)C(=O)O[C@]12C,LJVAJPDWBABPEJ-HZQJCNAYSA-P,3.0,0.41,3.7,2.4,812.0,171.8,15.0,1.0,11.0,,,2.4
CC[C@H]1OC(=O)C(C)[C@@H](O[C@H]2C[C@@](C)(OC)[C@@H](O)[C@H](C)O2)[C@H](C)[C@@H](O[C@@H]2O[C@H](C)C[C@H]([NH+](C)C)[C@H]2O)[C@](C)(O)CC(C)C(=O)C(C)[C@@H](O)[C@]1(C)O,ULGZDMOVFRHVEP-ZWLFKSPASA-O,0.95,0.1,1.8,0.47,733.93,193.9,14.0,5.0,7.0,,,0.47
CC[C@H]1OC(=O)C(C)[C@@H](O[C@H]2C[C@@](C)(OC)[C@@H](O)[C@H](C)O2)[C@H](C)[C@@H](O[C@@H]2O[C@H](C)C[C@H]([NH+](C)C)[C@H]2O)[C@](C)(O)C[C@@H](C)C[NH+](C)[C@H](C)[C@@H](O)[C@]1(C)O,MQTOSJVFKKJCRP-PVFNQHCDSA-P,33.0,0.88,2.2,-0.18,748.98,180.1,14.0,5.0,7.0,,,-0.18
CC[C@H]1OC(=O)C(C)[C@@H](O[C@H]2C[C@@](C)(OC)[C@@H](O)[C@H](C)O2)[C@H](C)[C@@H](O[C@@H]2O[C@H](C)C[C@H]([NH+](C)C)[C@H]2O)[C@](C)(OC)CC(C)C(=O)C(C)[C@@H](O)[C@]1(C)O,AGOYDEPGAOXOCK-WLLSWQJKSA-O,1.5,0.23,2.3,1.0,747.95,182.9,14.0,4.0,8.0,,,1.0
CC[C@]1(O)C[C@@H]2C[NH+](CCc3c([nH]c4ccccc34)[C@@](C(=O)OC)(c3cc4c(cc3OC)[NH+](C)[C@H]3[C@@](O)(C(=O)OC)[C@H](OC(C)=O)[C@]5(CC)C=CC[NH+]6CC[C@]43[C@@H]65)C2)C1,JXLYSJRDGCGARV-CFWMRBGOSA-Q,28.0,0.14,3.9,3.6,810.97,154.1,13.0,3.0,10.0,,,3.6
CC[C@]1(O)C[C@@H]2C[NH+](CCc3c([nH]c4ccccc34)[C@@](C(=O)OC)(c3cc4c(cc3OC)[NH+](C=O)[C@H]3[C@@](O)(C(=O)OC)[C@H](OC(C)=O)[C@]5(CC)C=CC[NH+]6CC[C@]43[C@@H]65)C2)C1,OGWKCGZFUXNPDA-CFWMRBGOSA-Q,2.4,0.4,2.9,2.7,824.96,171.2,14.0,3.0,10.0,,,2.7
CC[NH+](C)C(=O)Oc1cccc([C@H](C)[NH+](C)C)c1,XSVMFMHYUFZWBK-NSHDSACASA-P,1.3,0.6,2.8,1.9,250.34,32.8,4.0,0.0,5.0,,,1.9
CC[NH+](CC)C(=O)/C(C#N)=C/c1cc([O-])c([O-])c([N+](=O)[O-])c1,JRURYQJSLYLRLN-BJMVGYQFSA-M,0.27,0.02,1.6,-0.08,305.29,130.4,8.0,2.0,6.0,,,-0.08
CC[NH+](CC)C(=O)[C@]1(c2ccccc2)C[C@@H]1C[NH3+],GJJFMKBJSRMPLA-HIFRSBDPSA-P,4.51,0.87,0.9,-1.8,246.35,46.3,3.0,1.0,5.0,,,-1.8
CC[NH+](CC)CC#CCOC(=O)C(O)(c1ccccc1)C1CCCCC1,XIQVNETUBQGFHX-UHFFFAOYSA-O,0.85,0.0034,4.3,3.9,357.49,49.8,4.0,1.0,10.0,,,3.9
CC[NH+](CC)CC(=O)Nc1c(C)cccc1C,NNJVILVZKWQKPM-UHFFFAOYSA-O,1.8,0.33,2.7,2.0,234.34,32.3,3.0,1.0,5.0,,,2.0
CC[NH+](CC)CCCC(C)[NH2+]c1c2ccc(Cl)cc2nc2ccc(OC)cc12,GPKJTRJOBQGKQK-UHFFFAOYSA-P,45.0,0.13,6.3,2.8,399.96,37.4,4.0,1.0,9.0,,,2.8
CC[NH+](CC)CCCC(C)[NH2+]c1ccnc2cc(Cl)ccc12,WHTVZRBIWZFKQO-UHFFFAOYSA-P,140.0,0.43,5.3,2.0,319.87,28.2,3.0,1.0,8.0,,,2.0
CC[NH+](CC)CCNC(=O)c1cc(Br)c(N)cc1OC,GIYAQDDTCWHPPL-UHFFFAOYSA-O,3.1,0.6,2.0,0.44,344.25,67.6,5.0,2.0,7.0,,,0.44
CC[NH+](CC)CCNC(=O)c1cc(Cl)c(N)cc1OC,TTWJBBZEZQICBI-UHFFFAOYSA-O,3.2,0.6,1.9,0.37,299.8,67.6,5.0,2.0,7.0,,,0.37
CC[NH+](CC)CCNC(=O)c1cc(Cl)c(N)cc1OC(C)C(C)=O,ZYOJXUNLLOBURP-UHFFFAOYSA-O,1.5,0.46,1.7,0.15,355.86,84.7,6.0,2.0,9.0,,,0.15
CC[NH+](CC)CCNC(=O)c1ccc(N)cc1,REQCZEXYDRLIBE-UHFFFAOYSA-O,2.2,0.84,1.2,-0.39,235.33,58.4,4.0,2.0,6.0,,,-0.39
CC[NH+](CC)CCNC(=O)c1ccc(NC(C)=O)cc1,KEECCEWTUVWFCV-UHFFFAOYSA-O,1.9,0.9,1.3,-0.26,277.36,61.4,5.0,2.0,7.0,,,-0.26
CC[NH+](CC)CCNC(=O)c1ccc(NS(C)(=O)=O)cc1,KHYPYQZQJSBPIX-UHFFFAOYSA-O,0.82,0.96,1.1,-1.6,313.42,78.5,6.0,2.0,8.0,,,-1.6
CC[NH+](CC)CCOC(=O)C(Cc1cccc2ccccc12)CC1CCCO1,KBAFPSLPKGSANY-UHFFFAOYSA-O,0.98,0.2,4.9,3.6,383.52,38.8,4.0,0.0,11.0,,,3.6
CC[NH+](CC)CCS(=O)(=O)[C@@H]1CC[NH+]2C(=O)c3coc(n3)CC(=O)C[C@H](O)/C=C(C)/C=C\CNC(=O)/C=C/[C@@H](C)[C@H](C(C)C)OC(=O)C12,SUYRLXYYZQTJHF-NCIJIVHYSA-P,0.39,0.82,0.6,0.6,690.85,176.7,13.0,2.0,7.0,,,0.6
CC[NH+](CCO)CCCC(C)[NH2+]c1ccnc2cc(Cl)ccc12,XXSMGPRMXLTPCZ-UHFFFAOYSA-P,700.0,0.57,4.1,1.5,335.87,48.4,4.0,2.0,9.0,,,1.5
CC[NH+]1CCC[C@@H]1CNC(=O)c1cc(S(N)(=O)=O)ccc1OC,BGRJTUBHPOOWDU-LLVKDONJSA-O,0.94,1.0,0.7,-0.75,341.43,101.7,7.0,2.0,6.0,,,-0.75
CC[NH+]1CCC[C@H]1CNC(=O)c1c(OC)ccc(Br)c1OC,GUJRSXAPGDDABA-NSHDSACASA-O,0.65,0.16,2.5,0.86,371.27,50.8,5.0,1.0,6.0,,,0.86
CC[NH+]1CCC[C@H]1CNC(=O)c1c([O-])c(Cl)cc(Cl)c1OC,WAOQONBSWFLFPE-VIFPVBQESA-N,1.1,0.06,2.9,2.1,347.24,61.8,5.0,2.0,5.0,1.09,,1.09
CC[NH+]1CC[NH+](C(=O)NC(C(=O)NC2C(=O)[NH+]3C(C(=O)[O-])=C(CSc4nnnn4C)CS[C@H]23)c2ccc([O-])cc2)C(=O)C1=O,GCFBRXLSHGKWDP-WTOQYCPUSA-O,0.17,0.07,-1.2,-4.3,645.67,220.3,17.0,4.0,9.0,,,-4.3
CC[NH+]1CC[NH+](C(=O)NC(C(=O)NC2C(=O)[NH+]3C(C(=O)[O-])C(C)(C)S[C@H]23)c2ccccc2)C(=O)C1=O,IVBHGBMCVLDMKU-FMWHZOFXSA-P,0.27,0.5,0.84,-2.5,517.55,156.4,12.0,3.0,6.0,,,-2.5
CC[NH2+]CC(O)c1cccc([O-])c1,SQVIAVUSQAWMKL-UHFFFAOYSA-N,2.1,0.77,0.57,-0.9,181.23,52.5,3.0,3.0,4.0,,,-0.9
CC[NH2+][C@@H](C)Cc1cccc(C(F)(F)F)c1,DBGIVFWFUFKIQN-VIFPVBQESA-O,11.0,0.66,3.5,1.7,231.26,12.0,1.0,1.0,4.0,,,1.7
CC[NH2+][C@@H]1C[C@H]([NH3+])[C@@H](O[C@H]2OC(C[NH3+])=CC[C@H]2[NH3+])[C@H](O)[C@H]1O[C@H]1OC[C@](C)(O)[C@H]([NH2+]C)[C@H]1O,CIDUJQMULVCIBT-MQDUPKMGSA-S,0.073,1.0,-3.8,-7.5,475.58,199.7,12.0,8.0,8.0,,,-7.5
CCc1c2c(nc3ccc(OC(=O)[NH+]4CCC([NH+]5CCCCC5)CC4)cc13)-c1cc3c(c(=O)n1C2)COC(=O)[C@]3(O)CC,UWKQSNNFCGGAFS-XIFFEERXSA-P,3.5,0.51,4.3,2.4,586.68,112.5,10.0,1.0,5.0,,,2.4
CCc1cc2c(cc1CC)CC([NH2+]C[C@H](O)c1ccc([O-])c3[n-]c(=O)ccc13)C2,ZGNMJASADIRLJU-QFIPXVFZSA-M,19.4,0.05,2.6,0.27,392.49,85.3,5.0,4.0,6.0,,,0.27
CCc1cc2c(cc1N1CCC([NH+]3CCOCC3)CC1)C(C)(C)c1[nH]c3cc(C#N)ccc3c1C2=O,KDGFLJKFZUIJMX-UHFFFAOYSA-O,6.35,0.003,5.2,4.9,482.62,72.4,6.0,1.0,4.0,,,4.9
CCc1ccc(Cc2ccc3c(c2)[C@]2(OC3)O[C@H](CO)[C@@H](O)[C@H](O)[C@H]2O)cc1,VWVKUNOPTJGDOB-BDHVOXNPSA-N,0.63,0.46,1.6,1.6,386.44,99.4,6.0,4.0,4.0,,,1.6
CCc1cccc2cc(C(O)C[NH2+]C(C)(C)C)oc12,SSEBTPPFLLCUMN-UHFFFAOYSA-O,1.7,0.19,3.3,1.7,261.36,45.7,3.0,2.0,4.0,,,1.7
CCc1nc(N)nc(N)c1-c1ccc(Cl)cc1,WKSAUQYGYAYLPV-UHFFFAOYSA-N,0.43,0.095,2.9,2.7,248.71,77.8,4.0,2.0,2.0,2.31,,2.31
CCc1nn(CCC[NH+]2CCN(c3cccc(Cl)c3)CC2)c(=O)n1CCOc1ccccc1,VRBKIVRKKCLPHA-UHFFFAOYSA-O,0.51,0.01,4.4,4.3,470.01,51.6,7.0,0.0,10.0,,,4.3
CCn1cc(C(=O)[O-])c(=O)c2cc(F)c(N3CC[NH+](C)CC3)cc21,FHFYDNQZQSQIAI-UHFFFAOYSA-N,1.5,0.75,2.3,0.041,333.36,64.1,6.0,1.0,3.0,,,0.041
CCn1cc(C(=O)[O-])c(=O)c2cc(F)c(N3CC[NH2+]CC3)cc21,OGJPXUAPXNRGGI-UHFFFAOYSA-N,1.88,0.13,1.7,-0.72,319.33,74.6,6.0,2.0,3.0,-0.87,,-0.87
CCn1cc(C(=O)[O-])c(=O)c2cc(F)c(N3CC[NH2+]CC3)nc21,IDYZIJYBMGIQMJ-UHFFFAOYSA-N,2.0,0.8,1.4,-1.1,320.32,85.8,7.0,2.0,3.0,-0.83,,-0.83
CCn1cc(C(=O)[O-])c(=O)c2cnc(N3CC[NH2+]CC3)nc21,JOHZPMXAZQZXHR-UHFFFAOYSA-N,0.88,0.7,0.63,-1.9,303.32,100.3,8.0,2.0,3.0,,,-1.9
CCn1cnc(C(=O)NC)c1C(=O)NC,RYRFAMRQBZNEPX-UHFFFAOYSA-N,0.73,0.92,-0.55,-0.55,210.23,76.0,6.0,2.0,3.0,,,-0.55
CN(C(=O)CO)c1c(I)c(C(=O)NC[C@H](O)CO)c(I)c(C(=O)NC[C@H](O)CO)c1I,NJKDOADNQSYQEV-YUMQZZPRSA-N,0.23,1.0,-2.1,-2.1,777.09,179.7,11.0,7.0,15.0,,,-2.1
CN(C)C(=[NH2+])NC(N)=[NH2+],XZWYZXLIPXDOLR-UHFFFAOYSA-P,0.64,1.0,-2.0,-5.5,129.16,89.0,5.0,4.0,3.0,,,-5.5
CN(C)c1cc(NC(=O)C[NH2+]C(C)(C)C)c([O-])c2c1C[C@H]1C[C@H]3[C@H]([NH+](C)C)C([O-])=C(C(N)=O)C(=O)[C@@]3(O)C([O-])=C1C2=O,FPZLLRFZJZRHSY-HJYUBDRYSA-M,12.0,0.2,-0.11,-2.9,585.65,205.8,13.0,7.0,6.0,,,-2.9
CN(C)c1ccc([O-])c2c1C[C@H]1C[C@H]3[C@H]([NH+](C)C)C([O-])=C(C(N)=O)C(=O)[C@@]3(O)C([O-])=C1C2=O,DYKFCLLONBREIL-KVUCHLLUSA-L,1.6,0.005,0.36,-1.9,457.48,164.6,10.0,5.0,3.0,,,-1.9
CN(CCOc1ccc(Cc2sc(=O)[n-]c2O)cc1)c1ccccn1,HYYTYVGJWRWHHQ-UHFFFAOYSA-M,0.2,0.002,3.2,0.25,357.43,71.5,6.0,1.0,7.0,,,0.25
CN(Cc1cnc2nc(N)nc(N)c2n1)c1ccc(C(=O)NC(CCC(=O)[O-])C(=O)[O-])cc1,FBOZXECLQNJBKD-UHFFFAOYSA-L,0.43,0.37,-0.25,-6.4,454.44,210.5,13.0,5.0,9.0,,,-6.4
CN/C(NC#N)=[NH+]\CCSCc1nc[n-]c1C,GKPMQZGLRFUHAN-UHFFFAOYSA-O,1.2,0.78,-0.23,-0.29,252.34,88.9,6.0,3.0,8.0,,,-0.29
CN1C(=O)C(O)N=C(c2ccccc2Cl)c2cc(Cl)ccc21,FJIKWRGCXUCUIG-UHFFFAOYSA-N,1.6,0.12,2.8,2.8,335.18,52.9,4.0,1.0,1.0,,,2.8
CN1C(=O)CN=C(c2ccccc2)c2cc(Cl)ccc21,AAOVKJBEBIDNHE-UHFFFAOYSA-N,1.0,0.023,2.8,2.8,284.74,32.7,3.0,0.0,1.0,2.69,6.17,2.69
CN1C(=O)CN=C(c2ccccc2F)c2cc([N+](=O)[O-])ccc21,PPTYJKAXVCCBDU-UHFFFAOYSA-N,1.9,0.17,2.1,2.1,313.28,78.5,6.0,0.0,2.0,2.1,5.01,2.1
CN1C(=O)[N-]C(=O)C(C)(C2=CCCCC2)C1=O,UYXAWHWODHRRMR-UHFFFAOYSA-M,1.1,0.53,1.8,1.8,236.27,66.5,5.0,1.0,1.0,,,1.8
CN1c2ccccc2[C@@H]([NH2+]CCCCCCC(=O)[O-])c2ccc(Cl)cc2S1(=O)=O,JICJBGPOMZQUBB-OAQYLSRUSA-N,0.3,0.05,4.4,1.6,436.95,86.7,6.0,2.0,8.0,,,1.6
CNC(=O)Oc1ccc2c(c1)[C@@]1(C)CC[NH+](C)[C@@H]1[NH+]2C,PIJVFDBKTWXHHD-UKRRQHHQSA-P,3.9,0.64,1.6,0.79,275.35,44.8,5.0,1.0,2.0,,,0.79
CNC(=O)c1c(I)c(NC(C)=O)c(I)c(C(=O)[O-])c1I,UXIGWFXRQKWHHA-UHFFFAOYSA-M,0.17,0.98,1.4,-2.0,613.91,95.5,6.0,3.0,3.0,,,-2.0
CNC(=O)c1cccc2c(Nc3ccc(NS(C)(=O)=O)cc3OC)c3cccc(C)c3nc12,TWHSQQYCDVSBRK-UHFFFAOYSA-N,0.3,0.0011,3.5,0.63,464.54,109.4,8.0,3.0,6.0,,,0.63
CNC(=O)c1cnn(-c2nc(N)c3ncn([C@@H]4O[C@H](CO)[C@@H](O)[C@H]4O)c3n2)c1,LZPZPHGJDAGEJZ-AKAIJSEGSA-N,0.94,0.7,-2.5,-2.5,390.35,186.5,13.0,5.0,4.0,,,-2.5
CNC1=[NH+]c2ccc(Cl)cc2C(c2ccccc2)=[N+](O)C1,BUCORZSTKDOEKQ-UHFFFAOYSA-P,0.25,0.056,1.4,1.4,299.75,53.1,4.0,1.0,2.0,,,1.4
CNS(=O)(=O)CCc1ccc2[nH]cc(C3CC[NH+](C)CC3)c2c1,AMKVXSZCKVJAGH-UHFFFAOYSA-O,2.4,0.7,2.5,0.43,335.46,65.2,5.0,2.0,5.0,,,0.43
CNS(=O)(=O)Cc1ccc2[nH]cc(CC[NH+](C)C)c2c1,KQKPFRSPSRPDEB-UHFFFAOYSA-O,1.7,0.83,1.5,0.3,295.4,65.2,5.0,2.0,6.0,,,0.3
CO/N=C1\CN(c2nc3c(cc2F)c(=O)c(C(=O)[O-])cn3C2CC2)CC1C[NH3+],ZRCVYEYHRGVLOC-HYARGMPZSA-N,3.52,0.3,1.7,-0.26,389.38,123.0,9.0,2.0,5.0,,,-0.26
COC(=O)C(c1ccccc1)C1CCCC[NH2+]1,DUGOZIWVEXMGBE-UHFFFAOYSA-O,2.2,0.85,2.1,0.84,233.31,38.3,3.0,1.0,4.0,,,0.84
COC(=O)C(c1ccccc1)[C@H]1CCCC[NH2+]1,DUGOZIWVEXMGBE-PZORYLMUSA-O,2.65,0.87,2.1,0.84,233.31,38.3,3.0,1.0,4.0,,,0.84
COC(=O)C(c1ccccc1Cl)[NH+]1CCc2sccc2C1,GKTWGGQPFAXNFI-UHFFFAOYSA-O,2.01,0.02,3.3,3.3,321.82,29.5,3.0,0.0,4.0,,,3.3
COC(=O)C1=C(C)[NH2+]C(C)=C(C(=O)OC(C)C)C1c1cccc2nonc12,HMJIYCCIJYRONP-UHFFFAOYSA-O,1.5,0.04,3.0,3.0,371.39,103.8,8.0,1.0,6.0,,,3.0
COC(=O)C1=C(C)[NH2+]C(C)=C(C(=O)OC)C1c1ccccc1[N+](=O)[O-],HYIMSNHJOBLJNT-UHFFFAOYSA-O,0.79,0.044,2.4,2.4,346.33,110.4,8.0,1.0,6.0,,,2.4
COC(=O)C1=C(C)[NH2+]C(C)=C(C(=O)OCC(C)C)C1c1ccccc1[N+](=O)[O-],VKQFCGNPDRICFG-UHFFFAOYSA-O,5.5,0.003,3.7,3.7,388.41,110.4,8.0,1.0,8.0,,,3.7
COC(=O)C1=C(C)[NH2+]C(C)=C(C(=O)OCC[NH+](C)Cc2ccccc2)C1c1cccc([N+](=O)[O-])c1,ZBBHBTPTTSWHBA-UHFFFAOYSA-P,1.0,0.01,3.9,3.7,479.52,113.7,9.0,1.0,11.0,,,3.7
COC(=O)C1[C@@H](O)CC[C@H]2C[NH+]3CCc4c([nH]c5ccccc45)[C@@H]3C[C@@H]12,BLGXFZZNTVWLAY-UKQGOTKBSA-O,0.48,0.2,2.4,2.1,354.44,65.6,5.0,2.0,2.0,,,2.1
COC(=O)C1[C@@H](OC(=O)c2ccccc2)C[C@@H]2CC[C@H]1[NH+]2C,ZPUCINDJVBIVPJ-MBOZISHXSA-O,2.0,0.12,2.8,1.9,303.35,55.8,5.0,0.0,5.0,,,1.9
COC(=O)CCc1ccc(OCC(O)C[NH2+]C(C)C)cc1,AQNDDEOPVVGCPG-UHFFFAOYSA-O,1.2,0.59,2.0,0.18,295.37,67.8,5.0,2.0,10.0,,,0.18
COC(=O)NC(C(=O)[NH+]1CCCC1C(=O)Nc1ccc([C@@H]2CC[C@@H](c3ccc(NC(=O)C4CCC[NH+]4C(=O)C(NC(=O)OC)C(C)C)cc3)[NH+]2c2ccc(C(C)(C)C)cc2)cc1)C(C)C,PIDFDZJZLOTZTM-UBUBWCDGSA-Q,2.32,0.001,7.8,7.8,894.11,178.7,15.0,4.0,15.0,,,7.8
COC(=O)NC(C(=O)[NH+]1CCC[C@H]1c1ncc(-c2ccc(-c3ccc(-c4cnc([C@@H]5CCC[NH+]5C(=O)C(NC(=O)OC)C(C)C)[n-]4)cc3)cc2)[n-]1)C(C)C,LMKVDOMWAJHANR-URRMOVRVSA-N,0.67,0.01,5.3,5.2,738.88,174.6,14.0,4.0,13.0,,,5.2
COC(=O)Nc1nc2cc(C(=O)c3ccccc3)ccc2[n-]1,CVHJIACXRVJKCH-UHFFFAOYSA-M,1.2,0.086,3.0,-0.42,295.29,84.1,6.0,2.0,4.0,,,-0.42
COC(=O)c1ccc2c(C(=Nc3ccc(N(C)C(=O)C[NH+]4CC[NH+](C)CC4)cc3)c3ccccc3)c(O)[nH]c2c1,CPMDPSXJELVGJG-UHFFFAOYSA-P,15.0,0.02,3.8,3.4,539.62,94.2,9.0,2.0,8.0,,,3.4
COC(=O)c1cnc2n1CCc1ccccc1C2=C1CC[NH+](CCc2ccc(OCc3ccc4ccccc4n3)cc2)CC1,TULGGJGJQXESOO-UHFFFAOYSA-O,6.03,0.001,7.4,6.8,584.71,69.5,7.0,0.0,8.0,,,6.8
COC1=C(C(=O)[O-])[NH+]2C(=O)C(NC(=O)C([NH3+])C3=CCC=CC3)[C@H]2SC1,RDMOROXKXONCAL-QKFMDRJYSA-O,0.17,0.1,-0.95,-3.5,365.4,122.0,8.0,3.0,5.0,,,-3.5
COC1=C2C(C)[C@@H](OC(=O)C(O)C(NC(=O)OC(C)(C)C)c3ccccc3)C[C@@](O)([C@@H](OC(=O)c3ccccc3)[C@@H]3[C@]4(OC(C)=O)CO[C@@H]4C[C@H](OC)[C@@]3(C)C1=O)C2(C)C,SUOGUKJEXYJHTD-XPWYCUBJSA-N,48.0,0.24,4.0,4.0,835.93,202.4,15.0,3.0,14.0,,,4.0
COC1C(=O)C(C)C[C@H](C)/C=C/C=C/C=C(\C)[C@@H](OC)C[C@@H]2CC[C@@H](C)[C@@](O)(O2)C(=O)C(=O)[NH+]2CCCCC2C(=O)O[C@H]([C@H](C)C[C@@H]2CC[C@H](n3cnnn3)[C@H](OC)C2)CC(=O)C(C)=CC(C)[C@H]1O,UOZZDEYFDFKHQS-NEAJIDFESA-O,1.3,0.26,5.4,5.4,966.21,218.8,17.0,2.0,7.0,,,5.4
COCC(=O)Nc1c(I)c(C(=O)NCC(O)CO)c(I)c(C(=O)[NH+](C)CC(O)CO)c1I,DGAIEPBNLOQYER-UHFFFAOYSA-O,0.22,0.99,-2.2,-2.2,791.11,168.7,11.0,6.0,11.0,,,-2.2
COCC(=O)O[C@]1(CC[NH+](C)CCCc2nc3ccccc3[n-]2)CCc2cc(F)ccc2[C@@H]1C(C)C,QBXRKUKDJCCYQX-VMPREFPWSA-O,3.1,0.005,5.9,3.8,495.63,67.4,6.0,1.0,12.0,,,3.8
COCC(NC(C)=O)C(=O)NCc1ccccc1,VPPJLAIAVCUEMN-UHFFFAOYSA-N,0.58,0.85,-0.2,-0.2,250.29,67.4,5.0,2.0,6.0,,,-0.2
COCCCC/C(=N\OCC[NH3+])c1ccc(C(F)(F)F)cc1,CJOFXWAVKWHTFT-XSFVSMFZSA-O,23.5,0.2,3.1,1.2,318.33,56.8,4.0,1.0,9.0,,,1.2
COCCCOc1ccnc(C[S+](O)c2nc3ccccc3[n-]2)c1C,LKQSVGARAMZJHW-UHFFFAOYSA-N,0.22,0.037,2.1,2.1,359.44,77.1,6.0,1.0,8.0,,,2.1
COCCC[NH+]1CCC(NC(=O)c2cc(Cl)c(N)c3c2OCC3)CC1,ZPMNHBXQOOVQJL-UHFFFAOYSA-O,8.73,0.7,2.5,1.3,367.87,76.8,6.0,2.0,6.0,,,1.3
COCCOC(=O)C1=C(C)[NH2+]C(C)=C(C(=O)OC(C)C)C1c1cccc([N+](=O)[O-])c1,UIAGMCDKSXEBJQ-UHFFFAOYSA-O,1.1,0.016,3.2,3.2,418.44,119.7,9.0,1.0,10.0,,,3.2
COCCc1ccc(OCC(O)C[NH2+]C(C)C)cc1,IUBSYMUCCVWXPE-UHFFFAOYSA-O,3.1,0.88,1.9,0.064,267.36,50.7,4.0,2.0,9.0,,,0.064
COCOCC(CCC1(C(=O)NC2CCC(C(=O)[O-])CC2)CCCC1)C(=O)[O-],KIJQJNCPBKIGBI-UHFFFAOYSA-L,0.25,0.872,1.6,-3.6,399.48,122.2,8.0,3.0,13.0,,,-3.6
COC[C@@H](O)CN(C(C)=O)c1c(I)c(C(=O)NC[C@H](O)CO)c(I)c(C(=O)NC[C@H](O)CO)c1I,IUNJANQVIJDFTQ-SRVKXCTJSA-N,0.2,1.0,-2.2,-2.2,835.16,188.9,12.0,7.0,13.0,,,-2.2
COCc1c(-c2ccc(F)cc2)c(=CC[C@@H](O)C[C@@H](O)CC(=O)[O-])c(C(C)C)nc1=C(C)C,CDHNVTRRQNLWKA-WOJBJXKFSA-M,0.33,0.01,4.3,1.1,459.55,99.9,6.0,3.0,11.0,,,1.1
CON=C(C(=O)NC1C(=O)[NH+]2C(C(=O)[O-])=C(C)CS[C@H]12)c1csc(N)n1,MQLRYUCJDNBWMV-LESKNEHBSA-N,0.28,0.78,0.36,-2.6,397.43,147.2,10.0,3.0,5.0,,,-2.6
CON=C(C(=O)NC1C(=O)[NH+]2C(C(=O)[O-])=C(COC(C)=O)CS[C@H]12)c1csc(N)n1,GPRBEKHLDVQUJE-LNUXAPHWSA-N,0.19,0.6,-0.053,-3.1,455.47,173.5,12.0,3.0,8.0,,,-3.1
CON=C(C(=O)NC1C(=O)[NH+]2C(C(=O)[O-])=C(CSc3cnns3)CS[C@H]12)c1csc(N)n1,CXHKZHZLDMQGFF-LNUXAPHWSA-N,0.2,0.12,0.51,-2.5,513.59,173.0,12.0,3.0,8.0,,,-2.5
CON=C(C(=O)NC1C(=O)[NH+]2C(C(=O)[O-])=C(CSc3nc(=O)c([O-])nn3C)CS[C@H]12)c1csc(N)n1,VAAUVRVFOQPIGI-NZDRZINCSA-M,0.12,0.1,-3.2,-8.4,554.58,215.2,15.0,4.0,8.0,,,-8.4
CON=C(C(=O)NC1C(=O)[NH+]2C(C(=O)[O-])=C(CSc3nc(C)c(CC(=O)[O-])s3)CS[C@H]12)c1csc(N)n1,XDZKBRJLTGRPSS-LRHAYUFXSA-M,0.054,0.18,1.3,-4.9,584.67,197.4,13.0,4.0,10.0,,,-4.9
CON=C(C(=O)NC1C(=O)[NH+]2C(C(=O)[O-])=C(CSc3nnnn3C)CS[C@H]12)c1csc(N)n1,HJJDBAOLQAWBMH-WCRCJTMVSA-N,0.2,0.31,-0.15,-3.2,511.56,190.8,14.0,3.0,8.0,,,-3.2
CON=C(C(=O)NC1C(=O)[NH+]2C(C(=O)[O-])=C(C[N+]3(C)CCCC3)CS[C@H]12)c1csc(N)n1,HVFLCNVBZFFHBT-LRHAYUFXSA-O,0.28,0.78,-3.6,-2.7,480.56,150.0,11.0,2.0,7.0,,,-2.7
CON=C(C(=O)NC1C(=O)[NH+]2C(C(=O)[O-])=C(C[NH+]3C=C[NH+]4[NH2+]C=CC=C34)CS[C@H]12)c1nsc(N)n1,CFVXLRWCMNOCAA-RGUGMKFQSA-Q,0.24,0.74,-1.3,-4.8,516.53,180.7,14.0,3.0,9.0,,,-4.8
CON=C(C(=O)NC1C(=O)[NH+]2C(C(=O)[O-])=C(C[n+]3cccc4c3CCC4)CS[C@H]12)c1csc(N)n1,DKOQGJHPHLTOJR-OTOKDRCRSA-O,0.24,0.9,0.7,-1.6,514.58,153.9,11.0,2.0,7.0,,,-1.6
CON=C(C(=O)NC1C(=O)[NH+]2C(C(=O)[O-])=CCS[C@H]12)c1csc(N)n1,NNULBSISHYWZJU-QHDYGNBISA-N,0.2,0.72,-0.22,-3.2,383.4,147.2,10.0,3.0,5.0,,,-3.2
CO[C@@H]1[C@@H](O[C@@H]2O[C@H](C)[C@@H](O[C@H]3C[C@@](C)(O)[C@@H](O)[C@H](C)O3)[C@H]([NH+](C)C)[C@H]2O)[C@@H](CC=O)C[C@@H](C)[C@@H](O[C@H]2CC[C@@H]([NH+](C)C)[C@H](C)O2)C=CC=CC[C@@H](C)OC(=O)C[C@H]1O,ACTOXUHEUCPTEW-JAYNOARPSA-P,5.4,0.26,2.0,0.92,843.05,195.4,16.0,4.0,11.0,,,0.92
CO[C@@]1(NC(=O)C(C(=O)[O-])c2ccc([O-])cc2)C(=O)[NH+]2C(C(=O)[O-])=C(CSc3nnnn3C)CO[C@@H]21,JWCSIUVGFCSJCK-CAVRMKNVSA-L,0.17,0.39,-0.95,-4.2,520.47,206.3,15.0,4.0,9.0,,,-4.2
CO[C@@]1(NC(=O)C(C(=O)[O-])c2ccsc2)C(=O)[NH+]2C(C(=O)[O-])C(C)(C)S[C@@H]21,BVCKFLJARNKCSS-FEOOVKDISA-M,0.11,0.21,0.81,-5.7,414.45,133.2,9.0,3.0,6.0,,,-5.7
CO[C@@]1(NC(=O)CSCC#N)C(=O)[NH+]2C(C(=O)[O-])=C(CSc3nnnn3C)CS[C@@H]21,SNBUBQHDYVFSQF-HIFRSBDPSA-N,0.13,0.15,-1.4,-4.3,471.53,163.3,12.0,2.0,10.0,,,-4.3
CO[C@@]1(NC(=O)Cc2cccs2)C(=O)[NH+]2C(C(=O)[O-])=C(COC(N)=O)CS[C@@H]21,WZOZEZRFJCJXNZ-ZBFHGGJFSA-N,0.17,0.73,-0.81,-3.8,427.45,148.3,10.0,3.0,8.0,,,-3.8
CO[C@@]1(NC(O)=c2sc(=C(C(N)=O)C(=O)[O-])s2)C(=O)[NH+]2C(C(=O)[O-])=C(CSc3nnnn3C)CS[C@@H]21,SMRZELGKBINBNK-WBVHZDCISA-M,0.13,0.15,-1.8,-7.1,575.62,219.9,15.0,4.0,9.0,,,-7.1
CO[C@H]1/C=C/O[C@@]2(C)Oc3c(C)c([O-])c4c([O-])c(c(/C=N/[NH+]5CC[NH+](C)CC5)c([O-])c4c3C2=O)NC(=O)C(C)=CC=CC(C)[C@H](O)[C@@H](C)[C@@H](O)[C@@H](C)[C@H](OC(C)=O)[C@@H]1C,JQXXHWHPUNPDRT-RIDGECIJSA-M,0.97,0.2,4.6,1.7,822.94,220.1,16.0,6.0,5.0,,,1.7
CO[C@H]1C[C@@H](O[C@@H]2C(C)C(=O)O[C@H](C)[C@H](C)[C@H](O)C(C)C(=O)[C@@]3(CO3)C[C@H](C)[C@H](O[C@H]3O[C@@H](C)C[C@@H]([NH+](C)C)[C@H]3O)[C@H]2C)O[C@@H](C)[C@@H]1O,RZPAKFUAFGMUPI-QDVWIFNPSA-O,0.77,0.4,2.0,0.7,687.86,166.0,13.0,3.0,9.0,,,0.7
CO[C@]1(NC(=O)CSC(F)F)C(=O)[NH+]2C(C(=O)[O-])=C(CSc3nnnn3CCO)CO[C@@H]21,UHRBTBZOWWGKMK-IUODEOHRSA-N,0.19,0.64,-0.98,-4.0,496.47,169.0,13.0,3.0,11.0,,,-4.0
CO[C@]12CC[C@@]3(C[C@@H]1[C@](C)(O)C(C)(C)C)[C@H]1Cc4ccc([O-])c5c4[C@@]3(CC[NH+]1CC1CC1)[C@H]2O5,RMRJXGBAOAMLHD-IHFGGWKQSA-N,4.9,0.04,4.4,3.1,467.64,62.2,5.0,2.0,4.0,,,3.1
COc1c(-c2ccc3cc(NS(C)(=O)=O)ccc3c2)cc(-n2ccc(=O)[n-]c2=O)cc1C(C)(C)C,NBRBXGKOEOGLOI-UHFFFAOYSA-M,2.13,0.005,4.3,0.75,493.57,110.3,8.0,2.0,5.0,,,0.75
COc1c(C)c2c(c([O-])c1C/C=C(\C)CCC(=O)[O-])C(=O)OC2,HPNSFSBZBAHARI-RUDMXATFSA-L,0.77,0.02,3.2,0.58,320.34,93.1,6.0,2.0,6.0,,,0.58
COc1c(N2CCC/C(=C(\F)C[NH3+])C2)c(F)cc2c(=O)c(C(=O)[O-])cn(C3CC3)c12,VMKVDAAFMQKZJS-LFIBNONCSA-N,1.13,0.34,2.8,0.44,419.42,97.8,7.0,2.0,5.0,,,0.44
COc1c(N2CC[NH2+]C(C)C2)c(F)cc2c(=O)c(C(=O)[O-])cn(C3CC3)c12,XUBOMFCQGDBHNK-UHFFFAOYSA-N,1.7,0.8,2.1,-0.65,375.39,82.1,7.0,2.0,4.0,-0.82,,-0.82
COc1c(N2C[C@@H](C)C[C@H]([NH3+])C2)ccc2c(=O)c(C(=O)[O-])cn(C3CC3)c12,AVPQPGFLVZTJOR-RYUDHWBXSA-N,1.9,0.84,2.5,0.077,371.43,96.1,7.0,2.0,4.0,,,0.077
COc1c(N2C[C@@H]3CCC[NH2+][C@@H]3C2)c(F)cc2c(=O)c(C(=O)[O-])cn(C3CC3)c12,FABPRXSRWADJSP-MEDUHNTESA-N,1.4,0.6,2.4,-0.36,401.43,82.1,7.0,2.0,4.0,-0.18,,-0.18
COc1c2occc2cc2ccc(=O)oc12,QXKHYNVANLEOEG-UHFFFAOYSA-N,0.61,0.09,2.1,2.1,216.19,53.2,4.0,0.0,1.0,1.97,52.0,1.97
COc1cc(C2c3cc4c(cc3C(OC3OC5COC(C)OC5C(O)C3[NH+](C)C)C3COC(=O)C23)OCO4)cc(OC)c1[O-],ZKSNZYLCOXUJIR-UHFFFAOYSA-N,0.3,0.013,0.23,0.21,615.63,143.8,13.0,2.0,6.0,,,0.21
COc1cc(CC2c3c(cc(OC)c(OC)c3OC)CC[N+]2(C)CCCOC(=O)CCC(=O)OCCC[N+]2(C)CCc3cc(OC)c(OC)c(OC)c3C2Cc2cc(OC)c(OC)c(OC)c2)cc(OC)c1OC,GBLRQXKSCRCLBZ-UHFFFAOYSA-N,0.22,0.53,0.57,0.57,1035.22,163.4,18.0,0.0,29.0,,,0.57
COc1cc(Cc2cnc(N)nc2N)cc(OC)c1OC,IEDVJHCEMCRBQM-UHFFFAOYSA-N,1.5,0.5,1.1,0.94,290.32,105.5,7.0,2.0,5.0,0.63,,0.63
COc1cc(F)ccc1Cn1ccc2c3c(ncc21)C(=O)N(O)CC3,OYKZKGBMHATGTA-UHFFFAOYSA-N,5.7,0.08,1.8,1.0,341.34,67.6,6.0,1.0,3.0,,,1.0
COc1cc(N)c(Cl)cc1C(=O)N[C@H]1CC[NH+](CCCOc2ccc(F)cc2)C[C@H]1OC,DCSUBABJRXZOMT-RBBKRZOGSA-O,1.2,0.02,3.5,3.0,465.95,86.0,7.0,2.0,9.0,,,3.0
COc1cc(NCc2ccc3nc(N)nc(N)c3c2C)cc(OC)c1OC,NOYPYLRCIDNJJB-UHFFFAOYSA-N,0.77,0.05,2.4,2.3,369.42,117.5,8.0,3.0,6.0,,,2.3
COc1cc(NS(C)(=O)=O)ccc1Nc1c2ccccc2nc2ccccc12,XCPGHVQEEXUHNC-UHFFFAOYSA-N,1.6,0.029,4.0,0.85,393.46,80.3,6.0,2.0,5.0,,,0.85
COc1cc(OC)c(C(=O)CCC[NH+]2CCCC2)c(OC)c1,OWYLAEYXIQKAOL-UHFFFAOYSA-O,1.3,0.4,2.5,0.52,307.38,48.0,5.0,0.0,8.0,,,0.52
COc1cc([C@@H]2c3cc4c(cc3[C@@H](O[C@@H]3O[C@@H]5CO[C@@H](C)O[C@H]5[C@H](O)[C@H]3O)[C@H]3COC(=O)C23)OCO4)cc(OC)c1[O-],VJJPUSNTGOMMGY-HZDRAOIFSA-M,0.18,0.12,-0.43,-0.43,588.56,160.8,13.0,3.0,5.0,,,-0.43
COc1cc([C@@H]2c3cc4c(cc3[C@@H](O[C@@H]3O[C@@H]5CO[C@@H](c6cccs6)O[C@H]5[C@H](O)[C@H]3O)[C@H]3COC(=O)C23)OCO4)cc(OC)c1[O-],NRUKOCRGYNPUPR-NKWZCLBQSA-M,0.41,0.0044,0.15,0.15,656.65,160.8,13.0,3.0,6.0,,,0.15
COc1cc([S+](C)O)ccc1-c1nc2cnccc2[n-]1,DFXNTMSPOLVEQB-UHFFFAOYSA-N,1.67,0.48,1.0,1.0,287.34,67.9,5.0,1.0,3.0,,,1.0
COc1cc([S+](C)O)ccc1-c1nc2ncccc2[n-]1,JNXDPGWXNIGDRX-UHFFFAOYSA-N,0.62,0.41,1.3,1.3,287.34,67.9,5.0,1.0,3.0,,,1.3
COc1cc2c(c(OC)c1OC)-c1ccc(OC)c(=O)cc1[C@@H](NC(C)=O)CC2,IAKHMKGGTNLKSZ-INIZCTEOSA-N,6.1,0.61,1.1,1.1,399.44,83.1,7.0,1.0,5.0,0.82,,0.82
COc1cc2c(cc1OC)C(Cc1cc(OC)c(OC)c(OC)c1)[N+](C)(CCCOC(=O)CC/C=C/CCC(=O)OCCC[N+]1(C)CCc3cc(OC)c(OC)cc3C1Cc1cc(OC)c(OC)c(OC)c1)CC2,ILVYCEVXHALBSC-BUHFOSPRSA-N,0.27,0.7,2.3,2.3,1029.26,144.9,16.0,0.0,30.0,,,2.3
COc1cc2c(cc1OC)CC(=O)[NH+](CCC[NH+](C)C[C@H]1Cc3cc(OC)c(OC)cc31)CC2,ACRHBAYQBXXRTO-OAQYLSRUSA-P,1.66,0.28,3.0,1.8,468.59,60.5,7.0,0.0,10.0,,,1.8
COc1cc2c(cc1OC)[C@H]1C[C@@H](OC(=O)C([NH3+])C(C)C)[C@H](CC(C)C)C[NH+]1CC2,GEJDGVNQKABXKG-PSBUXNCMSA-P,1.31,0.01,3.4,2.5,418.57,74.0,6.0,1.0,8.0,,,2.5
COc1cc2c(cc1[O-])CC[NH2+][C@]21CS[C@@H]2c3c(OC(C)=O)c(C)c4c(c3[C@H](COC1=O)[NH+]1[C@@H]2[C@H]2c3c(cc(C)c(OC)c3[O-])C[C@@H]([C@@H]1O)[NH+]2C)OCO4,PKVRCIRHQMSYJX-AIFWHQITSA-O,25.0,0.06,1.8,1.2,761.84,168.7,14.0,4.0,4.0,,,1.2
COc1cc2c3cc1Oc1cc(ccc1[O-])C[C@@H]1c4c(cc(OC)c([O-])c4Oc4ccc(cc4)C[C@@H]3[NH+](C)CC2)CC[N+]1(C)C,JFJZZMVDLULRGK-URLMMPGGSA-N,0.45,0.58,4.7,3.9,609.73,80.6,8.0,2.0,2.0,,,3.9
COc1cc2nc(N(C)CCCNC(=O)C3CCCO3)nc(N)c2cc1OC,WNMJYKCGWZFFKR-UHFFFAOYSA-N,1.5,0.14,2.3,1.8,389.45,111.8,9.0,2.0,8.0,,,1.8
COc1cc2nc(N3CC[NH+](C(=O)C4CCCO4)CC3)nc(N)c2cc1OC,VCKUSRYTPJJLNI-UHFFFAOYSA-O,0.98,0.08,2.0,1.9,387.43,103.0,9.0,1.0,4.0,,,1.9
COc1cc2nc(N3CC[NH+](C(=O)C4COc5ccccc5O4)CC3)nc(N)c2cc1OC,RUZYUOTYCVRMRZ-UHFFFAOYSA-O,1.3,0.017,2.6,2.6,451.48,112.3,10.0,1.0,4.0,,,2.6
COc1cc2nc(N3CC[NH+](C(=O)c4ccco4)CC3)nc(N)c2cc1OC,IENZQIKPVFGBNW-UHFFFAOYSA-O,0.73,0.06,1.5,1.5,383.4,107.2,9.0,1.0,4.0,,,1.5
COc1cc2ncnc(Nc3ccc(F)c(Cl)c3)c2cc1OCCC[NH+]1CCOCC1,XGALLCVXEZPNRQ-UHFFFAOYSA-O,23.0,0.089,4.3,3.9,446.9,68.7,7.0,1.0,8.0,,,3.9
COc1ccc(-c2nc3cc(C4=N[N-]C(=O)CC4C)ccc3[n-]2)cc1,UFNMHMKSMBUANO-UHFFFAOYSA-M,2.0,0.024,3.1,3.1,334.37,79.4,6.0,2.0,3.0,,,3.1
COc1ccc(-n2nc(C(N)=O)c3c2C(=O)N(c2ccc(N4CCCCC4=O)cc2)CC3)cc1,QNZCBYKSOIHPEH-UHFFFAOYSA-N,0.3,0.13,2.5,2.5,459.5,110.8,9.0,1.0,5.0,,,2.5
COc1ccc(/C=C\c2cc(OC)c(OC)c(OC)c2)cc1OP(=O)([O-])[O-],WDOGQTQEKVLZIJ-WAYWQWQTSA-L,0.11,0.23,2.9,-0.95,396.33,103.7,8.0,2.0,8.0,,,-0.95
COc1ccc(C(=O)Nc2ccccc2CCC2CCCC[NH+]2C)cc1,PJWPNDMDCLXCOM-UHFFFAOYSA-O,2.2,0.26,4.7,3.0,352.47,41.6,4.0,1.0,6.0,,,3.0
COc1ccc(C(C[NH+](C)C)C2(O)CCCCC2)cc1,PNVNVHUZROJLTJ-UHFFFAOYSA-O,4.4,0.73,3.4,1.4,277.4,32.7,3.0,1.0,5.0,,,1.4
COc1ccc(C2(C#N)CCC(C(=O)[O-])CC2)cc1OC1CCCC1,CFBUZOUXXHZCFB-UHFFFAOYSA-M,0.23,0.006,3.6,0.89,343.42,79.6,5.0,1.0,6.0,,,0.89
COc1ccc(CC(C)(C)[NH2+]C[C@H](O)c2cc([O-])cc3c2OCC(=O)N3)cc1,COUYJEVMBVSIHV-SFHVURJKSA-N,15.85,0.4,2.1,0.98,386.44,100.0,7.0,4.0,7.0,0.79,14.0,0.79
COc1ccc(CC(NC(=O)CC(C)(C)[NH3+])C(=O)NC(Cc2c[n-]cn2)C(=O)N[C@@H](CC2CCCCC2)[C@@H](O)[C@@H](O)CC(C)C)cc1,BVNKZSWMRUPITL-KJUPXMSOSA-N,0.11,0.07,2.5,0.16,656.86,191.7,12.0,7.0,18.0,,,0.16
COc1ccc(CC2c3cc(OC)c(OC)cc3CC[N+]2(C)CCC(=O)OCCCCCOC(=O)CC[N+]2(C)CCc3cc(OC)c(OC)cc3C2Cc2ccc(OC)c(OC)c2)cc1OC,YXSLJKQTIDHPOT-UHFFFAOYSA-N,0.1,0.52,1.7,1.7,929.15,126.4,14.0,0.0,26.0,,,1.7
COc1ccc(CC[NH+](C)CCCC(C#N)(c2ccc(OC)c(OC)c2)C(C)C)cc1OC,SGTNSNPWRIOYBX-UHFFFAOYSA-O,3.7,0.093,4.5,2.9,454.6,64.0,6.0,0.0,14.0,,,2.9
COc1ccc(CC[NH+](C)CCC[C@](C#N)(c2cc(OC)c(OC)c(OC)c2)C(C)C)cc1OC,XQLWNAFCTODIRK-MUUNZHRXSA-O,1.75,0.07,4.3,2.8,484.63,73.2,7.0,0.0,15.0,,,2.8
COc1ccc(CC[NH+](C)CCC[NH+]2Cc3cc(OC)c(OC)cc3C2=O)cc1OC,UUMGNNQOCVDZDG-UHFFFAOYSA-P,2.4,0.12,3.0,2.3,428.52,60.5,7.0,0.0,11.0,,,2.3
COc1ccc(CC[NH2+]CC(O)COc2cccc(C)c2)cc1OC,HXLAFSUPPDYFEO-UHFFFAOYSA-O,0.67,0.015,2.9,1.9,345.43,59.9,5.0,2.0,10.0,,,1.9
COc1ccc(C[C@@H]2c3cc(OC)c(OC)cc3CC[N@+]2(C)CCC(=O)OCCCCCOC(=O)CC[N@@+]2(C)CCc3cc(OC)c(OC)cc3[C@H]2Cc2ccc(OC)c(OC)c2)cc1OC,YXSLJKQTIDHPOT-LJCJQEJUSA-N,0.14,0.62,1.7,1.7,929.15,126.4,14.0,0.0,26.0,,,1.7
COc1ccc(Cc2nccc3cc(OC)c(OC)cc23)cc1OC,XQYZDYMELSJDRZ-UHFFFAOYSA-N,1.0,0.073,3.5,3.5,339.39,49.8,5.0,0.0,6.0,2.81,,2.81
COc1ccc(Cl)cc1C(=O)NCCc1ccc(S(=O)(=O)[N-]C(=O)[NH2+]C2CCCCC2)cc1,LGAKZQBLEAFCQV-UHFFFAOYSA-N,0.08,0.021,4.1,2.0,494.0,113.6,8.0,3.0,8.0,,,2.0
COc1ccc(Cl)cc1[C@]1(F)C(=O)Nc2cc(C(F)(F)F)ccc21,ULYONBAOIMCNEH-HNNXBMFYSA-N,10.0,0.0038,4.1,2.5,359.7,38.3,3.0,1.0,2.0,,,2.5
COc1ccc(OC)c([C@H](O)CNC(=O)C[NH3+])c1,PTKSEFOSCHHMPD-SNVBAGLBSA-O,0.67,0.7,-1.3,-2.2,254.28,93.8,6.0,3.0,6.0,,,-2.2
COc1ccc([C@@H]2CNC(=O)C2)cc1OC1CCCC1,HJORMJIFDVBMOB-LBPRGKRZSA-N,0.67,0.11,2.1,2.1,275.34,47.6,4.0,1.0,4.0,,,2.1
COc1ccc([C@@H]2Sc3cc(Cl)ccc3N(CC[NH+](C)C)C(=O)C2OC(C)=O)cc1,GYKFWCDBQAFCLJ-LBAQZLPGSA-O,9.7,0.1,3.9,3.5,448.96,59.1,6.0,0.0,7.0,,,3.5
COc1ccc([C@@H]2Sc3ccccc3N(CC[NH+](C)C)C(=O)C2OC(C)=O)cc1,HSUGRBWQSSZJOP-LBAQZLPGSA-O,4.1,0.18,3.1,2.7,414.52,59.1,6.0,0.0,7.0,,,2.7
COc1ccc2[n-]c([S+](O)Cc3ncc(C)c(OC)c3C)nc2c1,QOFAHZLHNNZSDW-UHFFFAOYSA-N,0.24,0.05,2.2,2.2,345.42,77.1,6.0,1.0,5.0,,,2.2
COc1ccc2[n-]c([S@+](O)Cc3ncc(C)c(OC)c3C)nc2c1,QOFAHZLHNNZSDW-XMMPIXPASA-N,0.2,0.03,2.2,2.2,345.42,77.1,6.0,1.0,5.0,,,2.2
COc1ccc2[nH]cc(CCNC(C)=O)c2c1,DRLFMBDRBRZALE-UHFFFAOYSA-N,1.1,0.39,1.4,1.4,232.28,54.1,4.0,2.0,4.0,,,1.4
COc1ccc2c(c1)[C@@H]1C[C@]1(C(=O)[NH+]1[C@@H]3CC[C@H]1C[NH+](C)C3)Cn1c-2c(C2CCCCC2)c2ccc(C(=O)[N-]S(=O)(=O)[NH+](C)C)cc21,ZTTKEBYSXUCBSE-QDFUAKMASA-P,0.5,0.01,3.1,0.74,659.84,104.2,10.0,1.0,6.0,,,0.74
COc1ccc2c(c1)c(CC(=O)[O-])c(C)n2C(=O)c1ccc(Cl)cc1,CGIGDMFJXJATDK-UHFFFAOYSA-M,0.096,0.01,3.4,0.59,357.79,68.5,5.0,1.0,5.0,,,0.59
COc1ccc2c3c1OC1C(=O)CC[C@@]4(O)[C@@H](C2)[NH+](C)CC[C@]314,BRUQQQPBMZOVGD-FSFXSCMFSA-O,2.5,0.55,0.72,0.17,315.36,59.0,5.0,1.0,1.0,,,0.17
COc1ccc2c3c1O[C@H]1C[C@@H](O)C=C[C@@]31CC[NH+](C)C2,ASUTZQLVASHGKV-JDFRZJQESA-O,2.3,0.83,1.8,1.1,287.35,41.9,4.0,1.0,1.0,,,1.1
COc1ccc2c3c1O[C@H]1[C@@H](O)C=C[C@H]4[C@@H](C2)[NH+](C)CC[C@@]341,OROGSEYTTFOCAN-DNJOTXNNSA-O,3.5,0.7,1.3,0.29,299.36,41.9,4.0,1.0,1.0,,,0.29
COc1ccc2cc(C(C)C(=O)[O-])ccc2c1,CMWTZPSULFXXJA-UHFFFAOYSA-M,0.09,0.002,2.9,0.023,230.26,46.5,3.0,1.0,3.0,,,0.023
COc1ccc2cc1Oc1cc3c(cc1OC)CC[N+](C)(C)[C@H]3Cc1ccc(cc1)Oc1c(OC)c(OC)cc3c1[C@@H](C2)[N+](C)(C)CC3,JFXBEKISTKFVAB-AJQTZOPKSA-N,0.4,0.65,2.3,2.3,652.82,55.4,8.0,0.0,4.0,,,2.3
COc1ccc2cc1Oc1ccc(cc1)C[C@H]1c3cc(c(OC)cc3CC[NH+]1C)Oc1c(OC)c(OC)c(Br)c3c1[C@H](C2)[NH+](C)CC3,ANJMFZGRGHQXMA-VMPREFPWSA-P,51.0,0.22,8.3,7.2,701.65,61.9,8.0,0.0,4.0,,,7.2
COc1cccc(OC)c1C(=O)NC1C(=O)[NH+]2C(C(=O)[O-])C(C)(C)S[C@H]12,RJQXTJLFIWVMTO-KOHJWAIASA-N,0.32,0.43,1.7,-1.6,380.42,105.2,8.0,2.0,5.0,,,-1.6
COc1cccc([C@@]2(O)CCCC[C@@H]2C[NH+](C)C)c1,TVYLLZQTGLZFBW-ZBFHGGJFSA-O,2.8,0.8,2.6,0.99,263.38,32.7,3.0,1.0,4.0,,,0.99
COc1cccc2c1C(=O)c1c([O-])c3c(c([O-])c1C2=O)C[C@@](O)(C(=O)CO)C[C@@H]3O[C@H]1C[C@H]([NH3+])[C@@H](O)[C@H](C)O1,AOJJSUZBOXZQNB-VTZDEGQISA-M,45.0,0.25,0.46,-2.2,543.52,206.1,12.0,6.0,5.0,,,-2.2
COc1cccc2c1C(=O)c1c([O-])c3c(c([O-])c1C2=O)C[C@@](O)(C(=O)CO)C[C@@H]3O[C@H]1C[C@H]([NH3+])[C@H](O)[C@H](C)O1,AOJJSUZBOXZQNB-TZSSRYMLSA-M,22.0,0.28,0.46,-2.2,543.52,206.1,12.0,6.0,5.0,,,-2.2
COc1cccc2c1C(=O)c1c([O-])c3c(c([O-])c1C2=O)C[C@@](O)(C(C)=O)C[C@@H]3O[C@H]1C[C@H]([NH3+])[C@H](O)[C@H](C)O1,STQGQHZAVUOBTE-VGBVRHCVSA-M,32.05,0.06,1.0,-1.6,527.52,185.8,11.0,5.0,4.0,,,-1.6
COc1ccccc1OCC[NH2+]CC(O)COc1cccc2[nH]c3ccccc3c12,OGHNVEJMJSYVRP-UHFFFAOYSA-O,1.3,0.02,3.6,2.9,406.47,75.7,6.0,3.0,10.0,,,2.9
COc1ccccc1OC[C@H](O)C[NH+]1CC[NH+](CC(=O)Nc2c(C)cccc2C)CC1,XKLMZUWKNUAPSZ-HXUWFJFHSA-P,1.2,0.38,2.3,2.2,427.54,74.3,7.0,2.0,9.0,,,2.2
COc1ccccc1Oc1c(NS(=O)(=O)c2ccc(C(C)(C)C)cc2)nc(-c2ncccn2)nc1OCCO,GJPICJJJRGTNOD-UHFFFAOYSA-N,0.29,0.037,3.9,0.76,551.61,145.6,11.0,2.0,10.0,1.03,4.79,1.03
COc1ccccc1Oc1c(NS(=O)(=O)c2ccc(C(C)C)cn2)nc(-c2ccnc(-c3nnn[n-]3)c2)nc1OCCO,ZKNIWTAZSQYWIO-UHFFFAOYSA-N,0.28,0.0085,3.5,-1.6,605.63,200.1,15.0,3.0,12.0,,,-1.6
COc1ccccc1Oc1c(NS(=O)(=O)c2ccc(C)cn2)nc(-c2ccnc(-c3nnn[n-]3)c2)nc1OCCO,GMYPFCOMLVDXRB-UHFFFAOYSA-N,0.23,0.02,2.9,-2.3,577.57,200.1,15.0,3.0,12.0,,,-2.3
COc1ccnc(C[S+](O)c2nc3ccc(OC(F)F)cc3[n-]2)c1OC,BAWFOUUZISIBNG-UHFFFAOYSA-N,0.17,0.02,1.6,1.6,383.37,86.3,7.0,1.0,7.0,,,1.6
COc1nc(C)nc(Cl)c1NC1=[NH+]CCN1,WPNJAUFVNXKLIM-UHFFFAOYSA-O,1.8,0.93,0.55,0.13,241.68,71.4,6.0,2.0,3.0,,,0.13
COc1nc(N)nc2c1ncn2[C@@H]1O[C@H](CO)[C@@H](O)[C@@H]1O,IXOXBSCIXZEQEQ-UHTZMRCNSA-N,4.9,0.8,-1.9,-1.9,297.27,148.8,10.0,4.0,3.0,,,-1.9
CS(=O)(=O)N(CCO)c1c(Cl)c(Cl)cc2[n-]c(=O)c(=O)[n-]c12,SKPPMUTYNNTSEH-UHFFFAOYSA-L,0.8,0.13,-0.31,-0.43,368.19,115.8,8.0,3.0,4.0,,,-0.43
CS(=O)(=O)OCCCCOS(C)(=O)=O,COVZYZSDYWQREU-UHFFFAOYSA-N,0.55,1.0,-0.72,-0.72,246.3,86.7,6.0,0.0,7.0,,,-0.72
CS(=O)(=O)c1ccc(C(=O)Nc2ccc(Cl)c(-c3ccccn3)c2)c(Cl)c1,BPQMGSKTAYIVFO-UHFFFAOYSA-N,0.23,0.01,3.9,3.9,421.3,76.1,5.0,1.0,4.0,2.84,,2.84
CS(=O)(=O)c1ccc(C2=C(c3ccccc3)C(=O)OC2)cc1,RZJQGNCSTQAWON-UHFFFAOYSA-N,1.3,0.13,-0.29,-0.29,314.36,60.4,4.0,0.0,3.0,,,-0.29
CS(=O)(=O)c1ccc([C@@H](O)[C@@H](COC(=O)C[NH3+])NC(=O)C(Cl)Cl)cc1,AMGKHLVPQHMHGQ-ZYHUDNBSSA-O,0.13,0.27,-1.4,-1.8,413.27,135.8,8.0,3.0,9.0,,,-1.8
CSCCNc1nc(SCCC(F)(F)F)nc2c1ncn2[C@@H]1O[C@H](CO[P@](=O)(O)O[P@](=O)(O)C(Cl)(Cl)P(=O)([O-])[O-])[C@@H](O)[C@H]1O,PAEBIVWUMLRPSK-IDTAVKCVSA-L,0.035,0.02,-1.4,-8.6,776.36,255.9,17.0,7.0,15.0,,,-8.6
CSc1ccc(C(=O)c2[n-]c(=O)[n-]c2C)cc1,QOMGAOCGIWHBHV-UHFFFAOYSA-L,1.48,0.3,1.3,1.3,248.3,65.7,4.0,2.0,3.0,,,1.3
C[C@@H](C[NH+]1CC(=O)NC(=O)C1)[NH+]1CC(=O)NC(=O)C1,BMKDZUISNHGIBY-ZETCQYMHSA-P,0.55,1.0,-0.45,-0.5,268.27,98.8,8.0,2.0,3.0,,,-0.5
C[C@@H](N/C(NC#N)=[NH+]\c1ccncc1)C(C)(C)C,IVVNZDGDKPTYHK-SNVBAGLBSA-O,1.1,0.6,1.4,1.4,245.32,73.1,5.0,2.0,5.0,,,1.4
C[C@@H](O)C1C(=O)[NH+]2C(C(=O)[O-])=C(COC(N)=O)S[C@H]12,IKQNRQOUOZJHTR-LSNRDSIRSA-N,0.24,0.72,-2.1,-5.6,310.26,133.0,8.0,2.0,5.0,,,-5.6
C[C@@H](O)C1C(=O)[NH+]2C(C(=O)[O-])=C(SC3Cn4cnc[n+]4C3)[C@H](C)[C@H]12,MRMBZHPJVKCOMA-ZUCSDGAKSA-O,0.2,0.92,-3.1,-5.4,350.39,102.4,8.0,1.0,4.0,,,-5.4
C[C@@H](O)C1C(=O)[NH+]2C(C(=O)[O-])=C(SCCNC=[NH2+])C[C@H]12,ZSKVGTPCRGIANV-UMPGHQJDSA-O,0.24,0.86,-0.81,-3.1,299.35,113.7,7.0,4.0,7.0,,,-3.1
C[C@@H](O)C1C(=O)[NH+]2C(C(=O)[O-])=C(SCCOC(N)=O)S[C@H]12,LVCPLOQIOKEULU-GJAWNSFOSA-N,0.3,0.35,-1.6,-4.6,334.37,130.2,8.0,3.0,7.0,,,-4.6
C[C@@H](O)C1C(=O)[NH+]2C(C(=O)[O-])=C(S[C@@H]3C[NH2+]C(C(=O)Nc4cccc(C(=O)[O-])c4)C3)[C@H](C)[C@H]12,JUZNIMUFDBIJCM-UWRCWKHFSA-N,0.12,0.1,0.43,-4.8,475.51,156.3,10.0,5.0,7.0,,,-4.8
C[C@@H](O)C1C(=O)[NH+]2C(C(=O)[O-])=C(S[C@@H]3C[NH2+]C(C(=O)[NH+](C)C)C3)[C@H](C)[C@H]12,DMJNNHOOLUXYBV-KZKQIEMGSA-P,0.3,0.87,-1.0,-3.5,383.46,110.2,8.0,3.0,5.0,,,-3.5
C[C@@H](O)C1C(=O)[NH+]2C(C(=O)[O-])=C(S[C@H]3CC(C(=O)[NH+]4CC[C@H](NC(=O)CNC(N)=[NH2+])C4)[NH+](C)C3)[C@H](C)[C@H]12,KEDAXBWZURNCHS-BZZBPYSWSA-Q,0.23,0.91,-2.3,-4.7,537.63,192.4,13.0,6.0,9.0,,,-4.7
C[C@@H](O)C1C(=O)[NH+]2C(C(=O)[O-])=C(S[C@H]3CC[S@@+](O)C3)S[C@@H]12,OGOMMWZCHRPDKB-ZQUOKVSHSA-O,0.21,0.9,-1.8,-4.7,348.44,97.7,6.0,1.0,4.0,,,-4.7
C[C@@H](O[C@H]1OCC[NH+](Cc2n[n-]c(=O)[n-]2)[C@H]1c1ccc(F)cc1)c1cc(C(F)(F)F)cc(C(F)(F)F)c1,ULFPRSVQLXNLFG-OITMNORJSA-N,0.94,0.05,4.1,4.1,534.43,75.2,7.0,2.0,6.0,,,4.1
C[C@@H](O[C@H]1OCC[NH+](Cc2nc(=O)n(P(=O)([O-])[O-])[n-]2)[C@H]1c1ccc(F)cc1)c1cc(C(F)(F)F)cc(C(F)(F)F)c1,OUNJBEMOLRDPGP-OITMNORJSA-L,0.07,0.02,2.4,-3.5,614.41,129.9,10.0,3.0,7.0,,,-3.5
C[C@@H](Oc1cc(-c2cnn(C3CC[NH2+]CC3)c2)cnc1N)c1c(Cl)ccc(F)c1Cl,KTEIFNKAUNYNJU-GFCCVEGCSA-O,22.15,0.09,4.3,2.3,450.34,78.0,6.0,2.0,5.0,,,2.3
C[C@@H]([C@@H](O)c1ccc([O-])cc1)[NH+]1CCC(O)(c2ccccc2)CC1,QEMSVZNTSXPFJA-HNAYVOBHSA-N,4.4,0.63,2.1,1.0,327.42,63.9,4.0,3.0,4.0,,,1.0
C[C@@H]([NH2+]CCCc1cccc(C(F)(F)F)c1)c1cccc2ccccc12,VDHAWDNDOKGFTD-MRXNPFEDSA-O,17.6,0.05,6.6,5.1,357.41,12.0,1.0,1.0,6.0,,,5.1
C[C@@H]([NH2+]CCc1ccc([O-])cc1)[C@@H](O)c1ccc([O-])cc1,IOVGROKTTNBUGK-SJKOYZFVSA-M,4.4,0.64,1.9,0.37,287.35,72.7,4.0,4.0,6.0,,,0.37
C[C@@H]1CCC[C@H](C)[NH+]1CCCC(O)(c1ccccc1)c1ccccn1,APUDBKTWDCXQJA-QIDMFYOTSA-O,1.4,0.13,4.2,2.1,338.49,36.4,3.0,1.0,6.0,,,2.1
C[C@@H]1CC[NH+](C(=O)CC#N)C[C@@H]1[NH+](C)c1ncnc2[nH]ccc12,UJLAWZDWDVHWOW-YPMHNXCESA-P,1.24,0.6,1.5,1.5,312.37,88.9,7.0,1.0,4.0,,,1.5
C[C@@H]1CN(c2c(F)c(N)c3c(=O)c(C(=O)[O-])cn(C4CC4)c3c2F)C[C@H](C)[NH2+]1,DZZWHBIBMUVIIW-DTORHVGOSA-N,3.9,0.55,2.7,-0.36,392.4,98.9,7.0,3.0,3.0,-0.15,,-0.15
C[C@@H]1C[C@@H]2[C@@H]3CC=C4CC(=O)C=C[C@]4(C)C3=CC[C@]2(C)C1C(=O)C[NH+]1CCN(c2cc(N3CCCC3)nc(N3CCCC3)n2)CC1,NSTCAXPRTTYSFG-OYPOSLEQSA-O,9.8,0.006,8.1,6.1,624.86,72.9,8.0,0.0,6.0,,,6.1
C[C@@H]1C[C@H]2[C@@H]3CC=C4CC(=O)C=C[C@]4(C)[C@@]3(F)[C@@H](O)C[C@]2(C)[C@@]1(O)C(=O)CO,GJFCONYVAUNLKB-CXSFZGCWSA-N,0.94,0.32,1.7,1.7,392.46,94.8,5.0,3.0,2.0,,,1.7
C[C@@H]1C[C@H]2[C@@H]3C[C@H](F)C4=CC(=O)C=C[C@]4(C)[C@H]3[C@@H](O)C[C@]2(C)C1C(=O)CO,GAKMQHDJQHZUTJ-NROBXUFPSA-N,0.68,0.04,2.3,2.3,376.46,74.6,4.0,2.0,2.0,,,2.3
C[C@@H]1C[C@H]2[C@H]3CC=C4CC(=O)C=C[C@]4(C)[C@@]3(Cl)[C@@H](O)C[C@]2(C)[C@@]1(OC(=O)c1ccco1)C(=O)CCl,DQTQVEGUWIUSSO-CLWZPKSSSA-N,2.2,0.01,4.5,4.5,521.43,94.1,6.0,1.0,5.0,,,4.5
C[C@@H]1C[NH+](C2CCC(C#N)(c3ccc(F)cc3)CC2)CC[C@]1(C(=O)[O-])c1ccccc1,ZCGOMHNNNFPNMX-YHYDXASRSA-N,1.17,0.453,4.3,2.0,420.52,64.3,4.0,1.0,6.0,,,2.0
C[C@@H]1O[C@@H]1P(=O)([O-])[O-],YMDXZJFXQJVXBF-STHAYSLISA-L,0.32,1.0,-0.62,-5.7,138.06,70.1,4.0,2.0,1.0,,,-5.7
C[C@@H]1[C@H](O)[C@@H](C)C=CC=CC=CC=CC=CC=CC=C[C@H](O[C@H]2O[C@H](C)[C@@H](O)[C@H]([NH3+])[C@@H]2O)C[C@@H]2O[C@@](O)(C[C@@H](O)C[C@@H](O)[C@H](O)CC[C@@H](O)C[C@@H](O)CC(=O)O[C@H]1C)C[C@H](O)C2C(=O)[O-],APKFDSVGJQXUKY-ZJWIRIRESA-N,0.62,0.03,3.1,0.41,924.08,319.6,18.0,12.0,15.0,,,0.41
C[C@@]1(Cn2ccnn2)C(C(=O)[O-])[NH+]2C(=O)C[C@H]2S1(=O)=O,LPQZKKCYTLCDGQ-HUWCLSLFSA-N,0.26,0.7,-1.7,-5.2,300.29,122.5,9.0,1.0,3.0,,,-5.2
C[C@@]12CCCCC[C@@H](Cc3ccc([O-])cc31)[C@@H]2[NH3+],VTMVHDZWSFQSQP-VBNZEHGJSA-N,5.6,0.08,3.0,1.1,245.36,46.3,2.0,2.0,0.0,,,1.1
C[C@H](/C=C/[C@H](C)C(C)(C)O)[C@H]1CC[C@H]2/C(=C/C=C3C[C@@H](O)C[C@H](O)C3)CCC[C@]12C,BPKAHTKRCLCHEA-UBFJEZKGSA-N,0.41,0.0016,6.4,6.4,416.64,60.7,3.0,3.0,4.0,,,6.4
C[C@H](Cn1cnc2c(N)ncnc21)OCP(=O)([O-])[O-],SGOIRFVFHAKUTI-ZCFIWIBFSA-L,0.83,0.93,-1.3,-6.4,287.21,136.4,9.0,3.0,5.0,,,-6.4
C[C@H](O)C1C(=O)[NH+]2C(C(=O)[O-])=C(S[C@H]3C[NH2+][C@H](CNS(N)(=O)=O)C3)[C@@H](C)C12,AVAACINZEOAHHE-MTDCTELZSA-O,0.23,0.92,-1.5,-3.9,420.5,162.1,10.0,5.0,10.0,,,-3.9
C[C@H]([NH3+])Cc1ccccc1,KWTSXDURSIMDCE-QMMMGPOBSA-O,6.1,0.8,1.8,-0.64,135.21,26.0,1.0,1.0,2.0,,,-0.64
C[C@H]1C(=NC(=O)C(NOC(C)(C)C(=O)[O-])c2csc(N)n2)C(=O)N1S(=O)(=O)[O-],FLMIOANAVARRAD-NTFOPCPOSA-L,0.18,0.4,-0.95,-6.2,435.43,201.6,13.0,4.0,7.0,,,-6.2
C[C@H]1COc2c(C3([NH3+])CC3)c(F)cc3c(=O)c(C(=O)[O-])cn1c23,XAGMUUZPGZWTRP-ZETCQYMHSA-N,0.68,0.79,1.6,-0.87,318.3,94.6,6.0,2.0,2.0,,,-0.87
C[C@H]1COc2c(N3CC[NH+](C)CC3)c(F)c(N)c3c(=O)c(C(=O)[O-])cn1c23,MHFCVNDHFSOKMK-VIFPVBQESA-N,2.42,0.82,1.5,-0.73,376.38,99.3,8.0,2.0,2.0,,,-0.73
C[C@H]1COc2c(N3CC[NH+](C)CC3)c(F)cc3c(=O)c(C(=O)[O-])cn1c23,GSDSWSVVBLHKDQ-JTQLQIEISA-N,1.2,0.75,1.9,-0.4,361.37,73.3,7.0,1.0,2.0,-0.35,3.0,-0.35
C[C@H]1C[C@H]2[C@@H]3CC=C4CC(=O)C=C[C@]4(C)[C@@]3(F)[C@@H](O)C[C@]2(C)[C@@]1(O)C(=O)CO,GJFCONYVAUNLKB-DVTGEIKXSA-N,1.3,0.36,1.7,1.7,392.46,94.8,5.0,3.0,2.0,,,1.7
C[C@H]1C[NH+](CC(Cc2ccccc2)C(=O)NCC(=O)[O-])CC[C@@]1(C)c1cccc([O-])c1,UPNUIXSCZBYVBB-COAOWADVSA-M,0.43,0.2,3.1,0.28,424.53,89.9,6.0,3.0,8.0,,,0.28
C[C@H]1O[C@@H](O[C@H]2[C@@H](O)C[C@H](O[C@H]3[C@@H](O)C[C@H](O[C@H]4CC[C@@]5(C)[C@H](CC[C@@H]6[C@@H]5CC[C@]5(C)[C@@H](C7=CC(=O)OC7)CC[C@]65O)C4)O[C@@H]3C)O[C@@H]2C)C[C@H](O)[C@@H]1O,WDJUZGPOPHTGOT-XUDUSOBPSA-N,0.44,0.066,1.2,1.2,764.94,182.8,13.0,5.0,7.0,,,1.2
C[C@H]1O[C@@H](O[C@H]2[C@@H](O)C[C@H](O[C@H]3[C@@H](O)C[C@H](O[C@H]4CC[C@@]5(C)[C@H](CC[C@@H]6[C@@H]5C[C@@H](O)[C@]5(C)[C@@H](C7=CC(=O)OC7)CC[C@]65O)C4)O[C@@H]3C)O[C@@H]2C)C[C@H](O)[C@@H]1O,LTMHDMANZUZIPE-PUGKRICDSA-N,4.1,0.7,0.21,0.21,780.94,203.1,14.0,6.0,7.0,,,0.21
C[C@H]1O[C@@H](n2cc(F)c(=O)[n-]c2=O)[C@H](O)[C@@H]1O,ZWAOHEXOSAUJHY-ZIYNGMLESA-M,0.28,0.61,-1.3,-1.5,246.19,99.1,7.0,3.0,1.0,,,-1.5
C[C@H]1[C@H](OC(=O)CCC(=O)[O-])O[C@@H]2O[C@@]3(C)CC[C@H]4[C@H](C)CC[C@@H]1[C@@]24OO3,FIHJKUPKCHIPAT-AHIGJZGOSA-M,15.0,0.25,3.0,2.9,384.42,100.5,8.0,1.0,5.0,,,2.9
C[C@H]1[NH2+]Cc2cc(-c3ccc4c(=O)c(C(=O)[O-])cn(C5CC5)c4c3OC(F)F)ccc21,NJDRXTDGYFKORP-LLVKDONJSA-N,1.0,0.25,3.4,1.1,426.41,78.9,6.0,2.0,6.0,,,1.1
C[C@H]1c2cccc([O-])c2C(=O)C2=C([O-])[C@]3(O)C(=O)C(C(N)=O)=C([O-])[C@@H]([NH+](C)C)[C@@H]3[C@@H](O)[C@@H]21,JBIWCJUYHHGXTC-AKNGSSGZSA-L,0.69,0.12,-0.64,-3.3,444.43,181.6,10.0,6.0,2.0,,,-3.3
C[C@]([NH3+])(Cc1ccc([O-])c([O-])c1)C(=O)[O-],CJCSPKMFHVPWAR-JTQLQIEISA-L,0.69,0.85,0.66,-2.1,211.21,103.8,5.0,4.0,3.0,,,-2.1
C[C@]12C=CC(=O)C=C1CC[C@@H]1C2C(=O)C[C@@]2(C)[C@H]1CC[C@]2(O)C(=O)CO,XOFYZVNMUHMLCC-VLNSYWPESA-N,0.57,0.27,1.4,1.4,358.43,91.7,5.0,2.0,2.0,,,1.4
C[C@]12C=CC(=O)C=C1CC[C@@H]1[C@@H]2[C@@H](O)C[C@@]2(C)[C@H]1CC[C@]2(O)C(=O)CO,OIGNJSKKLXVSLS-VWUMJDOOSA-N,0.86,0.25,1.7,1.6,360.44,94.8,5.0,3.0,2.0,,,1.6
C[C@]12CC=C3C4=C(CCC3[C@@H]1CC[C@@]2(O)CC#N)CC(=O)CC4,WUQMVSOZWZOUJR-SEBOWIOWSA-N,0.6,0.1,2.1,2.1,311.42,61.1,3.0,1.0,2.0,,,2.1
C[C@]12CCC(=O)C=C1CC[C@@H]1[C@@H]2[C@@H](O)C[C@@]2(C)[C@H]1CC[C@]2(O)C(=O)CO,JYGXADMDTFJGBT-VWUMJDOOSA-N,0.38,0.2,1.5,1.5,362.46,94.8,5.0,3.0,2.0,,,1.5
C[C@]12CC[C@@H]3c4ccc(OC(=O)[NH+](CCCl)CCCl)cc4CC[C@H]3[C@@H]1CC[C@@H]2OP(=O)([O-])[O-],ADFOJJHRTBFFOF-RBRWEJTLSA-M,0.12,0.5,5.0,1.0,520.38,96.3,7.0,2.0,8.0,,,1.0
C[C@]12CC[C@@H]3c4ccc([O-])cc4CC[C@H]3[C@@H]1CC[C@@H]2O,VOXZDWNPVJITMN-ZBRFXRBCSA-M,1.2,0.016,3.7,3.7,272.38,40.5,2.0,2.0,0.0,,,3.7
C[C@]12CC[C@@H]3c4ccc([O-])cc4C[C@H](CCCCCCCCC[S+](O)CCCC(F)(F)C(F)(F)F)C3[C@@H]1CC[C@@H]2O,SHDRLYFPFHJQCU-IRRIJOERSA-N,4.15,0.01,9.0,9.0,606.77,57.5,3.0,2.0,16.0,,,9.0
C[C@]12CC[C@H]3[C@@H](CC=C4CC(=O)CC[C@@]43C)[C@@H]1CC[C@@H]2O,SEDRVEWTPRTLOZ-DYKIIFRCSA-N,0.35,0.057,3.3,3.3,288.42,37.3,2.0,1.0,0.0,,,3.3
C[C@]12C[C@]3(O)O[C@@H](O1)[C@@]1(COC(=O)c4ccccc4)[C@@H]3C[C@]12O[C@@H]1O[C@H](CO)[C@@H](O)[C@H](O)[C@H]1O,YKRGDOXKVOZESV-JINDGFQISA-N,0.22,0.77,-1.2,-1.2,480.46,164.4,11.0,5.0,7.0,,,-1.2
C[N+](C)(C)C[C@H](O)CC(=O)[O-],PHIQHXFUZVPYII-ZCFIWIBFSA-N,0.4,1.0,-4.6,-4.0,161.2,60.4,4.0,1.0,4.0,,,-4.0
C[N+]1(C)[C@@H]2CC(OC(=O)C(O)(c3cccs3)c3cccs3)C[C@H]1[C@@H]1O[C@@H]12,LERNTVKEWCAPOY-FPISHFTHSA-N,32.0,0.28,-2.3,-2.3,392.51,59.1,5.0,1.0,5.0,,,-2.3
C[N+]1(CC2CC2)CC[C@]23c4c5ccc([O-])c4OC2C(=O)CC[C@@]3(O)[C@H]1C5,JVLBPIPGETUEET-BKDZPPKTSA-N,2.6,0.87,-2.7,-1.4,356.44,66.8,5.0,2.0,2.0,,,-1.4
C[NH+](C)C(=O)CCS[C@H](SCCC(=O)[O-])c1cccc(/C=C/c2ccc3ccc(Cl)cc3n2)c1,AXUZQJFHDNNPFG-LHAVAQOQSA-N,0.11,0.0004,5.1,1.6,515.09,70.5,5.0,1.0,11.0,,,1.6
C[NH+](C)C/C=C(\c1ccc(Br)cc1)c1cccnc1,OYPPVKRFBIWMSX-CXUHLZMHSA-O,6.8,0.086,3.6,2.3,317.22,16.1,2.0,0.0,4.0,,,2.3
C[NH+](C)CC/C=C1\c2ccccc2COc2ccccc21,ODQWQRRAPPTVAG-GZTJUZNOSA-O,12.0,0.2,4.2,2.8,279.38,12.5,2.0,0.0,3.0,,,2.8
C[NH+](C)CCC(c1ccc(Cl)cc1)c1ccccn1,SOYKEARSMXGVTM-UHFFFAOYSA-O,3.3,0.7,3.3,1.4,274.79,16.1,2.0,0.0,5.0,,,1.4
C[NH+](C)CCC=C1c2ccccc2CCc2ccccc21,KRMDCWKBEZIMAB-UHFFFAOYSA-O,8.7,0.07,4.6,3.3,277.4,3.2,1.0,0.0,3.0,,,3.3
C[NH+](C)CCCC1(c2ccc(F)cc2)OCc2cc(C#N)ccc21,WSEQXVZVJXJVFP-UHFFFAOYSA-O,12.0,0.2,4.1,2.0,324.39,36.3,3.0,0.0,6.0,,,2.0
C[NH+](C)CCCN1c2ccccc2CCc2cc([O-])ccc21,ROTCPJFWLNDKHU-UHFFFAOYSA-N,6.6,0.36,3.9,2.2,296.41,26.7,3.0,1.0,4.0,,,2.2
C[NH+](C)CCCN1c2ccccc2CCc2ccc(Cl)cc21,GDLIGKIOYRNHDA-UHFFFAOYSA-O,13.0,0.029,5.1,3.4,314.85,6.5,2.0,0.0,4.0,,,3.4
C[NH+](C)CCCN1c2ccccc2CCc2ccccc21,BCGWQEUPMDMJNV-UHFFFAOYSA-O,12.0,0.075,4.3,2.7,280.41,6.5,2.0,0.0,4.0,,,2.7
C[NH+](C)CCCN1c2ccccc2Sc2ccc(Cl)cc21,ZPEIMTDSQAKGNT-UHFFFAOYSA-O,10.0,0.056,5.2,3.6,318.86,6.5,2.0,0.0,4.0,,,3.6
C[NH+](C)CCCN1c2ccccc2Sc2ccccc21,ZGUGWUXLJSTTMA-UHFFFAOYSA-O,8.1,0.11,4.4,2.8,284.42,6.5,2.0,0.0,4.0,,,2.8
C[NH+](C)CCCO[C@@H]1[C@H]2OC(C)(C)O[C@H]2O[C@@H]1[C@H](O)CO,YXBQLONCIPUQKO-UJPOAAIJSA-O,1.04,0.97,-0.32,-2.4,305.37,80.6,7.0,2.0,7.0,,,-2.4
C[NH+](C)CCCOc1nn(Cc2ccccc2)c2ccccc12,CNBGNNVCVSKAQZ-UHFFFAOYSA-O,1.53,0.8,4.2,0.76,309.41,30.3,4.0,0.0,7.0,,,0.76
C[NH+](C)CCNC(=O)c1cccc2cc3ccccc3nc12,XBGNERSKEKDZDS-UHFFFAOYSA-O,3.41,0.03,2.8,1.5,293.36,45.2,4.0,1.0,4.0,,,1.5
C[NH+](C)CCOC(c1ccccc1)c1ccccc1,ZZVUWRFHKOJYTH-UHFFFAOYSA-O,6.5,0.19,3.5,2.3,255.35,12.5,2.0,0.0,6.0,,,2.3
C[NH+](C)CCO[C@]1(c2ccccc2)C[C@H]2CC[C@]1(C)C2(C)C,QOBGWWQAMAPULA-RLLQIKCJSA-O,7.7,0.05,4.0,2.6,301.47,12.5,2.0,0.0,5.0,,,2.6
C[NH+](C)CCc1c[nH]c2ccc(CS(=O)(=O)[NH+]3CCCC3)cc12,WKEMJKQOLOHJLZ-UHFFFAOYSA-P,2.2,0.6,1.8,0.63,335.46,56.4,5.0,1.0,6.0,,,0.63
C[NH+](C)CCc1c[nH]c2ccc(C[C@H]3COC(=O)N3)cc12,ULSDMUVEXKOYBU-ZDUSSCGKSA-O,1.8,0.75,1.5,0.24,287.36,57.4,5.0,2.0,5.0,,,0.24
C[NH+](C)CCc1c[nH]c2ccc(Cn3cncn3)cc12,ULFRLSNUDGIQQP-UHFFFAOYSA-O,1.9,0.86,1.6,0.41,269.34,49.7,5.0,1.0,5.0,,,0.41
C[NH+](C)CCn1nnnc1SCC1=C(C(=O)[O-])[NH+]2C(=O)C(NC(=O)Cc3csc(N)n3)[C@H]2SC1,QYQDKDWGWDOFFU-WPZCJLIBSA-O,0.26,0.5,-1.2,-4.3,525.63,172.5,13.0,3.0,10.0,,,-4.3
C[NH+](C)C[C@H](c1ccc([O-])cc1)C1(O)CCCCC1,KYYIDSXMWOZKMP-OAHLLOKOSA-N,3.5,0.7,2.9,0.95,263.38,43.7,3.0,2.0,4.0,,,0.95
C[NH+](C)Cc1nnc2n1-c1ccc(Cl)cc1C(c1ccccc1)=NC2,GJSLOMWRLALDCT-UHFFFAOYSA-O,0.98,0.31,1.3,1.3,351.83,46.3,5.0,0.0,3.0,,,1.3
C[NH+](C)N=Nc1nc[n-]c1C(N)=O,NSMKJXYHSAZSJE-UHFFFAOYSA-N,1.2,1.0,-0.12,-0.12,182.18,99.7,7.0,2.0,3.0,,,-0.12
C[NH+](C)[C@@H]1C([O-])=C(C(=O)NC[NH+]2CCCC2)C(=O)[C@@]2(O)C([O-])=C3C(=O)c4c([O-])cccc4[C@@](C)(O)[C@H]3C[C@@H]12,HMEYVGGHISAPJR-IAHYZSEUSA-M,0.54,0.5,0.097,-4.1,527.57,170.9,11.0,6.0,4.0,,,-4.1
C[NH+](C)[C@@H]1C([O-])=C(C(N)=O)C(=O)[C@@]2(O)C([O-])=C3C(=O)c4c([O-])c(NC(=O)C[NH+]5CCCC5)cc(F)c4C[C@H]3C[C@@H]12,HLFSMUUOKPBTSM-ISIOAQNYSA-M,2.3,0.18,0.3,-3.9,558.56,193.7,12.0,6.0,5.0,,,-3.9
C[NH+](C)[C@@H]1C([O-])=C(C(N)=O)C(=O)[C@@]2(O)C([O-])=C3C(=O)c4c([O-])ccc(Cl)c4[C@@H](O)[C@H]3C[C@@H]12,FMTDIUIBLCQGJB-SEYHBJAFSA-L,1.3,0.59,-0.19,-2.9,464.85,181.6,10.0,6.0,2.0,,,-2.9
C[NH+](C)[C@@H]1C([O-])=C(C(N)=O)C(=O)[C@@]2(O)C([O-])=C3C(=O)c4c([O-])ccc(Cl)c4[C@@](C)(O)[C@H]3C[C@@H]12,CYDMQBQPVICBEU-XRNKAMNCSA-L,0.9,0.52,-0.2,-3.1,478.88,181.6,10.0,6.0,2.0,,,-3.1
C[NH+](C)[C@@H]1C([O-])=C(C(N)=O)C(=O)[C@@]2(O)C([O-])=C3C(=O)c4c([O-])cccc4[C@@](C)(O)[C@H]3C[C@@H]12,OFVLGDICTFRJMM-WESIUVDSSA-L,1.2,0.78,-0.87,-3.4,444.43,181.6,10.0,6.0,2.0,,,-3.4
C[NH+](C)[C@@H]1C([O-])=C(C(N)=O)C(=O)[C@@]2(O)C([O-])=C3C(=O)c4c([O-])cccc4[C@@](C)(O)[C@H]3[C@H](O)[C@@H]12,IWVCMVBTMGNXQD-PXOLEDIWSA-L,1.7,0.9,-1.9,-4.3,460.43,201.8,11.0,7.0,2.0,,,-4.3
C[NH+](CC(O)=NO)C(=O)C1CCCCC1C(=O)[O-],QKIVRALZQSUWHH-UHFFFAOYSA-N,1.0,1.0,-1.0,-3.5,258.27,106.9,7.0,3.0,4.0,,,-3.5
C[NH+](CCOc1ccc(NS(C)(=O)=O)cc1)CCc1ccc(NS(C)(=O)=O)cc1,IXTMWRCNAAVVAI-UHFFFAOYSA-O,3.3,0.36,1.9,1.2,441.56,104.8,8.0,2.0,11.0,,,1.2
C[NH+](c1nc2ccccc2s1)C1CC[NH+](C[C@@H](O)COc2ccc(F)cc2)CC1,IGMKTIJBFUMVIN-GOSISDBHSA-P,5.5,0.014,4.7,4.2,415.52,48.8,5.0,1.0,8.0,,,4.2
C[NH+](c1nc2ccccc2s1)C1CC[NH+](C[C@H](O)COc2ccc(F)c(F)c2)CC1,OZFSWVOEXHGDES-INIZCTEOSA-P,2.6,0.003,4.9,4.4,433.51,48.8,5.0,1.0,8.0,,,4.4
C[NH+]1C(C(=O)Nc2ccccn2)C(=O)c2sccc2S1(=O)=O,OTGJPAOGHQFBMI-UHFFFAOYSA-O,0.19,0.0085,2.5,-0.92,337.37,99.6,7.0,2.0,2.0,,,-0.92
C[NH+]1CC(C(=O)N[C@]2(C)O[C@@]3(O)[C@@H]4CCC[NH+]4C(=O)C(Cc4ccccc4)[NH+]3C2=O)C=C2c3cccc4[nH]cc(c34)C[C@H]21,XCGSFFUVFURLIX-QOEFELPASA-Q,3.6,0.02,3.6,3.5,581.66,118.2,10.0,3.0,4.0,,,3.5
C[NH+]1CC(C(=O)N[C@]2(C)O[C@]3(O)[C@@H]4CCC[NH+]4C(=O)C(Cc4ccccc4)[NH+]3C2=O)C[C@@H]2c3cccc4[nH]cc(c34)C[C@H]21,LUZRJRNZXALNLM-HZCJOHIGSA-Q,0.33,0.07,3.8,3.3,583.68,118.2,10.0,3.0,4.0,,,3.3
C[NH+]1CCCC(n2nc(Cc3ccc(Cl)cc3)c3ccccc3c2=O)CC1,MBUVEWMHONZEQD-UHFFFAOYSA-O,15.0,0.17,3.8,2.4,381.9,35.9,4.0,0.0,3.0,,,2.4
C[NH+]1CCC[C@@H]1Cc1c[nH]c2ccc(CCS(=O)(=O)c3ccccc3)cc12,PWVXXGRKLHYWKM-LJQANCHMSA-O,1.6,0.15,3.7,2.2,382.52,53.2,4.0,1.0,6.0,,,2.2
C[NH+]1CCC[C@H]1c1cccnc1,SNICXCGAKADSCV-JTQLQIEISA-O,2.6,0.95,1.1,-0.46,162.23,16.1,2.0,0.0,1.0,,,-0.46
C[NH+]1CCN(C2=[NH+]c3cc(Cl)ccc3Nc3ccccc32)CC1,QZUDBNBUXVUHMW-UHFFFAOYSA-P,1.6,0.055,4.5,4.1,326.82,30.9,4.0,1.0,1.0,,,4.1
C[NH+]1CCN(c2c(F)cc3c(=O)c(C(=O)[O-])cn(CCF)c3c2F)CC1,XBJBPGROQZJDOJ-UHFFFAOYSA-N,1.6,0.73,2.0,-0.27,369.34,64.1,6.0,1.0,4.0,,,-0.27
C[NH+]1CC[C@H](c2c([O-])cc([O-])c3c(=O)cc(-c4ccccc4Cl)oc23)[C@H](O)C1,BIIVYFLTOXDAOV-YVEFUNNKSA-M,1.5,0.06,3.6,2.4,401.84,90.2,6.0,3.0,2.0,,,2.4
C[NH+]1CC[C@]23CCCC[C@H]2[C@H]1Cc1ccc([O-])cc13,JAQUASYNZVUNQP-USXIJHARSA-N,11.5,0.6,3.0,0.98,257.37,23.5,2.0,1.0,0.0,,,0.98
C[NH+]1CC[C@]23c4c5ccc([O-])c4OC2C(=O)CC[C@H]3[C@H]1C5,WVLOADHCBXTIJK-ZNFCEQIWSA-N,4.3,0.86,1.5,0.47,285.34,49.8,4.0,1.0,0.0,,,0.47
C[NH+]1CC[C@]23c4c5ccc([O-])c4O[C@H]2[C@@H](O)C=C[C@H]3[C@H]1C5,BQJCRHHNABKAKU-KBQPJGBKSA-N,2.3,0.65,1.1,0.093,285.34,52.9,4.0,2.0,0.0,,,0.093
C[NH+]1CC[C@]23c4c5ccc([O-])c4O[C@H]2[C@@H](O[C@@H]2OC(C(=O)[O-])[C@@H](O)[C@H](O)[C@H]2O)C=C[C@H]3[C@H]1C5,GNJCUHZOSOYIEC-XWHMVRNHSA-M,0.12,0.67,-0.47,-2.4,461.46,149.1,10.0,5.0,3.0,,,-2.4
C[NH+]1CC[NH+](C(=O)OC2c3nccnc3C(=O)[NH+]2c2ccc(Cl)cn2)CC1,GBBSUAFBMRNDJC-UHFFFAOYSA-Q,1.3,0.2,0.77,0.045,388.81,91.8,9.0,0.0,3.0,,,0.045
C[NH+]1CC[NH+](CCCC[NH+]2C(=O)C[NH+](/N=C/c3ccc(-c4ccc(Cl)cc4)o3)C2=O)CC1,MREBEPTUUMTTIA-PCLIKHOPSA-R,13.0,0.06,3.5,2.2,457.95,72.9,8.0,0.0,8.0,,,2.2
C[NH+]1CC[NH+]2c3ccccc3Cc3ccccc3[C@H]2C1,UEQUQVLFIPOEMF-GOSISDBHSA-P,13.75,0.05,3.1,2.3,264.36,6.5,2.0,0.0,0.0,,,2.3
C[NH+]1CC[NH+]2c3ncccc3Cc3ccccc3C2C1,RONZAEMNMFQXRA-UHFFFAOYSA-P,4.2,0.15,2.3,1.1,265.35,19.4,3.0,0.0,0.0,,,1.1
C[NH+]1CCc2cccc3c2[C@H]1Cc1ccc([O-])c([O-])c1-3,VMWNQDUVQKEIOC-CYBMUJFWSA-M,1.6,0.05,3.0,2.1,267.32,43.7,3.0,2.0,0.0,,,2.1
C[NH+]1CCc2nc(C(=O)N[C@@H]3CC(C(=O)[NH+](C)C)CC[C@@H]3NC(=O)C(=O)Nc3ccc(Cl)cn3)sc2C1,HGVDHZBSSITLCT-BOBJKBKNSA-P,1.53,0.5,1.5,1.3,548.06,136.6,11.0,3.0,6.0,,,1.3
C[NH+]1C[C@@H]2c3ccccc3Oc3ccc(Cl)cc3[C@H]2C1,VSWBSWWIRNCQIJ-HUUCEWRRSA-O,23.0,0.05,4.7,3.1,285.77,12.5,2.0,0.0,0.0,,,3.1
C[NH+]1Cc2c(N)cccc2C(c2ccccc2)C1,XXPANQJNYNUNES-UHFFFAOYSA-O,6.0,0.4,2.3,0.87,238.33,29.3,2.0,1.0,1.0,,,0.87
C[NH+]1[C@@H]2CC[C@H]1C[C@@H](OC(=O)C(CO)c1ccccc1)C2,RKUNBYITZUJHSG-SPUOUPEWSA-O,3.3,0.61,2.2,0.6,289.37,49.8,4.0,1.0,5.0,,,0.6
C[NH2+]/C(=C\[N+](=O)[O-])[NH2+]CCSCc1ccc(C[NH+](C)C)o1,VMXUWOKSQNHOCA-UKTHLTGXSA-Q,1.2,0.95,0.33,-0.71,314.4,86.6,7.0,2.0,10.0,,,-0.71
C[NH2+]/C(=C\[N+](=O)[O-])[NH2+]CCSCc1csc(C[NH+](C)C)n1,SGXXNSQHWDMGGP-IZZDOVSWSA-Q,1.0,0.65,-0.17,-0.24,331.46,86.0,7.0,2.0,10.0,,,-0.24
C[NH2+]C1(c2ccccc2Cl)CCCCC1=O,YQEZLKZALYSWHR-UHFFFAOYSA-O,2.9,0.47,2.6,2.2,237.73,29.1,2.0,1.0,2.0,,,2.2
C[NH2+]CCC=C1c2ccccc2CCc2ccccc21,PHVGLTMQBUFIQQ-UHFFFAOYSA-O,22.0,0.12,4.1,1.9,263.38,12.0,1.0,1.0,3.0,,,1.9
C[NH2+]CCCC12CCC(c3ccccc31)c1ccccc12,QSLMDECMDJKHMQ-UHFFFAOYSA-O,45.0,0.11,4.1,1.7,277.4,12.0,1.0,1.0,4.0,,,1.7
C[NH2+]CCCN1c2ccccc2CCc2ccccc21,HCYAFALTSJYZDH-UHFFFAOYSA-O,15.0,0.16,3.8,1.4,266.38,15.3,2.0,1.0,4.0,,,1.4
C[NH2+]CC[C@@H](Oc1ccccc1C)c1ccccc1,VHGCDTVCOLNTBX-QGZVFWFLSA-O,0.85,0.02,3.6,1.5,255.35,21.3,2.0,1.0,6.0,,,1.5
C[NH2+][C@@H](C)Cc1ccccc1,MYWUZJCMWCOHBA-VIFPVBQESA-O,4.3,0.85,2.1,-0.2,149.23,12.0,1.0,1.0,3.0,,,-0.2
C[NH2+][C@@H]1CCc2[nH]c3ccc(C(N)=O)cc3c2C1,XPSQPHWEGNHMSK-SECBINFHSA-O,3.6,0.85,1.3,-0.86,243.3,70.9,4.0,3.0,2.0,,,-0.86
C[NH2+][C@@H]1C[C@H]2OC(C)([C@@H]1OC)n1c3ccccc3c3c4c(c5c6ccccc6n2c5c31)C(=O)N[C@@H]4O,PBCZSGKMGDDXIJ-YVCRIDDQSA-O,0.15,0.0022,2.5,-0.29,482.53,89.7,8.0,3.0,2.0,,,-0.29
C[NH2+][C@@H]1[C@@H](O)[C@@H](O[C@@H]2[C@@H](O)[C@H](O[C@H]3OC(C[NH2+]CCO)=CC[C@H]3[NH3+])[C@@H]([NH3+])C[C@H]2NC(=O)C(O)CC[NH3+])OC[C@]1(C)O,IYDYFVUFSPQPPV-RZADNGOYSA-S,0.22,0.84,-6.3,-9.0,592.68,269.3,16.0,11.0,13.0,,,-9.0
C[NH2+][C@@H]1[C@@H](O)[C@@H](O[C@@H]2[C@@H](O)[C@H](O[C@H]3OC(C[NH3+])=CC[C@H]3[NH3+])[C@@H]([NH3+])C[C@H]2[NH3+])OC[C@]1(C)O,URWAJWIAIPFPJE-YFMIWBNJSA-S,0.19,0.15,-4.5,-8.4,447.53,213.7,12.0,8.0,6.0,,,-8.4
C[NH2+][C@@H]1[C@@H](O)[C@@H](O[C@@H]2[C@@H](O)[C@H](O[C@H]3O[C@H](C[NH3+])[C@@H](O)[C@H](O)[C@H]3O)[C@@H]([NH3+])C[C@H]2NC(=O)C(O)C[NH3+])OC[C@]1(C)O,UDIIBEDMEYAVNG-LZSNBCOPSA-R,0.32,0.95,-8.7,-9.0,569.6,297.7,17.0,12.0,9.0,,,-9.0
C[NH2+][C@@H]1[C@@H](O)[C@@H](O[C@@H]2[C@@H](O)[C@H](O[C@H]3O[C@H]([C@@H](C)[NH3+])CC[C@H]3[NH3+])[C@@H]([NH3+])C[C@H]2[NH3+])OC[C@]1(C)O,XUFIWSHGXVLULG-IDLVJFIQSA-S,0.33,1.0,-4.1,-7.1,463.57,213.7,12.0,8.0,6.0,,,-7.1
C[NH2+][C@@H]1[C@H](O[C@H]2[C@H](O[C@H]3[C@H](O)[C@@H](O)[C@H](NC(N)=[NH2+])[C@@H](O)[C@@H]3NC(N)=[NH2+])O[C@@H](C)[C@]2(O)C=O)O[C@@H](CO)[C@H](O)[C@H]1O,UCSJYZPVAKXKNQ-HZYVHMACSA-Q,0.34,0.65,-7.8,-9.0,581.57,331.4,19.0,14.0,11.0,,,-9.0
C[n+]1cccc(OC(=O)[NH+](C)C)c1,RVOLLAQWKVFTGE-UHFFFAOYSA-O,1.1,1.0,-3.7,-3.7,181.21,33.4,4.0,0.0,2.0,,,-3.7
C[n+]1ccccc1C=NO,JBKPUQTUERUYQE-UHFFFAOYSA-O,0.8,1.0,-3.2,-3.4,137.16,36.5,3.0,1.0,1.0,,,-3.4
Cc1[n-]c(=O)c(C#N)cc1-c1ccncc1,PZQLJSXMNYUAPE-UHFFFAOYSA-M,0.25,0.035,-0.055,-0.57,211.22,65.8,4.0,1.0,2.0,,,-0.57
Cc1[n-]cnc1C[NH+]1CCc2c(c3ccccc3n2C)C1=O,QPIMGCPPYUUAAD-UHFFFAOYSA-O,1.1,0.18,1.4,1.4,294.35,53.9,5.0,1.0,2.0,,,1.4
Cc1c(-c2ccc([O-])cc2)n(Cc2ccc(OCC[NH+]3CCCCCC3)cc2)c2ccc([O-])cc12,UCJGJABZCDBEDK-UHFFFAOYSA-M,15.4,0.02,6.6,5.5,470.6,57.9,5.0,2.0,7.0,,,5.5
Cc1c(C)c2ccc(OCCC[NH+]3CC[NH+](Cc4ccc(Cl)cc4)CC3)cc2oc1=O,USCSJAIWXWYTEH-UHFFFAOYSA-P,1.3,0.05,4.7,3.9,440.96,46.2,5.0,0.0,7.0,,,3.9
Cc1c(Cl)cccc1Nc1ccccc1C(=O)[O-],YEZNLOUZAIOMLT-UHFFFAOYSA-M,0.16,0.003,4.8,2.0,261.7,49.3,3.0,2.0,3.0,,,2.0
Cc1c(OCC(F)(F)F)ccnc1C[S+](O)c1nc2ccccc2[n-]1,VUMWDAKRMSFXHU-UHFFFAOYSA-N,0.28,0.021,2.5,2.4,369.36,67.9,5.0,1.0,5.0,,,2.4
Cc1cc(=O)c(C(=O)NC(C(=O)NC2C(=O)[NH+]3C(C(=O)[O-])=C(CSc4nnnn4C)CS[C@H]23)c2ccc([O-])cc2)c[n-]1,ZYNWUOXABLBNKD-QPFKGPCDSA-L,0.15,0.03,-0.78,-3.9,612.64,208.7,15.0,5.0,9.0,,,-3.9
Cc1cc(=O)n(-c2ccccc2)[nH]1,KZQYIMCESJLPQH-UHFFFAOYSA-N,0.23,0.89,2.2,2.2,174.2,32.7,3.0,0.0,1.0,,,2.2
Cc1cc(=O)n(-c2ccccc2)n1C,VEQOALNAAJBPNY-UHFFFAOYSA-N,0.77,0.93,0.19,0.19,188.23,23.5,3.0,0.0,1.0,0.11,4.47,0.11
Cc1cc(C)c2c(c1)[C@@H]([NH+](Cc1cc(C(F)(F)F)cc(C(F)(F)F)c1)c1nnn(C)n1)CCCN2CC1CCC(C(=O)[O-])CC1,IHIUGIVXARLYHP-UXNJHFGPSA-N,1.82,0.001,7.5,5.2,638.65,87.4,8.0,1.0,7.0,,,5.2
Cc1cc(NC(=O)C2C(=O)c3ccccc3S(=O)(=O)[NH+]2C)no1,SPTMROWPYQRZSX-UHFFFAOYSA-O,0.19,0.035,2.4,-0.77,335.34,113.0,8.0,2.0,2.0,,,-0.77
Cc1cc(NS(=O)(=O)c2ccc(N)cc2)no1,JLKIGFTWXXRPMT-UHFFFAOYSA-N,0.3,0.23,1.1,-0.56,253.28,98.5,6.0,2.0,3.0,-0.56,3.0,-0.56
Cc1cc2c(OCC(O)C[NH2+]C(C)C)cccc2[nH]1,NXWGWUVGUSFQJC-UHFFFAOYSA-O,2.17,0.51,2.1,0.37,262.35,57.3,4.0,3.0,6.0,,,0.37
Cc1ccc(-c2nc3ccc(C)cn3c2CC(=O)[NH+](C)C)cc1,ZAFYATHCZYHLPB-UHFFFAOYSA-O,0.54,0.08,3.0,3.0,307.39,37.6,4.0,0.0,3.0,,,3.0
Cc1ccc(-c2ncc(Cl)cc2-c2ccc(S(C)(=O)=O)cc2)cn1,MNJVRJDLRVPLFE-UHFFFAOYSA-N,1.5,0.081,3.5,3.5,358.84,59.9,4.0,0.0,3.0,,,3.5
Cc1ccc(-n2nccn2)c(C(=O)[NH+]2CCN(c3nc4cc(Cl)ccc4o3)CC[C@H]2C)c1,JYTNQNCOQXFQPK-MRXNPFEDSA-O,0.69,0.05,5.9,5.9,450.92,80.6,8.0,0.0,3.0,,,5.9
Cc1ccc(C(=O)c2cc([O-])c([O-])c([N+](=O)[O-])c2)cc1,MIQPIUSUKVNLNT-UHFFFAOYSA-L,0.12,0.0012,3.0,0.84,273.24,103.3,6.0,2.0,3.0,,,0.84
Cc1ccc(C(C[NH3+])CC(=O)[O-])cc1,MSZRPURXKHMSFF-UHFFFAOYSA-N,0.65,0.69,1.1,-1.2,193.24,63.3,3.0,2.0,4.0,,,-1.2
Cc1ccc(NC(=O)c2ccc(C[NH+]3CC[NH+](C)CC3)cc2)cc1Nc1nccc(-c2cccnc2)n1,KTUFNOKKBVMGRW-UHFFFAOYSA-P,3.9,0.05,4.4,3.3,493.6,86.3,8.0,2.0,7.0,,,3.3
Cc1ccc(Nc2nccc(N(C)c3ccc4c(C)n(C)nc4c3)n2)cc1S(N)(=O)=O,CUIHSIWYWATEQL-UHFFFAOYSA-N,0.16,0.01,4.0,4.0,437.52,119.0,9.0,2.0,5.0,3.3,,3.3
Cc1ccc(S(=O)(=O)[N-]C(=O)[N-]N2C[C@H]3CCC[C@@H]3C2)cc1,NOKNYHMNLQMORY-CHWSQXEVSA-M,0.43,0.03,1.7,0.2,323.41,78.5,6.0,2.0,3.0,,,0.2
Cc1ccc(Sc2ccccc2N2CC[NH2+]CC2)c(C)c1,YQNWZWMKLDQSAC-UHFFFAOYSA-O,35.3,0.02,4.8,3.1,298.45,15.3,2.0,1.0,3.0,,,3.1
Cc1ccc([C@@H]2O[C@H](CO)[C@@H](O)[C@H](O)[C@H]2O)cc1Cc1ccc(-c2ccc(F)cc2)s1,XTNGUQKDFGDXSJ-ZXGKGEBGSA-N,1.19,0.01,3.3,3.3,444.52,90.1,5.0,4.0,5.0,,,3.3
Cc1ccc([O-])c([C@H](CC[NH+](C(C)C)C(C)C)c2ccccc2)c1,OOGJQPCLVADCPB-HXUWFJFHSA-N,1.5,0.037,5.4,3.6,325.49,23.5,2.0,1.0,7.0,,,3.6
Cc1ccc2c(-c3ccccc3)nc(=O)n(C(C)C)c2c1,JTIGKVIOEQASGT-UHFFFAOYSA-N,0.52,0.02,3.8,3.8,278.35,34.9,3.0,0.0,2.0,,,3.8
Cc1cccc(C)c1NC(=O)C(C)[NH3+],BUJAGSGYPOAWEI-UHFFFAOYSA-O,1.8,0.87,0.65,0.27,192.26,55.1,3.0,2.0,2.0,,,0.27
Cc1cccc(C)c1NC(=O)C1CCCC[NH+]1C,INWLQCZOYSRPNW-UHFFFAOYSA-O,0.95,0.3,2.5,2.0,246.35,32.3,3.0,1.0,2.0,,,2.0
Cc1cccc(C)c1NC(=O)NCCC[NH2+]C(C)C,WHJSFPCTWYLZRC-UHFFFAOYSA-O,1.4,0.86,2.3,0.31,263.38,53.2,4.0,3.0,6.0,,,0.31
Cc1cccc(C)c1OCC(C)[NH3+],VLPIATFUUWWMKC-UHFFFAOYSA-O,5.9,0.36,2.2,0.55,179.26,35.3,2.0,1.0,3.0,,,0.55
Cc1cccc(Cl)c1C(=O)NC(Cc1ccc(NC(=O)c2c(Cl)cncc2Cl)cc1)C(=O)[O-],WCGJWHNYKVSSFL-UHFFFAOYSA-M,0.3,0.1,4.6,1.5,506.77,108.4,7.0,3.0,7.0,,,1.5
Cc1cccc(N2CC(CO)OC2=O)c1,MXUNKHLAEDCYJL-UHFFFAOYSA-N,1.5,0.49,1.9,1.9,207.23,49.8,4.0,1.0,2.0,,,1.9
Cc1cccc(Nc2ccncc2S(=O)(=O)[N-]C(=O)[NH2+]C(C)C)c1,XNPQAJPIVCYYJY-UHFFFAOYSA-N,0.21,0.01,2.9,0.095,348.42,100.2,7.0,3.0,5.0,,,0.095
Cc1cccc([C@H](C)c2c[n-]cn2)c1C,WXIAQRKAXQUKIA-NSHDSACASA-N,1.6,0.06,2.8,2.7,200.28,28.7,2.0,1.0,2.0,,,2.7
Cc1ccccc1-c1cc(N2CC[NH+](C)CC2)ncc1N(C)C(=O)C(C)(C)c1cc(C(F)(F)F)cc(C(F)(F)F)c1,WAXQNWCZJDTGBU-UHFFFAOYSA-O,5.54,0.003,6.7,5.3,578.59,39.7,5.0,0.0,5.0,,,5.3
Cc1ccccc1C(=O)Nc1ccc(C(=O)N2CCC[C@H](O)c3cc(Cl)ccc32)c(C)c1,GYHCTFXIZSNGJT-DEOSSOPVSA-N,0.5,0.01,5.2,5.2,448.94,69.6,5.0,2.0,3.0,,,5.2
Cc1ccccc1OCC(O)C[NH2+]CCOc1ccc(C(N)=O)cc1,SKQDKFOTIPJUSV-UHFFFAOYSA-O,4.0,0.089,1.5,0.63,344.4,93.8,6.0,3.0,10.0,,,0.63
Cc1ccccc1[NH+]1C(=O)c2cc(S(N)(=O)=O)c(Cl)cc2[NH2+]C1C,AQCHWTWZEMGIFD-UHFFFAOYSA-P,1.6,0.05,3.5,3.5,365.83,92.5,6.0,2.0,2.0,,,3.5
Cc1cccnc1NS(=O)(=O)c1ccc(C#Cc2ccc([O-])c(C(=O)[O-])c2)cc1,WJLQPSZXCOYTHS-UHFFFAOYSA-L,0.1,0.0019,4.1,0.52,408.43,116.6,7.0,3.0,8.0,,,0.52
Cc1ccnc2c1NC(=O)c1cccnc1[NH+]2C1CC1,NQDJXKOVJZTUJA-UHFFFAOYSA-O,1.3,0.32,1.3,1.1,266.3,58.1,5.0,1.0,1.0,,,1.1
Cc1ccsc1C(=CCC[NH+]1CCCC(C(=O)[O-])C1)c1sccc1C,PBJUNZJWGZTSKL-UHFFFAOYSA-N,1.1,0.04,5.3,2.4,375.55,40.5,3.0,1.0,6.0,,,2.4
Cc1cn([C@H]2C=C[C@@H](CO)O2)c(=O)[n-]c1=O,XNKLLVCARDGLGL-JGVFFNPUSA-M,0.67,1.0,-0.71,-0.71,224.21,78.9,6.0,2.0,2.0,,,-0.71
Cc1cn([C@H]2C[C@H](N=[N+]=[N-])[C@@H](CO)O2)c(=O)[n-]c1=O,HBOMLICNUCNMMY-XLPZGREQSA-M,1.8,0.8,-0.32,-0.32,267.24,127.6,9.0,2.0,3.0,,,-0.32
Cc1cnc(C(=O)NC2CCCCC/C=C\[C@@H]3C[C@@]3(C(=O)[N-]S(=O)(=O)C3CC3)NC(=O)C3C[C@@H](Oc4nc5ccccc5c5ccccc45)C[NH+]3C2=O)cn1,SSKCBRRJZJCFKC-OHFHWBOZSA-N,1.37,0.022,5.3,2.3,765.88,189.6,14.0,3.0,7.0,,,2.3
Cc1cnc(C(=O)NCCc2ccc(S(=O)(=O)[N-]C(=O)[NH2+]C3CCCCC3)cc2)cn1,HYGPFLCBGJFWEL-UHFFFAOYSA-N,0.16,0.02,2.1,0.0081,445.54,130.1,9.0,3.0,7.0,,,0.0081
Cc1cnc(NC(=O)C2C(=O)c3ccccc3S(=O)(=O)[NH+]2C)s1,ZAHQBPYQBHTECE-UHFFFAOYSA-O,0.15,0.003,2.6,-0.7,351.4,99.6,7.0,2.0,2.0,,,-0.7
Cc1nc(=O)c(C#N)c(NCc2cccnc2)[n-]1,NZXHFDXOCVIYLO-UHFFFAOYSA-M,0.39,0.05,-0.75,-0.8,241.25,90.2,6.0,2.0,4.0,,,-0.8
Cc1nc(=O)c2cc(CN(C)c3ccc(C(=O)NC(CCC(=O)[O-])C(=O)[O-])s3)ccc2[n-]1,UKGFXUWEQPEGNS-UHFFFAOYSA-K,6.57,0.05,1.6,-3.4,458.49,152.7,10.0,4.0,9.0,,,-3.4
Cc1nc(C#Cc2ccnc(Cl)c2)c(C)n1-c1ccc(F)cc1,UPZWINBEAHDTLA-UHFFFAOYSA-N,9.7,0.01,4.0,4.0,325.77,30.7,3.0,0.0,3.0,,,4.0
Cc1nc2c([n-]1)-c1ccccc1N(C(=O)c1ccc(NC(=O)c3ccccc3-c3ccccc3)cc1)CC2,SXMSLNDWBIHGAX-UHFFFAOYSA-M,0.76,0.01,5.5,5.0,498.57,78.1,6.0,2.0,4.0,,,5.0
Cc1nc2n(c(=O)c1CC[NH+]1CCC(c3noc4cc(F)ccc34)CC1)CCCC2,RAPZEAPATHNIPO-UHFFFAOYSA-O,1.1,0.1,3.1,2.6,410.48,62.2,6.0,0.0,4.0,,,2.6
Cc1nc2sccn2c(=O)c1CC[NH+]1CCC(=C(c2ccc(F)cc2)c2ccc(F)cc2)CC1,JUQLTPCYUFPYKE-UHFFFAOYSA-O,1.41,0.008,5.7,4.9,477.57,35.9,4.0,0.0,5.0,,,4.9
Cc1ncc([N+](=O)[O-])n1CCO,VAOCPAMSLUNLGC-UHFFFAOYSA-N,0.4,0.96,-0.44,-0.44,171.15,83.9,6.0,1.0,3.0,-0.11,3.0,-0.11
Cc1ncc([N+](=O)[O-])n1C[C@H](O)CCl,IPWKIXLWTCNBKN-ZCFIWIBFSA-N,1.16,0.88,0.23,0.22,219.63,81.2,6.0,1.0,4.0,,,0.22
Cc1ncc2n1-c1ccc(Cl)cc1C(c1ccccc1F)=NC2,DDLIGBOFAVUZHB-UHFFFAOYSA-N,1.1,0.017,3.1,3.1,325.77,30.2,3.0,0.0,1.0,3.4,121.0,3.4
Cc1nccn1CC1CCc2c(c3ccccc3n2C)C1=O,FELGMEQIXOGIFQ-UHFFFAOYSA-N,1.8,0.27,2.1,1.0,293.36,39.8,4.0,0.0,2.0,1.67,3.0,1.67
Cc1nccn1CCC(C(N)=O)(c1ccccc1)c1ccccc1,SQKXYSGRELMAAU-UHFFFAOYSA-N,1.51,0.12,1.8,1.7,319.4,60.9,4.0,1.0,6.0,1.79,46.0,1.79
Cc1ncsc1CCCl,PCLITLDOTJTVDJ-UHFFFAOYSA-N,6.6,0.36,1.9,1.9,161.65,12.9,1.0,0.0,2.0,,,1.9
Cc1nnc(C(C)C)n1C1C[C@H]2CC[C@@H](C1)[NH+]2CC[C@@H](NC(=O)C1CCC(F)(F)CC1)c1ccccc1,GSNHKUDZZFZSJB-BTUDYTORSA-O,2.3,0.25,4.5,3.1,513.67,63.0,6.0,1.0,8.0,,,3.1
Cc1nnc(SCC2=C(C(=O)[O-])[NH+]3C(=O)C(NC(=O)Cn4cnnn4)[C@H]3SC2)s1,MLYYVTUWGNIJIB-FFFFSGIJSA-N,0.12,0.18,-1.2,-4.2,454.51,156.1,12.0,2.0,7.0,,,-4.2
Cc1nnc2n1-c1ccc(Cl)cc1C(c1ccccc1)=NC2,VREFGVBLTWBCJP-UHFFFAOYSA-N,0.8,0.29,2.0,1.9,308.76,43.1,4.0,0.0,1.0,1.98,3.98,1.98
Cc1nnc2n1-c1ccc(Cl)cc1C(c1ccccc1Cl)=NC2,JOFWLTCLBGQGBO-UHFFFAOYSA-N,0.58,0.1,2.6,2.6,343.21,43.1,4.0,0.0,1.0,2.34,150.0,2.34
Cc1nnc2n1-c1sc(Br)cc1C(c1ccccc1Cl)=NC2,UMSGKTJDUHERQW-UHFFFAOYSA-N,0.75,0.092,2.8,2.7,393.69,43.1,4.0,0.0,1.0,,,2.7
Cc1noc(NS(=O)(=O)c2ccc(N)cc2)c1C,NHUHCSRWZMLRLA-UHFFFAOYSA-N,0.17,0.079,0.79,-1.6,267.3,98.5,6.0,2.0,3.0,,3.0,-1.6
Cc1onc(-c2c(Cl)cccc2Cl)c1C(=O)NC1C(=O)[NH+]2C(C(=O)[O-])C(C)(C)S[C@H]12,YFAGHNZHGGCZAX-MQBCKMQZSA-N,0.11,0.033,3.3,0.023,470.33,113.0,8.0,2.0,4.0,,,0.023
Cc1onc(-c2c(F)cccc2Cl)c1C(=O)NC1C(=O)[NH+]2C(C(=O)[O-])C(C)(C)S[C@H]12,UIOFUWFRIANQPC-MQBCKMQZSA-N,0.19,0.043,2.8,-0.5,453.87,113.0,8.0,2.0,4.0,,,-0.5
Cc1onc(-c2ccccc2)c1-c1ccc(S(N)(=O)=O)cc1,LNPDTQAFDNKSHK-UHFFFAOYSA-N,0.75,0.02,2.5,2.5,314.36,86.5,5.0,1.0,3.0,2.37,,2.37
Cc1onc(-c2ccccc2)c1C(=O)NC1C(=O)[NH+]2C(C(=O)[O-])C(C)(C)S[C@H]12,UWYHMGVUTGAWSP-MQBCKMQZSA-N,0.19,0.07,2.1,-1.2,401.44,113.0,8.0,2.0,4.0,,,-1.2
Clc1ccc(COC(Cn2ccnc2)c2ccc(Cl)cc2Cl)c(Cl)c1,BYBLEWFAAKGYCD-UHFFFAOYSA-N,7.14,0.08,5.8,5.8,416.13,27.0,3.0,0.0,6.0,,,5.8
Clc1ccc2nsnc2c1NC1=[NH+]CCN1,XFYDIVBRZNQMJC-UHFFFAOYSA-O,2.4,0.7,1.4,-0.26,253.71,62.2,5.0,2.0,2.0,,,-0.26
Clc1cccc(Cl)c1NC1=[NH+]CCN1,GJSURZIOUXUGAL-UHFFFAOYSA-O,3.3,0.56,2.0,0.84,230.09,36.4,3.0,2.0,2.0,,,0.84
Cn1c(=N)c(NC(=O)NCC[NH3+])cn1CC1=C(C(=O)[O-])[NH+]2C(=O)C(=NC(=O)C(NOC(C)(C)C(=O)[O-])c3nsc(N)n3)[C@H]2SC1,MBOIRYNXCZKSGU-KKIBXBACSA-N,0.17,0.81,-4.7,-9.0,666.69,294.9,20.0,8.0,12.0,,,-9.0
Cn1c(=O)c2c(ncn2C)n(C)c1=O,RYYVLZVUVIJVGH-UHFFFAOYSA-N,0.63,0.64,0.078,0.078,194.19,58.4,6.0,0.0,0.0,-0.03,3.0,-0.03
Cn1c(=O)c2nc[n-]c2n(C)c1=O,GUMTYTFCQLOVQF-UHFFFAOYSA-M,0.51,0.61,-0.22,-0.22,180.16,69.3,6.0,1.0,0.0,,,-0.22
Cn1c(CCCC(=O)[O-])nc2cc(N(CCCl)CCCl)ccc21,YTKUWDBFDASYHO-UHFFFAOYSA-M,0.22,0.05,3.0,0.65,358.26,58.4,5.0,1.0,9.0,,,0.65
Cn1c(CNc2ccc(C(N)=[NH2+])cc2)nc2cc(C(=O)N(CCC(=O)[O-])c3ccccn3)ccc21,YBSJFWOBGCMAKL-UHFFFAOYSA-N,0.85,0.65,0.25,-1.1,471.51,150.2,10.0,4.0,11.0,,,-1.1
Cn1c(NCC[NH+](CCO)CCCc2ccc([N+](=O)[O-])cc2)cc(=O)n(C)c1=O,OEBPANQZQGQPHF-UHFFFAOYSA-O,1.96,0.09,1.2,0.5,405.45,122.6,10.0,2.0,11.0,,,0.5
Cn1cncc1[C@@]([NH3+])(c1ccc(Cl)cc1)c1ccc2c(c1)c(-c1cccc(Cl)c1)cc(=O)n2C,PLHJCIYEEKOWNM-HHHXNRCGSA-O,0.93,0.006,4.1,4.1,489.4,65.8,5.0,1.0,4.0,,,4.1
Cn1nc(C(=O)N[C@H]2C[C@H]3CCC[C@@H](C2)[NH+]3C)c2ccccc21,MFWNKCLOYSRHCJ-BTTYYORXSA-O,3.7,0.35,2.8,1.2,312.41,50.2,5.0,1.0,2.0,,,1.2
Cn1nnc(-c2ccc(-c3ccc(N4C[C@H](CO)OC4=O)cc3F)cn2)n1,XFALPSLJIHVRKE-GFCCVEGCSA-N,0.91,0.11,2.0,2.0,370.34,106.3,9.0,1.0,4.0,,,2.0
Cn1nnnc1SCC1=C(C(=O)[O-])[NH+]2C(=O)C(NC(=O)C(O)c3ccccc3)[C@H]2SC1,OLVCFLKTBJRLHI-IJGSQOGDSA-N,0.16,0.25,-0.37,-3.4,462.5,150.5,11.0,3.0,7.0,,,-3.4
Fc1ccc([C@@H]2CC[NH2+]C[C@H]2COc2ccc3c(c2)OCO3)cc1,AHOUBRCZNHFOSL-YOEHRIQHSA-O,18.0,0.06,3.8,1.5,329.37,39.7,4.0,1.0,4.0,,,1.5
N#CC(CC[NH+]1CCC(C(N)=O)([NH+]2CCCCC2)CC1)(c1ccccc1)c1ccccc1,IHEHEFLXQFOQJO-UHFFFAOYSA-P,4.7,0.061,3.9,3.2,430.59,73.4,5.0,1.0,8.0,,,3.2
N#C[C@H]1CC2C[C@H]2[NH+]1C(=O)C([NH3+])C12CC3CC(CC(O)(C3)C1)C2,QGJUIPDUBHWZPV-IZPGDRADSA-P,1.8,1.0,0.086,0.077,315.41,90.4,5.0,2.0,3.0,,,0.077
N#C[C@H]1CCC[NH+]1C(=O)C[NH2+]C12C[C@@H]3C[C@@H](CC(O)(C3)C1)C2,SYOKIDBDQMKNDQ-AUPQCFOMSA-P,1.03,0.885123618,0.17,-1.5,303.4,76.4,5.0,2.0,5.0,,,-1.5
N#Cc1c(N2C[C@@H]3[NH2+]CCO[C@H]3C2)c(F)cc2c(=O)c(C(=O)[O-])cn(C3CC3)c12,FYMHQCNFKNMJAV-HOTGVXAUSA-N,1.42,0.75,1.1,-1.9,398.39,107.6,8.0,2.0,4.0,,,-1.9
N#Cc1ccc(C(c2ccc(C#N)cc2)n2cncn2)cc1,HPJKCIUCZWXJDR-UHFFFAOYSA-N,1.9,0.41,2.1,2.1,285.3,78.3,5.0,0.0,5.0,1.7,3.0,1.7
N#Cc1ccc2[nH]cc(CCCC[NH+]3CCN(c4ccc5oc(C(N)=O)cc5c4)CC3)c2c1,SGEGOXDYSFKCPT-UHFFFAOYSA-O,4.85,0.03,4.0,3.0,441.52,102.6,7.0,2.0,8.0,,,3.0
N#Cc1ccc2c(c1)C[NH+](S(=O)(=O)c1cccs1)[C@H](Cc1ccccc1)CN2Cc1cnc[n-]1,JLYXUDQZHGUIIY-HSZRJFAPSA-O,0.84,0.01,3.6,3.5,489.61,93.1,7.0,1.0,7.0,,,3.5
N#Cc1ccccc1-c1cc(-c2ccccn2)cn(-c2ccccc2)c1=O,PRMWGUBFXWROHD-UHFFFAOYSA-N,1.36,0.05,3.1,3.1,349.38,58.7,4.0,0.0,4.0,,,3.1
N/N=c1\[n-]ncc2ccccc12,CCEGPWRZSICLSD-UHFFFAOYSA-N,1.5,0.12,2.4,-1.1,160.18,62.8,4.0,2.0,0.0,,,-1.1
NC(=O)C(c1ccccc1)(c1ccccc1)[C@@H]1CC[NH+](CCc2ccc3c(c2)CCO3)C1,HXGBXQDTNZMWGS-RUZDIDTESA-O,2.6,0.02,3.8,2.5,426.55,55.6,4.0,1.0,7.0,,,2.5
NC(=O)C1CC[C@@H]2C[NH+]1C(=O)N2OS(=O)(=O)[O-],NDCUAPJVLWFHHB-CNZKWPKMSA-N,0.24,0.93,-2.1,-5.6,265.24,130.2,9.0,2.0,3.0,,,-5.6
NC(=O)N1c2ccccc2CC(O)c2ccccc21,BMPDWHIDQYTSHX-UHFFFAOYSA-N,0.72,0.7,1.9,1.9,254.28,66.6,4.0,2.0,0.0,,,1.9
NC(=O)OC[C@@H]1C(=NC(=O)C(NOCC(=O)[O-])c2csc(N)n2)C(=O)N1S(=O)(=O)[O-],IDGIWLYTKRMSEG-FOUAAFFMSA-L,0.18,0.72,-2.8,-8.0,466.4,253.9,16.0,5.0,10.0,,,-8.0
NC(=O)[NH+]1C(=O)C(C(=O)c2cccs2)c2cc(Cl)ccc21,IGPDWKCUDHIIRL-UHFFFAOYSA-O,0.11,0.01,2.1,0.95,320.75,83.6,5.0,2.0,1.0,,,0.95
NC(=O)c1csc([C@@H]2O[C@H](CO)[C@@H](O)[C@H]2O)n1,FVRDYQYEVDDKCR-DBRKOABJSA-N,1.1,0.47,-1.8,-1.8,260.27,125.9,7.0,4.0,3.0,,,-1.8
NC(=O)c1ncn([C@@H]2O[C@H](CO)[C@@H](O)[C@H]2O)n1,IWUCXVSUMQZMFG-AFCXAGJDSA-N,14.0,1.0,-2.8,-2.8,244.2,143.7,9.0,4.0,3.0,,,-2.8
NC(=[NH2+])N1CCC[C@@H](CNC(=O)CC(NS(=O)(=O)c2ccc3ccccc3c2)C(=O)[NH+](CC(=O)[O-])C2CC2)C1,BYDKEYCXCIVOOV-LBOXEOMUSA-O,0.36,0.55,0.68,-1.6,558.65,186.0,12.0,5.0,12.0,,,-1.6
NC(=[NH2+])N=c1[nH]c(CSCCC(=[NH2+])NS(N)(=O)=O)cs1,XUFQPHANEAPEMJ-UHFFFAOYSA-P,1.2,0.84,-1.3,-1.4,337.45,170.8,9.0,6.0,9.0,,,-1.4
NC(=[NH2+])NC(=O)Cc1c(Cl)cccc1Cl,INJOMKTZOLKMBF-UHFFFAOYSA-O,5.6,0.28,1.3,0.17,246.09,79.0,4.0,3.0,3.0,,,0.17
NC(=[NH2+])NC(=O)c1cnn(-c2cccc3ncccc23)c1C1CC1,GDXBRVCQGGKXJY-UHFFFAOYSA-O,1.7,0.34,1.0,1.0,320.35,109.7,7.0,3.0,4.0,,,1.0
NC(=[NH2+])NCCCCC1NC(=O)CCSSCC(C(N)=O)NC(=O)C2CCC[NH+]2C(=O)C(Cc2c[nH]c3ccccc23)NC(=O)C(CC(=O)[O-])NC(=O)CNC1=O,CZKPOZZJODAYPZ-UHFFFAOYSA-O,0.17,0.75,-3.2,-5.5,831.96,323.9,20.0,11.0,11.0,,,-5.5
NC(=[NH2+])NCCCNC(=O)C1CCCC[NH+]1C(=O)C(CC1CCCCC1)[NH2+]CC(=O)[O-],CDPROXZBMHOBTQ-UHFFFAOYSA-P,0.26,0.76,-0.46,-3.4,438.56,160.6,10.0,6.0,12.0,,,-3.4
NC(=[NH2+])c1ccc(C(=O)NC(Cc2ccc([O-])cc2)C(=O)[NH+]2CCC(OCC(=O)[O-])CC2)cc1,FPKOGTAFKSLZLD-UHFFFAOYSA-N,0.29,0.94,0.93,-0.3,468.5,166.0,10.0,5.0,9.0,,,-0.3
NC(=[NH2+])c1ccc(CNC(=O)C2CC[NH+]2C(=O)C([NH2+]CC(=O)[O-])C2CCCCC2)cc1,DKWNMCUOEDMMIN-UHFFFAOYSA-P,0.23,0.93,-0.76,-2.6,429.51,148.6,9.0,5.0,9.0,,,-2.6
NC(=[NH2+])c1ccc(OCCCCCOc2ccc(C(N)=[NH2+])cc2)cc1,XDRYMKDFEDOLFX-UHFFFAOYSA-P,53.0,0.09,2.5,-1.2,340.42,118.2,6.0,4.0,10.0,,,-1.2
NC(O)=NO,VSNHCAURESNICA-UHFFFAOYSA-N,0.52,1.0,-1.5,-1.5,76.05,75.3,4.0,3.0,0.0,,,-1.5
NS(=O)(=O)c1cc(C(=O)[O-])c(NCc2ccco2)cc1Cl,ZZUFCTLCJUWOSV-UHFFFAOYSA-M,0.12,0.012,1.8,-1.4,330.74,122.9,7.0,3.0,5.0,,,-1.4
NS(=O)(=O)c1cc(C(=O)[O-])cc(N2CCCC2)c1Oc1ccccc1,UJEWTUDSLQGTOA-UHFFFAOYSA-M,0.17,0.058,2.8,0.078,362.4,109.9,7.0,2.0,5.0,,,0.078
NS(=O)(=O)c1cc(C2(O)NC(=O)c3ccccc32)ccc1Cl,JIVPVXMEBJLZRO-UHFFFAOYSA-N,3.9,0.24,0.85,0.84,338.77,109.5,6.0,3.0,2.0,0.97,,0.97
NS(=O)(=O)c1ccc(S(=O)(=O)Nc2cccc3c(Cl)c[nH]c23)cc1,SETFNECMODOHTO-UHFFFAOYSA-N,0.68,0.001,1.3,1.0,385.85,122.1,7.0,3.0,4.0,,,1.0
N[N-]C(=O)c1ccncc1,OSGOEONOZAIVFX-UHFFFAOYSA-M,0.82,1.0,-1.0,-1.0,137.14,68.0,4.0,2.0,1.0,,,-1.0
Nc1[n-]c(=O)ncc1F,XRECTZIEBJDKEO-UHFFFAOYSA-M,0.68,1.0,-2.3,-2.3,129.09,67.5,4.0,2.0,0.0,,,-2.3
Nc1c(CC(=O)[O-])cccc1C(=O)c1ccc(Br)cc1,ZBPLOVFIXSTCRZ-UHFFFAOYSA-M,0.11,0.0011,3.3,0.33,334.16,80.4,4.0,2.0,4.0,,,0.33
Nc1c2c(nc3ccccc13)CCCC2,YLJREFDVOIBQDA-UHFFFAOYSA-N,11.0,0.25,3.3,0.83,198.26,38.9,2.0,1.0,0.0,0.38,13.8,0.38
Nc1cc(-c2ccncc2)c[n-]c1=O,XVHWSUQCRXQYRF-UHFFFAOYSA-M,1.3,0.89,-0.67,-0.73,187.2,68.0,4.0,2.0,1.0,,,-0.73
Nc1cc(N2CCCCC2)nc(N)[n+]1[O-],ZFMITUMMTDLWHR-UHFFFAOYSA-N,0.9,1.0,0.9,0.9,209.25,91.1,6.0,2.0,1.0,0.77,,0.77
Nc1ccc(S(=O)(=O)Nc2ncccn2)cc1,SEEPANYCNGTZFQ-UHFFFAOYSA-N,0.29,0.44,0.11,-0.75,250.28,98.0,6.0,2.0,3.0,,,-0.75
Nc1ccc(S(=O)(=O)c2ccc(N)cc2)cc1,MQJKPEGWNLWLTK-UHFFFAOYSA-N,0.83,0.25,0.97,0.97,248.3,86.2,4.0,2.0,2.0,0.88,,0.88
Nc1ccc([O-])c(C(=O)[O-])c1,KBOPZPXVLCULAV-UHFFFAOYSA-L,0.33,0.39,0.67,-2.6,153.14,83.6,4.0,3.0,1.0,,,-2.6
Nc1ccn(C[C@@H](CO)OCP(=O)([O-])[O-])c(=O)n1,VWFCHDSQECPREK-LURJTMIESA-L,0.49,1.0,-3.2,-8.4,279.19,145.7,9.0,4.0,6.0,,,-8.4
Nc1ccn([C@@H]2CS[C@H](CO)O2)c(=O)n1,JTEGQNOMFQHVDC-NKWVEPMBSA-N,1.3,0.94,-1.0,-1.0,229.26,88.1,6.0,2.0,2.0,,,-1.0
Nc1ccn([C@@H]2O[C@H](CO)C[C@@H]2F)c(=O)n1,LTDCCBLBAQXNKP-VMHSAVOQSA-N,0.7,1.0,-1.2,-1.2,229.21,90.4,6.0,2.0,2.0,,,-1.2
Nc1ccn([C@@H]2O[C@H](CO)[C@@H](O)C2(F)F)c(=O)n1,SDUQYLNIPVEERB-QPPQHZFASA-N,1.5,1.0,-1.9,-1.9,263.2,108.4,7.0,3.0,2.0,-1.5,,-1.5
Nc1ccn([C@@H]2O[C@H](CO)[C@@H](O)[C@@H]2O)c(=O)n1,UHDGCWIWMRVCDJ-CCXZUQQUSA-N,0.67,0.87,-3.0,-3.0,243.22,128.6,8.0,4.0,6.0,,,-3.0
Nc1ccn([C@H]2CC[C@@H](CO)O2)c(=O)n1,WREGKURFCTUGRC-POYBYMJQSA-N,0.54,0.96,-0.96,-0.96,211.22,88.1,6.0,2.0,2.0,,,-0.96
Nc1ccncc1,NUKYPUAOHBNCPY-UHFFFAOYSA-N,2.6,1.0,-0.12,-1.4,94.11,38.9,2.0,1.0,0.0,,,-1.4
Nc1n[n+]([O-])c2ccccc2[n+]1[O-],ORYDPOVDJJZGHQ-UHFFFAOYSA-N,0.56,0.81,-1.7,-1.7,178.15,92.8,6.0,1.0,0.0,,,-1.7
Nc1nc(-n2cc(C(=O)[O-])c(=O)c3cc(F)c(N4CC(O)C4)c(Cl)c32)c(F)cc1F,DYDCPNMLZGFQTM-UHFFFAOYSA-M,0.35,0.16,2.5,-0.0083,440.76,121.7,8.0,3.0,3.0,,,-0.0083
Nc1nc(=O)c2c([n-]1)NCC(CNc1ccc(C(=O)NC(CCC(=O)[O-])C(=O)[O-])cc1)[NH+]2C=O,GAOLOWGPQVKVFT-UHFFFAOYSA-L,0.25,0.087,-2.1,-7.6,473.44,215.6,14.0,7.0,9.0,,,-7.6
Nc1nc(=O)c2nc(CNc3ccc(C(=O)NC(CCC(=O)[O-])C(=O)[O-])cc3)cnc2[n-]1,SCRAJBHUKHRKRW-UHFFFAOYSA-K,9.7,0.5,-1.3,-8.6,441.4,213.3,13.0,6.0,9.0,,,-8.6
Nc1nc(=O)c2ncn(CCC(CO)CO)c2[n-]1,JNTOCHDNEULJHD-UHFFFAOYSA-M,1.1,0.84,-1.6,-1.6,253.26,125.8,8.0,4.0,5.0,,,-1.6
Nc1nc(C(=NO)C(=O)NC2C(=O)[NH+]3C(C(=O)[O-])=C(C=C4CC[NH+](CC(F)(F)F)C4=O)CS[C@H]23)cs1,NOAJGZYUGGBORE-WVQRXBFSSA-O,0.11,0.043,0.36,-2.6,546.5,178.5,12.0,4.0,9.0,,,-2.6
Nc1nc(C(=NO)C(=O)NC2C(=O)[NH+]3C(C(=O)[O-])=C(C=C4CC[NH+]([C@@H]5CC[NH2+]C5)C4=O)CS[C@H]23)ns1,VOAZJEPQLGBXGO-RYTYOSBWSA-P,0.27,0.62,-1.5,-4.0,534.57,203.4,14.0,5.0,6.0,,,-4.0
Nc1nc(CC(=O)Nc2ccc(CC[NH2+]C[C@H](O)c3ccccc3)cc2)cs1,PBAPPPCECJKMCM-IBGZPJMESA-O,23.8,0.29,1.8,0.34,396.51,100.3,6.0,4.0,9.0,,,0.34
Nc1nc(Cl)nc2c1ncn2[C@@H]1O[C@H](CO)[C@@H](O)[C@@H]1F,WDDPHFBMKLOVOX-AYQXTPAHSA-N,1.75,0.53,-0.77,-0.77,303.68,119.3,8.0,3.0,2.0,,,-0.77
Nc1nc(Cl)nc2c1ncn2[C@H]1C[C@H](O)[C@@H](CO)O1,PTOAARAWEBMLNO-KVQBGUIXSA-N,7.7,0.79,-0.56,-0.56,285.69,119.3,8.0,3.0,2.0,,,-0.56
Nc1nc(F)nc2c1ncn2[C@@H]1O[C@H](CO)[C@@H](O)[C@@H]1O,HBUBKKRHXORPQB-FJFJXFQQSA-N,2.2,0.76,-1.8,-1.8,285.23,139.5,9.0,4.0,2.0,,,-1.8
Nc1nc(N)c2nc(-c3ccccc3)c(N)nc2n1,FNYLWPVRPXGIIP-UHFFFAOYSA-N,13.0,0.42,1.1,1.1,253.26,129.6,7.0,3.0,1.0,1.16,,1.16
Nc1nc([NH2+]C2CC2)c2ncn([C@H]3C=C[C@@H](CO)C3)c2n1,MCGSCOLBFJQGHM-SCZZXKLOSA-O,0.84,0.5,0.99,0.99,286.33,101.9,7.0,3.0,4.0,,,0.99
Nc1nc2[nH]cc(CCc3ccc(C(=O)NC(CCC(=O)[O-])C(=O)[O-])cc3)c2c(=O)[n-]1,MHOKZADPGPVIBF-UHFFFAOYSA-K,0.15,0.19,-0.03,-5.6,427.41,191.3,11.0,6.0,9.0,,,-5.6
Nc1nc2c(Cc3cccnc3)c[nH]c2c(=O)[n-]1,SYBSQUKVJRIRQQ-UHFFFAOYSA-M,1.2,0.86,-0.38,-0.38,241.25,100.5,6.0,3.0,2.0,,,-0.38
Nc1nc2c(ncn2COC(CO)CO)c(=O)[n-]1,IRSCQMHQWWYFCW-UHFFFAOYSA-M,1.0,0.99,-2.6,-2.6,255.23,135.0,9.0,4.0,5.0,,,-2.6
Nc1nc2c(ncn2COCCO)c(=O)[n-]1,MKUXAQIIEYXACX-UHFFFAOYSA-M,0.71,0.85,-1.7,-1.8,225.2,114.8,8.0,3.0,4.0,,,-1.8
Nc1nc2ccc(OC(F)(F)F)cc2s1,FTALBRSUTCGOEG-UHFFFAOYSA-N,3.5,0.04,3.1,3.1,234.2,48.1,3.0,1.0,1.0,3.34,,3.34
Nc1ncn([C@H]2C[C@H](O)[C@@H](CO)O2)c(=O)n1,XAUDJQYHKZQPEU-KVQBGUIXSA-N,4.6,1.0,-2.0,-2.0,228.21,120.7,8.0,3.0,2.0,,,-2.0
Nc1ncnc2c1ncn2CCOCP(=O)([O-])[O-],SUPKOOSCJHTBAH-UHFFFAOYSA-L,0.42,0.96,-1.6,-6.8,273.19,136.4,9.0,3.0,5.0,,,-6.8
O=C(/C=C/c1ccc([O-])c2c1C(C(=O)OC(Cc1ccc([O-])c([O-])c1)C(=O)[O-])[C@@H](c1ccc([O-])c([O-])c1)O2)OC(Cc1ccc([O-])c([O-])c1)C(=O)[O-],SNKFFCBZYFGCQN-KVPKBBORSA-E,0.14,0.08,3.7,-3.1,718.61,278.0,16.0,9.0,14.0,,,-3.1
O=C(/C=C/c1ccc([O-])cc1)C1=C([O-])[C@](O)([C@@H]2O[C@H](CO)[C@@H](O)[C@H](O)[C@H]2O)C([O-])=C([C@@H]2O[C@H](CO)[C@@H](O)[C@H](O)[C@H]2O)C1=O,LIPJRCGLQNIXGO-YXDCRBDKSA-K,0.2,0.22,-0.48,-0.51,612.53,295.4,16.0,12.0,7.0,,,-0.51
O=C(C=Cc1c(C(=O)[O-])[n-]c2cc(Cl)cc(Cl)c12)Nc1ccccc1,CHFREERJSGVGBH-UHFFFAOYSA-L,0.12,0.002,4.6,1.8,375.21,82.2,5.0,3.0,5.0,,,1.8
O=C(CCCCCCC(O)=NO)Nc1ccccc1,WAEXFXRVDQXREF-UHFFFAOYSA-N,0.5,0.29,1.6,1.6,264.32,78.4,5.0,3.0,8.0,,,1.6
O=C(CCC[NH+]1CCC(O)(c2ccc(Cl)cc2)CC1)c1ccc(F)cc1,LNEPOXFFQSENCJ-UHFFFAOYSA-O,17.0,0.08,4.3,3.3,375.86,40.5,3.0,1.0,6.0,,,3.3
O=C(Cc1cccs1)NC1C(=O)[NH+]2C(C(=O)[O-])=C(C[n+]3ccccc3)CS[C@H]12,CZTQZXZIADLWOZ-KPMSDPLLSA-O,0.46,0.8,-1.5,-0.53,415.49,93.4,7.0,1.0,6.0,,,-0.53
O=C(NC1CC[NH+](CCCCC2(C(=O)NCC(F)(F)F)c3ccccc3-c3ccccc32)CC1)c1ccccc1-c1ccc(C(F)(F)F)cc1,MBBCVAKAJPKAKM-UHFFFAOYSA-O,16.3,0.002,8.7,7.5,693.72,61.4,5.0,2.0,10.0,,,7.5
O=C(NC1CC[NH+](CCc2c[nH]c3ccccc23)CC1)c1ccccc1,JXZZEXZZKAWDSP-UHFFFAOYSA-O,4.9,0.15,3.8,3.3,347.45,48.1,4.0,2.0,5.0,,,3.3
O=C(NCC1CCCC[NH2+]1)c1cc(OCC(F)(F)F)ccc1OCC(F)(F)F,DJBNUMBKLMJRSA-UHFFFAOYSA-O,6.1,0.52,3.1,1.6,414.34,59.6,5.0,2.0,7.0,,,1.6
O=C(NCCO[N+](=O)[O-])c1cccnc1,LBHIOVVIQHSOQN-UHFFFAOYSA-N,1.4,0.76,0.53,0.53,211.17,94.4,7.0,1.0,5.0,,,0.53
O=C(NCC[NH+]1CCOCC1)c1ccc(Cl)cc1,YHXISWVBGDMDLQ-UHFFFAOYSA-O,1.1,0.77,1.4,1.3,268.74,41.6,4.0,1.0,4.0,,,1.3
O=C(NCC[NH2+]CC(O)COc1ccc([O-])cc1)[NH+]1CCOCC1,DXPOSRCHIDYWHW-UHFFFAOYSA-O,0.64,0.97,-0.65,-1.1,339.39,103.3,8.0,4.0,8.0,,,-1.1
O=C(NC[C@H]1CN(c2ccc(N3CCOCC3=O)cc2)C(=O)O1)c1ccc(Cl)s1,KGFYHTZWPPHNLQ-AWEZNQCLSA-N,0.7,0.06,2.6,2.6,435.88,88.2,8.0,1.0,5.0,,,2.6
O=C(N[C@H](CO)[C@H](O)c1ccc([N+](=O)[O-])cc1)C(Cl)Cl,WIIZWVCIJKGZOK-RKDXNWHRSA-N,0.94,0.34,0.54,0.54,323.13,115.4,7.0,3.0,6.0,1.15,69.18,1.15
O=C(Nc1c(Cl)cncc1Cl)c1ccc(OC(F)F)c(OCC2CC2)c1,MNDBXUUTURYVHR-UHFFFAOYSA-N,1.92,0.01,3.5,3.5,403.21,60.4,5.0,1.0,7.0,3.95,150.0,3.95
O=C(O[C@H]1CC2CC[C@@H](C1)[N+]21CCCC1)C(O)(c1ccccc1)c1ccccc1,OYYDSUSKLWTMMQ-OCESARCHSA-N,5.1,0.33,0.83,0.83,392.51,46.5,4.0,1.0,5.0,,,0.83
O=C(O[C@H]1C[C@H]2CC3C[C@@H](C1)[NH+]2CC3=O)c1c[nH]c2ccccc12,UKTAZPQNNNJVKR-MMUVGSQPSA-O,2.0,0.49,3.3,2.4,324.37,62.4,5.0,1.0,3.0,,,2.4
O=C(O[C@H]1C[NH+]2CCC1CC2)[NH+]1CCc2ccccc2[C@@H]1c1ccccc1,FBOUYBDGKBSUES-VXKWHMMOSA-P,8.2,0.02,4.4,3.3,362.46,32.8,4.0,0.0,3.0,,,3.3
O=C([O-])C1/C(=C/CO)O[C@@H]2CC(=O)[NH+]12,HZZVJAQRINQKSD-SVVJFQMGSA-N,0.22,0.91,-1.2,-4.6,199.16,87.1,6.0,2.0,2.0,,,-4.6
O=C([O-])C1=C(CSc2nnnn2CS(=O)(=O)[O-])CS[C@@H]2C(NC(=O)C(O)c3ccccc3)C(=O)[NH+]12,DYAIAHUQIPBDIP-IJGSQOGDSA-M,0.14,0.02,-1.5,-6.7,542.57,204.9,14.0,4.0,9.0,,,-6.7
O=C([O-])C1C[C@@H](C2CCCCC2)C[NH+]1C(=O)CP(=O)([O-])CCCCc1ccccc1,WOIWWYDXDVSWAZ-VQCQRNETSA-M,0.13,0.006,4.2,-1.0,435.49,94.9,6.0,2.0,9.0,,,-1.0
O=C([O-])C1O[C@@H](Oc2cc3oc(-c4ccc([O-])cc4)cc(=O)c3c([O-])c2[O-])[C@H](O)[C@@H](O)[C@@H]1O,DJSISFGPUUYILV-FBYGNRARSA-J,0.88,0.1,0.29,-4.5,462.36,207.6,12.0,7.0,4.0,,,-4.5
O=C([O-])CCCCON=C(c1cccnc1)c1cccc(C(F)(F)F)c1,GLLPUTYLZIKEGF-UHFFFAOYSA-M,0.43,0.033,3.5,0.95,366.33,71.8,5.0,1.0,9.0,,,0.95
O=C([O-])CCCc1ccc(N(CCCl)CCCl)cc1,JCKYGMPEJWAADB-UHFFFAOYSA-M,0.26,0.01,3.8,1.2,304.21,40.5,3.0,1.0,9.0,,,1.2
O=C([O-])CCNC(=O)c1ccccc1,CWXYHOHYCJXYFQ-UHFFFAOYSA-M,0.28,0.17,0.56,-2.5,193.2,66.4,4.0,2.0,4.0,,,-2.5
O=C([O-])CSc1nnc(Br)n1-c1ccc(C2CC2)c2ccccc12,FGQFOYHRJSUHMR-UHFFFAOYSA-M,0.29,0.02,2.4,-0.86,404.28,68.0,5.0,1.0,5.0,,,-0.86
O=C([O-])C[C@@H]1CC[C@H](NC(=O)Cc2cccs2)B(O)O1,IOOWNWLVCOUUEX-WPRPVWTQSA-M,0.29,0.67,0.36,-2.1,297.14,95.9,6.0,3.0,5.0,,,-2.1
O=C([O-])C[C@H](O)C[C@H](O)/C=C/c1c(C2CC2)nc2ccccc2c1-c1ccc(F)cc1,VGYFMXBACGZSIL-MCBHFWOFSA-M,0.9,0.005,3.9,0.54,421.46,90.6,5.0,3.0,8.0,,,0.54
O=C([O-])Cc1ccccc1Nc1c(Cl)cccc1Cl,DCOPUUMXTXDBNB-UHFFFAOYSA-M,0.22,0.005,4.0,1.1,296.15,49.3,3.0,2.0,4.0,,,1.1
O=C([O-])P(=O)(O)O,ZJAOAACCNHFJAH-UHFFFAOYSA-M,0.5,0.85,-1.2,-7.6,126.01,94.8,5.0,3.0,1.0,,,-7.6
O=C([O-])c1cc(-c2ccc(F)cc2F)ccc1[O-],HUPFGZXOMWLGNK-UHFFFAOYSA-L,0.097,0.0016,3.7,0.31,250.2,57.5,3.0,2.0,2.0,,,0.31
O=C([O-])c1cc(/N=N/c2ccc(S(=O)(=O)Nc3ccccn3)cc2)ccc1[O-],NCEXYHBECQHGNR-QZQOTICOSA-L,0.11,0.004,3.6,0.17,398.39,141.3,9.0,3.0,6.0,,,0.17
O=C([O-])c1cc(N=Nc2ccc([O-])c(C(=O)[O-])c2)ccc1[O-],QQBDLJCYGRGAKP-UHFFFAOYSA-J,0.07,0.01,3.2,-3.6,302.24,139.8,8.0,4.0,4.0,,,-3.6
O=C([O-])c1ccc(-n2nc(-c3ccccc3[O-])nc2-c2ccccc2[O-])cc1,BOFQWVMAQOTZIW-UHFFFAOYSA-K,0.2,0.004,4.5,1.3,373.36,108.5,7.0,3.0,7.0,,,1.3
O=C([O-])c1cn(C2CC2)c2cc(N3CC[NH2+]CC3)c(F)cc2c1=O,MYSWGUAQZAJSOK-UHFFFAOYSA-N,2.1,0.7,1.8,-0.63,331.34,72.9,6.0,2.0,3.0,-0.96,4.17,-0.96
O=C(c1ccc(F)c(F)c1Nc1ccc(I)cc1F)[NH+]1CC(O)([C@@H]2CCCC[NH2+]2)C1,BSMCAPRUBJMWDF-KRWDZBQOSA-P,15.4,0.05,3.7,3.0,531.31,64.6,5.0,3.0,4.0,,,3.0
O=C(c1ccc(F)cc1)C1CC[NH+](CCn2c(=O)[n-]c3ccccc3c2=O)CC1,YWEQOBFNMZQCRJ-UHFFFAOYSA-N,3.9,0.055,3.5,2.8,395.43,69.7,6.0,1.0,5.0,,,2.8
O=C(c1ccc(OCC[NH+]2CCCCC2)cc1)c1c(-c2ccc([O-])cc2)sc2cc([O-])ccc12,GZUITABIAKMVPG-UHFFFAOYSA-M,7.5,0.05,6.4,4.3,473.58,70.0,5.0,2.0,7.0,,,4.3
O=C(c1ccccc1)c1ccc2n1CCC2C(=O)[O-],OZWKMVRBQXNZKK-UHFFFAOYSA-M,0.11,0.0068,2.5,-0.76,255.27,59.3,4.0,1.0,3.0,,,-0.76
O=C1CCC(C(=O)[NH+]2CSCC2C(=O)[O-])N1,UUTKICFRNVKFRG-UHFFFAOYSA-N,0.31,0.96,-1.2,-4.6,244.27,86.7,6.0,2.0,2.0,,,-4.6
O=C1CCC([NH+]2C(=O)c3ccccc3C2=O)C(=O)N1,UEJJHQNACJXSKW-UHFFFAOYSA-O,0.95,0.4,0.87,0.58,258.23,83.5,6.0,1.0,1.0,,,0.58
O=C1CC[C@@]2(O)[C@H]3Cc4ccc([O-])c5c4[C@@]2(CC[NH+]3CC2CC2)C1O5,DQCKKXVULJGBQN-UWFFTQNDSA-N,7.6,0.79,1.3,1.0,341.4,70.0,5.0,2.0,2.0,,,1.0
O=C1CCc2ccc(OCCCC[NH+]3CCN(c4cccc(Cl)c4Cl)CC3)cc2N1,CEUORZQYGODEFX-UHFFFAOYSA-O,4.9,0.01,5.2,4.7,448.39,44.8,5.0,1.0,7.0,,,4.7
O=C1CN=C(c2ccccc2)c2cc(Cl)ccc2N1,AKPLHCDWDRPJGD-UHFFFAOYSA-N,0.45,0.03,3.0,3.0,270.71,41.5,3.0,1.0,1.0,,,3.0
O=C1CN=C(c2ccccc2)c2cc([N+](=O)[O-])ccc2N1,KJONHKAYOJNZEC-UHFFFAOYSA-N,1.7,0.13,2.1,2.1,281.27,87.3,6.0,1.0,2.0,,,2.1
O=C1CN=C(c2ccccc2Cl)c2cc(Cl)ccc2N1,CHIFCDOIPRCHCF-UHFFFAOYSA-N,2.2,0.051,3.6,3.6,305.16,41.5,3.0,1.0,1.0,,,3.6
O=C1CN=C(c2ccccc2Cl)c2cc([N+](=O)[O-])ccc2N1,DGBIGWXXNGSACT-UHFFFAOYSA-N,2.9,0.15,2.7,2.7,315.71,87.3,6.0,1.0,2.0,3.72,3.72,3.72
O=C1CN=C(c2ccccn2)c2cc(Br)ccc2N1,VMIYHDSEFNYJSL-UHFFFAOYSA-N,0.85,0.48,2.0,2.0,316.15,54.3,4.0,1.0,1.0,,,2.0
O=C1N=C(c2ccccc2)c2cc(Cl)ccc2NC1O,AQKCJDFMDAPELP-UHFFFAOYSA-N,0.59,0.04,2.3,2.3,286.71,61.7,4.0,2.0,1.0,,,2.3
O=C1N=C(c2ccccc2Cl)c2cc(Cl)ccc2NC1O,KEGIXQQRZWCAMW-UHFFFAOYSA-N,1.3,0.09,2.9,2.9,321.16,61.7,4.0,2.0,1.0,,,2.9
O=C1NC(=O)C(c2cn3ccccc3n2)=C1C1=C[NH+]2CC[NH+](C(=O)[NH+]3CCCCC3)C[C@@H]3C=C(F)C=C1[C@H]32,UWVKPGBFIFWUKH-GKVSMKOHSA-Q,1.2,0.02,3.5,3.5,514.55,90.3,9.0,1.0,2.0,,,3.5
O=C1NC(c2ccccc2)(c2ccccc2)C(=O)[NH+]1COP(=O)([O-])[O-],XWLUWCNOOVRFPX-UHFFFAOYSA-M,0.06,0.05,1.7,-3.3,362.27,116.2,8.0,3.0,5.0,,,-3.3
O=C1OC2(c3ccc([O-])cc3Oc3cc([O-])ccc32)c2ccccc21,GNBHRKFJIUUOQI-UHFFFAOYSA-L,0.14,0.11,3.9,3.9,332.31,76.0,5.0,2.0,0.0,,,3.9
O=C1O[C@H]([C@@H](O)CO)C([O-])C1=O,IHNDCQWMVHAOKM-IGCYCDGOSA-N,0.35,0.26,-3.0,-5.5,176.12,107.2,6.0,4.0,2.0,,,-5.5
O=C1[N-]C(=O)C(c2ccccc2)(c2ccccc2)N1,CXOFVDLJLONNDW-UHFFFAOYSA-M,0.43,0.13,1.7,1.6,252.27,58.2,4.0,2.0,2.0,,,1.6
O=C1c2c([O-])ccc([O-])c2C(=O)c2c(NCC[NH2+]CCO)ccc(NCC[NH2+]CCO)c21,KKZJGLLVHKMTCM-UHFFFAOYSA-N,12.0,0.25,-0.37,-3.2,444.48,163.2,10.0,8.0,12.0,,,-3.2
O=C1c2cccc3c2[C@H](CCC3)C[NH+]1[C@@H]1C[NH+]2CCC1CC2,CPZBLNMUGSZIPR-NVXWUHKLSA-P,6.3,0.38,2.9,1.9,296.41,23.5,3.0,0.0,1.0,,,1.9
O=N[NH+](CCCl)C(=O)NCCCl,DLGOEMSEDOSKAD-UHFFFAOYSA-O,1.2,0.23,1.4,1.4,214.05,61.8,5.0,1.0,5.0,,,1.4
O=P([NH2+]CCCl)([NH2+]CCCl)O[C@@H]1O[C@H](CO)[C@@H](O)[C@H](O)[C@H]1O,PSVUJBVBCOISSP-SPFKKGSWSA-P,0.24,0.71,-2.3,-2.3,383.16,140.5,9.0,6.0,9.0,,,-2.3
O=P([O-])([O-])C(Cl)(Cl)P(=O)([O-])[O-],ACSIXWWBWUQEHA-UHFFFAOYSA-J,0.88,0.64,-1.2,-7.5,244.89,115.1,6.0,4.0,2.0,,,-7.5
O=P([O-])([O-])C(O)(Cc1cccnc1)P(=O)([O-])[O-],IIDJRNMFWXDHID-UHFFFAOYSA-J,6.3,0.76,-2.2,-7.0,283.11,148.2,8.0,5.0,4.0,,,-7.0
O=P([O-])([O-])C(O)(Cn1ccnc1)P(=O)([O-])[O-],XRASPMIURGNCCH-UHFFFAOYSA-J,0.6,0.78,-3.2,-9.0,272.09,153.1,9.0,5.0,4.0,,,-9.0
O=P([O-])([O-])C(Sc1ccc(Cl)cc1)P(=O)([O-])[O-],DKJJVAGXPKPDRL-UHFFFAOYSA-J,0.23,0.1,0.35,-4.4,318.61,115.1,6.0,4.0,4.0,,,-4.4
O=P([O-])([O-])C([NH2+]C1CCCCCC1)P(=O)([O-])[O-],LWRDQHOZTAOILO-UHFFFAOYSA-K,0.24,0.9,-0.55,-5.8,287.19,127.1,7.0,5.0,4.0,,,-5.8
O=P([O-])([O-])OC(Cn1cncn1)(Cn1cncn1)c1ccc(F)cc1F,GHJWNRRCRIGGIO-UHFFFAOYSA-L,0.15,0.042,-0.79,-5.1,386.25,128.2,10.0,2.0,7.0,,,-5.1
O=P1([NH+](CCCl)CCCl)[NH2+]CCCO1,CMSMOCZEIVJLDB-UHFFFAOYSA-P,0.73,0.87,0.79,0.55,261.09,41.6,4.0,1.0,5.0,,,0.55
O=P1([NH2+]CCCl)OCCC[NH+]1CCCl,HOMGKSMUEGBAAB-UHFFFAOYSA-P,0.62,1.0,0.88,0.88,261.09,41.6,4.0,1.0,5.0,,,0.88
O=S(=O)(Nc1ccccc1)c1cccc(/C=C/C(O)=NO)c1,NCNRHFGMJRPRSK-MDZDMXLPSA-N,0.8,0.06,1.5,1.4,318.35,95.5,6.0,3.0,5.0,,,1.4
O=[N+]([O-])O[C@@H]1CO[C@H]2[C@@H]1OC[C@@H]2O,YWXYYJSYQOXTPL-SLPGGIOYSA-N,0.7,1.0,-0.38,-0.38,191.14,93.7,7.0,1.0,2.0,,,-0.38
O=[N+]([O-])O[C@H]1CO[C@H]2[C@@H]1OC[C@H]2O[N+](=O)[O-],MOYKHGMNXAOIAT-JGWLITMVSA-N,1.9,0.72,0.82,0.82,236.14,128.6,10.0,0.0,4.0,,,0.82
O=c1[n-]c(O)cn1/N=C/c1ccc([N+](=O)[O-])o1,SRBLIRXITMQCOS-YCRREMRBSA-M,0.57,0.17,-0.64,-0.98,238.16,121.0,9.0,1.0,3.0,,,-0.98
O=c1[n-]c2ccccc2n1CCC[NH+]1CCC(n2c(=O)[n-]c3cc(Cl)ccc32)CC1,NMUVIEAOYWSTGM-UHFFFAOYSA-M,3.4,0.082,3.6,3.1,425.91,67.9,7.0,2.0,5.0,,,3.1
O=c1[n-]cc(F)c(=O)[n-]1,GHASVSINZRGABV-UHFFFAOYSA-L,0.23,0.64,-0.93,-1.1,130.08,58.2,4.0,2.0,0.0,,,-1.1
O=c1[n-]cnc2[n-]ncc12,FUEBOPVIMOXHCV-UHFFFAOYSA-M,0.58,0.97,-1.3,-1.4,136.11,70.1,5.0,2.0,0.0,,,-1.4
O=c1[n-]cnc2c1ncn2[C@H]1CC[C@@H](CO)O1,BXZVVICBKDXVGW-NKWVEPMBSA-M,0.77,0.95,-0.93,-0.95,236.23,88.7,7.0,2.0,2.0,,,-0.95
O=c1c(CC[S+](O)c2ccccc2)c(O)n(-c2ccccc2)n1-c1ccccc1,VESRCPPWLJEJIB-UHFFFAOYSA-O,0.12,0.017,2.2,-1.2,404.48,57.7,5.0,0.0,6.0,,,-1.2
O=c1c([O-])c(-c2ccc([O-])c([O-])c2)oc2cc([O-])cc([O-])c12,REFJWTPEDVJJIY-UHFFFAOYSA-I,0.12,0.009,2.1,-0.38,302.24,127.4,7.0,5.0,1.0,,,-0.38
O=c1ccc2ccc(OCCCC[NH+]3CCN(c4cccc5sccc45)CC3)cc2[n-]1,ZKIAIYBUSXZPLP-UHFFFAOYSA-N,1.46,0.002,5.0,2.6,433.57,48.6,5.0,1.0,7.0,,,2.6
O=c1ccc2ccccc2o1,ZYGHJZDHTFUPRJ-UHFFFAOYSA-N,1.1,0.17,1.6,1.6,146.14,30.5,2.0,0.0,0.0,,,1.6
O=c1n(CCC[NH+]2CCN(c3cccc(Cl)c3)CC2)nc2ccccn12,PHLBKPHSAVXXEF-UHFFFAOYSA-O,0.52,0.08,4.5,4.3,371.86,42.4,6.0,0.0,5.0,,,4.3
OC(CC[NH+]1CCCCC1)(c1ccccc1)C1CC2C=CC1C2,YSXKPIUOCJLQIE-UHFFFAOYSA-O,12.0,0.097,4.4,2.5,311.46,23.5,2.0,1.0,5.0,,,2.5
OC(Cn1cncn1)(Cn1cncn1)c1ccc(F)cc1F,RFHAOTPXVQNOHP-UHFFFAOYSA-N,0.75,0.89,0.19,0.19,306.27,81.7,7.0,1.0,5.0,0.48,,0.48
OC(c1ccccc1)(c1ccccc1)C12CC[N+](CCOCc3ccccc3)(CC1)CC2,FVTWTVQXNAJTQP-UHFFFAOYSA-N,1.23,0.11,1.6,1.6,428.59,29.5,3.0,1.0,8.0,,,1.6
OCCN(CCO)c1nc(N2CCCCC2)c2nc(N(CCO)CCO)nc(N3CCCCC3)c2n1,IZEKFCXSFNUWAM-UHFFFAOYSA-N,0.82,0.009,2.0,1.4,504.63,145.4,12.0,4.0,12.0,3.97,,3.97
OCCO[C@H]1C[C@@H](n2nnc3c([NH2+][C@@H]4C[C@H]4c4ccc(F)c(F)c4)nc([S-])nc32)[C@H](O)[C@@H]1O,KHPMHVDVKAOINW-AAIYSHPVSA-N,1.25,0.002,0.93,-1.2,480.49,138.4,10.0,4.0,7.0,,,-1.2
OCC[NH+](CCc1c[nH]c2ccccc12)Cc1ccc(/C=C/C(O)=NO)cc1,BWDQBBCUWLSASG-MDZDMXLPSA-O,2.17,0.23,1.8,1.5,379.45,88.6,6.0,4.0,9.0,,,1.5
OCC[NH+]1CC[NH+](CCCN2c3ccccc3Sc3ccc(C(F)(F)F)cc32)CC1,PLDUPXSUYLZYBN-UHFFFAOYSA-P,2.9,0.04,4.5,3.7,437.52,29.9,4.0,1.0,7.0,,,3.7
OCC[NH+]1CC[NH+](CCCN2c3ccccc3Sc3ccc(Cl)cc32)CC1,RGCVKNLCSQQDEP-UHFFFAOYSA-P,18.0,0.07,4.3,3.5,403.97,29.9,4.0,1.0,6.0,,,3.5
OCC[NH+]1C[C@H](O)[C@@H](O)[C@H](O)[C@H]1CO,IBAQFPQHRJAVAV-ULAWRXDQSA-O,0.28,1.0,-3.1,-3.3,207.22,104.4,6.0,5.0,3.0,,,-3.3
OC[C@@H]1O[C@@H](n2cnc3c2[NH+]=CNC[C@H]3O)C[C@H]1O,FPVKHBSQESCIEP-LURQLKTLSA-O,0.59,0.96,-2.7,-2.7,268.27,112.1,8.0,4.0,2.0,,,-2.7
OCc1ncc2n1-c1ccc(Cl)cc1C(c1ccccc1F)=NC2,QHSMEGADRFZVNE-UHFFFAOYSA-N,0.77,0.1,1.9,1.9,341.77,50.4,4.0,1.0,2.0,,,1.9
O[C@@H](C[NH2+]C[C@H](O)[C@H]1CCc2cc(F)ccc2O1)[C@@H]1CCc2cc(F)ccc2O1,KOHIRBRYDXPAMZ-YHDSQAASSA-O,11.0,0.02,3.9,3.3,405.44,70.9,5.0,3.0,6.0,,,3.3
Oc1cc2cc(CC[NH+]3CCN(c4nsc5ccccc45)CC3)c(Cl)cc2[nH]1,CARRCRVKWDEWCD-UHFFFAOYSA-O,1.0,0.0012,3.8,3.5,412.94,48.5,5.0,1.0,4.0,,,3.5
S=P([NH+]1CC1)([NH+]1CC1)[NH+]1CC1,FOCVUCIESVLUNU-UHFFFAOYSA-Q,1.6,0.9,0.53,0.53,189.22,9.0,3.0,0.0,3.0,,,0.53
S=c1[n-]cnc2[n-]cnc12,NRKSOJNEWHCOOP-UHFFFAOYSA-M,1.0,0.85,-1.8,-2.0,152.18,53.1,4.0,2.0,0.0,,,-2.0
[NH3+]C(C(=O)NC1C(=O)[NH+]2C(C(=O)[O-])=C(CSc3c[n-]nn3)CS[C@H]12)c1ccc([O-])cc1,OWMZGPOAFXENJG-QWQCLYJRSA-M,0.22,0.4,-0.69,-4.7,462.5,174.5,11.0,5.0,7.0,,,-4.7
[NH3+]C(Cc1ccc(N(CCCl)CCCl)cc1)C(=O)[O-],SGDBTWWWUNNDEQ-UHFFFAOYSA-N,0.48,0.14,2.0,0.36,305.2,66.6,4.0,2.0,8.0,0.39,,0.39
[NH3+]C(Cc1ccc([O-])c([O-])c1)C(=O)[O-],WTDRDQBEARUVNC-UHFFFAOYSA-L,1.7,0.76,-0.25,-1.9,197.19,103.8,5.0,4.0,3.0,,,-1.9
[NH3+]C12CC3CC(CC(C3)C1)C2,DKNWSYNQZKUICI-UHFFFAOYSA-O,6.6,0.33,2.5,-0.43,151.25,26.0,1.0,1.0,0.0,,,-0.43
[NH3+]C1CCN(c2c(F)cc3c(=O)c(C(=O)[O-])cn(C4CC4)c3c2Cl)C1,QGPKADBNRMWEQR-UHFFFAOYSA-N,1.9,0.96,2.6,0.29,365.79,86.9,6.0,2.0,3.0,,,0.29
[NH3+]CC(=O)CCC(=O)[O-],ZGXJTSGNIOSYLO-UHFFFAOYSA-N,0.12,0.88,-2.0,-2.8,131.13,80.4,4.0,2.0,4.0,,,-2.8
[NH3+]CC1(CC(=O)[O-])CCCCC1,UGJMXCAKCUNAIE-UHFFFAOYSA-N,0.71,0.97,0.55,-1.7,171.24,63.3,3.0,2.0,3.0,,,-1.7
[NH3+]CC1CCC(C(=O)[O-])CC1,GYDJEQRTZSCIOI-UHFFFAOYSA-N,0.38,0.97,0.34,-1.9,157.21,63.3,3.0,2.0,2.0,,,-1.9
[NH3+]CCC(O)(P(=O)([O-])[O-])P(=O)([O-])[O-],WRUUGTRCQOWXEG-UHFFFAOYSA-K,1.8,0.7,-3.5,-8.8,235.07,161.3,8.0,6.0,4.0,,,-8.8
[NH3+]CCC(O)C(=O)N[C@@H]1C[C@H]([NH3+])[C@@H](O[C@H]2O[C@H](C[NH3+])[C@@H](O)[C@H](O)[C@H]2O)[C@H](O)[C@H]1O[C@H]1O[C@H](CO)[C@@H](O)[C@H]([NH3+])[C@H]1O,LKCWBDHBTVXHDL-ZNOOABCISA-R,0.16,0.88,-9.0,-9.0,585.6,331.9,18.0,13.0,10.0,,,-9.0
[NH3+]CCCC(O)(P(=O)([O-])[O-])P(=O)([O-])[O-],OGSPWJRAVKPPFI-UHFFFAOYSA-K,0.33,0.22,-3.0,-8.1,249.1,161.3,8.0,6.0,5.0,,,-8.1
[NH3+]CCCCC([NH2+]C(CCc1ccccc1)C(=O)[O-])C(=O)[NH+]1CCCC1C(=O)[O-],RLAWWYSOJDYHDC-UHFFFAOYSA-O,0.89,1.0,0.66,-3.0,405.49,133.0,8.0,4.0,12.0,,,-3.0
[NH3+]CCCCCC(=O)[O-],SLXKOJJOQWFEFD-UHFFFAOYSA-N,0.39,0.92,0.16,-2.1,131.17,63.3,3.0,2.0,5.0,,,-2.1
[NH3+]CCc1ccc([O-])c([O-])c1,VYFYYTLLBUKUHU-UHFFFAOYSA-M,0.74,0.87,0.56,-2.0,153.18,66.5,3.0,3.0,2.0,,,-2.0
[NH3+]C[C@H]1O[C@H](O[C@H]2[C@H](O)[C@@H](O[C@H]3O[C@H](CO)[C@@H](O)[C@H]([NH3+])[C@H]3O)[C@H]([NH3+])C[C@@H]2[NH3+])[C@H](O)[C@@H](O)[C@@H]1O,SBUJHOSQTJFQJX-NOAMYHISSA-R,0.26,0.99,-7.9,-9.0,484.5,282.6,15.0,11.0,6.0,,,-9.0
[NH3+]C[C@H]1O[C@H](O[C@H]2[C@H](O)[C@@H](O[C@H]3O[C@H](CO)[C@@H](O)[C@H]([NH3+])[C@H]3O)[C@H]([NH3+])C[C@@H]2[NH3+])[C@H]([NH3+])C[C@@H]1O,NLVFBUXFDBBNBW-PBSUHMDJSA-S,0.23,1.0,-7.0,-8.5,467.51,268.2,14.0,10.0,6.0,,,-8.5
[NH3+]Cc1ccccc1CC(=O)NC1C(=O)[NH+]2C(C(=O)[O-])=C(CSc3nnnn3CC(=O)[O-])CS[C@H]12,SLAYUXIURFNXPG-KPMSDPLLSA-N,0.17,0.19,-1.3,-4.7,519.55,193.6,13.0,4.0,10.0,,,-4.7
[NH3+][C@@H](CC(=O)[NH+]1CCn2c(nnc2C(F)(F)F)C1)Cc1cc(F)c(F)cc1F,MFFMDFFZMYYVKS-SECBINFHSA-P,2.8,0.62,0.46,-0.4,407.31,77.0,6.0,1.0,4.0,,,-0.4
[NH3+][C@@H]1CN(c2c(F)cc3c(=O)c(C(=O)[O-])cn([C@@H]4C[C@@H]4F)c3c2Cl)CC12CC2,PNUZDKCDAWUEGK-CYZMBNFOSA-N,1.5,0.51,2.5,0.26,409.81,86.9,6.0,2.0,3.0,,,0.26
[NH3+][C@@H]1[C@H]2CN(c3nc4c(cc3F)c(=O)c(C(=O)[O-])cn4-c3ccc(F)cc3F)C[C@@H]12,WVPSKSLAZQPAKQ-CDMJZVDBSA-N,1.3,0.24,2.6,0.28,416.35,99.8,7.0,2.0,3.0,,,0.28
[O-]c1c(C2=CC[C@@H](c3ccc(Cl)cc3)CC2)c(O)c2ccccc2c1O,JAUORDHNHDCTAS-CYBMUJFWSA-M,0.6,0.001,5.5,3.4,366.84,54.4,3.0,1.0,2.0,,,3.4
[O-]c1ccc([C@@H](O)C[NH2+]CCCCCCOCCOCc2c(Cl)cccc2Cl)cc1CO,DAFYYTQWSAWIGS-DEOSSOPVSA-N,2.38,0.06,3.9,2.0,486.43,91.2,6.0,4.0,16.0,,,2.0
[O-]c1ccc([C@H]2C[NH2+]CCc3c2cc([O-])c([O-])c3Cl)cc1,TVURRHSHRRELCG-CYBMUJFWSA-L,0.5,0.12,2.7,1.9,305.76,72.7,4.0,4.0,1.0,,,1.9
[O-]c1ccc2c(c1)[C@@]13CCCC[C@@]1(O)[C@@H](C2)[NH+](CC1CCC1)CC3,IFKLAQQSCNILHL-QHAWAJNXSA-N,12.0,0.17,3.2,2.1,327.46,43.7,3.0,2.0,2.0,,,2.1
[O-]c1ccc2c3c1O[C@H]1[C@@H](O)CC[C@@]4(O)[C@@H](C2)[NH+](CC2CCC2)CC[C@]314,NETZHAKZCGBWSS-CEDHKZHLSA-N,4.6,0.5,2.0,1.2,357.44,73.2,5.0,3.0,2.0,,,1.2
c1ccc(C2([NH+]3CCCCC3)CCCCC2)cc1,JTJMJGYZQZDUJJ-UHFFFAOYSA-O,6.9,0.35,5.3,3.7,243.39,3.2,1.0,0.0,2.0,,,3.7
c1ccc(C2(c3ccccc3)CC2C2=[NH+]CCN2)cc1,IPOBOOXFSRWSHL-UHFFFAOYSA-O,4.1,0.5,2.8,-0.64,262.35,24.4,2.0,1.0,3.0,,,-0.64
