Drug_ID,Drug,Y,source,dataset
(-)-epicatechin,Oc1cc(O)c2c(c1)OC(c1ccc(O)c(O)c1)C(O)C2,-6.2199998,caco2_wang,TDC
"(2E,4Z,8Z)-N-isobutyldodeca-2,4,10-triene-8 -ynamide",C/C=C\C#CCC/C=C\C=C\C(=O)NCC(C)C,-3.8599999,caco2_wang,TDC
codeine,COc1ccc2c3c1O[C@H]1[C@@H](O)C=C[C@H]4[C@@H](C2)N(C)CC[C@]314,-4.0900002,caco2_wang,TDC
creatinine,CN1CC(=O)NC1=N,-5.935409099999998,caco2_wang,TDC
danazol,C#C[C@]1(O)CC[C@H]2[C@@H]3CCC4=Cc5oncc5C[C@]4(C)[C@H]3CC[C@@]21C,-4.8400002,caco2_wang,TDC
dexamethasone b D glucoside,C[C@@H]1C[C@H]2[C@@H]3CCC4=CC(=O)C=C[C@]4(C)[C@@]3(F)[C@@H](O)C[C@]2(C)[C@@]1(O)C(=O)CO[C@H]1O[C@@H](CO)[C@H](O)[C@@H](O)[C@@H]1O,-6.54,caco2_wang,TDC
dexamethasone b D glucuronide,C[C@@H]1C[C@H]2[C@@H]3CCC4=CC(=O)C=C[C@]4(C)[C@@]3(F)[C@@H](O)C[C@]2(C)[C@@]1(O)C(=O)CO[C@H]1O[C@@H](C(=O)O)[C@H](O)[C@@H](O)[C@@H]1O,-6.119999900000002,caco2_wang,TDC
DMXAA-G,Cc1ccc2c(=O)c3cccc(CC(=O)OC4OC(C(=O)O)[C@@H](O)[C@@H](O)[C@@H]4O)c3oc2c1C,-6.52,caco2_wang,TDC
d-praeruptorin,C/C=C(\C)C(=O)O[C@H]1[C@@H](OC(C)=O)c2c(ccc3ccc(=O)oc23)OC1(C)C,-4.579999900000002,caco2_wang,TDC
echinacoside,C[C@@H]1O[C@@H](O[C@@H]2[C@@H](O)[C@H](OCCc3ccc(O)c(O)c3)O[C@H](CO[C@@H]3O[C@H](CO)[C@@H](O)[C@H](O)[C@H]3O)[C@H]2OC(=O)/C=C/c2ccc(O)c(O)c2)[C@H](O)[C@H](O)[C@H]1O,-6.650000099999999,caco2_wang,TDC
EF5154,O=C(O)COc1ccc(C(=O)CN2CCN(C3CCNCC3)CC2=O)cc1,-6.119999900000002,caco2_wang,TDC
EF5170,CCCCOC(=O)COc1ccc(C(=O)CN2CCN(C3CCNCC3)CC2=O)cc1,-5.79,caco2_wang,TDC
EF5232,CCCCC(C)OC(=O)COc1ccc(C(=O)CN2CCN(C3CCNCC3)CC2=O)cc1,-5.29,caco2_wang,TDC
EF5242,CCCCCCC(C)OC(=O)COc1ccc(C(=O)CN2CCN(C3CCNCC3)CC2=O)cc1,-4.7399998,caco2_wang,TDC
EF5248,CCCCOC(=O)COc1ccc(C(=O)CN2CCN(C3CCN(C(=O)OCc4oc(=O)oc4C)CC3)CC2=O)cc1,-4.3499999,caco2_wang,TDC
EF5249,Cc1oc(=O)oc1COC(=O)N1CCC(N2CCN(CC(=O)c3ccc(OCC(=O)OC4CCCCC4)cc3)C(=O)C2)CC1,-4.3099999,caco2_wang,TDC
EF5251,CCOC(=O)COc1ccc(C(=O)CN2CCN(C3CCN(C(=O)OC(C)OC(C)=O)CC3)CC2=O)cc1,-4.2800002,caco2_wang,TDC
EF5261,O=C(COc1ccc(C(=O)CN2CCN(C3CCN(C(=O)OC/C=C4/OC(=O)c5ccccc54)CC3)CC2=O)cc1)OC1CCCCC1,-4.4000001,caco2_wang,TDC
EF5264,CC(=O)OC(C)OC(=O)N1CCC(N2CCN(CC(=O)c3ccc(OCC(=O)OC4CCOCC4)cc3)C(=O)C2)CC1,-4.5100002,caco2_wang,TDC
EF5265,CCOCC(COCC)OC(=O)COc1ccc(C(=O)CN2CCN(C3CCN(C(=O)OC(C)OC(C)=O)CC3)CC2=O)cc1,-4.1500001000000015,caco2_wang,TDC
EF5270,CCOC(=O)COc1ccc(C(=O)CN2CCN(C3CCN(C(=O)OC(OC(C)=O)C(C)(C)C)CC3)CC2=O)cc1,-4.02,caco2_wang,TDC
EF5278,CCOC(=O)COc1ccc(C(=O)CN2CCN(C3CCN(C(=O)OC(OC(=O)C(C)(C)C)C(C)(C)C)CC3)CC2=O)cc1,-4.0,caco2_wang,TDC
EF5283,CCOC(=O)COc1ccc(C(=O)CN2CCN(C3CCN(C(=O)OC(C)OC(=O)C(C)(C)C)CC3)CC2=O)cc1,-4.139999899999999,caco2_wang,TDC
EF5292,CC(C)(C)C(=O)OCOC(=O)N1CCC(N2CCN(CC(=O)c3ccc(OCC(=O)OC4CCCCC4)cc3)C(=O)C2)CC1,-4.4400001,caco2_wang,TDC
elarofiban,O=C(O)C[C@H](NC(=O)[C@@H]1CCCN(C(=O)CCC2CCNCC2)C1)c1cccnc1,-6.21,caco2_wang,TDC
5-chlorosalicylic acid,O=C(O)c1cc(Cl)ccc1O,-4.98,caco2_wang,TDC
epinephrine,CNC[C@H](O)c1ccc(O)c(O)c1,-6.125,caco2_wang,TDC
eriodictyol ,O=C1C[C@@H](c2ccc(O)c(O)c2)Oc2cc(O)cc(O)c21,-5.2800002,caco2_wang,TDC
erythromycin,CC[C@@H]1OC(=O)[C@@H](C)[C@H](O[C@H]2C[C@](C)(OC)[C@@H](O)[C@H](C)O2)[C@@H](C)[C@@H](O[C@H]2O[C@H](C)C[C@@H](N(C)C)[C@H]2O)[C@@](C)(O)C[C@@H](C)C(=O)[C@H](C)[C@@H](O)[C@@]1(C)O,-5.7800002,caco2_wang,TDC
famotidine,NC(N)=Nc1nc(CSCCC(N)=NS(N)(=O)=O)cs1,-6.0700002,caco2_wang,TDC
fexofenadine,CC(C)(C(=O)O)c1ccc(C(O)CCCN2CCC(C(O)(c3ccccc3)c3ccccc3)CC2)cc1,-6.5100002,caco2_wang,TDC
fexofenadine hydrochloride,CC(C)(C(=O)O)c1ccc(C(O)CCCN2CCC(C(O)(c3ccccc3)c3ccccc3)CC2)cc1.Cl,-5.6999998,caco2_wang,TDC
fluparoxan,Fc1cccc2c1O[C@H]1CNC[C@@H]1O2,-4.099999899999999,caco2_wang,TDC
AACV,C=C1NC(N)=Nc2c1ncn2COCCOC(=O)[C@@H](C)N,-5.6900001,caco2_wang,TDC
glycerol,OCC(O)CO,-4.829999900000002,caco2_wang,TDC
glycine-valine acyclovir,CC(=O)C(NC(=O)CN)c1ccc(O)cc1,-5.2800002,caco2_wang,TDC
guanabenz,NC(N)=N/N=C/c1c(Cl)cccc1Cl,-4.6799998,caco2_wang,TDC
hesperetin ,COc1ccc([C@@H]2CC(=O)c3c(O)cc(O)cc3O2)cc1O,-4.7399998,caco2_wang,TDC
hexapeptide 01,C[C@@H]1NC(=O)[C@H](C)NC(=O)[C@@H](C)NC(=O)[C@H](C)NC(=O)[C@@H](C)N(C)C(=O)[C@@H](C)NC1=O,-5.8200002,caco2_wang,TDC
hexapeptide 03,C[C@@H]1NC(=O)[C@H](C)NC(=O)[C@@H](C)N(C)C(=O)[C@H](C)NC(=O)[C@@H](C)NC(=O)[C@@H](C)NC1=O,-5.8200002,caco2_wang,TDC
hexapeptide 05,C[C@@H]1NC(=O)[C@@H](C)NC(=O)[C@@H](C)NC(=O)[C@H](C)N(C)C(=O)[C@H](C)NC(=O)[C@@H](C)NC1=O,-5.8200002,caco2_wang,TDC
hexapeptide 06,C[C@@H]1NC(=O)[C@@H](C)NC(=O)[C@H](C)NC(=O)[C@@H](C)NC(=O)[C@@H](C)N(C)C(=O)[C@H](C)NC1=O,-5.8200002,caco2_wang,TDC
hexapeptide 07,C[C@@H]1NC(=O)[C@H](C)NC(=O)[C@@H](C)NC(=O)[C@H](C)N(C)C(=O)[C@@H](C)N(C)C(=O)[C@@H](C)NC1=O,-5.8200002,caco2_wang,TDC
hexapeptide 08,C[C@@H]1NC(=O)[C@H](C)NC(=O)[C@@H](C)N(C)C(=O)[C@H](C)NC(=O)[C@@H](C)N(C)C(=O)[C@@H](C)NC1=O,-5.8200002,caco2_wang,TDC
hexapeptide 09,C[C@@H]1NC(=O)[C@H](C)N(C)C(=O)[C@@H](C)NC(=O)[C@H](C)NC(=O)[C@@H](C)N(C)C(=O)[C@@H](C)NC1=O,-5.3000002,caco2_wang,TDC
aceclofenac,O=C(O)COC(=O)Cc1ccccc1Nc1c(Cl)cccc1Cl,-4.4099998,caco2_wang,TDC
hexapeptide 12,C[C@@H]1NC(=O)[C@H](C)NC(=O)[C@@H](C)N(C)C(=O)[C@H](C)N(C)C(=O)[C@@H](C)NC(=O)[C@@H](C)NC1=O,-5.8200002,caco2_wang,TDC
hexapeptide 13,C[C@@H]1NC(=O)[C@H](C)N(C)C(=O)[C@@H](C)NC(=O)[C@H](C)N(C)C(=O)[C@@H](C)NC(=O)[C@@H](C)NC1=O,-5.8200002,caco2_wang,TDC
hexapeptide 14,C[C@@H]1NC(=O)[C@@H](C)NC(=O)[C@H](C)N(C)C(=O)[C@@H](C)NC(=O)[C@@H](C)NC(=O)[C@H](C)N(C)C1=O,-5.8200002,caco2_wang,TDC
hexapeptide 18,C[C@@H]1NC(=O)[C@@H](C)N(C)C(=O)[C@H](C)NC(=O)[C@@H](C)NC(=O)[C@@H](C)N(C)C(=O)[C@H](C)NC1=O,-5.3000002,caco2_wang,TDC
hexapeptide 20,C[C@@H]1NC(=O)[C@@H](C)NC(=O)[C@@H](C)N(C)C(=O)[C@H](C)NC(=O)[C@H](C)N(C)C(=O)[C@@H](C)NC1=O,-5.8200002,caco2_wang,TDC
acetaminophen,CC(=O)Nc1ccc(O)cc1,-4.4400001,caco2_wang,TDC
hexapeptide 22,C[C@@H]1NC(=O)[C@H](C)NC(=O)[C@@H](C)N(C)C(=O)[C@H](C)N(C)C(=O)[C@@H](C)N(C)C(=O)[C@@H](C)NC1=O,-5.8200002,caco2_wang,TDC
hexapeptide 23,C[C@@H]1NC(=O)[C@H](C)N(C)C(=O)[C@@H](C)NC(=O)[C@H](C)N(C)C(=O)[C@@H](C)N(C)C(=O)[C@@H](C)NC1=O,-5.8200002,caco2_wang,TDC
hexapeptide 24,C[C@@H]1NC(=O)[C@@H](C)NC(=O)[C@H](C)N(C)C(=O)[C@@H](C)N(C)C(=O)[C@@H](C)NC(=O)[C@H](C)N(C)C1=O,-5.8200002,caco2_wang,TDC
hexapeptide 25,C[C@@H]1NC(=O)[C@@H](C)NC(=O)[C@H](C)N(C)C(=O)[C@@H](C)N(C)C(=O)[C@@H](C)N(C)C(=O)[C@H](C)NC1=O,-5.8200002,caco2_wang,TDC
hexapeptide 26,C[C@@H]1NC(=O)[C@H](C)N(C)C(=O)[C@@H](C)N(C)C(=O)[C@H](C)NC(=O)[C@@H](C)N(C)C(=O)[C@@H](C)NC1=O,-5.3000002,caco2_wang,TDC
hexapeptide 27,C[C@@H]1NC(=O)[C@@H](C)N(C)C(=O)[C@H](C)NC(=O)[C@@H](C)N(C)C(=O)[C@@H](C)N(C)C(=O)[C@H](C)NC1=O,-5.3000002,caco2_wang,TDC
hexapeptide 28,C[C@@H]1NC(=O)[C@@H](C)N(C)C(=O)[C@@H](C)NC(=O)[C@H](C)N(C)C(=O)[C@H](C)N(C)C(=O)[C@@H](C)NC1=O,-5.0,caco2_wang,TDC
hexapeptide 29,C[C@@H]1NC(=O)[C@@H](C)N(C)C(=O)[C@@H](C)N(C)C(=O)[C@H](C)NC(=O)[C@H](C)N(C)C(=O)[C@@H](C)NC1=O,-5.8200002,caco2_wang,TDC
hexapeptide 32,C[C@@H]1NC(=O)[C@@H](C)N(C)C(=O)[C@H](C)N(C)C(=O)[C@@H](C)NC(=O)[C@@H](C)NC(=O)[C@H](C)N(C)C1=O,-5.8200002,caco2_wang,TDC
hexapeptide 33,C[C@@H]1NC(=O)[C@@H](C)N(C)C(=O)[C@H](C)N(C)C(=O)[C@@H](C)NC(=O)[C@@H](C)N(C)C(=O)[C@H](C)NC1=O,-5.8200002,caco2_wang,TDC
hexapeptide 34,C[C@H]1C(=O)N[C@H](C)C(=O)N[C@H](C)C(=O)N(C)[C@@H](C)C(=O)N[C@H](C)C(=O)N(C)[C@@H](C)C(=O)N1C,-5.8200002,caco2_wang,TDC
hexapeptide 37,C[C@@H]1NC(=O)[C@@H](C)NC(=O)[C@@H](C)NC(=O)[C@H](C)N(C)C(=O)[C@H](C)N(C)C(=O)[C@@H](C)N(C)C1=O,-5.8200002,caco2_wang,TDC
hexapeptide 38,C[C@@H]1NC(=O)[C@H](C)N(C)C(=O)[C@@H](C)N(C)C(=O)[C@H](C)NC(=O)[C@@H](C)NC(=O)[C@@H](C)N(C)C1=O,-5.8200002,caco2_wang,TDC
hexapeptide 41,C[C@@H]1NC(=O)[C@H](C)N(C)C(=O)[C@@H](C)N(C)C(=O)[C@H](C)N(C)C(=O)[C@@H](C)N(C)C(=O)[C@@H](C)NC1=O,-5.2600002,caco2_wang,TDC
hexapeptide 42,C[C@@H]1NC(=O)[C@@H](C)N(C)C(=O)[C@H](C)N(C)C(=O)[C@@H](C)N(C)C(=O)[C@@H](C)NC(=O)[C@H](C)N(C)C1=O,-5.8200002,caco2_wang,TDC
hexapeptide 47,C[C@@H]1NC(=O)[C@@H](C)N(C)C(=O)[C@@H](C)NC(=O)[C@H](C)N(C)C(=O)[C@H](C)N(C)C(=O)[C@@H](C)N(C)C1=O,-5.3000002,caco2_wang,TDC
hexapeptide 48,C[C@@H]1NC(=O)[C@@H](C)N(C)C(=O)[C@@H](C)N(C)C(=O)[C@H](C)NC(=O)[C@H](C)N(C)C(=O)[C@@H](C)N(C)C1=O,-5.3000002,caco2_wang,TDC
hexapeptide 52,C[C@H]1C(=O)N(C)[C@H](C)C(=O)N[C@H](C)C(=O)N(C)[C@@H](C)C(=O)N[C@H](C)C(=O)N(C)[C@@H](C)C(=O)N1C,-4.6999998,caco2_wang,TDC
hexapeptide 53,C[C@@H]1NC(=O)[C@@H](C)NC(=O)[C@@H](C)N(C)C(=O)[C@H](C)N(C)C(=O)[C@H](C)N(C)C(=O)[C@@H](C)N(C)C1=O,-5.3000002,caco2_wang,TDC
hexapeptide 54,C[C@@H]1NC(=O)[C@@H](C)N(C)C(=O)[C@H](C)N(C)C(=O)[C@@H](C)NC(=O)[C@@H](C)N(C)C(=O)[C@H](C)N(C)C1=O,-5.0,caco2_wang,TDC
hexapeptide 55,C[C@@H]1NC(=O)[C@@H](C)N(C)C(=O)[C@H](C)NC(=O)[C@@H](C)N(C)C(=O)[C@@H](C)N(C)C(=O)[C@H](C)N(C)C1=O,-5.3000002,caco2_wang,TDC
hexapeptide 56,C[C@H]1C(=O)N(C)[C@H](C)C(=O)N[C@H](C)C(=O)N(C)[C@@H](C)C(=O)N(C)[C@H](C)C(=O)N(C)[C@@H](C)C(=O)N1C,-5.0999999,caco2_wang,TDC
hexapeptide 57,C[C@@H]1NC(=O)[C@@H](C)N(C)C(=O)[C@@H](C)N(C)C(=O)[C@H](C)N(C)C(=O)[C@H](C)N(C)C(=O)[C@@H](C)N(C)C1=O,-5.1500001,caco2_wang,TDC
hexapeptide 58,C[C@H]1C(=O)N(C)[C@H](C)C(=O)N(C)[C@H](C)C(=O)N(C)[C@@H](C)C(=O)N[C@H](C)C(=O)N(C)[C@@H](C)C(=O)N1C,-5.3000002,caco2_wang,TDC
hexapeptide 59,C[C@@H]1NC(=O)[C@@H](C)N(C)C(=O)[C@H](C)N(C)C(=O)[C@@H](C)N(C)C(=O)[C@@H](C)N(C)C(=O)[C@H](C)N(C)C1=O,-5.3000002,caco2_wang,TDC
hexapeptide 60,C[C@H]1C(=O)N[C@H](C)C(=O)N(C)[C@H](C)C(=O)N(C)[C@@H](C)C(=O)N(C)[C@H](C)C(=O)N(C)[C@@H](C)C(=O)N1C,-5.3000002,caco2_wang,TDC
hydralazine,NNc1nncc2ccccc12,-5.170000099999998,caco2_wang,TDC
hydrocortisone,C[C@]12C[C@@H](O)[C@@H]3[C@@H](CCC4=CC(=O)CC[C@@]43C)[C@H]1CC[C@@]2(O)C(=O)CO,-4.6599998,caco2_wang,TDC
IACV,C=C1NC(N)=Nc2c1ncn2COCCOC(=O)[C@H](N)[C@H](C)CC,-5.6799998,caco2_wang,TDC
alminoprofen,C=C(C)CNc1ccc(C(C)C(=O)O)cc1,-4.3400002,caco2_wang,TDC
imipramine,CN(C)CCCN1c2ccccc2CCc2ccccc21,-4.8509998,caco2_wang,TDC
indomethacin,COc1ccc2c(c1)c(CC(=O)O)c(C)n2C(=O)c1ccc(Cl)cc1,-4.6900001,caco2_wang,TDC
isoquercitrin ,O=c1c(OC2C(O)OC(CO)C(O)C2O)c(-c2ccc(O)c(O)c2)oc2cc(O)cc(O)c12,-6.170000099999998,caco2_wang,TDC
ketoconazole,CC(=O)N1CCN(c2ccc(OC[C@H]3CO[C@](Cn4ccnc4)(c4ccc(Cl)cc4Cl)O3)cc2)CC1,-4.9299998,caco2_wang,TDC
lamotrigine,Nc1nnc(-c2cccc(Cl)c2Cl)c(N)n1,-4.3899999,caco2_wang,TDC
lansoprazole,Cc1c(OCC(F)(F)F)ccnc1CS(=O)c1nc2ccccc2[nH]1,-4.1100001000000015,caco2_wang,TDC
Liquiritin apioside ,O=c1cc(-c2ccc(O)cc2)oc2cc(O[C@@H]3O[C@H](CO)[C@@H](O)[C@H](O)[C@H]3O[C@@H]3OC[C@](O)(CO)[C@H]3O)cc(O)c12,-7.119999900000002,caco2_wang,TDC
lisinopril,NCCCC[C@H](N[C@@H](CCc1ccccc1)C(=O)O)C(=O)N1CCC[C@H]1C(=O)O,-7.389999900000001,caco2_wang,TDC
loracarbef,N[C@@H](C(=O)N[C@@H]1C(=O)N2C(C(=O)O)=C(Cl)CC[C@H]12)c1ccccc1.O,-7.3400002,caco2_wang,TDC
amfenac sodium,Nc1c(CC(=O)[O-])cccc1C(=O)c1ccccc1.O.[Na+],-4.52,caco2_wang,TDC
LY366659,CC(C)S(=O)(=O)n1c(N)nc2ccc(/C(=C/C(N)=O)c3c(F)c(F)cc(F)c3F)cc21,-4.1999998,caco2_wang,TDC
LY366799,CC(C)S(=O)(=O)n1c(N)nc2ccc(/C(=C/C(N)=O)c3ccccc3F)cc21,-4.54,caco2_wang,TDC
LY366853,C.CC(C)n1c(N)nc2ccc(/C(=C/C(N)=O)c3cccc(F)c3F)cc21,-5.3000002,caco2_wang,TDC
LY366856,CC(C)S(=O)(=O)n1c(N)nc2ccc(/C(=C/C(N)=O)c3ccc(F)c(F)c3F)cc21,-4.329999900000002,caco2_wang,TDC
meloxicam,Cc1cnc(NC(=O)C2=C(O)c3ccccc3S(=O)(=O)N2C)s1,-4.71,caco2_wang,TDC
methylscopolamine,C[N+]1(C)[C@H]2CC(OC(=O)[C@H](CO)c3ccccc3)C[C@H]1C1OC12.[Br-],-6.1599998,caco2_wang,TDC
metolazone,Cc1ccccc1N1C(=O)c2cc(S(N)(=O)=O)c(Cl)cc2NC1C,-5.21,caco2_wang,TDC
amoxicillin,CC1(C)S[C@@H]2[C@H](NC(=O)[C@H](N)c3ccc(O)cc3)C(=O)N2[C@H]1C(=O)O,-6.1524997,caco2_wang,TDC
nadalol,CC(C)(C)NCC(O)COc1cccc2c1CC(O)C(O)C2,-5.4109998,caco2_wang,TDC
naproxen,COc1ccc2cc([C@H](C)C(=O)O)ccc2c1,-4.6599998,caco2_wang,TDC
naproxen sodium,COc1ccc2cc(C(C)C(=O)[O-])ccc2c1.[Na+],-4.329999900000002,caco2_wang,TDC
naringenin,O=C1C[C@@H](c2ccc(O)cc2)Oc2cc(O)cc(O)c21,-4.6550002,caco2_wang,TDC
N-carbobenzoxy-tryptophan,O=C(NC(Cc1c[nH]c2ccccc12)C(=O)O)OCc1ccccc1,-5.8000002,caco2_wang,TDC
N-desmethylclozapine,Clc1ccc2c(c1)N=C(N1CCNCC1)c1ccccc1N2,-4.6799998,caco2_wang,TDC
neolignan smi02,C/C=C/c1cc(OC)c2c(c1)C(C)C(c1cc(OC)c(O)c(OC)c1)O2,-5.3400002,caco2_wang,TDC
neolignan smi05,C=CCc1cc(OC)c(OC(C)Cc2cc(OC)c(OC)c(OC)c2)c(OC)c1,-4.73,caco2_wang,TDC
ampicillin,CC1(C)S[C@@H]2[C@H](NC(=O)[C@H](N)c3ccccc3)C(=O)N2[C@H]1C(=O)O,-5.6999998,caco2_wang,TDC
neolignan smi08,C=CCc1cc(OC)c(OC(C)C(O)c2cc(OC)c(OC)c(OC)c2)c(OC)c1,-4.5500002,caco2_wang,TDC
neolignan smi09,C=CCc1cc(OC)c(OC(C)C(O)c2ccc(O)c(OC)c2)c(OC)c1,-4.5100002,caco2_wang,TDC
oxacillin,Cc1onc(-c2ccccc2Cl)c1C(=O)N[C@@H]1C(=O)N2[C@@H](C(=O)O)C(C)(C)S[C@H]12,-5.579999900000002,caco2_wang,TDC
oxprenolol ester,C=CCOc1ccccc1OC[C@@H](CNC(C)C)OC(=O)C1CC1,-4.545000099999998,caco2_wang,TDC
PNU200001,N=C(N)c1ccc2[nH]c(Cc3nc4ccccc4[nH]3)nc2c1,-6.6999998,caco2_wang,TDC
PNU200647,N/C(=N/O)c1ccc2[nH]c(-c3ccccn3)nc2c1,-4.6500001,caco2_wang,TDC
PNU200648,Cc1ccnc2nc(Cc3nc4cc(C(=N)N)ccc4[nH]3)[nH]c12,-7.0500002,caco2_wang,TDC
PNU200969,CCOC(=O)NC(=N)c1ccc2[nH]c(Cc3nc4ccccc4[nH]3)nc2c1,-6.1500001,caco2_wang,TDC
pravastatin,CC[C@H](C)C(=O)O[C@H]1C[C@H](O)C=C2C=C[C@H](C)[C@H](CC[C@@H](O)C[C@@H](O)CC(=O)O)[C@H]21,-5.8400002,caco2_wang,TDC
prazosin,COc1cc2nc(N3CCN(C(=O)c4ccco4)CC3)nc(N)c2cc1OC,-4.987,caco2_wang,TDC
prednisolone,C[C@]12C[C@H](O)[C@H]3[C@@H](CCC4=CC(=O)C=C[C@@]43C)[C@@H]1CC[C@]2(O)C(=O)CO,-4.7199998,caco2_wang,TDC
preladenant,COCCOc1ccc(N2CCN(CCn3ncc4c3nc(N)n3nc(-c5ccco5)nc43)CC2)cc1,-5.3499999,caco2_wang,TDC
propranolol ester,CC(C)NC[C@H](COc1cccc2ccccc12)OC(=O)C1CC1,-4.5100002,caco2_wang,TDC
puerarin ,O=c1c(-c2ccc(O)cc2)coc2c([C@@H]3O[C@H](CO)[C@@H](O)[C@H](O)[C@H]3O)c(O)ccc12,-6.4000001,caco2_wang,TDC
quinidine,C=C[C@H]1CN2CC[C@H]1C[C@@H]2[C@@H](O)c1ccnc2ccc(OC)cc12,-4.6900001,caco2_wang,TDC
raffinose,OC[C@H]1O[C@@](CO)(O[C@H]2O[C@H](CO[C@H]3O[C@H](CO)[C@H](O)[C@H](O)[C@H]3O)[C@@H](O)[C@H](O)[C@H]2O)[C@@H](O)[C@@H]1O,-7.619999900000002,caco2_wang,TDC
artesunate,C[C@@H]1CC[C@H]2[C@@H](C)[C@H](OC(=O)CCC(=O)O)O[C@@H]3O[C@@]4(C)CC[C@@H]1[C@@]23OO4,-5.4000001,caco2_wang,TDC
rapamycin,CO[C@H]1C[C@@H]2CC[C@@H](C)[C@@](O)(O2)C(=O)C(=O)N2CCCC[C@H]2C(=O)O[C@H]([C@H](C)C[C@@H]2CC[C@@H](O)[C@H](OC)C2)CC(=O)[C@H](C)/C=C(\C)[C@@H](O)[C@@H](OC)C(=O)[C@H](C)C[C@H](C)/C=C/C=C/C=C/1C,-4.96,caco2_wang,TDC
SACV,C=C1NC(N)=Nc2c1ncn2COCCOC(=O)[C@H](N)CO,-5.329999900000002,caco2_wang,TDC
scopolamine,CN1[C@H]2CC(OC(=O)[C@H](CO)c3ccccc3)C[C@@H]1[C@H]1O[C@@H]21,-4.928,caco2_wang,TDC
serotonin,NCCc1c[nH]c2ccc(O)cc12,-4.8600001,caco2_wang,TDC
sildenafil,CCCc1nn(C)c2c(=O)nc(-c3cc(S(=O)(=O)N4CCN(C)CC4)ccc3OCC)[nH]c12,-4.5100002,caco2_wang,TDC
atropine,CN1[C@H]2CC[C@@H]1CC(OC(=O)C(CO)c1ccccc1)C2,-4.6999998,caco2_wang,TDC
sulfadiazine,Nc1ccc(S(=O)(=O)Nc2ncccn2)cc1,-4.75,caco2_wang,TDC
sulfasalazine,O=C(O)c1cc(/N=N/c2ccc(S(=O)(=O)Nc3ccccn3)cc2)ccc1O,-5.378171,caco2_wang,TDC
tenidap,NC(=O)N1C(=O)C(C(=O)c2cccs2)c2cc(Cl)ccc21,-4.5700002,caco2_wang,TDC
tenoxicam,COc1cc2nc(N3CCN(C(=O)C4CCCO4)CC3)nc(N)c2cc1OC,-4.6100001,caco2_wang,TDC
theophylline,Cn1c(=O)c2[nH]cnc2n(C)c1=O,-4.3499999,caco2_wang,TDC
tiotidine,C/N=C(\NC#N)NCCSCc1csc(N=C(N)N)n1,-5.880000099999998,caco2_wang,TDC
tryptophan,NC(Cc1c[nH]c2ccccc12)C(=O)O,-5.3899999,caco2_wang,TDC
tryptophanamide,NC(=O)C(N)Cc1c[nH]c2ccccc12,-4.920000099999998,caco2_wang,TDC
ursolic acid,C[C@@H]1[C@H]2C3=CC[C@@H]4[C@@]5(C)CC[C@H](O)C(C)(C)[C@@H]5CC[C@@]4(C)[C@]3(C)CC[C@@]2(C(=O)O)CC[C@H]1C,-5.5500002,caco2_wang,TDC
VACV,C=C1NC(N)=Nc2c1ncn2COCCOC(=O)[C@H](N)C(C)C,-5.3499999,caco2_wang,TDC
verapamil,COc1ccc(CCN(C)CCCC(C#N)(c2ccc(OC)c(OC)c2)C(C)C)cc1OC,-4.579999900000002,caco2_wang,TDC
benzoic acid,O=C(O)c1ccccc1,-4.0050001,caco2_wang,TDC
vinblastine,CC[C@]1(O)C[C@@H]2CN(CCc3c([nH]c4ccccc34)[C@@](C(=O)OC)(c3cc4c(cc3OC)N(C)[C@H]3[C@@](O)(C(=O)OC)[C@H](OC(C)=O)[C@]5(CC)C=CCN6CC[C@]43[C@@H]65)C2)C1,-5.48,caco2_wang,TDC
VLA-4 antagonist 2,CCOC(=O)[C@H](Cc1ccc(OC(=O)N(C)C)cc1)NC(=O)[C@H]1N(S(=O)(=O)c2cnn(C)c2)CSC1(C)C,-5.369999900000002,caco2_wang,TDC
VLA-4 antagonist 3,CC(C)OC(=O)[C@H](Cc1ccc(OC(=O)N(C)C)cc1)NC(=O)[C@H]1N(S(=O)(=O)c2cnn(C)c2)CSC1(C)C,-5.170000099999998,caco2_wang,TDC
VLA-4 antagonist 4,CN(C)C(=O)Oc1ccc(C[C@H](NC(=O)[C@H]2N(S(=O)(=O)c3cnn(C)c3)CSC2(C)C)C(=O)OCC(C)(C)C)cc1,-5.3400002,caco2_wang,TDC
VLA-4 antagonist 5,CN(C)C(=O)Oc1ccc(C[C@H](NC(=O)[C@H]2N(S(=O)(=O)c3cnn(C)c3)CSC2(C)C)C(=O)OCOC(=O)C(C)(C)C)cc1,-5.5999999,caco2_wang,TDC
VLA-4 antagonist 6,COCCOCCOC(=O)[C@H](Cc1ccc(OC(=O)N(C)C)cc1)NC(=O)[C@H]1N(S(=O)(=O)c2cnn(C)c2)CSC1(C)C,-5.6900001,caco2_wang,TDC
benzylpenicillin,CC1(C)S[C@@H]2[C@H](NC(=O)Cc3ccccc3)C(=O)N2[C@H]1C(=O)O,-6.0250001,caco2_wang,TDC
zidovudine,Cc1cn([C@H]2C[C@H](N=[N+]=[N-])[C@@H](CO)O2)c(=O)[nH]c1=O,-5.0599999,caco2_wang,TDC
CA-DADLE,CC(C)C[C@H]1NC(=O)[C@@H](Cc2ccccc2)NC(=O)CNC(=O)[C@@H](C)NC(=O)[C@H](Cc2ccc(O)cc2)NC(=O)/C=C\c2ccccc2OC1=O,-5.880000099999998,caco2_wang,TDC
CA-Leu-Enk,CC(C)C[C@H]1NC(=O)[C@@H](CC2CCCCC2)NC(=O)CNC(=O)[C@@H](C)NC(=O)[C@H](Cc2ccc(O)cc2)NC(=O)/C=C\c2ccccc2OC1=O,-6.4699998,caco2_wang,TDC
camptothecin,CC[C@@]1(O)C(=O)OCc2c1cc1n(c2=O)Cc2cc3ccccc3nc2-1,-4.1100001000000015,caco2_wang,TDC
carboxamido 28,CC(C)(C)CC(=O)Nc1c(F)cc(C(=O)Nc2nccs2)cc1F,-4.059999899999998,caco2_wang,TDC
cefazolin,Cc1nnc(SCC2=C(C(=O)O)N3C(=O)[C@@H](NC(=O)Cn4cnnn4)[C@H]3SC2)s1,-6.23,caco2_wang,TDC
ceftriaxone,CO/N=C(\C(=O)N[C@@H]1C(=O)N2C(C(=O)O)=C(CSc3nc(=O)c(=O)[nH]n3C)CS[C@H]12)c1csc(N)n1,-6.764999900000001,caco2_wang,TDC
cephalexin,CC1=C(C(=O)O)N2C(=O)C(NC(=O)C(N)c3ccccc3)C2SC1,-6.3600001,caco2_wang,TDC
cephalexin acetylated,CC(=O)NC(C(=O)NC1C(=O)N2C(C(=O)O)=C(C)CSC12)c1ccccc1,-6.630000099999998,caco2_wang,TDC
CFPN-PI,CC/C=C(\C(=O)N[C@@H]1C(=O)N2C(C(=O)OCOC(=O)C(C)(C)C)=C(COC(N)=O)CS[C@H]12)c1csc(N)n1.Cl.O,-5.1100001,caco2_wang,TDC
cimetidine,C/N=C(\NC#N)NCCSCc1[nH]cnc1C,-5.9000001,caco2_wang,TDC
clozapine,CN1CCN(C2=Nc3cc(Cl)ccc3Nc3ccccc32)CC1,-4.5100002,caco2_wang,TDC
2,CN(C(=O)[C@H](Cc1ccc(C(=N)N)cc1)NS(=O)(=O)c1ccc2ccccc2c1)C1CCCC1,-6.6989698,caco2_wang,TDC
34,NCc1cccc(Cc2ncccn2)c1,-4.5968795,caco2_wang,TDC
31,NC(=O)c1cccc(Cc2ncccn2)c1,-4.4609237,caco2_wang,TDC
20,N#Cc1cccc(Cc2ncccn2)c1,-4.1758742,caco2_wang,TDC
7,CNS(=O)(=O)c1ccc(Cl)cc1,-4.186419,caco2_wang,TDC
6,NS(=O)(=O)c1ccc(Cl)cc1,-4.2620125,caco2_wang,TDC
Amiloride,N=C(N)NC(=O)c1nc(Cl)c(N)nc1N,-6.251812,caco2_wang,TDC
Cimetidine,CN/C(=N\CCSCc1nc[nH]c1C)NC#N,-6.0420098,caco2_wang,TDC
Lef53,NC(=O)[C@H](Cc1ccccc1)NC(=O)[C@H](Cc1ccccc1)NC(=O)[C@H](CCCN=C(N)N)NC(=O)[C@@H](N)Cc1ccc(O)cc1,-7.4317985,caco2_wang,TDC
15j,COc1cccc(-n2c(=O)n(Cc3c(F)cccc3Br)c(=O)n(C[C@H](N)c3ccccc3)c2=O)c1F,-4.856985099999998,caco2_wang,TDC
15f,COc1cccc(-n2c(=O)n(Cc3ccccc3C#N)c(=O)n(C[C@H](N)c3ccccc3)c2=O)c1F,-4.5917602,caco2_wang,TDC
65,CC(=O)c1sc(NC(=O)N[C@@H]2CCCC[C@H]2CN2CCC[C@@H](Cc3ccc(F)cc3)C2)nc1C,-5.221849,caco2_wang,TDC
32,CC(=O)c1cccc(NC(=O)N[C@@H]2CCCC[C@H]2CN2CCC[C@@H](Cc3ccc(F)cc3)C2)c1,-4.9586072,caco2_wang,TDC
Lobucavir,Nc1nc(O)c2ncn([C@@H]3C[C@H](CO)[C@H]3CO)c2n1,-6.0555172,caco2_wang,TDC
Metoprolol,COCCc1ccc(OCC(O)CNC(C)C)cc1,-4.3493013,caco2_wang,TDC
9,CC(C)CNC(=O)[C@H](C)NC[C@H](Cc1ccccc1)NC(=O)c1cc(CCC2C[C@@H]2C)cc(N(C)S(C)(=O)=O)c1,-4.6197886,caco2_wang,TDC
4b,CC(C)CNC(=O)[C@H](C)NC[C@H](Cc1ccccc1)NC(=O)c1cc(C(=O)N[C@H](C)c2ccc(F)cc2)cc(N(C)S(C)(=O)=O)c1,-5.0,caco2_wang,TDC
2n,CCOC(=O)c1c(Cl)cccc1-c1cnc([C@@H](C)NC(=O)C2(NC(=O)C(F)(F)F)CC2)c(F)c1,-4.5528421,caco2_wang,TDC
2k,C[C@@H](NC(=O)C1(NC(=O)C(F)(F)F)CC1)c1ccc(-c2cc(Cl)cc(F)c2-c2nnn(C)n2)cc1F,-4.6382723,caco2_wang,TDC
2i,Cc1nc(-c2c(Cl)cc(Cl)cc2-c2ccc([C@@H](C)NC(=O)C3(NC(=O)C(F)(F)F)CC3)c(F)c2)no1,-4.6382723,caco2_wang,TDC
2m,COC(=O)c1c(Cl)cc(Cl)cc1-c1cnc([C@@H](C)NC(=O)C2(NC(=O)C(F)(F)F)CC2)c(F)c1,-4.5376019,caco2_wang,TDC
2e,C[C@@H](NC(=O)C1(NC(=O)C(F)(F)F)CC1)c1ccc(-c2cc(Cl)ccc2-c2nnn(C)n2)cc1F,-4.5528421,caco2_wang,TDC
2h,CCOC(=O)c1c(Cl)cc(Cl)cc1-c1ccc([C@@H](C)NC(=O)C2(NC(=O)C(F)(F)F)CC2)c(F)c1,-4.6020598,caco2_wang,TDC
2o,CCOC(=O)c1c(Cl)cc(Cl)cc1-c1cnc([C@@H](C)NC(=O)C2(NC(=O)C(F)(F)F)CC2)c(F)c1,-4.6020598,caco2_wang,TDC
2l,COC(=O)c1c(Cl)cccc1-c1cnc([C@@H](C)NC(=O)C2(NC(=O)C(F)(F)F)CC2)c(F)c1,-4.6020598,caco2_wang,TDC
2d,Cc1nc(-c2ccc(Cl)cc2-c2ccc([C@@H](C)NC(=O)C3(NC(=O)C(F)(F)F)CC3)c(F)c2)no1,-4.5086384000000015,caco2_wang,TDC
1,COC(=O)c1c(Cl)cccc1-c1ccc([C@@H](C)NC(=O)C2(NC(=O)C(F)(F)F)CC2)c(F)c1,-4.468521099999999,caco2_wang,TDC
49,O=C(N[C@@H]1CCOC[C@@H]1C(=O)NO)c1ccc(Cc2c(C(F)(F)F)nn3ccccc23)cc1,-5.7447276,caco2_wang,TDC
48,CC(C)(C)c1nn2ccccc2c1Cc1ccc(C(=O)N[C@@H]2CCOC[C@@H]2C(=O)NO)cc1,-5.3665314,caco2_wang,TDC
1,CCCN(Cc1ccoc1)C(=O)c1cc(C)cc(OCC2(CON=C(N)N)CC2)c1,-5.387216099999999,caco2_wang,TDC
17,Cc1ccc(C(F)(F)CNc2ccc(C#N)c(CC(=O)NCCONC(=N)N)c2F)nc1,-6.188375,caco2_wang,TDC
5,N#Cc1ccc(NCC(F)(F)c2ccccc2)c(F)c1CC(=O)NCCONC(=N)N,-5.647924400000001,caco2_wang,TDC
22,N#Cc1ccc(NCC(F)(F)c2cccc(F)c2)c(F)c1CC(=O)NCCONC(=N)N,-5.741402099999998,caco2_wang,TDC
36,Cc1nc(N)ccc1CNC(=O)Cc1c(C#N)ccc(NCC(F)(F)c2ccccn2)c1F,-5.1474957,caco2_wang,TDC
34,CN(OCCNC(=O)Cc1c(C#N)ccc(NCC(F)(F)c2ccccn2)c1F)C(=N)N,-6.3723636,caco2_wang,TDC
23,N#Cc1ccc(NCC(F)(F)c2ccc(F)c(F)c2)c(F)c1CC(=O)NCCONC(=N)N,-5.9430285000000005,caco2_wang,TDC
S-6j,c1csc([C@]23CNC[C@H]2C3)c1,-4.7544875,caco2_wang,TDC
659-Harmane,Cc1nccc2c1[nH]c1ccccc12,-5.223299,caco2_wang,TDC
795-Coptisine chloride (COP),[Cl-].c1c2c(cc3c1OCO3)-c1cc3ccc4c(c3c[n+]1CC2)OCO4,-4.9574246,caco2_wang,TDC
"877-(2S,4S,5R)-2-[(4'-Chlorophenyl)-4-methyl-1,3-dioxan-5-yl]amine (5h)",C[C@@H]1O[C@@H](c2ccc(Cl)cc2)OC[C@H]1N,-4.9279342,caco2_wang,TDC
"878-(2S,4S,5R)-2-[(4'-Nitrophenyl)-4-methyl-1,3-dioxan-5-yl]amine (5i)",C[C@@H]1O[C@@H](c2ccc(N(O)O)cc2)OC[C@H]1N,-4.8885694000000015,caco2_wang,TDC
"879-(cis)-[2-(E-Phenylvinyl)-1,3-dioxan-5-yl]amine (6a)",C=C(c1ccccc1)C1OCC(N)CO1,-4.9913998,caco2_wang,TDC
"880-(2S,4S,5R)-[2-(E-Phenylvinyl)-4-methyl-1,3-dioxan-5-yl]amine (6b)",C=C(c1ccccc1)[C@H]1OC[C@@H](N)[C@H](C)O1,-4.9880071,caco2_wang,TDC
881-13h,C[C@@H]1O[C@@H](c2ccc(Cl)cc2)OC[C@H]1NC(=O)Cc1ccccc1,-4.9920392,caco2_wang,TDC
"883-(cis)-[2-(E-Phenylvinyl)-1,3-dioxan-5-yl]phenylacetamide (14a)",C=C(c1ccccc1)C1OCC(NC(=O)Cc2ccccc2)CO1,-5.0498786,caco2_wang,TDC
884-14b,C=C(c1ccccc1)[C@H]1OC[C@@H](NC(=O)Cc2ccccc2)[C@H](C)O1,-5.050365900000001,caco2_wang,TDC
1029-Dihydrotetrabenazine isomer,COc1cc2c(cc1OC)C1CC(O)C(CC(C)C)CN1CC2,-4.598685700000001,caco2_wang,TDC
228-Raffinose,OC[C@H]1O[C@@](CO)(OC2O[C@H](COC3O[C@H](CO)[C@H](O)[C@H](O)[C@H]3O)[C@@H](O)[C@H](O)[C@H]2O)[C@@H](O)[C@@H]1O,-7.309804,caco2_wang,TDC
234-Cortisone,C[C@@]12CCC(=O)C=C1CC[C@H]1[C@@H]3CC[C@](O)(C(=O)CO)[C@@]3(C)CC(=O)[C@H]12,-4.5086384000000015,caco2_wang,TDC
677-Prednisolone,C[C@@]12C=CC(=O)C=C1CC[C@@H]1[C@@H]2[C@@H](O)C[C@@]2(C)[C@H]1CC[C@]2(O)C(=O)CO,-5.4436975,caco2_wang,TDC
679-Captopril (Cap),C[C@H](CS)C(=O)N1CCC[C@@H]1C(=O)O,-4.8153086,caco2_wang,TDC
732-Amitriptyline,CN(C)CCC=C1c2ccccc2CCc2ccccc21,-3.9006648,caco2_wang,TDC
801-Yohimbine (YOH),COC(=O)[C@@H]1[C@H](O)CC[C@@H]2CN3CCc4c([nH]c5ccccc45)[C@H]3C[C@H]21,-4.8124795,caco2_wang,TDC
808-Asn-Ala-NH2,CC(NC(=O)C(N)CC(N)=O)C(N)=O,-6.5885487000000005,caco2_wang,TDC
1033-Dextromethorphan (DEM),COc1ccc2c(c1)[C@@]13CCCC[C@@H]1[C@@H](C2)N(C)CC3,-4.628932,caco2_wang,TDC
014-Ampicillin,CC1(C)S[C@]2(C)[C@H](NC(=O)[C@H](N)c3ccccc3)C(=O)N2[C@H]1C(=O)O,-6.1023731,caco2_wang,TDC
016-Ceftibuten,Nc1nc(/C(=C\CC(=O)O)C(=O)NC2C(=O)N3C(C(=O)O)=CCSC23)cs1,-6.0604806,caco2_wang,TDC
107-zidovudine,Cc1cn([C@H]2C[C@H]([N-][NH+]=N)[C@@H](CO)O2)c(=O)[nH]c1=O,-5.1850867,caco2_wang,TDC
150-Artesunate,C[C@@H]1CC[C@H]2[C@@H](C)[C@@H](OC(=O)CCC(=O)O)O[C@@H]3OC4(C)CC[C@@H]1[C@@]23OO4,-5.4001169,caco2_wang,TDC
167-cephradine,CC1=C(C(=O)O)N2C(=O)[C@@H](NC(=O)[C@@H](N)C3=CCC=CC3)[C@H]2SC1,-5.6925039,caco2_wang,TDC
170-Grepafloxacin hydrochloride (GRX),Cc1c(F)c(N2CCNC(C)C2)cc2c1C(=O)C(C(=O)O)CN2C1CC1,-4.9825492,caco2_wang,TDC
174-Guanabenz,NC(N)=N/N=C/c1c(Cl)cccc1Cl,-4.363411900000001,caco2_wang,TDC
205-Fluoxetine,CNCCC(Oc1ccc(C(F)(F)F)cc1)c1ccccc1,-4.9299622,caco2_wang,TDC
243-Famotidine,NC(N)=Nc1nc(CSCC/C(N)=N\S(N)(=O)=O)cs1,-5.9488473,caco2_wang,TDC
247-Lobucavir,Nc1nc(=O)c2ncn([C@@H]3C[C@H](CO)[C@H]3CO)c2[nH]1,-6.0555172,caco2_wang,TDC
263-Amrinone,Nc1cc(-c2ccncc2)c[nH]c1=O,-4.7544875,caco2_wang,TDC
285-Ephedrine,CN[C@@H](C)[C@@H](O)c1ccccc1,-4.9913998,caco2_wang,TDC
403-Atorvastatin,CC(C)c1c(C(=O)Nc2ccccc2)c(-c2ccccc2)c(-c2ccc(F)cc2)n1CC[C@H](O)C[C@H](O)CC(=O)O,-5.309804,caco2_wang,TDC
"453-(2E,4E,8Z,10Z)-N-Isobutyldodeca-2,4,8,10-tetraenamide (5) mw=247",C/C=C\C=C/CC/C=C/C=C/C(=O)NCC(C)C,-4.2441254,caco2_wang,TDC
"643-(2E,4E,8Z)-N-isobutyldodeca-2,4,8-trienamide (6) mw = 249",CCC/C=C\CC/C=C/C=C/C(=O)NCC(C)C,-4.6989698,caco2_wang,TDC
Acrivastine,Cc1ccc(/C(=C/CN2CCCC2)c2cccc(/C=C/C(=O)O)n2)cc1,-5.720623000000002,caco2_wang,TDC
Aminopyrine,Cc1c(N(C)C)c(=O)n(-c2ccccc2)n1C,-4.389419599999999,caco2_wang,TDC
Amitriptyline,CN(C)CCC=C1c2ccccc2CCc2ccccc21,-4.2600002,caco2_wang,TDC
Amphetamine sulfate,C[C@H](N)Cc1ccccc1,-4.3899999,caco2_wang,TDC
Ampicillin,CC1(C)SC2C(NC(=O)C(N)c3ccccc3)C(=O)N2C1C(=O)O,-6.0700002,caco2_wang,TDC
Artesunate,CC1CCC2C(C)C(OC(=O)CCC(=O)O)OC3OC4(C)CCC1C32OO4,-5.4000001,caco2_wang,TDC
Astemizole,COc1ccc(CCN2CCC(Nc3nc4ccccc4n3Cc3ccc(F)cc3)CC2)cc1,-5.1500001,caco2_wang,TDC
Atorvastatin,CC(C)c1c(C(=O)Nc2ccccc2)c(-c2ccccc2)c(-c2ccc(F)cc2)n1CC[C@@H](O)C[C@@H](O)CC(=O)O,-5.3099999,caco2_wang,TDC
Betaxolol,CC(C)NCC(O)COc1ccc(CCOCC2CC2)cc1,-4.3156309,caco2_wang,TDC
Bicalutamide,CC(O)(CS(=O)(=O)c1ccc(F)cc1)C(=O)Nc1ccc(C#N)c(C(F)(F)F)c1,-4.6599998,caco2_wang,TDC
Bisoprolol,CC(C)NCC(O)COc1ccc(COCCOC(C)C)cc1,-4.7600002,caco2_wang,TDC
Bromazepam,O=C1CN=C(c2ccccn2)c2cc(Br)ccc2N1,-4.4000001,caco2_wang,TDC
Bupropion,CC(NC(C)(C)C)C(=O)c1cccc(Cl)c1,-3.9519544,caco2_wang,TDC
Camazepam,CN(C)C(=O)OC1N=C(c2ccccc2)c2cc(Cl)ccc2N(C)C1=O,-4.46,caco2_wang,TDC
Captopril (Cap),C[C@H](CS)C(=O)N1CCC[C@H]1C(=O)O,-4.8200002,caco2_wang,TDC
Cefuroxime,CON=C(C(=O)NC1C(=O)N2C(C(=O)O)=C(COC(N)=O)CSC12)c1ccco1,-6.29,caco2_wang,TDC
Celecoxib,Cc1ccc(-c2cc(C(F)(F)F)nn2-c2ccc(S(N)(=O)=O)cc2)cc1,-4.8050604,caco2_wang,TDC
Cetirizine,O=C(O)COCCN1CCN(C(c2ccccc2)c2ccc(Cl)cc2)CC1,-5.5,caco2_wang,TDC
Chloroquine,CCN(CC)CCCC(C)Nc1ccnc2cc(Cl)ccc12,-4.5500002,caco2_wang,TDC
Chlorpheniramine,CN(C)CCC(c1ccc(Cl)cc1)c1ccccn1,-4.2800002,caco2_wang,TDC
Chlorprothixene,CN(C)CC/C=C1/c2ccccc2Sc2ccc(Cl)cc21,-4.7399998,caco2_wang,TDC
Chlortetracycline,CN(C)[C@@H]1C(=O)C(C(N)=O)=C(O)[C@@]2(O)C(=O)C3=C(O)c4c(O)ccc(Cl)c4[C@@](C)(O)[C@H]3C[C@@H]12,-6.3200002,caco2_wang,TDC
Chlorzoxazone,O=c1[nH]c2cc(Cl)ccc2o1,-4.190000100000002,caco2_wang,TDC
Clarithromycin,CC[C@H]1OC(=O)[C@H](C)[C@@H](O[C@H]2C[C@@](C)(OC)[C@@H](O)[C@H](C)O2)[C@H](C)[C@@H](O[C@@H]2O[C@H](C)C[C@H](N(C)C)[C@H]2O)[C@](C)(OC)C[C@@H](C)C(=O)[C@H](C)[C@@H](O)[C@]1(C)O,-5.4699998,caco2_wang,TDC
Clozapine,CN1CCN(C2=c3ccccc3=Nc3ccc(Cl)cc3N2)CC1,-4.5100002,caco2_wang,TDC
Codeine,COc1ccc2c3c1OC1C(O)C=CC4C(C2)N(C)CCC341,-4.2800002,caco2_wang,TDC
Cycloserine,NC1CONC1=O,-5.4400001,caco2_wang,TDC
Danazol,C#C[C@@]1(O)CC[C@@H]2[C@H]3CCC4=Cc5oncc5C[C@@]4(C)[C@@H]3CC[C@]21C,-4.561461,caco2_wang,TDC
Dextromethorphan,COc1ccc2c(c1)C13CCCCC1C(C2)N(C)CC3,-4.7399998,caco2_wang,TDC
Diclofenac,O=C(O)Cc1ccccc1Nc1c(Cl)cccc1Cl,-4.460681,caco2_wang,TDC
Digoxin,C[C@H]1O[C@@H](O[C@H]2[C@@H](O)C[C@H](O[C@H]3[C@@H](O)C[C@H](O[C@H]4CC[C@@]5(C)[C@H]6C[C@@H](O)[C@]7(C)C(C8=CC(=O)OC8)CC[C@]7(O)[C@@H]6CC[C@@H]5C4)O[C@@H]3C)O[C@@H]2C)C[C@H](O)[C@@H]1O,-5.6316042,caco2_wang,TDC
Diltiazem,COc1ccc([C@@H]2Sc3ccccc3N(CCN(C)C)C(=O)[C@@H]2OC(C)=O)cc1,-4.4043612,caco2_wang,TDC
Efavirenz,O=C1Nc2ccc(Cl)cc2[C@@](C#CC2CC2)(C(F)(F)F)O1,-4.0500002,caco2_wang,TDC
Emetine,CC[C@H]1CN2CCc3cc(OC)c(OC)cc3[C@@H]2C[C@@H]1C[C@H]1NCCc2cc(OC)c(OC)cc21,-5.6900001,caco2_wang,TDC
Enalaprilat,C[C@H](N[C@H](CCc1ccccc1)C(=O)O)C(=O)N1CCC[C@@H]1C(=O)O,-5.880000099999998,caco2_wang,TDC
Exemestane,C=C1C[C@@H]2[C@H](CC[C@]3(C)C(=O)CC[C@@H]23)[C@@]2(C)C=CC(=O)C=C12,-4.329999900000002,caco2_wang,TDC
Ethionamide,CCc1cc(C(N)=S)ccn1,-4.4000001,caco2_wang,TDC
Fluoxetine,CNCCC(Oc1ccc(C)cc1)c1ccccc1,-4.5500002,caco2_wang,TDC
Fluparoxan (GR50360A),Fc1cccc2c1O[C@H]1CNC[C@H]1O2,-3.729485,caco2_wang,TDC
Flupenthixol,OCCN1CCN(CC/C=C2/c3ccccc3Sc3ccc(C(F)(F)F)cc32)CC1,-4.8899999,caco2_wang,TDC
Fluvastatin,CC(C)n1c(/C=C/[C@H](O)C[C@H](O)CC(=O)O)c(-c2ccc(F)cc2)c2ccccc21,-5.6999998,caco2_wang,TDC
Gancyclovir,Nc1nc2c(ncn2COC(CO)CO)c(=O)[nH]1,-6.1012278,caco2_wang,TDC
Glipizide,Cc1cnc(C(=O)NCCc2ccc(S(=O)(=O)NC(=O)NC3CCCCC3)cc2)cn1,-4.7199998,caco2_wang,TDC
Glutaminic Acid,NC(CCC(=O)O)C(=O)O,-6.0700002,caco2_wang,TDC
Grepafloxacin HCl,Cc1c(F)c(N2CCNC(C)C2)cc2c1c(=O)c(C(=O)O)cn2C1CC1,-4.8899999,caco2_wang,TDC
Guanabenz,NC(N)=NN=Cc1c(Cl)cccc1Cl,-4.329999900000002,caco2_wang,TDC
Haloperidol,O=C(CCCN1CCC(O)(c2ccc(Cl)cc2)CC1)c1ccc(F)cc1,-4.71,caco2_wang,TDC
Imatinib,Cc1ccc(NC(=O)c2ccc(CN3CCN(C)CC3)cc2)cc1Nc1nccc(-c2cccnc2)n1,-5.3899999,caco2_wang,TDC
Indinavir,CC(C)(C)NC(=O)[C@@H]1CN(Cc2cccnc2)CCN1C[C@@H](O)C[C@@H](Cc1ccccc1)C(=O)N[C@H]1c2ccccc2C[C@H]1O,-5.6900001,caco2_wang,TDC
Isoxicam,Cc1cc(NC(O)=C2C(=O)c3ccccc3S(=O)(=O)N2C)no1,-4.6100001,caco2_wang,TDC
Ketanserin,O=C(c1ccc(F)cc1)C1CCN(CCn2c(=O)[nH]c3ccccc3c2=O)CC1,-4.4400001,caco2_wang,TDC
Labetalol,CC(CCc1ccccc1)NCC(O)c1ccc(O)c(C(N)=O)c1,-4.895062,caco2_wang,TDC
Lamivudine,Nc1ccn([C@@H]2CS[C@H](CO)O2)c(=O)n1,-5.420000099999998,caco2_wang,TDC
Lisinopril,NCCCC[C@H](N[C@@H](CCc1ccccc1)C(=O)O)C(=O)N1CCC[C@@H]1C(=O)O,-6.6599998,caco2_wang,TDC
Lomefloxacin,CCn1cc(C(=O)O)c(=O)c2cc(F)c(N3CCNC(C)C3)c(F)c21,-4.8000002,caco2_wang,TDC
Loperamide HCl,CN(C)C(=O)C(CCN1CCC(O)(c2ccc(Cl)cc2)CC1)(c1ccccc1)c1ccccc1,-4.9699998,caco2_wang,TDC
Lobucavir,Nc1nc2c(ncn2C2[C@@H](CO)C[C@@H]2CO)c(=O)[nH]1,-6.0599999,caco2_wang,TDC
Losartan,CCCCc1nc(Cl)c(CO)n1Cc1ccc(-c2ccccc2-c2nnn[nH]2)cc1,-6.0727587,caco2_wang,TDC
Lovastatin,CCC(C)C(=O)OC1CC(C)C=C2C=CC(C)C(CCC3CC(O)CC(=O)O3)C21,-4.8400002,caco2_wang,TDC
Loxoprofen,CC(C(=O)O)c1ccc(CC2CCCC2=O)cc1,-4.3499999,caco2_wang,TDC
Mebendazole,COC(=O)Nc1nc2ccc(C(=O)c3ccccc3)cc2[nH]1,-4.5100002,caco2_wang,TDC
Meloxicam,Cc1cnc(N/C(O)=C2/C(=O)c3ccccc3S(=O)(=O)N2C)s1,-4.7058601,caco2_wang,TDC
Methylprednisolone,C[C@H]1C[C@H]2[C@@H]3CC[C@](O)(C(=O)CO)[C@@]3(C)C[C@H](O)[C@@H]2[C@@]2(C)C=CC(=O)C=C12,-5.1161518,caco2_wang,TDC
Metolazone,Cc1ccccc1N1C(=O)c2cc(S(N)(=O)=O)c(Cl)cc2N[C@H]1C,-5.3049202000000015,caco2_wang,TDC
Nelfinavir,Cc1c(O)cccc1C(=O)N[C@@H](CSc1ccccc1)[C@H](O)CN1C[C@H]2CCCC[C@H]2C[C@H]1C(=O)NC(C)(C)C,-6.1500001,caco2_wang,TDC
Netivudine (882C87),CC#Cc1cn([C@@H]2O[C@H](CO)[C@@H](O)[C@@H]2O)c(=O)[nH]c1=O,-5.1687455,caco2_wang,TDC
Nicardipine,COC(=O)C1=C(C)NC(C)=C(C(=O)OCCN(C)Cc2ccccc2)C1c1cccc(N(O)O)c1,-4.9305754,caco2_wang,TDC
Nifedipine,COC(=O)C1=C(C)NC(C)=C(C(=O)OC)C1c1ccccc1N(O)O,-4.3319983,caco2_wang,TDC
Nisoldipine,COC(=O)C1=C(C)NC(C)=C(C(=O)OCC(C)C)C1c1ccccc1N(O)O,-4.6999998,caco2_wang,TDC
Nitrendipine,CCOC(=O)C1=C(C)NC(C)=C(C(=O)OC)C1c1cccc(N(O)O)c1,-4.6200309,caco2_wang,TDC
Olopatadine,CN(C)CC/C=C1/c2ccccc2COc2ccc(CC(=O)O)cc21,-5.0100002,caco2_wang,TDC
Ouabain,C[C@@H]1O[C@@H](O[C@H]2C[C@@H](O)[C@@]3(CO)[C@H]4[C@H](O)C[C@]5(C)[C@@H](C6=CC(=O)OC6)CC[C@]5(O)[C@@H]4CC[C@]3(O)C2)[C@H](O)[C@H](O)[C@H]1O,-6.9593034,caco2_wang,TDC
Oxaprozin,O=C(O)CCc1nc(-c2ccccc2)c(-c2ccccc2)o1,-4.48,caco2_wang,TDC
Pentoxifylline,CC(=O)CCCCn1c(=O)c2c(ncn2C)n(C)c1=O,-4.1799998,caco2_wang,TDC
Phenobarbital,CCC1(c2ccccc2)C(=O)NC(=O)NC1=O,-4.630000099999998,caco2_wang,TDC
Piroxicam,CN1C(C(=O)Nc2ccccn2)=C(O)c2ccccc2S1(=O)=O,-4.4490995,caco2_wang,TDC
Pravastatin,CCC(C)C(=O)O[C@@H]1C[C@@H](O)C=C2C=C[C@@H](C)[C@@H](CC[C@@H](O)C[C@@H](O)CC(=O)O)[C@@H]21,-5.869999900000002,caco2_wang,TDC
Prazocin,COc1cc2nc(N3CCN(C(=O)c4occc4Cl)CC3)nc(N)c2cc1OC,-4.8899999,caco2_wang,TDC
Pranoprofen; pyranoprofen,CC(C(=O)O)c1ccc2c(c1)Cc1cccnc1O2,-4.3899999,caco2_wang,TDC
Prednisolone,C[C@]12CC(O)[C@H]3[C@@H](CCC4=CC(=O)C=C[C@@]43C)[C@@H]1CC[C@]2(O)C(=O)CO,-5.369999900000002,caco2_wang,TDC
Promazine,CN(C)CCCN1c2ccccc2Sc2ccccc21,-4.380000099999998,caco2_wang,TDC
Promethazine,CC(CN1c2ccccc2Sc2ccccc21)N(C)C,-3.7777722,caco2_wang,TDC
Pyrimethamine,CCc1nc(N)nc(N)c1-c1ccc(Cl)cc1,-4.23,caco2_wang,TDC
Quinidine,C=C[C@H]1CN2CC[C@H]1C[C@@H]2C(O)c1ccnc2ccc(OC)cc12,-4.6799998,caco2_wang,TDC
Raloxifene HCl,O=C(c1ccc(OCCN2CCCCC2)cc1)c1c(-c2ccc(O)cc2)sc2cc(O)ccc12,-5.7227535000000005,caco2_wang,TDC
Remikiren (Ro 42-5892),CC(C)(C)S(=O)(=O)C[C@H](Cc1ccccc1)C(=O)N[C@@H](Cc1cnc[nH]1)C(=O)N[C@H](CC1CCCCC1)[C@@H](O)[C@H](O)C1CC1,-6.1300907,caco2_wang,TDC
Reserpine,COC(=O)[C@H]1[C@H]2C[C@@H]3c4[nH]c5cc(OC)ccc5c4CCN3C[C@H]2C[C@@H](OC(=O)c2cc(OC)c(OC)c(OC)c2)[C@@H]1OC,-5.369999900000002,caco2_wang,TDC
Rifampicin,CO[C@@H]1C=CO[C@@]2(C)Oc3c(C)c(O)c4c(c3C2=O)C(=O)/C(=C\NN2CCN(C)CC2)C(=C4O)NC(=O)C(C)=CC=C[C@@H](C)[C@H](O)[C@H](C)[C@H](O)[C@@H](C)[C@@H](OC(C)=O)[C@@H]1C,-5.399786,caco2_wang,TDC
Rofecoxib,NS(=O)(=O)c1ccc(C2=C(c3ccccc3)C(=O)OC2)cc1,-4.619999900000002,caco2_wang,TDC
Saquinavir,CC(C)(C)NC(=O)C1CC2CCCCC2CN1CC(O)C(Cc1ccccc1)NC(=O)C(CC(N)=O)NC(=O)c1ccc2ccccc2n1,-6.2800002,caco2_wang,TDC
Simvastatin,CCC(C)(C)C(=O)O[C@@H]1C[C@H](C)C=C2C=C[C@@H](C)[C@@H](CC[C@@H]3C[C@H](O)CC(=O)O3)[C@@H]21,-5.170000099999998,caco2_wang,TDC
Sorivudine (BVaraU),O=c1[nH]c(=O)n([C@@H]2O[C@H](CO)[C@@H](O)[C@@H]2O)cc1/C=C/Br,-5.3899999,caco2_wang,TDC
Sparfloxacin (SPX),C[C@H]1CN(c2c(F)c(N)c3c(=O)c(C(=O)O)cn(C4CC4)c3c2F)C[C@@H](C)N1,-4.7784066,caco2_wang,TDC
Spironolactone,C=C[C@@H]1CN2CC[C@@H]1C[C@H]2[C@H](O)c1ccnc2ccc(OC)cc12,-4.5008955,caco2_wang,TDC
Stavudine (d4T),Cc1cn([C@H]2C=C[C@@H](CO)O2)c(=O)[nH]c1=O,-5.3483939000000005,caco2_wang,TDC
Sulfamethizole,Cc1nnc(NS(=O)(=O)c2ccc(N)cc2)s1,-5.8393164,caco2_wang,TDC
Sumatriptan,CNS(=O)(=O)Cc1ccc2[nH]cc(CCN(C)C)c2c1,-5.6828976,caco2_wang,TDC
Tacrolimus,C=CC[C@@H]1/C=C(\C)C[C@H](C)C[C@H](OC)[C@H]2O[C@@](O)(C(=O)C(=O)N3CCCC[C@H]3C(=O)O[C@H](/C(C)=C/[C@@H]3CC[C@@H](O)[C@H](OC)C3)[C@H](C)[C@@H](O)CC1=O)[C@H](C)C[C@@H]2OC,-5.1500001,caco2_wang,TDC
Tamoxifen,CC/C(=C(/c1ccccc1)c1ccc(OCCN(C)C)cc1)c1ccccc1,-4.3221111,caco2_wang,TDC
Tenidap,NC(=O)n1c(O)c(C(=O)c2cccs2)c2cc(Cl)ccc21,-4.3103647,caco2_wang,TDC
Thalidomide,O=C1CCC(N2C(=O)c3ccccc3C2=O)C(=O)N1,-4.6999998,caco2_wang,TDC
Tinidazole,CCS(=O)(=O)CCn1c(N(O)O)cnc1C,-4.52,caco2_wang,TDC
Trazodone,O=c1n(CCCN2CCN(c3cccc(Cl)c3)CC2)nc2ccccn12,-4.619999900000002,caco2_wang,TDC
Triazolam,Cc1nnc2n1-c1ccc(Cl)cc1C(c1ccccc1Cl)=NC2,-4.5500002,caco2_wang,TDC
Valproic acid,CCCC(CCC)C(=O)O,-4.3200002,caco2_wang,TDC
Valsartan,CCCCC(=O)N(Cc1ccc(-c2ccccc2-c2nnn[nH]2)cc1)[C@H](C(=O)O)C(C)C,-6.2600002,caco2_wang,TDC
Yohimbine (YOH),COC(=O)C1C(O)CCC2CN3CCc4c([nH]c5ccccc45)C3CC21,-4.8099999,caco2_wang,TDC
Zolpidem,Cc1ccc(-c2nc3ccc(C)cn3c2CC(=O)N(C)C)cc1,-4.5,caco2_wang,TDC
Zomepirac,Cc1cc(CC(=O)O)n(C)c1C(=O)c1ccc(Cl)cc1,-4.6100001,caco2_wang,TDC
Flavone,O=c1cc(-c2ccccc2)oc2ccccc12,-3.9201083,caco2_wang,TDC
Gly-Pro (glycylproline),NCC(=O)N1CCC[C@H]1C(=O)O,-5.2123351,caco2_wang,TDC
Phencyclidine (PCP),c1ccc(C2(N3CCCCC3)CCCCC2)cc1,-4.48,caco2_wang,TDC
DMP 851,CCCCN1C(=O)N(Cc2ccc3[nH]nc(N)c3c2)[C@H](Cc2ccccc2)[C@H](O)[C@@H](O)[C@H]1Cc1ccccc1,-5.6788902000000006,caco2_wang,TDC
N-Acetyl-D-alanyl-D-phenylalanine N-Methylamide (2),CNC(=O)[C@@H](Cc1ccccc1)NC(=O)[C@@H](C)NC(C)=O,-5.7484403,caco2_wang,TDC
N-Acetyl-D-valyl-D-phenylalanine N-Methylamide (3a),CNC(=O)[C@@H](Cc1ccccc1)NC(=O)[C@H](NC(C)=O)C(C)C,-5.3900242,caco2_wang,TDC
N-Acetyl-D-phenylalanyl-D-phenylalanine N-Methylamide (5a),CNC(=O)[C@@H](Cc1ccccc1)NC(=O)[C@@H](Cc1ccccc1)NC(C)=O,-5.0499268,caco2_wang,TDC
N-Acetyl-D-cyclohexylalanyl-D-phenylalanine N-Methylamide (6),CNC(=O)[C@@H](Cc1ccccc1)NC(=O)[C@@H](CC1CCCCC1)NC(C)=O,-5.141333599999999,caco2_wang,TDC
N-Acetyl-D-alanine Phenethylamide (8),CC(=O)N[C@H](C)C(=O)NCCc1ccccc1,-4.6095328,caco2_wang,TDC
N-Acetyl-D-leucine Phenethylamide (10),CC(=O)N[C@H](CC(C)C)C(=O)NCCc1ccccc1,-4.513246499999998,caco2_wang,TDC
N-Acetyl-D-phenylalanine Phenethylamide (11a),CC(=O)N[C@H](Cc1ccccc1)C(=O)NCCc1ccccc1,-4.4210458,caco2_wang,TDC
N-Acetyl-D-cyclohexylalanine Phenethylamide (12),CC(=O)N[C@H](CC1CCCCC1)C(=O)NCCc1ccccc1,-4.351765599999999,caco2_wang,TDC
1,CC1CCN(C(=O)CC(Cc2cccc(C(=N)N)c2)NS(=O)(=O)c2ccc3ccccc3c2)CC1,-6.8762317,caco2_wang,TDC
2,N=C(N)c1cccc(CC(CC(=O)N2CCCCC2C(=O)O)NS(=O)(=O)c2ccc3ccccc3c2)c1,-7.3814997999999985,caco2_wang,TDC
3,COC(=O)C1CCCCN1C(=O)CC(Cc1cccc(C(=N)N)c1)NS(=O)(=O)c1ccc2ccccc2c1,-7.1178856,caco2_wang,TDC
4,N=C(N)c1cccc(CC(CC(=O)N2CCCC(C(=O)O)C2)NS(=O)(=O)c2ccc3ccccc3c2)c1,-7.382024799999999,caco2_wang,TDC
6,N=C(N)c1cccc(CC(CC(=O)N2CCC(C(=O)O)CC2)NS(=O)(=O)c2ccc3ccccc3c2)c1,-7.3390937,caco2_wang,TDC
7,COC(=O)C1CCN(C(=O)CC(Cc2cccc(C(=N)N)c2)NS(=O)(=O)c2ccc3ccccc3c2)CC1,-7.0912943,caco2_wang,TDC
8,N=C(NO)c1cccc(CC(CC(=O)N2CCC(C(=O)O)CC2)NS(=O)(=O)c2ccc3ccccc3c2)c1,-7.3677616,caco2_wang,TDC
9,CNC(=N)c1cccc(CC(CC(=O)N2CCC(C(=O)O)CC2)NS(=O)(=O)c2ccc3ccccc3c2)c1,-7.1487603,caco2_wang,TDC
13,CC1CCN(C(=O)CC(Cc2cccc(N)c2)NS(=O)(=O)c2ccc3ccccc3c2)CC1,-4.997839,caco2_wang,TDC
16,CNC(=N)c1cccc(CC(CC(=O)N2CCC(C)CC2)NS(=O)(=O)c2ccc3ccccc3c2)c1,-6.850390400000001,caco2_wang,TDC
Alprenolol ester,C=CCc1ccccc1OCC(CNC(C)C)OC(=O)C1CC1,-4.1507826,caco2_wang,TDC
Betaxolol ester,CC(C)NCC(COc1ccc(CCOCC2CC2)cc1)OC(=O)C1CC1,-4.1300812,caco2_wang,TDC
Oxprenolol ester,C=CCOc1ccccc1OCC(CNC(C)C)OC(=O)C1CC1,-4.1920457,caco2_wang,TDC
Sulfasalazine,O=C(O)C1=C/C(=N\Nc2ccc(S(=O)(=O)Nc3ccccn3)cc2)C=CC1=O,-6.5171175,caco2_wang,TDC
V,CCOc1cccc(NC(=O)OCCN2CCCC2)c1,-4.5500002,caco2_wang,TDC
VIII,CCCOc1cccc(NC(=O)OCCN2CCCC2)c1,-4.5700002,caco2_wang,TDC
XI,CCCCOc1cccc(NC(=O)OCCN2CCCC2)c1,-4.5900002,caco2_wang,TDC
XIV,CCCCCOc1cccc(NC(=O)OCCN2CCCC2)c1,-4.77,caco2_wang,TDC
"DB75 [2,5-bis(4-amidinophenyl)furan]",N=C(N)c1ccc(-c2ccc(-c3ccc(C(=N)N)cc3)o2)cc1,-6.4201083,caco2_wang,TDC
Gomisin A,COc1cc2c(c(OC)c1OC)-c1c(cc3c(c1OC)OCO3)C[C@H](C)[C@@](C)(O)C2,-4.5693183,caco2_wang,TDC
Epinephrine,CNCC(O)c1ccc(O)c(O)c1,-6.0188646,caco2_wang,TDC
Fleroxacin,CN1CCN(c2c(F)cc3c(=O)c(C(=O)O)cn(CCF)c3c2F)CC1,-4.8099742,caco2_wang,TDC
Ceftriaxone,CO/N=C(/C(=O)N[C@@H]1C(=O)N2C(C(=O)O)=C(CSc3nc(=O)c(=O)[nH]n3C)CS[C@H]12)c1csc(N)n1,-6.604713,caco2_wang,TDC
Penicillin G,CC1(C)S[C@H]2[C@@H](NC(=O)Cc3ccccc3)C(=O)N2[C@@H]1C(=O)O,-5.8697934,caco2_wang,TDC
BVaraU,O=c1[nH]c(=O)n([C@H]2O[C@@H](CO)[C@H](O)[C@H]2O)cc1/C=C/Br,-5.3989701,caco2_wang,TDC
Glutamine,NC(=O)CC[C@H](N)C(=O)O,-6.0702906,caco2_wang,TDC
LY334370,CN1CCC(c2c[nH]c3ccc(NC(=O)c4ccc(F)cc4)cc23)CC1,-5.3211966,caco2_wang,TDC
Dexamethasone-?-D-glucoside,C[C@@H]1C[C@H]2[C@@H]3CCC4=CC(=O)C=C[C@]4(C)[C@@]3(F)[C@@H](O)C[C@]2(C)[C@@]1(O)C(=O)COC1O[C@@H](CO)[C@H](O)[C@@H](O)[C@@H]1O,-6.3982739,caco2_wang,TDC
Lactulose,OC[C@@H]1O[C@@](O)(CO)[C@H](O)[C@H]1O[C@@H]1O[C@H](CO)[C@H](O)[C@H](O)[C@H]1O,-6.5364394,caco2_wang,TDC
PNU 200603,N=C(N)c1ccc2nc(-c3ccccn3)[nH]c2c1,-6.4579659000000005,caco2_wang,TDC
L-alanine,C[C@H](N)C(=O)O,-5.4201083,caco2_wang,TDC
Tiotidine,C/N=C(\NC#N)NCCSCc1csc(N=C(N)N)n1,-5.6587887000000014,caco2_wang,TDC
Glycylsarcosine,CN(CC(=O)O)C(=O)CN,-4.9000001,caco2_wang,TDC
MEN15596,Cc1ccc2cc(C(=O)NC3(C(=O)N[C@H](Cc4ccccc4)C(=O)NCC4CCN(CC5CCOCC5)CC4)CCCC3)sc2c1,-5.291214900000001,caco2_wang,TDC
9-Nitrocamptothecin (9-NC),CC[C@@]1(O)C(=O)OCc2c1cc1n(c2=O)Cc2cc3c(N(O)O)cccc3nc2-1,-5.198543099999998,caco2_wang,TDC
H 95/71,CC(C)NCC(O)COc1ccc(NC=O)cc1,-5.4279842,caco2_wang,TDC
H 244/45,CCC(=O)Nc1ccc(OCC(O)CNC(C)C)cc1,-5.2198415,caco2_wang,TDC
Oxacillin,Cc1onc(-c2ccccc2)c1C(=O)N[C@@H]1C(=O)N2[C@@H](C(=O)O)C(C)(C)S[C@H]12,-4.879711599999999,caco2_wang,TDC
Cyclo(-PFwKTF-) (1),C[C@@H](O)[C@@H]1NC(=O)[C@H](CCCCN)NC(=O)[C@@H](Cc2c[nH]c3ccccc23)NC(=O)[C@H](Cc2ccccc2)NC(=O)[C@@H]2CCCN2C(=O)[C@H](Cc2ccccc2)NC1=O,-6.2209244,caco2_wang,TDC
Cyclo(-PFwKTMeF-) (3),C[C@@H](O)[C@@H]1NC(=O)[C@H](CCCCN)NC(=O)[C@@H](Cc2c[nH]c3ccccc23)NC(=O)[C@H](Cc2ccccc2)NC(=O)[C@@H]2CCCN2C(=O)[C@H](Cc2ccccc2)N(C)C1=O,-6.3005152,caco2_wang,TDC
Cyclo(-PFMewKTF-) (4),C[C@@H](O)[C@@H]1NC(=O)[C@H](CCCCN)NC(=O)[C@@H](Cc2c[nH]c3ccccc23)N(C)C(=O)[C@H](Cc2ccccc2)NC(=O)[C@@H]2CCCN2C(=O)[C@H](Cc2ccccc2)NC1=O,-6.3989701,caco2_wang,TDC
Cyclo(-PFMewMeKTF-) (6),C[C@@H](O)[C@@H]1NC(=O)[C@H](CCCCN)N(C)C(=O)[C@@H](Cc2c[nH]c3ccccc23)N(C)C(=O)[C@H](Cc2ccccc2)NC(=O)[C@@H]2CCCN2C(=O)[C@H](Cc2ccccc2)NC1=O,-6.742363900000001,caco2_wang,TDC
Ac-D-phe-NH2,CC(=O)N[C@@H](Cc1ccccc1)C(N)=O,-5.10009,caco2_wang,TDC
Ac-D-phe2-NH2,CC(=O)N[C@@H](Cc1ccccc1)C(=O)N[C@H](Cc1ccccc1)C(N)=O,-5.6994848,caco2_wang,TDC
Ac-D-phe2-(NMe-D-phe)-NH2,CC(=O)N[C@@H](Cc1ccccc1)C(=O)N[C@H](Cc1ccccc1)C(=O)N(C)[C@@H](Cc1ccccc1)C(N)=O,-5.3484769,caco2_wang,TDC
Ac-D-phe-(NMe-D-phe)2-NH2 {[14C]-Acf(N-Mef)2NH2 },CC(=O)N[C@@H](Cc1ccccc1)C(=O)N(C)[C@H](Cc1ccccc1)C(=O)N(C)[C@@H](Cc1ccccc1)C(N)=O,-4.922927400000002,caco2_wang,TDC
Ac-(NMe-D-phe)3-NH2,CC(=O)N(C)[C@@H](Cc1ccccc1)C(=O)N(C)[C@H](Cc1ccccc1)C(=O)N(C)[C@@H](Cc1ccccc1)C(N)=O,-4.6937804000000005,caco2_wang,TDC
Ac-(NMe-D-phe)3-NHMe,CNC(=O)[C@H](Cc1ccccc1)N(C)C(=O)[C@@H](Cc1ccccc1)N(C)C(=O)[C@H](Cc1ccccc1)N(C)C(C)=O,-4.494889700000001,caco2_wang,TDC
BMS 189664,CS(=O)(=O)N[C@H](Cc1ccccc1)C(=O)N1CCC[C@H]1C(=O)NCC1CCN(C(=N)N)CC1,-6.561124799999999,caco2_wang,TDC
PNU200969,CCOC(=O)NC(=N)c1ccc2nc(Cc3nc4ccccc4[nH]3)[nH]c2c1,-6.152451,caco2_wang,TDC
PNU-93936A,CC(=O)NCC1CN(c2cc(F)c(-c3ccncc3)c(F)c2)C(=O)O1,-4.29,caco2_wang,TDC
PNU-100766,CC(=O)NC[C@H]1CN(c2ccc(N3CCOCC3)c(F)c2)C(=O)O1,-4.6788902000000006,caco2_wang,TDC
PNU-184435,CC(=S)NC[C@H]1CN(c2ccc(N3CCCS(=O)CC3)c(F)c2)C(=O)O1,-5.338621099999999,caco2_wang,TDC
PNU-184249,CCC(=S)NC[C@H]1CN(c2ccc(N3CCN(C=O)CC3)c(F)c2)C(=O)O1,-4.4579659000000005,caco2_wang,TDC
PNU-184148,O=C(CO)N1CCN(c2ccc(N3C[C@H](CNC(=S)C4CC4)OC3=O)cc2F)CC1,-4.4308991,caco2_wang,TDC
PNU-184147,CCC(=S)NC[C@H]1CN(c2ccc(N3CCN(C(=O)CO)CC3)c(F)c2)C(=O)O1,-4.7423639,caco2_wang,TDC
PNU-184421,CC(=O)NC[C@H]1CN(c2ccc(-c3ccc(C#N)nc3)c(F)c2)C(=O)O1,-4.3783755,caco2_wang,TDC
PNU-184470,CC(=S)NC[C@H]1CN(c2ccc(N3CCCS(=O)(=O)CC3)c(F)c2)C(=O)O1,-4.6391363,caco2_wang,TDC
PNU-179962,CC(=O)NC[C@H]1CN(c2ccc(-c3nnc(CC/C(C)=N\O)s3)c(F)c2)C(=O)O1,-5.250906,caco2_wang,TDC
PNU-179399,NC(=S)NC[C@H]1CN(c2ccc(C3CCS(=O)(=O)CC3)c(F)c2)C(=O)O1,-5.8880281,caco2_wang,TDC
"NK1NK2 analogue 105 (MDL 105,212)",COc1cc(C(=O)N2CC[C@](CCN3CCC(C(N)=O)(c4ccccc4)CC3)(c3ccc(Cl)c(Cl)c3)C2)cc(OC)c1OC,-5.4105153,caco2_wang,TDC
NK1NK2 analogue 212 (15d),COc1cc(C(=O)N2CC[C@](CCN3CCC(C(=O)N4CCOCC4)(c4ccccc4)CC3)(c3ccc(Cl)c(Cl)c3)C2)cc(OC)c1OC,-5.0814137000000015,caco2_wang,TDC
366094,CNC(=O)C(c1ccc2nc(N)n(C(C)C)c2c1)c1cccc(F)c1F,-5.0,caco2_wang,TDC
"EI analogue 101 (MDL 101,146)",CC(C)C(NC(=O)[C@@H]1CCCN1C(=O)[C@@H](NC(=O)c1ccc(C(=O)N2CCOCC2)cc1)C(C)C)C(=O)C(F)(F)C(F)(F)F,-5.098455,caco2_wang,TDC
354400,CC(C)NS(=O)(=O)n1c(N)nc2ccc(C(C(N)=O)c3cc(F)ccc3F)cc21,-4.5388007,caco2_wang,TDC
"EI analogue 102 (MDL 102,111)",CC(C)C(NC(=O)[C@@H]1CCCN1C(=O)[C@@H](NC(=O)N1CCOCC1)C(C)C)C(=O)C(F)(F)C(F)(F)F,-4.517849900000001,caco2_wang,TDC
368177,CNC(=O)C(c1ccc2nc(N)n(C3CCCC3)c2c1)c1ccccc1F,-4.907450700000001,caco2_wang,TDC
Thiamin (Vitamin B1),Cc1ncc(C[n+]2csc(CCO)c2C)c(N)n1,-5.2685814,caco2_wang,TDC
6MAQH (W2),O=C(CS)NCCCCCC(=O)Nc1cccc2cccnc12,-4.8496218,caco2_wang,TDC
Bicyclol,COC(=O)c1cc(OC)c2c(c1-c1c(CO)cc(OC)c3c1OCO3)OCO2,-4.7979398,caco2_wang,TDC
5'-L-phenylalanyl-floxuridine,NC(Cc1ccccc1)C(=O)OC[C@@H]1O[C@H](n2cc(F)c(=O)[nH]c2=O)C[C@H]1O,-5.3891382000000005,caco2_wang,TDC
5'-L-isoleucyl-floxuridine,CCC(C)C(N)C(=O)OC[C@@H]1O[C@H](n2cc(F)c(=O)[nH]c2=O)C[C@H]1O,-5.5908804000000005,caco2_wang,TDC
5'-L-valyl-L-phenylalanyl-floxuridine,CC(C)C(N)C(=O)NC(Cc1ccccc1)C(=O)OC[C@@H]1O[C@H](n2cc(F)c(=O)[nH]c2=O)C[C@H]1O,-6.080461,caco2_wang,TDC
5'-L-leucyl-L-glycyl-floxuridine,CC(C)CC(N)C(=O)NCC(=O)OC[C@@H]1O[C@H](n2cc(F)c(=O)[nH]c2=O)C[C@H]1O,-5.4206805000000005,caco2_wang,TDC
Tanshinol (TSL),O=C(O)C(O)Cc1ccc(O)c(O)c1,-5.9118199,caco2_wang,TDC
Salvianolic acid A (SAA),O=C(/C=C/c1ccc(O)c(O)c1/C=C/c1ccc(O)c(O)c1)OC(Cc1ccc(O)c(O)c1)C(=O)O,-7.2277412,caco2_wang,TDC
Salvianolic acid D (SAD),O=C(O)Cc1c(/C=C/C(=O)OC(Cc2ccc(O)c(O)c2)C(=O)O)ccc(O)c1O,-7.179570699999998,caco2_wang,TDC
Lithospermic acid (LSA),O=C(/C=C/c1ccc(O)c2c1C(C(=O)O)C(c1ccc(O)c(O)c1)O2)OC(Cc1ccc(O)c(O)c1)C(=O)O,-7.0891552,caco2_wang,TDC
14,CCCCCCC(N)C(=O)N[C@@H](Cc1c(C)cc(O)cc1C)C(=O)N1CCC[C@@H]1C(=O)N[C@@H](Cc1c[nH]c2ccccc12)C(=O)N[C@@H](Cc1ccccc1)C(N)=O,-6.222376799999998,caco2_wang,TDC
Epimedin A,COc1ccc(-c2oc3c(CC=C(C)C)c(O[C@@H]4O[C@H](CO)[C@@H](O)[C@H](O)[C@H]4O)ccc3c(=O)c2O[C@@H]2O[C@H](CO)[C@@H](O)[C@H](O)[C@H]2O[C@@H]2O[C@@H](C)[C@H](O)[C@@H](O)[C@H]2O)cc1,-6.4910722000000005,caco2_wang,TDC
Epimedin B,COc1ccc(-c2oc3c(CC=C(C)C)c(O[C@@H]4O[C@H](CO)[C@@H](O)[C@H](O)[C@H]4O)cc(O)c3c(=O)c2O[C@H]2O[C@H](C)[C@@H](O)[C@H](O)[C@@H]2O[C@H]2OC[C@H](O)[C@@H](O)[C@@H]2O)cc1,-6.5595455000000005,caco2_wang,TDC
Icariin,COc1ccc(-c2oc3c(CC=C(C)C)c(O[C@@H]4O[C@H](CO)[C@@H](O)[C@H](O)[C@H]4O)cc(O)c3c(=O)c2O[C@H]2O[C@H](C)[C@@H](O)[C@H](O)[C@@H]2O)cc1,-6.2292061,caco2_wang,TDC
Baohuoside I,COc1ccc(-c2oc3c(CC=C(C)C)c(O)cc(O)c3c(=O)c2O[C@H]2O[C@H](C)[C@@H](O)[C@H](O)[C@@H]2O)cc1,-5.8378239,caco2_wang,TDC
Umbelliferone,O=c1ccc2ccc(O)cc2o1,-4.5710139000000005,caco2_wang,TDC
Angelol-A,C/C=C(/C)C(=O)O[C@H](c1cc2ccc(=O)oc2cc1OC)[C@H](O)C(C)(C)O,-4.8123703,caco2_wang,TDC
Angelol-B,C/C=C(/C)C(=O)O[C@@H]([C@@H](O)c1cc2ccc(=O)oc2cc1OC)C(C)(C)O,-4.8499289,caco2_wang,TDC
"8-Hydroxy-pentadeca-(9E,13Z)-dien-11-yn-2-one (2)",C/C=C\C#C/C=C/C(O)CCCCCC(C)=O,-4.3099017,caco2_wang,TDC
"Pentadeca-(8Z,13Z)dien-11-yn-2-one (5)",C/C=C\C#CC/C=C\CCCCCC(C)=O,-5.0,caco2_wang,TDC
"Tetradec-(8Z)-ene-11,13-diyn-2-one (6)",C#CC#CC/C=C\CCCCCC(C)=O,-4.492425,caco2_wang,TDC
SB639,O=C(/C=C/c1ccc2c(c1)nc(CCc1ccccc1)n2CCN1CCCC1)NO,-5.5207167,caco2_wang,TDC
PB-26,Cn1cncc1CN1CC(N(Cc2cccc(-n3cccc3)c2)S(=O)(=O)c2ccccn2)Cc2cc(C#N)ccc21,-5.6391363,caco2_wang,TDC
PB-27,Cn1cncc1CN1CC(N(Cc2ccccn2)S(=O)(=O)c2ccccn2)Cc2cc(C#N)ccc21,-5.7979398,caco2_wang,TDC
PB-104,CCOC(=O)N1CCC(CN(C2Cc3cc(C#N)ccc3N(Cc3cncn3C)C2)S(=O)(=O)c2ccccn2)CC1,-5.5875134000000015,caco2_wang,TDC
MEN14268,O=C(NC1(C(=O)N[C@@H](Cc2ccccc2)C(=O)NCCCN2CCOCC2)CCCC1)c1cc2ccccc2s1,-5.0478787,caco2_wang,TDC
MEN14732,O=C(NC1(C(=O)N[C@H](Cc2ccccc2)C(=O)NCCCN2CCOCC2)CCCC1)c1ccc(-c2ccccc2)cc1,-4.7399998,caco2_wang,TDC
MEN14745,O=C(NC1(C(=O)N[C@H](Cc2ccccc2)C(=O)NCCCN2CCOCC2)CCCC1)c1cc2ccccc2o1,-5.2209244,caco2_wang,TDC
MEN15353,O=C(NC1(C(=O)N[C@H](Cc2ccccc2)C(=O)NC2CCN(CC3CCOCC3)CC2)CCCC1)c1cc2ccccc2s1,-5.0700002,caco2_wang,TDC
MEN15366,O=C(NC1(C(=O)N[C@H](Cc2ccccc2)C(=O)NCCC2CCN(CC3CCOCC3)CC2)CCCC1)c1cc2ccccc2s1,-5.4094677,caco2_wang,TDC
MEN15716,CCN(CC)c1ccc2cc(C(=O)NC3(C(=O)N[C@H](Cc4ccccc4)C(=O)NCC4CCN(CC5CCOCC5)CC4)CCCC3)sc2c1,-4.997839,caco2_wang,TDC
-,O=C(O)c1ccncc1,-5.1900001,caco2_wang,TDC
-,Nc1cccnc1,-4.5380535,caco2_wang,TDC
-,NC(=O)c1ccncc1,-4.2782722,caco2_wang,TDC
-,Clc1ccncc1,-4.220202,caco2_wang,TDC
-,OCc1ccncc1,-4.0902224,caco2_wang,TDC
-,c1ccc(-c2ccncc2)cc1,-4.0680037,caco2_wang,TDC
-,Nc1ccncc1,-4.0202255,caco2_wang,TDC
-,CCc1ccncc1,-3.9723473,caco2_wang,TDC
-,c1ccncc1,-3.9703081,caco2_wang,TDC
-,Cc1ccncc1,-3.9612868,caco2_wang,TDC
-,c1ccc(-c2cccnc2)cc1,-3.8880284,caco2_wang,TDC
4'-Cl BZT,CN1C2CC[C@@H]1CC(OC(c1ccccc1)c1ccc(Cl)cc1)C2,-4.9114642,caco2_wang,TDC
"3',4''-diCl BZT",CN1C2CC[C@@H]1CC(OC(c1ccc(Cl)cc1)c1cccc(Cl)c1)C2,-5.5975828000000005,caco2_wang,TDC
7-MF,COc1ccc2c(=O)cc(-c3ccccc3)oc2c1,-4.6479459,caco2_wang,TDC
"5,7-DMF",COc1cc(OC)c2c(=O)cc(-c3ccccc3)oc2c1,-4.6313224,caco2_wang,TDC
"5,7,4'-TMF",COc1ccc(-c2cc(=O)c3c(OC)cc(OC)cc3o2)cc1,-4.5595455000000005,caco2_wang,TDC
"7,4'-DHF",O=c1cc(-c2ccc(O)cc2)oc2cc(O)ccc12,-5.2123351,caco2_wang,TDC
"Chrysin (5,7-DHF)",O=c1cc(-c2ccccc2)oc2cc(O)cc(O)c12,-5.0105972,caco2_wang,TDC
"Apigenin (5,7,4'-THF)",O=c1cc(-c2ccc(O)cc2)oc2cc(O)cc(O)c12,-4.9821801,caco2_wang,TDC
12d,Cn1cnc(S(=O)(=O)N(CCN(Cc2cncn2C)c2ccc(C#N)cc2)Cc2ccccc2)c1,-5.9593034000000005,caco2_wang,TDC
12q,Cn1cnc(S(=O)(=O)N(CCN(Cc2cncn2C)c2ccc(C#N)cc2)CC2CCCCC2)c1,-5.8219547,caco2_wang,TDC
Biotin-Saquinavir,CC(C)(C)NC(=O)[C@@H]1CC2CCCCC2CN1CC(OC(=O)CCCCC1SCC2NC(=O)NC21)[C@H](Cc1ccccc1)NC(=O)[C@H](CC(N)=O)NC(=O)c1ccc2ccccc2n1,-6.4094677,caco2_wang,TDC
G6191,CN1C(=O)CN(CCC(=O)O)C(=O)c2cc(NCc3ccc(C(=N)N)cc3)ccc21,-6.4579659000000005,caco2_wang,TDC
G6262,CCOC(=O)CCN1CC(=O)N(C)c2ccc(OCc3ccc(C(=N)N)cc3)cc2C1=O,-6.3682656,caco2_wang,TDC
G6264,CCOC(=O)CCN1CC(=O)N(C)c2ccc(NCc3ccc(C(=N)N)cc3)cc2C1=O,-6.8519359,caco2_wang,TDC
XP13512,CC(OC(=O)NCC1(CC(=O)O)CCCCC1)OC(=O)C(C)C,-4.5093193,caco2_wang,TDC
20(S)-camptothecin (CPT),CC[C@]1(O)C(=O)OCc2c1cc1n(c2=O)-c2cc3ccccc3nc2C1,-4.3318486,caco2_wang,TDC
353462,CN(C)C(=O)NS(=O)(=O)n1c(N)nc2ccc(C(C(N)=O)c3cccc(F)c3)cc21,-4.1700001,caco2_wang,TDC
366853,CC(C)n1c(N)nc2ccc(C(C(N)=O)c3cccc(F)c3F)cc21,-5.187450900000001,caco2_wang,TDC
CPU-86017,COc1ccc2c(c1OC)C[N+]1(Cc3ccc(Cl)cc3)CCc3cc4c(cc3C1C2)OCO4.[Cl-],-6.2314224000000005,caco2_wang,TDC
Harmol,Cc1nccc2c1[nH]c1cc(O)ccc12,-5.302258999999999,caco2_wang,TDC
CF 1525 (p-Me),COC(=O)C(C)NP(=O)(OC[C@@H]1C=C[C@H](n2cc(C)c(=O)[nH]c2=O)O1)Oc1ccc(C)cc1,-5.8474512,caco2_wang,TDC
CF 1523 (p-Cl),COC(=O)C(C)NP(=O)(OC[C@@H]1C=C[C@H](n2cc(C)c(=O)[nH]c2=O)O1)Oc1ccc(Cl)cc1,-5.7328787000000005,caco2_wang,TDC
CF 1517 (p-Br),COC(=O)C(C)NP(=O)(OC[C@@H]1C=C[C@H](n2cc(C)c(=O)[nH]c2=O)O1)Oc1ccc(Br)cc1,-5.6954093,caco2_wang,TDC
CF 1572 (p-I),COC(=O)C(C)NP(=O)(OC[C@@H]1C=C[C@H](n2cc(C)c(=O)[nH]c2=O)O1)Oc1ccc(I)cc1,-5.130000099999998,caco2_wang,TDC
Roxithromycin,CC[C@@H]1OC(=O)[C@@H](C)[C@H](O[C@@H]2C[C@](C)(OC)[C@H](O)[C@@H](C)O2)[C@H](C)[C@H](O[C@@H]2O[C@H](C)C[C@H](N(C)C)[C@H]2O)[C@@](C)(O)C[C@@H](C)/C(=N\OCOCCOC)[C@H](C)[C@@H](O)[C@@]1(C)O,-5.7397189000000015,caco2_wang,TDC
"2-Amino-1-methyl-6-phenylimidazo-[4,5-b]pyridine (PhIP)",Cn1c(N)nc2ncc(-c3ccccc3)cc21,-4.820511799999999,caco2_wang,TDC
8,COc1cc(C)ccc1S(=O)(=O)NC(=O)C(c1ccc2c(c1)OCO2)c1cn(C)c2cc(C#N)ccc12,-5.1011863,caco2_wang,TDC
10,COc1cc(C)ccc1S(=O)(=O)NC(=O)C(c1ccc2c(c1)OCO2)c1cn(C)c2cc(F)ccc12,-4.6994848,caco2_wang,TDC
11,COc1cc(C)ccc1S(=O)(=O)NC(=O)C(c1ccc2c(c1)OCO2)c1cn(C)c2cc(C(C)=O)ccc12,-5.8519359,caco2_wang,TDC
12,COCc1ccc2c(C(C(=O)NS(=O)(=O)c3ccc(C)cc3OC)c3ccc4c(c3)OCO4)cn(C)c2c1,-5.3005152,caco2_wang,TDC
14,Cc1ccc(S(=O)(=O)NC(=O)C(c2ccc3c(c2)OCO3)c2cn(C)c3cc(CO)ccc23)cc1,-5.769775900000001,caco2_wang,TDC
15,COCCn1cc(C(C(=O)NS(=O)(=O)c2ccc(C)cc2OC)c2ccc3c(c2)OCO3)c2ccc(COC)cc21,-5.7979398,caco2_wang,TDC
16,COCCn1cc(C(C(=O)NS(=O)(=O)c2ccc(C)cc2OC)c2ccc3c(c2)OCO3)c2ccc(F)cc21,-5.720623000000002,caco2_wang,TDC
14c,Cn1c(C(=O)NC2(C(=O)N[C@H](Cc3ccccc3)C(=O)NCCCN3CCOCC3)CCCC2)cc2ccccc21,-4.9723473,caco2_wang,TDC
21c,O=C(NC1(C(=O)N[C@H](Cc2ccccc2)C(=O)NCCCN2CCC(O)CC2)CCCC1)c1cc2ccccc2s1,-5.8519359,caco2_wang,TDC
25a,O=C(NC1(C(=O)N[C@H](Cc2ccccc2)C(=O)NCCCC(=O)N2CCC(N3CCOCC3)CC2)CCCC1)c1cc2ccccc2s1,-5.769775900000001,caco2_wang,TDC
25f,O=C(NC1(C(=O)N[C@H](Cc2ccccc2)C(=O)NCCC(=O)N2CCN(C3CCOCC3)CC2)CCCC1)c1cc2ccccc2s1,-5.8880281,caco2_wang,TDC
48d,O=C(NC1(C(=O)N[C@H](Cc2ccccc2)C(=O)NCC2CCN(CC3CCOCC3)CC2)CCCC1)c1cc2ccc(C(F)(F)F)cc2s1,-5.1919103,caco2_wang,TDC
48e,COc1ccc2cc(C(=O)NC3(C(=O)N[C@H](Cc4ccccc4)C(=O)NCC4CCN(CC5CCOCC5)CC4)CCCC3)sc2c1,-5.9593034000000005,caco2_wang,TDC
20E 22-ethyl ether (5),CCO[C@H](CCC(C)(C)O)[C@](C)(O)[C@H]1CC[C@@]2(O)C3=CC(=O)[C@@H]4C[C@@H](O)[C@@H](O)C[C@@]4(C)C3CC[C@]12C,-4.8600001,caco2_wang,TDC
20E 22-allyl ether (7),C=CCO[C@H](CCC(C)(C)O)[C@](C)(O)[C@H]1CC[C@@]2(O)C3=CC(=O)[C@@H]4C[C@@H](O)[C@@H](O)C[C@@]4(C)C3CC[C@]12C,-4.6900001,caco2_wang,TDC
20E 25-methyl ether (10),COC(C)(C)CC[C@@H](O)[C@](C)(O)[C@H]1CC[C@@]2(O)C3=CC(=O)[C@@H]4C[C@@H](O)[C@@H](O)C[C@@]4(C)C3CC[C@]12C,-4.7600002,caco2_wang,TDC
PoA 22-methyl ether (18),CO[C@H](CCC(C)C)[C@](C)(O)[C@H]1CC[C@@]2(O)C3=CC(=O)[C@@H]4C[C@@H](O)[C@@H](O)C[C@@]4(C)C3CC[C@]12C,-4.579999900000002,caco2_wang,TDC
20-Hydroxyecdysone (25),CC(C)(O)CC[C@@H](O)[C@](C)(O)[C@H]1CC[C@@]2(O)C3=CC(=O)[C@@H]4C[C@@H](O)[C@@H](O)C[C@@]4(C)C3CC[C@]12C,-4.79,caco2_wang,TDC
Muristerone A (28),CC(C)CC[C@@H](O)[C@](C)(O)[C@H]1CC[C@@]2(O)C3=CC(=O)[C@]4(O)C[C@@H](O)[C@@H](O)C[C@@]4(C)C3[C@@H](O)C[C@]12C,-4.9000001,caco2_wang,TDC
"(E)-4-(3,4-dimethoxyphenyl)but-3-en-1-yl linoleate (1)",CCCCC/C=C\C/C=C\CCCCCCCC(=O)OCC/C=C/c1ccc(OC)c(OC)c1,-4.8498521,caco2_wang,TDC
"(E)-4-(3,4-dimethoxyphenyl)but-3-en-1-yl oleate (2)",CCCCCCCC/C=C\CCCCCCCC(=O)OCC/C=C/c1ccc(OC)c(OC)c1,-5.0101638,caco2_wang,TDC
Compound D,COc1ccc(/C=C/CCO)cc1OC,-4.8428431,caco2_wang,TDC
Rutaecarpine (RCP),O=c1c2ccccc2nc2n1CCc1c-2[nH]c2ccccc12,-5.0582528,caco2_wang,TDC
Evodiamine (EDM),CN1c2ccccc2C(=O)N2CCc3c([nH]c4ccccc34)C21,-4.632256,caco2_wang,TDC
YH439,Cc1csc(NC(=O)C(C(=O)OC(C)C)=C2SCS2)n1,-4.5100002,caco2_wang,TDC
Choline,C[N+](C)(C)CCO,-4.9521427000000005,caco2_wang,TDC
Cerulenin,C/C=C/C/C=C/CCC(=O)[C@@H]1O[C@@H]1C(N)=O,-5.4224062,caco2_wang,TDC
Rebaudioside A,C=C1C[C@]23CC[C@H]4[C@@](C)(CCC[C@@]4(C)C(=O)OC4O[C@@H](CO)[C@H](O)[C@@H](O)[C@@H]4O)C2CC(O[C@H]2O[C@@H](CO)[C@H](O)C(O[C@H]4O[C@@H](CO)[C@H](O)[C@@H](O)[C@@H]4O)[C@@H]2O[C@H]2O[C@@H](CO)[C@H](O)[C@@H](O)[C@@H]2O)[C@H]1C3,-6.9593034,caco2_wang,TDC
D-Phe-D-Ala-D-Ser-OH,C[C@H](NC(=O)[C@H](N)Cc1ccccc1)C(=O)N[C@H](CO)C(=O)O,-6.2819986,caco2_wang,TDC
"Dimethyl-4',4'-dimethoxy-5,6,5',6'-dimethylene dioxybiphenyl-2,2'-dicarboxylate (DDB)",COC(=O)c1cc(OC)c2c(c1-c1c(C(=O)OC)cc(OC)c3c1OCO3)OCO2,-4.1687455,caco2_wang,TDC
Carbendazim,COC(=O)Nc1nc2ccccc2[nH]1,-4.1011863,caco2_wang,TDC
Dexloxiglumide,CCCCCN(CCCOC)C(=O)[C@@H](CCC(=O)O)NC(=O)c1ccc(Cl)c(Cl)c1,-5.140130999999999,caco2_wang,TDC
Lys-FITC-OCH3,COC(=O)[C@H](N)CCCCNC(=S)Nc1ccc2c(c1)C(=O)OC21c2ccc(O)cc2Oc2cc(O)ccc21,-5.8313413,caco2_wang,TDC
Neostenine,CC[C@@H]1C2CCCCN3CCC(C23)[C@@H]2[C@H](C)C(=O)O[C@H]12,-4.9198675000000005,caco2_wang,TDC
Decursinol angelate (DA),CC(C)=CC(=O)O[C@@H]1Cc2cc3ccc(=O)oc3cc2OC1(C)C,-4.9204097,caco2_wang,TDC
Imidacloprid (IMI),ON(O)NC1=NCCN1Cc1ccc(Cl)nc1,-4.6677732,caco2_wang,TDC
Laudanosine (LAU),COc1ccc(CC2c3cc(OC)c(OC)cc3CCN2C)cc1OC,-4.5497985,caco2_wang,TDC
Cepharanthine (CEP),COc1ccc2cc1Oc1ccc(cc1)CC1c3c(cc4c(c3Oc3cc5c(cc3OC)CCN(C)C5C2)OCO4)CCN1C,-4.1877432,caco2_wang,TDC
Corynanthine (COR),COC(=O)[C@H]1[C@H](O)CC[C@@H]2CN3CCc4c([nH]c5ccccc45)[C@H]3C[C@H]21,-4.729893700000001,caco2_wang,TDC
Ac-Trp-Ala-Gly-Gly-Asp-Ala-NH2,CC(=O)NC(Cc1c[nH]c2ccccc12)C(=O)NC(C)C(=O)NCC(=O)NCC(=O)NC(CC(=O)O)C(=O)NC(C)C(N)=O,-7.4981046,caco2_wang,TDC
Ac-Gly-Asn-Ala-NH2,CC(=O)NCC(=O)N[C@@H](CC(N)=O)C(=O)N[C@@H](C)C(N)=O,-6.5900002,caco2_wang,TDC
Ac-Gly-Lys-Ala-NH2,CC(=O)NCC(=O)N[C@@H](CCCCN)C(=O)N[C@@H](C)C(N)=O,-7.0100002,caco2_wang,TDC
cyclo[Trp-Ala-Gly-Gly-Asp-Ala],CC1NC(=O)C(CC(=O)O)NC(=O)CNC(=O)CNC(=O)C(C)NC(=O)C(Cc2c[nH]c3ccccc23)NC1=O,-7.0307584,caco2_wang,TDC
Strychnine (Str),O=C1C[C@@H]2OCC=C3CN4CC[C@]56c7ccccc7N1[C@H]5[C@H]2[C@H]3C[C@H]46,-4.5086198,caco2_wang,TDC
Brucine (Bru),COc1cc2c(cc1OC)[C@]13CCN4CC5=CCO[C@@H]6CC(=O)N2[C@@H]1[C@@H]6[C@@H]5C[C@@H]43,-4.7786422,caco2_wang,TDC
Brucine N-oxide (B-N),COc1cc2c(cc1OC)[C@]13CC[N+]4([O-])CC5=CCO[C@@H]6CC(=O)N2[C@@H]1[C@@H]6[C@@H]5C[C@H]34,-5.46,caco2_wang,TDC
Pseudostrychnine (Psd),O=C1C[C@H]2OCC=C3CN4C[C@H](O)C56c7ccccc7N1[C@@H]5[C@H]2[C@H]3CC46,-4.6001629999999984,caco2_wang,TDC
Bilirubin,C=CC1=C(C)/C(=C\c2[nH]c(Cc3[nH]c(/C=C4/NC(=O)C(C)=C4C=C)c(C)c3CCC(=O)O)c(CCC(=O)O)c2C)NC1=O,-6.1314831,caco2_wang,TDC
Bilirubin ditaurate,C=CC1=C(C)/C(=C\c2[nH]c(Cc3[nH]c(/C=C4/NC(=O)C(C)=C4C=C)c(C)c3CCC(=O)NCCS(=O)(=O)O)c(CCC(=O)NCCS(=O)(=O)O)c2C)NC1=O,-6.0594678,caco2_wang,TDC
Biliverdin,C=CC1=C(C)/C(=C\C2=N/C(=C\c3[nH]c(/C=C4/NC(=O)C(C)=C4C=C)c(C)c3CCC(=O)O)C(CCC(=O)O)=C2C)NC1=O,-5.6290045,caco2_wang,TDC
16,COc1cnn(C)c(=O)c1-c1ccc(C[C@@H](CO)NC(=O)c2c(Cl)cccc2Cl)cc1,-5.6010299,caco2_wang,TDC
32b,COc1ccc2c(O[C@@H]3C[C@H]4C(=O)N[C@]5(C(=O)NS(=O)(=O)C6CC6)C[C@H]5/C=C\CCCCN(C)C(=O)[C@@H]4C3)cc(-c3nc(C(C)C)cs3)nc2c1,-4.8880281,caco2_wang,TDC
TMC435350 (32c),COc1ccc2c(O[C@@H]3C[C@H]4C(=O)N[C@]5(C(=O)NS(=O)(=O)C6CC6)C[C@H]5/C=C\CCCCN(C)C(=O)[C@@H]4C3)cc(-c3nc(C(C)C)cs3)nc2c1C,-5.0778604000000005,caco2_wang,TDC
32f,COc1ccc2c(O[C@@H]3C[C@H]4C(=O)N[C@]5(C(=O)NS(=O)(=O)C6CC6)C[C@H]5/C=C\CCCCN(C)C(=O)[C@@H]4C3)cc(-c3nc(C(C)C)cs3)nc2c1Cl,-5.238286,caco2_wang,TDC
32g,COc1ccc2c(O[C@@H]3C[C@H]4C(=O)N[C@]5(C(=O)NS(=O)(=O)C6CC6)C[C@H]5/C=C\CCCCN(C)C(=O)[C@@H]4C3)cc(-n3ccc(C(C)C)n3)nc2c1C,-4.8219547,caco2_wang,TDC
32h,COc1ccc2c(O[C@@H]3C[C@H]4C(=O)N[C@]5(C(=O)NS(=O)(=O)C6CC6)C[C@H]5/C=C\CCCCN(C)C(=O)[C@@H]4C3)cc(-c3cccc(C(C)C)n3)nc2c1C,-4.9204097,caco2_wang,TDC
DXG (9),COc1ccc(-c2cc(=O)c3c(O)cc(OC4O[C@H](CO[C@@H]5OC[C@@H](O)[C@H](O)[C@H]5O)[C@@H](O)[C@H](O)[C@H]4O)cc3o2)cc1O,-6.1599998,caco2_wang,TDC
Isovitexin (10),O=c1cc(-c2ccc(O)cc2)oc2cc(O)c([C@@H]3O[C@H](CO)[C@@H](O)[C@H](O)[C@H]3O)c(O)c12,-6.2003298,caco2_wang,TDC
DG (13),COc1ccc(-c2cc(=O)c3c(O)cc(O[C@@H]4O[C@H](CO)[C@@H](O)[C@H](O)[C@H]4O)cc3o2)cc1O,-6.9204097,caco2_wang,TDC
Kaempferol (16),O=c1c(O)c(-c2ccc(O)cc2)oc2cc(O)cc(O)c12,-4.9899998,caco2_wang,TDC
Tamarixetin (17),COc1ccc(-c2oc3cc(O)cc(O)c3c(=O)c2O)cc1O,-5.0013065,caco2_wang,TDC
Quercitrin (21),C[C@@H]1O[C@@H](Oc2c(-c3ccc(O)c(O)c3)oc3cc(O)cc(O)c3c2=O)[C@@H](O)[C@H](O)[C@@H]1O,-6.0999999,caco2_wang,TDC
Isoquercitrin (22),O=c1c(O[C@@H]2O[C@H](CO)[C@@H](O)[C@H](O)[C@H]2O)c(-c2ccc(O)c(O)c2)oc2cc(O)cc(O)c12,-6.27,caco2_wang,TDC
IRR (23),COc1cc(-c2oc3cc(O)cc(O)c3c(=O)c2OC2O[C@H](CO[C@H]3O[C@H](C)[C@@H](O)[C@H](O)[C@@H]3O)[C@@H](O)[C@H](O)[C@H]2O)ccc1O,-6.5388007,caco2_wang,TDC
Eriodictyol (28),O=C1CC(c2ccc(O)c(O)c2)Oc2cc(O)cc(O)c21,-5.2800002,caco2_wang,TDC
Puerarin (34),O=c1c(-c2ccc(O)cc2)coc2c(C3O[C@H](CO)[C@@H](O)[C@H](O)[C@H]3O)c(O)ccc12,-6.3989701,caco2_wang,TDC
Isoliquiritigenin (35),O=C(/C=C/c1ccc(O)cc1)c1ccc(O)cc1O,-4.8378239,caco2_wang,TDC
(-)-Epicatechin (36),Oc1cc(O)c2c(c1)O[C@H](c1ccc(O)c(O)c1)[C@H](O)C2,-6.4311924000000005,caco2_wang,TDC
7d,Cc1ccc(N2CCN(C(=O)[C@H](C)Cc3ccc(Cl)cc3)CC2)c([C@@H](N)C(C)C)c1,-5.3000002,caco2_wang,TDC
9,CNCCN[C@H](c1cc(C)ccc1N1CCN(C(=O)[C@H](C)Cc2ccc(Cl)cc2F)CC1)C(C)C,-5.52,caco2_wang,TDC
10c,CNCC(=O)N[C@H](c1cccc(F)c1N1CCN(C(=O)[C@H](C)Cc2ccc(Cl)cc2Cl)CC1)C(C)C,-5.6999998,caco2_wang,TDC
10d,CC(C)[C@H](NC(=O)CCN(C)C)c1cccc(F)c1N1CCN(C(=O)[C@H](C)Cc2ccc(Cl)cc2)CC1,-5.0,caco2_wang,TDC
11b,Cc1ccc(N2CCN(C(=O)[C@H](C)Cc3ccc(Cl)cc3)CC2)c([C@@H](NC(=O)CCN)C(C)C)c1,-5.521439099999999,caco2_wang,TDC
11c,CNCCC(=O)N[C@H](c1cc(C)ccc1N1CCN(C(=O)[C@H](C)Cc2ccc(Cl)cc2)CC1)C(C)C,-4.9204097,caco2_wang,TDC
11e,Cc1ccc(N2CCN(C(=O)[C@H](C)Cc3ccc(Cl)cc3F)CC2)c([C@@H](NC(=O)CCN(C)C)C(C)C)c1,-4.4308991,caco2_wang,TDC
12c,COc1cc(Cl)ccc1C[C@@H](C)C(=O)N1CCN(c2ccc(Cl)cc2[C@@H](NC(=O)C(C)N)C(C)C)CC1,-5.521439099999999,caco2_wang,TDC
12d,CC(C)[C@H](NC(=O)CCN(C)C)c1cc(Cl)ccc1N1CCN(C(=O)[C@H](C)Cc2ccc(Cl)cc2)CC1,-5.0478787,caco2_wang,TDC
"3-[5-(4-hydroxyphenyl)-1,3-oxazol-2-yl]phenol (18)",Oc1ccc(-c2cnc(-c3cccc(O)c3)o2)cc1,-5.1011863,caco2_wang,TDC
N-(4-Chlorophenyl)-1-(2-(pyridin-4-yl)ethyl)-1H-pyrazole-5-carboxamide (11),O=C(Nc1ccc(Cl)cc1)c1ccnn1CCc1ccncc1,-5.1590075,caco2_wang,TDC
19,CCc1ccc(NC(=O)c2ccnn2CCc2ccncc2)cc1,-5.0116143,caco2_wang,TDC
20,O=C(Nc1ccc(OC(F)(F)F)cc1)c1ccnn1CCc1ccncc1,-5.1515226,caco2_wang,TDC
N-(4-(Chlorodifluoromethoxy)phenyl)-1-(2-(pyridin-4-yl)ethyl)-1H-pyrazole-5-carboxamide (22),O=C(Nc1ccc(OC(F)(F)Cl)cc1)c1ccnn1CCc1ccncc1,-5.3275695,caco2_wang,TDC
N-(4-tert-Butylphenyl)-1-(2-(pyridin-4-yl)ethyl)-1H-pyrazole-5-carboxamide (23),CC(C)(C)c1ccc(NC(=O)c2ccnn2CCc2ccncc2)cc1,-5.1295056,caco2_wang,TDC
24,CC(C)c1ccc(NC(=O)c2ccnn2CCc2ccncc2)cc1,-5.0886235,caco2_wang,TDC
1,Cc1cc(COc2ccc(C(=O)N[C@@H]3CC4(C[C@@H]3C(=O)NO)OCCO4)cc2)c2ccccc2n1,-5.7423639,caco2_wang,TDC
"18 (5R,S)",Cc1cc(COc2ccc(C(=O)N[C@@H]3C[C@@]4(CCCO4)C[C@@H]3C(=O)NO)cc2)c2ccccc2n1,-5.6319547,caco2_wang,TDC
4-(Pyridin-4-ylmethylamino)-N-(3-(trifluoromethyl)phenyl)isothiazole-3-carboxamide (3),O=C(Nc1cccc(C(F)(F)F)c1)c1nscc1NCc1ccncc1,-5.158072,caco2_wang,TDC
9,O=C(Nc1cccc(OC(F)(F)F)c1)c1nscc1NCc1ccncc1,-5.1003633000000015,caco2_wang,TDC
N-(3-tertbutylphenyl)-4-(pyridin-4-ylmethylamino)isothiazole-3-carboxamide (11),CC(C)(C)c1cccc(NC(=O)c2nscc2NCc2ccncc2)c1,-5.2516832,caco2_wang,TDC
14,O=C(Nc1cccc(Br)c1)c1nscc1NCc1ccncc1,-5.2606096,caco2_wang,TDC
22,Cc1ccc(NC(=O)c2nscc2NCc2ccncc2)cc1C(F)(F)F,-5.2295737,caco2_wang,TDC
4-(quinolin-4-ylmethylamino)-N-(3-(trifluoromethyl)phenyl)isothiazole-3-carboxamide (30),O=C(Nc1cccc(C(F)(F)F)c1)c1nscc1NCc1ccnc2ccccc12,-5.5700002,caco2_wang,TDC
6,Cn1c(NCCCN2CCC(CN3c4ccccc4Sc4ccc(C(=O)O)cc43)CC2)cc(=O)n(C)c1=O,-5.8989701,caco2_wang,TDC
6b,CN(CCCN1CCC(CN2c3ccccc3Sc3ccc(C(=O)O)cc32)CC1)c1cc(=O)n(C)c(=O)n1C,-5.7209244,caco2_wang,TDC
22,Cn1c(N2CCCN(CCCN3c4ccccc4Sc4ccc(C(=O)O)cc43)CC2)cc(=O)n(C)c1=O,-4.8289509000000015,caco2_wang,TDC
24,Cn1c(N2CCCN(CCCN3c4ccccc4Sc4c(C(=O)O)cccc43)CC2)cc(=O)n(C)c1=O,-5.8005152,caco2_wang,TDC
25,Cn1c(N2CCN(CCN3c4ccccc4Sc4ccc(C(=O)O)cc43)CC2)cc(=O)n(C)c1=O,-5.3099999,caco2_wang,TDC
26,Cn1c(N2CCN(CCCCN3c4ccccc4Sc4ccc(C(=O)O)cc43)CC2)cc(=O)n(C)c1=O,-4.6900001,caco2_wang,TDC
28,Cn1c(N2CCCN(CCCN3c4ccccc4Sc4ccc(CC(=O)O)cc43)CC2)cc(=O)n(C)c1=O,-5.2600002,caco2_wang,TDC
30,Cn1c(N2CCCN(CCCN3c4ccccc4Sc4ccc(CCC(=O)O)cc43)CC2)cc(=O)n(C)c1=O,-5.1100001,caco2_wang,TDC
32,Cn1c(N2CCCN(CCCN3c4ccccc4Sc4ccc(C(C)(C)C(=O)O)cc43)CC2)cc(=O)n(C)c1=O,-5.0,caco2_wang,TDC
34,Cn1c(N2CCCN(CCCN3c4ccccc4Sc4ccc(OCC(=O)O)cc43)CC2)cc(=O)n(C)c1=O,-5.8005152,caco2_wang,TDC
35,Cn1c(N2CCCN(CCCN3c4ccccc4Sc4ccc(/C=C/C(=O)O)cc43)CC2)cc(=O)n(C)c1=O,-4.6493707,caco2_wang,TDC
36,Cn1c(C2=CCN(CCCN3c4ccccc4Sc4ccc(CC(=O)O)cc43)CC2)cc(=O)n(C)c1=O,-4.8289509000000015,caco2_wang,TDC
17d,CC(C)[C@@H](C(=O)N[C@H](C)Cc1ccc(O)c(C(C)(C)C)c1)N(C)C(=O)[C@@H](N)Cc1ccccc1,-4.9186072,caco2_wang,TDC
KAR-2,CC[C@]1(O)C[C@H]2CN(CCc3c([nH]c4ccccc34)[C@@](C(=O)OC)(c3cc4c(cc3OC)N(C)[C@H]3[C@@]5(C[C@]6(CC)C=CCN7CC[C@]43[C@@H]76)OC(=O)N(CCCl)C5=O)C2)C1,-4.8616409,caco2_wang,TDC
11-keto-beta-boswellic acid (KBA),C[C@H]1C[C@@]2(C)C(=CC(=O)[C@@H]3[C@]4(C)CC[C@@H](O)[C@@](C)(C(=O)O)[C@H]4CC[C@]32C)[C@@H]2[C@@H](C)[C@H](C)CC[C@H]12,-5.8000002,caco2_wang,TDC
Bis(7)-tacrine (B7T),c1ccc2c(NCCCCCCCNc3c4c(nc5ccccc35)CCCC4)c3c(nc2c1)CCCC3,-5.441246499999999,caco2_wang,TDC
1,Cc1c(O)c2c(c(C)c1CCO)C(=O)C(C)(C)C2,-4.7597256,caco2_wang,TDC
3,Cc1c(O)c2c(c(C)c1CCO[C@@H]1O[C@H](CO)[C@@H](O)[C@H](O)[C@H]1O)C(=O)C(C)(C)C2,-6.0107207,caco2_wang,TDC
"Quercetin 3,4'-diglucoside",O=c1c(OC2O[C@H](CO)[C@@H](O)[C@H](O)[C@H]2O)c(-c2ccc(OC3O[C@H](CO)[C@@H](O)[C@H](O)[C@H]3O)c(O)c2)oc2cc(O)cc(O)c12,-7.0478787,caco2_wang,TDC
D-Glu(OBzl)-Ala,CC(NC(=O)[C@@H](N)CCC(=O)OCc1ccccc1)C(=O)O,-5.6912522,caco2_wang,TDC
D-Ser(Bzl)-Ala,CC(NC(=O)[C@@H](N)COCc1ccccc1)C(=O)O,-5.9906998,caco2_wang,TDC
Glycocholate,C[C@H](CCC(=O)NCC(=O)[O-])[C@H]1CC[C@H]2[C@H]3[C@H](C[C@H](O)[C@@]21C)[C@@]1(C)CC[C@@H](O)C[C@H]1C[C@H]3O,-5.7141905,caco2_wang,TDC
F-(S)-IZD,O=C1C[C@@H](c2ccc(C[C@H](NS(=O)(=O)c3ccccc3)c3nc4ccccc4[nH]3)cc2F)S(=O)([O-])=N1,-6.521439099999999,caco2_wang,TDC
Cyclo(-PFMewKTMeF-) (7),C[C@@H](O)[C@@H]1NC(=O)[C@H](CCCCN)N(C)C(=O)[C@@H](Cc2c[nH]c3ccccc23)NC(=O)[C@H](Cc2ccccc2)NC(=O)[C@@H]2CCCN2C(=O)[C@H](Cc2ccccc2)N(C)C1=O,-6.570000200000001,caco2_wang,TDC
M1,CN(C)CC1CCCCC1(O)c1cccc(O)c1,-4.7799463,caco2_wang,TDC
Epigallocatechin (EGC),Oc1cc(O)c2c(c1)O[C@H](c1cc(O)c(O)c(O)c1)[C@H](O)C2,-6.8284068,caco2_wang,TDC
Fluorescein,O=C(O)c1ccccc1-c1c2ccc(=O)cc-2oc2cc(O)ccc12,-4.77,caco2_wang,TDC
DB377 (4),CCO/N=C(\N)c1ccc(-c2ccc(-c3ccc(/C(N)=N/OCC)cc3)o2)cc1,-5.2295737,caco2_wang,TDC
NS5B inhibitor 2,CC(C)CCn1c(=O)c(C2=NS(=O)(=O)c3ccccc3N2)c(O)c2cccn21,-4.9593034000000005,caco2_wang,TDC
Deoxynivalenol (DON),CC1=C[C@@H]2O[C@@H]3[C@@H](O)C[C@](C)([C@]34CO4)[C@]2(CO)[C@@H](O)C1=O,-5.3005152,caco2_wang,TDC
Putrescine,NCCCCN,-4.5179658,caco2_wang,TDC
Met-enkephalin,CSCC[C@H](NC(=O)[C@H](Cc1ccccc1)NC(=O)CNC(=O)CNC(=O)[C@@H](N)Cc1ccc(O)cc1)C(=O)O,-7.380000099999998,caco2_wang,TDC
[D-Ala2]Met-enkephalin,CSCC[C@H](NC(=O)[C@H](Cc1ccccc1)NC(=O)CNC(=O)[C@@H](C)NC(=O)[C@@H](N)Cc1ccc(O)cc1)C(=O)O,-7.02,caco2_wang,TDC
Metkephamid,CN[C@@H](CCSC)C(=O)NC(=O)[C@H](Cc1ccccc1)NC(=O)CNC(=O)[C@@H](C)NC(=O)[C@@H](N)Cc1ccc(O)cc1,-7.309999900000001,caco2_wang,TDC
Oxazolidin-2-one (OXa),CC(=O)NCC1CN(c2ccc(C(C)=O)cc2)C(=O)O1,-4.5900002,caco2_wang,TDC
OXb,CC(=O)c1ccc(N2CC(CO)OC2=O)cc1,-4.1799998,caco2_wang,TDC
OXc,CC(=O)c1ccc(N2CC(CN)OC2=O)cc1,-4.8499999,caco2_wang,TDC
OXd,CCCOCOCC1CN(c2ccc(C(C)=O)cc2)C(=O)O1,-3.95,caco2_wang,TDC
OXe,CC(=O)NC(O)CNc1ccc(C(C)=O)cc1,-5.2199998,caco2_wang,TDC
OXf,CC(=O)NCC1CN(c2ccc(C(C)=O)cc2)S(=O)N1C,-5.119999900000002,caco2_wang,TDC
OXh,CC(=O)NCC1CN(c2ccc(C(C)O)cc2)C(=O)N1,-5.6999998,caco2_wang,TDC
OXo,CC(=O)NCC1CN(S(=O)(=O)c2ccc(C)cc2)C(=O)O1,-4.7199998,caco2_wang,TDC
OXn,CC(=O)c1ccc2c(c1)N1C(=O)OCC1CC2,-4.0100002,caco2_wang,TDC
Ac-Trp-Ala-Gly-Gly-Lys-Ala-NH2,CC(=O)N[C@@H](Cc1c[nH]c2ccccc12)C(=O)N[C@@H](C)C(=O)NCC(=O)NCC(=O)N[C@@H](CCCCN)C(=O)N[C@@H](C)C(N)=O,-7.309999900000001,caco2_wang,TDC
Cytarabine (1),O=c1nc(O)ccn1[C@@H]1O[C@H](CO)[C@@H](O)[C@@H]1O,-6.0999999,caco2_wang,TDC
5'-L-valyl-cytarabine (2),CC(C)[C@H](N)C(=O)OC[C@H]1O[C@@H](n2ccc(O)nc2=O)[C@@H](O)[C@@H]1O,-5.23,caco2_wang,TDC
XM970,CCCCC(=O)NS(=O)(=O)c1ccccc1-c1ccc(Cn2c(CCC)nc(CC)c2C(=O)O)c(F)c1,-5.1999998,caco2_wang,TDC
E15,CC(C)S(=O)(=O)n1c(N)nc2ccc(/C(=C/C(N)=O)c3c(F)c(F)c(F)c(F)c3F)cc21,-4.1999998,caco2_wang,TDC
E17,CC(C)S(=O)(=O)n1c(N)nc2ccc(/C(=C/C(N)=O)c3cc(F)c(F)c(F)c3)cc21,-4.329999900000002,caco2_wang,TDC
E23,CNC(=O)/C=C(\c1cccc(F)c1)c1ccc2nc(N)n(S(=O)(=O)NC(=O)N3CCOCC3)c2c1,-4.3899999,caco2_wang,TDC
E24,CNC(=O)/C=C(\c1cccc(F)c1)c1ccc2nc(N)n(S(=O)(=O)NC(=O)N3CCCC3)c2c1,-4.099999899999999,caco2_wang,TDC
E25,NC(=O)/C=C(\c1cccc(F)c1)c1ccc2nc(N)n(S(=O)(=O)NC(=O)N3CCOCC3)c2c1,-4.7399998,caco2_wang,TDC
E28,CNC(=O)/C=C(/c1ccc2nc(N)n(C3CCCC3)c2c1)c1ccccc1F,-5.1500001,caco2_wang,TDC
Naringin,C[C@@H]1O[C@@H](O[C@H]2[C@H](Oc3cc(O)c4c(c3)O[C@H](c3ccc(O)cc3)CC4=O)O[C@H](CO)[C@@H](O)[C@@H]2O)[C@H](O)[C@H](O)[C@H]1O,-6.820000200000001,caco2_wang,TDC
N-desmethylclozapine,Clc1ccc2c(c1)NC(N1CCNCC1)=c1ccccc1=N2,-4.6799998,caco2_wang,TDC
13,CCCCCCCCCC(=O)Nc1ccc(S(=O)(=O)Nc2nncs2)cc1,-5.46,caco2_wang,TDC
14,CCCCCCCCCCCCc1ccc(S(=O)(=O)Nc2nncs2)cc1,-5.3200002,caco2_wang,TDC
VX-950,CCC[C@H](NC(=O)C1[C@H]2CCC[C@H]2CN1C(=O)[C@@H](NC(=O)[C@@H](NC(=O)c1cnccn1)C1CCCCC1)C(C)(C)C)C(=O)C(=O)NC1CC1,-5.3200002,caco2_wang,TDC
BILN-2061,COc1ccc2c(O[C@@H]3CC4C(=O)N[C@]5(C(=O)O)C[C@@H]5/C=C\CCCCC[C@H](NC(=O)OC5CCCC5)C(=O)N4C3)cc(-c3csc(NC(C)C)n3)nc2c1,-5.6599998,caco2_wang,TDC
2c,N=C(N)c1cccc(-n2nc(C(F)(F)F)cc2C(=O)Nc2ncc(-c3ccccc3S(N)(=O)=O)cn2)c1,-7.0,caco2_wang,TDC
4b,Cc1cc(C(=O)Nc2ccc(-c3ccccc3S(N)(=O)=O)cc2F)n(-c2cccc(CN)c2)n1,-6.0,caco2_wang,TDC
4c,Cc1cc(C(=O)Nc2ccc(-c3ccccc3S(C)(=O)=O)cc2)n(-c2cccc(CN)c2)n1,-5.9000001,caco2_wang,TDC
4f,NCc1cccc(-n2nc(C(F)(F)F)cc2C(=O)Nc2ccc(-c3ccccc3S(N)(=O)=O)cc2F)c1,-6.0,caco2_wang,TDC
4g,CS(=O)(=O)c1ccccc1-c1ccc(NC(=O)c2cc(C(F)(F)F)nn2-c2cccc(CN)c2)cc1,-5.5,caco2_wang,TDC
4h,CS(=O)(=O)c1ccccc1-c1ccc(NC(=O)c2cc(C(F)(F)F)nn2-c2cccc(CN)c2)c(F)c1,-5.3000002,caco2_wang,TDC
4c,COC(=O)/C=C/CNC(=O)CN1C(=O)[C@@H](COC(=O)Nc2ccc(Cl)cc2C(F)(F)F)N=C(c2ccccc2)c2ccccc21,-5.420000099999998,caco2_wang,TDC
1-naphthol,Oc1cccc2ccccc12,-4.4899998,caco2_wang,TDC
V,CC(C)C[C@H](O)[C@H](O)[C@H](CC1CCCCC1)NC(=O)CCCCCc1ccccc1,-5.1500001,caco2_wang,TDC
a,O=C(O)CC(CC1CCN(C(=O)CCc2ccc3c(n2)NCCC3)CC1)c1cnc2ccccc2c1,-5.8899999,caco2_wang,TDC
b,O=C(O)CC(CC1CCN(C(=O)CCc2ccc3c(n2)NCCC3)CC1)C1CNc2ccccc2C1,-5.5999999,caco2_wang,TDC
C,O=C(O)CC(C1CCN(C(=O)CCCc2ccc3c(n2)NCCC3)CC1)C1CNc2ccccc2C1,-5.2199998,caco2_wang,TDC
I-II,O=C(O)C[C@@H](c1cnc2ccccc2c1)N1CC[C@@H](CCCc2ccc3c(n2)NCCC3)C1=O,-5.6900001,caco2_wang,TDC
5'-L-Val-FUdR,CC(C)C(N)C(=O)OC[C@@H]1O[C@H](n2cc(F)c(=O)[nH]c2=O)C[C@H]1O,-5.29,caco2_wang,TDC
5'-L-Leu-FUdR,CC(C)[C@H](N)C(=O)OC[C@@H]1O[C@H](n2cc(F)c(=O)[nH]c2=O)C[C@H]1O,-6.0100002,caco2_wang,TDC
Methylparaben,COC(=O)c1ccc(O)cc1,-4.46,caco2_wang,TDC
Propylparaben,CCCOC(=O)c1ccc(O)cc1,-4.3899999,caco2_wang,TDC
Butylparaben,CCCCOC(=O)c1ccc(O)cc1,-4.4899998,caco2_wang,TDC
Octylparaben,CCCCCCCCOC(=O)c1ccc(O)cc1,-4.880000099999998,caco2_wang,TDC
Arzanol,CCc1oc(O)c(Cc2c(O)c(CC=C(C)C)c(O)c(C(C)=O)c2O)c(=O)c1C,-4.71,caco2_wang,TDC
2,NC(=O)c1c(F)ccc(OCc2nc3cc(Cl)cnc3s2)c1F,-4.3099999,caco2_wang,TDC
4,CC(=O)N[C@H](Cc1ccccc1)C(=O)N(C)[C@H](Cc1ccccc1)C(=O)N[C@H](Cc1ccccc1)C(N)=O,-5.0900002,caco2_wang,TDC
6,CNC(=O)[C@@H](Cc1ccccc1)NC(=O)[C@@H](Cc1ccccc1)NC(=O)[C@@H](Cc1ccccc1)NC(C)=O,-5.380000099999998,caco2_wang,TDC
Pyrilamine Maleate,COc1ccc(CN(CCN(C)C)c2ccccn2)cc1,-4.6599998,caco2_wang,TDC
Org 12962,FC(F)(F)c1ccc(N2CCNCC2)nc1Cl,-4.5999999,caco2_wang,TDC
Org 5222,CN1C[C@@H]2c3ccccc3Oc3ccc(Cl)cc3[C@H]2C1,-4.73,caco2_wang,TDC
Org 33062,CC1(C)CC(=O)N(CCCCN2CCN(c3ncccn3)CC2)C(=O)C1,-4.6999998,caco2_wang,TDC
Org 25907,CC1(C)CC(=O)N(CCCCN2CCN(c3ncccn3)CC2)C(=O)C1O,-4.8899999,caco2_wang,TDC
Org 13011,O=C1CCCN1CCCCN1CCN(c2cc(C(F)(F)F)ccn2)CC1,-4.7399998,caco2_wang,TDC
Org 34037,Clc1ccc(C2CN3CCN=C3c3ccccc32)cc1,-4.7199998,caco2_wang,TDC
Org 23366,O=C(CCCN1CCC(=C(c2ccc(F)cc2)c2ccc(F)cc2)CC1)N1CCCC1,-5.0599999,caco2_wang,TDC
Org 34167,C=CCC(N)c1ccccc1-c1noc2ccccc12,-4.869999900000002,caco2_wang,TDC
21d,CC(C)[C@H](NC(=O)[C@H](OCc1ccccc1)[C@H](O)[C@@H](O)[C@@H](OCc1ccccc1)C(=O)N[C@H]1c2ccccc2C[C@H]1O)C(=O)NCCF,-5.8000002,caco2_wang,TDC
2,CNC(=O)[C@@H](NC(=O)[C@H](OCc1ccccc1)[C@H](O)[C@@H](O)[C@@H](OCc1ccccc1)C(=O)N[C@H]1c2ccccc2C[C@H]1O)C(C)C,-5.8499999,caco2_wang,TDC
21e,CC(C)[C@H](NC(=O)[C@H](OCc1ccccc1)[C@H](O)[C@@H](O)[C@@H](OCc1ccccc1)C(=O)N[C@H]1c2ccccc2C[C@H]1O)C(=O)NCC(F)(F)F,-5.54,caco2_wang,TDC
Teniposide,COc1cc([C@@H]2c3cc4c(cc3[C@@H](OC3OC5COC(c6cccs6)OC5C(O)C3O)[C@H]3COC(=O)[C@H]23)OCO4)cc(OC)c1O,-6.0500002,caco2_wang,TDC
22,O=C1NCC2(CCCNC2)c2[nH]c(-c3ccnc(-c4cc5ccccc5o4)n3)cc21,-5.8200002,caco2_wang,TDC
25,COCCCOc1ccc(-c2nccc(-c3cc4c([nH]3)C3(CCCNC3)CNC4=O)n2)cn1,-5.380000099999998,caco2_wang,TDC
5m,c1ccc(Cn2nnnc2C(c2ccc(Cn3cncn3)cc2)N2CCCN(C3CCC3)CC2)cc1,-6.3000002,caco2_wang,TDC
1,CN1C(=O)CC(N2CCN(CCCN3c4ccccc4Sc4ccc(CC(=O)O)cc43)CC2)N(C)C1=O,-4.9099998,caco2_wang,TDC
13,CN1C(=O)CC(N2CCN(CCCN3c4ccccc4COc4ccc(C(=O)O)cc43)CC2)N(C)C1=O,-5.119999900000002,caco2_wang,TDC
13d,CN1C(=O)CC(N2CCCN(CCCN3c4ccccc4COc4ccc(CC(=O)O)cc43)CC2)N(C)C1=O,-5.8000002,caco2_wang,TDC
13e,CC(C(=O)O)c1ccc2c(c1)N(CCCN1CCCN(C3CC(=O)N(C)C(=O)N3C)CC1)c1ccccc1CO2,-5.7199998,caco2_wang,TDC
13g,CN1C(=O)CC(N2CCCN(CCCN3c4ccccc4COc4ccc(C(=O)O)cc43)CC2)N(C)C1=O,-5.5,caco2_wang,TDC
13i,CN1C(=O)CC(N2CCCN(CCCN3c4ccccc4CCc4ccc(CC(=O)O)cc43)CC2)N(C)C1=O,-5.5900002,caco2_wang,TDC
13j,CN1C(=O)CC(N2CCCN(CCCN3c4ccccc4CCc4ccc(C(C)(C)C(=O)O)cc43)CC2)N(C)C1=O,-5.2450004,caco2_wang,TDC
(E-Z)-19a,CN1C(=O)CC(N2CCN(CC/C=C3/c4ccccc4COc4ccc(CC(=O)O)cc43)CC2)N(C)C1=O,-5.1399999,caco2_wang,TDC
(Z)-19b,CN1C(=O)CC(N2CCCN(CC/C=C3/c4ccccc4COc4ccc(CC(=O)O)cc43)CC2)N(C)C1=O,-5.4000001,caco2_wang,TDC
(Z)-19c,CN1C(=O)CC(N2CCN(CC/C=C3/c4ccccc4COc4ccc(C(=O)O)cc43)CC2)N(C)C1=O,-5.0700002,caco2_wang,TDC
(Z)-19d,CN1C(=O)CC(N2CCCN(CC/C=C3/c4ccccc4COc4ccc(C(=O)O)cc43)CC2)N(C)C1=O,-5.420000099999998,caco2_wang,TDC
(Z)-19e,CN1C(=O)CC(N2CCN(CC/C=C3/c4ccccc4CCc4ccc(CC(=O)O)cc43)CC2)N(C)C1=O,-4.829999900000002,caco2_wang,TDC
(Z)-19g,CN1C(=O)CC(N2CCCN(CC/C=C3/c4ccccc4CCc4ccc(C(=O)O)cc43)CC2)N(C)C1=O,-5.1599998,caco2_wang,TDC
T2000,COCN1C(=O)N(COC)C(=O)C(c2ccccc2)(c2ccccc2)C1=O,-4.4499998,caco2_wang,TDC
T2007,O=C1NC(=O)C(c2ccccc2)(c2ccccc2)C(=O)N1,-4.46,caco2_wang,TDC
Cycloastragenol,CC1(C)C2[C@@H](O)C[C@@H]3C4(CC[C@]5(C)[C@@H]([C@]6(C)CC[C@H](C(C)(C)O)O6)[C@@H](O)C[C@@]35C)CC24CC[C@@H]1O,-4.5,caco2_wang,TDC
Byankangelicol,COc1c2ccoc2c(OCC2OC2(C)C)c2oc(=O)ccc12,-4.3000002,caco2_wang,TDC
CD1,CCCCCCCCCC(=O)OC,-3.51,caco2_wang,TDC
CD21,CCCCCCCCCC(=O)NN,-4.1199999,caco2_wang,TDC
CD27,CCCCCCCCCC(=O)N1CCNCC1,-3.8199999,caco2_wang,TDC
Zearalenone (ZEN),CC1CCC(=O)CCC/C=C/c2cc(O)cc(O)c2C(=O)OC1,-4.98,caco2_wang,TDC
a-Zearalenol (a-ZEL),CC1CCC(O)CCC/C=C/c2cc(O)cc(O)c2C(=O)OC1,-5.27,caco2_wang,TDC
a-Zearalanol (a-ZAL),CC1CCC(O)CCCCCc2cc(O)cc(O)c2C(=O)OC1,-4.8200002,caco2_wang,TDC
Telaprevir,CCC[C@H](NC(=O)[C@@H]1[C@H]2CCC[C@H]2CN1C(=O)[C@@H](NC(=O)[C@@H](NC(=O)c1cnccn1)C1CCCCC1)C(C)(C)C)C(=O)C(=O)NC1CC1,-5.3899999,caco2_wang,TDC
Tryptanthrin,O=C1c2ccccc2-n2c1nc1ccccc1c2=O,-4.1999998,caco2_wang,TDC
6,COC(=O)C[C@@H](C(=O)NN(Cc1ccc(Br)cc1)C[C@@](O)(Cc1ccccc1)C(=O)NC1CCOC1)C(C)(C)C,-4.9699998,caco2_wang,TDC
8,COCCNC(=O)[C@H](NC(=O)[C@](O)(Cc1ccccc1)CN(Cc1ccc(Br)cc1)NC(=O)[C@H](CC(=O)OC)C(C)(C)C)C(C)C,-5.3200002,caco2_wang,TDC
10,CNC(=O)[C@H](NC(=O)[C@](O)(Cc1ccccc1)CN(Cc1ccc(Br)cc1)NC(=O)[C@H](CC(=O)OC)C(C)(C)C)C(C)(C)C,-5.5999999,caco2_wang,TDC
11,CNC(=O)[C@H](NC(=O)[C@](O)(Cc1ccccc1)CN(Cc1ccc(-c2ccccn2)cc1)NC(=O)[C@H](CC(=O)OC)C(C)(C)C)C(C)(C)C,-5.4699998,caco2_wang,TDC
25,CN1CCCC/C=C\[C@@H]2C[C@@]2(C(=O)NS(=O)(=O)C2CC2)NC(=O)[C@@H]2C[C@@H](Oc3nc(-c4ccccc4)nc4ccccc34)C[C@H]2C1=O,-4.6799998,caco2_wang,TDC
45a,COc1ccc2c(O[C@@H]3C[C@H]4C(=O)N[C@]5(C(=O)NS(=O)(=O)C6CC6)C[C@H]5/C=C\CCCCN(C)C(=O)[C@@H]4C3)nc(-c3ccccc3)nc2c1,-4.8899999,caco2_wang,TDC
45b,COc1ccc2c(O[C@@H]3C[C@H]4C(=O)N[C@]5(C(=O)NS(=O)(=O)C6CC6)C[C@H]5/C=C\CCCCN(C)C(=O)[C@@H]4C3)nc(-c3nc(C(C)C)cs3)nc2c1,-5.2199998,caco2_wang,TDC
45c,COc1ccc2c(O[C@@H]3C[C@H]4C(=O)N[C@]5(C(=O)NS(=O)(=O)C6CC6)C[C@H]5/C=C\CCCCN(C)C(=O)[C@@H]4C3)nc(-c3ccc(F)cc3)nc2c1,-4.6999998,caco2_wang,TDC
51a,COc1ccc2c(O[C@@H]3C[C@H]4C(=O)N[C@]5(C(=O)NS(=O)(=O)C6CC6)C[C@H]5/C=C\CCCCN(C)C(=O)[C@@H]4C3)nc(-c3ccccc3)nc2c1C,-4.8899999,caco2_wang,TDC
51e,COc1ccc(-c2nc(O[C@@H]3C[C@H]4C(=O)N[C@]5(C(=O)NS(=O)(=O)C6CC6)C[C@H]5/C=C\CCCCN(C)C(=O)[C@@H]4C3)c3ccc(OC)c(C)c3n2)cc1,-5.0500002,caco2_wang,TDC
60a,COc1ccc2c(O[C@@H]3C[C@H]4C(=O)N[C@]5(C(=O)NS(=O)(=O)C6CC6)C[C@H]5/C=C\CCCCCN(C)C(=O)[C@@H]4C3)nc(-c3ccccc3)nc2c1C,-4.5900002,caco2_wang,TDC
60c,COc1ccc2c(O[C@@H]3C[C@H]4C(=O)N[C@]5(C(=O)NS(=O)(=O)C6CC6)C[C@H]5/C=C\CCCCN(C)C(=O)[C@@H]4C3)nc(-c3ccc(F)cc3)nc2c1C,-4.4899998,caco2_wang,TDC
67c,COc1ccc2c(O[C@H]3C[C@H]4C(=O)NCCCCC/C=C\[C@@H]5C[C@@]5(C(=O)NS(=O)(=O)C5CC5)NC(=O)[C@@H]4C3)nc(-c3ccc(F)cc3)nc2c1C,-4.4899998,caco2_wang,TDC
Amfenac,Nc1c(CC(=O)O)cccc1C(=O)c1ccccc1,-4.52,caco2_wang,TDC
Levofloxacin,C[C@H]1COc2c(N3CCN(C)CC3)c(F)cc3c(=O)c(C(=O)O)cn1c23,-4.5500002,caco2_wang,TDC
Paraoxon,CCOP(=O)(OCC)Oc1ccc(N(O)O)cc1,-4.6900001,caco2_wang,TDC
Sulfasalamide,NC(=O)Cc1cc(/N=N/c2ccc(S(=O)(=O)Nc3ccccn3)cc2)ccc1O,-5.7088718,caco2_wang,TDC
Amlodipine,CCOC(=O)C1=C(COCCN)NC(C)=C(C(=O)OC)C1c1ccccc1Cl,-4.670000099999998,caco2_wang,TDC
Alfuzosin,COc1cc2nc(N(C)CCCNC(=O)C3CCCO3)nc(N)c2cc1OC,-5.6399999,caco2_wang,TDC
Dronedarone,CCCCc1oc2ccc(NS(C)(=O)=O)cc2c1C(=O)c1ccc(OCCCN(CCCC)CCCC)cc1,-4.52,caco2_wang,TDC
Trimethobenzamide,COc1cc(C(=O)NCc2ccc(OCCN(C)C)cc2)cc(OC)c1OC,-4.96,caco2_wang,TDC
Desloratadine,Clc1ccc2c(c1)CCc1cccnc1C2=C1CCNCC1,-4.059999899999998,caco2_wang,TDC
Xaliproden (SR57746),FC(F)(F)c1cccc(C2=CCN(CCc3ccc4ccccc4c3)CC2)c1,-4.73,caco2_wang,TDC
Setrobuvir (ANA598),CS(=O)(=O)Nc1ccc2c(c1)S(=O)(=O)N/C(=C1\C(=O)[C@@H]3[C@H]4CC[C@H](C4)[C@@H]3N(Cc3ccc(F)cc3)C1=O)N2,-5.8899999,caco2_wang,TDC
corticosterone,C[C@]12C[C@@H](O)[C@@H]3[C@@H](CCC4=CC(=O)CC[C@@]43C)[C@H]1CC[C@H]2C(=O)CO,-4.4850001,caco2_wang,TDC
cymarin,CO[C@H]1C[C@H](O[C@H]2CC[C@]3(C=O)[C@H]4CC[C@]5(C)[C@@H](C6=CC(=O)OC6)CC[C@]5(O)[C@@H]4CC[C@]3(O)C2)O[C@H](C)[C@H]1O,-5.6999998,caco2_wang,TDC
daidzin ,O=c1c(-c2ccc(O)cc2)coc2cc(OC3OC(CO)C(O)C(O)C3O)ccc12,-6.3600001,caco2_wang,TDC
desoxycarticosterone,C[C@]12CC[C@H]3[C@@H](CCC4=CC(=O)CC[C@@]43C)[C@@H]1CC[C@@H]2C(=O)CO,-4.670000099999998,caco2_wang,TDC
"(2E,9Z)-N-(2-methylbutyl)pentadeca-2,9-diene-12,14-diynamide",C#CC#CC/C=C\CCCCC/C=C/C(=O)NCC(C)CC,-4.4299998,caco2_wang,TDC
EACV,C=C1NC(N)=Nc2c1ncn2COCCOC(=O)CC[C@@H](N)C(=O)O,-5.8099999,caco2_wang,TDC
5-aminolevulinic acid,NCC(=O)CCC(=O)O,-5.3400002,caco2_wang,TDC
EF5289,CCOC(=O)COc1ccc(C(=O)CN2CCN(C3CCN(C(=O)OCOC(=O)C(C)(C)C)CC3)CC2=O)cc1,-4.2600002,caco2_wang,TDC
enalapril,CCOC(=O)[C@H](CCc1ccccc1)N[C@@H](C)C(=O)N1CCC[C@H]1C(=O)O,-5.6719999,caco2_wang,TDC
ganciclovir,Nc1nc(=O)c2ncn(COC(CO)CO)c2[nH]1,-6.369999900000002,caco2_wang,TDC
hexapeptide 04,C[C@@H]1NC(=O)[C@H](C)N(C)C(=O)[C@@H](C)NC(=O)[C@H](C)NC(=O)[C@@H](C)NC(=O)[C@@H](C)NC1=O,-5.8200002,caco2_wang,TDC
hexapeptide 15,C[C@@H]1NC(=O)[C@@H](C)NC(=O)[C@H](C)N(C)C(=O)[C@@H](C)NC(=O)[C@@H](C)N(C)C(=O)[C@H](C)NC1=O,-5.8200002,caco2_wang,TDC
hexapeptide 16,C[C@@H]1NC(=O)[C@H](C)N(C)C(=O)[C@@H](C)N(C)C(=O)[C@H](C)NC(=O)[C@@H](C)NC(=O)[C@@H](C)NC1=O,-5.3000002,caco2_wang,TDC
hexapeptide 19,C[C@@H]1NC(=O)[C@@H](C)NC(=O)[C@@H](C)NC(=O)[C@H](C)N(C)C(=O)[C@H](C)N(C)C(=O)[C@@H](C)NC1=O,-5.8200002,caco2_wang,TDC
hexapeptide 43,C[C@@H]1NC(=O)[C@@H](C)N(C)C(=O)[C@H](C)N(C)C(=O)[C@@H](C)N(C)C(=O)[C@@H](C)N(C)C(=O)[C@H](C)NC1=O,-5.8200002,caco2_wang,TDC
hexapeptide 51,C[C@@H]1NC(=O)[C@H](C)N(C)C(=O)[C@@H](C)N(C)C(=O)[C@H](C)N(C)C(=O)[C@@H](C)NC(=O)[C@@H](C)N(C)C1=O,-5.3000002,caco2_wang,TDC
indobufen,CCC(C(=O)O)c1ccc(N2Cc3ccccc3C2=O)cc1,-4.3899999,caco2_wang,TDC
IRR ,COc1cc(-c2oc3cc(O)cc(O)c3c(=O)c2O[C@@H]2O[C@H](CO[C@@H]3O[C@@H](C)[C@H](O)[C@@H](O)[C@H]3O)[C@@H](O)[C@H](O)[C@H]2O)ccc1O,-6.54,caco2_wang,TDC
isovitexin ,O=c1cc(-c2ccc(O)cc2)oc2cc([O-])c(C3OC(CO)C(O)C(O)C3O)c(O)c12,-6.1999998,caco2_wang,TDC
kaempferide ,COc1ccc(-c2oc3cc(O)cc(O)c3c(=O)c2O)cc1,-5.1900001,caco2_wang,TDC
LEF553,N=C(N)NCCC[C@@H](NC(=O)[C@@H](N)Cc1ccc(O)cc1)C(=O)N[C@@H](Cc1ccccc1)C(=O)N[C@@H](Cc1ccccc1)C(N)=O,-7.7600002,caco2_wang,TDC
LY366092,CNC(=O)/C=C(/c1ccc2nc(N)n(S(=O)(=O)C(C)C)c2c1)c1ccccc1-c1cccc2ccccc12,-4.0300002,caco2_wang,TDC
methanol,CO,-4.4899998,caco2_wang,TDC
N-acetyl-tryptophanamide,CC(=O)NC(=O)[C@@H](N)Cc1c[nH]c2ccccc12,-5.619999900000002,caco2_wang,TDC
neolignan smi06,C=CCc1cc(OC)c(OC(C)C(OC(C)=O)c2ccc(OC)c(OC)c2)c(OC)c1,-4.5900002,caco2_wang,TDC
neolignan smi07,C=CCc1cc(OC)c(OC(C)C(O)c2ccc(OC)c(OC)c2)c(OC)c1,-4.619999900000002,caco2_wang,TDC
neolignan smi10,C=CCc1cc(OC)c(OC(C)C(O)c2cc(O)cc(OC)c2)c(OC)c1,-4.6500001,caco2_wang,TDC
nitrendipine,CCOC(=O)C1=C(C)NC(C)=C(C(=O)OC)C1c1cccc([N+](=O)[O-])c1,-4.8499999,caco2_wang,TDC
omeprazole,COc1ccc2[nH]c(S(=O)Cc3ncc(C)c(OC)c3C)nc2c1,-4.1700001,caco2_wang,TDC
ouabain,C[C@@H]1O[C@@H](O[C@H]2C[C@@H](O)[C@]3(CO)[C@H]4[C@H](O)C[C@]5(C)[C@@H](C6=CC(=O)OC6)CC[C@]5(O)[C@@H]4CC[C@]3(O)C2)[C@H](O)[C@H](O)[C@H]1O,-7.23,caco2_wang,TDC
PNU200603,N=C(N)c1ccc2[nH]c(-c3ccccn3)nc2c1,-6.4699998,caco2_wang,TDC
quercitrin ,C[C@@H]1O[C@@H](Oc2c(-c3ccc(O)c(O)c3)oc3cc(O)cc(O)c3c2=O)[C@H](O)[C@H](O)[C@H]1O,-6.0999999,caco2_wang,TDC
saquinavir,CC(C)(C)NC(=O)[C@@H]1C[C@@H]2CCCC[C@@H]2CN1C[C@@H](O)[C@H](Cc1ccccc1)NC(=O)[C@H](CC(N)=O)NC(=O)c1ccc2ccccc2n1,-6.2600002,caco2_wang,TDC
SB209670,CCCOc1ccc2c(c1)[C@@H](c1ccc(OC)cc1OCC(=O)O)[C@H](C(=O)O)C2,-5.23,caco2_wang,TDC
SDZ-RAD,CO[C@H]1C[C@@H]2CC[C@@H](C)[C@@](O)(O2)C(=O)C(=O)N2CCCC3[C@H](C[C@@H]4CC[C@@H](OCCO)[C@H](OC)C4)[C@H](CC(=O)[C@H](C)/C=C(\C)[C@@H](O)[C@@H](OC)C(=O)[C@H](C)CC[C@H](C)/C=C/C=C/C=C/1C)OC(=O)[C@H]32,-4.630000099999998,caco2_wang,TDC
sulfamethoxazole,Cc1cc(NS(=O)(=O)c2ccc(N)cc2)no1,-4.880000099999998,caco2_wang,TDC
betazolol,CC(C)NC[C@@H](O)COc1ccc(CCOCC2CC2)cc1,-4.8099999,caco2_wang,TDC
betazolol ester,CC(C)NC[C@H](COc1ccc(CCOCC2CC2)cc1)OC(=O)C1CC1,-4.52,caco2_wang,TDC
caffeine,Cn1c(=O)c2c(ncn2C)n(C)c1=O,-4.3400002,caco2_wang,TDC
4,CN(C(=O)[C@H](Cc1ccc(CN)cc1)NS(=O)(=O)c1ccc2ccccc2c1)C1CCCC1,-4.9586072,caco2_wang,TDC
74,Cn1nnnc1-c1cccc(NC(=O)N[C@@H]2CCCC[C@H]2CN2CCC[C@@H](Cc3ccc(F)cc3)C2)c1,-5.6989698,caco2_wang,TDC
Verapamil,COc1ccc(CCN(C)CCC[C@](C#N)(c2ccc(OC)c(OC)c2)C(C)C)cc1OC,-4.961279900000001,caco2_wang,TDC
2j,C[C@@H](NC(=O)C1(NC(=O)C(F)(F)F)CC1)c1ccc(-c2cc(Cl)cc(Cl)c2-c2nnn(C)n2)cc1F,-4.5528421,caco2_wang,TDC
2f,COC(=O)c1c(Cl)cc(Cl)cc1-c1ccc([C@@H](C)NC(=O)C2(NC(=O)C(F)(F)F)CC2)c(F)c1,-4.7447276,caco2_wang,TDC
2g,COC(=O)c1c(F)cc(Cl)cc1-c1ccc([C@@H](C)NC(=O)C2(NC(=O)C(F)(F)F)CC2)c(F)c1,-4.5686364,caco2_wang,TDC
31,CNCc1cnc(C)cc1Oc1ccccc1Oc1ccccc1,-4.8399267,caco2_wang,TDC
943-Ketotifen fumarate (38),CN1CCC(=C2c3ccccc3CC(=O)c3sccc32)CC1,-3.9546771,caco2_wang,TDC
882-13i,C[C@@H]1O[C@@H](c2ccc(N(O)O)cc2)OC[C@H]1NC(=O)Cc1ccccc1,-4.9846401,caco2_wang,TDC
061-Amiloride,NC(N)=NC(=O)c1nc(Cl)c(N)nc1N,-5.5642352,caco2_wang,TDC
187-Saquinavir,CC(C)(C)NC(=O)[C@H]1C[C@H]2CCCC[C@H]2CN1C[C@@H](O)[C@H](Cc1ccccc1)NC(=O)[C@@H](CC(N)=O)NC(=O)c1ccc2ccccc2n1,-5.8616972,caco2_wang,TDC
Acyclovir,Nc1nc(=O)c2ncn(COCCO)c2[nH]1,-5.9899998,caco2_wang,TDC
Atropine,CN1[C@@H]2CC[C@@H]1CC(OC(=O)C(CO)c1ccccc1)C2,-4.7016673,caco2_wang,TDC
Bendroflumethiazide,NS(=O)(=O)c1cc2c(cc1C(F)(F)F)NC(Cc1ccccc1)NS2(=O)=O,-5.8899999,caco2_wang,TDC
Cisapride,COc1cc(N)c(Cl)cc1C(=O)NC1CCN(CCCOc2ccc(F)cc2)CC1OC,-4.52,caco2_wang,TDC
Cymarin,COC1CC(OC2CCC3(C=O)C4CCC5(C)C(C6=CC(=O)OC6)CCC5(O)C4CCC3(O)C2)OC(C)C1O,-5.579999900000002,caco2_wang,TDC
Diphenhydramine,CN(C)CCOC(c1ccccc1)c1ccccc1,-4.27,caco2_wang,TDC
Erlotinib,C#Cc1cccc(Nc2ncnc3cc(OCCOC)c(OCCOC)cc23)c1,-4.4699998,caco2_wang,TDC
Furazolidone,O=C1OCCN1/N=C/c1ccc(N(O)O)o1,-4.9899998,caco2_wang,TDC
Gefitinib,COc1cc2ncnc(Nc3ccc(F)c(Cl)c3)c2cc1OCCCN1CCOCC1,-4.48,caco2_wang,TDC
Ketoconazole,CC(=O)N1CCN(c2ccc(OC[C@@H]3CO[C@@](Cn4ccnc4)(c4ccc(Cl)cc4Cl)O3)cc2)CC1,-4.7538648,caco2_wang,TDC
Ketotifen,CN1CCC(=C2c3ccccc3CC(=O)c3sccc32)CC1,-4.9499998,caco2_wang,TDC
Methadone,CCC(=O)C(CC(C)N(C)C)(c1ccccc1)c1ccccc1,-4.6599998,caco2_wang,TDC
Methyldopa,C[C@@](N)(Cc1ccc(O)c(O)c1)C(=O)O,-6.619894,caco2_wang,TDC
Scopolamine,CN1C2CC(OC(=O)C(CO)c3ccccc3)CC1C1OC12,-4.724059099999999,caco2_wang,TDC
Talinolol,CC(C)(C)NCC(O)COc1ccc(NC(=O)NC2CCCCC2)cc1,-4.9684534000000005,caco2_wang,TDC
Terfenadine,CC(C)(C)c1ccc(C(O)CCCN2CCC(C(O)(c3ccccc3)c3ccccc3)CC2)cc1,-5.2600002,caco2_wang,TDC
Viloxazine,CCOc1ccccc1OCC1CNCCO1,-4.3899999,caco2_wang,TDC
"Maraviroc (UK-427,857)",Cc1nnc(C(C)C)n1C1CC2CCC(C1)N2CC[C@H](NC(=O)C1CCC(F)(F)CC1)c1ccccc1,-6.0,caco2_wang,TDC
Rhodamine 123 (Rho 123),COC(=O)c1ccccc1-c1c2ccc(=N)cc-2oc2cc(N)ccc12,-5.9411516,caco2_wang,TDC
N-Acetyl-D-leucyl-D-phenylalanine N-Methylamide (4),CNC(=O)[C@@H](Cc1ccccc1)NC(=O)[C@@H](CC(C)C)NC(C)=O,-5.2142239,caco2_wang,TDC
N-Acetylglycine Phenethylamide (7),CC(=O)NCC(=O)NCCc1ccccc1,-4.6597776,caco2_wang,TDC
N-Acetyl-D-valine Phenethylamide (9a),CC(=O)N[C@@H](C(=O)NCCc1ccccc1)C(C)C,-4.4610906,caco2_wang,TDC
10,N=C(N)c1cccc(CC(CC(=O)N2CCNCC2)NS(=O)(=O)c2ccc3ccccc3c2)c1,-7.0312262,caco2_wang,TDC
Corticosterone,C[C@]12C[C@H](O)[C@H]3[C@@H](CCC4=CC(=O)CC[C@@]43C)[C@@H]1CC[C@@H]2C(=O)CO,-4.3887606,caco2_wang,TDC
Sucrose,OC[C@H]1O[C@H](O[C@]2(CO)O[C@H](CO)[C@@H](O)[C@@H]2O)[C@H](O)[C@@H](O)[C@@H]1O,-5.9186072,caco2_wang,TDC
Doxorubicin,COc1cccc2c1C(=O)c1c(O)c3c(c(O)c1C2=O)C[C@](O)(C(=O)CO)C[C@H]3O[C@@H]1C[C@@H](N)[C@@H](O)[C@@H](C)O1,-6.5900002,caco2_wang,TDC
Propranolol ester,CC(C)NCC(COc1cccc2ccccc12)OC(=O)C1CC1,-4.1608586,caco2_wang,TDC
Proscillaridin,CC1OC(O[C@@H]2C=C3CC[C@@H]4[C@H](CC[C@]5(C)[C@@H](c6ccc(=O)oc6)CC[C@]45O)[C@@]3(C)CC2)C(O)C(O)C1O,-6.2299852,caco2_wang,TDC
Dexamethasone-?-D-glucuronide,C[C@@H]1C[C@H]2[C@@H]3CCC4=CC(=O)C=C[C@]4(C)[C@@]3(F)[C@@H](O)C[C@]2(C)[C@@]1(O)C(=O)COC1O[C@@H](CC(=O)O)[C@H](O)[C@@H](O)[C@@H]1O,-5.9796510000000005,caco2_wang,TDC
U-84656 (IV),CNC(=O)[C@@H]1Cc2cn(cn2)CC(=O)N2CCC[C@H]2C(=O)N[C@@H](C)C(=O)N1C,-5.8998151,caco2_wang,TDC
Ac-D-phe3-NH2,CC(=O)N[C@@H](Cc1ccccc1)C(=O)N[C@H](Cc1ccccc1)C(=O)N[C@@H](Cc1ccccc1)C(N)=O,-5.764868700000001,caco2_wang,TDC
PNU200648,Cc1ccnc2nc(Cc3nc4ccc(C(=N)N)cc4[nH]3)[nH]c12,-7.0478787,caco2_wang,TDC
PNU200681,Cc1ccnc2[nH]c(Cc3nc4ccc(/C(N)=N\O)cc4[nH]3)nc12,-6.6994848,caco2_wang,TDC
PNU-179450,CCC(=O)NC[C@H]1CN(c2ccc(-c3nncs3)c(F)c2)C(=O)O1,-4.4308991,caco2_wang,TDC
PNU-182347,CC(=S)NC[C@H]1CN(c2ccc(-c3nnc(CN)s3)c(F)c2)C(=O)O1,-4.8219547,caco2_wang,TDC
PNU-179397,CCC(=O)NC[C@H]1CN(c2ccc(-n3cc(C#N)cn3)c(F)c2)C(=O)O1,-4.3099999,caco2_wang,TDC
PNU-182945,CNCc1nnc(-c2ccc(N3C[C@H](CNC(C)=S)OC3=O)cc2F)s1,-4.769775900000001,caco2_wang,TDC
PNU-241028,CC(=S)NC[C@H]1CN(c2ccc(-c3nnc(CNS(C)(=O)=O)s3)c(F)c2)C(=O)O1,-5.619894,caco2_wang,TDC
NK1NK2 analogue 104 (15f),COc1cc(C(=O)N2CC[C@](CCN3CCC(C(=O)N4CCN(C)CC4)(c4cccnc4)CC3)(c3ccc(Cl)c(Cl)c3)C2)cc(OC)c1OC,-5.1382737,caco2_wang,TDC
341908,CC(C)NS(=O)(=O)n1c(N)nc2ccc(C(C(N)=O)c3cccc(F)c3)cc21,-4.331273599999999,caco2_wang,TDC
"UK 224,671",NS(=O)(=O)N1CCN(C2CN(CC[C@]3(c4ccc(Cl)c(Cl)c4)CCC(=O)N(CC4CC4)C3)C2)CC1,-5.8969545,caco2_wang,TDC
5'-L-glycyl-L-leucyl-floxuridine,CC(C)CC(NC(=O)CN)C(=O)OC[C@@H]1O[C@H](n2cc(F)c(=O)[nH]c2=O)C[C@H]1O,-5.2006745,caco2_wang,TDC
N-[5-[(4-Dimethylaminobenzoyl)amino]pentyl]-2-mercaptoacetamide (S2),CN(C)c1ccc(C(=O)NCCCCCNC(=O)CS)cc1,-5.1324477,caco2_wang,TDC
Vorinostat (SAHA-suberoylanilide hydroxamic acid),O=C(CCCCCCC(=O)Nc1ccccc1)NO,-5.629466099999999,caco2_wang,TDC
2,CCCCCCC(N)C(=O)N[C@@H](Cc1ccc(O)cc1)C(=O)N1CCC[C@@H]1C(=O)N[C@@H](Cc1c[nH]c2ccccc12)C(=O)N[C@@H](Cc1ccccc1)C(N)=O,-5.4504986,caco2_wang,TDC
11,CCCCCCC(N)C(=O)N[C@@H](Cc1ccc(O)cc1)C(=O)N1CCC[C@@H]1C(=O)N[C@@H](Cc1c[nH]c2ccccc12)C(=O)N[C@@H](Cc1ccccc1)C(=O)N[C@@H]1O[C@H](C(N)=O)[C@@H](O)C(O)C1O,-5.79,caco2_wang,TDC
13,Cc1cc(O)cc(C)c1C[C@H](N)C(=O)N1CCC[C@@H]1C(=O)N[C@@H](Cc1c[nH]c2ccccc12)C(=O)N[C@@H](Cc1ccccc1)C(N)=O,-6.2987847000000015,caco2_wang,TDC
Sulfanilic acid,Nc1ccc(S(=O)(=O)O)cc1,-5.4299998,caco2_wang,TDC
PB-43,Cn1cncc1CN1CC(N(CCn2cccc2)S(=O)(=O)c2ccccn2)Cc2cc(C#N)ccc21,-4.9099998,caco2_wang,TDC
PB-102,CC(C)COC(=O)N1CCC(CN(C2Cc3cc(C#N)ccc3N(Cc3cncn3C)C2)S(=O)(=O)c2ccccn2)CC1,-5.1224694,caco2_wang,TDC
MEN14970,O=C(NC1(C(=O)N[C@H](Cc2ccccc2)C(=O)NCCCN2CCOCC2)CCCC1)c1ccc(-c2ccccc2)s1,-4.9309068,caco2_wang,TDC
-,O=Cc1ccncc1,-4.180557299999999,caco2_wang,TDC
-,Oc1ccncc1,-4.1089525,caco2_wang,TDC
-,c1ccc(Cc2ccncc2)cc1,-3.9978395,caco2_wang,TDC
-,Fc1ccncc1,-3.8897052,caco2_wang,TDC
3'-Cl BZT,CN1C2CC[C@@H]1CC(OC(c1ccccc1)c1cccc(Cl)c1)C2,-4.662271,caco2_wang,TDC
"7,4'-DMF",COc1ccc(-c2cc(=O)c3ccc(OC)cc3o2)cc1,-4.6010299,caco2_wang,TDC
12g,Cn1cncc1CN(CCN(Cc1ccccc1)S(=O)(=O)c1ccccn1)c1ccc(C#N)cc1,-5.5514212,caco2_wang,TDC
"(2E,4Z,8Z)-N-isobutyldodeca-2,4,10-triene-8 -ynamide (4) mw = 245",C/C=C/C#CCC/C=C\C=C\C(=O)NCC(C)C,-4.0,caco2_wang,TDC
"2',3'-dideoxyinosine (ddI)",OC[C@@H]1CC[C@H](n2cnc3c(O)ncnc32)O1,-5.6708102,caco2_wang,TDC
Val-ACV,CC(C)C(N)C(=O)OCCOCn1cnc2c(=O)[nH]c(N)nc21,-5.6697760000000015,caco2_wang,TDC
CF 1526 (p-OMe),COC(=O)C(C)NP(=O)(OC[C@@H]1C=C[C@H](n2cc(C)c(=O)[nH]c2=O)O1)Oc1ccc(OC)cc1,-5.9819288,caco2_wang,TDC
S-nitrosylated captopril (CapNO),C[C@H](CSN=O)C(=O)N1CCC[C@@H]1C(=O)O,-4.5,caco2_wang,TDC
13,CCOC(=O)c1ccc2c(C(C(=O)NS(=O)(=O)c3ccc(C)cc3OC)c3ccc4c(c3)OCO4)cn(C)c2c1,-4.6994848,caco2_wang,TDC
ME3229,CCCCOC(=O)COc1ccc(C(=O)CNC(=O)c2cc3c(s2)CCNC3)cc1OCC(=O)OCCCC,-5.1011863,caco2_wang,TDC
10b,CC(C)(NC(=O)c1cc2ccccc2s1)C(=O)N[C@H](Cc1ccccc1)C(=O)NCCCN1CCOCC1,-5.3289509000000015,caco2_wang,TDC
25c,CN1CCN(C(=O)CCNC(=O)[C@@H](Cc2ccccc2)NC(=O)C2(NC(=O)c3cc4ccccc4s3)CCCC2)CC1,-5.6994848,caco2_wang,TDC
25e,O=C(NC1(C(=O)N[C@H](Cc2ccccc2)C(=O)NCCC(=O)N2CCN(CC3CCOCC3)CC2)CCCC1)c1cc2ccccc2s1,-5.5693183,caco2_wang,TDC
30d,O=C(NC1(C(=O)N[C@H](Cc2ccccc2)C(=O)NCC2CCN(C3CCOCC3)CC2)CCCC1)c1cc2ccccc2s1,-5.7979398,caco2_wang,TDC
21b,CC1CN(CCCNC(=O)[C@@H](Cc2ccccc2)NC(=O)C2(NC(=O)c3cc4ccccc4s3)CCCC2)CC(C)N1,-5.9593034000000005,caco2_wang,TDC
20E 22-methyl ether (4),CO[C@H](CCC(C)(C)O)[C@](C)(O)[C@H]1CC[C@@]2(O)C3=CC(=O)[C@@H]4C[C@@H](O)[C@@H](O)C[C@@]4(C)C3CC[C@]12C,-4.79,caco2_wang,TDC
PoA 2-methyl ether (16),CO[C@H]1C[C@]2(C)C3CC[C@]4(C)[C@@H]([C@@](C)(O)[C@H](O)CCC(C)C)CC[C@@]4(O)C3=CC(=O)[C@@H]2C[C@H]1O,-4.6999998,caco2_wang,TDC
PoA 3.22-dimethyl ether (20),CO[C@@H]1C[C@H]2C(=O)C=C3C(CC[C@]4(C)[C@@H]([C@@](C)(O)[C@@H](CCC(C)C)OC)CC[C@@]34O)[C@]2(C)C[C@@H]1O,-4.5380535,caco2_wang,TDC
Ponasterone A (26),CC(C)CC[C@@H](O)[C@](C)(O)[C@H]1CC[C@@]2(O)C3=CC(=O)[C@@H]4C[C@@H](O)[C@@H](O)C[C@@]4(C)C3CC[C@]12C,-4.7199998,caco2_wang,TDC
Ergonovine,CC(CO)NC(=O)C1C=C2c3cccc4[nH]cc(c34)CC2N(C)C1,-5.1684265,caco2_wang,TDC
Folinic acid,Nc1nc(=O)c2c([nH]1)NCC(CNc1ccc(C(=O)NC(CCC(=O)O)C(=O)O)cc1)N2C=O,-7.5214391,caco2_wang,TDC
Liquiritigenin (LG),O=C1CC(c2ccc(O)cc2)Oc2cc(O)ccc21,-4.8000002,caco2_wang,TDC
Ginsenoside Rg1 (Rg1),CC(C)=CCC[C@](C)(O[C@@H]1O[C@@H](CO)[C@@H](O)[C@H](O)[C@H]1O)[C@H]1CC[C@]2(C)[C@@H]1[C@H](O)C[C@@H]1[C@@]3(C)CC[C@H](O)C(C)(C)[C@@H]3C(O[C@@H]3O[C@H](CO)[C@@H](O)[C@H](O)[C@H]3O)C[C@]12C,-6.5883503,caco2_wang,TDC
Berberrubine (BRB),COc1ccc2cc3[n+](cc2c1O)CCc1cc2c(cc1-3)OCO2,-4.8815303,caco2_wang,TDC
Ajmalicine (AMC),COC(=O)C1=CO[C@@H](C)[C@H]2CN3CCc4c([nH]c5ccccc45)[C@@H]3C[C@@H]12,-4.8187928,caco2_wang,TDC
Ajmaline (AML),CC[C@H]1[C@@H]2C[C@@H]3[C@@H]4N(C)c5ccccc5[C@]45C[C@@H](C2[C@@H]5O)N3[C@@H]1O,-4.9387093,caco2_wang,TDC
Beta-colubrine (Col),COc1ccc2c(c1)[C@]13CCN4CC5=CCO[C@@H]6CC(=O)N2[C@@H]1[C@@H]6[C@@H]5C[C@@H]43,-4.5717444,caco2_wang,TDC
Icajine (Ica),CN1CC[C@]23C(=O)C[C@@H]4C(=CCO[C@H]5CC(=O)N(c6ccccc62)[C@@H]3[C@@H]54)C1,-4.5816798,caco2_wang,TDC
Pyr-His-Pro-NH2 (TRH),NC(=O)[C@H]1CCCN1C(=O)[C@@H](Cc1c[nH]cn1)NC(=O)[C@H]1CCC(=O)N1,-6.8313413,caco2_wang,TDC
Taxifolin (29),O=C1c2c(O)cc(O)cc2OC(c2ccc(O)c(O)c2)C1O,-6.5093193,caco2_wang,TDC
11d,Cc1ccc(N2CCN(C(=O)[C@H](C)Cc3ccc(Cl)cc3)CC2)c([C@@H](NC(=O)CCN(C)C)C(C)C)c1,-4.3886080000000005,caco2_wang,TDC
11f,Cc1ccc(N2CCN(C(=O)[C@H](C)Cc3ccc(Cl)cc3C)CC2)c([C@@H](NC(=O)CCN(C)C)C(C)C)c1,-4.7979398,caco2_wang,TDC
C,O=C(Nc1cccc(C(F)(F)F)c1)c1ccccc1NCc1ccncc1,-5.158072,caco2_wang,TDC
D,CC1(C)CNc2cc(NC(=O)c3cccnc3NCc3ccncc3)ccc21,-5.489058,caco2_wang,TDC
32,O=C(Nc1ccc(C(F)(F)F)c(Cl)c1)c1ccnn1CCc1ccncc1,-5.3400002,caco2_wang,TDC
3,Cn1c(NCCCN2CCC(Oc3ccc(Cl)c(Cl)c3)CC2)cc(=O)n(C)c1=O,-4.8783755,caco2_wang,TDC
21,Cn1c(N2CCN(CCCN3c4ccccc4Sc4ccc(C(=O)O)cc43)CC2)cc(=O)n(C)c1=O,-5.0,caco2_wang,TDC
23,Cn1c(N2CCCN(CCCN3c4ccccc4Sc4cccc(C(=O)O)c43)CC2)cc(=O)n(C)c1=O,-5.8005152,caco2_wang,TDC
27,Cn1c(N2CCN(CCCN3c4ccccc4Sc4ccc(CC(=O)O)cc43)CC2)cc(=O)n(C)c1=O,-4.9099998,caco2_wang,TDC
29,Cn1c(N2CCN(CCCN3c4ccccc4Sc4ccc(CCC(=O)O)cc43)CC2)cc(=O)n(C)c1=O,-5.29,caco2_wang,TDC
31,CC(C(=O)O)c1ccc2c(c1)N(CCCN1CCCN(c3cc(=O)n(C)c(=O)n3C)CC1)c1ccccc1S2,-5.1599998,caco2_wang,TDC
3,CSc1nc2cc(C(=O)N3CCC(C)CC3)ccc2[nH]1,-4.5418172,caco2_wang,TDC
"L1 (1,2-dimethyl-3 hydroxypyridin-4-one)",Cc1c(O)c(=O)ccn1C,-4.8885303,caco2_wang,TDC
Me-(S)-IZD,Cc1cc(C[C@H](NS(=O)(=O)c2ccccc2)c2nc3ccccc3[nH]2)ccc1[C@@H]1CC(=O)N=S1(=O)[O-],-6.3989701,caco2_wang,TDC
Acrylamide,C=CC(N)=O,-4.5693183,caco2_wang,TDC
Dihydrotetrabenazine isomer A,COc1cc2c(cc1OC)[C@H]1C[C@H](O)[C@@H](CC(C)C)CN1CC2,-4.6799998,caco2_wang,TDC
Ethylparaben,CCOC(=O)c1ccc(O)cc1,-4.8102908,caco2_wang,TDC
5'-L-phenylalanyl-cytarabine (5),N[C@@H](Cc1ccccc1)C(=O)OC[C@H]1O[C@@H](n2ccc(O)nc2=O)[C@@H](O)[C@@H]1O,-5.6999998,caco2_wang,TDC
Astilbin,C[C@@H]1O[C@@H](O[C@@H]2C(=O)c3c(O)cc(O)cc3O[C@H]2c2ccc(O)c(O)c2)[C@H](O)[C@H](O)[C@H]1O,-6.820000200000001,caco2_wang,TDC
Methyl gallate,COC(=O)c1cc(O)c(O)c(O)c1,-5.3899999,caco2_wang,TDC
Ketamine,CNC1(c2ccccc2Cl)CCCCC1=O,-4.2600002,caco2_wang,TDC
12,COCCOCCOCC(=O)Nc1ccc(S(=O)(=O)Nc2nncs2)cc1,-6.2399998,caco2_wang,TDC
S1,C=CCNC(=O)C(=O)C(CCC)NC(=O)C1CC2CN1C(=O)C(C1CCCCC1)NC(=O)Cc1cccc(c1)OCCC(C)(C)O2,-5.0300002,caco2_wang,TDC
S2,C=CCNC(=O)C(=O)C(CCC)NC(=O)C1C2C(CN1C(=O)C(NC(=O)NC(C(=O)C(C)C)C(C)C)C(C)(C)C)C2(C)C,-5.29,caco2_wang,TDC
4d,Cc1cc(C(=O)Nc2ccc(-c3ccccc3S(C)(=O)=O)cc2F)n(-c2cccc(CN)c2)n1,-5.5,caco2_wang,TDC
II,CC(C)C[C@H](O)[C@H](O)[C@H](CC1CCCCC1)NC(=O)OC(C)(C)C,-4.1799998,caco2_wang,TDC
3'-L-Ile-FUdR,CC[C@H](C)[C@H](N)C(=O)O[C@@H]1C[C@@H](n2cc(F)c(=O)[nH]c2=O)O[C@H]1CO,-5.5599999,caco2_wang,TDC
5'-L-Asp-FUdR,NC(CC(=O)O)C(=O)OC[C@@H]1O[C@H](n2cc(F)c(=O)[nH]c2=O)C[C@H]1O,-6.4899998,caco2_wang,TDC
Acetyl-Trp-Ala-Gly-Gly-Asn-Ala-Amide,CC(=O)N[C@@H](Cc1c[nH]c2ccccc12)C(=O)N[C@@H](C)C(=O)NCC(=O)NCC(=O)N[C@@H](CC(N)=O)C(=O)N[C@@H](C)C(N)=O,-7.29,caco2_wang,TDC
Daunorubicin,COc1cccc2c1C(=O)c1c(O)c3c(c(O)c1C2=O)C[C@@](O)(C(C)=O)C[C@@H]3O[C@H]1C[C@H](N)[C@H](O)[C@H](C)O1,-6.0999999,caco2_wang,TDC
PDE-310,ON1C=CC=C(c2cc3nccc(-c4ccc(OC(F)F)c(OCC5CC5)c4)n3n2)C1,-4.71,caco2_wang,TDC
Cerivastatin,COCc1c(C(C)C)nc(C(C)C)c(/C=C/[C@@H](O)C[C@@H](O)CC(=O)O)c1-c1ccc(F)cc1,-5.27,caco2_wang,TDC
23,O=C1NCC2(CCCNC2)c2[nH]c(-c3ccnc(-c4ccc5c(c4)OCO5)n3)cc21,-5.4699998,caco2_wang,TDC
24,COc1cncc(-c2nccc(-c3cc4c([nH]3)C3(CCCNC3)CNC4=O)n2)c1,-5.6999998,caco2_wang,TDC
5d,CN1CCN(Cc2ccc(C(c3nnnn3Cc3ccccc3)N3CCCN(C4CCC4)CC3)cc2)CC1,-6.0999999,caco2_wang,TDC
13c,CN1C(=O)CC(N2CCN(CCCN3c4ccccc4COc4ccc(CC(=O)O)cc43)CC2)N(C)C1=O,-5.52,caco2_wang,TDC
13h,CN1C(=O)CC(N2CCCN(CCCN3c4ccccc4CCc4ccc(C(=O)O)cc43)CC2)N(C)C1=O,-5.3600001,caco2_wang,TDC
(Z)-19f,CN1C(=O)CC(N2CCCN(CC/C=C3/c4ccccc4CCc4ccc(CC(=O)O)cc43)CC2)N(C)C1=O,-5.3200002,caco2_wang,TDC
MMMDPB,COCN1C(=O)NC(=O)C(c2ccccc2)(c2ccccc2)C1=O,-4.5,caco2_wang,TDC
Ac-C8-Enk-NH (3),CCCCCC[C@H](NC(C)=O)C(=O)N[C@@H](Cc1ccc(O)cc1)C(=O)NCC(=O)NCC(=O)N[C@@H](Cc1ccccc1)C(=O)N[C@@H](CC(C)C)C(N)=O,-5.9699998,caco2_wang,TDC
Rivulobirin A,C=C(C)C(COc1c2occc2cc2ccc(=O)oc12)OC(C)(C)C(O)COc1c2occc2cc2ccc(=O)oc12,-4.48,caco2_wang,TDC
Capric acid (decanoic acid),CCCCCCCCCC(=O)O,-4.6799998,caco2_wang,TDC
Apometzgerin (2),COc1cc(-c2cc(=O)c3c(O)cc(O)cc3o2)cc(O)c1OC,-4.9499998,caco2_wang,TDC
3,COC(=O)C[C@@H](C(=O)NN(Cc1ccc(/C=C\c2ccccc2)cc1)C[C@@](O)(Cc1ccccc1)C(=O)NC1c2ccccc2C[C@H]1O)C(C)(C)C,-5.079999900000002,caco2_wang,TDC
51d,COc1ccc2c(O[C@@H]3C[C@H]4C(=O)N[C@]5(C(=O)NS(=O)(=O)C6CC6)C[C@H]5/C=C\CCCCN(C)C(=O)[C@@H]4C3)nc(-c3cccc(F)c3)nc2c1C,-5.3000002,caco2_wang,TDC
Cycloheximide,C[C@H]1C[C@H](C)C(=O)[C@H]([C@H](O)CC2CC(=O)NC(=O)C2)C1,-4.8400002,caco2_wang,TDC
Dimercaprol,OCC(S)CS,0.0,bioavailability_ma,TDC
Edrophonium,CC[N+](C)(C)c1cccc(O)c1,0.0,bioavailability_ma,TDC
Carbimazole,CCOC(=O)n1ccn(C)c1=S,0.0,bioavailability_ma,TDC
Vidarabine,Nc1ncnc2c1ncn2[C@@H]1O[C@H](CO)[C@@H](O)[C@@H]1O,0.0,bioavailability_ma,TDC
Cefacetrile,CC(=O)OCC1=C(C(=O)O)N2C(=O)[C@@H](NC(=O)CC#N)[C@H]2SC1,0.0,bioavailability_ma,TDC
Pentamidine,N=C(N)c1ccc(OCCCCCOc2ccc(C(=N)N)cc2)cc1,0.0,bioavailability_ma,TDC
Ceftizoxime,CO/N=C(\C(=O)N[C@@H]1C(=O)N2C(C(=O)O)=CCS[C@H]12)c1csc(N)n1,0.0,bioavailability_ma,TDC
Meropenem,C[C@@H](O)[C@H]1C(=O)N2C(C(=O)O)=C(S[C@@H]3CN[C@H](C(=O)N(C)C)C3)[C@H](C)[C@H]12,0.0,bioavailability_ma,TDC
Ticarcillin,CC1(C)S[C@@H]2[C@H](NC(=O)[C@H](C(=O)O)c3ccsc3)C(=O)N2[C@H]1C(=O)O,0.0,bioavailability_ma,TDC
Cefoxitin,CO[C@@]1(NC(=O)Cc2cccs2)C(=O)N2C(C(=O)O)=C(COC(N)=O)CS[C@@H]21,0.0,bioavailability_ma,TDC
Azlocillin,CC1(C)S[C@@H]2[C@H](NC(=O)[C@H](NC(=O)N3CCNC3=O)c3ccccc3)C(=O)N2[C@H]1C(=O)O,0.0,bioavailability_ma,TDC
Ceftazidime,CC(C)(O/N=C(\C(=O)N[C@@H]1C(=O)N2C(C(=O)[O-])=C(C[n+]3ccccc3)CS[C@H]12)c1csc(N)n1)C(=O)O,0.0,bioavailability_ma,TDC
Arbekacin,NCC[C@H](O)C(=O)N[C@@H]1C[C@H](N)[C@@H](O[C@H]2O[C@H](CN)CC[C@H]2N)[C@H](O)[C@H]1O[C@H]1O[C@H](CO)[C@@H](O)[C@H](N)[C@H]1O,0.0,bioavailability_ma,TDC
Ceftriaxone,CO/N=C(\C(=O)N[C@@H]1C(=O)N2C(C(=O)O)=C(CSc3nc(=O)c(=O)[nH]n3C)CS[C@H]12)c1csc(N)n1,0.0,bioavailability_ma,TDC
Epirubicin,COc1cccc2c1C(=O)c1c(O)c3c(c(O)c1C2=O)C[C@@](O)(C(=O)CO)C[C@@H]3O[C@H]1C[C@H](N)[C@@H](O)[C@H](C)O1,0.0,bioavailability_ma,TDC
Vecuronium,CC(=O)O[C@H]1C[C@@H]2CC[C@@H]3[C@H](CC[C@@]4(C)[C@H]3C[C@H]([N+]3(C)CCCCC3)[C@@H]4OC(C)=O)[C@@]2(C)C[C@@H]1N1CCCCC1,0.0,bioavailability_ma,TDC
Pancuronium,CC(=O)O[C@H]1C[C@@H]2CC[C@@H]3[C@H](CC[C@@]4(C)[C@H]3C[C@H]([N+]3(C)CCCCC3)[C@@H]4OC(C)=O)[C@@]2(C)C[C@@H]1[N+]1(C)CCCCC1,0.0,bioavailability_ma,TDC
Cefodizime,CO/N=C(\C(=O)N[C@@H]1C(=O)N2C(C(=O)O)=C(CSc3nc(C)c(CC(=O)O)s3)CS[C@H]12)c1csc(N)n1,0.0,bioavailability_ma,TDC
Amikacin,NCC[C@H](O)C(=O)N[C@@H]1C[C@H](N)[C@@H](O[C@H]2O[C@H](CN)[C@@H](O)[C@H](O)[C@H]2O)[C@H](O)[C@H]1O[C@H]1O[C@H](CO)[C@@H](O)[C@H](N)[C@H]1O,0.0,bioavailability_ma,TDC
Alcuronium,C=CC[N@@+]12CC[C@@]34c5ccccc5N5/C=C6/[C@H]7C[C@H]8[C@@]9(CC[N@@+]8(CC=C)C/C7=C/CO)c7ccccc7N(/C=C(/[C@@H](C[C@@H]31)/C(=C\CO)C2)[C@H]54)[C@@H]69,0.0,bioavailability_ma,TDC
Emepronium,CC[N+](C)(C)C(C)CC(c1ccccc1)c1ccccc1,0.0,bioavailability_ma,TDC
Imipenem,C[C@@H](O)[C@H]1C(=O)N2C(C(=O)O)=C(SCC/N=C/N)C[C@H]12,0.0,bioavailability_ma,TDC
Ibandronate,CCCCCN(C)CCC(O)(P(=O)(O)O)P(=O)(O)O,0.0,bioavailability_ma,TDC
Oxitropium,CC[N+]1(C)[C@H]2C[C@H](OC(=O)[C@H](CO)c3ccccc3)C[C@@H]1[C@H]1O[C@@H]21,0.0,bioavailability_ma,TDC
Fentanyl,CCC(=O)N(c1ccccc1)C1CCN(CCc2ccccc2)CC1,0.0,bioavailability_ma,TDC
Alfentanil,CCC(=O)N(c1ccccc1)C1(COC)CCN(CCn2nnn(CC)c2=O)CC1,0.0,bioavailability_ma,TDC
Benzthiazide,NS(=O)(=O)c1cc2c(cc1Cl)N=C(CSCc1ccccc1)NS2(=O)=O,0.0,bioavailability_ma,TDC
Aztreonam,C[C@H]1[C@H](NC(=O)/C(=N\OC(C)(C)C(=O)O)c2csc([NH3+])n2)C(=O)N1S(=O)(=O)[O-],0.0,bioavailability_ma,TDC
Tobramycin,NC[C@H]1O[C@H](O[C@@H]2[C@@H](N)C[C@@H](N)[C@H](O[C@H]3O[C@H](CO)[C@@H](O)[C@H](N)[C@H]3O)[C@H]2O)[C@H](N)C[C@@H]1O,0.0,bioavailability_ma,TDC
Terfenadine,CC(C)(C)c1ccc(C(O)CCCN2CCC(C(O)(c3ccccc3)c3ccccc3)CC2)cc1,0.0,bioavailability_ma,TDC
Barnidipine,COC(=O)C1=C(C)NC(C)=C(C(=O)O[C@H]2CCN(Cc3ccccc3)C2)[C@H]1c1cccc([N+](=O)[O-])c1,0.0,bioavailability_ma,TDC
Kanamycin,NC[C@H]1O[C@H](O[C@@H]2[C@@H](N)C[C@@H](N)[C@H](O[C@H]3O[C@H](CO)[C@@H](O)[C@H](N)[C@H]3O)[C@H]2O)[C@H](O)[C@@H](O)[C@@H]1O,0.0,bioavailability_ma,TDC
Streptomycin,CN[C@@H]1[C@H](O[C@H]2[C@H](O[C@@H]3[C@@H](NC(=N)N)[C@H](O)[C@@H](NC(=N)N)[C@H](O)[C@H]3O)O[C@@H](C)[C@]2(O)C=O)O[C@@H](CO)[C@H](O)[C@H]1O,0.0,bioavailability_ma,TDC
Ouabain,C[C@@H]1O[C@@H](O[C@H]2C[C@@H](O)[C@]3(CO)[C@H]4[C@H](O)C[C@]5(C)[C@@H](C6=CC(=O)OC6)CC[C@]5(O)[C@@H]4CC[C@]3(O)C2)[C@H](O)[C@H](O)[C@H]1O,0.0,bioavailability_ma,TDC
Acarbose,C[C@H]1O[C@H](O[C@@H]2[C@@H](CO)O[C@H](O[C@H]([C@H](O)CO)[C@H](O)[C@@H](O)C=O)[C@H](O)[C@H]2O)[C@H](O)[C@@H](O)[C@@H]1N[C@H]1C=C(CO)[C@@H](O)[C@H](O)[C@H]1O,0.0,bioavailability_ma,TDC
Nystatin,C[C@@H]1OC(=O)CC(O)CC(O)CC(O)CCC(O)C(O)C[C@]2(O)CC(O)C(C(=O)O)C(CC(O[C@H]3O[C@H](C)[C@@H](O)[C@H](N)[C@@H]3O)/C=C/C=C/C=C/C=C/CC/C=C/C=C/[C@H](C)[C@@H](O)[C@H]1C)O2,0.0,bioavailability_ma,TDC
Neostigmine,CN(C)C(=O)Oc1cccc([N+](C)(C)C)c1,0.0,bioavailability_ma,TDC
Fenoterol,CC(Cc1ccc(O)cc1)NCC(O)c1cc(O)cc(O)c1,0.0,bioavailability_ma,TDC
Naloxone,C=CCN1CC[C@]23c4c5ccc(O)c4O[C@H]2C(=O)CC[C@@]3(O)[C@H]1C5,0.0,bioavailability_ma,TDC
Zanamivir,CC(=O)N[C@@H]1[C@@H](N=C(N)N)C=C(C(=O)O)O[C@H]1[C@H](O)[C@H](O)CO,0.0,bioavailability_ma,TDC
Cimetropium,C[N+]1(CC2CC2)[C@H]2C[C@H](OC(=O)[C@H](CO)c3ccccc3)C[C@@H]1[C@H]1O[C@@H]21,0.0,bioavailability_ma,TDC
Buspirone,O=C1CC2(CCCC2)CC(=O)N1CCCCN1CCN(c2ncccn2)CC1,0.0,bioavailability_ma,TDC
Raloxifene,O=C(c1ccc(OCCN2CCCCC2)cc1)c1c(-c2ccc(O)cc2)sc2cc(O)ccc12,0.0,bioavailability_ma,TDC
Ergotamine,CN1C[C@H](C(=O)N[C@]2(C)O[C@@]3(O)[C@@H]4CCCN4C(=O)[C@H](Cc4ccccc4)N3C2=O)C=C2c3cccc4[nH]cc(c34)C[C@H]21,0.0,bioavailability_ma,TDC
Paromomycin,NC[C@@H]1O[C@H](O[C@@H]2[C@@H](CO)O[C@@H](O[C@@H]3[C@@H](O)[C@H](N)C[C@H](N)[C@H]3O[C@H]3O[C@H](CO)[C@@H](O)[C@H](O)[C@H]3N)[C@@H]2O)[C@H](N)[C@@H](O)[C@@H]1O,0.0,bioavailability_ma,TDC
Octreotide,C[C@@H](O)[C@@H]1NC(=O)[C@H](CCCCN)NC(=O)[C@@H](Cc2c[nH]c3ccccc23)NC(=O)[C@H](Cc2ccccc2)NC(=O)[C@@H](NC(=O)[C@H](N)Cc2ccccc2)CSSC[C@@H](C(=O)N[C@H](CO)[C@@H](C)O)NC1=O,0.0,bioavailability_ma,TDC
Norepinephrine,NC[C@H](O)c1ccc(O)c(O)c1,0.0,bioavailability_ma,TDC
Ipratropium,CC(C)[N+]1(C)[C@H]2CC[C@@H]1C[C@H](OC(=O)C(CO)c1ccccc1)C2,0.0,bioavailability_ma,TDC
Nedocromil,CCCc1c2oc(C(=O)O)cc(=O)c2cc2c(=O)cc(C(=O)O)n(CC)c12,0.0,bioavailability_ma,TDC
Simvastatin,CCC(C)(C)C(=O)O[C@H]1C[C@@H](C)C=C2C=C[C@H](C)[C@H](CC[C@@H]3C[C@@H](O)CC(=O)O3)[C@H]21,0.0,bioavailability_ma,TDC
Fluphenazine,OCCN1CCN(CCCN2c3ccccc3Sc3ccc(C(F)(F)F)cc32)CC1,0.0,bioavailability_ma,TDC
Testosterone,C[C@]12CC[C@H]3[C@@H](CCC4=CC(=O)CC[C@@]43C)[C@@H]1CC[C@@H]2O,0.0,bioavailability_ma,TDC
Saquinavir,CC(C)(C)NC(=O)[C@@H]1C[C@@H]2CCCC[C@@H]2CN1C[C@@H](O)[C@H](Cc1ccccc1)NC(=O)[C@H](CC(N)=O)NC(=O)c1ccc2ccccc2n1,0.0,bioavailability_ma,TDC
Norfenefrine,NCC(O)c1cccc(O)c1,0.0,bioavailability_ma,TDC
Acetylcysteine,CC(=O)N[C@@H](CS)C(=O)O,0.0,bioavailability_ma,TDC
Clofibrate,CCOC(=O)C(C)(C)Oc1ccc(Cl)cc1,0.0,bioavailability_ma,TDC
Ganciclovir,Nc1nc2c(ncn2COC(CO)CO)c(=O)[nH]1,0.0,bioavailability_ma,TDC
Estradiol,C[C@]12CC[C@@H]3c4ccc(O)cc4CC[C@H]3[C@@H]1CC[C@@H]2O,0.0,bioavailability_ma,TDC
Desogestrel,C#C[C@]1(O)CC[C@H]2[C@@H]3CCC4=CCCC[C@@H]4[C@H]3C(=C)C[C@@]21CC,0.0,bioavailability_ma,TDC
Tetrabenazine,COc1cc2c(cc1OC)C1CC(=O)C(CC(C)C)CN1CC2,0.0,bioavailability_ma,TDC
Amdinocillin,CC1(C)S[C@@H]2[C@H](N=CN3CCCCCC3)C(=O)N2[C@H]1C(=O)O,0.0,bioavailability_ma,TDC
Nisoldipine,COC(=O)C1=C(C)NC(C)=C(C(=O)OCC(C)C)C1c1ccccc1[N+](=O)[O-],0.0,bioavailability_ma,TDC
Melagatran,N=C(N)c1ccc(CNC(=O)[C@@H]2CCN2C(=O)[C@H](NCC(=O)O)C2CCCCC2)cc1,0.0,bioavailability_ma,TDC
Astemizole,COc1ccc(CCN2CCC(Nc3nc4ccccc4n3Cc3ccc(F)cc3)CC2)cc1,0.0,bioavailability_ma,TDC
Probucol,CC(C)(Sc1cc(C(C)(C)C)c(O)c(C(C)(C)C)c1)Sc1cc(C(C)(C)C)c(O)c(C(C)(C)C)c1,0.0,bioavailability_ma,TDC
Doxorubicin,COc1cccc2c1C(=O)c1c(O)c3c(c(O)c1C2=O)C[C@@](O)(C(=O)CO)C[C@@H]3O[C@H]1C[C@H](N)[C@H](O)[C@H](C)O1,0.0,bioavailability_ma,TDC
Bromocriptine,CC(C)C[C@H]1C(=O)N2CCC[C@H]2[C@]2(O)O[C@](NC(=O)[C@@H]3C=C4c5cccc6[nH]c(Br)c(c56)C[C@H]4N(C)C3)(C(C)C)C(=O)N12,0.0,bioavailability_ma,TDC
Oxybutynin,CCN(CC)CC#CCOC(=O)C(O)(c1ccccc1)C1CCCCC1,0.0,bioavailability_ma,TDC
Proquazone,Cc1ccc2c(-c3ccccc3)nc(=O)n(C(C)C)c2c1,0.0,bioavailability_ma,TDC
Praziquantel,O=C(C1CCCCC1)N1CC(=O)N2CCc3ccccc3C2C1,0.0,bioavailability_ma,TDC
Xamoterol,O=C(NCCNCC(O)COc1ccc(O)cc1)N1CCOCC1,0.0,bioavailability_ma,TDC
Vinpocetine,CCOC(=O)C1=C[C@]2(CC)CCCN3CCc4c(n1c1ccccc41)[C@@H]32,0.0,bioavailability_ma,TDC
Dixyrazine,CC(CN1CCN(CCOCCO)CC1)CN1c2ccccc2Sc2ccccc21,0.0,bioavailability_ma,TDC
Proscillaridin,C[C@@H]1O[C@@H](O[C@@H]2C=C3CC[C@@H]4[C@H](CC[C@]5(C)[C@@H](c6ccc(=O)oc6)CC[C@]45O)[C@@]3(C)CC2)[C@H](O)[C@H](O)[C@H]1O,0.0,bioavailability_ma,TDC
Uridine,O=c1ccn([C@@H]2O[C@H](CO)[C@@H](O)[C@H]2O)c(=O)[nH]1,0.0,bioavailability_ma,TDC
Alprenolol,C=CCc1ccccc1OCC(O)CNC(C)C,0.0,bioavailability_ma,TDC
Epanolol,N#Cc1ccccc1OCC(O)CNCCNC(=O)Cc1ccc(O)cc1,0.0,bioavailability_ma,TDC
Ibutilide,CCCCCCCN(CC)CCCC(O)c1ccc(NS(C)(=O)=O)cc1,0.0,bioavailability_ma,TDC
Distigmine,CN(CCCCCCN(C)C(=O)Oc1ccc[n+](C)c1)C(=O)Oc1ccc[n+](C)c1,0.0,bioavailability_ma,TDC
Meptazinol,CCC1(c2cccc(O)c2)CCCCN(C)C1,0.0,bioavailability_ma,TDC
Selegiline,C#CCN(C)[C@H](C)Cc1ccccc1,0.0,bioavailability_ma,TDC
Apomorphine,CN1CCc2cccc3c2[C@H]1Cc1ccc(O)c(O)c1-3,0.0,bioavailability_ma,TDC
Physostigmine,CNC(=O)Oc1ccc2c(c1)[C@]1(C)CCN(C)[C@@H]1N2C,0.0,bioavailability_ma,TDC
Zotepine,CN(C)CCOC1=Cc2ccccc2Sc2ccc(Cl)cc21,0.0,bioavailability_ma,TDC
Atovaquone,O=C1C(O)=C([C@H]2CC[C@H](c3ccc(Cl)cc3)CC2)C(=O)c2ccccc21,0.0,bioavailability_ma,TDC
Azosemide,NS(=O)(=O)c1cc(-c2nn[nH]n2)c(NCc2cccs2)cc1Cl,0.0,bioavailability_ma,TDC
Trandolapril,CCOC(=O)[C@H](CCc1ccccc1)N[C@@H](C)C(=O)N1[C@H](C(=O)O)C[C@H]2CCCC[C@@H]21,0.0,bioavailability_ma,TDC
Acamprosate,CC(=O)NCCCS(=O)(=O)O,0.0,bioavailability_ma,TDC
Nimodipine,COCCOC(=O)C1=C(C)NC(C)=C(C(=O)OC(C)C)C1c1cccc([N+](=O)[O-])c1,0.0,bioavailability_ma,TDC
Mercaptopurine,S=c1nc[nH]c2nc[nH]c12,0.0,bioavailability_ma,TDC
Melatonin,COc1ccc2[nH]cc(CCNC(C)=O)c2c1,0.0,bioavailability_ma,TDC
Adefovir,Nc1ncnc2c1ncn2CCOCP(=O)(O)O,0.0,bioavailability_ma,TDC
Propafenone,CCCNCC(O)COc1ccccc1C(=O)CCc1ccccc1,0.0,bioavailability_ma,TDC
Budesonide,CCCC1O[C@@H]2C[C@H]3[C@@H]4CCC5=CC(=O)C=C[C@]5(C)[C@H]4[C@@H](O)C[C@]3(C)[C@]2(C(=O)CO)O1,0.0,bioavailability_ma,TDC
Foscarnet,O=C(O)P(=O)(O)O,0.0,bioavailability_ma,TDC
Bifemelane,CNCCCCOc1ccccc1Cc1ccccc1,0.0,bioavailability_ma,TDC
Chlorothiazide,NS(=O)(=O)c1cc2c(cc1Cl)NC=NS2(=O)=O,0.0,bioavailability_ma,TDC
Methysergide,CCC(CO)NC(=O)[C@@H]1C=C2c3cccc4c3c(cn4C)C[C@H]2N(C)C1,0.0,bioavailability_ma,TDC
Eprosartan,CCCCc1ncc(/C=C(\Cc2cccs2)C(=O)O)n1Cc1ccc(C(=O)O)cc1,0.0,bioavailability_ma,TDC
Pyridostigmine,CN(C)C(=O)Oc1ccc[n+](C)c1,0.0,bioavailability_ma,TDC
Terbutaline,CC(C)(C)NCC(O)c1cc(O)cc(O)c1,0.0,bioavailability_ma,TDC
Sumatriptan,CNS(=O)(=O)Cc1ccc2[nH]cc(CCN(C)C)c2c1,0.0,bioavailability_ma,TDC
Lisuride,CCN(CC)C(=O)N[C@H]1C=C2c3cccc4[nH]cc(c34)C[C@H]2N(C)C1,0.0,bioavailability_ma,TDC
Pirenzepine,CN1CCN(CC(=O)N2c3ccccc3C(=O)Nc3cccnc32)CC1,0.0,bioavailability_ma,TDC
Nilvadipine,COC(=O)C1=C(C#N)NC(C)=C(C(=O)OC(C)C)C1c1cccc([N+](=O)[O-])c1,0.0,bioavailability_ma,TDC
Atorvastatin,CC(C)c1c(C(=O)Nc2ccccc2)c(-c2ccccc2)c(-c2ccc(F)cc2)n1CC[C@@H](O)C[C@@H](O)CC(=O)O,0.0,bioavailability_ma,TDC
Methylphenidate,COC(=O)C(c1ccccc1)C1CCCCN1,0.0,bioavailability_ma,TDC
Alprostadil,CCCCC[C@H](O)/C=C/[C@H]1[C@H](O)CC(=O)[C@@H]1CCCCCCC(=O)O,0.0,bioavailability_ma,TDC
Prochlorperazine,CN1CCN(CCCN2c3ccccc3Sc3ccc(Cl)cc32)CC1,0.0,bioavailability_ma,TDC
Felodipine,CCOC(=O)C1=C(C)NC(C)=C(C(=O)OC)C1c1cccc(Cl)c1Cl,0.0,bioavailability_ma,TDC
Domperidone,O=c1[nH]c2ccccc2n1CCCN1CCC(n2c(=O)[nH]c3cc(Cl)ccc32)CC1,0.0,bioavailability_ma,TDC
Mannitol,OC[C@@H](O)[C@@H](O)[C@H](O)[C@H](O)CO,0.0,bioavailability_ma,TDC
Nalbuphine,Oc1ccc2c3c1O[C@H]1[C@@H](O)CC[C@@]4(O)[C@@H](C2)N(CC2CCC2)CC[C@]314,0.0,bioavailability_ma,TDC
Iloprost,CC#CCC(C)[C@H](O)/C=C/[C@@H]1[C@H]2C/C(=C/CCCC(=O)O)C[C@H]2C[C@H]1O,0.0,bioavailability_ma,TDC
Pentazocine,CC(C)=CCN1CC[C@@]2(C)c3cc(O)ccc3C[C@@H]1[C@@H]2C,0.0,bioavailability_ma,TDC
Indoramin,O=C(NC1CCN(CCc2c[nH]c3ccccc23)CC1)c1ccccc1,0.0,bioavailability_ma,TDC
Pravastatin,CC[C@H](C)C(=O)O[C@H]1C[C@H](O)C=C2C=C[C@H](C)[C@H](CC[C@@H](O)C[C@@H](O)CC(=O)O)[C@H]21,0.0,bioavailability_ma,TDC
Lacidipine,CCOC(=O)C1=C(C)NC(C)=C(C(=O)OCC)C1c1ccccc1/C=C/C(=O)OC(C)(C)C,0.0,bioavailability_ma,TDC
Isradipine,COC(=O)C1=C(C)NC(C)=C(C(=O)OC(C)C)C1c1cccc2nonc12,0.0,bioavailability_ma,TDC
Gallopamil,COc1ccc(CCN(C)CCCC(C#N)(c2cc(OC)c(OC)c(OC)c2)C(C)C)cc1OC,0.0,bioavailability_ma,TDC
Guanethidine,NC(N)=NCCN1CCCCCCC1,0.0,bioavailability_ma,TDC
Acyclovir,Nc1nc(=O)c2ncn(COCCO)c2[nH]1,0.0,bioavailability_ma,TDC
Ketamine,CNC1(c2ccccc2Cl)CCCCC1=O,0.0,bioavailability_ma,TDC
Dihydrocodeine,COc1ccc2c3c1O[C@H]1[C@@H](O)CC[C@H]4[C@@H](C2)N(C)CC[C@]314,0.0,bioavailability_ma,TDC
Terguride,CCN(CC)C(=O)N[C@H]1C[C@@H]2c3cccc4[nH]cc(c34)C[C@H]2N(C)C1,0.0,bioavailability_ma,TDC
Vincamine,CC[C@]12CCCN3CCc4c(n(c5ccccc45)[C@@](O)(C(=O)OC)C1)[C@@H]32,0.0,bioavailability_ma,TDC
Cinacalcet,C[C@@H](NCCCc1cccc(C(F)(F)F)c1)c1cccc2ccccc12,0.0,bioavailability_ma,TDC
Auranofin,CCP(CC)(CC)=[Au]S[C@@H]1O[C@H](COC(C)=O)[C@@H](OC(C)=O)[C@H](OC(C)=O)[C@H]1OC(C)=O,0.0,bioavailability_ma,TDC
Lorcainide,CC(C)N1CCC(N(C(=O)Cc2ccccc2)c2ccc(Cl)cc2)CC1,0.0,bioavailability_ma,TDC
Flunisolide,CC1(C)O[C@@H]2C[C@H]3[C@@H]4C[C@H](F)C5=CC(=O)C=C[C@]5(C)[C@H]4[C@@H](O)C[C@]3(C)[C@]2(C(=O)CO)O1,0.0,bioavailability_ma,TDC
Metopimazine,CS(=O)(=O)c1ccc2c(c1)N(CCCN1CCC(C(N)=O)CC1)c1ccccc1S2,0.0,bioavailability_ma,TDC
Nefazodone,CCc1nn(CCCN2CCN(c3cccc(Cl)c3)CC2)c(=O)n1CCOc1ccccc1,0.0,bioavailability_ma,TDC
Rosuvastatin,CC(C)c1nc(N(C)S(C)(=O)=O)nc(-c2ccc(F)cc2)c1/C=C/[C@@H](O)C[C@@H](O)CC(=O)O,0.0,bioavailability_ma,TDC
Hypericin,Cc1cc(O)c2c(=O)c3c(O)cc(O)c4c5c(O)cc(O)c6c(=O)c7c(O)cc(C)c8c1c2c(c34)c(c78)c65,0.0,bioavailability_ma,TDC
Hesperidin,COc1ccc([C@@H]2CC(=O)c3c(O)cc(O[C@@H]4O[C@H](CO[C@@H]5O[C@@H](C)[C@H](O)[C@@H](O)[C@H]5O)[C@@H](O)[C@H](O)[C@H]4O)cc3O2)cc1O,0.0,bioavailability_ma,TDC
Rifabutin,CO[C@H]1/C=C/O[C@@]2(C)Oc3c(C)c(O)c4c(c3C2=O)C2=NC3(CCN(CC(C)C)CC3)NC2=C(NC(=O)/C(C)=C\C=C\[C@H](C)[C@H](O)[C@@H](C)[C@@H](O)[C@@H](C)[C@H](OC(C)=O)[C@@H]1C)C4=O,0.0,bioavailability_ma,TDC
Tizanidine,Clc1ccc2nsnc2c1NC1=NCCN1,1.0,bioavailability_ma,TDC
Medifoxamine,CN(C)CC(Oc1ccccc1)Oc1ccccc1,1.0,bioavailability_ma,TDC
Streptozocin,CN(N=O)C(=O)N[C@H]1[C@@H](O)O[C@H](CO)[C@@H](O)[C@@H]1O,1.0,bioavailability_ma,TDC
Flumazenil,CCOC(=O)c1ncn2c1CN(C)C(=O)c1cc(F)ccc1-2,1.0,bioavailability_ma,TDC
Verapamil,COc1ccc(CCN(C)CCCC(C#N)(c2ccc(OC)c(OC)c2)C(C)C)cc1OC,1.0,bioavailability_ma,TDC
ximelagatran,CCOC(=O)CN[C@@H](C(=O)N1CC[C@H]1C(=O)NCc1ccc(/C(N)=N/O)cc1)C1CCCCC1,1.0,bioavailability_ma,TDC
Tacrolimus,C=CC[C@@H]1/C=C(\C)C[C@H](C)C[C@H](OC)[C@H]2O[C@@](O)(C(=O)C(=O)N3CCCC[C@H]3C(=O)O[C@H](/C(C)=C/[C@@H]3CC[C@@H](O)[C@H](OC)C3)[C@H](C)[C@@H](O)CC1=O)[C@H](C)C[C@@H]2OC,1.0,bioavailability_ma,TDC
Mianserin,CN1CCN2c3ccccc3Cc3ccccc3C2C1,1.0,bioavailability_ma,TDC
Mebendazole,COC(=O)Nc1nc2ccc(C(=O)c3ccccc3)cc2[nH]1,1.0,bioavailability_ma,TDC
Naltrexone,O=C1CC[C@@]2(O)[C@H]3Cc4ccc(O)c5c4[C@@]2(CCN3CC2CC2)[C@H]1O5,1.0,bioavailability_ma,TDC
Cefdinir,C=CC1=C(C(=O)O)N2C(=O)[C@@H](NC(=O)/C(=N\O)c3csc(N)n3)[C@H]2SC1,1.0,bioavailability_ma,TDC
Hydralazine,NNc1nncc2ccccc12,1.0,bioavailability_ma,TDC
Bretylium,CC[N+](C)(C)Cc1ccccc1Br,1.0,bioavailability_ma,TDC
Metergoline,CN1C[C@H](CNC(=O)OCc2ccccc2)C[C@@H]2c3cccc4c3c(cn4C)C[C@H]21,1.0,bioavailability_ma,TDC
Valsartan,CCCCC(=O)N(Cc1ccc(-c2ccccc2-c2nn[nH]n2)cc1)[C@H](C(=O)O)C(C)C,1.0,bioavailability_ma,TDC
Nicardipine,COC(=O)C1=C(C)NC(C)=C(C(=O)OCCN(C)Cc2ccccc2)C1c1cccc([N+](=O)[O-])c1,1.0,bioavailability_ma,TDC
Morphine,CN1CC[C@]23c4c5ccc(O)c4O[C@H]2[C@@H](O)C=C[C@H]3[C@H]1C5,1.0,bioavailability_ma,TDC
Fluvastatin,CC(C)n1c(/C=C/[C@H](O)C[C@H](O)CC(=O)O)c(-c2ccc(F)cc2)c2ccccc21,1.0,bioavailability_ma,TDC
Clomethiazole,Cc1ncsc1CCCl,1.0,bioavailability_ma,TDC
Phenacetin,CCOc1ccc(NC(C)=O)cc1,1.0,bioavailability_ma,TDC
Methyldopa,C[C@](N)(Cc1ccc(O)c(O)c1)C(=O)O,1.0,bioavailability_ma,TDC
Promethazine,CC(CN1c2ccccc2Sc2ccccc21)N(C)C,1.0,bioavailability_ma,TDC
Tenofovir,C[C@H](Cn1cnc2c(N)ncnc21)OCP(=O)(O)O,1.0,bioavailability_ma,TDC
Progesterone,CC(=O)[C@H]1CC[C@H]2[C@@H]3CCC4=CC(=O)CC[C@]4(C)[C@H]3CC[C@]12C,1.0,bioavailability_ma,TDC
Chlorpromazine,CN(C)CCCN1c2ccccc2Sc2ccc(Cl)cc21,1.0,bioavailability_ma,TDC
Labetalol,CC(CCc1ccccc1)NCC(O)c1ccc(O)c(C(N)=O)c1,1.0,bioavailability_ma,TDC
Sulfasalazine,O=C(O)c1cc(/N=N/c2ccc(S(=O)(=O)Nc3ccccn3)cc2)ccc1O,1.0,bioavailability_ma,TDC
Carvedilol,COc1ccccc1OCCNCC(O)COc1cccc2[nH]c3ccccc3c12,1.0,bioavailability_ma,TDC
Lincomycin,CCC[C@@H]1C[C@@H](C(=O)N[C@H]([C@@H](C)O)[C@H]2O[C@H](SC)[C@H](O)[C@@H](O)[C@H]2O)N(C)C1,1.0,bioavailability_ma,TDC
Miconazole,Clc1ccc(COC(Cn2ccnc2)c2ccc(Cl)cc2Cl)c(Cl)c1,1.0,bioavailability_ma,TDC
Spironolactone,CC(=O)S[C@@H]1CC2=CC(=O)CC[C@]2(C)[C@H]2CC[C@@]3(C)[C@@H](CC[C@@]34CCC(=O)O4)[C@@H]21,1.0,bioavailability_ma,TDC
Glucosamine,N[C@H]1C(O)O[C@H](CO)[C@@H](O)[C@@H]1O,1.0,bioavailability_ma,TDC
Metolazone,Cc1ccccc1N1C(=O)c2cc(S(N)(=O)=O)c(Cl)cc2NC1C,1.0,bioavailability_ma,TDC
Cilazaprilat,O=C(O)[C@H](CCc1ccccc1)N[C@H]1CCCN2CCC[C@@H](C(=O)O)N2C1=O,1.0,bioavailability_ma,TDC
Lisinopril,NCCCC[C@H](N[C@@H](CCc1ccccc1)C(=O)O)C(=O)N1CCC[C@H]1C(=O)O,1.0,bioavailability_ma,TDC
Pipotiazine,CN(C)S(=O)(=O)c1ccc2c(c1)N(CCCN1CCC(CCO)CC1)c1ccccc1S2,1.0,bioavailability_ma,TDC
Tacrine,Nc1c2c(nc3ccccc13)CCCC2,1.0,bioavailability_ma,TDC
Frovatriptan,CN[C@@H]1CCc2[nH]c3ccc(C(N)=O)cc3c2C1,1.0,bioavailability_ma,TDC
Venlafaxine,COc1ccc(C(CN(C)C)C2(O)CCCCC2)cc1,1.0,bioavailability_ma,TDC
Scopolamine,CN1[C@H]2C[C@H](OC(=O)[C@H](CO)c3ccccc3)C[C@@H]1[C@H]1O[C@@H]21,1.0,bioavailability_ma,TDC
Sulpiride,CCN1CCCC1CNC(=O)c1cc(S(N)(=O)=O)ccc1OC,1.0,bioavailability_ma,TDC
Encainide,COc1ccc(C(=O)Nc2ccccc2CCC2CCCCN2C)cc1,1.0,bioavailability_ma,TDC
Idarubicin,CC(=O)[C@]1(O)Cc2c(O)c3c(c(O)c2[C@@H](O[C@H]2C[C@H](N)[C@H](O)[C@H](C)O2)C1)C(=O)c1ccccc1C3=O,1.0,bioavailability_ma,TDC
Fluorouracil,O=c1[nH]cc(F)c(=O)[nH]1,1.0,bioavailability_ma,TDC
Papaverine,COc1ccc(Cc2nccc3cc(OC)c(OC)cc23)cc1OC,1.0,bioavailability_ma,TDC
Buprenorphine,CO[C@]12CC[C@@]3(C[C@@H]1[C@](C)(O)C(C)(C)C)[C@H]1Cc4ccc(O)c5c4[C@@]3(CCN1CC1CC1)[C@H]2O5,1.0,bioavailability_ma,TDC
Doxepin,CN(C)CCC=C1c2ccccc2COc2ccccc21,1.0,bioavailability_ma,TDC
Nicotine,CN1CCC[C@H]1c1cccnc1,1.0,bioavailability_ma,TDC
Propranolol,CC(C)NCC(O)COc1cccc2ccccc12,1.0,bioavailability_ma,TDC
Pentoxifylline,CC(=O)CCCCn1c(=O)c2c(ncn2C)n(C)c1=O,1.0,bioavailability_ma,TDC
Lynestrenol,C#C[C@]1(O)CC[C@H]2[C@@H]3CCC4=CCCC[C@@H]4[C@H]3CC[C@@]21C,1.0,bioavailability_ma,TDC
Nadolol,CC(C)(C)NCC(O)COc1cccc2c1C[C@H](O)[C@H](O)C2,1.0,bioavailability_ma,TDC
Biperiden,OC(CCN1CCCCC1)(c1ccccc1)C1CC2C=CC1C2,1.0,bioavailability_ma,TDC
Bucindolol,CC(C)(Cc1c[nH]c2ccccc12)NCC(O)COc1ccccc1C#N,1.0,bioavailability_ma,TDC
Flurazepam,CCN(CC)CCN1C(=O)CN=C(c2ccccc2F)c2cc(Cl)ccc21,1.0,bioavailability_ma,TDC
Noscapine,COc1ccc2c(c1OC)C(=O)O[C@@H]2[C@H]1c2c(cc3c(c2OC)OCO3)CCN1C,1.0,bioavailability_ma,TDC
Nafcillin,CCOc1ccc2ccccc2c1C(=O)N[C@@H]1C(=O)N2[C@@H](C(=O)O)C(C)(C)S[C@H]12,1.0,bioavailability_ma,TDC
Chlortetracycline,CN(C)[C@@H]1C(O)=C(C(N)=O)C(=O)[C@@]2(O)C(O)=C3C(=O)c4c(O)ccc(Cl)c4[C@@](C)(O)[C@H]3C[C@@H]12,1.0,bioavailability_ma,TDC
Fexofenadine,CC(C)(C(=O)O)c1ccc(C(O)CCCN2CCC(C(O)(c3ccccc3)c3ccccc3)CC2)cc1,1.0,bioavailability_ma,TDC
Zaleplon,CCN(C(C)=O)c1cccc(-c2ccnc3c(C#N)cnn23)c1,1.0,bioavailability_ma,TDC
Topotecan,CC[C@@]1(O)C(=O)OCc2c1cc1n(c2=O)Cc2cc3c(CN(C)C)c(O)ccc3nc2-1,1.0,bioavailability_ma,TDC
Prenalterol,CC(C)NC[C@H](O)COc1ccc(O)cc1,1.0,bioavailability_ma,TDC
Lidocaine,CCN(CC)CC(=O)Nc1c(C)cccc1C,1.0,bioavailability_ma,TDC
Isotretinoin,CC1=C(/C=C/C(C)=C/C=C/C(C)=C\C(=O)O)C(C)(C)CCC1,1.0,bioavailability_ma,TDC
Moxestrol,C#C[C@]1(O)CC[C@H]2[C@@H]3CCc4cc(O)ccc4[C@H]3[C@@H](OC)C[C@@]21C,1.0,bioavailability_ma,TDC
Propiomazine,CCC(=O)c1ccc2c(c1)N(CC(C)N(C)C)c1ccccc1S2,1.0,bioavailability_ma,TDC
Yohimbine,COC(=O)[C@H]1[C@@H](O)CC[C@H]2CN3CCc4c([nH]c5ccccc45)[C@@H]3C[C@@H]21,1.0,bioavailability_ma,TDC
Oxacillin,Cc1onc(-c2ccccc2)c1C(=O)N[C@@H]1C(=O)N2[C@@H](C(=O)O)C(C)(C)S[C@H]12,1.0,bioavailability_ma,TDC
Losartan,CCCCc1nc(Cl)c(CO)n1Cc1ccc(-c2ccccc2-c2nn[nH]n2)cc1,1.0,bioavailability_ma,TDC
Levodopa,N[C@@H](Cc1ccc(O)c(O)c1)C(=O)O,1.0,bioavailability_ma,TDC
Ketobemidone,CCC(=O)C1(c2cccc(O)c2)CCN(C)CC1,1.0,bioavailability_ma,TDC
Cefuroxime,CO/N=C(\C(=O)N[C@@H]1C(=O)N2C(C(=O)O)=C(COC(N)=O)CS[C@H]12)c1ccco1,1.0,bioavailability_ma,TDC
Fosinopril,CCC(=O)O[C@@H](O[P@](=O)(CCCCc1ccccc1)CC(=O)N1C[C@H](C2CCCCC2)C[C@H]1C(=O)O)C(C)C,1.0,bioavailability_ma,TDC
Vinorelbine,CCC1=C[C@@H]2CN(C1)Cc1c([nH]c3ccccc13)[C@@](C(=O)OC)(c1cc3c(cc1OC)N(C)[C@H]1[C@@](O)(C(=O)OC)[C@H](OC(C)=O)[C@]4(CC)C=CCN5CC[C@]31[C@@H]54)C2,1.0,bioavailability_ma,TDC
Perphenazine,OCCN1CCN(CCCN2c3ccccc3Sc3ccc(Cl)cc32)CC1,1.0,bioavailability_ma,TDC
Erythromycin,CC[C@H]1OC(=O)[C@H](C)[C@@H](O[C@H]2C[C@@](C)(OC)[C@@H](O)[C@H](C)O2)[C@H](C)[C@@H](O[C@@H]2O[C@H](C)C[C@H](N(C)C)[C@H]2O)[C@](C)(O)C[C@@H](C)C(=O)[C@H](C)[C@@H](O)[C@]1(C)O,1.0,bioavailability_ma,TDC
Spiramycin,CO[C@@H]1[C@@H](O[C@@H]2O[C@H](C)[C@@H](O[C@H]3C[C@@](C)(O)[C@@H](O)[C@H](C)O3)[C@H](N(C)C)[C@H]2O)[C@@H](CC=O)C[C@@H](C)[C@@H](O[C@H]2CC[C@H](N(C)C)[C@H](C)O2)/C=C/C=C/C[C@@H](C)OC(=O)C[C@H]1O,1.0,bioavailability_ma,TDC
Nefopam,CN1CCOC(c2ccccc2)c2ccccc2C1,1.0,bioavailability_ma,TDC
Fosfomycin,C[C@@H]1O[C@@H]1P(=O)(O)O,1.0,bioavailability_ma,TDC
Acebutolol,CCCC(=O)Nc1ccc(OCC(O)CNC(C)C)c(C(C)=O)c1,1.0,bioavailability_ma,TDC
Clemastine,CN1CCC[C@@H]1CCO[C@](C)(c1ccccc1)c1ccc(Cl)cc1,1.0,bioavailability_ma,TDC
Benazepril,CCOC(=O)[C@H](CCc1ccccc1)N[C@H]1CCc2ccccc2N(CC(=O)O)C1=O,1.0,bioavailability_ma,TDC
Desipramine,CNCCCN1c2ccccc2CCc2ccccc21,1.0,bioavailability_ma,TDC
Pergolide,CCCN1C[C@H](CSC)C[C@@H]2c3cccc4[nH]cc(c34)C[C@H]21,1.0,bioavailability_ma,TDC
Moricizine,CCOC(=O)Nc1ccc2c(c1)N(C(=O)CCN1CCOCC1)c1ccccc1S2,1.0,bioavailability_ma,TDC
Adinazolam,CN(C)Cc1nnc2n1-c1ccc(Cl)cc1C(c1ccccc1)=NC2,1.0,bioavailability_ma,TDC
Sildenafil,CCCc1nn(C)c2c(=O)[nH]c(-c3cc(S(=O)(=O)N4CCN(C)CC4)ccc3OCC)nc12,1.0,bioavailability_ma,TDC
Rivastigmine,CCN(C)C(=O)Oc1cccc([C@H](C)N(C)C)c1,1.0,bioavailability_ma,TDC
Trimipramine,CC(CN(C)C)CN1c2ccccc2CCc2ccccc21,1.0,bioavailability_ma,TDC
Entacapone,CCN(CC)C(=O)/C(C#N)=C/c1cc(O)c(O)c([N+](=O)[O-])c1,1.0,bioavailability_ma,TDC
Mitotane,Clc1ccc(C(c2ccccc2Cl)C(Cl)Cl)cc1,1.0,bioavailability_ma,TDC
Nalmefene,C=C1CC[C@@]2(O)[C@H]3Cc4ccc(O)c5c4[C@@]2(CCN3CC2CC2)[C@H]1O5,1.0,bioavailability_ma,TDC
Bromopride,CCN(CC)CCNC(=O)c1cc(Br)c(N)cc1OC,1.0,bioavailability_ma,TDC
Bendamustine,Cn1c(CCCC(=O)O)nc2cc(N(CCCl)CCCl)ccc21,1.0,bioavailability_ma,TDC
Thioridazine,CSc1ccc2c(c1)N(CCC1CCCCN1C)c1ccccc1S2,1.0,bioavailability_ma,TDC
Celiprolol,CCN(CC)C(=O)Nc1ccc(OCC(O)CNC(C)(C)C)c(C(C)=O)c1,1.0,bioavailability_ma,TDC
Benperidol,O=C(CCCN1CCC(n2c(O)nc3ccccc32)CC1)c1ccc(F)cc1,1.0,bioavailability_ma,TDC
Flupentixol,OCCN1CCN(CC/C=C2/c3ccccc3Sc3ccc(C(F)(F)F)cc32)CC1,1.0,bioavailability_ma,TDC
Cloxacillin,Cc1onc(-c2ccccc2Cl)c1C(=O)N[C@@H]1C(=O)N2[C@@H](C(=O)O)C(C)(C)S[C@H]12,1.0,bioavailability_ma,TDC
Pimozide,O=c1[nH]c2ccccc2n1C1CCN(CCCC(c2ccc(F)cc2)c2ccc(F)cc2)CC1,1.0,bioavailability_ma,TDC
Cisapride,COc1cc(N)c(Cl)cc1C(=O)N[C@@H]1CCN(CCCOc2ccc(F)cc2)C[C@@H]1OC,1.0,bioavailability_ma,TDC
Loperamide,CN(C)C(=O)C(CCN1CCC(O)(c2ccc(Cl)cc2)CC1)(c1ccccc1)c1ccccc1,1.0,bioavailability_ma,TDC
Chlorprothixene,CN(C)CC/C=C1/c2ccccc2Sc2ccc(Cl)cc21,1.0,bioavailability_ma,TDC
Teniposide,COc1cc([C@@H]2c3cc4c(cc3[C@@H](O[C@@H]3O[C@@H]5CO[C@@H](c6cccs6)O[C@H]5[C@H](O)[C@H]3O)[C@H]3COC(=O)[C@H]23)OCO4)cc(OC)c1O,1.0,bioavailability_ma,TDC
Exemestane,C=C1C[C@@H]2[C@H](CC[C@]3(C)C(=O)CC[C@@H]23)[C@@]2(C)C=CC(=O)C=C12,1.0,bioavailability_ma,TDC
Famotidine,NC(N)=Nc1nc(CSCCC(N)=NS(N)(=O)=O)cs1,1.0,bioavailability_ma,TDC
Candesartan,CCOc1nc2cccc(C(=O)O)c2n1Cc1ccc(-c2ccccc2-c2nnn[nH]2)cc1,1.0,bioavailability_ma,TDC
Cladribine,Nc1nc(Cl)nc2c1ncn2[C@H]1C[C@H](O)[C@@H](CO)O1,1.0,bioavailability_ma,TDC
Telmisartan,CCCc1nc2c(C)cc(-c3nc4ccccc4n3C)cc2n1Cc1ccc(-c2ccccc2C(=O)O)cc1,1.0,bioavailability_ma,TDC
Oxprenolol,C=CCOc1ccccc1OCC(O)CNC(C)C,1.0,bioavailability_ma,TDC
Metoprolol,COCCc1ccc(OCC(O)CNC(C)C)cc1,1.0,bioavailability_ma,TDC
Midazolam,Cc1ncc2n1-c1ccc(Cl)cc1C(c1ccccc1F)=NC2,1.0,bioavailability_ma,TDC
Diltiazem,COc1ccc([C@@H]2Sc3ccccc3N(CCN(C)C)C(=O)[C@@H]2OC(C)=O)cc1,1.0,bioavailability_ma,TDC
Quinapril,CCOC(=O)[C@H](CCc1ccccc1)N[C@@H](C)C(=O)N1Cc2ccccc2C[C@H]1C(=O)O,1.0,bioavailability_ma,TDC
Ribavirin,NC(=O)c1ncn([C@@H]2O[C@H](CO)[C@@H](O)[C@H]2O)n1,1.0,bioavailability_ma,TDC
Imipramine,CN(C)CCCN1c2ccccc2CCc2ccccc21,1.0,bioavailability_ma,TDC
Zolmitriptan,CN(C)CCc1c[nH]c2ccc(C[C@H]3COC(=O)N3)cc12,1.0,bioavailability_ma,TDC
Trimetrexate,COc1cc(NCc2ccc3nc(N)nc(N)c3c2C)cc(OC)c1OC,1.0,bioavailability_ma,TDC
Troglitazone,Cc1c(C)c2c(c(C)c1O)CCC(C)(COc1ccc(CC3SC(=O)NC3=O)cc1)O2,1.0,bioavailability_ma,TDC
Bufuralol,CCc1cccc2cc(C(O)CNC(C)(C)C)oc12,1.0,bioavailability_ma,TDC
Amiodarone,CCCCc1oc2ccccc2c1C(=O)c1cc(I)c(OCCN(CC)CC)c(I)c1,1.0,bioavailability_ma,TDC
Rizatriptan,CN(C)CCc1c[nH]c2ccc(Cn3cncn3)cc12,1.0,bioavailability_ma,TDC
Hydromorphone,CN1CC[C@]23c4c5ccc(O)c4O[C@H]2C(=O)CC[C@H]3[C@H]1C5,1.0,bioavailability_ma,TDC
Omeprazole,COc1ccc2nc(S(=O)Cc3ncc(C)c(OC)c3C)[nH]c2c1,1.0,bioavailability_ma,TDC
Ramipril,CCOC(=O)[C@H](CCc1ccccc1)N[C@@H](C)C(=O)N1[C@H](C(=O)O)C[C@@H]2CCC[C@@H]21,1.0,bioavailability_ma,TDC
Cefixime,C=CC1=C(C(=O)O)N2C(=O)[C@@H](NC(=O)/C(=N\OCC(=O)O)c3csc(N)n3)[C@H]2SC1,1.0,bioavailability_ma,TDC
Tulobuterol,CC(C)(C)NCC(O)c1ccccc1Cl,1.0,bioavailability_ma,TDC
Molsidomine,CCOC(=O)[N-]c1c[n+](N2CCOCC2)no1,1.0,bioavailability_ma,TDC
Amitriptyline,CN(C)CCC=C1c2ccccc2CCc2ccccc21,1.0,bioavailability_ma,TDC
Nifedipine,COC(=O)C1=C(C)NC(C)=C(C(=O)OC)C1c1ccccc1[N+](=O)[O-],1.0,bioavailability_ma,TDC
Amisulpride,CCN1CCCC1CNC(=O)c1cc(S(=O)(=O)CC)c(N)cc1OC,1.0,bioavailability_ma,TDC
Penclomedine,COc1nc(C(Cl)(Cl)Cl)c(Cl)c(OC)c1Cl,1.0,bioavailability_ma,TDC
Penicillamine,CC(C)(S)[C@@H](N)C(=O)O,1.0,bioavailability_ma,TDC
Fructose,OC[C@@H]1O[C@@](O)(CO)[C@H](O)[C@H]1O,1.0,bioavailability_ma,TDC
Amiloride,N=C(N)NC(=O)c1nc(Cl)c(N)nc1N,1.0,bioavailability_ma,TDC
Mirtazapine,CN1CCN2c3ncccc3Cc3ccccc3C2C1,1.0,bioavailability_ma,TDC
Ropinirole,CCCN(CCC)CCc1cccc2c1CC(=O)N2,1.0,bioavailability_ma,TDC
Atropine,CN1[C@H]2CC[C@@H]1C[C@H](OC(=O)C(CO)c1ccccc1)C2,1.0,bioavailability_ma,TDC
Codeine,COc1ccc2c3c1O[C@H]1[C@@H](O)C=C[C@H]4[C@@H](C2)N(C)CC[C@]314,1.0,bioavailability_ma,TDC
Metoclopramide,CCN(CC)CCNC(=O)c1cc(Cl)c(N)cc1OC,1.0,bioavailability_ma,TDC
Methotrimeprazine,COc1ccc2c(c1)N(C[C@H](C)CN(C)C)c1ccccc1S2,1.0,bioavailability_ma,TDC
Paroxetine,Fc1ccc([C@@H]2CCNC[C@H]2COc2ccc3c(c2)OCO3)cc1,1.0,bioavailability_ma,TDC
Hydroflumethiazide,NS(=O)(=O)c1cc2c(cc1C(F)(F)F)NCNS2(=O)=O,1.0,bioavailability_ma,TDC
Triazolam,Cc1nnc2n1-c1ccc(Cl)cc1C(c1ccccc1Cl)=NC2,1.0,bioavailability_ma,TDC
Eletriptan,CN1CCC[C@@H]1Cc1c[nH]c2ccc(CCS(=O)(=O)c3ccccc3)cc12,1.0,bioavailability_ma,TDC
Ketanserin,O=C(c1ccc(F)cc1)C1CCN(CCn2c(=O)[nH]c3ccccc3c2=O)CC1,1.0,bioavailability_ma,TDC
Colchicine,COc1cc2c(c(OC)c1OC)-c1ccc(OC)c(=O)cc1C(NC(C)=O)CC2,1.0,bioavailability_ma,TDC
Nebivolol,OC(CNCC(O)C1CCc2cc(F)ccc2O1)C1CCc2cc(F)ccc2O1,1.0,bioavailability_ma,TDC
Methotrexate,CN(Cc1cnc2nc(N)nc(N)c2n1)c1ccc(C(=O)N[C@@H](CCC(=O)O)C(=O)O)cc1,1.0,bioavailability_ma,TDC
Dipyridamole,OCCN(CCO)c1nc(N2CCCCC2)c2nc(N(CCO)CCO)nc(N3CCCCC3)c2n1,1.0,bioavailability_ma,TDC
Bosentan,COc1ccccc1Oc1c(NS(=O)(=O)c2ccc(C(C)(C)C)cc2)nc(-c2ncccn2)nc1OCCO,1.0,bioavailability_ma,TDC
Nelfinavir,Cc1c(O)cccc1C(=O)N[C@@H](CSc1ccccc1)[C@H](O)CN1C[C@H]2CCCC[C@H]2C[C@H]1C(=O)NC(C)(C)C,1.0,bioavailability_ma,TDC
Reserpine,COC(=O)[C@H]1[C@H]2C[C@@H]3c4[nH]c5cc(OC)ccc5c4CCN3C[C@H]2C[C@@H](OC(=O)c2cc(OC)c(OC)c(OC)c2)[C@@H]1OC,1.0,bioavailability_ma,TDC
Maprotiline,CNCCCC12CCC(c3ccccc31)c1ccccc12,1.0,bioavailability_ma,TDC
Bencyclane,CN(C)CCCOC1(Cc2ccccc2)CCCCCC1,1.0,bioavailability_ma,TDC
Clomipramine,CN(C)CCCN1c2ccccc2CCc2ccc(Cl)cc21,1.0,bioavailability_ma,TDC
Enalapril,CCOC(=O)[C@H](CCc1ccccc1)N[C@@H](C)C(=O)N1CCC[C@H]1C(=O)O,1.0,bioavailability_ma,TDC
Meperidine,CCOC(=O)C1(c2ccccc2)CCN(C)CC1,1.0,bioavailability_ma,TDC
Ranitidine,CNC(=C[N+](=O)[O-])NCCSCc1ccc(CN(C)C)o1,1.0,bioavailability_ma,TDC
Rabeprazole,COCCCOc1ccnc(CS(=O)c2nc3ccccc3[nH]2)c1C,1.0,bioavailability_ma,TDC
Etoposide,COc1cc([C@@H]2c3cc4c(cc3[C@@H](O[C@@H]3O[C@@H]5CO[C@@H](C)O[C@H]5[C@H](O)[C@H]3O)[C@H]3COC(=O)[C@H]23)OCO4)cc(OC)c1O,1.0,bioavailability_ma,TDC
Metformin,CN(C)C(=N)NC(=N)N,1.0,bioavailability_ma,TDC
Homocysteine,N[C@@H](CCS)C(=O)O,1.0,bioavailability_ma,TDC
Atenolol,CC(C)NCC(O)COc1ccc(CC(N)=O)cc1,1.0,bioavailability_ma,TDC
Azathioprine,Cn1cnc([N+](=O)[O-])c1Sc1ncnc2nc[nH]c12,1.0,bioavailability_ma,TDC
Fluvoxamine,COCCCC/C(=N\OCCN)c1ccc(C(F)(F)F)cc1,1.0,bioavailability_ma,TDC
Triamterene,Nc1nc(N)c2nc(-c3ccccc3)c(N)nc2n1,1.0,bioavailability_ma,TDC
Diclofenac,O=C(O)Cc1ccccc1Nc1c(Cl)cccc1Cl,1.0,bioavailability_ma,TDC
Gabapentin,NCC1(CC(=O)O)CCCCC1,1.0,bioavailability_ma,TDC
Eflornithine,NCCCC(N)(C(=O)O)C(F)F,1.0,bioavailability_ma,TDC
Nortriptyline,CNCCC=C1c2ccccc2CCc2ccccc21,1.0,bioavailability_ma,TDC
Moclobemide,O=C(NCCN1CCOCC1)c1ccc(Cl)cc1,1.0,bioavailability_ma,TDC
Cocaine,COC(=O)[C@H]1[C@@H](OC(=O)c2ccccc2)C[C@@H]2CC[C@H]1N2C,1.0,bioavailability_ma,TDC
Bevantolol,COc1ccc(CCNCC(O)COc2cccc(C)c2)cc1OC,1.0,bioavailability_ma,TDC
Clofazimine,CC(C)N=c1cc2n(-c3ccc(Cl)cc3)c3ccccc3nc-2cc1Nc1ccc(Cl)cc1,1.0,bioavailability_ma,TDC
Telithromycin,CC[C@H]1OC(=O)[C@H](C)C(=O)[C@H](C)[C@@H](O[C@@H]2O[C@H](C)C[C@H](N(C)C)[C@H]2O)[C@](C)(OC)C[C@@H](C)C(=O)[C@H](C)[C@H]2N(CCCCn3cnc(-c4cccnc4)c3)C(=O)O[C@]12C,1.0,bioavailability_ma,TDC
Artemether,CO[C@H]1O[C@@H]2O[C@@]3(C)CC[C@H]4[C@H](C)CC[C@@H]([C@H]1C)[C@]42OO3,1.0,bioavailability_ma,TDC
Griseofulvin,COC1=CC(=O)C[C@@H](C)[C@]12Oc1c(Cl)c(OC)cc(OC)c1C2=O,1.0,bioavailability_ma,TDC
Drotaverine,CCOc1ccc(/C=C2\NCCc3cc(OCC)c(OCC)cc32)cc1OCC,1.0,bioavailability_ma,TDC
Oxytetracycline,CN(C)[C@@H]1C(O)=C(C(N)=O)C(=O)[C@@]2(O)C(O)=C3C(=O)c4c(O)cccc4[C@@](C)(O)[C@H]3[C@H](O)[C@@H]12,1.0,bioavailability_ma,TDC
Acitretin,COc1cc(C)c(/C=C/C(C)=C/C=C/C(C)=C/C(=O)O)c(C)c1C,1.0,bioavailability_ma,TDC
Erlotinib,C#Cc1cccc(Nc2ncnc3cc(OCCOC)c(OCCOC)cc23)c1,1.0,bioavailability_ma,TDC
Gefitinib,COc1cc2ncnc(Nc3ccc(F)c(Cl)c3)c2cc1OCCCN1CCOCC1,1.0,bioavailability_ma,TDC
Cimetidine,CN/C(=N/C#N)NCCSCc1nc[nH]c1C,1.0,bioavailability_ma,TDC
Diphenhydramine,CN(C)CCOC(c1ccccc1)c1ccccc1,1.0,bioavailability_ma,TDC
Ondansetron,Cc1nccn1CC1CCc2c(c3ccccc3n2C)C1=O,1.0,bioavailability_ma,TDC
Fluoxetine,CNCCC(Oc1ccc(C(F)(F)F)cc1)c1ccccc1,1.0,bioavailability_ma,TDC
Granisetron,CN1[C@H]2CCC[C@@H]1C[C@H](NC(=O)c1nn(C)c3ccccc13)C2,1.0,bioavailability_ma,TDC
Olanzapine,Cc1cc2c(s1)Nc1ccccc1N=C2N1CCN(C)CC1,1.0,bioavailability_ma,TDC
Oxycodone,COc1ccc2c3c1O[C@H]1C(=O)CC[C@@]4(O)[C@@H](C2)N(C)CC[C@]314,1.0,bioavailability_ma,TDC
Azidocillin,CC1(C)S[C@@H]2[C@H](NC(=O)[C@H](N=[N+]=[N-])c3ccccc3)C(=O)N2[C@H]1C(=O)O,1.0,bioavailability_ma,TDC
Haloperidol,O=C(CCCN1CCC(O)(c2ccc(Cl)cc2)CC1)c1ccc(F)cc1,1.0,bioavailability_ma,TDC
Ziprasidone,O=C1Cc2cc(CCN3CCN(c4nsc5ccccc45)CC3)c(Cl)cc2N1,1.0,bioavailability_ma,TDC
Repaglinide,CCOc1cc(CC(=O)N[C@@H](CC(C)C)c2ccccc2N2CCCCC2)ccc1C(=O)O,1.0,bioavailability_ma,TDC
Cerivastatin,COCc1c(C(C)C)nc(C(C)C)c(/C=C/[C@@H](O)C[C@@H](O)CC(=O)O)c1-c1ccc(F)cc1,1.0,bioavailability_ma,TDC
Bepridil,CC(C)COCC(CN(Cc1ccccc1)c1ccccc1)N1CCCC1,1.0,bioavailability_ma,TDC
Calcitriol,C=C1/C(=C\C=C2/CCC[C@@]3(C)[C@H]2CC[C@@H]3[C@H](C)CCCC(C)(C)O)C[C@@H](O)C[C@@H]1O,1.0,bioavailability_ma,TDC
Trimazosin,COc1cc2c(N)nc(N3CCN(C(=O)OCC(C)(C)O)CC3)nc2c(OC)c1OC,1.0,bioavailability_ma,TDC
Riluzole,Nc1nc2ccc(OC(F)(F)F)cc2s1,1.0,bioavailability_ma,TDC
Tolcapone,Cc1ccc(C(=O)c2cc(O)c(O)c([N+](=O)[O-])c2)cc1,1.0,bioavailability_ma,TDC
Timolol,CC(C)(C)NC[C@H](O)COc1nsnc1N1CCOCC1,1.0,bioavailability_ma,TDC
Ampicillin,CC1(C)S[C@@H]2[C@H](NC(=O)[C@H](N)c3ccccc3)C(=O)N2[C@H]1C(=O)O,1.0,bioavailability_ma,TDC
Tiopronin,CC(S)C(=O)NCC(=O)O,1.0,bioavailability_ma,TDC
Doxazosin,COc1cc2nc(N3CCN(C(=O)C4COc5ccccc5O4)CC3)nc(N)c2cc1OC,1.0,bioavailability_ma,TDC
Almitrine,C=CCNc1nc(NCC=C)nc(N2CCN(C(c3ccc(F)cc3)c3ccc(F)cc3)CC2)n1,1.0,bioavailability_ma,TDC
Chlorthalidone,NS(=O)(=O)c1cc(C2(O)NC(=O)c3ccccc32)ccc1Cl,1.0,bioavailability_ma,TDC
Doxapram,CCN1CC(CCN2CCOCC2)C(c2ccccc2)(c2ccccc2)C1=O,1.0,bioavailability_ma,TDC
Prazosin,COc1cc2nc(N3CCN(C(=O)c4ccco4)CC3)nc(N)c2cc1OC,1.0,bioavailability_ma,TDC
Montelukast,CC(C)(O)c1ccccc1CC[C@@H](SCC1(CC(=O)O)CC1)c1cccc(/C=C/c2ccc3ccc(Cl)cc3n2)c1,1.0,bioavailability_ma,TDC
Levamisole,c1ccc([C@H]2CN3CCSC3=N2)cc1,1.0,bioavailability_ma,TDC
Zidovudine,Cc1cn([C@H]2C[C@H](N=[N+]=[N-])[C@@H](CO)O2)c(=O)[nH]c1=O,1.0,bioavailability_ma,TDC
Buflomedil,COc1cc(OC)c(C(=O)CCCN2CCCC2)c(OC)c1,1.0,bioavailability_ma,TDC
Risperidone,Cc1nc2n(c(=O)c1CCN1CCC(c3noc4cc(F)ccc34)CC1)CCCC2,1.0,bioavailability_ma,TDC
Mizolastine,CN(c1nccc(=O)[nH]1)C1CCN(c2nc3ccccc3n2Cc2ccc(F)cc2)CC1,1.0,bioavailability_ma,TDC
Cabergoline,C=CCN1C[C@H](C(=O)N(CCCN(C)C)C(=O)NCC)C[C@@H]2c3cccc4[nH]cc(c34)C[C@H]21,1.0,bioavailability_ma,TDC
Allopurinol,Oc1ncnc2[nH]ncc12,1.0,bioavailability_ma,TDC
Tropisetron,CN1[C@H]2CC[C@@H]1C[C@H](OC(=O)c1c[nH]c3ccccc13)C2,1.0,bioavailability_ma,TDC
Furosemide,NS(=O)(=O)c1cc(C(=O)O)c(NCc2ccco2)cc1Cl,1.0,bioavailability_ma,TDC
Perindopril,CCC[C@H](N[C@@H](C)C(=O)N1[C@H](C(=O)O)C[C@@H]2CCCC[C@@H]21)C(=O)OCC,1.0,bioavailability_ma,TDC
Cefatrizine,N[C@@H](C(=O)N[C@@H]1C(=O)N2C(C(=O)O)=C(CSc3c[nH]nn3)CS[C@H]12)c1ccc(O)cc1,1.0,bioavailability_ma,TDC
Demeclocycline,CN(C)[C@@H]1C(O)=C(C(N)=O)C(=O)[C@@]2(O)C(O)=C3C(=O)c4c(O)ccc(Cl)c4[C@@H](O)[C@H]3C[C@@H]12,1.0,bioavailability_ma,TDC
Bromfenac,Nc1c(CC(=O)O)cccc1C(=O)c1ccc(Br)cc1,1.0,bioavailability_ma,TDC
Piritrexim,COc1ccc(OC)c(Cc2cnc3nc(N)nc(N)c3c2C)c1,1.0,bioavailability_ma,TDC
Baclofen,NCC(CC(=O)O)c1ccc(Cl)cc1,1.0,bioavailability_ma,TDC
Carbamazepine,NC(=O)N1c2ccccc2C=Cc2ccccc21,1.0,bioavailability_ma,TDC
Viloxazine,CCOc1ccccc1OCC1CNCCO1,1.0,bioavailability_ma,TDC
Bupropion,CC(NC(C)(C)C)C(=O)c1cccc(Cl)c1,1.0,bioavailability_ma,TDC
Busulfan,CS(=O)(=O)OCCCCOS(C)(=O)=O,1.0,bioavailability_ma,TDC
Tramadol,COc1cccc([C@@]2(O)CCCC[C@@H]2CN(C)C)c1,1.0,bioavailability_ma,TDC
Ciprofloxacin,O=C(O)c1cn(C2CC2)c2cc(N3CCNCC3)c(F)cc2c1=O,1.0,bioavailability_ma,TDC
Almotriptan,CN(C)CCc1c[nH]c2ccc(CS(=O)(=O)N3CCCC3)cc12,1.0,bioavailability_ma,TDC
Zolpidem,Cc1ccc(-c2nc3ccc(C)cn3c2CC(=O)N(C)C)cc1,1.0,bioavailability_ma,TDC
Fludarabine,Nc1nc(F)nc2c1ncn2[C@@H]1O[C@H](CO)[C@@H](O)[C@@H]1O,1.0,bioavailability_ma,TDC
Hydrochlorothiazide,NS(=O)(=O)c1cc2c(cc1Cl)NCNS2(=O)=O,1.0,bioavailability_ma,TDC
Melphalan,N[C@@H](Cc1ccc(N(CCCl)CCCl)cc1)C(=O)O,1.0,bioavailability_ma,TDC
Sobrerol,CC1=CC[C@@H](C(C)(C)O)C[C@@H]1O,1.0,bioavailability_ma,TDC
Phencyclidine,c1ccc(C2(N3CCCCC3)CCCCC2)cc1,1.0,bioavailability_ma,TDC
Tertatolol,CC(C)(C)NCC(O)COc1cccc2c1SCCC2,1.0,bioavailability_ma,TDC
Betamethasone,C[C@H]1C[C@H]2[C@@H]3CCC4=CC(=O)C=C[C@]4(C)[C@@]3(F)[C@@H](O)C[C@]2(C)[C@@]1(O)C(=O)CO,1.0,bioavailability_ma,TDC
Nateglinide,CC(C)[C@H]1CC[C@H](C(=O)N[C@H](Cc2ccccc2)C(=O)O)CC1,1.0,bioavailability_ma,TDC
Xipamide,Cc1cccc(C)c1NC(=O)c1cc(S(N)(=O)=O)c(Cl)cc1O,1.0,bioavailability_ma,TDC
Cyclophosphamide,O=P1(N(CCCl)CCCl)NCCCO1,1.0,bioavailability_ma,TDC
Lumiracoxib,Cc1ccc(Nc2c(F)cccc2Cl)c(CC(=O)O)c1,1.0,bioavailability_ma,TDC
Hydroxychloroquine,CCN(CCO)CCCC(C)Nc1ccnc2cc(Cl)ccc12,1.0,bioavailability_ma,TDC
Endralazine,N/N=c1/cc2c(n[nH]1)CCN(C(=O)c1ccccc1)C2,1.0,bioavailability_ma,TDC
Rolipram,COc1ccc(C2CNC(=O)C2)cc1OC1CCCC1,1.0,bioavailability_ma,TDC
Procyclidine,OC(CCN1CCCC1)(c1ccccc1)C1CCCCC1,1.0,bioavailability_ma,TDC
Quinidine,C=C[C@H]1CN2CC[C@H]1C[C@@H]2[C@@H](O)c1ccnc2ccc(OC)cc12,1.0,bioavailability_ma,TDC
Lormetazepam,CN1C(=O)C(O)N=C(c2ccccc2Cl)c2cc(Cl)ccc21,1.0,bioavailability_ma,TDC
Trazodone,O=c1n(CCCN2CCN(c3cccc(Cl)c3)CC2)nc2ccccn12,1.0,bioavailability_ma,TDC
Droperidol,O=C(CCCN1CC=C(n2c(=O)[nH]c3ccccc32)CC1)c1ccc(F)cc1,1.0,bioavailability_ma,TDC
Clindamycin,CCC[C@@H]1C[C@@H](C(=O)NC(C(C)Cl)[C@H]2O[C@H](SC)[C@H](O)[C@@H](O)[C@H]2O)N(C)C1,1.0,bioavailability_ma,TDC
Mibefradil,COCC(=O)O[C@]1(CCN(C)CCCc2nc3ccccc3[nH]2)CCc2cc(F)ccc2[C@@H]1C(C)C,1.0,bioavailability_ma,TDC
Ethambutol,CC[C@@H](CO)NCCN[C@@H](CC)CO,1.0,bioavailability_ma,TDC
Penciclovir,Nc1nc(=O)c2ncn(CCC(CO)CO)c2[nH]1,1.0,bioavailability_ma,TDC
Famciclovir,CC(=O)OCC(CCn1cnc2cnc(N)nc21)COC(C)=O,1.0,bioavailability_ma,TDC
Ambroxol,Nc1c(Br)cc(Br)cc1CN[C@H]1CC[C@H](O)CC1,1.0,bioavailability_ma,TDC
Pantoprazole,COc1ccnc(CS(=O)c2nc3ccc(OC(F)F)cc3[nH]2)c1OC,1.0,bioavailability_ma,TDC
Glyburide,COc1ccc(Cl)cc1C(=O)NCCc1ccc(S(=O)(=O)NC(=O)NC2CCCCC2)cc1,1.0,bioavailability_ma,TDC
Fenbufen,O=C(O)CCC(=O)c1ccc(-c2ccccc2)cc1,1.0,bioavailability_ma,TDC
Nitrazepam,O=C1CN=C(c2ccccc2)c2cc([N+](=O)[O-])ccc2N1,1.0,bioavailability_ma,TDC
Urapidil,COc1ccccc1N1CCN(CCCNc2cc(=O)n(C)c(=O)n2C)CC1,1.0,bioavailability_ma,TDC
Dexamethasone,C[C@@H]1C[C@H]2[C@@H]3CCC4=CC(=O)C=C[C@]4(C)[C@@]3(F)[C@@H](O)C[C@]2(C)[C@@]1(O)C(=O)CO,1.0,bioavailability_ma,TDC
Cilazapril,CCOC(=O)[C@H](CCc1ccccc1)N[C@H]1CCCN2CCC[C@@H](C(=O)O)N2C1=O,1.0,bioavailability_ma,TDC
Tetracycline,CN(C)[C@@H]1C(O)=C(C(N)=O)C(=O)[C@@]2(O)C(O)=C3C(=O)c4c(O)cccc4[C@@](C)(O)[C@H]3C[C@@H]12,1.0,bioavailability_ma,TDC
Hydroxyurea,NC(=O)NO,1.0,bioavailability_ma,TDC
Atomoxetine,CNCC[C@@H](Oc1ccccc1C)c1ccccc1,1.0,bioavailability_ma,TDC
Methadone,CCC(=O)C(CC(C)N(C)C)(c1ccccc1)c1ccccc1,1.0,bioavailability_ma,TDC
Citalopram,CN(C)CCCC1(c2ccc(F)cc2)OCc2cc(C#N)ccc21,1.0,bioavailability_ma,TDC
Quinine,C=C[C@H]1CN2CC[C@H]1C[C@H]2[C@H](O)c1ccnc2ccc(OC)cc12,1.0,bioavailability_ma,TDC
Mefloquine,OC(c1cc(C(F)(F)F)nc2c(C(F)(F)F)cccc12)C1CCCCN1,1.0,bioavailability_ma,TDC
Misoprostol,CCCCC(C)(O)C/C=C/[C@H]1[C@H](O)CC(=O)[C@@H]1CCCCCCC(=O)OC,1.0,bioavailability_ma,TDC
Zopiclone,CN1CCN(C(=O)OC2c3nccnc3C(=O)N2c2ccc(Cl)cn2)CC1,1.0,bioavailability_ma,TDC
Aprepitant,C[C@@H](O[C@H]1OCCN(Cc2n[nH]c(=O)[nH]2)[C@H]1c1ccc(F)cc1)c1cc(C(F)(F)F)cc(C(F)(F)F)c1,1.0,bioavailability_ma,TDC
Stavudine,Cc1cn([C@H]2C=C[C@@H](CO)O2)c(=O)[nH]c1=O,1.0,bioavailability_ma,TDC
Mepindolol,Cc1cc2c(OCC(O)CNC(C)C)cccc2[nH]1,1.0,bioavailability_ma,TDC
Terodiline,CC(CC(c1ccccc1)c1ccccc1)NC(C)(C)C,1.0,bioavailability_ma,TDC
Chlorambucil,O=C(O)CCCc1ccc(N(CCCl)CCCl)cc1,1.0,bioavailability_ma,TDC
Fenfluramine,CCNC(C)Cc1cccc(C(F)(F)F)c1,1.0,bioavailability_ma,TDC
Procainamide,CCN(CC)CCNC(=O)c1ccc(N)cc1,1.0,bioavailability_ma,TDC
Abacavir,Nc1nc(NC2CC2)c2ncn([C@H]3C=C[C@@H](CO)C3)c2n1,1.0,bioavailability_ma,TDC
Valdecoxib,Cc1onc(-c2ccccc2)c1-c1ccc(S(N)(=O)=O)cc1,1.0,bioavailability_ma,TDC
Disopyramide,CC(C)N(CCC(C(N)=O)(c1ccccc1)c1ccccn1)C(C)C,1.0,bioavailability_ma,TDC
Lansoprazole,Cc1c(OCC(F)(F)F)ccnc1CS(=O)c1nc2ccccc2[nH]1,1.0,bioavailability_ma,TDC
Pioglitazone,CCc1ccc(CCOc2ccc(CC3SC(=O)NC3=O)cc2)nc1,1.0,bioavailability_ma,TDC
Fluocortolone,C[C@@H]1C[C@H]2[C@@H]3C[C@H](F)C4=CC(=O)C=C[C@]4(C)[C@H]3[C@@H](O)C[C@]2(C)[C@H]1C(=O)CO,1.0,bioavailability_ma,TDC
Flucytosine,Nc1[nH]c(=O)ncc1F,1.0,bioavailability_ma,TDC
Saccharin,O=C1NS(=O)(=O)c2ccccc21,1.0,bioavailability_ma,TDC
Milnacipran,CCN(CC)C(=O)C1(c2ccccc2)CC1CN,1.0,bioavailability_ma,TDC
Alizapride,C=CCN1CCCC1CNC(=O)c1cc2n[nH]nc2cc1OC,1.0,bioavailability_ma,TDC
Acetaminophen,CC(=O)Nc1ccc(O)cc1,1.0,bioavailability_ma,TDC
Propylthiouracil,CCCc1cc(=O)[nH]c(=S)[nH]1,1.0,bioavailability_ma,TDC
Ibuprofen,CC(C)Cc1ccc(C(C)C(=O)O)cc1,1.0,bioavailability_ma,TDC
Lamivudine,Nc1ccn([C@@H]2CS[C@H](CO)O2)c(=O)n1,1.0,bioavailability_ma,TDC
Ketoprofen,CC(C(=O)O)c1cccc(C(=O)c2ccccc2)c1,1.0,bioavailability_ma,TDC
Protriptyline,CNCCCC1c2ccccc2C=Cc2ccccc21,1.0,bioavailability_ma,TDC
Indobufen,CCC(C(=O)O)c1ccc(N2Cc3ccccc3C2=O)cc1,1.0,bioavailability_ma,TDC
Betaxolol,CC(C)NCC(O)COc1ccc(CCOCC2CC2)cc1,1.0,bioavailability_ma,TDC
Flunitrazepam,CN1C(=O)CN=C(c2ccccc2F)c2cc([N+](=O)[O-])ccc21,1.0,bioavailability_ma,TDC
Oxyfedrine,COc1cccc(C(=O)CCN[C@@H](C)[C@H](O)c2ccccc2)c1,1.0,bioavailability_ma,TDC
Aprindine,CCN(CC)CCCN(c1ccccc1)C1Cc2ccccc2C1,1.0,bioavailability_ma,TDC
Methylprednisolone,C[C@H]1C[C@H]2[C@@H]3CC[C@](O)(C(=O)CO)[C@@]3(C)C[C@H](O)[C@@H]2[C@@]2(C)C=CC(=O)C=C12,1.0,bioavailability_ma,TDC
Delavirdine,CC(C)Nc1cccnc1N1CCN(C(=O)c2cc3cc(NS(C)(=O)=O)ccc3[nH]2)CC1,1.0,bioavailability_ma,TDC
Flecainide,O=C(NCC1CCCCN1)c1cc(OCC(F)(F)F)ccc1OCC(F)(F)F,1.0,bioavailability_ma,TDC
Milrinone,Cc1[nH]c(=O)c(C#N)cc1-c1ccncc1,1.0,bioavailability_ma,TDC
Cibenzoline,c1ccc(C2(c3ccccc3)CC2C2=NCCN2)cc1,1.0,bioavailability_ma,TDC
Terazosin,COc1cc2nc(N3CCN(C(=O)C4CCCO4)CC3)nc(N)c2cc1OC,1.0,bioavailability_ma,TDC
Mexiletine,Cc1cccc(C)c1OCC(C)N,1.0,bioavailability_ma,TDC
Benzydamine,CN(C)CCCOc1nn(Cc2ccccc2)c2ccccc12,1.0,bioavailability_ma,TDC
Chloroquine,CCN(CC)CCCC(C)Nc1ccnc2cc(Cl)ccc12,1.0,bioavailability_ma,TDC
Enoxacin,CCn1cc(C(=O)O)c(=O)c2cc(F)c(N3CCNCC3)nc21,1.0,bioavailability_ma,TDC
Zalcitabine,Nc1ccn([C@H]2CC[C@@H](CO)O2)c(=O)n1,1.0,bioavailability_ma,TDC
Moxonidine,COc1nc(C)nc(Cl)c1NC1=NCCN1,1.0,bioavailability_ma,TDC
Pindolol,CC(C)NCC(O)COc1cccc2[nH]ccc12,1.0,bioavailability_ma,TDC
Carteolol,CC(C)(C)NCC(O)COc1cccc2c1CCC(=O)N2,1.0,bioavailability_ma,TDC
Topiramate,CC1(C)O[C@@H]2CO[C@@]3(COS(N)(=O)=O)OC(C)(C)O[C@H]3[C@@H]2O1,1.0,bioavailability_ma,TDC
Sulindac,CC1=C(CC(=O)O)c2cc(F)ccc2/C1=C\c1ccc(S(C)=O)cc1,1.0,bioavailability_ma,TDC
Chloroxine,Oc1c(Cl)cc(Cl)c2cccnc12,1.0,bioavailability_ma,TDC
Tolbutamide,CCCCNC(=O)NS(=O)(=O)c1ccc(C)cc1,1.0,bioavailability_ma,TDC
Sitafloxacin,N[C@@H]1CN(c2c(F)cc3c(=O)c(C(=O)O)cn([C@@H]4C[C@@H]4F)c3c2Cl)CC12CC2.N[C@@H]1CN(c2c(F)cc3c(=O)c(C(=O)O)cn([C@@H]4C[C@@H]4F)c3c2Cl)CC12CC2.O.O.O,1.0,bioavailability_ma,TDC
Amantadine,NC12CC3CC(CC(C3)C1)C2,1.0,bioavailability_ma,TDC
Acipimox,Cc1cnc(C(=O)O)c[n+]1[O-],1.0,bioavailability_ma,TDC
Nicorandil,O=C(NCCO[N+](=O)[O-])c1cccnc1,1.0,bioavailability_ma,TDC
Diazoxide,CC1=NS(=O)(=O)c2cc(Cl)ccc2N1,1.0,bioavailability_ma,TDC
Felbamate,NC(=O)OCC(COC(N)=O)c1ccccc1,1.0,bioavailability_ma,TDC
Diflunisal,O=C(O)c1cc(-c2ccc(F)cc2F)ccc1O,1.0,bioavailability_ma,TDC
Sulfadiazine,Nc1ccc(S(=O)(=O)Nc2ncccn2)cc1,1.0,bioavailability_ma,TDC
Phenytoin,O=C1NC(=O)C(c2ccccc2)(c2ccccc2)N1,1.0,bioavailability_ma,TDC
Fenspiride,O=C1NCC2(CCN(CCc3ccccc3)CC2)O1,1.0,bioavailability_ma,TDC
Orphenadrine,Cc1ccccc1C(OCCN(C)C)c1ccccc1,1.0,bioavailability_ma,TDC
Flupirtine,CCOC(=O)Nc1ccc(NCc2ccc(F)cc2)nc1N,1.0,bioavailability_ma,TDC
Phenylbutazone,CCCCC1C(=O)N(c2ccccc2)N(c2ccccc2)C1=O,1.0,bioavailability_ma,TDC
Alprazolam,Cc1nnc2n1-c1ccc(Cl)cc1C(c1ccccc1)=NC2,1.0,bioavailability_ma,TDC
Clonazepam,O=C1CN=C(c2ccccc2Cl)c2cc([N+](=O)[O-])ccc2N1,1.0,bioavailability_ma,TDC
Etodolac,CCc1cccc2c3c([nH]c12)C(CC)(CC(=O)O)OCC3,1.0,bioavailability_ma,TDC
Dolasetron,O=C(O[C@@H]1C[C@@H]2C[C@H]3C[C@H](C1)N2CC3=O)c1c[nH]c2ccccc12,1.0,bioavailability_ma,TDC
Bisoprolol,CC(C)NCC(O)COc1ccc(COCCOC(C)C)cc1,1.0,bioavailability_ma,TDC
Pefloxacin,CCn1cc(C(=O)O)c(=O)c2cc(F)c(N3CCN(C)CC3)cc21,1.0,bioavailability_ma,TDC
Cephalexin,CC1=C(C(=O)O)N2C(=O)[C@@H](NC(=O)[C@H](N)c3ccccc3)[C@H]2SC1,1.0,bioavailability_ma,TDC
Bumetanide,CCCCNc1cc(C(=O)O)cc(S(N)(=O)=O)c1Oc1ccccc1,1.0,bioavailability_ma,TDC
Amoxicillin,CC1(C)S[C@@H]2[C@H](NC(=O)[C@H](N)c3ccc(O)cc3)C(=O)N2[C@H]1C(=O)O,1.0,bioavailability_ma,TDC
Clinafloxacin,NC1CCN(c2c(F)cc3c(=O)c(C(=O)O)cn(C4CC4)c3c2Cl)C1,1.0,bioavailability_ma,TDC
Indapamide,CC1Cc2ccccc2N1NC(=O)c1ccc(Cl)c(S(N)(=O)=O)c1,1.0,bioavailability_ma,TDC
Cefaclor,N[C@@H](C(=O)N[C@@H]1C(=O)N2C(C(=O)O)=C(Cl)CS[C@H]12)c1ccccc1,1.0,bioavailability_ma,TDC
Quetiapine,OCCOCCN1CCN(C2=Nc3ccccc3Sc3ccccc32)CC1,1.0,bioavailability_ma,TDC
Cetirizine,O=C(O)COCCN1CCN(C(c2ccccc2)c2ccc(Cl)cc2)CC1,1.0,bioavailability_ma,TDC
Cefprozil,CC=CC1=C(C(=O)O)N2C(=O)[C@@H](NC(=O)[C@H](N)c3ccc(O)cc3)[C@H]2SC1,1.0,bioavailability_ma,TDC
Bendroflumethiazide,NS(=O)(=O)c1cc2c(cc1C(F)(F)F)NC(Cc1ccccc1)NS2(=O)=O,1.0,bioavailability_ma,TDC
Cefazolin,Cc1nnc(SCC2=C(C(=O)O)N3C(=O)[C@@H](NC(=O)Cn4cnnn4)[C@H]3SC2)s1,1.0,bioavailability_ma,TDC
Digitoxin,C[C@H]1O[C@@H](O[C@H]2[C@@H](O)C[C@H](O[C@H]3[C@@H](O)C[C@H](O[C@H]4CC[C@]5(C)[C@H]6CC[C@]7(C)[C@@H](C8=CC(=O)OC8)CC[C@]7(O)[C@@H]6CC[C@@H]5C4)O[C@@H]3C)O[C@@H]2C)C[C@H](O)[C@@H]1O,1.0,bioavailability_ma,TDC
Nitrofurantoin,O=C1CN(/N=C/c2ccc([N+](=O)[O-])o2)C(=O)N1,1.0,bioavailability_ma,TDC
Temazepam,CN1C(=O)C(O)N=C(c2ccccc2)c2cc(Cl)ccc21,1.0,bioavailability_ma,TDC
Moxifloxacin,COc1c(N2C[C@@H]3CCCN[C@@H]3C2)c(F)cc2c(=O)c(C(=O)O)cn(C3CC3)c12,1.0,bioavailability_ma,TDC
Trovafloxacin,N[C@H]1[C@@H]2CN(c3nc4c(cc3F)c(=O)c(C(=O)O)cn4-c3ccc(F)cc3F)C[C@H]12,1.0,bioavailability_ma,TDC
Primidone,CCC1(c2ccccc2)C(=O)NCNC1=O,1.0,bioavailability_ma,TDC
Flurbiprofen,CC(C(=O)O)c1ccc(-c2ccccc2)c(F)c1,1.0,bioavailability_ma,TDC
Suprofen,CC(C(=O)O)c1ccc(C(=O)c2cccs2)cc1,1.0,bioavailability_ma,TDC
Nevirapine,Cc1ccnc2c1NC(=O)c1cccnc1N2C1CC1,1.0,bioavailability_ma,TDC
Piretanide,NS(=O)(=O)c1cc(C(=O)O)cc(N2CCCC2)c1Oc1ccccc1,1.0,bioavailability_ma,TDC
Tiagabine,Cc1ccsc1C(=CCCN1CCC[C@@H](C(=O)O)C1)c1sccc1C,1.0,bioavailability_ma,TDC
Sparfloxacin,C[C@H]1CN(c2c(F)c(N)c3c(=O)c(C(=O)O)cn(C4CC4)c3c2F)C[C@@H](C)N1,1.0,bioavailability_ma,TDC
Roxithromycin,CC[C@H]1OC(=O)[C@H](C)[C@@H](O[C@H]2C[C@@](C)(OC)[C@@H](O)[C@H](C)O2)[C@H](C)[C@@H](O[C@@H]2O[C@H](C)C[C@H](N(C)C)[C@H]2O)[C@](C)(O)C[C@@H](C)C(=NOCOCCOC)[C@H](C)[C@@H](O)[C@]1(C)O,1.0,bioavailability_ma,TDC
Methimazole,Cn1cc[nH]c1=S,1.0,bioavailability_ma,TDC
Amrinone,Nc1cc(-c2ccncc2)c[nH]c1=O,1.0,bioavailability_ma,TDC
Pramipexole,CCCN[C@H]1CCc2nc(N)sc2C1,1.0,bioavailability_ma,TDC
Dapsone,Nc1ccc(S(=O)(=O)c2ccc(N)cc2)cc1,1.0,bioavailability_ma,TDC
Penbutolol,CC(C)(C)NC[C@H](O)COc1ccccc1C1CCCC1,1.0,bioavailability_ma,TDC
Sotalol,CC(C)NCC(O)c1ccc(NS(C)(=O)=O)cc1,1.0,bioavailability_ma,TDC
Warfarin,CC(=O)CC(c1ccccc1)c1c(O)c2ccccc2oc1=O,1.0,bioavailability_ma,TDC
Gestodene,C#C[C@]1(O)C=C[C@H]2[C@@H]3CCC4=CC(=O)CC[C@@H]4[C@H]3CC[C@@]21CC,1.0,bioavailability_ma,TDC
Rofecoxib,CS(=O)(=O)c1ccc(C2=C(c3ccccc3)C(=O)OC2)cc1,1.0,bioavailability_ma,TDC
Lorazepam,O=C1Nc2ccc(Cl)cc2C(c2ccccc2Cl)=NC1O,1.0,bioavailability_ma,TDC
Donepezil,COc1cc2c(cc1OC)C(=O)C(CC1CCN(Cc3ccccc3)CC1)C2,1.0,bioavailability_ma,TDC
Doxycycline,C[C@H]1c2cccc(O)c2C(=O)C2=C(O)[C@]3(O)C(=O)C(C(N)=O)=C(O)[C@@H](N(C)C)[C@@H]3[C@@H](O)[C@@H]21,1.0,bioavailability_ma,TDC
Norgestrel,C#CC1(O)CCC2C3CCC4=CC(=O)CCC4C3CCC21CC,1.0,bioavailability_ma,TDC
Dienogest,C[C@]12CCC3=C4CCC(=O)C=C4CC[C@H]3[C@@H]1CC[C@@]2(O)CC#N,1.0,bioavailability_ma,TDC
Levonorgestrel,C#C[C@]1(O)CC[C@H]2[C@@H]3CCC4=CC(=O)CC[C@@H]4[C@H]3CC[C@@]21CC,1.0,bioavailability_ma,TDC
Reboxetine,CCOc1ccccc1O[C@H](c1ccccc1)[C@H]1CNCCO1,1.0,bioavailability_ma,TDC
Loracarbef,N[C@@H](C(=O)N[C@@H]1C(=O)N2C(C(=O)O)=C(Cl)CC[C@H]12)c1ccccc1,1.0,bioavailability_ma,TDC
Phenylpropanolamine,C[C@H](N)[C@H](O)c1ccccc1,1.0,bioavailability_ma,TDC
Metronidazole,Cc1ncc([N+](=O)[O-])n1CCO,1.0,bioavailability_ma,TDC
Tocainide,Cc1cccc(C)c1NC(=O)C(C)N,1.0,bioavailability_ma,TDC
Minoxidil,Nc1cc(N2CCCCC2)nc(N)[n+]1[O-],1.0,bioavailability_ma,TDC
Amobarbital,CCC1(CCC(C)C)C(=O)NC(=O)NC1=O,1.0,bioavailability_ma,TDC
Naproxen,COc1ccc2cc([C@H](C)C(=O)O)ccc2c1,1.0,bioavailability_ma,TDC
Hexobarbital,CN1C(=O)NC(=O)C(C)(C2=CCCCC2)C1=O,1.0,bioavailability_ma,TDC
Oxcarbazepine,NC(=O)N1c2ccccc2CC(=O)c2ccccc21,1.0,bioavailability_ma,TDC
Ketorolac,O=C(c1ccccc1)c1ccc2n1CCC2C(=O)O,1.0,bioavailability_ma,TDC
Tolmetin,Cc1ccc(C(=O)c2ccc(CC(=O)O)n2C)cc1,1.0,bioavailability_ma,TDC
Sulfamethazine,Cc1cc(C)nc(NS(=O)(=O)c2ccc(N)cc2)n1,1.0,bioavailability_ma,TDC
Diazepam,CN1C(=O)CN=C(c2ccccc2)c2cc(Cl)ccc21,1.0,bioavailability_ma,TDC
Fluconazole,OC(Cn1cncn1)(Cn1cncn1)c1ccc(F)cc1F,1.0,bioavailability_ma,TDC
Nizatidine,CNC(=C[N+](=O)[O-])NCCSCc1csc(CN(C)C)n1,1.0,bioavailability_ma,TDC
Cefadroxil,CC1=C(C(=O)O)N2C(=O)[C@@H](NC(=O)[C@H](N)c3ccc(O)cc3)[C@H]2SC1,1.0,bioavailability_ma,TDC
Temafloxacin,CC1CN(c2cc3c(cc2F)c(=O)c(C(=O)O)cn3-c2ccc(F)cc2F)CCN1,1.0,bioavailability_ma,TDC
Glipizide,Cc1cnc(C(=O)NCCc2ccc(S(=O)(=O)NC(=O)NC3CCCCC3)cc2)cn1,1.0,bioavailability_ma,TDC
Theophylline,Cn1c(=O)c2[nH]cnc2n(C)c1=O,1.0,bioavailability_ma,TDC
Temozolomide,Cn1nnc2c(C(N)=O)ncn2c1=O,1.0,bioavailability_ma,TDC
Trapidil,CCN(CC)c1cc(C)nc2ncnn12,1.0,bioavailability_ma,TDC
Primaquine,COc1cc(NC(C)CCCN)c2ncccc2c1,1.0,bioavailability_ma,TDC
Ifosfamide,O=P1(NCCCl)OCCCN1CCCl,1.0,bioavailability_ma,TDC
Sulfisoxazole,Cc1noc(NS(=O)(=O)c2ccc(N)cc2)c1C,1.0,bioavailability_ma,TDC
Voriconazole,C[C@@H](c1ncncc1F)[C@](O)(Cn1cncn1)c1ccc(F)cc1F,1.0,bioavailability_ma,TDC
Gatifloxacin,COc1c(N2CCNC(C)C2)c(F)cc2c(=O)c(C(=O)O)cn(C3CC3)c12,1.0,bioavailability_ma,TDC
Phenindione,O=C1c2ccccc2C(=O)C1c1ccccc1,1.0,bioavailability_ma,TDC
Clonidine,Clc1cccc(Cl)c1NC1=NCCN1,1.0,bioavailability_ma,TDC
Proxyphylline,CC(O)Cn1cnc2c1c(=O)n(C)c(=O)n2C,1.0,bioavailability_ma,TDC
Treosulfan,CS(=O)(=O)OC[C@H](O)[C@@H](O)COS(C)(=O)=O,1.0,bioavailability_ma,TDC
Oxazepam,O=C1Nc2ccc(Cl)cc2C(c2ccccc2)=NC1O,1.0,bioavailability_ma,TDC
Galantamine,COc1ccc2c3c1O[C@H]1C[C@@H](O)C=C[C@@]31CCN(C)C2,1.0,bioavailability_ma,TDC
Gliclazide,Cc1ccc(S(=O)(=O)NC(=O)NN2CC3CCCC3C2)cc1,1.0,bioavailability_ma,TDC
Lomefloxacin,CCn1cc(C(=O)O)c(=O)c2cc(F)c(N3CCNC(C)C3)c(F)c21,1.0,bioavailability_ma,TDC
Meloxicam,Cc1cnc(NC(=O)C2=C(O)c3ccccc3S(=O)(=O)N2C)s1,1.0,bioavailability_ma,TDC
Minocycline,CN(C)c1ccc(O)c2c1C[C@H]1C[C@H]3[C@H](N(C)C)C(O)=C(C(N)=O)C(=O)[C@@]3(O)C(O)=C1C2=O,1.0,bioavailability_ma,TDC
Caffeine,Cn1c(=O)c2c(ncn2C)n(C)c1=O,1.0,bioavailability_ma,TDC
Tinidazole,CCS(=O)(=O)CCn1c([N+](=O)[O-])cnc1C,1.0,bioavailability_ma,TDC
Gemfibrozil,Cc1ccc(C)c(OCCCC(C)(C)C(=O)O)c1,1.0,bioavailability_ma,TDC
Lamotrigine,Nc1nnc(-c2cccc(Cl)c2Cl)c(N)n1,1.0,bioavailability_ma,TDC
Trimethoprim,COc1cc(Cc2cnc(N)nc2N)cc(OC)c1OC,1.0,bioavailability_ma,TDC
Oxaprozin,O=C(O)CCc1nc(-c2ccccc2)c(-c2ccccc2)o1,1.0,bioavailability_ma,TDC
Dofetilide,CN(CCOc1ccc(NS(C)(=O)=O)cc1)CCc1ccc(NS(C)(=O)=O)cc1,1.0,bioavailability_ma,TDC
Imatinib,Cc1ccc(NC(=O)c2ccc(CN3CCN(C)CC3)cc2)cc1Nc1nccc(-c2cccnc2)n1,1.0,bioavailability_ma,TDC
Bezafibrate,CC(C)(Oc1ccc(CCNC(=O)c2ccc(Cl)cc2)cc1)C(=O)O,1.0,bioavailability_ma,TDC
Piroxicam,CN1C(C(=O)Nc2ccccn2)=C(O)c2ccccc2S1(=O)=O,1.0,bioavailability_ma,TDC
Fluorescein,O=C1OC2(c3ccc(O)cc3Oc3cc(O)ccc32)c2ccccc21,1.0,bioavailability_ma,TDC
Rosiglitazone,CN(CCOc1ccc(CC2SC(=O)NC2=O)cc1)c1ccccn1,1.0,bioavailability_ma,TDC
Azelastine,CN1CCCC(n2nc(Cc3ccc(Cl)cc3)c3ccccc3c2=O)CC1,1.0,bioavailability_ma,TDC
Dextromoramide,C[C@H](CN1CCOCC1)C(C(=O)N1CCCC1)(c1ccccc1)c1ccccc1,1.0,bioavailability_ma,TDC
Tianeptine,CN1c2ccccc2C(NCCCCCCC(=O)O)c2ccc(Cl)cc2S1(=O)=O,1.0,bioavailability_ma,TDC
Vigabatrin,C=CC(N)CCC(=O)O,1.0,bioavailability_ma,TDC
Pseudoephedrine,CN[C@@H](C)[C@@H](O)c1ccccc1,1.0,bioavailability_ma,TDC
Levetiracetam,CC[C@@H](C(N)=O)N1CCCC1=O,1.0,bioavailability_ma,TDC
Zonisamide,NS(=O)(=O)Cc1noc2ccccc12,1.0,bioavailability_ma,TDC
Pyrimethamine,CCc1nc(N)nc(N)c1-c1ccc(Cl)cc1,1.0,bioavailability_ma,TDC
Sulfamethoxazole,Cc1cc(NS(=O)(=O)c2ccc(N)cc2)no1,1.0,bioavailability_ma,TDC
Letrozole,N#Cc1ccc(C(c2ccc(C#N)cc2)n2cncn2)cc1,1.0,bioavailability_ma,TDC
Probenecid,CCCN(CCC)S(=O)(=O)c1ccc(C(=O)O)cc1,1.0,bioavailability_ma,TDC
Anastrozole,CC(C)(C#N)c1cc(Cn2cncn2)cc(C(C)(C)C#N)c1,1.0,bioavailability_ma,TDC
Trihexyphenidyl,OC(CCN1CCCCC1)(c1ccccc1)C1CCCCC1,1.0,bioavailability_ma,TDC
Tenoxicam,CN1C(C(=O)Nc2ccccn2)=C(O)c2sccc2S1(=O)=O,1.0,bioavailability_ma,TDC
Linezolid,CC(=O)NC[C@H]1CN(c2ccc(N3CCOCC3)c(F)c2)C(=O)O1,1.0,bioavailability_ma,TDC
Ofloxacin,CC1COc2c(N3CCN(C)CC3)c(F)cc3c(=O)c(C(=O)O)cn1c23,1.0,bioavailability_ma,TDC
Tamoxifen,CC/C(=C(\c1ccccc1)c1ccc(OCCN(C)C)cc1)c1ccccc1,1.0,bioavailability_ma,TDC
Dihydroergotamine,CN1C[C@H](C(=O)N[C@]2(C)O[C@@]3(O)[C@@H]4CCCN4C(=O)[C@H](Cc4ccccc4)N3C2=O)C[C@@H]2c3cccc4[nH]cc(c34)C[C@H]21,0.0,bioavailability_ma,TDC
Lactulose,OC[C@H]1O[C@](O)(CO)[C@@H](O)[C@@H]1O[C@@H]1O[C@H](CO)[C@H](O)[C@H](O)[C@H]1O,0.0,bioavailability_ma,TDC
Olsalazine,O=C(O)c1cc(/N=N/c2ccc(O)c(C(=O)O)c2)ccc1O,0.0,bioavailability_ma,TDC
Coumarin,O=c1ccc2ccccc2o1,0.0,bioavailability_ma,TDC
Lovastatin,CC[C@H](C)C(=O)O[C@H]1C[C@@H](C)C=C2C=C[C@H](C)[C@H](CC[C@@H]3C[C@@H](O)CC(=O)O3)[C@H]21,0.0,bioavailability_ma,TDC
Irinotecan,CCc1c2c(nc3ccc(OC(=O)N4CCC(N5CCCCC5)CC4)cc13)-c1cc3c(c(=O)n1C2)COC(=O)[C@]3(O)CC,0.0,bioavailability_ma,TDC
Dirithromycin,CC[C@H]1OC(=O)[C@H](C)[C@@H](O[C@H]2C[C@@](C)(OC)[C@@H](O)[C@H](C)O2)[C@H](C)[C@@H](O[C@@H]2O[C@H](C)C[C@H](N(C)C)[C@H]2O)[C@](C)(O)C[C@@H](C)[C@@H]2N[C@@H](COCCOC)O[C@H]([C@H]2C)[C@]1(C)O,0.0,bioavailability_ma,TDC
Nitrendipine,CCOC(=O)C1=C(C)NC(C)=C(C(=O)OC)C1c1cccc([N+](=O)[O-])c1,0.0,bioavailability_ma,TDC
Methapyrilene,CN(C)CCN(Cc1cccs1)c1ccccn1,0.0,bioavailability_ma,TDC
Phenoperidine,CCOC(=O)C1(c2ccccc2)CCN(CCC(O)c2ccccc2)CC1,0.0,bioavailability_ma,TDC
Indinavir,CC(C)(C)NC(=O)[C@@H]1CN(Cc2cccnc2)CCN1C[C@@H](O)C[C@@H](Cc1ccccc1)C(=O)N[C@H]1c2ccccc2C[C@H]1O,0.0,bioavailability_ma,TDC
Cytarabine,Nc1ccn([C@@H]2O[C@H](CO)[C@@H](O)[C@@H]2O)c(=O)n1,0.0,bioavailability_ma,TDC
Phenylephrine,CNC[C@H](O)c1cccc(O)c1,1.0,bioavailability_ma,TDC
Nabumetone,COc1ccc2cc(CCC(C)=O)ccc2c1,1.0,bioavailability_ma,TDC
Didanosine,O=c1nc[nH]c2c1ncn2[C@H]1CC[C@@H](CO)O1,1.0,bioavailability_ma,TDC
Chlorpheniramine,CN(C)CCC(c1ccc(Cl)cc1)c1ccccn1,1.0,bioavailability_ma,TDC
Ritodrine,C[C@H](NCCc1ccc(O)cc1)[C@H](O)c1ccc(O)cc1,1.0,bioavailability_ma,TDC
Norfloxacin,CCn1cc(C(=O)O)c(=O)c2cc(F)c(N3CCNCC3)cc21,1.0,bioavailability_ma,TDC
Amoxapine,Clc1ccc2c(c1)C(N1CCNCC1)=Nc1ccccc1O2,1.0,bioavailability_ma,TDC
Azithromycin,CC[C@H]1OC(=O)[C@H](C)[C@@H](O[C@H]2C[C@@](C)(OC)[C@@H](O)[C@H](C)O2)[C@H](C)[C@@H](O[C@@H]2O[C@H](C)C[C@H](N(C)C)[C@H]2O)[C@](C)(O)C[C@@H](C)CN(C)[C@H](C)[C@@H](O)[C@]1(C)O,1.0,bioavailability_ma,TDC
Enoximone,CSc1ccc(C(=O)c2[nH]c(=O)[nH]c2C)cc1,1.0,bioavailability_ma,TDC
Cyclobenzaprine,CN(C)CCC=C1c2ccccc2C=Cc2ccccc21,1.0,bioavailability_ma,TDC
Alosetron,Cc1[nH]cnc1CN1CCc2c(c3ccccc3n2C)C1=O,1.0,bioavailability_ma,TDC
Clozapine,CN1CCN(C2=Nc3cc(Cl)ccc3Nc3ccccc32)CC1,1.0,bioavailability_ma,TDC
Talinolol,CC(C)(C)NCC(O)COc1ccc(NC(=O)NC2CCCCC2)cc1,1.0,bioavailability_ma,TDC
Alfuzosin,COc1cc2nc(N(C)CCCNC(=O)C3CCCO3)nc(N)c2cc1OC,1.0,bioavailability_ma,TDC
Delapril,CCOC(=O)[C@H](CCc1ccccc1)N[C@@H](C)C(=O)N(CC(=O)O)C1Cc2ccccc2C1,1.0,bioavailability_ma,TDC
Dicloxacillin,Cc1onc(-c2c(Cl)cccc2Cl)c1C(=O)N[C@@H]1C(=O)N2[C@@H](C(=O)O)C(C)(C)S[C@H]12,1.0,bioavailability_ma,TDC
Itraconazole,CCC(C)n1ncn(-c2ccc(N3CCN(c4ccc(OC[C@H]5CO[C@](Cn6cncn6)(c6ccc(Cl)cc6Cl)O5)cc4)CC3)cc2)c1=O,1.0,bioavailability_ma,TDC
Clarithromycin,CC[C@H]1OC(=O)[C@H](C)[C@@H](O[C@H]2C[C@@](C)(OC)[C@@H](O)[C@H](C)O2)[C@H](C)[C@@H](O[C@@H]2O[C@H](C)C[C@H](N(C)C)[C@H]2O)[C@](C)(OC)C[C@@H](C)C(=O)[C@H](C)[C@@H](O)[C@]1(C)O,1.0,bioavailability_ma,TDC
Captopril,C[C@H](CS)C(=O)N1CCC[C@H]1C(=O)O,1.0,bioavailability_ma,TDC
Naratriptan,CNS(=O)(=O)CCc1ccc2[nH]cc(C3CCN(C)CC3)c2c1,1.0,bioavailability_ma,TDC
Amlodipine,CCOC(=O)C1=C(COCCN)NC(C)=C(C(=O)OC)C1c1ccccc1Cl,1.0,bioavailability_ma,TDC
Mifepristone,CC#C[C@]1(O)CC[C@H]2[C@@H]3CCC4=CC(=O)CCC4=C3[C@@H](c3ccc(N(C)C)cc3)C[C@@]21C,1.0,bioavailability_ma,TDC
Finasteride,CC(C)(C)NC(=O)[C@H]1CC[C@H]2[C@@H]3CC[C@H]4NC(=O)C=C[C@]4(C)[C@H]3CC[C@]12C,1.0,bioavailability_ma,TDC
Brotizolam,Cc1nnc2n1-c1sc(Br)cc1C(c1ccccc1Cl)=NC2,1.0,bioavailability_ma,TDC
Irbesartan,CCCCC1=NC2(CCCC2)C(=O)N1Cc1ccc(-c2ccccc2-c2nn[nH]n2)cc1,1.0,bioavailability_ma,TDC
Ritonavir,CC(C)c1nc(CN(C)C(=O)N[C@H](C(=O)N[C@@H](Cc2ccccc2)C[C@H](O)[C@H](Cc2ccccc2)NC(=O)OCc2cncs2)C(C)C)cs1,1.0,bioavailability_ma,TDC
Digoxin,C[C@H]1O[C@@H](O[C@H]2[C@@H](O)C[C@H](O[C@H]3[C@@H](O)C[C@H](O[C@H]4CC[C@]5(C)[C@H]6C[C@@H](O)[C@]7(C)[C@@H](C8=CC(=O)OC8)CC[C@]7(O)[C@@H]6CC[C@@H]5C4)O[C@@H]3C)O[C@@H]2C)C[C@H](O)[C@@H]1O,1.0,bioavailability_ma,TDC
Ethanol,CCO,1.0,bioavailability_ma,TDC
Cycloserine,N[C@@H]1CONC1=O,1.0,bioavailability_ma,TDC
Isoniazid,NNC(=O)c1ccncc1,1.0,bioavailability_ma,TDC
Fenoprofen,CC(C(=O)O)c1cccc(Oc2ccccc2)c1,1.0,bioavailability_ma,TDC
Guanfacine,N=C(N)NC(=O)Cc1c(Cl)cccc1Cl,1.0,bioavailability_ma,TDC
Prednisolone,C[C@]12C[C@H](O)[C@H]3[C@@H](CCC4=CC(=O)C=C[C@@]43C)[C@@H]1CC[C@]2(O)C(=O)CO,1.0,bioavailability_ma,TDC
Chloramphenicol,O=C(N[C@H](CO)[C@H](O)c1ccc([N+](=O)[O-])cc1)C(Cl)Cl,1.0,bioavailability_ma,TDC
Antipyrine,Cc1cc(=O)n(-c2ccccc2)n1C,1.0,bioavailability_ma,TDC
Acetazolamide,CC(=O)Nc1nnc(S(N)(=O)=O)s1,1.0,bioavailability_ma,TDC
Pentobarbital,CCCC(C)C1(CC)C(=O)NC(=O)NC1=O,1.0,bioavailability_ma,TDC
Phenobarbital,CCC1(c2ccccc2)C(=O)NC(=O)NC1=O,1.0,bioavailability_ma,TDC
Practolol,CC(=O)Nc1ccc(OCC(O)CNC(C)C)cc1,1.0,bioavailability_ma,TDC
Pheniramine,CN(C)CCC(c1ccccc1)c1ccccn1,1.0,bioavailability_ma,TDC
Biotin,O=C(O)CCCC[C@@H]1SC[C@@H]2NC(=O)N[C@H]12,1.0,bioavailability_ma,TDC
Ciprofibrate,CC(C)(Oc1ccc(C2CC2(Cl)Cl)cc1)C(=O)O,1.0,bioavailability_ma,TDC
Chlordiazepoxide,CNC1=Nc2ccc(Cl)cc2C(c2ccccc2)=[N+]([O-])C1,1.0,bioavailability_ma,TDC
Indomethacin,COc1ccc2c(c1)c(CC(=O)O)c(C)n2C(=O)c1ccc(Cl)cc1,1.0,bioavailability_ma,TDC
Cyclopenthiazide,NS(=O)(=O)c1cc2c(cc1Cl)NC(CC1CCCC1)NS2(=O)=O,1.0,bioavailability_ma,TDC
Sulfinpyrazone,O=C1C(CCS(=O)c2ccccc2)C(=O)N(c2ccccc2)N1c1ccccc1,1.0,bioavailability_ma,TDC
Toremifene,CN(C)CCOc1ccc(/C(=C(/CCCl)c2ccccc2)c2ccccc2)cc1,1.0,bioavailability_ma,TDC
Tamsulosin,CCOc1ccccc1OCCN[C@H](C)Cc1ccc(OC)c(S(N)(=O)=O)c1,1.0,bioavailability_ma,TDC
Glimepiride,CCC1=C(C)CN(C(=O)NCCc2ccc(S(=O)(=O)NC(=O)N[C@H]3CC[C@H](C)CC3)cc2)C1=O,1.0,bioavailability_ma,TDC
Cannabinol,CCCCCc1cc(O)c2c(c1)OC(C)(C)c1ccc(C)cc1-2,16.98,vdss_lombardo,TDC
Carocainide,CNC(=O)Nc1c(OCCN2CCCC2)c(OC)c2occc2c1OC,0.8,vdss_lombardo,TDC
CGP15720A,O=C(NCCN1CCN=C1c1ccncc1)Nc1ccc(C(=O)O)cc1,0.35,vdss_lombardo,TDC
Astromicin,CO[C@H]1[C@@H](O)[C@H](N)[C@@H](O[C@H]2O[C@H]([C@H](C)N)CC[C@H]2N)[C@H](O)[C@H]1N(C)C(=O)CN,0.23,vdss_lombardo,TDC
Cefuzonam,CO/N=C(\C(=O)N[C@H]1C(=O)N2C(C(=O)O)=C(CSc3cnns3)CS[C@H]12)c1csc(N)n1,0.2,vdss_lombardo,TDC
CGP31608,C[C@@H](O)[C@H]1C(=O)N2C(C(=O)O)=C(CN)S[C@H]12,0.23,vdss_lombardo,TDC
Cimetropium,C[N+]1(CC2CC2)[C@H]2C[C@H](OC(=O)[C@H](CO)c3ccccc3)C[C@@H]1[C@H]1O[C@@H]21,1.12,vdss_lombardo,TDC
Dihydroergosine,CC(C)C[C@H]1C(=O)N2CCC[C@H]2[C@]2(O)O[C@@](C)(NC(=O)[C@@H]3C[C@@H]4c5cccc6[nH]cc(c56)C[C@H]4N(C)C3)C(=O)N12,4.02,vdss_lombardo,TDC
3-O-demethylfortimicin A,C[C@@H](N)[C@H]1CC[C@@H](N)[C@@H](O[C@@H]2[C@@H](N)[C@@H](O)[C@@H](O)[C@@H](N(C)C(=O)CN)[C@H]2O)O1,0.27,vdss_lombardo,TDC
Dobesilic acid,O=S(=O)(O)c1cc(O)ccc1O,0.12,vdss_lombardo,TDC
Aspoxicillin,CNC(=O)C[C@@H](N)C(=O)N[C@@H](C(=O)N[C@H]1C(=O)N2[C@@H](C(=O)O)C(C)(C)S[C@H]12)c1ccc(O)cc1,0.27,vdss_lombardo,TDC
CPW 86-363,Cn1nnnc1SCC1=C(C(=O)O)N2C(=O)[C@@H](NC(=O)/C(=N/OCC(=O)O)c3cc[nH]n3)[C@H]2SC1,0.22,vdss_lombardo,TDC
Dixyrazine,CC(CN1CCN(CCOCCO)CC1)CN1c2ccccc2Sc2ccccc21,4.06,vdss_lombardo,TDC
Glyceryl 1-nitrate,O=[N+]([O-])OC[C@H](O)CO,0.76,vdss_lombardo,TDC
Edoxaban,CN1CCc2nc(C(=O)N[C@@H]3C[C@@H](C(=O)N(C)C)CC[C@@H]3NC(=O)C(=O)Nc3ccc(Cl)cn3)sc2C1,1.53,vdss_lombardo,TDC
Guanylcisteine,N=C(N)N[C@@H](CS)C(=O)O,0.25,vdss_lombardo,TDC
Heptaminol,CC(N)CCCC(C)(C)O,2.14,vdss_lombardo,TDC
Glibornuride,Cc1ccc(S(=O)(=O)NC(=O)N[C@H]2[C@H]3CC[C@@](C)([C@H]2O)C3(C)C)cc1,0.27,vdss_lombardo,TDC
CG200745,CN(C)CCCNC(=O)/C(=C/CCCCC(=O)NO)COc1cccc2ccccc12,0.45,vdss_lombardo,TDC
Metaproterenol,CC(C)NCC(O)c1cc(O)cc(O)c1,6.03,vdss_lombardo,TDC
GPX-150,COc1cccc2c1C(=N)c1c(O)c3c(c(O)c1C2=O)C[C@@](O)(C(=O)CO)C[C@@H]3O[C@H]1C[C@H](N)[C@H](O)[C@H](C)O1,15.45,vdss_lombardo,TDC
Micronomicin,CNC[C@@H]1CC[C@@H](N)[C@@H](O[C@H]2[C@@H](N)C[C@@H](N)[C@H](O[C@H]3OC[C@](C)(O)[C@H](NC)[C@H]3O)[C@H]2O)O1,0.15,vdss_lombardo,TDC
Pipemidic acid,CCn1cc(C(=O)O)c(=O)c2cnc(N3CCNCC3)nc21,0.88,vdss_lombardo,TDC
Proquazone,Cc1ccc2c(-c3ccccc3)nc(=O)n(C(C)C)c2c1,0.52,vdss_lombardo,TDC
Tedizolid,Cn1nnc(-c2ccc(-c3ccc(N4C[C@H](CO)OC4=O)cc3F)cn2)n1,0.91,vdss_lombardo,TDC
Pinacidil,C[C@@H](N/C(=N\c1ccncc1)NC#N)C(C)(C)C,1.1,vdss_lombardo,TDC
Iopentol,COC[C@@H](O)CN(C(C)=O)c1c(I)c(C(=O)NC[C@H](O)CO)c(I)c(C(=O)NC[C@H](O)CO)c1I,0.2,vdss_lombardo,TDC
Temocillin,CO[C@@]1(NC(=O)[C@H](C(=O)O)c2ccsc2)C(=O)N2[C@@H](C(=O)O)C(C)(C)S[C@@H]21,0.11,vdss_lombardo,TDC
Viqualine,C=C[C@@H]1CNCC[C@@H]1CCCc1ccnc2ccc(OC)cc12,24.4,vdss_lombardo,TDC
Vestipitant,Cc1cc(F)ccc1[C@H]1CNCCN1C(=O)N(C)[C@H](C)c1cc(C(F)(F)F)cc(C(F)(F)F)c1,3.8,vdss_lombardo,TDC
16-acetyl gitoxin,CC(=O)O[C@H]1C[C@]2(O)[C@H]3CC[C@H]4C[C@H](O[C@H]5C[C@@H](O)[C@@H](O[C@H]6C[C@@H](O)[C@@H](O[C@H]7C[C@@H](O)[C@@H](O)[C@H](C)O7)[C@H](C)O6)[C@H](C)O5)CC[C@@]4(C)[C@H]3CC[C@]2(C)[C@H]1C1=CC(=O)OC1,0.78,vdss_lombardo,TDC
ACHT 4-10,CSCC[C@H](N)C(=O)N[C@@H](CCC(=O)O)C(=O)N[C@@H](Cc1cnc[nH]1)C(=O)N[C@@H](Cc1ccccc1)C(=O)N[C@@H](CCCN=C(N)N)C(=O)N[C@@H](Cc1c[nH]c2ccccc12)C(=O)NCC(=O)O,0.73,vdss_lombardo,TDC
Iotrolan,CN(C(=O)CC(=O)N(C)c1c(I)c(C(=O)N[C@H](CO)[C@H](O)CO)c(I)c(C(=O)N[C@H](CO)[C@H](O)CO)c1I)c1c(I)c(C(=O)N[C@H](CO)[C@H](O)CO)c(I)c(C(=O)N[C@H](CO)[C@H](O)CO)c1I,0.23,vdss_lombardo,TDC
Epothilone folate,C/C(=C\c1csc(C)n1)[C@@H]1C[C@H]2[C@@H](CCC[C@H](C)[C@H](O)[C@@H](C)C(=O)C(C)(C)[C@@H](O)CC(=O)O1)N2CCOC(=O)OCCSSC[C@H](NC(=O)[C@H](CC(=O)O)NC(=O)[C@H](CCCNC(=N)N)NC(=O)[C@H](CC(=O)O)NC(=O)CC[C@H](NC(=O)c1ccc(NCc2c[nH]c3nc(N)nc(=O)c-3n2)cc1)C(=O)O)C(=O)O,0.09,vdss_lombardo,TDC
(-)dOTC,Nc1ccn(C2COC(CO)S2)c(=O)n1,1.18,vdss_lombardo,TDC
(+)dOTC,Nc1ccn(C2COC(CO)S2)c(=O)n1,0.84,vdss_lombardo,TDC
1-Aminocyclopropanecarboxylic Acid,[NH3+]C1(C(=O)[O-])CC1,0.73,vdss_lombardo,TDC
5-Hydroxymethyl tolterodine,CC(C)[NH+](CCC(c1ccccc1)c1cc(CO)ccc1O)C(C)C,2.41,vdss_lombardo,TDC
619C89,C[NH+]1CCN(c2ncc(-c3cc(Cl)cc(Cl)c3Cl)c(N)n2)CC1,15.31,vdss_lombardo,TDC
852A,CCc1nc2c(N)[nH+]c3ccccc3c2n1CCCCNS(C)(=O)=O,3.1,vdss_lombardo,TDC
Abacavir,Nc1nc(NC2CC2)c2ncn(C3C=CC(CO)C3)c2n1,0.84,vdss_lombardo,TDC
Abanoquil,COc1cc2c(cc1OC)CN(c1cc(N)c3cc(OC)c(OC)cc3[nH+]1)CC2,6.3,vdss_lombardo,TDC
Acamprosate,CC(=O)NCCCS(=O)(=O)[O-],0.3,vdss_lombardo,TDC
Acarbose,CC1OC(OC2C(CO)OC(OC(C(O)CO)C(O)C(O)C=O)C(O)C2O)C(O)C(O)C1NC1C=C(CO)C(O)C(O)C1O,0.32,vdss_lombardo,TDC
Acebutolol,CCCC(=O)Nc1ccc(OCC(O)C[NH2+]C(C)C)c(C(C)=O)c1,1.7,vdss_lombardo,TDC
Acecainide (N-acetylprocainamide),CC[NH+](CC)CCNC(=O)c1ccc(NC(C)=O)cc1,1.9,vdss_lombardo,TDC
Acenocoumarol,CC(=O)CC(c1ccc([N+](=O)[O-])cc1)c1c([O-])c2ccccc2oc1=O,0.24,vdss_lombardo,TDC
Acetaminophen,CC(=O)Nc1ccc(O)cc1,1.0,vdss_lombardo,TDC
Acetazolamide,CC(=O)Nc1nnc(S(N)(=O)=O)s1,0.37,vdss_lombardo,TDC
"Acetylcysteine, N-",CC(=O)NC(CS)C(=O)[O-],0.55,vdss_lombardo,TDC
"Acetylmethadol, L-",CCC(OC(C)=O)C(CC(C)[NH+](C)C)(c1ccccc1)c1ccccc1,8.3,vdss_lombardo,TDC
Acetylsalicylic Acid,CC(=O)Oc1ccccc1C(=O)[O-],0.22,vdss_lombardo,TDC
Acivicin,[NH3+]C(C(=O)[O-])C1CC(Cl)=NO1,0.5,vdss_lombardo,TDC
Aclidinium bromide,O=C(OC1C[N+]2(CCCOc3ccccc3)CCC1CC2)C(O)(c1cccs1)c1cccs1,4.3,vdss_lombardo,TDC
Actisomide,CC1=NC(=O)C(CC[NH+](C(C)C)C(C)C)(c2ccccc2)C2CCCCN12,0.58,vdss_lombardo,TDC
Acyclovir,Nc1nc2c(ncn2COCCO)c(=O)[nH]1,0.71,vdss_lombardo,TDC
Adefovir,Nc1ncnc2c1ncn2CCOCP(=O)([O-])[O-],0.42,vdss_lombardo,TDC
Adinazolam,CN(C)Cc1nnc2n1-c1ccc(Cl)cc1C(c1ccccc1)=NC2,0.98,vdss_lombardo,TDC
AFN-1252,Cc1c(CN(C)C(=O)/C=C/C2=CNC3=[NH+]C(=O)CCC3=C2)oc2ccccc12,0.43,vdss_lombardo,TDC
Ajmaline,CC[C@H]1C2C[C@H]3[C@@H]4N(C)c5ccccc5[C@]45C[C@@H](C2[C@H]5O)[NH+]3[C@@H]1O,4.0,vdss_lombardo,TDC
Albuterol (salbutamol),CC(C)(C)[NH2+]CC(O)c1ccc(O)c(CO)c1,1.9,vdss_lombardo,TDC
Alcuronium,C=CC[N+]12CCC34c5ccccc5N5/C=C6/C7CC8C9(CC[N+]8(CC=C)C/C7=C/CO)c7ccccc7N(/C=C(/C(CC31)/C(=C/CO)C2)C54)C69,0.32,vdss_lombardo,TDC
Alendronate,[NH3+]CCCC(O)(P(=O)([O-])[O-])P(=O)([O-])O,0.33,vdss_lombardo,TDC
Alfentanil,CCC(=O)N(c1ccccc1)C1(COC)CCN(CCn2nnn(CC)c2=O)CC1,0.45,vdss_lombardo,TDC
Alfuzosin,COc1cc2[nH+]c(N(C)CCCNC(=O)C3CCCO3)nc(N)c2cc1OC,1.5,vdss_lombardo,TDC
Alizapride,C=CC[NH+]1CCCC1CNC(=O)c1cc2n[nH]nc2cc1OC,1.6,vdss_lombardo,TDC
Allopurinol,O=c1[nH]cnc2[nH]ncc12,0.58,vdss_lombardo,TDC
Almitrine,C=CCNc1nc(NCC=C)nc(N2CCN(C(c3ccc(F)cc3)c3ccc(F)cc3)CC2)n1,35.37,vdss_lombardo,TDC
Almokalant,CCCS(=O)CCC[NH+](CC)CC(O)COc1ccc(C#N)cc1,1.8,vdss_lombardo,TDC
Almorexant,CNC(=O)C(c1ccccc1)N1CCc2cc(OC)c(OC)cc2C1CCc1ccc(C(F)(F)F)cc1,9.75,vdss_lombardo,TDC
Almotriptan,C[NH+](C)CCc1c[nH]c2ccc(CS(=O)(=O)N3CCCC3)cc12,2.2,vdss_lombardo,TDC
Alosetron,Cc1[nH]cnc1CN1CCc2c(c3ccccc3n2C)C1=O,1.1,vdss_lombardo,TDC
Alpiropride,C=CC[NH+]1CCCC1CNC(=O)c1cc(S(=O)(=O)NC)c(N)cc1OC,2.3,vdss_lombardo,TDC
Alprazolam,Cc1nnc2n1-c1ccc(Cl)cc1C(c1ccccc1)=NC2,0.8,vdss_lombardo,TDC
Alprenolol,C=CCc1ccccc1OCC(O)C[NH2+]C(C)C,3.2,vdss_lombardo,TDC
Alprostadil,CCCCCC(O)/C=C/C1C(O)CC(=O)C1CCCCCCC(=O)[O-],2.4,vdss_lombardo,TDC
Amantadine,[NH3+]C12CC3CC(CC(C3)C1)C2,6.6,vdss_lombardo,TDC
Amdinocillin,CC1(C)SC2C([NH+]=CN3CCCCCC3)C(=O)N2C1C(=O)[O-],0.37,vdss_lombardo,TDC
Amezinium,COc1cc(N)cn[n+]1-c1ccccc1,4.0,vdss_lombardo,TDC
Amifostine,[NH3+]CCC[NH2+]CCSP(=O)([O-])[O-],0.09,vdss_lombardo,TDC
Amikacin,NC1CC(NC(=O)C(O)CC[NH3+])C(OC2OC(CO)C(O)C([NH3+])C2O)C(O)C1OC1OC(C[NH3+])C(O)C(O)C1O,0.16,vdss_lombardo,TDC
"Aminocamptothecin, 9-",CCC1(O)C(=O)OCc2c1cc1n(c2=O)Cc2cc3c(N)cccc3nc2-1,2.2,vdss_lombardo,TDC
"Aminohexanoic acid, 6-",[NH3+]CCCCCC(=O)[O-],0.39,vdss_lombardo,TDC
Aminolevulinic acid,[NH3+]CC(=O)CCC(=O)[O-],0.12,vdss_lombardo,TDC
"Aminosalicylic acid, 5-",Nc1ccc(O)c(C(=O)[O-])c1,0.33,vdss_lombardo,TDC
Amiodarone,CCCCc1oc2ccccc2c1C(=O)c1cc(I)c(OCC[NH+](CC)CC)c(I)c1,60.0,vdss_lombardo,TDC
Amitriptyline,C[NH+](C)CCC=C1c2ccccc2CCc2ccccc21,8.7,vdss_lombardo,TDC
Amlodipine,CCOC(=O)C1=C(COCC[NH3+])NC(C)=C(C(=O)OC)C1c1ccccc1Cl,17.0,vdss_lombardo,TDC
Amonafide,CN(C)CCN1C(=O)c2cccc3cc(N)cc(c23)C1=O,7.33,vdss_lombardo,TDC
Amoxicillin,CC1(C)SC2C(NC(=O)C([NH3+])c3ccc(O)cc3)C(=O)N2C1C(=O)[O-],0.25,vdss_lombardo,TDC
AMP579,CCNC(=O)C1CC(n2ccc3c(NC(CC)Cc4sccc4Cl)ncnc32)C(O)C1O,0.84,vdss_lombardo,TDC
Amphetamine (-d),CC([NH3+])Cc1ccccc1,6.1,vdss_lombardo,TDC
Amphotericin B,CC1/C=C\C=C/C=C\C=C/C=C\C=C/C=C\C(OC2OC(C)C(O)C([NH3+])C2O)CC2OC(O)(CC(O)CC(O)C(O)CCC(O)CC(O)CC(=O)OC(C)C(C)C1O)CC(O)C2C(=O)[O-],0.62,vdss_lombardo,TDC
Ampicillin,CC1(C)SC2C(NC(=O)C([NH3+])c3ccccc3)C(=O)N2C1C(=O)[O-],0.22,vdss_lombardo,TDC
Amrinone,Nc1cc(-c2ccncc2)c[nH]c1=O,1.3,vdss_lombardo,TDC
Amsacrine,COc1cc(NS(C)(=O)=O)ccc1Nc1c2ccccc2[nH+]c2ccccc12,1.6,vdss_lombardo,TDC
Amsalog,CNC(=O)c1cccc2c(Nc3ccc(NS(C)(=O)=O)cc3OC)c3cccc(C)c3[nH+]c12,0.3,vdss_lombardo,TDC
Amygdalin,N#CC(OC1OC(COC2OC(CO)C(O)C(O)C2O)C(O)C(O)C1O)c1ccccc1,0.21,vdss_lombardo,TDC
Anhydrovinblastine,CCC1=CC2CN(CCc3c([nH]c4ccccc34)C(C(=O)OC)(c3cc4c(cc3OC)N(C)C3C(O)(C(=O)OC)C(OC(C)=O)C5(CC)C=CCN6CCC43C65)C2)C1,12.0,vdss_lombardo,TDC
Anidulafungin,CCCCCOc1ccc(-c2ccc(-c3ccc(C(=O)NC4CC(O)C(O)NC(=O)C5C(O)C(C)CN5C(=O)C(C(C)O)NC(=O)C(C(O)C(O)c5ccc(O)cc5)NC(=O)C5CC(O)CN5C(=O)C(C(C)O)NC4=O)cc3)cc2)cc1,0.57,vdss_lombardo,TDC
Antipyrine,Cc1cc(=O)n(-c2ccccc2)n1C,0.77,vdss_lombardo,TDC
Antofloxacin,CC1COc2c(N3CC[NH+](C)CC3)c(F)c(N)c3c(=O)c(C(=O)[O-])cn1c23,2.42,vdss_lombardo,TDC
AP1903,CCC(C(=O)N1CCCCC1C(=O)OC(CCc1ccc(OC)c(OC)c1)c1cccc(OCC(=O)NCCNC(=O)COc2cccc(C(CCc3ccc(OC)c(OC)c3)OC(=O)C3CCCCN3C(=O)C(CC)c3cc(OC)c(OC)c(OC)c3)c2)c1)c1cc(OC)c(OC)c(OC)c1,0.62,vdss_lombardo,TDC
Apalcillin,CC1(C)SC2C(NC(=O)C(NC(=O)c3cnc4cccnc4c3[O-])c3ccccc3)C(=O)N2C1C(=O)[O-],0.16,vdss_lombardo,TDC
Apixaban,COc1ccc(-n2nc(C(N)=O)c3c2C(=O)N(c2ccc(N4CCCCC4=O)cc2)CC3)cc1,0.3,vdss_lombardo,TDC
Aplidine,CCC(C)C1NC(=O)C(NC(=O)C(CC(C)C)N(C)C(=O)C2CCCN2C(=O)C(C)=O)C(C)OC(=O)C(Cc2ccc(OC)cc2)N(C)C(=O)C2CCCN2C(=O)C(CC(C)C)NC(=O)C(C)C(=O)C(C(C)C)OC(=O)CC1O,13.3,vdss_lombardo,TDC
Apomorphine,C[NH+]1CCc2cccc3c2C1Cc1ccc(O)c(O)c1-3,1.6,vdss_lombardo,TDC
Aprepitant,CC(OC1OCCN(Cc2n[nH]c(=O)[nH]2)C1c1ccc(F)cc1)c1cc(C(F)(F)F)cc(C(F)(F)F)c1,0.94,vdss_lombardo,TDC
Arbekacin,N[C@H]1[C@H](O)[C@@H](CO)O[C@H](O[C@@H]2[C@@H](O)[C@H](O[C@H]3O[C@H](C[NH3+])CC[C@H]3[NH3+])[C@@H](N)C[C@H]2NC(=O)[C@@H](O)CC[NH3+])[C@@H]1O,0.21,vdss_lombardo,TDC
Argatroban,CC1CNc2c(cccc2S(=O)(=O)NC(CCCN=C(N)N)C(=O)N2CCC(C)CC2C(=O)[O-])C1,0.17,vdss_lombardo,TDC
Aripiprazole,O=C1CCc2ccc(OCCCC[NH+]3CCN(c4cccc(Cl)c4Cl)CC3)cc2N1,4.9,vdss_lombardo,TDC
Artesunate,CC1CCC2C(C)C(OC(=O)CCC(=O)O)OC3OC4(C)CCC1C32OO4,15.0,vdss_lombardo,TDC
Articaine,CCC[NH2+]C(C)C(=O)Nc1c(C)csc1C(=O)OC,7.7,vdss_lombardo,TDC
Asarone,C/C=C/c1cc(OC)c(OC)cc1OC,1.0,vdss_lombardo,TDC
Ascorbic acid,O=C1OC(C(O)CO)C([O-])=C1O,0.35,vdss_lombardo,TDC
Asenapine,C[NH+]1CC2c3ccccc3Oc3ccc(Cl)cc3C2C1,23.0,vdss_lombardo,TDC
Atenolol,CC(C)[NH2+]CC(O)COc1ccc(CC(N)=O)cc1,0.95,vdss_lombardo,TDC
Atipamizole,CCC1(c2cnc[nH]2)Cc2ccccc2C1,2.7,vdss_lombardo,TDC
Atomoxetine,C[NH2+]CCC(Oc1ccccc1C)c1ccccc1,0.85,vdss_lombardo,TDC
Atovaquone,O=C1C([O-])=C(C2CCC(c3ccc(Cl)cc3)CC2)C(=O)c2ccccc21,0.6,vdss_lombardo,TDC
Atracurium,COc1ccc(CC2c3cc(OC)c(OC)cc3CC[N+]2(C)CCC(=O)OCCCCCOC(=O)CC[N+]2(C)CCc3cc(OC)c(OC)cc3C2Cc2ccc(OC)c(OC)c2)cc1OC,0.1,vdss_lombardo,TDC
Atropine,C[NH+]1C2CCC1CC(OC(=O)C(CO)c1ccccc1)C2,3.3,vdss_lombardo,TDC
Avibactam,NC(=O)C1CCC2CN1C(=O)N2OS(=O)(=O)[O-],0.24,vdss_lombardo,TDC
Avosentan,COc1ccccc1Oc1c([N-]S(=O)(=O)c2ccc(C)cn2)nc(-c2ccncc2)nc1OC,0.27,vdss_lombardo,TDC
Azacitidine,Nc1ncn(C2OC(CO)C(O)C2O)c(=O)n1,0.47,vdss_lombardo,TDC
Azapropazone,CCC[c-]1c(=O)n2c(N(C)C)nc3ccc(C)cc3n2c1=O,0.12,vdss_lombardo,TDC
AZD4877,Cc1ccc(C(=O)N(CCC[NH3+])C(c2nc3snc(C)c3c(=O)n2Cc2ccccc2)C(C)C)cc1,6.74,vdss_lombardo,TDC
Azelastine,C[NH+]1CCCC(n2nc(Cc3ccc(Cl)cc3)c3ccccc3c2=O)CC1,15.0,vdss_lombardo,TDC
Azimilide,C[NH+]1CCN(CCCCN2C(=O)CN(/N=C/c3ccc(-c4ccc(Cl)cc4)o3)C2=O)CC1,13.0,vdss_lombardo,TDC
Azithromycin,CCC1OC(=O)C(C)C(OC2CC(C)(OC)C(O)C(C)O2)C(C)C(OC2OC(C)CC([NH+](C)C)C2O)C(C)(O)CC(C)C[NH+](C)C(C)C(O)C1(C)O,33.0,vdss_lombardo,TDC
Azlocillin,CC1(C)SC2C(NC(=O)C(NC(=O)N3CCNC3=O)c3ccccc3)C(=O)N2C1C(=O)[O-],0.26,vdss_lombardo,TDC
Aztreonam,CC1C(NC(=O)/C(=N\OC(C)(C)C(=O)[O-])c2csc(N)n2)C(=O)N1S(=O)(=O)[O-],0.18,vdss_lombardo,TDC
Baclofen,[NH3+]CC(CC(=O)[O-])c1ccc(Cl)cc1,0.65,vdss_lombardo,TDC
Bambuterol,CN(C)C(=O)Oc1cc(OC(=O)N(C)C)cc(C(O)C[NH2+]C(C)(C)C)c1,1.6,vdss_lombardo,TDC
Bazedoxifene,Cc1c(-c2ccc(O)cc2)n(Cc2ccc(OCC[NH+]3CCCCCC3)cc2)c2ccc(O)cc12,15.4,vdss_lombardo,TDC
BB 83698,CC(C)(C)C(NC(=O)C(CC1CCCC1)CN(O)C=O)C(=O)N1CCN(Cc2ccc3c(c2)OCO3)CC1,1.1,vdss_lombardo,TDC
Becatecarin,CC[NH+](CC)CCN1C(=O)c2c(c3c4cccc(Cl)c4n(C4OC(CO)C(OC)C(O)C4O)c3c3[nH]c4c(Cl)cccc4c23)C1=O,8.9,vdss_lombardo,TDC
Beclomethasone dipropionate,CCC(=O)OCC(=O)C1(OC(=O)CC)C(C)CC2C3CCC4=CC(=O)C=CC4(C)C3(Cl)C(O)CC21C,0.29,vdss_lombardo,TDC
Belinostat,O=C(/C=C/c1cccc(S(=O)(=O)Nc2ccccc2)c1)NO,0.8,vdss_lombardo,TDC
Bendamustine,Cn1c(CCCC(=O)[O-])[nH+]c2cc(N(CCCl)CCCl)ccc21,0.22,vdss_lombardo,TDC
Benperidol,O=C(CCC[NH+]1CCC(n2c(=O)[nH]c3ccccc32)CC1)c1ccc(F)cc1,3.8,vdss_lombardo,TDC
Benzydamine,C[NH+](C)CCCOc1nn(Cc2ccccc2)c2ccccc12,1.53,vdss_lombardo,TDC
Bepridil,CC(C)COCC(CN(Cc1ccccc1)c1ccccc1)[NH+]1CCCC1,10.1,vdss_lombardo,TDC
Berubicin,COc1cccc2c1C(=O)c1c(O)c3c(c(O)c1C2=O)CC(O)(C(=O)CO)CC3OC1CC([NH3+])C(OCc2ccccc2)C(C)O1,48.0,vdss_lombardo,TDC
Betamethasone,CC1CC2C3CCC4=CC(=O)C=CC4(C)C3(F)C(O)CC2(C)C1(O)C(=O)CO,1.3,vdss_lombardo,TDC
Betamipron,O=C([O-])CCNC(=O)c1ccccc1,0.28,vdss_lombardo,TDC
Betaxolol,CC(C)[NH2+]CC(O)COc1ccc(CCOCC2CC2)cc1,4.8,vdss_lombardo,TDC
Bevantolol,COc1ccc(CC[NH2+]CC(O)COc2cccc(C)c2)cc1OC,0.67,vdss_lombardo,TDC
BI2536,CCC1C(=O)N(C)c2cnc(Nc3ccc(C(=O)NC4CC[NH+](C)CC4)cc3OC)nc2N1C1CCCC1,31.2,vdss_lombardo,TDC
Biapenem,CC(O)C1C(=O)N2C(C(=O)[O-])=C(SC3Cn4cnc[n+]4C3)C(C)C12,0.2,vdss_lombardo,TDC
Bidisomide,CC(=O)N(CCC(CC[NH+]1CCCCC1)(C(N)=O)c1ccccc1Cl)C(C)C,2.6,vdss_lombardo,TDC
Bilobalide,CC(C)(C)C1(O)CC2OC(=O)CC23C(=O)OC2OC(=O)C(O)C231,2.5,vdss_lombardo,TDC
Bimatoprost,CCNC(=O)CCC/C=C/CC1C(O)CC(O)C1/C=C/C(O)CCc1ccccc1,0.67,vdss_lombardo,TDC
Binodenoson,Nc1nc(N[NH+]=CC2CCCCC2)nc2c1ncn2C1OC(CO)C(O)C1O,0.4,vdss_lombardo,TDC
Biolimus A9,CCOCCOC1CCC(CC(C)C2CC(=O)C(C)/C=C(\C)C(O)C(OC)C(=O)C(C)CC(C)/C=C/C=C/C=C(\C)C(OC)CC3CCC(C)C(O)(O3)C(=O)C(=O)N3CCCCC3C(=O)O2)CC1OC,44.5,vdss_lombardo,TDC
Biperiden,OC(CC[NH+]1CCCCC1)(c1ccccc1)C1CC2C=CC1C2,12.0,vdss_lombardo,TDC
Biricodar,COc1cc(C(=O)C(=O)N2CCCCC2C(=O)OC(CCCc2cccnc2)CCCc2cccnc2)cc(OC)c1OC,1.34,vdss_lombardo,TDC
Bisaramil,CC[NH+]1CC2C[NH+](C)CC(C1)C2OC(=O)c1ccc(Cl)cc1,9.0,vdss_lombardo,TDC
Bisoprolol,CC(C)[NH2+]CC(O)COc1ccc(COCCOC(C)C)cc1,2.4,vdss_lombardo,TDC
Bivalirudin,CC[C@H](C)[C@H](NC(=O)[C@H](CCC(=O)[O-])NC(=O)[C@H](CCC(=O)[O-])NC(=O)[C@H](Cc1ccccc1)NC(=O)[C@H](CC(=O)[O-])NC(=O)CNC(=O)[C@H](CC(N)=O)NC(=O)CNC(=O)CNC(=O)CNC(=O)CNC(=O)[C@@H]1CCCN1C(=O)[C@H](CCCNC(N)=[NH2+])NC(=O)[C@@H]1CCCN1C(=O)[C@H]([NH3+])Cc1ccccc1)C(=O)N1CCC[C@H]1C(=O)N[C@@H](CCC(=O)[O-])C(=O)N[C@@H](CCC(=O)[O-])C(=O)N[C@@H](Cc1ccc(O)cc1)C(=O)N[C@@H](CC(C)C)C(=O)[O-],0.27,vdss_lombardo,TDC
Bizelesin,Cc1c[nH]c2c(O)cc3c(c12)C(CCl)CN3C(=O)c1cc2cc(NC(=O)Nc3ccc4[nH]c(C(=O)N5CC(CCl)c6c5cc(O)c5[nH]cc(C)c65)cc4c3)ccc2[nH]1,0.05,vdss_lombardo,TDC
Bleomycin,Cc1c(N)nc([C@H](CC(N)=O)NC[C@H]([NH3+])C(N)=O)nc1C(=O)N[C@H](C(=O)N[C@H](C)[C@@H](O)[C@H](C)C(=O)N[C@H](C(=O)NCCc1nc(-c2nc(C(=O)NCCC[S+](C)C)cs2)cs1)[C@@H](C)O)[C@@H](O[C@@H]1O[C@@H](CO)[C@@H](O)[C@H](O)[C@@H]1O[C@H]1O[C@H](CO)[C@@H](O)[C@H](OC(N)=O)[C@@H]1O)c1cnc[nH]1,9.43,vdss_lombardo,TDC
BLP1654,CC1(C)SC2C(NC(=O)C(NC(=O)NC(N)=[NH2+])c3ccccc3)C(=O)N2C1C(=O)[O-],0.24,vdss_lombardo,TDC
BMS-214662,N#Cc1ccc2c(c1)CN(S(=O)(=O)c1cccs1)C(Cc1ccccc1)CN2Cc1cnc[nH]1,0.84,vdss_lombardo,TDC
Bortezomib,CC(C)CC(NC(=O)C(Cc1ccccc1)NC(=O)c1cnccn1)B(O)O,10.0,vdss_lombardo,TDC
Bosentan,COc1ccccc1Oc1c([N-]S(=O)(=O)c2ccc(C(C)(C)C)cc2)nc(-c2ncccn2)nc1OCCO,0.29,vdss_lombardo,TDC
Bromazepam,O=C1CN=C(c2ccccn2)c2cc(Br)ccc2N1,0.85,vdss_lombardo,TDC
Bromfenac,Nc1c(CC(=O)[O-])cccc1C(=O)c1ccc(Br)cc1,0.11,vdss_lombardo,TDC
Bromopride,CC[NH+](CC)CCNC(=O)c1cc(Br)c(N)cc1OC,3.1,vdss_lombardo,TDC
Bromotetrandrine,COc1ccc2cc1Oc1ccc(cc1)CC1(C)c3cc(c(OC)cc3CC[NH+]1C)Oc1c(OC)c(OC)c(Br)c3c1C(C)(C2)N(C)CC3,51.0,vdss_lombardo,TDC
Brostallicin,C=C(Br)C(=O)Nc1cc(C(=O)Nc2cc(C(=O)Nc3cc(C(=O)Nc4cc(C(=O)NCCNC(N)=[NH2+])n(C)c4)n(C)c3)n(C)c2)n(C)c1,0.36,vdss_lombardo,TDC
Brotizolam,Cc1nnc2n1-c1sc(Br)cc1C(c1ccccc1Cl)=NC2,0.75,vdss_lombardo,TDC
Budesonide,CCCC1OC2CC3C4CCC5=CC(=O)C=CC5(C)C4C(O)CC3(C)C2(C(=O)CO)O1,3.9,vdss_lombardo,TDC
Buflomedil,COc1cc(OC)c(C(=O)CCC[NH+]2CCCC2)c(OC)c1,1.3,vdss_lombardo,TDC
Bufuralol,CCc1cccc2cc(C(O)C[NH2+]C(C)(C)C)oc12,1.7,vdss_lombardo,TDC
Bumetanide,CCCCNc1cc(C(=O)[O-])cc(S(N)(=O)=O)c1Oc1ccccc1,0.16,vdss_lombardo,TDC
Bunazosin,CCCC(=O)N1CCCN(c2nc(N)c3cc(OC)c(OC)cc3n2)CC1,0.72,vdss_lombardo,TDC
Bupivacaine,CCCC[NH+]1CCCCC1C(=O)Nc1c(C)cccc1C,0.84,vdss_lombardo,TDC
Buprenorphine,COC12CCC3(CC1C(C)(O)C(C)(C)C)C1Cc4ccc(O)c5c4C3(CC[NH+]1CC1CC1)C2O5,4.9,vdss_lombardo,TDC
Busulphan,CS(=O)(=O)OCCCCOS(C)(=O)=O,0.55,vdss_lombardo,TDC
Buthionine sulfoximine,CCCCS(=N)(=O)CCC([NH3+])C(=O)[O-],0.26,vdss_lombardo,TDC
Butorphanol,Oc1ccc2c(c1)C13CCCCC1(O)C(C2)[NH+](CC1CCC1)CC3,12.0,vdss_lombardo,TDC
Cabazitaxel,COC1C(=O)C2(C)C(OC)CC3OCC3(OC(C)=O)C2C(OC(=O)c2ccccc2)C2(O)CC(OC(=O)C(O)C(NC(=O)OC(C)(C)C)c3ccccc3)C(C)=C1C2(C)C,48.0,vdss_lombardo,TDC
Caderofloxacin,CC1CN(c2c(F)cc3c(=O)c(C(=O)[O-])cn(C4CC4)c3c2OC(F)F)CC[NH2+]1,1.1,vdss_lombardo,TDC
Caffeine,Cn1c(=O)c2c(ncn2C)n(C)c1=O,0.63,vdss_lombardo,TDC
Candesartan,CCOc1nc2cccc(C(=O)[O-])c2n1Cc1ccc(-c2ccccc2-c2nnn[n-]2)cc1,0.13,vdss_lombardo,TDC
Candoxatrilat,COCCOCC(CC1(C(=O)NC2CCC(C(=O)[O-])CC2)CCCC1)C(=O)[O-],0.25,vdss_lombardo,TDC
Cangrelor,CSCCNc1nc(SCCC(F)(F)F)nc2c1ncn2C1OC(COP(=O)([O-])OP(=O)([O-])C(Cl)(Cl)P(=O)([O-])[O-])C(O)C1O,0.04,vdss_lombardo,TDC
Captopril,CC(CS)C(=O)N1CCCC1C(=O)[O-],0.75,vdss_lombardo,TDC
Carbenicillin,CC1(C)SC2C(NC(=O)C(C(=O)[O-])c3ccccc3)C(=O)N2C1C(=O)[O-],0.17,vdss_lombardo,TDC
Carebastine,CC(C)(C(=O)[O-])c1ccc(C(=O)CCC[NH+]2CCC(OC(c3ccccc3)c3ccccc3)CC2)cc1,0.41,vdss_lombardo,TDC
Carfilzomib,CC(C)CC(NC(=O)C(CCc1ccccc1)NC(=O)CN1CCOCC1)C(=O)NC(Cc1ccccc1)C(=O)NC(CC(C)C)C(=O)C1(C)CO1,0.13,vdss_lombardo,TDC
Carmustine (BCNU),O=NN(CCCl)C(=O)NCCCl,1.2,vdss_lombardo,TDC
Carnitine_L,C[N+](C)(C)CC(O)CC(=O)[O-],0.4,vdss_lombardo,TDC
Carumonam,NC(=O)OCC1C(NC(=O)/C(=N/OCC(=O)[O-])c2csc(N)n2)C(=O)N1S(=O)(=O)[O-],0.18,vdss_lombardo,TDC
Carvedilol,COc1ccccc1OCC[NH2+]CC(O)COc1cccc2[nH]c3ccccc3c12,1.3,vdss_lombardo,TDC
Carzelesin,CCN(CC)c1ccc2cc(C(=O)Nc3ccc4[nH]c(C(=O)N5CC(CCl)c6c5cc(OC(=O)Nc5ccccc5)c5[nH]cc(C)c65)cc4c3)oc2c1,0.09,vdss_lombardo,TDC
Caspofungin,CCC(C)CC(C)CCCCCCCCC(=O)NC1CC(O)C(NCC[NH3+])NC(=O)C2C(O)CCN2C(=O)C(C(O)CC[NH3+])NC(=O)C(C(O)C(O)c2ccc(O)cc2)NC(=O)C2CC(O)CN2C(=O)C(C(C)O)NC1=O,0.13,vdss_lombardo,TDC
CB 10-277,CN(C)N=Nc1ccc(C(=O)[O-])cc1,0.25,vdss_lombardo,TDC
Cefadroxil,CC1=C(C(=O)[O-])N2C(=O)C(NC(=O)C([NH3+])c3ccc(O)cc3)C2SC1,0.23,vdss_lombardo,TDC
Cefamandole,Cn1nnnc1SCC1=C(C(=O)[O-])N2C(=O)C(NC(=O)C(O)c3ccccc3)C2SC1,0.16,vdss_lombardo,TDC
Cefatrizine,[NH3+]C(C(=O)NC1C(=O)N2C(C(=O)[O-])=C(CSc3c[n-]nn3)CSC12)c1ccc(O)cc1,0.22,vdss_lombardo,TDC
Cefazedone,Cc1nnc(SCC2=C(C(=O)[O-])N3C(=O)C(NC(=O)Cn4cc(Cl)c(=O)c(Cl)c4)C3SC2)s1,0.13,vdss_lombardo,TDC
Cefazolin,Cc1nnc(SCC2=C(C(=O)[O-])N3C(=O)C(NC(=O)Cn4cnnn4)C3SC2)s1,0.12,vdss_lombardo,TDC
Cefcanel,Cc1nnc(SCC2=C(C(=O)[O-])N3C(=O)C(NC(=O)C(O)c4ccccc4)C3SC2)s1,0.13,vdss_lombardo,TDC
Cefclidin,CO/N=C(/C(=O)NC1C(=O)N2C(C(=O)[O-])=C(C[N+]34CCC(C(N)=O)(CC3)CC4)CSC12)c1nsc(N)n1,0.27,vdss_lombardo,TDC
Cefepime,CO/N=C(\C(=O)NC1C(=O)N2C(C(=O)[O-])=C(C[N+]3(C)CCCC3)CSC12)c1csc(N)n1,0.28,vdss_lombardo,TDC
Cefetamet,CO/N=C(/C(=O)NC1C(=O)N2C(C(=O)[O-])=C(C)CSC12)c1csc(N)n1,0.28,vdss_lombardo,TDC
Cefixime,C=CC1=C(C(=O)[O-])N2C(=O)C(NC(=O)/C(=N/OCC(=O)[O-])c3csc(N)n3)C2SC1,0.24,vdss_lombardo,TDC
Cefmenoxime,CO/N=C(\C(=O)NC1C(=O)N2C(C(=O)[O-])=C(CSc3nnnn3C)CSC12)c1csc(N)n1,0.2,vdss_lombardo,TDC
Cefmetazole,COC1(NC(=O)CSCC#N)C(=O)N2C(C(=O)[O-])=C(CSc3nnnn3C)CSC21,0.13,vdss_lombardo,TDC
Cefodizime,CO/N=C(\C(=O)NC1C(=O)N2C(C(=O)[O-])=C(CSc3nc(C)c(CC(=O)[O-])s3)CSC12)c1csc(N)n1,0.05,vdss_lombardo,TDC
Cefonicid,O=C([O-])C1=C(CSc2nnnn2CS(=O)(=O)[O-])CSC2C(NC(=O)C(O)c3ccccc3)C(=O)N12,0.14,vdss_lombardo,TDC
Cefoperazone,CCN1CCN(C(=O)NC(C(=O)NC2C(=O)N3C(C(=O)[O-])=C(CSc4nnnn4C)CSC23)c2ccc(O)cc2)C(=O)C1=O,0.17,vdss_lombardo,TDC
Ceforanide,[NH3+]Cc1ccccc1CC(=O)NC1C(=O)N2C(C(=O)[O-])=C(CSc3nnnn3CC(=O)[O-])CSC12,0.17,vdss_lombardo,TDC
Cefoselis,CO/N=C(/C(=O)NC1C(=O)N2C(C(=O)[O-])=C(Cn3ccc(=[NH2+])n3CCO)CSC12)c1csc(N)n1,0.3,vdss_lombardo,TDC
Cefotaxime,CO/N=C(/C(=O)NC1C(=O)N2C(C(=O)[O-])=C(COC(C)=O)CSC12)c1csc(N)n1,0.19,vdss_lombardo,TDC
Cefotetan,COC1(NC(=O)C2SC(=C(C(N)=O)C(=O)[O-])S2)C(=O)N2C(C(=O)[O-])=C(CSc3nnnn3C)CSC21,0.13,vdss_lombardo,TDC
Cefoxitin,COC1(NC(=O)Cc2cccs2)C(=O)N2C(C(=O)[O-])=C(COC(N)=O)CSC21,0.17,vdss_lombardo,TDC
Cefozopran,CO/N=C(/C(=O)NC1C(=O)N2C(C(=O)[O-])=C(C[n+]3ccn4ncccc43)CSC12)c1nsc(N)n1,0.24,vdss_lombardo,TDC
Cefpimizole,O=C([O-])C1=C(C[n+]2ccc(CCS(=O)(=O)[O-])cc2)CSC2C(NC(=O)C(NC(=O)c3nc[nH]c3C(=O)[O-])c3ccccc3)C(=O)N12,0.21,vdss_lombardo,TDC
Cefpiramide,Cc1cc([O-])c(C(=O)NC(C(=O)NC2C(=O)N3C(C(=O)[O-])=C(CSc4nnnn4C)CSC23)c2ccc(O)cc2)cn1,0.15,vdss_lombardo,TDC
Cefpirome,CO/N=C(/C(=O)NC1C(=O)N2C(C(=O)[O-])=C(C[n+]3cccc4c3CCC4)CSC12)c1csc(N)n1,0.24,vdss_lombardo,TDC
Cefprozil,C/C=C/C1=C(C(=O)[O-])N2C(=O)C(NC(=O)C([NH3+])c3ccc(O)cc3)C2SC1,0.21,vdss_lombardo,TDC
Ceftaroline fosamil,CCO/N=C(/C(=O)NC1C(=O)N2C(C(=O)[O-])=C(Sc3nc(-c4cc[n+](C)cc4)cs3)CSC12)c1nsc(NP(=O)([O-])O)n1,0.53,vdss_lombardo,TDC
Ceftazidime,CC(C)(O/N=C(/C(=O)NC1C(=O)N2C(C(=O)[O-])=C(C[n+]3ccccc3)CSC12)c1csc(N)n1)C(=O)[O-],0.31,vdss_lombardo,TDC
Ceftizoxime,CO/N=C(\C(=O)NC1C(=O)N2C(C(=O)[O-])=CCSC12)c1csc(N)n1,0.2,vdss_lombardo,TDC
Ceftobiprole,Nc1nc(/C(=N\O)C(=O)NC2C(=O)N3C(C(=O)[O-])=C(/C=C4\CCN(C5CC[NH2+]C5)C4=O)CSC23)ns1,0.27,vdss_lombardo,TDC
Ceftolozane,Cn1c(N)c(NC(=O)NCC[NH3+])c[n+]1CC1=C(C(=O)[O-])N2C(=O)C(NC(=O)/C(=N/OC(C)(C)C(=O)[O-])c3nsc(N)n3)C2SC1,0.17,vdss_lombardo,TDC
Ceftriaxone,CO/N=C(/C(=O)NC1C(=O)N2C(C(=O)[O-])=C(CSc3nc(=O)c(=O)[n-]n3C)CSC12)c1csc(N)n1,0.12,vdss_lombardo,TDC
Cefuroxime,CO/N=C(\C(=O)NC1C(=O)N2C(C(=O)[O-])=C(COC(N)=O)CSC12)c1ccco1,0.15,vdss_lombardo,TDC
CEP-18770,CC(C)CC(NC(=O)C(NC(=O)c1cccc(-c2ccccc2)n1)C(C)O)B(O)O,0.87,vdss_lombardo,TDC
Cephalexin,CC1=C(C(=O)[O-])N2C(=O)C(NC(=O)C([NH3+])c3ccccc3)C2SC1,0.21,vdss_lombardo,TDC
Cephaloridine,O=C(Cc1cccs1)NC1C(=O)N2C(C(=O)[O-])=C(C[n+]3ccccc3)CSC12,0.46,vdss_lombardo,TDC
Cephalothin,CC(=O)OCC1=C(C(=O)[O-])N2C(=O)C(NC(=O)Cc3cccs3)C2SC1,0.07,vdss_lombardo,TDC
Cephapirin,CC(=O)OCC1=C(C(=O)[O-])N2C(=O)C(NC(=O)CSc3ccncc3)C2SC1,0.13,vdss_lombardo,TDC
Cephradine,CC1=C(C(=O)[O-])N2C(=O)C(NC(=O)C([NH3+])C3=CCC=CC3)C2SC1,0.21,vdss_lombardo,TDC
Cerivastatin,COCc1c(C(C)C)nc(C(C)C)c(/C=C/C(O)CC(O)CC(=O)[O-])c1-c1ccc(F)cc1,0.33,vdss_lombardo,TDC
Cetrorelix,CC(=O)NC(Cc1ccc2ccccc2c1)C(=O)NC(Cc1ccc(Cl)cc1)C(=O)NC(Cc1cccnc1)C(=O)NC(CO)C(=O)NC(Cc1ccc(O)cc1)C(=O)NC(CCCNC(N)=O)C(=O)NC(CC(C)C)C(=O)NC(CCCNC(N)=[NH2+])C(=O)N1CCCC1C(=O)NC(C)C(N)=O,0.39,vdss_lombardo,TDC
Chlorambucil,O=C([O-])CCCc1ccc(N(CCCl)CCCl)cc1,0.26,vdss_lombardo,TDC
Chloramphenicol,O=C(NC(CO)C(O)c1ccc([N+](=O)[O-])cc1)C(Cl)Cl,0.94,vdss_lombardo,TDC
Chlorazepate,O=C([O-])C1N=C(c2ccccc2)c2cc(Cl)ccc2NC1=O,0.2,vdss_lombardo,TDC
Chlordiazepoxide,CNC1=Nc2ccc(Cl)cc2C(c2ccccc2)=[N+]([O-])C1,0.25,vdss_lombardo,TDC
Chlormethiazole,Cc1ncsc1CCCl,6.6,vdss_lombardo,TDC
"Chlorophenylpiperazine, m-",Clc1cccc(N2CC[NH2+]CC2)c1,2.5,vdss_lombardo,TDC
Chloroquine,CC[NH+](CC)CCCC(C)Nc1cc[nH+]c2cc(Cl)ccc12,140.0,vdss_lombardo,TDC
Chlorpheniramine,C[NH+](C)CCC(c1ccc(Cl)cc1)c1ccccn1,3.3,vdss_lombardo,TDC
Chlorpromazine,C[NH+](C)CCCN1c2ccccc2Sc2ccc(Cl)cc21,10.0,vdss_lombardo,TDC
Chlorpropamide,CCCNC(=O)[N-]S(=O)(=O)c1ccc(Cl)cc1,0.19,vdss_lombardo,TDC
Chlortetracycline,C[NH+](C)C1C([O-])=C(C(N)=O)C(=O)C2(O)C([O-])=C3C(=O)c4c(O)ccc(Cl)c4C(C)(O)C3CC12,0.9,vdss_lombardo,TDC
Chlorthalidone,NS(=O)(=O)c1cc(C2(O)NC(=O)c3ccccc32)ccc1Cl,3.9,vdss_lombardo,TDC
Cibenzoline,c1ccc(C2(c3ccccc3)CC2C2=[NH+]CCN2)cc1,4.1,vdss_lombardo,TDC
Cicaprost,CCC#CCC(C)C(O)C#CC1C(O)CC2C/C(=C\COCC(=O)[O-])CC21,0.08,vdss_lombardo,TDC
Ciclesonide,CC(C)C(=O)OCC(=O)C12OC(C3CCCCC3)OC1CC1C3CCC4=CC(=O)C=CC4(C)C3C(O)CC12C,2.9,vdss_lombardo,TDC
Cidofovir,Nc1ccn(CC(CO)OCP(=O)([O-])[O-])c(=O)n1,0.49,vdss_lombardo,TDC
Cilastatin,CC1(C)CC1C(=O)N/C(=C\CCCCSCC([NH3+])C(=O)[O-])C(=O)[O-],0.15,vdss_lombardo,TDC
Cilazaprilat,O=C([O-])C(CCc1ccccc1)[NH2+]C1CCCN2CCCC(C(=O)[O-])N2C1=O,3.7,vdss_lombardo,TDC
Cilengitide,CC(C)C1C(=O)NC(CCCNC(N)=[NH2+])C(=O)NCC(=O)NC(CC(=O)[O-])C(=O)NC(Cc2ccccc2)C(=O)N1C,0.26,vdss_lombardo,TDC
Cilomilast,COc1ccc(C2(C#N)CCC(C(=O)[O-])CC2)cc1OC1CCCC1,0.23,vdss_lombardo,TDC
Cimetidine,CN/C(=N\CCSCc1nc[nH]c1C)NC#N,1.2,vdss_lombardo,TDC
Cinacalcet,CC([NH2+]CCCc1cccc(C(F)(F)F)c1)c1cccc2ccccc12,17.6,vdss_lombardo,TDC
Cinaciguat,O=C([O-])CCCC[NH+](CCc1ccccc1OCc1ccc(CCc2ccccc2)cc1)Cc1ccc(C(=O)[O-])cc1,0.24,vdss_lombardo,TDC
Ciprofloxacin,O=C([O-])c1cn(C2CC2)c2cc(N3CC[NH2+]CC3)c(F)cc2c1=O,2.1,vdss_lombardo,TDC
Cisapride,COc1cc(N)c(Cl)cc1C(=O)NC1CC[NH+](CCCOc2ccc(F)cc2)CC1OC,1.2,vdss_lombardo,TDC
Cisatracurium,COc1ccc(CC2c3cc(OC)c(OC)cc3CC[N+]2(C)CCC(=O)OCCCCCOC(=O)CC[N+]2(C)CCc3cc(OC)c(OC)cc3C2Cc2ccc(OC)c(OC)c2)cc1OC,0.14,vdss_lombardo,TDC
Citalopram,C[NH+](C)CCCC1(c2ccc(F)cc2)OCc2cc(C#N)ccc21,12.0,vdss_lombardo,TDC
Cladribine,Nc1nc(Cl)nc2c1ncn2C1CC(O)C(CO)O1,7.7,vdss_lombardo,TDC
Clarithromycin,CCC1OC(=O)C(C)C(OC2CC(C)(OC)C(O)C(C)O2)C(C)C(OC2OC(C)CC([NH+](C)C)C2O)C(C)(OC)CC(C)C(=O)C(C)C(O)C1(C)O,1.5,vdss_lombardo,TDC
Clavulanic Acid,O=C([O-])C1/C(=C/CO)OC2CC(=O)N21,0.22,vdss_lombardo,TDC
Clazosentan,COc1ccccc1Oc1c([N-]S(=O)(=O)c2ccc(C)cn2)nc(-c2ccnc(-c3nnn[n-]3)c2)nc1OCCO,0.23,vdss_lombardo,TDC
Clentiazem,COc1ccc(C2Sc3cc(Cl)ccc3N(CC[NH+](C)C)C(=O)C2OC(C)=O)cc1,9.7,vdss_lombardo,TDC
Clevidipine,CCCC(=O)OCOC(=O)C1=C(C)NC(C)=C(C(=O)OC)C1c1cccc(Cl)c1Cl,0.58,vdss_lombardo,TDC
Clinafloxacin,[NH3+]C1CCN(c2c(F)cc3c(=O)c(C(=O)[O-])cn(C4CC4)c3c2Cl)C1,1.9,vdss_lombardo,TDC
Clindamycin,CCCC1CC(C(=O)NC(C(C)Cl)C2OC(SC)C(O)C(O)C2O)[NH+](C)C1,0.79,vdss_lombardo,TDC
Clodronate,O=P([O-])([O-])C(Cl)(Cl)P(=O)([O-])O,0.88,vdss_lombardo,TDC
Clofarabine,Nc1nc(Cl)nc2c1ncn2C1OC(CO)C(O)C1F,1.75,vdss_lombardo,TDC
Clomipramine,C[NH+](C)CCCN1c2ccccc2CCc2ccc(Cl)cc21,13.0,vdss_lombardo,TDC
Clonazepam,O=C1CN=C(c2ccccc2Cl)c2cc([N+](=O)[O-])ccc2N1,2.9,vdss_lombardo,TDC
Clonidine,Clc1cccc(Cl)c1NC1=[NH+]CCN1,3.3,vdss_lombardo,TDC
Clozapine,C[NH+]1CCN(C2=Nc3cc(Cl)ccc3Nc3ccccc32)CC1,1.6,vdss_lombardo,TDC
Cobimetinib,O=C(c1ccc(F)c(F)c1Nc1ccc(I)cc1F)N1CC(O)(C2CCCC[NH2+]2)C1,15.4,vdss_lombardo,TDC
Cocaethylene,CCOC(=O)C1C(OC(=O)c2ccccc2)CC2CCC1[NH+]2C,1.6,vdss_lombardo,TDC
Cocaine,COC(=O)C1C(OC(=O)c2ccccc2)CC2CCC1[NH+]2C,2.0,vdss_lombardo,TDC
Codeine,COc1ccc2c3c1OC1C(O)C=CC4C(C2)[NH+](C)CCC341,3.5,vdss_lombardo,TDC
Colchicine,COc1cc2c(c(OC)c1OC)-c1ccc(OC)c(=O)cc1C(NC(C)=O)CC2,6.1,vdss_lombardo,TDC
Conivaptan,Cc1nc2c([nH]1)-c1ccccc1N(C(=O)c1ccc(NC(=O)c3ccccc3-c3ccccc3)cc1)CC2,0.76,vdss_lombardo,TDC
Cotinine,CN1C(=O)CCC1c1cccnc1,1.1,vdss_lombardo,TDC
Coumarin,O=c1ccc2ccccc2o1,1.1,vdss_lombardo,TDC
CP-65207,CC(O)C1C(=O)N2C(C(=O)[O-])=C(SC3CCS(=O)C3)SC12,0.21,vdss_lombardo,TDC
Cyanamide,N#CN,0.78,vdss_lombardo,TDC
Cyclizine,C[NH+]1CCN(C(c2ccccc2)c2ccccc2)CC1,16.5,vdss_lombardo,TDC
Cyclophosphamide,O=P1(N(CCCl)CCCl)[NH2+]CCCO1,0.73,vdss_lombardo,TDC
Cyclosporine,C/C=C/CC(C)C(O)C1C(=O)NC(CC)C(=O)N(C)CC(=O)N(C)C(CC(C)C)C(=O)NC(C(C)C)C(=O)N(C)C(CC(C)C)C(=O)NC(C)C(=O)NC(C)C(=O)N(C)C(CC(C)C)C(=O)N(C)C(CC(C)C)C(=O)N(C)C(C(C)C)C(=O)N1C,3.3,vdss_lombardo,TDC
CYT997,CCCC(Nc1nc(-c2ccc(NC(=O)NCC)c(OC)c2)ncc1C)c1cccnc1,3.41,vdss_lombardo,TDC
Cytarabine,Nc1ccn(C2OC(CO)C(O)C2O)c(=O)n1,0.67,vdss_lombardo,TDC
Dabigatran,Cn1c(CNc2ccc(C(N)=[NH2+])cc2)nc2cc(C(=O)N(CCC(=O)[O-])c3ccccn3)ccc21,0.85,vdss_lombardo,TDC
Dacarbazine,CN(C)N=Nc1nc[nH]c1C(N)=O,1.2,vdss_lombardo,TDC
Dacinostat.,O=C(/C=C/c1ccc(C[NH+](CCO)CCc2c[nH]c3ccccc23)cc1)NO,2.17,vdss_lombardo,TDC
Dalbavancin,CN[C@H]1C(=O)N[C@@H]2Cc3ccc(cc3)Oc3cc4cc(c3O[C@@H]3O[C@H](C(=O)[O-])[C@@H](O)[C@H](O)[C@H]3NC(=O)CCCCCCCCC(C)C)Oc3ccc(cc3Cl)[C@@H](O)[C@@H]3NC(=O)[C@H](NC(=O)[C@@H]4NC(=O)[C@@H](NC2=O)c2cc(cc(O)c2Cl)Oc2cc1ccc2O)c1ccc(O)c(c1)-c1c(O[C@H]2O[C@H](CO)[C@@H](O)[C@H](O)[C@@H]2O)cc(O)cc1[C@@H](C(=O)NCCC[NH+](C)C)NC3=O,0.14,vdss_lombardo,TDC
Dalfampridine,Nc1cc[nH+]cc1,2.6,vdss_lombardo,TDC
Dalfopristin,CCN(CC)CCS(=O)(=O)C1CCN2C(=O)c3coc(n3)CC(=O)CC(O)/C=C(C)/C=C/CNC(=O)/C=C/C(C)C(C(C)C)OC(=O)C12,0.39,vdss_lombardo,TDC
Dantrolene,O=C1CN(/N=C\c2ccc(-c3ccc([N+](=O)[O-])cc3)o2)C(=O)[N-]1,0.37,vdss_lombardo,TDC
Danusertib,COC(C(=O)N1Cc2[nH]nc(NC(=O)c3ccc(N4CC[NH+](C)CC4)cc3)c2C1)c1ccccc1,2.5,vdss_lombardo,TDC
Dapagliflozin,CCOc1ccc(Cc2cc(C3OC(CO)C(O)C(O)C3O)ccc2Cl)cc1,1.7,vdss_lombardo,TDC
Dapsone,Nc1ccc(S(=O)(=O)c2ccc(N)cc2)cc1,0.83,vdss_lombardo,TDC
Daptomycin,CCCCCCCCCC(=O)N[C@@H](Cc1c[nH]c2ccccc12)C(=O)N[C@H](CC(N)=O)C(=O)N[C@@H](CC(=O)[O-])C(=O)N[C@@H]1C(=O)NCC(=O)N[C@@H](CCC[NH3+])C(=O)N[C@@H](CC(=O)[O-])C(=O)N[C@H](C)C(=O)N[C@@H](CC(=O)[O-])C(=O)NCC(=O)N[C@H](CO)C(=O)N[C@@H]([C@H](C)CC(=O)[O-])C(=O)N[C@@H](CC(=O)c2ccccc2N)C(=O)O[C@@H]1C,0.09,vdss_lombardo,TDC
Darapladib,CC[NH+](CC)CCN(Cc1ccc(-c2ccc(C(F)(F)F)cc2)cc1)C(=O)Cn1c(SCc2ccc(F)cc2)nc(=O)c2c1CCC2,11.9,vdss_lombardo,TDC
Darifenacin,NC(=O)C(c1ccccc1)(c1ccccc1)C1CC[NH+](CCc2ccc3c(c2)CCO3)C1,2.6,vdss_lombardo,TDC
Deacetyl metipranolol,Cc1cc(OCC(O)C[NH2+]C(C)C)c(C)c(C)c1O,3.6,vdss_lombardo,TDC
Decitabine,Nc1ncn(C2CC(O)C(CO)O2)c(=O)n1,4.6,vdss_lombardo,TDC
Deferasirox,O=C([O-])c1ccc(-n2nc(-c3ccccc3O)nc2-c2ccccc2O)cc1,0.2,vdss_lombardo,TDC
Deferolimus,COC1CC2CCC(C)C(O)(O2)C(=O)C(=O)N2CCCCC2C(=O)OC(C(C)CC2CCC(OP(C)(C)=O)C(OC)C2)CC(=O)C(C)/C=C(\C)C(O)C(OC)C(=O)C(C)CC(C)/C=C/C=C/C=C/1C,3.2,vdss_lombardo,TDC
Degarelix,CC(=O)N[C@H](Cc1ccc2ccccc2c1)C(=O)N[C@H](Cc1ccc(Cl)cc1)C(=O)N[C@H](Cc1cccnc1)C(=O)N[C@@H](CO)C(=O)N[C@@H](Cc1ccc(NC(=O)[C@@H]2CC(=O)NC(=O)N2)cc1)C(=O)N[C@H](Cc1ccc(NC(N)=O)cc1)C(=O)N[C@@H](CC(C)C)C(=O)N[C@@H](CCCC[NH2+]C(C)C)C(=O)N1CCC[C@H]1C(=O)N[C@H](C)C(N)=O,0.74,vdss_lombardo,TDC
Dehydroandrographolide succinate,C=C1CCC2C(C)(COC(=O)CCC(=O)[O-])C(OC(=O)CCC(=O)[O-])CCC2(C)C1/C=C/C1=CCOC1=O,0.13,vdss_lombardo,TDC
Delorazepam (Chlordesmethyldiazepam),O=C1CN=C(c2ccccc2Cl)c2cc(Cl)ccc2N1,2.2,vdss_lombardo,TDC
Demethylchlortetracycline,C[NH+](C)C1C([O-])=C(C(N)=O)C(=O)C2(O)C([O-])=C3C(=O)c4c(O)ccc(Cl)c4C(O)C3CC12,1.3,vdss_lombardo,TDC
Denaverine,CCC(CC)COC(C(=O)OCC[NH+](C)C)(c1ccccc1)c1ccccc1,7.1,vdss_lombardo,TDC
Deramciclane,C[NH+](C)CCOC1(c2ccccc2)CC2CCC1(C)C2(C)C,7.7,vdss_lombardo,TDC
"Desacetylpaclitaxel, 4-; 4-methyl carbonate",COC(=O)OC12COC1CC(O)C1(C)C(=O)C(OC(C)=O)C3=C(C)C(OC(=O)C(O)C(NC(=O)c4ccccc4)c4ccccc4)CC(O)(C(OC(=O)c4ccccc4)C21)C3(C)C,6.9,vdss_lombardo,TDC
Desipramine,C[NH2+]CCCN1c2ccccc2CCc2ccccc21,15.0,vdss_lombardo,TDC
Desmethyldiazepam,O=C1CN=C(c2ccccc2)c2cc(Cl)ccc2N1,0.45,vdss_lombardo,TDC
Desmopressin,NC(=[NH2+])NCCCC(NC(=O)C1CCCN1C(=O)C1CSSCCC(=O)NC(Cc2ccc(O)cc2)C(=O)NC(Cc2ccccc2)C(=O)NC(CCC(N)=O)C(=O)NC(CC(N)=O)C(=O)N1)C(=O)NCC(N)=O,0.3,vdss_lombardo,TDC
Desvenlafaxine,C[NH+](C)CC(c1ccc(O)cc1)C1(O)CCCCC1,3.5,vdss_lombardo,TDC
Dexamethasone,CC1CC2C3CCC4=CC(=O)C=CC4(C)C3(F)C(O)CC2(C)C1(O)C(=O)CO,0.94,vdss_lombardo,TDC
Dexanabinol,CCCCCCC(C)(C)c1cc(O)c2c(c1)OC(C)(C)C1CC=C(CO)CC21,5.06,vdss_lombardo,TDC
Dexfenfluramine,CC[NH2+]C(C)Cc1cccc(C(F)(F)F)c1,11.0,vdss_lombardo,TDC
Dexloxiglumide,CCCCCN(CCCOC)C(=O)C(CCC(=O)[O-])NC(=O)c1ccc(Cl)c(Cl)c1,0.18,vdss_lombardo,TDC
Dexmedetomidine,Cc1cccc(C(C)c2cnc[nH]2)c1C,1.6,vdss_lombardo,TDC
Dexmethylphenidate,COC(=O)C(c1ccccc1)C1CCCC[NH2+]1,2.65,vdss_lombardo,TDC
Dexniguldipine,COC(=O)C1=C(C)NC(C)=C(C(=O)OCCC[NH+]2CCC(c3ccccc3)(c3ccccc3)CC2)C1c1cccc([N+](=O)[O-])c1,8.4,vdss_lombardo,TDC
Dexrazoxane,CC(CN1CC(=O)NC(=O)C1)N1CC(=O)NC(=O)C1,0.55,vdss_lombardo,TDC
Dezocine,CC12CCCCCC(Cc3ccc(O)cc31)C2[NH3+],5.6,vdss_lombardo,TDC
DHA Paclitaxel,CC/C=C\C/C=C\C/C=C\C/C=C\C/C=C\C/C=C\CCC(=O)OC(C(=O)OC1CC2(O)C(OC(=O)c3ccccc3)C3C4(OC(C)=O)COC4CC(O)C3(C)C(=O)C(OC(C)=O)C(=C1C)C2(C)C)C(NC(=O)c1ccccc1)c1ccccc1,0.07,vdss_lombardo,TDC
Diatrizoic Acid (Amidotrizoate),CC(=O)Nc1c(I)c(NC(C)=O)c(I)c(C(=O)[O-])c1I,0.26,vdss_lombardo,TDC
Diazepam,CN1C(=O)CN=C(c2ccccc2)c2cc(Cl)ccc21,1.0,vdss_lombardo,TDC
Diazoxide,CC1=NS(=O)(=O)c2cc(Cl)ccc2N1,0.21,vdss_lombardo,TDC
Dibekacin,NC1CC(N)C(OC2OC(CO)C(O)C(N)C2O)C(O)C1OC1OC(C[NH3+])CCC1[NH3+],0.13,vdss_lombardo,TDC
Dichloroacetic Acid,O=C([O-])C(Cl)Cl,0.19,vdss_lombardo,TDC
Diclofenac,O=C([O-])Cc1ccccc1Nc1c(Cl)cccc1Cl,0.22,vdss_lombardo,TDC
Dicloxacillin,Cc1onc(-c2c(Cl)cccc2Cl)c1C(=O)NC1C(=O)N2C1SC(C)(C)C2C(=O)[O-],0.11,vdss_lombardo,TDC
Didanosine,O=c1[nH]cnc2c1ncn2C1CCC(CO)O1,0.77,vdss_lombardo,TDC
Diflomotecan,CCC1(O)CC(=O)OCc2c1cc1n(c2=O)Cc2cc3cc(F)c(F)cc3nc2-1,1.42,vdss_lombardo,TDC
Diflunisal,O=C([O-])c1cc(-c2ccc(F)cc2F)ccc1O,0.1,vdss_lombardo,TDC
Digitoxin,CC1OC(OC2C(O)CC(OC3C(O)CC(OC4CCC5(C)C(CCC6C5CCC5(C)C(C7=CC(=O)OC7)CCC65O)C4)OC3C)OC2C)CC(O)C1O,0.44,vdss_lombardo,TDC
Digoxin,CC1OC(OC2C(O)CC(OC3C(O)CC(OC4CCC5(C)C(CCC6C5CC(O)C5(C)C(C7=CC(=O)OC7)CCC65O)C4)OC3C)OC2C)CC(O)C1O,4.1,vdss_lombardo,TDC
Dihydroergotamine,C[NH+]1C[C@H](C(=O)N[C@]2(C)O[C@@]3(O)[C@@H]4CCCN4C(=O)[C@H](Cc4ccccc4)N3C2=O)C[C@@H]2c3cccc4[nH]cc(c34)C[C@H]21,0.33,vdss_lombardo,TDC
Dihydroquinidine,CCC1C[NH+]2CCC1CC2C(O)c1ccnc2ccc(OC)cc12,2.8,vdss_lombardo,TDC
Dilevalol,CC(CCc1ccccc1)[NH2+]CC(O)c1ccc(O)c(C(N)=O)c1,4.8,vdss_lombardo,TDC
Diltiazem,COc1ccc(C2Sc3ccccc3N(CC[NH+](C)C)C(=O)C2OC(C)=O)cc1,4.1,vdss_lombardo,TDC
Dimetindene,C[C@H](C1=C(CC[NH+](C)C)Cc2ccccc21)c1ccccn1,2.16,vdss_lombardo,TDC
Dinaciclib,CCc1cnn2c(NCc3ccc[n+]([O-])c3)cc(N3CCCCC3CCO)nc12,0.32,vdss_lombardo,TDC
Diphenhydramine,C[NH+](C)CCOC(c1ccccc1)c1ccccc1,6.5,vdss_lombardo,TDC
Diprafenone,CCC(C)(C)[NH2+]CC(O)COc1ccccc1C(=O)CCc1ccccc1,1.2,vdss_lombardo,TDC
Diprophylline,Cn1c(=O)c2c(ncn2CC(O)CO)n(C)c1=O,0.42,vdss_lombardo,TDC
Dipyridamole,OCCN(CCO)c1nc(N2CCCCC2)c2[nH+]c(N(CCO)CCO)nc(N3CCCCC3)c2n1,0.82,vdss_lombardo,TDC
Disopyramide,CC(C)[NH+](CCC(C(N)=O)(c1ccccc1)c1ccccn1)C(C)C,0.52,vdss_lombardo,TDC
Distigmine,CN(CCCCCCN(C)C(=O)Oc1ccc[n+](C)c1)C(=O)Oc1ccc[n+](C)c1,1.0,vdss_lombardo,TDC
Disufenton sodium,CC(C)(C)/[N+]([O-])=C/c1ccc(S(=O)(=O)[O-])cc1S(=O)(=O)[O-],0.18,vdss_lombardo,TDC
Docetaxel,CC(=O)OC12COC1CC(O)C1(C)C(=O)C(O)C3=C(C)C(OC(=O)C(O)C(NC(=O)OC(C)(C)C)c4ccccc4)CC(O)(C(OC(=O)c4ccccc4)C21)C3(C)C,2.1,vdss_lombardo,TDC
Dofetilide,C[NH+](CCOc1ccc(NS(C)(=O)=O)cc1)CCc1ccc(NS(C)(=O)=O)cc1,3.3,vdss_lombardo,TDC
Dolasetron,O=C(OC1CC2CC3CC(C1)[NH+]2CC3=O)c1c[nH]c2ccccc12,2.0,vdss_lombardo,TDC
Domperidone,O=c1[nH]c2ccccc2n1CCC[NH+]1CCC(n2c(=O)[nH]c3cc(Cl)ccc32)CC1,3.4,vdss_lombardo,TDC
Dopamine,[NH3+]CCc1ccc(O)c(O)c1,0.74,vdss_lombardo,TDC
Doripenem,CC(O)C1C(=O)N2C(C(=O)[O-])=C(SC3C[NH2+]C(CNS(N)(=O)=O)C3)C(C)C12,0.23,vdss_lombardo,TDC
Doxacurium,COc1cc(CC2c3c(cc(OC)c(OC)c3OC)CC[N+]2(C)CCCOC(=O)CCC(=O)OCCC[N+]2(C)CCc3cc(OC)c(OC)c(OC)c3C2Cc2cc(OC)c(OC)c(OC)c2)cc(OC)c1OC,0.22,vdss_lombardo,TDC
Doxapram,CCN1CC(CCN2CCOCC2)C(c2ccccc2)(c2ccccc2)C1=O,1.2,vdss_lombardo,TDC
Doxazosin,COc1cc2nc(N3CCN(C(=O)C4COc5ccccc5O4)CC3)nc(N)c2cc1OC,1.3,vdss_lombardo,TDC
Doxepin,C[NH+](C)CC/C=C1\c2ccccc2COc2ccccc21,12.0,vdss_lombardo,TDC
Doxifluridine,CC1OC(n2cc(F)c(=O)[nH]c2=O)C(O)C1O,0.28,vdss_lombardo,TDC
Doxofylline,Cn1c(=O)c2c(ncn2CC2OCCO2)n(C)c1=O,1.03,vdss_lombardo,TDC
Doxorubicin,COc1cccc2c1C(=O)c1c(O)c3c(c(O)c1C2=O)CC(O)(C(=O)CO)CC3OC1CC([NH3+])C(O)C(C)O1,22.0,vdss_lombardo,TDC
Doxycycline,CC1c2cccc(O)c2C(=O)C2=C(O)C3(O)C(=O)C(C(N)=O)=C([O-])C([NH+](C)C)C3C(O)C21,0.69,vdss_lombardo,TDC
DP-b99,CCCCCCCCOCCOC(=O)CN(CC(=O)[O-])c1ccccc1OCCOc1ccccc1[NH+](CC(=O)[O-])CC(=O)OCCOCCCCCCCC,1.1,vdss_lombardo,TDC
DQ-2556,CO/N=C(/C(=O)N[C@@H]1C(=O)N2C(C(=O)[O-])=C(C[n+]3ccc(-c4cnco4)cc3)CS[C@H]12)c1csc(N)n1,0.22,vdss_lombardo,TDC
Dronedarone,CCCCc1oc2ccc([N-]S(C)(=O)=O)cc2c1C(=O)c1ccc(OCCC[NH+](CCCC)CCCC)cc1,20.0,vdss_lombardo,TDC
Droperidol,O=C(CCC[NH+]1CC=C(n2c(=O)[nH]c3ccccc32)CC1)c1ccc(F)cc1,1.41,vdss_lombardo,TDC
Drotaverine,CCOc1ccc(/C=C2\NCCc3cc(OCC)c(OCC)cc32)cc1OCC,1.9,vdss_lombardo,TDC
DX-52-1,COc1cccc2c1C(CO)N1C(C#N)C3CC(C(=O)[O-])C(C1C2)N3C,0.23,vdss_lombardo,TDC
DX9065a,CC(=[NH2+])N1CCC(Oc2ccc(C(Cc3ccc4ccc(C(N)=[NH2+])cc4c3)C(=O)[O-])cc2)C1,1.55,vdss_lombardo,TDC
Dynorphin A (1-13),CC[C@H](C)[C@H](NC(=O)[C@H](CCCNC(N)=[NH2+])NC(=O)[C@H](CCCNC(N)=[NH2+])NC(=O)[C@H](CC(C)C)NC(=O)[C@H](Cc1ccccc1)NC(=O)CNC(=O)CNC(=O)[C@@H]([NH3+])Cc1ccc(O)cc1)C(=O)N[C@@H](CCCNC(N)=[NH2+])C(=O)N1CCC[C@H]1C(=O)N[C@@H](CCCC[NH3+])C(=O)N[C@@H](CC(C)C)C(=O)N[C@@H](CCCC[NH3+])C(=O)[O-],0.12,vdss_lombardo,TDC
E7107,CCC(O)C(C)C1OC1CC(C)(O)/C=C\C=C(/C)C1OC(=O)CC(O)CCC(C)(O)C(OC(=O)N2CC[NH+](C3CCCCCC3)CC2)/C=C/C1C,10.1,vdss_lombardo,TDC
E7974,C/C(=C\C(C(C)C)N(C)C(=O)C(NC(=O)C1CCCCN1C(C)C)C(C)(C)C)C(=O)[O-],1.26,vdss_lombardo,TDC
Edaravone,CC1=NN(c2ccccc2)C(=O)C1,0.23,vdss_lombardo,TDC
Edrophonium,CC[N+](C)(C)c1cccc(O)c1,1.1,vdss_lombardo,TDC
Eletriptan,C[NH+]1CCCC1Cc1c[nH]c2ccc(CCS(=O)(=O)c3ccccc3)cc12,1.6,vdss_lombardo,TDC
Elinafide,O=C1c2cccc3cccc(c23)C(=O)N1CCNCCCNCCN1C(=O)c2cccc3cccc(c23)C1=O,12.0,vdss_lombardo,TDC
Eltanolone,CC(=O)C1CCC2C3CCC4CC(O)CCC4(C)C3CCC12C,2.0,vdss_lombardo,TDC
Eltoprazine,c1cc2c(c(N3CC[NH2+]CC3)c1)OCCO2,3.6,vdss_lombardo,TDC
Enalaprilat,CC([NH2+]C(CCc1ccccc1)C(=O)[O-])C(=O)N1CCCC1C(=O)[O-],0.38,vdss_lombardo,TDC
Enalkiren,COc1ccc(CC(NC(=O)CC(C)(C)[NH3+])C(=O)NC(Cc2c[nH+]c[nH]2)C(=O)NC(CC2CCCCC2)C(O)C(O)CC(C)C)cc1,7.5,vdss_lombardo,TDC
Encainide,COc1ccc(C(=O)Nc2ccccc2CCC2CCCC[NH+]2C)cc1,2.2,vdss_lombardo,TDC
Endralazine,[NH3+][NH+]=c1cc2c(n[nH]1)CCN(C(=O)c1ccccc1)C2,2.2,vdss_lombardo,TDC
Eniporide,Cc1cc(-n2cccc2)c(S(C)(=O)=O)cc1C(=O)NC(=N)N,1.1,vdss_lombardo,TDC
Enoxacin,CCn1cc(C(=O)[O-])c(=O)c2cc(F)c(N3CC[NH2+]CC3)nc21,2.0,vdss_lombardo,TDC
Enoximone,CSc1ccc(C(=O)c2[nH]c(=O)[nH]c2C)cc1,1.39,vdss_lombardo,TDC
Enprofylline,CCCn1c(=O)[n-]c(=O)c2nc[nH]c21,0.63,vdss_lombardo,TDC
Entacapone,CCN(CC)C(=O)/C(C#N)=C/c1cc(O)c([O-])c([N+](=O)[O-])c1,0.27,vdss_lombardo,TDC
Epiroprim,CCOc1cc(Cc2cnc(N)nc2N)cc(OCC)c1-n1cccc1,2.5,vdss_lombardo,TDC
Epirubicin,COc1cccc2c1C(=O)c1c(O)c3c(c(O)c1C2=O)CC(O)(C(=O)CO)CC3OC1CC([NH3+])C(O)C(C)O1,45.0,vdss_lombardo,TDC
Epristeride,CC(C)(C)NC(=O)C1CCC2C3CC=C4C=C(C(=O)[O-])CCC4(C)C3CCC12C,0.54,vdss_lombardo,TDC
Eprosartan,CCCCc1ncc(/C=C(/Cc2cccs2)C(=O)[O-])n1Cc1ccc(C(=O)[O-])cc1,0.17,vdss_lombardo,TDC
Eptaloprost,CCC#CCC(C)C(O)C#CC1C(O)CC2C/C(=C\COCCCC(=O)[O-])CC21,2.4,vdss_lombardo,TDC
Eptifibatide,NC(=[NH2+])NCCCCC1NC(=O)CCSSCC(C(N)=O)NC(=O)C2CCCN2C(=O)C(Cc2c[nH]c3ccccc23)NC(=O)C(CC(=O)[O-])NC(=O)CNC1=O,0.17,vdss_lombardo,TDC
Eravacycline,C[NH+](C)C1C([O-])=C(C(N)=O)C(=O)C2(O)C(O)=C3C(=O)c4c(O)c(NC(=O)C[NH+]5CCCC5)cc(F)c4CC3CC12,2.3,vdss_lombardo,TDC
Ergotamine,CN1CC(C(=O)NC2(C)OC3(O)C4CCCN4C(=O)C(Cc4ccccc4)N3C2=O)C=C2c3cccc4[nH]cc(c34)CC21,3.6,vdss_lombardo,TDC
Eribulin,C=C1CC2CCC34CC5OC6C(OC7CCC(CC(=O)CC8C(CC9OC(CCC1O2)CC(C)C9=C)OC(CC(O)C[NH3+])C8OC)OC7C6O3)C5O4,1.46,vdss_lombardo,TDC
Eritoran,CCCCCC/C=C\CCCCCCCCCC(=O)N[C@H]1[C@H](OC[C@H]2O[C@H](OP(=O)([O-])[O-])[C@H](NC(=O)CC(=O)CCCCCCCCCCC)[C@@H](OCCCCCCCCCC)[C@@H]2O)O[C@H](COC)[C@@H](OP(=O)([O-])[O-])[C@@H]1OCC[C@@H](CCCCCCC)OC,0.05,vdss_lombardo,TDC
Erlotinib,C#Cc1cccc(Nc2ncnc3cc(OCCOC)c(OCCOC)cc23)c1,0.77,vdss_lombardo,TDC
Ertapenem,CC(O)C1C(=O)N2C(C(=O)[O-])=C(SC3CNC(C(=O)Nc4cccc(C(=O)[O-])c4)C3)C(C)C12,0.12,vdss_lombardo,TDC
Erythromycin,CCC1OC(=O)C(C)C(OC2CC(C)(OC)C(O)C(C)O2)C(C)C(OC2OC(C)CC([NH+](C)C)C2O)C(C)(O)CC(C)C(=O)C(C)C(O)C1(C)O,0.95,vdss_lombardo,TDC
Escin Ia,C/C=C(\C)C(=O)OC1C(OC(C)=O)C2(CO)C(O)CC3(C)C(=CCC4C5(C)CCC(OC6OC(C(=O)[O-])C(OC7OC(CO)C(O)C(O)C7O)C(O)C6OC6OC(CO)C(O)C(O)C6O)C(C)(CO)C5CCC43C)C2CC1(C)C,0.28,vdss_lombardo,TDC
Escin Ib,C/C=C(/C)C(=O)OC1C(OC(C)=O)C2(CO)C(O)CC3(C)C(=CCC4C5(C)CCC(OC6OC(C(=O)[O-])C(OC7OC(CO)C(O)C(O)C7O)C(O)C6OC6OC(CO)C(O)C(O)C6O)C(C)(CO)C5CCC43C)C2CC1(C)C,0.23,vdss_lombardo,TDC
Esmolol,COC(=O)CCc1ccc(OCC(O)C[NH2+]C(C)C)cc1,1.2,vdss_lombardo,TDC
Esomeprazole,COc1ccc2nc(S(=O)Cc3ncc(C)c(OC)c3C)[nH]c2c1,0.2,vdss_lombardo,TDC
Estradiol,CC12CCC3c4ccc(O)cc4CCC3C1CCC2O,1.2,vdss_lombardo,TDC
Estramustine phosphate,CC12CCC3c4ccc(OC(=O)N(CCCl)CCCl)cc4CCC3C1CCC2OP(=O)([O-])[O-],0.12,vdss_lombardo,TDC
Ethacrynic Acid,C=C(CC)C(=O)c1ccc(OCC(=O)[O-])c(Cl)c1Cl,0.26,vdss_lombardo,TDC
Ethambutol,CCC(CO)NCC[NH2+]C(CC)CO,1.7,vdss_lombardo,TDC
Ethimizol,CCn1cnc(C(=O)NC)c1C(=O)NC,0.73,vdss_lombardo,TDC
Ethinylestradiol,C#CC1(O)CCC2C3CCc4cc(O)ccc4C3CCC21C,4.3,vdss_lombardo,TDC
Ethinylestradiol-17-Sulfate,C#CC1(OS(=O)(=O)[O-])CCC2C3CCc4cc(O)ccc4C3CCC21C,0.61,vdss_lombardo,TDC
Ethinylestradiol-3-Sulfate,C#CC1(O)CCC2C3CCc4cc(OS(=O)(=O)[O-])ccc4C3CCC21C,2.3,vdss_lombardo,TDC
Etilefrine,CC[NH2+]CC(O)c1cccc(O)c1,2.1,vdss_lombardo,TDC
Etomidate,CCOC(=O)c1cncn1C(C)c1ccccc1,2.7,vdss_lombardo,TDC
Etonogestrel,C#CC1(O)CCC2C3CCC4=CC(=O)CCC4C3C(=C)CC21CC,2.87,vdss_lombardo,TDC
Etoposide,COc1cc(C2c3cc4c(cc3C(OC3OC5COC(C)OC5C(O)C3O)C3COC(=O)C23)OCO4)cc(OC)c1O,0.18,vdss_lombardo,TDC
Etoricoxib,Cc1ccc(-c2ncc(Cl)cc2-c2ccc(S(C)(=O)=O)cc2)cn1,1.5,vdss_lombardo,TDC
Exatecan (acid),CCC(O)(C(=O)[O-])c1cc2n(c(=O)c1CO)Cc1c-2nc2cc(F)c(C)c3c2c1C([NH3+])CC3,0.44,vdss_lombardo,TDC
Ezogabine,CCOC(=O)Nc1ccc(NCc2ccc(F)cc2)cc1N,2.5,vdss_lombardo,TDC
F992,CCC1(C)NC(=O)C(Cc2cccs2)NC(=O)C(Cc2ccccc2)NC(=O)CCCSCC(C(=O)N2CC(O)CC2C(=O)NC(CCCNC(N)=[NH2+])C(=O)NCC(N)=O)NC(=O)C(CC(N)=O)NC1=O,0.31,vdss_lombardo,TDC
Falipamil,COc1ccc(CC[NH+](C)CCCN2Cc3cc(OC)c(OC)cc3C2=O)cc1OC,2.4,vdss_lombardo,TDC
Famotidine,N=C(N)Nc1nc(CSCCC(=N)NS(N)(=O)=O)cs1,1.2,vdss_lombardo,TDC
Faropenem,CC(O)C1C(=O)N2C(C(=O)[O-])=C(C3CCCO3)SC12,0.18,vdss_lombardo,TDC
Felodipine,CCOC(=O)C1=C(C)NC(C)=C(C(=O)OC)C1c1cccc(Cl)c1Cl,4.4,vdss_lombardo,TDC
Fenoldopam,Oc1ccc(C2C[NH2+]CCc3c2cc(O)c(O)c3Cl)cc1,0.5,vdss_lombardo,TDC
Fenoprofen,CC(C(=O)[O-])c1cccc(Oc2ccccc2)c1,0.1,vdss_lombardo,TDC
Fenoterol,CC(Cc1ccc(O)cc1)[NH2+]CC(O)c1cc(O)cc(O)c1,1.2,vdss_lombardo,TDC
Fenoximone,CSc1ccc(C(=O)c2[nH]c(=O)[nH]c2C)cc1,1.8,vdss_lombardo,TDC
Fenspiride,O=C1NCC2(CC[NH+](CCc3ccccc3)CC2)O1,3.0,vdss_lombardo,TDC
Fentanyl,CCC(=O)N(c1ccccc1)C1CC[NH+](CCc2ccccc2)CC1,0.89,vdss_lombardo,TDC
Finasteride,CC(C)(C)NC(=O)C1CCC2C3CCC4NC(=O)C=CC4(C)C3CCC12C,1.1,vdss_lombardo,TDC
Fingolimod,CCCCCCCCc1ccc(CCC([NH3+])(CO)CO)cc1,17.3,vdss_lombardo,TDC
Flavopiridol,C[NH+]1CCC(c2c([O-])cc(O)c3c(=O)cc(-c4ccccc4Cl)oc23)C(O)C1,1.5,vdss_lombardo,TDC
Flecainide,O=C(NCC1CCCC[NH2+]1)c1cc(OCC(F)(F)F)ccc1OCC(F)(F)F,6.1,vdss_lombardo,TDC
Fleroxacin,C[NH+]1CCN(c2c(F)cc3c(=O)c(C(=O)[O-])cn(CCF)c3c2F)CC1,1.6,vdss_lombardo,TDC
Flomoxef,CO[C@@]1(NC(=O)CSC(F)F)C(=O)N2C(C(=O)[O-])=C(CSc3nnnn3CCO)CO[C@@H]21,0.19,vdss_lombardo,TDC
Flucloxacillin,Cc1onc(-c2c(F)cccc2Cl)c1C(=O)NC1C(=O)N2C1SC(C)(C)C2C(=O)[O-],0.19,vdss_lombardo,TDC
Fluconazole,OC(Cn1cncn1)(Cn1cncn1)c1ccc(F)cc1F,0.75,vdss_lombardo,TDC
Flucytosine,Nc1[nH]c(=O)ncc1F,0.68,vdss_lombardo,TDC
Fludarabine,Nc1nc(F)nc2c1ncn2C1OC(CO)C(O)C1O,2.2,vdss_lombardo,TDC
Flumazenil,CCOC(=O)c1ncn2c1CN(C)C(=O)c1cc(F)ccc1-2,0.8,vdss_lombardo,TDC
Flunisolide,CC1(C)OC2CC3C4CC(F)C5=CC(=O)C=CC5(C)C4C(O)CC3(C)C2(C(=O)CO)O1,1.08,vdss_lombardo,TDC
Flunitrazepam,CN1C(=O)CN=C(c2ccccc2F)c2cc([N+](=O)[O-])ccc21,1.9,vdss_lombardo,TDC
Fluorescein,O=C1OC2(c3ccc(O)cc3Oc3cc(O)ccc32)c2ccccc21,0.14,vdss_lombardo,TDC
"Fluorouracil, 5-",O=c1[nH]cc(F)c(=O)[nH]1,0.23,vdss_lombardo,TDC
Fluphenazine,OCC[NH+]1CCN(CCCN2c3ccccc3Sc3ccc(C(F)(F)F)cc32)CC1,2.9,vdss_lombardo,TDC
Flupirtine,CCOC(=O)Nc1ccc(NCc2ccc(F)cc2)[nH+]c1N,1.1,vdss_lombardo,TDC
Fluticasone furoate,CC1CC2C3CC(F)C4=CC(=O)C=CC4(C)C3(F)C(O)CC2(C)C1(OC(=O)c1ccco1)C(=O)SCF,4.95,vdss_lombardo,TDC
Fluticasone propionate,CCC(=O)OC1(C(=O)SCF)C(C)CC2C3CC(F)C4=CC(=O)C=CC4(C)C3(F)C(O)CC21C,3.6,vdss_lombardo,TDC
Fluvastatin,CC(C)n1c(/C=C/C(O)CC(O)CC(=O)[O-])c(-c2ccc(F)cc2)c2ccccc21,0.42,vdss_lombardo,TDC
Folinic acid,Nc1nc(=O)c2c([nH]1)NCC(CNc1ccc(C(=O)NC(CCC(=O)[O-])C(=O)[O-])cc1)N2C=O,0.25,vdss_lombardo,TDC
Fosaprepitant,CC(OC1OCCN(Cc2nn(P(=O)([O-])[O-])c(=O)[nH]2)C1c1ccc(F)cc1)c1cc(C(F)(F)F)cc(C(F)(F)F)c1,0.07,vdss_lombardo,TDC
Foscarnet,O=C([O-])P(=O)([O-])[O-],0.5,vdss_lombardo,TDC
Fosfluconazole,O=P([O-])([O-])OC(Cn1cncn1)(Cn1cncn1)c1ccc(F)cc1F,0.15,vdss_lombardo,TDC
Fosfomycin,CC1OC1P(=O)([O-])[O-],0.32,vdss_lombardo,TDC
Fosinoprilat,O=C([O-])C1CC(C2CCCCC2)CN1C(=O)CP(=O)([O-])CCCCc1ccccc1,0.13,vdss_lombardo,TDC
Fosphenytoin,O=C1NC(c2ccccc2)(c2ccccc2)C(=O)N1COP(=O)([O-])[O-],0.06,vdss_lombardo,TDC
Fostriecin,CC(O)(/C=C/C1CC=CC(=O)O1)C(CC(O)/C=C/C=C/C=C/CO)OP(=O)([O-])O,0.09,vdss_lombardo,TDC
Fotemustin,CCOP(=O)(OCC)[C@H](C)NC(=O)N(CCCl)N=O,0.62,vdss_lombardo,TDC
Frovatriptan,C[NH2+]C1CCc2[nH]c3ccc(C(N)=O)cc3c2C1,3.6,vdss_lombardo,TDC
Fulvestrant,CC12CCC3c4ccc(O)cc4CC(CCCCCCCCCS(=O)CCCC(F)(F)C(F)(F)F)C3C1CCC2O,4.15,vdss_lombardo,TDC
Furosemide,NS(=O)(=O)c1cc(C(=O)[O-])c(NCc2ccco2)cc1Cl,0.12,vdss_lombardo,TDC
Fusidate sodium,CC(=O)OC1CC2(C)C(CC(O)C3C4(C)CCC(O)C(C)C4CCC32C)/C1=C(\CCC=C(C)C)C(=O)[O-],0.23,vdss_lombardo,TDC
Gabapentin,[NH3+]CC1(CC(=O)[O-])CCCCC1,0.71,vdss_lombardo,TDC
Galanthamine,COc1ccc2c3c1OC1CC(O)C=CC31CC[NH+](C)C2,2.3,vdss_lombardo,TDC
Gallopamil,COc1ccc(CC[NH+](C)CCCC(C#N)(c2cc(OC)c(OC)c(OC)c2)C(C)C)cc1OC,1.75,vdss_lombardo,TDC
Gambogic acid,CC(C)=CCCC1(C)C=Cc2c(O)c3c(c(CC=C(C)C)c2O1)OC12C(=CC4CC1C(C)(C)OC2(C/C=C(/C)C(=O)[O-])C4=O)C3=O,0.99,vdss_lombardo,TDC
Ganciclovir,Nc1nc2c(ncn2COC(CO)CO)c(=O)[nH]1,1.0,vdss_lombardo,TDC
Garenoxacin,CC1[NH2+]Cc2cc(-c3ccc4c(=O)c(C(=O)[O-])cn(C5CC5)c4c3OC(F)F)ccc21,1.0,vdss_lombardo,TDC
Gatifloxacin,COc1c(N2CC[NH2+]C(C)C2)c(F)cc2c(=O)c(C(=O)[O-])cn(C3CC3)c12,1.7,vdss_lombardo,TDC
Gavestinel,O=C(/C=C/c1c(C(=O)[O-])[nH]c2cc(Cl)cc(Cl)c12)Nc1ccccc1,0.12,vdss_lombardo,TDC
Gefitinib,COc1cc2ncnc(Nc3ccc(F)c(Cl)c3)c2cc1OCCC[NH+]1CCOCC1,23.0,vdss_lombardo,TDC
Gemcitabine,Nc1ccn(C2OC(CO)C(O)C2(F)F)c(=O)n1,1.5,vdss_lombardo,TDC
Gemifloxacin,CO/N=C1/CN(c2nc3c(cc2F)c(=O)c(C(=O)[O-])cn3C2CC2)CC1C[NH3+],3.52,vdss_lombardo,TDC
Genaconazole,CC(C(O)(Cn1cncn1)c1ccc(F)cc1F)S(C)(=O)=O,0.62,vdss_lombardo,TDC
Gentamicin,C[NH2+]C(C)C1CCC(N)C(OC2C(N)CC(N)C(OC3OCC(C)(O)C([NH2+]C)C3O)C2O)O1,0.33,vdss_lombardo,TDC
Gestodene,C#CC1(O)C=CC2C3CCC4=CC(=O)CCC4C3CCC21CC,0.46,vdss_lombardo,TDC
GHRP-6,CC(NC(=O)C(Cc1c[nH]c2ccccc12)NC(=O)C(N)Cc1c[nH]cn1)C(=O)NC(Cc1c[nH]c2ccccc12)C(=O)NC(Cc1ccccc1)C(=O)NC(CCCC[NH3+])C(N)=O,0.42,vdss_lombardo,TDC
Ginkgolide A,CC1C(=O)OC2CC34C5CC(C(C)(C)C)C36C(OC(=O)C6O)OC4(C(=O)O5)C21O,0.62,vdss_lombardo,TDC
Ginkgolide B,CC1C(=O)OC2C(O)C34C5CC(C(C)(C)C)C36C(OC(=O)C6O)OC4(C(=O)O5)C12O,0.91,vdss_lombardo,TDC
Ginsenoside RD,CC(C)=CCCC(C)(OC1OC(CO)C(O)C(O)C1O)C1CCC2(C)C1C(O)CC1C3(C)CCC(OC4OC(CO)C(O)C(O)C4OC4OC(CO)C(O)C(O)C4O)C(C)(C)C3CCC12C,0.11,vdss_lombardo,TDC
Gisadenafil,CCOc1ncc(S(=O)(=O)N2CC[NH+](CC)CC2)cc1-c1nc(=O)c2nn(CCOC)c(CC)c2[n-]1,2.4,vdss_lombardo,TDC
Gliclazide,Cc1ccc(S(=O)(=O)[N-]C(=O)NN2CC3CCCC3C2)cc1,0.43,vdss_lombardo,TDC
Glimepiride,CCC1=C(C)CN(C(=O)NCCc2ccc(S(=O)(=O)[N-]C(=O)NC3CCC(C)CC3)cc2)C1=O,0.19,vdss_lombardo,TDC
Glipizide,Cc1cnc(C(=O)NCCc2ccc(S(=O)(=O)[N-]C(=O)NC3CCCCC3)cc2)cn1,0.16,vdss_lombardo,TDC
Gludopa,[NH3+]C(CCC(=O)NC(Cc1ccc(O)c(O)c1)C(=O)[O-])C(=O)[O-],0.21,vdss_lombardo,TDC
Glufosfamide,O=P(NCCCl)(NCCCl)OC1OC(CO)C(O)C(O)C1O,0.24,vdss_lombardo,TDC
Glyburide,COc1ccc(Cl)cc1C(=O)NCCc1ccc(S(=O)(=O)[N-]C(=O)NC2CCCCC2)cc1,0.08,vdss_lombardo,TDC
Glycopyrrolate bromide,C[N+]1(C)CCC(OC(=O)C(O)(c2ccccc2)C2CCCC2)C1,0.37,vdss_lombardo,TDC
Glycyrrhizin,CC1(C)[C@@H](O[C@@H]2O[C@@H](C(=O)[O-])[C@H](O)[C@@H](O)[C@@H]2O[C@H]2O[C@@H](C(=O)[O-])[C@H](O)[C@@H](O)[C@@H]2O)CC[C@@]2(C)[C@H]1CC[C@]1(C)[C@@H]2C(=O)C=C2[C@@H]3C[C@@](C)(C(=O)[O-])CC[C@]3(C)CC[C@]21C,0.06,vdss_lombardo,TDC
Granisetron,Cn1nc(C(=O)NC2CC3CCCC(C2)[NH+]3C)c2ccccc21,3.7,vdss_lombardo,TDC
GSK1322322,Cc1nc(N2CCN3CCOCC3C2)c(F)c(NNC(=O)C(CC2CCCC2)CN(O)C=O)[nH+]1,0.75,vdss_lombardo,TDC
GSK2239633,COc1cccc2c1c([N-]S(=O)(=O)c1ccc(Cl)s1)nn2Cc1cccc(CNC(=O)C(C)(C)O)c1,1.65,vdss_lombardo,TDC
GSK2251052,[NH3+]CC1OB(O)c2c(OCCCO)cccc21,2.37,vdss_lombardo,TDC
GSK269984A,O=C([O-])c1cccc(Cc2cc(Cl)ccc2OCc2ccc(Cl)cc2F)n1,0.77,vdss_lombardo,TDC
GSK461364,CC(Oc1cc(-n2cnc3ccc(CN4CC[NH+](C)CC4)cc32)sc1C(N)=O)c1ccccc1C(F)(F)F,12.0,vdss_lombardo,TDC
Guanfacine,NC(=[NH2+])NC(=O)Cc1c(Cl)cccc1Cl,5.6,vdss_lombardo,TDC
Haloperidol,O=C(CCC[NH+]1CCC(O)(c2ccc(Cl)cc2)CC1)c1ccc(F)cc1,17.0,vdss_lombardo,TDC
Heroin,CC(=O)Oc1ccc2c3c1OC1C(OC(C)=O)C=CC4C(C2)[NH+](C)CCC341,1.31,vdss_lombardo,TDC
Hexobarbital,CN1C(=O)NC(=O)C(C)(C2=CCCCC2)C1=O,1.1,vdss_lombardo,TDC
Homoharringtonine,COC(=O)CC(O)(CCCC(C)(C)O)C(=O)OC1C(OC)=CC23CCC[NH+]2CCc2cc4c(cc2C13)OCO4,1.8,vdss_lombardo,TDC
Hydralazine,N[NH+]=c1[nH]ncc2ccccc12,1.5,vdss_lombardo,TDC
Hydrocortisone,CC12CCC(=O)C=C1CCC1C2C(O)CC2(C)C1CCC2(O)C(=O)CO,0.38,vdss_lombardo,TDC
Hydroflumethiazide,NS(=O)(=O)c1cc2c(cc1C(F)(F)F)NCNS2(=O)=O,2.2,vdss_lombardo,TDC
Hydromorphone,C[NH+]1CCC23c4c5ccc(O)c4OC2C(=O)CCC3C1C5,4.3,vdss_lombardo,TDC
Hydroxychloroquine,CC[NH+](CCO)CCCC(C)Nc1cc[nH+]c2cc(Cl)ccc12,700.0,vdss_lombardo,TDC
"Hydroxycotinine, 3'-",CN1C(=O)C([O-])CC1c1cccnc1,0.85,vdss_lombardo,TDC
"Hydroxydihydroquinidine, 3(S)-",CCC1(O)C[NH+]2CCC1CC2C(O)c1ccnc2ccc(OC)cc12,6.8,vdss_lombardo,TDC
"Hydroxyimipramine, 2-",C[NH+](C)CCCN1c2ccccc2CCc2cc(O)ccc21,6.6,vdss_lombardo,TDC
Hydroxymidazolam,OCc1ncc2n1-c1ccc(Cl)cc1C(c1ccccc1F)=NC2,0.77,vdss_lombardo,TDC
Hydroxysafflor yellow A,O=C1C(C2OC(CO)C(O)C(O)C2O)=C([O-])/C(=C([O-])/C=C/c2ccc(O)cc2)C(=O)C1(O)C1OC(CO)C(O)C(O)C1O,0.2,vdss_lombardo,TDC
"Hydroxystaurosporine, 7-",C[NH2+]C1CC2OC(C)(C1OC)n1c3ccccc3c3c4c(c5c6ccccc6n2c5c31)C(=O)NC4O,0.15,vdss_lombardo,TDC
Hydroxyurea,NC(=O)NO,0.52,vdss_lombardo,TDC
Hypericin,Cc1cc(O)c2c(=O)c3c(O)cc([O-])c4c5c([O-])cc(O)c6c(=O)c7c(O)cc(C)c8c1c2c(c34)c(c78)c65,0.25,vdss_lombardo,TDC
Ibandronic Acid (Ibandronate),CCCCC[NH+](C)CCC(O)(P(=O)([O-])[O-])P(=O)([O-])O,0.55,vdss_lombardo,TDC
Ibrutinib,C=CC(=O)N1CCCC(n2nc(-c3ccc(Oc4ccccc4)cc3)c3c(N)ncnc32)C1,9.75,vdss_lombardo,TDC
Ibuprofen,CC(C)Cc1ccc(C(C)C(=O)[O-])cc1,0.15,vdss_lombardo,TDC
Ibutilide,CCCCCCC[NH+](CC)CCCC(O)c1ccc(NS(C)(=O)=O)cc1,12.0,vdss_lombardo,TDC
Idarubicin,CC(=O)C1(O)Cc2c(O)c3c(c(O)c2C(OC2CC([NH3+])C(O)C(C)O2)C1)C(=O)c1ccccc1C3=O,38.0,vdss_lombardo,TDC
Idazoxan,c1ccc2c(c1)OCC(C1=[NH+]CCN1)O2,3.3,vdss_lombardo,TDC
Idrocilamide,O=C(/C=C/c1ccccc1)NCCO,0.11,vdss_lombardo,TDC
IDX899,COP(=O)(c1cc(C)cc(/C=C/C#N)c1)c1c(C(N)=O)[nH]c2ccc(Cl)cc12,0.56,vdss_lombardo,TDC
IDX989,COP(=O)(c1cc(C)cc(/C=C\C#N)c1)c1c(C(N)=O)[nH]c2ccc(Cl)c(F)c12,0.97,vdss_lombardo,TDC
Ifetroban,CCCCCNC(=O)c1coc(C2C3CCC(O3)C2Cc2ccccc2CCC(=O)[O-])n1,4.4,vdss_lombardo,TDC
Ifosfamide,O=P1(NCCCl)OCCCN1CCCl,0.62,vdss_lombardo,TDC
Iloprost,CC#CCC(C)C(O)/C=C/C1C(O)CC2C/C(=C/CCCC(=O)[O-])CC21,0.37,vdss_lombardo,TDC
Imatinib,Cc1ccc(NC(=O)c2ccc(CN3CC[NH+](C)CC3)cc2)cc1Nc1nccc(-c2cccnc2)n1,3.9,vdss_lombardo,TDC
Imidafenacin,Cc1nccn1CCC(C(N)=O)(c1ccccc1)c1ccccc1,1.51,vdss_lombardo,TDC
Imipenem,CC(O)C1C(=O)N2C(C(=O)[O-])=C(SCCNC=[NH2+])CC12,0.24,vdss_lombardo,TDC
Imipramine,C[NH+](C)CCCN1c2ccccc2CCc2ccccc21,12.0,vdss_lombardo,TDC
Imipramine N-oxide,C[N+](C)([O-])CCCN1c2ccccc2CCc2ccccc21,1.9,vdss_lombardo,TDC
Indacaterol,CCc1cc2c(cc1CC)CC([NH2+]CC(O)c1ccc(O)c3[nH]c(=O)ccc13)C2,19.4,vdss_lombardo,TDC
Indinavir,CC(C)(C)NC(=O)C1CN(Cc2cccnc2)CCN1CC(O)CC(Cc1ccccc1)C(=O)NC1c2ccccc2CC1O,0.82,vdss_lombardo,TDC
Indisulam,NS(=O)(=O)c1ccc(S(=O)(=O)Nc2cccc3c(Cl)c[nH]c23)cc1,0.68,vdss_lombardo,TDC
Indocyanine Green,CC1(C)C(/C=C/C=C/C=C/C=C2\N(CCCCS(=O)(=O)[O-])c3ccc4ccccc4c3C2(C)C)=[N+](CCCCS(=O)(=O)[O-])c2ccc3ccccc3c21,0.04,vdss_lombardo,TDC
Indomethacin,COc1ccc2c(c1)c(CC(=O)[O-])c(C)n2C(=O)c1ccc(Cl)cc1,0.1,vdss_lombardo,TDC
Indoramin,O=C(NC1CC[NH+](CCc2c[nH]c3ccccc23)CC1)c1ccccc1,4.9,vdss_lombardo,TDC
INO-1001,NC(=O)c1cccc(N)c1,1.9,vdss_lombardo,TDC
Inogatran,NC(=[NH2+])NCCCNC(=O)C1CCCCN1C(=O)C(CC1CCCCC1)[NH2+]CC(=O)[O-],0.26,vdss_lombardo,TDC
Intoplicine,Cc1c[nH+]c(NCCC[NH+](C)C)c2c1[nH]c1ccc3cc(O)ccc3c12,11.0,vdss_lombardo,TDC
Iodixanol,CC(=O)N(CC(O)CN(C(C)=O)c1c(I)c(C(=O)NCC(O)CO)c(I)c(C(=O)NCC(O)CO)c1I)c1c(I)c(C(=O)NCC(O)CO)c(I)c(C(=O)NCC(O)CO)c1I,0.2,vdss_lombardo,TDC
Iododoxorubicin,COc1cccc2c1C(=O)c1c(O)c3c(c(O)c1C2=O)CC(O)(C(=O)CO)CC3OC1CC([NH3+])C(I)C(C)O1,53.6,vdss_lombardo,TDC
Iohexol,CC(=O)N(CC(O)CO)c1c(I)c(C(=O)NCC(O)CO)c(I)c(C(=O)NCC(O)CO)c1I,0.16,vdss_lombardo,TDC
Iomeprol,CN(C(=O)CO)c1c(I)c(C(=O)NCC(O)CO)c(I)c(C(=O)NCC(O)CO)c1I,0.23,vdss_lombardo,TDC
Iopamidol,CC(O)C(=O)Nc1c(I)c(C(=O)NC(CO)CO)c(I)c(C(=O)NC(CO)CO)c1I,0.28,vdss_lombardo,TDC
Iopromide,COCC(=O)Nc1c(I)c(C(=O)NCC(O)CO)c(I)c(C(=O)N(C)CC(O)CO)c1I,0.22,vdss_lombardo,TDC
Iothalamic acid (Iothalamate),CNC(=O)c1c(I)c(NC(C)=O)c(I)c(C(=O)[O-])c1I,0.17,vdss_lombardo,TDC
Ipratropium,CC(C)[N+]1(C)C2CCC1CC(OC(=O)C(CO)c1ccccc1)C2,5.1,vdss_lombardo,TDC
Irbesartan,CCCCC1=NC2(CCCC2)C(=O)N1Cc1ccc(-c2ccccc2-c2nnn[n-]2)cc1,0.94,vdss_lombardo,TDC
Irinotecan,CCc1c2c(nc3ccc(OC(=O)N4CCC([NH+]5CCCCC5)CC4)cc13)-c1cc3c(c(=O)n1C2)COC(=O)C3(O)CC,3.5,vdss_lombardo,TDC
Irofulven,CC1=C(CO)C2=C(C)C3(CC3)C(C)(O)C(=O)C2=C1,3.1,vdss_lombardo,TDC
Isavuconazole,CC(c1nc(-c2ccc(C#N)cc2)cs1)C(O)(Cn1cncn1)c1cc(F)ccc1F,5.37,vdss_lombardo,TDC
Isepamicin,C[NH2+]C1C(O)C(OC2C(NC(=O)C(O)C[NH3+])CC(N)C(OC3OC(C[NH3+])C(O)C(O)C3O)C2O)OCC1(C)O,0.32,vdss_lombardo,TDC
Isoglycirrhizinate (acid),CC1(C)[C@@H](O[C@@H]2O[C@@H](C(=O)[O-])[C@H](O)[C@@H](O)[C@@H]2O[C@H]2O[C@@H](C(=O)[O-])[C@H](O)[C@@H](O)[C@@H]2O)CC[C@@]2(C)[C@H]1CC[C@]1(C)[C@@H]2C(=O)C=C2[C@@H]3C[C@@](C)(C(=O)[O-])CC[C@]3(C)CC[C@]21C,0.05,vdss_lombardo,TDC
Isomazole,COc1cc(S(C)=O)ccc1-c1nc2ccncc2[nH]1,1.67,vdss_lombardo,TDC
Isoniazide,NNC(=O)c1ccncc1,0.82,vdss_lombardo,TDC
Isoproterenol,CC(C)[NH2+]CC(O)c1ccc(O)c(O)c1,1.5,vdss_lombardo,TDC
Isosorbide Dinitrate,O=[N+]([O-])OC1COC2C(O[N+](=O)[O-])COC12,1.9,vdss_lombardo,TDC
Isosorbide-2-Mononitrate,O=[N+]([O-])OC1COC2C(O)COC12,0.86,vdss_lombardo,TDC
Isosorbide-5-Mononitrate,O=[N+]([O-])OC1COC2C(O)COC12,0.7,vdss_lombardo,TDC
Isoxicam,Cc1cc(NC(=O)C2=C([O-])c3ccccc3S(=O)(=O)N2C)no1,0.19,vdss_lombardo,TDC
Isradipine,COC(=O)C1=C(C)NC(C)=C(C(=O)OC(C)C)C1c1cccc2nonc12,1.5,vdss_lombardo,TDC
Itraconazole,CCC(C)n1ncn(-c2ccc(N3CCN(c4ccc(OCC5COC(Cn6cncn6)(c6ccc(Cl)cc6Cl)O5)cc4)CC3)cc2)c1=O,7.4,vdss_lombardo,TDC
Ivabradine,COc1cc2c(cc1OC)CC(=O)N(CCC[NH+](C)CC1Cc3cc(OC)c(OC)cc31)CC2,1.66,vdss_lombardo,TDC
IVL745,COc1cc(CC(=O)NCC(=O)N(CCC(=O)[O-])Cc2ccc(OC)c(OC)c2)ccc1NC(=O)Nc1ccccc1C,0.25,vdss_lombardo,TDC
Ixabepilone,C/C(=C\c1csc(C)n1)C1CC2OC2(C)CCCC(C)C(O)C(C)C(=O)C(C)(C)C(O)CC(=O)N1,11.0,vdss_lombardo,TDC
Ixazomib,CC(C)CC(NC(=O)CNC(=O)c1cc(Cl)ccc1Cl)B(O)O,3.61,vdss_lombardo,TDC
Kahalalide F,C/C=C1/NC(=O)[C@H](Cc2ccccc2)NC(=O)[C@@H](C(C)C)NC(=O)[C@@H]([C@@H](C)CC)NC(=O)[C@H](NC(=O)[C@H](NC(=O)[C@H](CCC[NH3+])NC(=O)[C@H]2CCCN2C(=O)[C@H](NC(=O)[C@@H](NC(=O)[C@@H](NC(=O)[C@H](NC(=O)CCCC(C)C)C(C)C)[C@@H](C)O)C(C)C)C(C)C)[C@@H](C)CC)[C@@H](C)OC(=O)[C@H](C(C)C)NC1=O,0.11,vdss_lombardo,TDC
Kanamycin,NC1CC([NH3+])C(OC2OC(C[NH3+])C(O)C(O)C2O)C(O)C1OC1OC(CO)C(O)C(N)C1O,0.26,vdss_lombardo,TDC
Ketamine,C[NH2+]C1(c2ccccc2Cl)CCCCC1=O,2.9,vdss_lombardo,TDC
Ketanserin,O=C(c1ccc(F)cc1)C1CC[NH+](CCn2c(=O)[nH]c3ccccc3c2=O)CC1,3.9,vdss_lombardo,TDC
Ketobemidone,CCC(=O)C1(c2cccc(O)c2)CC[NH+](C)CC1,0.48,vdss_lombardo,TDC
Ketoprofen,CC(C(=O)[O-])c1cccc(C(=O)c2ccccc2)c1,0.13,vdss_lombardo,TDC
Ketorolac,O=C(c1ccccc1)c1ccc2n1CCC2C(=O)[O-],0.11,vdss_lombardo,TDC
KNI-272,CSCC(NC(=O)COc1cccc2cnccc12)C(=O)NC(Cc1ccccc1)C(O)C(=O)N1CSCC1C(=O)NC(C)(C)C,0.11,vdss_lombardo,TDC
KRN-5500,CCCCCCCCC/C=C/C=C/C(=O)NCC(=O)NC1C(O)C(O)C(Nc2[nH]cnc3ncnc2-3)OC1C(O)CO,0.17,vdss_lombardo,TDC
KRN8602,CCC1(O)CC(OC2CC(N3CCOCC3)C(O)C(C)O2)c2c(O)c3c(c(O)c2C1O)C(=O)c1cccc(O)c1C3=O,20.9,vdss_lombardo,TDC
KW-2170,[NH3+]CCCNc1ccc2c(C[NH2+]CCO)nn3c4c(O)ccc(O)c4c(=O)c1c23,12.0,vdss_lombardo,TDC
L-692429,CC(C)([NH3+])CC(=O)NC1CCc2ccccc2N(Cc2ccc(-c3ccccc3-c3nnn[n-]3)cc2)C1=O,0.2,vdss_lombardo,TDC
"L-778,123",N#Cc1ccc(Cn2cncc2CN2CCN(c3cccc(Cl)c3)C(=O)C2)cc1,0.8,vdss_lombardo,TDC
Labetalol,CC(CCc1ccccc1)[NH2+]CC(O)c1ccc(O)c(C(N)=O)c1,4.8,vdss_lombardo,TDC
Lacosamide,COCC(NC(C)=O)C(=O)NCc1ccccc1,0.58,vdss_lombardo,TDC
Lamifiban,NC(=[NH2+])c1ccc(C(=O)NC(Cc2ccc(O)cc2)C(=O)N2CCC(OCC(=O)[O-])CC2)cc1,0.29,vdss_lombardo,TDC
Lamivudine,Nc1ccn(C2CSC(CO)O2)c(=O)n1,1.3,vdss_lombardo,TDC
Laniquidar,COC(=O)c1cnc2n1CCc1ccccc1C2=C1CC[NH+](CCc2ccc(OCc3ccc4ccccc4n3)cc2)CC1,6.03,vdss_lombardo,TDC
Lanreotide,CC(C)C1NC(=O)C(CCCC[NH3+])NC(=O)C(Cc2c[nH]c3ccccc23)NC(=O)C(Cc2ccc(O)cc2)NC(=O)C(NC(=O)C(N)Cc2ccc3ccccc3c2)CSSCC(C(=O)NC(C(N)=O)C(C)O)NC1=O,0.2,vdss_lombardo,TDC
Lansoprazole,Cc1c(OCC(F)(F)F)ccnc1CS(=O)c1nc2ccccc2[nH]1,0.28,vdss_lombardo,TDC
Laromustine,CNC(=O)N(N(CCCl)S(C)(=O)=O)S(C)(=O)=O,0.88,vdss_lombardo,TDC
Larotaxel,CC(=O)O[C@H]1C(=O)[C@]23C[C@H]2C[C@H]2OC[C@@]2(OC(C)=O)[C@H]3[C@H](OC(=O)c2ccccc2)[C@]2(O)C[C@H](OC(=O)[C@H](O)[C@@H](NC(=O)OC(C)(C)C)c3ccccc3)C(C)=C1C2(C)C,17.0,vdss_lombardo,TDC
Leflunomide metabolite (A 771726),C/C([O-])=C(/C#N)C(=O)Nc1ccc(C(F)(F)F)cc1,0.13,vdss_lombardo,TDC
Lenapenem,C[NH2+]CC[C@@H](O)[C@@H]1C[C@H](SC2=C(C(=O)[O-])N3C(=O)[C@H]([C@@H](C)O)[C@H]3[C@H]2C)CN1,0.22,vdss_lombardo,TDC
Letrozole,N#Cc1ccc(C(c2ccc(C#N)cc2)n2cncn2)cc1,1.9,vdss_lombardo,TDC
Leuprolide,CCNC(=O)C1CCCN1C(=O)C(CCCNC(N)=[NH2+])NC(=O)C(CC(C)C)NC(=O)C(CC(C)C)NC(=O)C(Cc1ccc(O)cc1)NC(=O)C(CO)NC(=O)C(Cc1c[nH]c2ccccc12)NC(=O)C(Cc1c[nH]cn1)NC(=O)C1CCC(=O)N1,0.38,vdss_lombardo,TDC
Levobupivacaine,CCCC[NH+]1CCCCC1C(=O)Nc1c(C)cccc1C,0.49,vdss_lombardo,TDC
Levocabastine,CC1C[NH+](C2CCC(C#N)(c3ccc(F)cc3)CC2)CCC1(C(=O)[O-])c1ccccc1,1.17,vdss_lombardo,TDC
Levodopa,[NH3+]C(Cc1ccc(O)c(O)c1)C(=O)[O-],1.7,vdss_lombardo,TDC
Levofloxacin,CC1COc2c(N3CC[NH+](C)CC3)c(F)cc3c(=O)c(C(=O)[O-])cn1c23,1.2,vdss_lombardo,TDC
Levoleucovorin,Nc1nc(=O)c2c([nH]1)NCC(CNc1ccc(C(=O)NC(CCC(=O)[O-])C(=O)[O-])cc1)N2C=O,0.27,vdss_lombardo,TDC
Levomepromazine,COc1ccc2c(c1)N(CC(C)C[NH+](C)C)c1ccccc1S2,12.0,vdss_lombardo,TDC
Levonorgestrel,C#CC1(O)CCC2C3CCC4=CC(=O)CCC4C3CCC21CC,1.5,vdss_lombardo,TDC
Levoprotiline,C[NH2+]CC(O)CC12CCC(c3ccccc31)c1ccccc12,18.8,vdss_lombardo,TDC
Levorphanol,C[NH+]1CCC23CCCCC2C1Cc1ccc(O)cc13,11.5,vdss_lombardo,TDC
Levosimendan,CC1CC(=O)NN=C1c1ccc([N-]N=C(C#N)C#N)cc1,0.24,vdss_lombardo,TDC
Libenzapril,[NH3+]CCCCC(NC1CCc2ccccc2N(CC(=O)[O-])C1=O)C(=O)[O-],1.98,vdss_lombardo,TDC
Licarbazepine,NC(=O)N1c2ccccc2CC(O)c2ccccc21,0.72,vdss_lombardo,TDC
Lidocaine,CC[NH+](CC)CC(=O)Nc1c(C)cccc1C,1.8,vdss_lombardo,TDC
Linagliptin,CC#CCn1c(N2CCCC([NH3+])C2)nc2c1c(=O)n(Cc1nc(C)c3ccccc3n1)c(=O)n2C,16.0,vdss_lombardo,TDC
Lincomycin,CCCC1CC(C(=O)NC(C(C)O)C2OC(SC)C(O)C(O)C2O)[NH+](C)C1,1.0,vdss_lombardo,TDC
Linezolid,CC(=O)NCC1CN(c2ccc(N3CCOCC3)c(F)c2)C(=O)O1,0.58,vdss_lombardo,TDC
Lisdexamfetamine,CC(Cc1ccccc1)NC(=O)C([NH3+])CCCC[NH3+],0.6,vdss_lombardo,TDC
Lisinopril,[NH3+]CCCCC(NC(CCc1ccccc1)C(=O)[O-])C(=O)N1CCCC1C(=O)[O-],0.89,vdss_lombardo,TDC
Lisuride,CCN(CC)C(=O)N[C@H]1C=C2c3cccc4[nH]cc(c34)C[C@H]2N(C)C1,1.73,vdss_lombardo,TDC
Lomefloxacin,CCn1cc(C(=O)[O-])c(=O)c2cc(F)c(N3CC[NH2+]C(C)C3)c(F)c21,2.04,vdss_lombardo,TDC
Lomitapide,O=C(NC1CC[NH+](CCCCC2(C(=O)NCC(F)(F)F)c3ccccc3-c3ccccc32)CC1)c1ccccc1-c1ccc(C(F)(F)F)cc1,16.3,vdss_lombardo,TDC
Lorazepam,O=C1Nc2ccc(Cl)cc2C(c2ccccc2Cl)=NC1O,1.3,vdss_lombardo,TDC
Lorcainide,CC(C)[NH+]1CCC(N(C(=O)Cc2ccccc2)c2ccc(Cl)cc2)CC1,6.6,vdss_lombardo,TDC
Lormetazepam,CN1C(=O)C(O)N=C(c2ccccc2Cl)c2cc(Cl)ccc21,1.6,vdss_lombardo,TDC
Losartan,CCCCc1nc(Cl)c(CO)n1Cc1ccc(-c2ccccc2-c2nnn[n-]2)cc1,0.37,vdss_lombardo,TDC
Losmapimod,Cc1c(F)cc(C(=O)NC2CC2)cc1-c1ccc(C(=O)NCC(C)(C)C)cn1,1.67,vdss_lombardo,TDC
Lovastatin (acid),CCC(C)C(=O)OC1CC(C)C=C2C=CC(C)C(CCC(O)CC(O)CC(=O)[O-])C21,0.87,vdss_lombardo,TDC
Loxiglumide,CCCCCN(CCCOC)C(=O)C(CCC(=O)[O-])NC(=O)c1ccc(Cl)c(Cl)c1,0.24,vdss_lombardo,TDC
Lubeluzole,CN(c1nc2ccccc2s1)C1CC[NH+](CC(O)COc2ccc(F)c(F)c2)CC1,2.6,vdss_lombardo,TDC
Lurtotecan,CCC1(O)C(=O)OCc2c1cc1n(c2=O)Cc2c-1nc1cc3c(cc1c2CN1CC[NH+](C)CC1)OCCO3,4.77,vdss_lombardo,TDC
LY2090314,O=C1NC(=O)C(c2cnc3ccccn23)=C1c1cn2c3c(cc(F)cc13)CN(C(=O)N1CCCCC1)CC2,1.2,vdss_lombardo,TDC
LY2140023,CSCCC([NH3+])C(=O)NC1(C(=O)[O-])CS(=O)(=O)C2C(C(=O)[O-])C21,0.44,vdss_lombardo,TDC
LY404039,[NH3+]C1(C(=O)[O-])CS(=O)(=O)C2C(C(=O)[O-])C21,0.21,vdss_lombardo,TDC
Mannitol,OCC(O)C(O)C(O)C(O)CO,0.24,vdss_lombardo,TDC
Maprotiline,C[NH2+]CCCC12CCC(c3ccccc31)c1ccccc12,45.0,vdss_lombardo,TDC
Maraviroc,Cc1nnc(C(C)C)n1C1CC2CCC(C1)[NH+]2CCC(NC(=O)C1CCC(F)(F)CC1)c1ccccc1,2.3,vdss_lombardo,TDC
Maxipost,COc1ccc(Cl)cc1C1(F)C(=O)[N-]c2cc(C(F)(F)F)ccc21,10.0,vdss_lombardo,TDC
Mazapertine,CC(C)Oc1ccccc1N1CCN(Cc2cccc(C(=O)N3CCCCC3)c2)CC1,1.54,vdss_lombardo,TDC
MDAM,C=C(CC(NC(=O)c1ccc(CCc2cnc3nc(N)nc(N)c3n2)cc1)C(=O)[O-])C(=O)[O-],0.7,vdss_lombardo,TDC
Mebendazole,COC(=O)Nc1nc2cc(C(=O)c3ccccc3)ccc2[nH]1,1.2,vdss_lombardo,TDC
Medifoxamine,CN(C)CC(Oc1ccccc1)Oc1ccccc1,2.8,vdss_lombardo,TDC
Medroxalol,CC(CCc1ccc2c(c1)OCO2)[NH2+]CC(O)c1ccc(O)c(C(N)=O)c1,7.9,vdss_lombardo,TDC
Melagatran,NC(=[NH2+])c1ccc(CNC(=O)C2CCN2C(=O)C([NH2+]CC(=O)[O-])C2CCCCC2)cc1,0.23,vdss_lombardo,TDC
Melatonin,COc1ccc2[nH]cc(CCNC(C)=O)c2c1,1.1,vdss_lombardo,TDC
Meloxicam,Cc1cnc([N-]C(=O)C2=C([O-])c3ccccc3S(=O)(=O)N2C)s1,0.15,vdss_lombardo,TDC
Melperone,CC1CC[NH+](CCCC(=O)c2ccc(F)cc2)CC1,14.0,vdss_lombardo,TDC
Melphalan,[NH3+]C(Cc1ccc(N(CCCl)CCCl)cc1)C(=O)[O-],0.48,vdss_lombardo,TDC
MEN-10755,CC1OC(OC2C(O)CC(OC3CC(O)(C(=O)CO)Cc4c(O)c5c(c(O)c43)C(=O)c3ccccc3C5=O)OC2C)CC([NH3+])C1O,2.4,vdss_lombardo,TDC
Meperidine,CCOC(=O)C1(c2ccccc2)CC[NH+](C)CC1,2.3,vdss_lombardo,TDC
Mepivacaine,Cc1cccc(C)c1NC(=O)C1CCCC[NH+]1C,0.95,vdss_lombardo,TDC
Meprobamate,CCCC(C)(COC(N)=O)COC(N)=O,0.7,vdss_lombardo,TDC
Meptazinol,CCC1(c2cccc(O)c2)CCCC[NH+](C)C1,3.3,vdss_lombardo,TDC
"Mercaptopurine, 6-",S=c1[nH]cnc2[nH]cnc12,1.0,vdss_lombardo,TDC
Meropenem,CC(O)C1C(=O)N2C(C(=O)[O-])=C(SC3C[NH2+]C(C(=O)N(C)C)C3)C(C)C12,0.3,vdss_lombardo,TDC
Mesna,O=S(=O)([O-])CCS,0.65,vdss_lombardo,TDC
Metadoxine,Cc1ncc(CO)c(CO)c1O,0.66,vdss_lombardo,TDC
Metazosin,COc1cc2nc(N3CCN(C(=O)C(C)OC)CC3)nc(N)c2cc1OC,0.44,vdss_lombardo,TDC
Metformin,CN(C)C(=[NH2+])NC(=N)N,0.64,vdss_lombardo,TDC
Methadone,CCC(=O)C(CC(C)[NH+](C)C)(c1ccccc1)c1ccccc1,4.4,vdss_lombardo,TDC
Methamphetamine,C[NH2+]C(C)Cc1ccccc1,4.3,vdss_lombardo,TDC
Methicillin,COc1cccc(OC)c1C(=O)NC1C(=O)N2C1SC(C)(C)C2C(=O)[O-],0.32,vdss_lombardo,TDC
Methimazole,Cn1cc[nH]c1=S,0.86,vdss_lombardo,TDC
Methohexital,C=CCC1(C(C)C#CCC)C(=O)NC(=O)N(C)C1=O,1.1,vdss_lombardo,TDC
Methotrexate,CN(Cc1cnc2nc(N)nc(N)c2n1)c1ccc(C(=O)NC(CCC(=O)[O-])C(=O)[O-])cc1,0.43,vdss_lombardo,TDC
Methyldopa,CC([NH3+])(Cc1ccc(O)c(O)c1)C(=O)[O-],0.69,vdss_lombardo,TDC
Methylergometrine,CC[C@H](CO)NC(=O)[C@H]1C=C2c3cccc4[nH]cc(c34)C[C@@H]2N(C)C1,0.96,vdss_lombardo,TDC
Methylnaltrexone,C[N+]1(CC2CC2)CCC23c4c5ccc(O)c4OC2C(=O)CCC3(O)C1C5,2.6,vdss_lombardo,TDC
"Methylnortestosterone, 7α-, 19-",CC1CC2=CC(=O)CCC2C2CCC3(C)C(O)CCC3C12,0.8,vdss_lombardo,TDC
Methylphenidate,COC(=O)C(c1ccccc1)C1CCCC[NH2+]1,2.2,vdss_lombardo,TDC
Methylprednisolone,CC1CC2C(C(O)CC3(C)C2CCC3(O)C(=O)CO)C2(C)C=CC(=O)C=C12,1.2,vdss_lombardo,TDC
"Methylthiomethylpaclitaxel, 7-",CSCOC1CC2OCC2(OC(C)=O)C2C(OC(=O)c3ccccc3)C3(O)CC(OC(=O)C(O)C(NC(=O)c4ccccc4)c4ccccc4)C(C)=C(C(OC(C)=O)C(=O)C12C)C3(C)C,11.0,vdss_lombardo,TDC
Metoclopramide,CC[NH+](CC)CCNC(=O)c1cc(Cl)c(N)cc1OC,3.2,vdss_lombardo,TDC
Metocurine,COc1ccc2cc1Oc1cc3c(cc1OC)CC[N+](C)(C)C3Cc1ccc(cc1)Oc1c(OC)c(OC)cc3c1C(C2)[N+](C)(C)CC3,0.4,vdss_lombardo,TDC
Metolazone,Cc1ccccc1N1C(=O)c2cc(S(N)(=O)=O)c(Cl)cc2NC1C,1.6,vdss_lombardo,TDC
Metoprolol,COCCc1ccc(OCC(O)C[NH2+]C(C)C)cc1,3.1,vdss_lombardo,TDC
Metrizoate,CC(=O)Nc1c(I)c(C(=O)[O-])c(I)c(N(C)C(C)=O)c1I,0.17,vdss_lombardo,TDC
Metronidazole,Cc1ncc([N+](=O)[O-])n1CCO,0.4,vdss_lombardo,TDC
Mexiletine,Cc1cccc(C)c1OCC(C)[NH3+],5.9,vdss_lombardo,TDC
Mezlocillin,CC1(C)SC2C(NC(=O)C(NC(=O)N3CCN(S(C)(=O)=O)C3=O)c3ccccc3)C(=O)N2C1C(=O)[O-],0.09,vdss_lombardo,TDC
Mianserin,C[NH+]1CCN2c3ccccc3Cc3ccccc3C2C1,13.75,vdss_lombardo,TDC
Mibefradil,COCC(=O)OC1(CC[NH+](C)CCCc2nc3ccccc3[nH]2)CCc2cc(F)ccc2C1C(C)C,3.1,vdss_lombardo,TDC
Micafungin,CCCCCOc1ccc(-c2cc(-c3ccc(C(=O)NC4CC(O)C(O)NC(=O)C5C(O)C(C)CN5C(=O)C(C(O)CC(N)=O)NC(=O)C(C(O)C(O)c5ccc(O)c(OS(=O)(=O)[O-])c5)NC(=O)C5CC(O)CN5C(=O)C(C(C)O)NC4=O)cc3)no2)cc1,0.21,vdss_lombardo,TDC
Midazolam,Cc1ncc2n1-c1ccc(Cl)cc1C(c1ccccc1F)=NC2,1.1,vdss_lombardo,TDC
Midodrine,COc1ccc(OC)c(C(O)CNC(=O)C[NH3+])c1,0.67,vdss_lombardo,TDC
Mifamurtide,CCCCCCCCCCCCCCCC(=O)OCC(COP(=O)([O-])OCCNC(=O)C(C)NC(=O)CCC(NC(=O)C(C)NC(=O)C(C)OC(C(C=O)NC(C)=O)C(O)C(O)CO)C(N)=O)OC(=O)CCCCCCCCCCCCCCC,5.8,vdss_lombardo,TDC
Mifepristone,CC#CC1(O)CCC2C3CCC4=CC(=O)CCC4=C3C(c3ccc(N(C)C)cc3)CC21C,0.01,vdss_lombardo,TDC
Miglitol,OCCN1CC(O)C(O)C(O)C1CO,0.28,vdss_lombardo,TDC
Mildronate,C[N+](C)(C)[NH2+]CCC(=O)[O-],0.7,vdss_lombardo,TDC
Milnacipran,CCN(CC)C(=O)C1(c2ccccc2)CC1C[NH3+],4.51,vdss_lombardo,TDC
Milrinone,Cc1[n-]c(=O)c(C#N)cc1-c1ccncc1,0.25,vdss_lombardo,TDC
Minocycline,CN(C)c1ccc(O)c2c1CC1CC3C([NH+](C)C)C([O-])=C(C(N)=O)C(=O)C3(O)C(O)=C1C2=O,1.6,vdss_lombardo,TDC
Minoxidil,Nc1cc(N2CCCCC2)nc(N)[n+]1[O-],0.9,vdss_lombardo,TDC
Mirabegron,Nc1nc(CC(=O)Nc2ccc(CC[NH2+]CC(O)c3ccccc3)cc2)cs1,23.8,vdss_lombardo,TDC
Mirtazapine,C[NH+]1CCN2c3ncccc3Cc3ccccc3C2C1,4.2,vdss_lombardo,TDC
Mitonafide,CN(C)CCN1C(=O)c2cccc3cc([N+](=O)[O-])cc(c23)C1=O,11.3,vdss_lombardo,TDC
Mitoxantrone,O=C1c2c(O)ccc(O)c2C(=O)c2c(NCC[NH2+]CCO)ccc(NCC[NH2+]CCO)c21,12.0,vdss_lombardo,TDC
Mivacurium (cis/cis),COc1cc2c(cc1OC)C(Cc1cc(OC)c(OC)c(OC)c1)[N+](C)(CCCOC(=O)CC/C=C\CCC(=O)OCCC[N+]1(C)CCc3cc(OC)c(OC)cc3C1Cc1cc(OC)c(OC)c(OC)c1)CC2,0.27,vdss_lombardo,TDC
Mizolastine,CN(c1nccc(=O)[nH]1)C1CCN(c2nc3ccccc3n2Cc2ccc(F)cc2)CC1,0.38,vdss_lombardo,TDC
Moclobemide,O=C(NCCN1CCOCC1)c1ccc(Cl)cc1,1.1,vdss_lombardo,TDC
Molsidomine,CCOC(=O)Nc1c[n+](N2CCOCC2)no1,1.4,vdss_lombardo,TDC
Mometasone Furoate,CC1CC2C3CCC4=CC(=O)C=CC4(C)C3(Cl)C(O)CC2(C)C1(OC(=O)c1ccco1)C(=O)CCl,2.2,vdss_lombardo,TDC
Montelukast,CC(C)(O)c1ccccc1CCC(SCC1(CC(=O)[O-])CC1)c1cccc(/C=C/c2ccc3ccc(Cl)cc3n2)c1,0.15,vdss_lombardo,TDC
Morinidazole,Cc1ncc([N+](=O)[O-])n1CC(O)CN1CCOCC1,0.75,vdss_lombardo,TDC
Morphine,C[NH+]1CCC23c4c5ccc(O)c4OC2C(O)C=CC3C1C5,2.3,vdss_lombardo,TDC
Morphine-6-Glucuronide,C[NH+]1CCC23c4c5ccc(O)c4OC2C(OC2OC(C(=O)[O-])C(O)C(O)C2O)C=CC3C1C5,0.12,vdss_lombardo,TDC
Moxalactam,COC1(NC(=O)C(C(=O)O)c2ccc(O)cc2)C(=O)N2C(C(=O)[O-])=C(CSc3nnnn3C)COC21,0.17,vdss_lombardo,TDC
Moxifloxacin,COc1c(N2CC3CCC[NH2+]C3C2)c(F)cc2c(=O)c(C(=O)[O-])cn(C3CC3)c12,1.4,vdss_lombardo,TDC
Moxonidine,COc1nc(C)nc(Cl)c1NC1=[NH+]CCN1,1.8,vdss_lombardo,TDC
Mycophenolic acid,COc1c(C)c2c(c(O)c1C/C=C(\C)CCC(=O)[O-])C(=O)OC2,0.77,vdss_lombardo,TDC
Nadolol,CC(C)(C)[NH2+]CC(O)COc1cccc2c1CC(O)C(O)C2,1.9,vdss_lombardo,TDC
Nafarelin,CC(C)CC(NC(=O)C(Cc1ccc2ccccc2c1)NC(=O)C(Cc1ccc(O)cc1)NC(=O)C(CO)NC(=O)C(Cc1c[nH]c2ccccc12)NC(=O)C(Cc1c[nH]cn1)NC(=O)C1CCC(=O)N1)C(=O)NC(CCCNC(N)=[NH2+])C(=O)N1CCCC1C(=O)NCC(N)=O,0.14,vdss_lombardo,TDC
Nafcillin,CCOc1ccc2ccccc2c1C(=O)NC1C(=O)N2C1SC(C)(C)C2C(=O)[O-],0.22,vdss_lombardo,TDC
Nalbuphine,Oc1ccc2c3c1OC1C(O)CCC4(O)C(C2)[NH+](CC2CCC2)CCC314,4.6,vdss_lombardo,TDC
Nalmefene,C=C1CCC2(O)C3Cc4ccc(O)c5c4C2(CC[NH+]3CC2CC2)C1O5,8.2,vdss_lombardo,TDC
Naloxone,C=CCN1CCC23c4c5ccc(O)c4OC2C(=O)CCC3(O)C1C5,1.7,vdss_lombardo,TDC
Naltrexone,O=C1CCC2(O)C3Cc4ccc(O)c5c4C2(CCN3CC2CC2)C1O5,7.6,vdss_lombardo,TDC
Naphtidrofuryl oxalate,CC[NH+](CC)CCOC(=O)C(Cc1cccc2ccccc12)CC1CCCO1,0.98,vdss_lombardo,TDC
Napsagatran,NC(=[NH2+])N1CCCC(CNC(=O)CC(NS(=O)(=O)c2ccc3ccccc3c2)C(=O)N(CC(=O)[O-])C2CC2)C1,0.36,vdss_lombardo,TDC
Naratriptan,CNS(=O)(=O)CCc1ccc2[nH]cc(C3CC[NH+](C)CC3)c2c1,2.4,vdss_lombardo,TDC
Nateglinide,CC(C)C1CCC(C(=O)NC(Cc2ccccc2)C(=O)[O-])CC1,0.15,vdss_lombardo,TDC
NBI-1,CC(c1ccccn1)c1c(CC[NH+](C)[14CH3])sc2ccccc12,1.83,vdss_lombardo,TDC
NBI-2,C[NH+]([14CH3])CCC1=C(Cc2cccnn2)c2ccc(F)cc2C1,1.11,vdss_lombardo,TDC
NBI-3,CC(C1=C(CC[NH+](C)[14CH3])Cc2ccccc21)c1cnccn1,1.86,vdss_lombardo,TDC
NBI-4,CC(c1cccnc1F)c1c(CC[NH+](C)[14CH3])sc2ccccc12,5.73,vdss_lombardo,TDC
Nebivolol,OC(C[NH2+]CC(O)C1CCc2cc(F)ccc2O1)C1CCc2cc(F)ccc2O1,11.0,vdss_lombardo,TDC
Nefazodone,CCc1nn(CCCN2CCN(c3cccc(Cl)c3)CC2)c(=O)n1CCOc1ccccc1,0.51,vdss_lombardo,TDC
Nefopam,C[NH+]1CCOC(c2ccccc2)c2ccccc2C1,5.6,vdss_lombardo,TDC
Nelarabine,COc1nc(N)nc2c1ncn2C1OC(CO)C(O)C1O,4.9,vdss_lombardo,TDC
Nemonoxacin,COc1c(N2CC(C)CC([NH3+])C2)ccc2c(=O)c(C(=O)[O-])cn(C3CC3)c12,1.9,vdss_lombardo,TDC
Nemorubicin,COc1cccc2c1C(=O)c1c(O)c3c(c(O)c1C2=O)CC(O)(C(=O)CO)CC3OC1CC(N2CCOC(OC)C2)C(O)C(C)O1,49.0,vdss_lombardo,TDC
Neostigmine,CN(C)C(=O)Oc1cccc([N+](C)(C)C)c1,0.74,vdss_lombardo,TDC
Netilmicin,CCNC1CC(N)C(OC2OC(C[NH3+])=CCC2[NH3+])C(O)C1OC1OCC(C)(O)C([NH2+]C)C1O,0.07,vdss_lombardo,TDC
Nevirapine,Cc1ccnc2c1NC(=O)c1cccnc1N2C1CC1,1.3,vdss_lombardo,TDC
Nicainoprol,CC(C)[NH2+]CC(O)COc1cccc2c1N(C(=O)c1cccnc1)CCC2,0.67,vdss_lombardo,TDC
Nicardipine,COC(=O)C1=C(C)NC(C)=C(C(=O)OCCN(C)Cc2ccccc2)C1c1cccc([N+](=O)[O-])c1,1.0,vdss_lombardo,TDC
Nicorandil,O=C(NCCO[N+](=O)[O-])c1cccnc1,1.4,vdss_lombardo,TDC
Nicotine,C[NH+]1CCCC1c1cccnc1,2.6,vdss_lombardo,TDC
Nifedipine,COC(=O)C1=C(C)NC(C)=C(C(=O)OC)C1c1ccccc1[N+](=O)[O-],0.79,vdss_lombardo,TDC
Nimodipine,COCCOC(=O)C1=C(C)NC(C)=C(C(=O)OC(C)C)C1c1cccc([N+](=O)[O-])c1,1.1,vdss_lombardo,TDC
Nintedanib,COC(=O)c1ccc2c(c1)NC(=O)/C2=C(\Nc1ccc(N(C)C(=O)CN2CC[NH+](C)CC2)cc1)c1ccccc1,15.0,vdss_lombardo,TDC
Nisoldipine,COC(=O)C1=C(C)NC(C)=C(C(=O)OCC(C)C)C1c1ccccc1[N+](=O)[O-],5.5,vdss_lombardo,TDC
Nitrazepam,O=C1CN=C(c2ccccc2)c2cc([N+](=O)[O-])ccc2N1,1.7,vdss_lombardo,TDC
Nitrendipine,CCOC(=O)C1=C(C)NC(C)=C(C(=O)OC)C1c1cccc([N+](=O)[O-])c1,6.1,vdss_lombardo,TDC
Nitrofurantoin,O=C1CN(/N=C/c2ccc([N+](=O)[O-])o2)C(=O)[N-]1,0.57,vdss_lombardo,TDC
Nizatidine,CN/C(=C\[N+](=O)[O-])NCCSCc1csc(CN(C)C)n1,1.0,vdss_lombardo,TDC
NK 611,COc1cc(C2c3cc4c(cc3C(OC3OC5COC(C)OC5C(O)C3N(C)C)C3COC(=O)C23)OCO4)cc(OC)c1O,0.3,vdss_lombardo,TDC
Nocloprost,CCCCC(C)(C)C(O)/C=C/C1C(O)CC(Cl)C1C/C=C/CCCC(=O)[O-],0.16,vdss_lombardo,TDC
Nomifensine,C[NH+]1Cc2c(N)cccc2C(c2ccccc2)C1,6.0,vdss_lombardo,TDC
Norfloxacine,CCn1cc(C(=O)[O-])c(=O)c2cc(F)c(N3CC[NH2+]CC3)cc21,1.88,vdss_lombardo,TDC
Nortilidine,CCOC(=O)C1(c2ccccc2)CCC=CC1[NH2+]C,2.5,vdss_lombardo,TDC
Nortriptyline,C[NH2+]CCC=C1c2ccccc2CCc2ccccc21,22.0,vdss_lombardo,TDC
Octreotide,CC(O)C(CO)NC(=O)C1CSSCC(NC(=O)C(N)Cc2ccccc2)C(=O)NC(Cc2ccccc2)C(=O)NC(Cc2c[nH]c3ccccc23)C(=O)NC(CCCC[NH3+])C(=O)NC(C(C)O)C(=O)N1,0.19,vdss_lombardo,TDC
Ofloxacin,CC1COc2c(N3CC[NH+](C)CC3)c(F)cc3c(=O)c(C(=O)[O-])cn1c23,1.6,vdss_lombardo,TDC
Olcegepant,[NH3+]CCCCC(NC(=O)C(Cc1cc(Br)c([O-])c(Br)c1)NC(=O)N1CCC(N2Cc3ccccc3NC2=O)CC1)C(=O)N1CCN(c2cc[nH+]cc2)CC1,0.31,vdss_lombardo,TDC
Oleandomycin,COC1CC(OC2C(C)C(=O)OC(C)C(C)C(O)C(C)C(=O)C3(CO3)CC(C)C(OC3OC(C)CC([NH+](C)C)C3O)C2C)OC(C)C1O,0.77,vdss_lombardo,TDC
Olsalazine,O=C([O-])c1cc(N=Nc2ccc(O)c(C(=O)[O-])c2)ccc1O,0.07,vdss_lombardo,TDC
Ombrabulin,COc1ccc(/C=C/c2cc(OC)c(OC)c(OC)c2)cc1NC(=O)C(N)CO,0.44,vdss_lombardo,TDC
Omeprazole,COc1ccc2nc(S(=O)Cc3ncc(C)c(OC)c3C)[nH]c2c1,0.24,vdss_lombardo,TDC
Ondansetron,Cc1[nH+]ccn1CC1CCc2c(c3ccccc3n2C)C1=O,1.8,vdss_lombardo,TDC
OR-1896,CC(=O)Nc1ccc(C2=NNC(=O)CC2C)cc1,2.38,vdss_lombardo,TDC
Org 28611,COc1cccc2c(C(=O)N3CC[NH+](C)C(C)C3)cn(CC3CCCCC3)c12,1.0,vdss_lombardo,TDC
Ornidazole,Cc1ncc([N+](=O)[O-])n1CC(O)CCl,1.16,vdss_lombardo,TDC
Ortataxel,CC(=O)OC1C(=O)C2(C)C(O)CC3OCC3(OC(C)=O)C2C(OC(=O)c2ccccc2)C23OC(=O)OC2C(OC(=O)C(O)C(CC(C)C)NC(=O)OC(C)(C)C)C(C)=C1C3(C)C,13.83,vdss_lombardo,TDC
Oseltamivir acid,CCC(CC)OC1C=C(C(=O)[O-])CC([NH3+])C1NC(C)=O,0.37,vdss_lombardo,TDC
Otamixaban,COC(=O)C(Cc1cccc(C(N)=[NH2+])c1)C(C)NC(=O)c1ccc(-c2cc[n+]([O-])cc2)cc1,0.89,vdss_lombardo,TDC
Oxacillin,Cc1onc(-c2ccccc2)c1C(=O)NC1C(=O)N2C1SC(C)(C)C2C(=O)[O-],0.19,vdss_lombardo,TDC
Oxazepam,O=C1Nc2ccc(Cl)cc2C(c2ccccc2)=NC1O,0.59,vdss_lombardo,TDC
Oxiracetam,NC(=O)CN1CC(O)CC1=O,0.55,vdss_lombardo,TDC
Oxprenolol,C=CCOc1ccccc1OCC(O)C[NH2+]C(C)C,0.72,vdss_lombardo,TDC
Oxybutynin,CC[NH+](CC)CC#CCOC(=O)C(O)(c1ccccc1)C1CCCCC1,0.85,vdss_lombardo,TDC
Oxycodone,COc1ccc2c3c1OC1C(=O)CCC4(O)C(C2)[NH+](C)CCC314,2.5,vdss_lombardo,TDC
Oxymatrine,O=C1CCCC2C3CCC[N+]4([O-])CCCC(CN12)C34,0.61,vdss_lombardo,TDC
Oxytetracycline,C[NH+](C)C1C([O-])=C(C(N)=O)C(=O)C2(O)C(O)=C3C(=O)c4c(O)cccc4C(C)(O)C3C(O)C12,1.7,vdss_lombardo,TDC
Paclitaxel,CC(=O)OC1C(=O)C2(C)C(O)CC3OCC3(OC(C)=O)C2C(OC(=O)c2ccccc2)C2(O)CC(OC(=O)C(O)C(NC(=O)c3ccccc3)c3ccccc3)C(C)=C1C2(C)C,3.0,vdss_lombardo,TDC
Paeoniflorin,CC12CC3(O)OC(O1)C1(COC(=O)c4ccccc4)C3CC21OC1OC(CO)C(O)C(O)C1O,0.22,vdss_lombardo,TDC
Palonosetron,O=C1c2cccc3c2C(CCC3)CN1C1C[NH+]2CCC1CC2,6.3,vdss_lombardo,TDC
Pamidronic acid (Pamidronate),[NH3+]CCC(O)(P(=O)([O-])[O-])P(=O)([O-])O,1.8,vdss_lombardo,TDC
Pancopride,Nc1cc(OCC2CC2)c(C(=O)NC2C[NH+]3CCC2CC3)cc1Cl,3.9,vdss_lombardo,TDC
Pancuronium,CC(=O)OC1CC2CCC3C(CCC4(C)C3CC([N+]3(C)CCCCC3)C4OC(C)=O)C2(C)CC1[N+]1(C)CCCCC1,0.2,vdss_lombardo,TDC
Panipenem,CC(=[NH2+])N1CCC(SC2=C(C(=O)[O-])N3C(=O)C(C(C)O)C3C2)C1,0.19,vdss_lombardo,TDC
Pantoprazole,COc1ccnc(CS(=O)c2nc3ccc(OC(F)F)cc3[nH]2)c1OC,0.17,vdss_lombardo,TDC
Papaverine,COc1ccc(Cc2nccc3cc(OC)c(OC)cc23)cc1OC,1.0,vdss_lombardo,TDC
Paricalcitol,CC(/C=C/C(C)C(C)(C)O)C1CCC2/C(=C/C=C3CC(O)CC(O)C3)CCCC21C,0.41,vdss_lombardo,TDC
Paroxetine,Fc1ccc(C2CC[NH2+]CC2COc2ccc3c(c2)OCO3)cc1,18.0,vdss_lombardo,TDC
Patupilone,C/C(=C\c1csc(C)n1)C1CC2OC2(C)CCCC(C)C(O)C(C)C(=O)C(C)(C)C(O)CC(=O)O1,14.4,vdss_lombardo,TDC
Pazopanib,Cc1ccc(Nc2nccc(N(C)c3ccc4c(C)n(C)nc4c3)n2)cc1S(N)(=O)=O,0.16,vdss_lombardo,TDC
Pazufloxacin,CC1COc2c(C3([NH3+])CC3)c(F)cc3c(=O)c(C(=O)[O-])cn1c23,0.68,vdss_lombardo,TDC
Pedelsine,Nc1nc2c(Cc3cccnc3)c[nH]c2c(=O)[nH]1,1.2,vdss_lombardo,TDC
Pefloxacin,CCn1cc(C(=O)[O-])c(=O)c2cc(F)c(N3CC[NH+](C)CC3)cc21,1.5,vdss_lombardo,TDC
Pelrinone,Cc1nc(=O)c(C#N)c(NCc2cccnc2)[nH]1,0.39,vdss_lombardo,TDC
Pemetrexed,Nc1nc(=O)c2c(CCc3ccc(C(=O)NC(CCC(=O)[O-])C(=O)[O-])cc3)c[nH]c2[nH]1,0.15,vdss_lombardo,TDC
Penciclovir,Nc1nc(=O)c2ncn(CCC(CO)CO)c2[nH]1,1.1,vdss_lombardo,TDC
Penclomedine,COc1nc(C(Cl)(Cl)Cl)c(Cl)c(OC)c1Cl,9.1,vdss_lombardo,TDC
Penicillin G,CC1(C)SC2C(NC(=O)Cc3ccccc3)C(=O)N2C1C(=O)[O-],0.24,vdss_lombardo,TDC
Pentamidine,NC(=[NH2+])c1ccc(OCCCCCOc2ccc(C(N)=[NH2+])cc2)cc1,53.0,vdss_lombardo,TDC
Pentazocine,CC(C)=CC[NH+]1CCC2(C)c3cc(O)ccc3CC1C2C,3.4,vdss_lombardo,TDC
Pentobarbital,CCCC(C)C1(CC)C(=O)NC(=O)NC1=O,0.91,vdss_lombardo,TDC
Pentostatin,OCC1OC(n2cnc3c2NC=NCC3O)CC1O,0.59,vdss_lombardo,TDC
Pentoxifylline,CC(=O)CCCCn1c(=O)c2c(ncn2C)n(C)c1=O,1.8,vdss_lombardo,TDC
Perindoprilat,CCCC([NH2+]C(C)C(=O)N1C(C(=O)[O-])CC2CCCCC21)C(=O)[O-],0.76,vdss_lombardo,TDC
Perphenazine,OCC[NH+]1CCN(CCCN2c3ccccc3Sc3ccc(Cl)cc32)CC1,18.0,vdss_lombardo,TDC
PF-05212384,C[NH+](C)C1CCN(C(=O)c2ccc(NC(=O)Nc3ccc(-c4nc(N5CCOCC5)nc(N5CCOCC5)n4)cc3)cc2)CC1,2.39,vdss_lombardo,TDC
PF-4776548,COc1cc(F)ccc1Cn1ccc2c3c(ncc21)C(=O)N([O-])CC3,5.7,vdss_lombardo,TDC
Phenacetin,CCOc1ccc(NC(C)=O)cc1,1.4,vdss_lombardo,TDC
Phenazepam,O=C1CN=C(c2ccccc2Cl)c2cc(Br)ccc2N1,6.23,vdss_lombardo,TDC
Phencyclidine,c1ccc(C2([NH+]3CCCCC3)CCCCC2)cc1,6.9,vdss_lombardo,TDC
Phenethicillin,CC(Oc1ccccc1)C(=O)NC1C(=O)N2C1SC(C)(C)C2C(=O)[O-],0.3,vdss_lombardo,TDC
Phenobarbital,CCC1(c2ccccc2)C(=O)NC(=O)NC1=O,0.54,vdss_lombardo,TDC
Phenoxymethylpenicillin,CC1(C)SC2C(NC(=O)COc3ccccc3)C(=O)N2C1C(=O)[O-],0.41,vdss_lombardo,TDC
Phenprocoumon,CCC(c1ccccc1)c1c([O-])c2ccccc2oc1=O,0.2,vdss_lombardo,TDC
Phylloquinone,CC1=C(C/C=C(\C)CCCC(C)CCCC(C)CCCC(C)C)C(=O)c2ccccc2C1=O,0.32,vdss_lombardo,TDC
Picumast,Cc1c(C)c2ccc(OCCC[NH+]3CCN(Cc4ccc(Cl)cc4)CC3)cc2oc1=O,1.3,vdss_lombardo,TDC
Pidotimod,O=C1CCC(C(=O)N2CSCC2C(=O)[O-])N1,0.31,vdss_lombardo,TDC
Pimobendan,COc1ccc(-c2nc3ccc(C4=NNC(=O)CC4C)cc3[nH]2)cc1,2.0,vdss_lombardo,TDC
Pindolol,CC(C)[NH2+]CC(O)COc1cccc2[nH]ccc12,1.2,vdss_lombardo,TDC
Pinocembrin,O=C1CC(c2ccccc2)Oc2cc(O)cc(O)c21,0.8,vdss_lombardo,TDC
Pipecuronium,CC(=O)OC1CC2CCC3C(CCC4(C)C3CC(N3CC[N+](C)(C)CC3)C4OC(C)=O)C2(C)CC1N1CC[N+](C)(C)CC1,0.35,vdss_lombardo,TDC
Piperacillin,CCN1CCN(C(=O)NC(C(=O)NC2C(=O)N3C2SC(C)(C)C3C(=O)[O-])c2ccccc2)C(=O)C1=O,0.27,vdss_lombardo,TDC
Piperphentonamine,C[NH+](CCC(=O)/C=C/c1ccc(O)cc1)CCc1ccc2c(c1)OCO2,2.13,vdss_lombardo,TDC
Pirarubicin,COc1cccc2c1C(=O)c1c(O)c3c(c(O)c1C2=O)CC(O)(C(=O)CO)CC3OC1CC([NH3+])C(OC2CCCCO2)C(C)O1,43.2,vdss_lombardo,TDC
Pirenzepine,C[NH+]1CCN(CC(=O)N2c3ccccc3C(=O)Nc3cccnc32)CC1,1.71,vdss_lombardo,TDC
Piretanide,NS(=O)(=O)c1cc(C(=O)[O-])cc(N2CCCC2)c1Oc1ccccc1,0.17,vdss_lombardo,TDC
Piritramide,N#CC(CCN1CCC(C(N)=O)([NH+]2CCCCC2)CC1)(c1ccccc1)c1ccccc1,4.7,vdss_lombardo,TDC
Pirmenol,CC1CCCC(C)[NH+]1CCCC(O)(c1ccccc1)c1ccccn1,1.4,vdss_lombardo,TDC
Piroximone,CCc1[nH]c(=O)[nH]c1C(=O)c1ccncc1,0.65,vdss_lombardo,TDC
Pitavastatin,O=C([O-])CC(O)CC(O)/C=C/c1c(C2CC2)nc2ccccc2c1-c1ccc(F)cc1,0.9,vdss_lombardo,TDC
Pixantrone,[NH3+]CCNc1ccc(NCC[NH3+])c2c1C(=O)c1ccncc1C2=O,10.1,vdss_lombardo,TDC
PK11195,CCC(C)N(C)C(=O)c1cc2ccccc2c(-c2ccccc2Cl)n1,1.7,vdss_lombardo,TDC
Plazomicin,C[NH2+]C1C(O)C(OC2C(NC(=O)C(O)CC[NH3+])CC([NH3+])C(OC3OC(CNCCO)=CCC3[NH3+])C2O)OCC1(C)O,0.22,vdss_lombardo,TDC
Plinabulin,CC(C)(C)c1nc[nH]c1/C=c1\[nH]c(=O)/c(=C/c2ccccc2)[n-]c1=O,3.0,vdss_lombardo,TDC
PNU-145156E,Cn1cc(NC(=O)Nc2cc(C(=O)Nc3cc(C(=O)Nc4ccc5cc(S(=O)(=O)[O-])cc(S(=O)(=O)[O-])c5c4)n(C)c3)n(C)c2)cc1C(=O)Nc1cc(C(=O)Nc2ccc3cc(S(=O)(=O)[O-])cc(S(=O)(=O)[O-])c3c2)n(C)c1,0.27,vdss_lombardo,TDC
PNU-159548,CC(=O)C1(O)Cc2c(O)c3c(c(O)c2C(OC2CC(N4CC4)C(OS(C)(=O)=O)C(C)O2)C1)C(=O)c1ccccc1C3=O,2.95,vdss_lombardo,TDC
Posaconazole,CCC(C(C)O)n1ncn(-c2ccc(N3CCN(c4ccc(OCC5COC(Cn6cncn6)(c6ccc(F)cc6F)C5)cc4)CC3)cc2)c1=O,3.8,vdss_lombardo,TDC
PR-104,CS(=O)(=O)OCCN(CCBr)c1c(C(=O)NCCOP(=O)([O-])[O-])cc([N+](=O)[O-])cc1[N+](=O)[O-],0.86,vdss_lombardo,TDC
Pralatrexate (R),C#CCC(Cc1cnc2nc(N)nc(N)c2n1)c1ccc(C(=O)NC(CCC(=O)[O-])C(=O)[O-])cc1,0.53,vdss_lombardo,TDC
Pralatrexate (S),C#CCC(Cc1cnc2nc(N)nc(N)c2n1)c1ccc(C(=O)NC(CCC(=O)[O-])C(=O)[O-])cc1,1.5,vdss_lombardo,TDC
Pralidoxime,C[n+]1ccccc1/C=N/O,0.8,vdss_lombardo,TDC
Pramipexole,CCC[NH2+]C1CCc2nc(N)sc2C1,7.0,vdss_lombardo,TDC
Pravastatin,CCC(C)C(=O)OC1CC(O)C=C2C=CC(C)C(CCC(O)CC(O)CC(=O)[O-])C21,0.46,vdss_lombardo,TDC
Prazosin,COc1cc2nc(N3CCN(C(=O)c4ccco4)CC3)nc(N)c2cc1OC,0.73,vdss_lombardo,TDC
Prednisolone,CC12C=CC(=O)C=C1CCC1C2C(O)CC2(C)C1CCC2(O)C(=O)CO,0.86,vdss_lombardo,TDC
Prednisone,CC12C=CC(=O)C=C1CCC1C2C(=O)CC2(C)C1CCC2(O)C(=O)CO,0.57,vdss_lombardo,TDC
Prenalterol,CC(C)[NH2+]CC(O)COc1ccc(O)cc1,4.28,vdss_lombardo,TDC
Prilocaine,CCC[NH2+]C(C)C(=O)Nc1ccccc1C,3.7,vdss_lombardo,TDC
Primaquine,COc1cc(NC(C)CCC[NH3+])c2ncccc2c1,4.0,vdss_lombardo,TDC
Probenecid,CCCN(CCC)S(=O)(=O)c1ccc(C(=O)[O-])cc1,0.13,vdss_lombardo,TDC
Procainamide,CC[NH+](CC)CCNC(=O)c1ccc(N)cc1,2.2,vdss_lombardo,TDC
Prochlorperazine,C[NH+]1CCN(CCCN2c3ccccc3Sc3ccc(Cl)cc32)CC1,22.0,vdss_lombardo,TDC
Procyclidine,OC(CC[NH+]1CCCC1)(c1ccccc1)C1CCCCC1,0.74,vdss_lombardo,TDC
Promazine,C[NH+](C)CCCN1c2ccccc2Sc2ccccc21,8.1,vdss_lombardo,TDC
Promethazine,CC(CN1c2ccccc2Sc2ccccc21)[NH+](C)C,14.0,vdss_lombardo,TDC
Propafenone,CCC[NH2+]CC(O)COc1ccccc1C(=O)CCc1ccccc1,2.2,vdss_lombardo,TDC
Propionyl-L-carnitine,CCC(=O)OC(CC(=O)[O-])C[N+](C)(C)C,0.3,vdss_lombardo,TDC
Propiverine,CCCOC(C(=O)OC1CC[NH+](C)CC1)(c1ccccc1)c1ccccc1,2.73,vdss_lombardo,TDC
Propofol,CC(C)c1cccc(C(C)C)c1O,4.7,vdss_lombardo,TDC
Propoxyphene,CCC(=O)OC(Cc1ccccc1)(c1ccccc1)C(C)C[NH+](C)C,12.0,vdss_lombardo,TDC
Propranolol,CC(C)[NH2+]CC(O)COc1cccc2ccccc12,3.1,vdss_lombardo,TDC
Propylthiouracil,CCCc1cc(=O)[nH]c(=S)[nH]1,0.34,vdss_lombardo,TDC
Pseudohypericin,Cc1cc(O)c2c(=O)c3c(O)cc([O-])c4c5c([O-])cc(O)c6c(=O)c7c(O)cc(CO)c8c1c2c(c34)c(c65)c78,0.56,vdss_lombardo,TDC
Pyridostigmine,CN(C)C(=O)Oc1ccc[n+](C)c1,1.1,vdss_lombardo,TDC
Pyrimethamine,CCc1nc(N)nc(N)c1-c1ccc(Cl)cc1,0.43,vdss_lombardo,TDC
Quercetin,O=c1c([O-])c(-c2ccc(O)c(O)c2)oc2cc([O-])cc(O)c12,0.12,vdss_lombardo,TDC
Quinacrine,CC[NH+](CC)CCCC(C)Nc1c2ccc(Cl)cc2[nH+]c2ccc(OC)cc12,45.0,vdss_lombardo,TDC
Quinaprilat,CC([NH2+]C(CCc1ccccc1)C(=O)[O-])C(=O)N1Cc2ccccc2CC1C(=O)[O-],0.13,vdss_lombardo,TDC
Quinidine,C=CC1C[NH+]2CCC1CC2C(O)c1ccnc2ccc(OC)cc12,2.9,vdss_lombardo,TDC
Quinine,C=CC1C[NH+]2CCC1CC2C(O)c1ccnc2ccc(OC)cc12,1.8,vdss_lombardo,TDC
Quinupristin,CCC1NC(=O)C(NC(=O)c2ncccc2[O-])C(C)OC(=O)C(c2ccccc2)NC(=O)C2CC(=O)C(CSC3C[NH+]4CCC3CC4)CN2C(=O)C(Cc2ccc(N(C)C)cc2)N(C)C(=O)C2CCCN2C1=O,0.67,vdss_lombardo,TDC
R 82913,CC(C)=CCN1Cc2cc(Cl)cc3[nH]c(=S)n(c23)C[C@@H]1C,21.98,vdss_lombardo,TDC
Rabeprazole,COCCCOc1ccnc(CS(=O)c2nc3ccccc3[nH]2)c1C,0.22,vdss_lombardo,TDC
Raclopride,CC[NH+]1CCCC1CNC(=O)c1c([O-])c(Cl)cc(Cl)c1OC,1.1,vdss_lombardo,TDC
Raloxifene,O=C(c1ccc(OCC[NH+]2CCCCC2)cc1)c1c(-c2ccc(O)cc2)sc2cc(O)ccc12,7.5,vdss_lombardo,TDC
Raltitrexed,Cc1nc(=O)c2cc(CN(C)c3ccc(C(=O)NC(CCC(=O)[O-])C(=O)[O-])s3)ccc2[nH]1,6.57,vdss_lombardo,TDC
Ramelteon,CCC(=O)NCCC1CCc2ccc3c(c21)CCO3,1.05,vdss_lombardo,TDC
Ranitidine,CN/C(=C\[N+](=O)[O-])NCCSCc1ccc(C[NH+](C)C)o1,1.2,vdss_lombardo,TDC
Ranolazine,COc1ccccc1OCC(O)CN1CCN(CC(=O)Nc2c(C)cccc2C)CC1,1.2,vdss_lombardo,TDC
R-Apomorphine,C[NH+]1CCc2cccc3c2C1Cc1ccc(O)c(O)c1-3,1.6,vdss_lombardo,TDC
Reboxetine,CCOc1ccccc1OC(c1ccccc1)C1C[NH2+]CCO1,0.65,vdss_lombardo,TDC
Recainam,Cc1cccc(C)c1NC(=O)NCCC[NH2+]C(C)C,1.4,vdss_lombardo,TDC
Regadenoson,CNC(=O)c1cnn(-c2nc(N)c3ncn(C4OC(CO)C(O)C4O)c3n2)c1,0.94,vdss_lombardo,TDC
Remifentanil,CCC(=O)N(c1ccccc1)C1(C(=O)OC)CCN(CCC(=O)OC)CC1,0.4,vdss_lombardo,TDC
Remikiren,CC(C)(C)S(=O)(=O)CC(Cc1ccccc1)C(=O)NC(Cc1c[nH]cn1)C(=O)NC(CC1CCCCC1)C(O)C(O)C1CC1,0.77,vdss_lombardo,TDC
Remimazolam,COC(=O)CCC1[NH+]=C(c2ccccn2)c2cc(Br)ccc2-n2c(C)cnc21,0.44,vdss_lombardo,TDC
Remoxipride,CC[NH+]1CCCC1CNC(=O)c1c(OC)ccc(Br)c1OC,0.65,vdss_lombardo,TDC
Repaglinide,CCOc1cc(CC(=O)NC(CC(C)C)c2ccccc2N2CCCCC2)ccc1C(=O)[O-],0.35,vdss_lombardo,TDC
Repinotan,O=C1c2ccccc2S(=O)(=O)N1CCCC[NH2+]CC1CCc2ccccc2O1,0.21,vdss_lombardo,TDC
RGB-286638,COCCN1CC[NH+](Cc2ccc(-c3n[nH]c4c3C(=O)c3c(NC(=O)NN5CCOCC5)cccc3-4)cc2)CC1,5.9,vdss_lombardo,TDC
Ribavirin,NC(=O)c1ncn(C2OC(CO)C(O)C2O)n1,14.0,vdss_lombardo,TDC
Ribostamycin,NC1CC([NH3+])C(OC2OC(C[NH3+])C(O)C(O)C2N)C(OC2OC(CO)C(O)C2O)C1O,0.25,vdss_lombardo,TDC
Ridogrel,O=C([O-])CCCCO/N=C(\c1cccnc1)c1cccc(C(F)(F)F)c1,0.43,vdss_lombardo,TDC
Rifabutin,COC1/C=C\OC2(C)Oc3c(C)c([O-])c4c(c3C2=O)C2=NC3(CC[NH+](CC(C)C)CC3)NC2=C(NC(=O)/C(C)=C\C=C/C(C)C(O)C(C)C(O)C(C)C(OC(C)=O)C1C)C4=O,9.3,vdss_lombardo,TDC
Rifampin,COC1/C=C/OC2(C)Oc3c(C)c([O-])c4c(O)c(c(/C=N/N5CCN(C)CC5)c(O)c4c3C2=O)NC(=O)/C(C)=C\C=C\C(C)C(O)C(C)C(O)C(C)C(OC(C)=O)C1C,0.97,vdss_lombardo,TDC
Rigosertib,COc1cc(OC)c(/C=C/S(=O)(=O)Cc2ccc(OC)c(NCC(=O)[O-])c2)c(OC)c1,0.11,vdss_lombardo,TDC
Riluzole,Nc1nc2ccc(OC(F)(F)F)cc2s1,3.5,vdss_lombardo,TDC
Risedronic acid (Risedronate),O=P([O-])(O)C(O)(Cc1cccnc1)P(=O)([O-])O,6.3,vdss_lombardo,TDC
Risperidone,Cc1nc2n(c(=O)c1CC[NH+]1CCC(c3noc4cc(F)ccc34)CC1)CCCC2,1.1,vdss_lombardo,TDC
Ritanserin,Cc1nc2sccn2c(=O)c1CC[NH+]1CCC(=C(c2ccc(F)cc2)c2ccc(F)cc2)CC1,1.41,vdss_lombardo,TDC
Ritipenem,CC(O)C1C(=O)N2C(C(=O)[O-])=C(COC(N)=O)SC12,0.24,vdss_lombardo,TDC
Ritodrine,CC([NH2+]CCc1ccc(O)cc1)C(O)c1ccc(O)cc1,4.4,vdss_lombardo,TDC
Rivaroxaban,O=C(NCC1CN(c2ccc(N3CCOCC3=O)cc2)C(=O)O1)c1ccc(Cl)s1,0.7,vdss_lombardo,TDC
Rivastigmine,CCN(C)C(=O)Oc1cccc(C(C)[NH+](C)C)c1,1.3,vdss_lombardo,TDC
Rizatriptan,C[NH+](C)CCc1c[nH]c2ccc(Cn3cncn3)cc12,1.9,vdss_lombardo,TDC
RO0270608,Cc1cccc(Cl)c1C(=O)NC(Cc1ccc(NC(=O)c2c(Cl)cncc2Cl)cc1)C(=O)[O-],0.3,vdss_lombardo,TDC
Ro25-6833,Nc1nc(/C(=N\O)C(=O)NC2C(=O)N3C(C(=O)[O-])=C(/C=C4\CCN(CC(F)(F)F)C4=O)CSC23)cs1,0.11,vdss_lombardo,TDC
Rocuronium,C=CC[N+]1(C2CC3C4CCC5CC(O)C([NH+]6CCOCC6)CC5(C)C4CCC3(C)C2OC(C)=O)CCCC1,0.21,vdss_lombardo,TDC
Rofecoxib,CS(=O)(=O)c1ccc(C2=C(c3ccccc3)C(=O)OC2)cc1,1.3,vdss_lombardo,TDC
Roflumilast,O=C(Nc1c(Cl)cncc1Cl)c1ccc(OC(F)F)c(OCC2CC2)c1,1.92,vdss_lombardo,TDC
Rolipram,COc1ccc(C2CNC(=O)C2)cc1OC1CCCC1,0.67,vdss_lombardo,TDC
Rolitetracycline,C[NH+](C)C1C([O-])=C(C(=O)NC[NH+]2CCCC2)C(=O)C2(O)C(O)=C3C(=O)c4c(O)cccc4C(C)(O)C3CC12,0.54,vdss_lombardo,TDC
Rolofylline,CCCn1c(=O)c2nc(C34CC5CC(CC3C5)C4)[nH]c2n(CCC)c1=O,4.3,vdss_lombardo,TDC
Romidepsin,C/C=C1\NC(=O)C2CSSCC/C=C\C(CC(=O)NC(C(C)C)C(=O)N2)OC(=O)C(C(C)C)NC1=O,1.2,vdss_lombardo,TDC
Ropinirole,CCC[NH+](CCC)CCc1cccc2c1CC(=O)N2,7.7,vdss_lombardo,TDC
Ropivacaine,CCC[NH+]1CCCCC1C(=O)Nc1c(C)cccc1C,0.75,vdss_lombardo,TDC
Roquinimex,CN(C(=O)c1c([O-])c2ccccc2n(C)c1=O)c1ccccc1,0.21,vdss_lombardo,TDC
Rosaramicin,CCC1OC(=O)CC(O)C(C)C(OC2OC(C)CC([NH+](C)C)C2O)C(CC=O)CC(C)C(=O)/C=C\C2(C)OC2C1C,2.83,vdss_lombardo,TDC
Rosiglitazone,CN(CCOc1ccc(CC2SC(=O)[N-]C2=O)cc1)c1ccccn1,0.2,vdss_lombardo,TDC
Rosuvastatin,CC(C)c1nc(N(C)S(C)(=O)=O)nc(-c2ccc(F)cc2)c1/C=C/C(O)CC(O)CC(=O)[O-],1.7,vdss_lombardo,TDC
Rotigotine,CCC[NH+](CCc1cccs1)C1CCc2c(O)cccc2C1,5.7,vdss_lombardo,TDC
RPR 109881A,CC(=O)O[C@H]1C(=O)[C@]23C[C@H]2C[C@H]2OC[C@@]2(OC(C)=O)[C@H]3[C@H](OC(=O)c2ccccc2)[C@]2(O)C[C@H](OC(=O)[C@H](O)[C@@H](NC(=O)OC(C)(C)C)c3ccccc3)C(C)=C1C2(C)C,12.0,vdss_lombardo,TDC
RSD921,CN(C(=O)Cc1cccc2sccc12)C1CCCCC1[NH+]1CCCC1,1.1,vdss_lombardo,TDC
S 12363,CCOP(=O)(OCC)C(NC(=O)C1(O)C(O)C2(CC)C=CC[NH+]3CCC4(c5cc(C6(C(=O)OC)CC7CN(CCc8c6[nH]c6ccccc86)CC(O)(CC)C7)c(OC)cc5N(C)C14)C32)C(C)C,4.67,vdss_lombardo,TDC
S-0139,CC1(C)CCC2(C(=O)[O-])CCC3(COC(=O)/C=C/c4cc(O)ccc4NC(=O)/C=C/C(=O)[O-])C(=CCC4C5(C)CCC(=O)C(C)(C)C5CCC43C)C2C1,1.45,vdss_lombardo,TDC
Sabeluzole,CN(c1nc2ccccc2s1)C1CC[NH+](CC(O)COc2ccc(F)cc2)CC1,5.5,vdss_lombardo,TDC
Saquinavir,CC(C)(C)NC(=O)C1CC2CCCCC2CN1CC(O)C(Cc1ccccc1)NC(=O)C(CC(N)=O)NC(=O)c1ccc2ccccc2n1,3.6,vdss_lombardo,TDC
SarCNU,CN(CC(N)=O)C(=O)N(CCCl)N=O,0.76,vdss_lombardo,TDC
Sardomozide,NC(=[NH2+])N/N=C1\CCc2c(C(N)=[NH2+])cccc21,20.0,vdss_lombardo,TDC
Satavaptan,CCOc1ccc2c(c1)C1(CCC(OCCN3CCOCC3)CC1)C(=O)N2S(=O)(=O)c1ccc(C(=O)NC(C)(C)C)cc1OC,7.0,vdss_lombardo,TDC
Saxagliptin,N#CC1CC2CC2N1C(=O)C(N)C12CC3CC(CC(O)(C3)C1)C2,1.8,vdss_lombardo,TDC
Sch34343,CC(O)C1C(=O)N2C(C(=O)[O-])=C(SCCOC(N)=O)SC12,0.3,vdss_lombardo,TDC
Scopolamine,C[NH+]1C2CC(OC(=O)C(CO)c3ccccc3)CC1C1OC12,3.1,vdss_lombardo,TDC
Selegiline,CC(O)C[NH+]1CCN(CCOC(c2ccccc2)c2ccc(Cl)cc2)CC1,1.9,vdss_lombardo,TDC
Sematilide,CC[NH+](CC)CCNC(=O)c1ccc(NS(C)(=O)=O)cc1,0.82,vdss_lombardo,TDC
Semaxanib,Cc1cc(C)c(/C=C2\C(=O)Nc3ccccc32)[nH]1,0.98,vdss_lombardo,TDC
Silatecan,CCC1(O)C(=O)OCc2c1cc1n(c2=O)Cc2c-1nc1ccc(O)cc1c2[Si](C)(C)C(C)(C)C,0.47,vdss_lombardo,TDC
Sildenafil,CCCc1nn(C)c2c(=O)[nH]c(-c3cc(S(=O)(=O)N4CC[NH+](C)CC4)ccc3OCC)nc12,1.36,vdss_lombardo,TDC
Sinitrodil,O=C1c2ccccc2OCN1CCO[N+](=O)[O-],0.68,vdss_lombardo,TDC
Sipatrigine,C[NH+]1CCN(c2ncc(-c3cc(Cl)cc(Cl)c3Cl)c(N)n2)CC1,24.0,vdss_lombardo,TDC
Sisomicin,C[NH2+]C1C(O)C(OC2C(N)CC([NH3+])C(OC3OC(C[NH3+])=CCC3[NH3+])C2O)OCC1(C)O,0.19,vdss_lombardo,TDC
Sitafloxacin,[NH3+]C1CN(c2c(F)cc3c(=O)c(C(=O)[O-])cn(C4CC4F)c3c2Cl)CC12CC2,1.5,vdss_lombardo,TDC
Sitagliptin,[NH3+]C(CC(=O)N1CCn2c(nnc2C(F)(F)F)C1)Cc1cc(F)c(F)cc1F,2.8,vdss_lombardo,TDC
SNS-032,CC(C)(C)c1cnc(CSc2cnc(NC(=O)C3CC[NH2+]CC3)s2)o1,5.14,vdss_lombardo,TDC
Soblidotin,CCC(C)C(C(CC(=O)N1CCCC1C(OC)C(C)C(=O)NCCc1ccccc1)OC)N(C)C(=O)C(NC(=O)C(C(C)C)N(C)C)C(C)C,0.42,vdss_lombardo,TDC
Solifenacin,O=C(OC1C[NH+]2CCC1CC2)N1CCc2ccccc2C1c1ccccc1,8.2,vdss_lombardo,TDC
Sotalol,CC(C)[NH2+]CC(O)c1ccc(NS(C)(=O)=O)cc1,1.3,vdss_lombardo,TDC
Sparfloxacin,CC1CN(c2c(F)c(N)c3c(=O)c(C(=O)[O-])cn(C4CC4)c3c2F)CC(C)[NH2+]1,3.9,vdss_lombardo,TDC
Sparfosic acid,O=C([O-])CC(NC(=O)CP(=O)([O-])O)C(=O)[O-],0.33,vdss_lombardo,TDC
Spectinomycin,CNC1C(O)C([NH2+]C)C2OC3(O)C(=O)CC(C)OC3OC2C1O,0.13,vdss_lombardo,TDC
Spiramycin,COC1C(O)CC(=O)OC(C)C/C=C\C=C/C(OC2CCC(N(C)C)C(C)O2)C(C)CC(CC=O)C1OC1OC(C)C(OC2CC(C)(O)C(O)C(C)O2)C([NH+](C)C)C1O,5.4,vdss_lombardo,TDC
Spirapril,CCOC(=O)C(CCc1ccccc1)NC(C)C(=O)N1CC2(CC1C(=O)[O-])SCCS2,0.43,vdss_lombardo,TDC
Spisulosine,CCCCCCCCCCCCCCCC(O)C(C)[NH3+],30.7,vdss_lombardo,TDC
Squalamine,CC(C)C(CCC(C)C1CCC2C3C(O)CC4CC(NCCC[NH2+]CCCC[NH3+])CCC4(C)C3CCC12C)OS(=O)(=O)[O-],0.23,vdss_lombardo,TDC
SR 271425,CC[NH+](CC)CCNc1ccc(CNC=O)c2sc3ccc(OC)cc3c(=O)c12,1.01,vdss_lombardo,TDC
SR 4554,O=C(Cn1ccnc1[N+](=O)[O-])NCC(O)C(F)(F)F,0.69,vdss_lombardo,TDC
Stavudine,Cc1cn(C2C=CC(CO)O2)c(=O)[nH]c1=O,0.67,vdss_lombardo,TDC
Streptomycin,CNC1C(OC2C(OC3C(O)C(O)C(NC(N)=[NH2+])C(O)C3NC(N)=[NH2+])OC(C)C2(O)C=O)OC(CO)C(O)C1O,0.34,vdss_lombardo,TDC
Sufentanil,CCC(=O)N(c1ccccc1)C1(COC)CC[NH+](CCc2cccs2)CC1,9.4,vdss_lombardo,TDC
Sugammadex,O=C(O)CCSC[C@H]1O[C@@H]2O[C@@H]3[C@@H](CSCCC(=O)O)O[C@H](O[C@@H]4[C@@H](CSCCC(=O)O)O[C@H](O[C@@H]5[C@@H](CSCCC(=O)O)O[C@H](O[C@@H]6[C@@H](CSCCC(=O)O)O[C@H](O[C@@H]7[C@@H](CSCCC(=O)O)O[C@H](O[C@@H]8[C@@H](CSCCC(=O)O)O[C@H](O[C@@H]9[C@@H](CSCCC(=O)O)O[C@H](O[C@H]1[C@H](O)[C@H]2O)[C@H](O)[C@H]9O)[C@H](O)[C@H]8O)[C@H](O)[C@H]7O)[C@H](O)[C@H]6O)[C@H](O)[C@H]5O)[C@H](O)[C@H]4O)[C@H](O)[C@H]3O,0.18,vdss_lombardo,TDC
Sulbactam,CC1(C)C(C(=O)[O-])N2C(=O)CC2S1(=O)=O,0.32,vdss_lombardo,TDC
Sulbenicillin,CC1(C)SC2C(NC(=O)C(c3ccccc3)S(=O)(=O)[O-])C(=O)N2C1C(=O)[O-],0.15,vdss_lombardo,TDC
Sulfadiazine,Nc1ccc(S(=O)(=O)[N-]c2ncccn2)cc1,0.29,vdss_lombardo,TDC
Sulfamethoxazole,Cc1cc([N-]S(=O)(=O)c2ccc(N)cc2)no1,0.3,vdss_lombardo,TDC
Sulfasalazine,O=C([O-])c1cc(N=Nc2ccc(S(=O)(=O)Nc3ccccn3)cc2)ccc1O,0.11,vdss_lombardo,TDC
Sulfinpyrazone,O=c1[c-](CC[S@](=O)c2ccccc2)c(=O)n(-c2ccccc2)n1-c1ccccc1,0.12,vdss_lombardo,TDC
Sulfisoxazole,Cc1noc([N-]S(=O)(=O)c2ccc(N)cc2)c1C,0.17,vdss_lombardo,TDC
Sulmazole,COc1cc(S(C)=O)ccc1-c1nc2ncccc2[nH]1,0.62,vdss_lombardo,TDC
Sulpiride,CC[NH+]1CCCC1CNC(=O)c1cc(S(N)(=O)=O)ccc1OC,0.94,vdss_lombardo,TDC
Sumatriptan,CNS(=O)(=O)Cc1ccc2[nH]cc(CC[NH+](C)C)c2c1,1.7,vdss_lombardo,TDC
Suprofen,CC(C(=O)[O-])c1ccc(C(=O)c2cccs2)cc1,0.04,vdss_lombardo,TDC
Suramin,Cc1ccc(C(=O)Nc2ccc(S(=O)(=O)[O-])c3cc(S(=O)(=O)[O-])cc(S(=O)(=O)[O-])c23)cc1NC(=O)c1cccc(NC(=O)Nc2cccc(C(=O)Nc3cc(C(=O)Nc4ccc(S(=O)(=O)[O-])c5cc(S(=O)(=O)[O-])cc(S(=O)(=O)[O-])c45)ccc3C)c2)c1,0.54,vdss_lombardo,TDC
Susalimod,Cc1cccnc1NS(=O)(=O)c1ccc(C#Cc2ccc(O)c(C(=O)[O-])c2)cc1,0.1,vdss_lombardo,TDC
Tacrine,Nc1c2c([nH+]c3ccccc13)CCCC2,11.0,vdss_lombardo,TDC
Tacrolimus,C=CCC1/C=C(\C)CC(C)CC(OC)C2OC(O)(C(=O)C(=O)N3CCCCC3C(=O)OC(/C(C)=C/C3CCC(O)C(OC)C3)C(C)C(O)CC1=O)C(C)CC2OC,1.2,vdss_lombardo,TDC
Talinolol,CC(C)(C)[NH2+]CC(O)COc1ccc(NC(=O)NC2CCCCC2)cc1,3.3,vdss_lombardo,TDC
Tamsulosin,CCOc1ccccc1OCC[NH2+]C(C)Cc1ccc(OC)c(S(N)(=O)=O)c1,0.21,vdss_lombardo,TDC
Tariquidar,COc1cc2c(cc1OC)C[NH+](CCc1ccc(NC(=O)c3cc(OC)c(OC)cc3NC(=O)c3cnc4ccccc4c3)cc1)CC2,6.4,vdss_lombardo,TDC
TAS-106,C#CC1(O)C(CO)OC(n2ccc(N)nc2=O)C1O,1.1,vdss_lombardo,TDC
Tasidotin,CC(C)C(NC(=O)C(C(C)C)N(C)C)C(=O)N(C)C(C(=O)N1CCCC1C(=O)N1CCCC1C(=O)NC(C)(C)C)C(C)C,0.33,vdss_lombardo,TDC
Tazarotene,CCOC(=O)c1ccc(C#Cc2ccc3c(c2)C(C)(C)CCS3)nc1,3.55,vdss_lombardo,TDC
Tazobactam,CC1(Cn2ccnn2)C(C(=O)[O-])N2C(=O)CC2S1(=O)=O,0.26,vdss_lombardo,TDC
Tebufelone,C#CCCCC(=O)c1cc(C(C)(C)C)c(O)c(C(C)(C)C)c1,12.0,vdss_lombardo,TDC
Tegaserod,CCCCCNC(=[NH2+])N/N=C/c1c[nH]c2ccc(OC)cc12,5.3,vdss_lombardo,TDC
Teicoplanin A2-1,CCCCC/C=C/CCC(=O)NC1C(Oc2c3cc4cc2Oc2ccc(cc2Cl)C(OC2OC(CO)C(O)C(O)C2NC(C)=O)C2NC(=O)C(NC(=O)C4NC(=O)C4NC(=O)C(Cc5ccc(c(Cl)c5)O3)NC(=O)C(N)c3ccc(O)c(c3)Oc3cc(O)cc4c3)c3ccc(O)c(c3)-c3c(OC4OC(CO)C(O)C(O)C4O)cc(O)cc3C(C(=O)[O-])NC2=O)OC(CO)C(O)C1O,0.92,vdss_lombardo,TDC
Teicoplanin A2-2,CC(=O)N[C@H]1[C@H](O[C@@H]2c3ccc(c(Cl)c3)Oc3cc4cc(c3O[C@@H]3O[C@H](CO)[C@@H](O)[C@H](O)[C@H]3NC(=O)CCCCCCC(C)C)Oc3ccc(cc3Cl)C[C@H]3NC(=O)[C@H](N)c5ccc(O)c(c5)Oc5cc(O)cc(c5)[C@H](NC3=O)C(=O)N[C@H]4C(=O)N[C@H]3C(=O)N[C@@H]2C(=O)N[C@H](C(=O)[O-])c2cc(O)cc(O[C@H]4O[C@H](CO)[C@@H](O)[C@H](O)[C@@H]4O)c2-c2cc3ccc2O)O[C@H](CO)[C@@H](O)[C@@H]1O,0.83,vdss_lombardo,TDC
Teicoplanin A2-3,CCCCCCCCCC(=O)N[C@H]1[C@H](Oc2c3cc4cc2Oc2ccc(cc2Cl)[C@@H](O[C@@H]2O[C@H](CO)[C@@H](O)[C@H](O)[C@H]2NC(C)=O)[C@@H]2NC(=O)[C@H](NC(=O)[C@@H]4NC(=O)[C@H]4NC(=O)[C@@H](Cc5ccc(c(Cl)c5)O3)NC(=O)[C@H](N)c3ccc(O)c(c3)Oc3cc(O)cc4c3)c3ccc(O)c(c3)-c3c(O[C@H]4O[C@H](CO)[C@@H](O)[C@H](O)[C@@H]4O)cc(O)cc3[C@@H](C(=O)[O-])NC2=O)O[C@H](CO)[C@@H](O)[C@@H]1O,0.57,vdss_lombardo,TDC
Teicoplanin A2-4,CCC(C)CCCCCCC(=O)NC1C(Oc2c3cc4cc2Oc2ccc(cc2Cl)C(OC2OC(CO)C(O)C(O)C2NC(C)=O)C2NC(=O)C(NC(=O)C4NC(=O)C4NC(=O)C(Cc5ccc(c(Cl)c5)O3)NC(=O)C(N)c3ccc(O)c(c3)Oc3cc(O)cc4c3)c3ccc(O)c(c3)-c3c(OC4OC(CO)C(O)C(O)C4O)cc(O)cc3C(C(=O)[O-])NC2=O)OC(CO)C(O)C1O,0.57,vdss_lombardo,TDC
Teicoplanin A2-5,CC(=O)N[C@H]1[C@H](O[C@@H]2c3ccc(c(Cl)c3)Oc3cc4cc(c3O[C@@H]3O[C@H](CO)[C@@H](O)[C@H](O)[C@H]3NC(=O)CCCCCCCC(C)C)Oc3ccc(cc3Cl)C[C@H]3NC(=O)[C@H](N)c5ccc(O)c(c5)Oc5cc(O)cc(c5)[C@H](NC3=O)C(=O)N[C@H]4C(=O)N[C@H]3C(=O)N[C@@H]2C(=O)N[C@H](C(=O)[O-])c2cc(O)cc(O[C@H]4O[C@H](CO)[C@@H](O)[C@H](O)[C@@H]4O)c2-c2cc3ccc2O)O[C@H](CO)[C@@H](O)[C@@H]1O,0.42,vdss_lombardo,TDC
Telavancin,CCCCCCCCCC[NH2+]CCN[C@@]1(C)C[C@H](O[C@H]2[C@H](Oc3c4cc5cc3Oc3ccc(cc3Cl)[C@@H](O)[C@@H](NC(=O)[C@@H](CC(C)C)[NH2+]C)C(=O)N[C@@H](CC(N)=O)C(=O)N[C@H]5C(=O)N[C@H]3C(=O)N[C@H](C(=O)N[C@H](C(=O)[O-])c5cc(O)c(C[NH2+]CP(=O)([O-])[O-])c(O)c5-c5cc3ccc5O)[C@H](O)c3ccc(c(Cl)c3)O4)O[C@H](CO)[C@@H](O)[C@@H]2O)O[C@@H](C)[C@H]1O,0.11,vdss_lombardo,TDC
Telcagepant,O=C(NC1CCC(c2cccc(F)c2F)CN(CC(F)(F)F)C1=O)N1CCC(n2c(=O)[nH]c3ncccc32)CC1,0.86,vdss_lombardo,TDC
Telithromycin,CCC1OC(=O)C(C)C(=O)C(C)C(OC2OC(C)CC([NH+](C)C)C2O)C(C)(OC)CC(C)C(=O)C(C)C2N(CCCCn3cnc(-c4cccnc4)c3)C(=O)OC12C,3.0,vdss_lombardo,TDC
Telmisartan,CCCc1nc2c(C)cc(-c3nc4ccccc4n3C)cc2n1Cc1ccc(-c2ccccc2C(=O)[O-])cc1,5.3,vdss_lombardo,TDC
Temozolomide,Cn1nnc2c(C(N)=O)ncn2c1=O,0.5,vdss_lombardo,TDC
Temsirolimus,COC1CC2CCC(C)C(O)(O2)C(=O)C(=O)N2CCCCC2C(=O)OC(C(C)CC2CCC(OC(=O)C(C)(CO)CO)C(OC)C2)CC(=O)C(C)/C=C(\C)C(O)C(OC)C(=O)C(C)CC(C)/C=C/C=C/C=C/1C,3.0,vdss_lombardo,TDC
Teniposide,COc1cc(C2c3cc4c(cc3C(OC3OC5COC(c6cccs6)OC5C(O)C3O)C3COC(=O)C23)OCO4)cc(OC)c1O,0.41,vdss_lombardo,TDC
Tenofovir,CC(Cn1cnc2c(N)ncnc21)OCP(=O)([O-])[O-],0.83,vdss_lombardo,TDC
Tenoxicam,CN1C(C(=O)Nc2ccccn2)=C([O-])c2sccc2S1(=O)=O,0.19,vdss_lombardo,TDC
Terazosin,COc1cc2nc(N3CCN(C(=O)C4CCCO4)CC3)nc(N)c2cc1OC,0.98,vdss_lombardo,TDC
Terbutaline,CC(C)(C)[NH2+]CC(O)c1cc(O)cc(O)c1,1.5,vdss_lombardo,TDC
Teriflunomide,C/C([O-])=C(\C#N)C(=O)Nc1ccc(C(F)(F)F)cc1,0.16,vdss_lombardo,TDC
Terlipressin,NC(=O)CC[C@@H]1NC(=O)[C@H](Cc2ccccc2)NC(=O)[C@H](Cc2ccc(O)cc2)NC(=O)[C@@H](NC(=O)CNC(=O)CNC(=O)C[NH3+])CSSC[C@@H](C(=O)N2CCC[C@H]2C(=O)N[C@@H](CCCC[NH3+])C(=O)NCC(N)=O)NC(=O)[C@H](CC(N)=O)NC1=O,0.24,vdss_lombardo,TDC
Terodiline,CC(CC(c1ccccc1)c1ccccc1)[NH2+]C(C)(C)C,5.1,vdss_lombardo,TDC
Tesaglitazar,CCOC(Cc1ccc(OCCc2ccc(OS(C)(=O)=O)cc2)cc1)C(=O)[O-],0.13,vdss_lombardo,TDC
Tetracycline,C[NH+](C)C1C([O-])=C(C(N)=O)C(=O)C2(O)C(O)=C3C(=O)c4c(O)cccc4C(C)(O)C3CC12,1.2,vdss_lombardo,TDC
"Tetrahydrocannabinol, D9-",CCCCCc1cc(O)c2c(c1)OC(C)(C)C1CCC(C)=CC21,8.9,vdss_lombardo,TDC
"Tetrahydrocannabinol,11-Nor-9-carboxy-D9-",CCCCCc1cc(O)c2c(c1)OC(C)(C)C1CCC(C(=O)[O-])=CC21,1.28,vdss_lombardo,TDC
Tezosentan,COc1ccccc1Oc1c([N-]S(=O)(=O)c2ccc(C(C)C)cn2)nc(-c2ccnc(-c3nnn[n-]3)c2)nc1OCCO,0.28,vdss_lombardo,TDC
TH-302,Cn1c(COP(=O)(NCCBr)NCCBr)cnc1[N+](=O)[O-],0.64,vdss_lombardo,TDC
Thalidomide,O=C1CCC(N2C(=O)c3ccccc3C2=O)C(=O)N1,0.95,vdss_lombardo,TDC
Theophylline,Cn1c(=O)c2nc[nH]c2n(C)c1=O,0.51,vdss_lombardo,TDC
Thiamphenicol glycinate,CS(=O)(=O)c1ccc(C(O)C(COC(=O)C[NH3+])NC(=O)C(Cl)Cl)cc1,0.13,vdss_lombardo,TDC
Thioguanine,Nc1nc2[nH]cnc2c(=S)[nH]1,2.89,vdss_lombardo,TDC
Thionylan (Methapyrilene),C[NH+](C)CCN(Cc1cccs1)c1ccccn1,3.3,vdss_lombardo,TDC
Thiopental,CCCC(C)C1(CC)C(=O)[N-]C(=S)NC1=O,1.2,vdss_lombardo,TDC
Thiotepa,S=P(N1CC1)(N1CC1)N1CC1,1.6,vdss_lombardo,TDC
Tiagabine,Cc1ccsc1C(=CCC[NH+]1CCCC(C(=O)[O-])C1)c1sccc1C,1.1,vdss_lombardo,TDC
Tianeptine,CN1c2ccccc2C(NCCCCCCC(=O)[O-])c2ccc(Cl)cc2S1(=O)=O,0.3,vdss_lombardo,TDC
Tiapride,CC[NH+](CC)CCNC(=O)c1cc(S(C)(=O)=O)ccc1OC,1.1,vdss_lombardo,TDC
Tiaprofenic acid,CC(C(=O)[O-])c1ccc(C(=O)c2ccccc2)s1,0.08,vdss_lombardo,TDC
Tiazofurin,NC(=O)c1csc(C2OC(CO)C(O)C2O)n1,1.1,vdss_lombardo,TDC
Ticarcillin,CC1(C)SC2C(NC(=O)C(C(=O)[O-])c3ccsc3)C(=O)N2C1C(=O)[O-],0.16,vdss_lombardo,TDC
Tigecycline,CN(C)c1cc(NC(=O)C[NH2+]C(C)(C)C)c(O)c2c1CC1CC3C([NH+](C)C)C([O-])=C(C(N)=O)C(=O)C3(O)C(O)=C1C2=O,12.0,vdss_lombardo,TDC
Tilidine,CCOC(=O)C1(c2ccccc2)CCC=CC1[NH+](C)C,4.0,vdss_lombardo,TDC
Tiludronate,O=P([O-])([O-])C(Sc1ccc(Cl)cc1)P(=O)([O-])O,0.23,vdss_lombardo,TDC
Timolol,CC(C)(C)[NH2+]CC(O)COc1nsnc1N1CCOCC1,1.5,vdss_lombardo,TDC
Tinidazole,CCS(=O)(=O)CCn1c([N+](=O)[O-])cnc1C,0.59,vdss_lombardo,TDC
Tiopronin,CC(S)C(=O)NCC(=O)[O-],1.39,vdss_lombardo,TDC
Tiotropium,C[N+]1(C)C2CC(OC(=O)C(O)(c3cccs3)c3cccs3)CC1C1OC12,32.0,vdss_lombardo,TDC
Tirapazamine,Nc1n[n+]([O-])c2ccccc2[n+]1[O-],0.56,vdss_lombardo,TDC
Tirilazad,CC1CC2C3CCC4=CC(=O)C=CC4(C)C3=CCC2(C)C1C(=O)C[NH+]1CCN(c2cc(N3CCCC3)[nH+]c(N3CCCC3)n2)CC1,9.8,vdss_lombardo,TDC
Tirofiban,CCCCS(=O)(=O)NC(Cc1ccc(OCCCCC2CC[NH2+]CC2)cc1)C(=O)[O-],0.99,vdss_lombardo,TDC
Tizanidine,Clc1ccc2nsnc2c1NC1=[NH+]CCN1,2.4,vdss_lombardo,TDC
Toborinone,COc1ccc(C[NH2+]CC(O)COc2ccc3[nH]c(=O)ccc3c2)cc1OC,1.6,vdss_lombardo,TDC
Tobramycin,NCC1OC(OC2C(N)CC(N)C(OC3OC(CO)C(O)C([NH3+])C3O)C2O)C([NH3+])CC1O,0.23,vdss_lombardo,TDC
Tocainide,Cc1cccc(C)c1NC(=O)C(C)[NH3+],1.8,vdss_lombardo,TDC
Tofacitinib,CC1CCN(C(=O)CC#N)CC1N(C)c1ncnc2[nH]ccc12,1.24,vdss_lombardo,TDC
Tofogliflozin,CCc1ccc(Cc2ccc3c(c2)C2(OC3)OC(CO)C(O)C(O)C2O)cc1,0.63,vdss_lombardo,TDC
Tolamolol,Cc1ccccc1OCC(O)C[NH2+]CCOc1ccc(C(N)=O)cc1,4.0,vdss_lombardo,TDC
Tolbutamide,CCCCNC(=O)[N-]S(=O)(=O)c1ccc(C)cc1,0.12,vdss_lombardo,TDC
Tolcapone,Cc1ccc(C(=O)c2cc(O)c([O-])c([N+](=O)[O-])c2)cc1,0.12,vdss_lombardo,TDC
Toloxatone,Cc1cccc(N2CC(CO)OC2=O)c1,1.5,vdss_lombardo,TDC
Tolterodine,Cc1ccc(O)c(C(CC[NH+](C(C)C)C(C)C)c2ccccc2)c1,1.5,vdss_lombardo,TDC
Tolvaptan,Cc1ccccc1C(=O)Nc1ccc(C(=O)N2CCCC(O)c3cc(Cl)ccc32)c(C)c1,0.5,vdss_lombardo,TDC
Tomopenem,CC(O)C1C(=O)N2C(C(=O)[O-])=C(SC3CC(C(=O)N4CCC(NC(=O)CNC(N)=[NH2+])C4)N(C)C3)C(C)C12,0.23,vdss_lombardo,TDC
Tonapofylline,CCCn1c(=O)c2[nH]c(C34CCC(CCC(=O)[O-])(CC3)CC4)nc2n(CCC)c1=O,0.76,vdss_lombardo,TDC
Topiramate,CC1(C)OC2COC3(COS(N)(=O)=O)OC(C)(C)OC3C2O1,0.8,vdss_lombardo,TDC
Topixantrone,C[NH+](C)CCNc1ccc2c3c(nn2CC[NH2+]CCO)-c2cnccc2C(=O)c13,57.0,vdss_lombardo,TDC
Topotecan,CCC1(O)C(=O)OCc2c1cc1n(c2=O)Cc2cc3c(C[NH+](C)C)c(O)ccc3nc2-1,1.8,vdss_lombardo,TDC
Torsemide,Cc1cccc(Nc2ccncc2S(=O)(=O)[N-]C(=O)NC(C)C)c1,0.21,vdss_lombardo,TDC
Toxogonin,O/N=C/c1cc[n+](COC[n+]2ccc(/C=N/O)cc2)cc1,0.17,vdss_lombardo,TDC
Tozasertib,Cc1cc(Nc2cc(N3CC[NH+](C)CC3)nc(Sc3ccc(NC(=O)C4CC4)cc3)n2)n[nH]1,5.1,vdss_lombardo,TDC
Trabectedin,COc1cc2c(cc1O)CCNC21CSC2c3c(OC(C)=O)c(C)c4c(c3C(COC1=O)N1C(O)C3Cc5cc(C)c(OC)c(O)c5C(C21)[NH+]3C)OCO4,25.0,vdss_lombardo,TDC
Tramadol,COc1cccc(C2(O)CCCCC2C[NH+](C)C)c1,2.8,vdss_lombardo,TDC
Trametinib,CC(=O)Nc1cccc(-n2c(=O)n(C3CC3)c(=O)c3c(Nc4ccc(I)cc4F)n(C)c(=O)c(C)c32)c1,13.94,vdss_lombardo,TDC
Trandolapril,CCOC(=O)C(CCc1ccccc1)NC(C)C(=O)N1C(C(=O)[O-])CC2CCCCC21,0.25,vdss_lombardo,TDC
Tranexamic acid,[NH3+]CC1CCC(C(=O)[O-])CC1,0.38,vdss_lombardo,TDC
Traxoprodil,CC(C(O)c1ccc(O)cc1)[NH+]1CCC(O)(c2ccccc2)CC1,4.4,vdss_lombardo,TDC
Trazodone,O=c1n(CCCN2CCN(c3cccc(Cl)c3)CC2)nc2ccccn12,0.52,vdss_lombardo,TDC
Treosulfan,CS(=O)(=O)OCC(O)C(O)COS(C)(=O)=O,0.59,vdss_lombardo,TDC
Treprostinil,CCCCCC(O)CCC1C(O)CC2Cc3c(cccc3OCC(=O)[O-])CC21,0.23,vdss_lombardo,TDC
Triamcinolone Acetonide,CC1(C)OC2CC3C4CCC5=CC(=O)C=CC5(C)C4(F)C(O)CC3(C)C2(C(=O)CO)O1,1.4,vdss_lombardo,TDC
Triamterene,Nc1nc(N)c2nc(-c3ccccc3)c(N)nc2n1,13.0,vdss_lombardo,TDC
Triapine,NC(=S)N/N=C/c1ncccc1N,0.41,vdss_lombardo,TDC
Triazolam,Cc1nnc2n1-c1ccc(Cl)cc1C(c1ccccc1Cl)=NC2,0.58,vdss_lombardo,TDC
Trimazosin,COc1cc2c(N)nc(N3CCN(C(=O)OCC(C)(C)O)CC3)nc2c(OC)c1OC,0.18,vdss_lombardo,TDC
Trimethoprim,COc1cc(Cc2cnc(N)nc2N)cc(OC)c1OC,1.5,vdss_lombardo,TDC
Trimetrexate,COc1cc(NCc2ccc3nc(N)nc(N)c3c2C)cc(OC)c1OC,0.77,vdss_lombardo,TDC
Trimipramine,CC(CN1c2ccccc2CCc2ccccc21)C[NH+](C)C,16.0,vdss_lombardo,TDC
Tropatepine,C[NH+]1C2CCC1CC(=C1c3ccccc3CSc3ccccc31)C2,11.85,vdss_lombardo,TDC
Tropisetron,C[NH+]1C2CCC1CC(OC(=O)c1c[nH]c3ccccc13)C2,9.7,vdss_lombardo,TDC
Trospectomycin,CCCCC1CC(=O)C2(O)OC3C([NH2+]C)C(O)C(NC)C(O)C3OC2O1,0.7,vdss_lombardo,TDC
Trospium,Nc1cccc(N)c1N,5.1,vdss_lombardo,TDC
Trovafloxacin,[NH3+]C1C2CN(c3nc4c(cc3F)c(=O)c(C(=O)[O-])cn4-c3ccc(F)cc3F)CC12,1.3,vdss_lombardo,TDC
Troxacitabine,Nc1ccn(C2COC(CO)O2)c(=O)n1,1.0,vdss_lombardo,TDC
Tubocurarine,COc1cc2c3cc1Oc1cc(ccc1O)CC1c4c(cc(OC)c(O)c4Oc4ccc(cc4)CC3[NH+](C)CC2)CC[N+]1(C)C,0.45,vdss_lombardo,TDC
TZP 101,CC1C[NH2+]C(C2CC2)C(=O)N(C)C(C)C(=O)NC(Cc2ccc(F)cc2)C(=O)NCCCc2ccccc2O1,0.1,vdss_lombardo,TDC
"UK-240,455",CS(=O)(=O)N(CCO)c1c(Cl)c(Cl)cc2[nH]c(=O)c(=O)[nH]c12,0.8,vdss_lombardo,TDC
Urapidil,COc1ccccc1N1CCN(CCCNc2cc(=O)n(C)c(=O)n2C)CC1,0.75,vdss_lombardo,TDC
Ursolic acid,CC1CCC2(C(=O)[O-])CCC3(C)C(=CCC4C5(C)CCC(O)C(C)(C)C5CCC43C)C2C1C,0.54,vdss_lombardo,TDC
Valdecoxib,Cc1onc(-c2ccccc2)c1-c1ccc(S(N)(=O)=O)cc1,0.75,vdss_lombardo,TDC
Valproic Acid,CCCC(CCC)C(=O)[O-],0.14,vdss_lombardo,TDC
Valsartan,CCCCC(=O)N(Cc1ccc(-c2ccccc2-c2nnn[n-]2)cc1)C(C(=O)[O-])C(C)C,0.22,vdss_lombardo,TDC
Valspodar,C/C=C/CC(C)C(=O)C1C(=O)NC(C(C)C)C(=O)N(C)CC(=O)N(C)C(CC(C)C)C(=O)NC(C(C)C)C(=O)N(C)C(CC(C)C)C(=O)NC(C)C(=O)NC(C)C(=O)N(C)C(CC(C)C)C(=O)N(C)C(CC(C)C)C(=O)N(C)C(C(C)C)C(=O)N1C,1.8,vdss_lombardo,TDC
Vancomycin,C[NH2+]C(CC(C)C)C(=O)NC1C(=O)NC(CC(N)=O)C(=O)NC2C(=O)NC3C(=O)NC(C(=O)NC(C(=O)[O-])c4cc(O)cc(O)c4-c4cc3ccc4O)C(O)c3ccc(c(Cl)c3)Oc3cc2cc(c3OC2OC(CO)C(O)C(O)C2OC2CC(C)([NH3+])C(O)C(C)O2)Oc2ccc(cc2Cl)C1O,0.54,vdss_lombardo,TDC
Vardenafil,CCCc1nc(C)c2c(=O)[nH]c(-c3cc(S(=O)(=O)N4CC[NH+](CC)CC4)ccc3OCC)nn12,3.0,vdss_lombardo,TDC
Vecuronium Bromide,CC(=O)OC1CC2CCC3C(CCC4(C)C3CC([N+]3(C)CCCCC3)C4OC(C)=O)C2(C)CC1[NH+]1CCCCC1,0.3,vdss_lombardo,TDC
Velcalcetide,CC(=O)NC(CSSCC([NH3+])C(=O)[O-])C(=O)NC(C)C(=O)NC(CCCNC(N)=[NH2+])C(=O)NC(CCCNC(N)=[NH2+])C(=O)NC(CCCNC(N)=[NH2+])C(=O)NC(C)C(=O)NC(CCCNC(N)=[NH2+])C(N)=O,0.5,vdss_lombardo,TDC
Venlafaxine,COc1ccc(C(C[NH+](C)C)C2(O)CCCCC2)cc1,4.4,vdss_lombardo,TDC
Verapamil,COc1ccc(CC[NH+](C)CCCC(C#N)(c2ccc(OC)c(OC)c2)C(C)C)cc1OC,3.7,vdss_lombardo,TDC
Verlukast,CN(C)C(=O)CCSC(SCCC(=O)[O-])c1cccc(/C=C/c2ccc3ccc(Cl)cc3n2)c1,0.11,vdss_lombardo,TDC
Vernakalant,COc1ccc(CCOC2CCCCC2[NH+]2CCC(O)C2)cc1OC,1.8,vdss_lombardo,TDC
Verteporfin-Mac,C=CC1=C(C)c2cc3[nH]c(cc4[nH+]c(cc5[nH]c(cc1[nH+]2)c(C)c5CCC(=O)[O-])C(CCC(=O)OC)=C4C)C1(C)C3=CC=C(C(=O)OC)C1C(=O)OC,0.63,vdss_lombardo,TDC
Verteporfin-Mad,C=CC1=C(C)c2cc3[nH]c(cc4[nH+]c(cc5[nH]c(cc1[nH+]2)c(C)c5CCC(=O)OC)C(CCC(=O)[O-])=C4C)C1(C)C3=CC=C(C(=O)OC)C1C(=O)OC,0.51,vdss_lombardo,TDC
Vilanterol,OCc1cc(C(O)C[NH2+]CCCCCCOCCOCc2c(Cl)cccc2Cl)ccc1O,2.38,vdss_lombardo,TDC
Vildagliptin,N#CC1CCCN1C(=O)C[NH2+]C12CC3CC(CC(O)(C3)C1)C2,1.03,vdss_lombardo,TDC
Viloxazine,CCOc1ccccc1OCC1C[NH2+]CCO1,0.73,vdss_lombardo,TDC
Vinblastine,CCC1(O)CC2CN(CCc3c([nH]c4ccccc34)C(C(=O)OC)(c3cc4c(cc3OC)N(C)C3C(O)(C(=O)OC)C(OC(C)=O)C5(CC)C=CCN6CCC43C65)C2)C1,28.0,vdss_lombardo,TDC
Vincristine,CCC1(O)CC2CN(CCc3c([nH]c4ccccc34)C(C(=O)OC)(c3cc4c(cc3OC)N(C=O)C3C(O)(C(=O)OC)C(OC(C)=O)C5(CC)C=CCN6CCC43C65)C2)C1,2.4,vdss_lombardo,TDC
Vindesine,CCC1(O)CC2CN(CCc3c([nH]c4ccccc34)C(C(=O)OC)(c3cc4c(cc3OC)N(C)C3C(O)(C(N)=O)C(O)C5(CC)C=CC[NH+]6CCC43C65)C2)C1,5.0,vdss_lombardo,TDC
Vinorelbine,CCC1=CC2CN(C1)Cc1c([nH]c3ccccc13)C(C(=O)OC)(c1cc3c(cc1OC)N(C)C1C(O)(C(=O)OC)C(OC(C)=O)C4(CC)C=CCN5CCC31C54)C2,23.0,vdss_lombardo,TDC
Vinpocetine,CCOC(=O)C1=CC2(CC)CCCN3CCc4c(n1c1ccccc41)C32,2.08,vdss_lombardo,TDC
Vismodegib,CS(=O)(=O)c1ccc(C(=O)Nc2ccc(Cl)c(-c3ccccn3)c2)c(Cl)c1,0.23,vdss_lombardo,TDC
Volasertib,CCC1C(=O)N(C)c2cnc(Nc3ccc(C(=O)NC4CCC([NH+]5CCN(CC6CC6)CC5)CC4)cc3OC)nc2N1C(C)C,80.5,vdss_lombardo,TDC
Voriconazole,CC(c1ncncc1F)C(O)(Cn1cncn1)c1ccc(F)cc1F,2.2,vdss_lombardo,TDC
Vorinostat,O=C(CCCCCCC(=O)Nc1ccccc1)NO,0.5,vdss_lombardo,TDC
Vortioxetine,Cc1ccc(Sc2ccccc2N2CC[NH2+]CC2)c(C)c1,35.3,vdss_lombardo,TDC
Warfarin,CC(=O)CC(c1ccccc1)c1c([O-])c2ccccc2oc1=O,0.13,vdss_lombardo,TDC
Xamoterol,O=C(NCC[NH2+]CC(O)COc1ccc(O)cc1)N1CCOCC1,0.64,vdss_lombardo,TDC
XK469R,CC(Oc1ccc(Oc2cnc3ccc(Cl)cc3n2)cc1)C(=O)[O-],0.19,vdss_lombardo,TDC
XR5000,C[NH+](C)CCNC(=O)c1cccc2cc3ccccc3nc12,3.41,vdss_lombardo,TDC
Xylose_D,O=CC(O)C(O)C(O)CO,0.23,vdss_lombardo,TDC
Y 20811,Cc1ccc(-n2ccnc2)cc1C(O)c1c(C)cc(C(=O)[O-])cc1C,0.37,vdss_lombardo,TDC
YM155,COCCn1c2c([n+](Cc3cnccn3)c1C)C(=O)c1ccccc1C2=O,23.7,vdss_lombardo,TDC
Yohimbine,COC(=O)C1C(O)CCC2CN3CCc4c([nH]c5ccccc45)C3CC21,0.48,vdss_lombardo,TDC
Zalcitabine,Nc1ccn(C2CCC(CO)O2)c(=O)n1,0.54,vdss_lombardo,TDC
Zaleplon,CCN(C(C)=O)c1cccc(-c2ccnc3c(C#N)cnn23)c1,1.3,vdss_lombardo,TDC
Zalypsis,COc1c(C)cc2c(c1O)C1C3Cc4c(OC(C)=O)c(C)c5c(c4C(CNC(=O)/C=C/c4cccc(C(F)(F)F)c4)N3C(O)C(C2)[NH+]1C)OCO5,12.6,vdss_lombardo,TDC
Zanamivir,CC(=O)NC1C(NC(N)=[NH2+])C=C(C(=O)[O-])OC1C(O)C(O)CO,0.23,vdss_lombardo,TDC
ZD-9331,C#CCN(Cc1cc2c(=O)nc(C)[nH]c2cc1C)c1ccc(C(=O)NC(CCc2nnn[n-]2)C(=O)[O-])c(F)c1,0.53,vdss_lombardo,TDC
Zidovudine,Cc1cn(C2CC(N=[N+]=N)C(CO)O2)c(=O)[nH]c1=O,1.8,vdss_lombardo,TDC
Zimelidine,C[NH+](C)C/C=C(/c1ccc(Br)cc1)c1cccnc1,6.8,vdss_lombardo,TDC
Ziprasidone,O=C1Cc2cc(CCN3CCN(c4nsc5ccccc45)CC3)c(Cl)cc2N1,1.0,vdss_lombardo,TDC
Ziracin,COC[C@H]1O[C@@H](O[C@@H]2OC[C@@H]3O[C@@]4(OC[C@@H](OC(=O)c5c(C)cc(O)cc5O)[C@@H]5OCO[C@H]54)O[C@H]3[C@H]2O)[C@@H](OC)[C@@H](O)[C@@H]1O[C@@H]1O[C@H](C)[C@H](OC)[C@H](O[C@@H]2O[C@H](C)[C@H]3O[C@]4(C[C@@H](O)[C@H](O[C@H]5C[C@@H](O[C@H]6C[C@](C)([N+](=O)[O-])[C@@H](OC)[C@H](C)O6)[C@H](OC(=O)c6c(C)c(Cl)c([O-])c(Cl)c6OC)[C@@H](C)O5)[C@@H](C)O4)O[C@]3(C)[C@@H]2O)[C@H]1O,0.39,vdss_lombardo,TDC
Zoledronic Acid,O=P([O-])([O-])C(O)(Cn1ccnc1)P(=O)([O-])O,0.6,vdss_lombardo,TDC
Zolmitriptan,C[NH+](C)CCc1c[nH]c2ccc(CC3COC(=O)N3)cc12,1.8,vdss_lombardo,TDC
Zolpidem,Cc1ccc(-c2nc3ccc(C)cn3c2CC(=O)N(C)C)cc1,0.54,vdss_lombardo,TDC
Zonampanel,O=C([O-])Cn1c(=O)c(=O)[nH]c2cc([N+](=O)[O-])c(-n3ccnc3)cc21,0.19,vdss_lombardo,TDC
Zoniporide,N=C(N)NC(=O)c1cnn(-c2cccc3ncccc23)c1C1CC1,1.7,vdss_lombardo,TDC
Zopiclone,C[NH+]1CCN(C(=O)OC2c3nccnc3C(=O)N2c2ccc(Cl)cn2)CC1,1.3,vdss_lombardo,TDC
Zotarolimus,COC1CC2CCC(C)C(O)(O2)C(=O)C(=O)N2CCCCC2C(=O)OC(C(C)CC2CCC(n3cnnn3)C(OC)C2)CC(=O)C(C)/C=C(\C)C(O)C(OC)C(=O)C(C)CC(C)/C=C/C=C/C=C/1C,1.3,vdss_lombardo,TDC
CHEMBL203059,O=C(Nc1cc(-c2ccnc(Nc3ccccc3)c2)ccn1)C1CCOCC1,12.59,clearance_microsome,TDC
CHEMBL1900528,C[N+]1(C)[C@H]2C[C@H](OC(=O)C(O)(c3cccs3)c3cccs3)C[C@@H]1[C@H]1O[C@@H]21,3.0,clearance_microsome,TDC
CHEMBL1689128,C[C@H]1CN(Cc2cc(Cl)ccc2OCC(=O)O)CCN1C(=O)Cc1ccc(Cl)cc1,3.0,clearance_microsome,TDC
CHEMBL1917432,Cc1c(Sc2ccc(Cl)cc2)c2c(S(C)(=O)=O)cccc2n1CC(=O)O,3.0,clearance_microsome,TDC
CHEMBL1782167,Cc1ccc(C(=O)NC2CC2)cc1-c1ccc(C(=O)NCC2CC2)nc1,3.0,clearance_microsome,TDC
CHEMBL1947157,O=c1[nH]c2c(O)ccc([C@@H](O)CNCCc3cccc(CNCCc4c(Cl)cccc4Cl)c3)c2s1,63.0,clearance_microsome,TDC
CHEMBL2347404,Fc1cccc(COc2ccc(Nc3ncnc4ccc(-c5cccc(N6CCOCC6)c5)cc34)cc2Cl)c1,63.1,clearance_microsome,TDC
CHEMBL2031559,O=C(Nc1cccc(-c2nnn[nH]2)c1)c1cc(C(F)(F)F)cc2[nH]cnc12,4.47,clearance_microsome,TDC
CHEMBL214350,Cc1ccc2c(c1)c(-c1ccnc3c(C(F)(F)F)cccc13)c(C)n2CC(=O)O,5.6,clearance_microsome,TDC
CHEMBL12,CN1C(=O)CN=C(c2ccccc2)c2cc(Cl)ccc21,5.75,clearance_microsome,TDC
CHEMBL401158,CCCCNc1nc(SCCC)nc2c1nnn2[C@@H]1C[C@H](CO)[C@@H](O)[C@H]1O,6.0,clearance_microsome,TDC
CHEMBL2207656,O=C(NC[C@@H](O)CN1CCC(Oc2ccc(Cl)c(Cl)c2)CC1)c1c[nH]c(=O)c2c(F)cccc12,6.0,clearance_microsome,TDC
CHEMBL205078,O=C(Nc1cc(-c2ccnc(Nc3ccc(F)cc3)c2)ccn1)C1CCOCC1,6.03,clearance_microsome,TDC
CHEMBL2070938,N#CC1(NC(=O)[C@@H]2CCCC[C@H]2C(=O)N2CCN(c3nccs3)CC2)CC1,6.92,clearance_microsome,TDC
CHEMBL184012,Cc1ccc(NC(=O)c2ccnc(N3CCOCC3)c2)cc1NC(=O)c1ccc(OCc2ccccn2)cc1,7.0,clearance_microsome,TDC
CHEMBL1783112,COc1ccc2nc(C)cc(-n3cc(CNC(C)=O)nn3)c2c1,7.08,clearance_microsome,TDC
CHEMBL1256967,CC1(C)[C@H](NC(=O)/C(=N\OCc2cc(=O)c(O)cn2O)c2csc(N)n2)C(=O)N1OS(=O)(=O)O,7.94,clearance_microsome,TDC
CHEMBL93484,CC1N=C(N)N=C(N)N1c1ccc(Cl)cc1,3.31,clearance_microsome,TDC
CHEMBL402986,C[C@H](CO)Nc1nc(SCc2ccccc2)nc2[nH]c(=O)sc12,4.0,clearance_microsome,TDC
CHEMBL2031233,Cc1ccc(NC(=O)C2CC2)cc1-n1cnc2ccc(N3CCN(C)CC3)cc2c1=O,4.0,clearance_microsome,TDC
CHEMBL5,CCn1cc(C(=O)O)c(=O)c2ccc(C)nc21,4.0,clearance_microsome,TDC
CHEMBL1766779,CS(=O)(=O)c1ccc(-c2cnc(N)c(C(=O)Nc3ccccc3)n2)cc1,4.17,clearance_microsome,TDC
CHEMBL1290284,COc1cc(C(=O)OCCCCNC(=N)N)cc(OC)c1O,3.0,clearance_microsome,TDC
CHEMBL60066,O=C(Nc1ccc(F)cc1)c1ccc(Cl)[n+]([O-])c1,3.0,clearance_microsome,TDC
CHEMBL1092926,Fc1cc(-c2cccc3ncc(-c4cnn(C5CCNCC5)c4)nc23)cc(F)c1CN1CCOCC1,3.0,clearance_microsome,TDC
CHEMBL1917449,CC(=O)Nc1cccc2c1c(S(=O)(=O)c1ccc(Cl)cc1)c(C)n2CC(=O)O,3.0,clearance_microsome,TDC
CHEMBL1921944,C[C@@](C(=O)O[C@H]1C[N+]2(CC(=O)Nc3cccc(F)c3)CCC1CC2)(c1ccccc1)N1CCCCC1,34.0,clearance_microsome,TDC
CHEMBL1921946,C[C@@](C(=O)O[C@H]1C[N+]2(CC(=O)Nc3ccccn3)CCC1CC2)(c1ccccc1)N1CCCCC1,66.0,clearance_microsome,TDC
CHEMBL2158840,O=C(O)[C@H](Cc1cccc(F)c1)N1CCC(CN2CCC(Oc3ccc(Cl)c(Cl)c3)CC2)CC1,8.0,clearance_microsome,TDC
CHEMBL272705,C[C@H](CO)Nc1nc(SCc2ccco2)nc2[nH]c(=O)sc12,8.28,clearance_microsome,TDC
CHEMBL2220442,CC(C)n1c(/C=C/C(O)CC(O)CC(=O)O)c(-c2ccc(F)cc2)c2ccccc21,8.33,clearance_microsome,TDC
CHEMBL1689123,CC[C@H]1CN(Cc2cc(Cl)ccc2OCC(=O)O)CCN1S(=O)(=O)c1ccccc1,9.0,clearance_microsome,TDC
CHEMBL86276,Nc1nc(-c2ccccc2)nn1Cc1ccccc1,9.0,clearance_microsome,TDC
CHEMBL1778642,CS(=O)(=O)c1ccc(-c2cc(Cl)ccc2OCC(=O)O)c(Cl)c1,10.0,clearance_microsome,TDC
CHEMBL495383,O=C(Nc1cccc(CCO)c1)c1cc2cc(Cl)ccc2[nH]1,10.0,clearance_microsome,TDC
CHEMBL180155,C=CCN(C(=O)Cc1ccc(S(C)(=O)=O)cc1)C1CCN(CCC(c2ccccc2)c2ccccc2)CC1,10.0,clearance_microsome,TDC
CHEMBL1213118,CN1CCN(c2nc3ccccc3cc2Cn2nc(-c3ccc4nc(N)sc4c3)c3c(N)ncnc32)CC1,72.0,clearance_microsome,TDC
CHEMBL1868126,COc1cccc2sc(NC(=O)c3ccccc3)nc12,74.0,clearance_microsome,TDC
CHEMBL275224,c1ccc2c(c1)[nH]c1cnccc12,89.0,clearance_microsome,TDC
CHEMBL1916085,Cc1ccc(S(=O)(=O)Nc2c(C(=O)N(C)C3CCCCC3)cnn2-c2ccccc2)cc1,94.0,clearance_microsome,TDC
CHEMBL1536083,CCOC(=O)CN(c1ccccc1C)S(=O)(=O)c1ccc(Cl)cc1,94.0,clearance_microsome,TDC
CHEMBL1921931,C[C@@](C(=O)O[C@H]1C[N+]2(CCOc3ccc(Cl)cc3)CCC1CC2)(c1ccccc1)N1CCCCC1,100.0,clearance_microsome,TDC
CHEMBL20210,CCOC(=O)/C=C/[C@H](C[C@@H]1CCNC1=O)NC(=O)[C@@H](CC(=O)[C@@H](NC(=O)c1cc(C)on1)C(C)C)Cc1ccc(F)cc1,104.71,clearance_microsome,TDC
CHEMBL595134,N#CC1=C2C(=NC1=O)c1cccc3c(N4CCSCC4)ccc2c13,114.82,clearance_microsome,TDC
CHEMBL314034,CSc1nc(-c2ccccc2)nn1Cc1ccccc1,116.0,clearance_microsome,TDC
CHEMBL379350,CCN(CC)c1ccc2cc(C(C)=O)c(=O)oc2c1,120.23,clearance_microsome,TDC
CHEMBL2098332,Cc1cc(OCC(=O)Nc2ccccc2)c2cc(Br)ccc2n1,123.03,clearance_microsome,TDC
CHEMBL2170992,CC(C)c1ccc(NC(=O)NCCCSC[C@H]2O[C@@H](n3cnc4c(N)ncnc43)[C@H](O)[C@@H]2O)cc1,125.89,clearance_microsome,TDC
CHEMBL6966,COc1ccc(CCN(C)CCCC(C#N)(c2ccc(OC)c(OC)c2)C(C)C)cc1OC,127.7,clearance_microsome,TDC
CHEMBL1587607,O=C(Nc1ccccc1Cl)c1cc[nH]n1,138.04,clearance_microsome,TDC
CHEMBL2171021,Cc1c(Cl)ccc(OC2CCN(C3CCN(C(=O)c4cccc(S(C)(=O)=O)c4)CC3)CC2)c1Cl,13.5,clearance_microsome,TDC
CHEMBL1518,CCCc1cc(=O)[nH]c(=S)[nH]1,3.0,clearance_microsome,TDC
CHEMBL24646,COc1ccc(-c2nc3cc(C4=NNC(=O)CC4C)ccc3[nH]2)cc1,14.0,clearance_microsome,TDC
CHEMBL2158774,Cc1ccc(C[C@@H](C(=O)O)N2CCC(CN3CCC(Oc4ccc(Cl)c(Cl)c4)CC3)CC2)cc1,14.0,clearance_microsome,TDC
CHEMBL1916280,CCC(C)NC(=O)c1c(C)nn(-c2ccccc2)c1NS(=O)(=O)c1ccc(C)cc1,15.67,clearance_microsome,TDC
CHEMBL1672434,C[C@H]1C[C@@H](NS(=O)(=O)c2cc(Br)ccc2Br)CN1C#N,16.0,clearance_microsome,TDC
CHEMBL393717,O=C(NCC12CC3CC(CC(C3)C1)C2)c1cc(N2CCNCC2)ccc1Cl,11.0,clearance_microsome,TDC
CHEMBL383322,CCOCc1nc2c(N)nc3ccccc3c2n1CC(C)(C)O,3.0,clearance_microsome,TDC
CHEMBL1778644,CCS(=O)(=O)c1ccc(-c2cc(Cl)ccc2OCC(=O)O)c(F)c1,3.0,clearance_microsome,TDC
CHEMBL1789224,CNCC[C@@H](Oc1cc(C(F)(F)F)ccc1C#N)c1ccccc1,3.0,clearance_microsome,TDC
CHEMBL2171023,O=C(O)c1ccccc1C(=O)N1CCC(N2CCC(Oc3ccc(Cl)c(Cl)c3)CC2)CC1,3.0,clearance_microsome,TDC
CHEMBL1778647,CCS(=O)(=O)c1ccc(-c2cc(Cl)ccc2OCC(=O)O)c(C(F)(F)F)c1,4.0,clearance_microsome,TDC
CHEMBL60088,N=C(N)c1cc2c(I)cccc2s1,4.0,clearance_microsome,TDC
CHEMBL2171022,O=C(O)COc1cccc(C(=O)N2CCC(N3CCC(Oc4ccc(Cl)c(Cl)c4)CC3)CC2)c1,3.0,clearance_microsome,TDC
CHEMBL1778645,CCS(=O)(=O)c1ccc(-c2cc(Cl)ccc2OCC(=O)O)c(C)c1,3.0,clearance_microsome,TDC
CHEMBL2031236,Cc1ccc(NC(=O)c2cscn2)cc1-n1cnc2ccc(N3CCN(C)CC3)cc2c1=O,3.0,clearance_microsome,TDC
CHEMBL1917459,CCS(=O)(=O)Nc1cccc2c1c(Oc1ccc(Cl)cc1)c(C)n2CC(=O)O,3.0,clearance_microsome,TDC
CHEMBL1777822,Cc1ccc(C#N)cc1-c1cc(C(F)(F)F)ccc1OCC(=O)O,3.0,clearance_microsome,TDC
CHEMBL1689136,C[C@H]1CN(Cc2cc(Cl)ccc2CCC(=O)O)CCN1C(=O)Cc1ccccc1,3.0,clearance_microsome,TDC
CHEMBL91428,COc1cc2ncnc(Nc3cc4ccccc4cn3)c2cc1OC,30.9,clearance_microsome,TDC
CHEMBL564885,O=C(NCC12CC3CC(CC(C3)C1)C2)c1ccnc(NCC2CCNCC2)c1Cl,68.0,clearance_microsome,TDC
CHEMBL1800526,COc1ccnc(CCc2nc3cc(Br)cnc3[nH]2)c1,23.5,clearance_microsome,TDC
CHEMBL559078,CCCCC(CC)CNC(=O)c1cc(-n2ncc(=O)[nH]c2=O)ccc1Cl,24.0,clearance_microsome,TDC
CHEMBL551765,O=C(NCC1CCCCCC1)c1cc(-c2cccnc2N2CCC(C(=O)O)CC2)ccc1Cl,24.0,clearance_microsome,TDC
CHEMBL1789274,CNCC[C@@H](Oc1cc(OC)ccc1C#N)c1ccccc1,26.0,clearance_microsome,TDC
CHEMBL1734492,NC(=O)NC(=O)C(Nc1ccc2c(c1)CCC2)c1ccccc1,27.54,clearance_microsome,TDC
CHEMBL1096435,CS(=O)(=O)c1ccc([C@@H](CC2CCCC2)C(=O)Nc2nccs2)cc1,29.51,clearance_microsome,TDC
CHEMBL1091137,CC/C(=C(/c1ccc(O)cc1)c1ccc(/C=C/C(=O)O)cc1)c1ccccc1,33.88,clearance_microsome,TDC
CHEMBL1094250,Cc1cc2c(C(=O)NC[C@H](C)c3ccccc3)c(O)c(O)cc2c(O)c1-c1c(C)cc2c(C(=O)NC[C@H](C)c3ccccc3)c(O)c(O)cc2c1O,34.67,clearance_microsome,TDC
CHEMBL2216859,CC(C)N1CCN(Cc2cnc(-c3cc(-c4cccc5[nH]ccc45)cc4[nH]ncc34)o2)CC1,35.48,clearance_microsome,TDC
CHEMBL1299757,Nc1nc(-c2ccccn2)nc(N)c1Cc1ccc(Cl)cc1Cl,37.15,clearance_microsome,TDC
CHEMBL1916086,Cc1ccc(S(=O)(=O)Nc2c(C(=O)NCc3ccccc3)cnn2-c2ccccc2)cc1,150.0,clearance_microsome,TDC
CHEMBL1938400,CC(C)(C)c1cc(NC(=O)NCc2ccccc2Sc2ccc3nnc(-c4ccccc4SCCO)n3c2)n(-c2ccc(O)c(Cl)c2)n1,150.0,clearance_microsome,TDC
CHEMBL1922055,C[C@@](C(=O)O[C@H]1C[N+]2(Cc3cc(-c4ccccc4)on3)CCC1CC2)(c1ccccc1)N1CCCCC1,150.0,clearance_microsome,TDC
CHEMBL383669,CC(C)Cn1c(=O)n(C)c(=O)c2c(C(=O)N3CCCC3)c(Cc3ccccc3C(F)(F)F)sc21,150.0,clearance_microsome,TDC
CHEMBL1874317,N#CCC(CNc1ncc(C(F)(F)F)cc1Cl)OC(=O)c1c(F)cccc1F,150.0,clearance_microsome,TDC
CHEMBL1573309,CCN(CC)CCn1c2ccccc2c2cnc(N)c(C#N)c21,71.0,clearance_microsome,TDC
CHEMBL2171013,Cc1ccc(S(=O)(=O)N(C)C(=O)N2CCC(N3CCC(Oc4ccc(Cl)c(Cl)c4)CC3)CC2)cc1,10.0,clearance_microsome,TDC
CHEMBL1916289,Cc1nn(-c2ccc(F)cc2)c(NS(=O)(=O)c2ccc(C(F)(F)F)cc2)c1C(=O)N[C@@H](C)C(C)(C)C,10.0,clearance_microsome,TDC
CHEMBL1865796,Cc1ccccc1Nc1nc(N)nc(C)c1Br,150.0,clearance_microsome,TDC
CHEMBL521809,O=C(c1cccc(Cc2n[nH]c(=O)c3ccccc23)c1)N1CCN(c2ncccn2)CC1,150.0,clearance_microsome,TDC
CHEMBL1807824,CCc1ccc(CCNCCCSCCNC[C@H](O)c2ccc(O)c3[nH]c(=O)sc23)cc1,68.0,clearance_microsome,TDC
CHEMBL2171014,Cc1c(Cl)ccc(OC2CCN(C3CCN(C(=O)NS(=O)(=O)c4ccc(N(C)C)cc4)CC3)CC2)c1Cl,9.0,clearance_microsome,TDC
CHEMBL2164678,N#CC1(NC(=O)[C@@H]2CCCC[C@H]2C(=O)N2CCc3[nH]c4ccc(F)cc4c3C2)CC1,12.5,clearance_microsome,TDC
CHEMBL1916273,Cc1ccc(S(=O)(=O)Nc2c(C(=O)NC(C)C)c(C)nn2-c2ccccc2)cc1,12.0,clearance_microsome,TDC
CHEMBL560219,O=C(Cc1ccc(Cl)c(C(F)(F)F)c1)Nc1cccc2c(=O)n(CCO)ccc12,3.0,clearance_microsome,TDC
CHEMBL1204759,Cc1nn(-c2ccccc2)c(NC(=O)NS(=O)(=O)c2ccc(Cl)cc2)c1C#N,3.0,clearance_microsome,TDC
CHEMBL272551,O=S(=O)(c1ccccc1)N1CCN(Cc2ccccc2)CC1,64.0,clearance_microsome,TDC
CHEMBL1783119,COc1ccc(C(=O)NCc2cn(-c3cc(C)nc4ccc(OC)cc34)nn2)cc1,64.57,clearance_microsome,TDC
CHEMBL196707,Cc1c(CC(=O)O)c2cc(F)ccc2n1S(=O)(=O)c1ccc(S(C)(=O)=O)cc1,5.0,clearance_microsome,TDC
CHEMBL1290183,O=C(c1ccccc1)N1CCC2(CCN(Cc3cccc(Cl)c3)CC2)CC1,5.0,clearance_microsome,TDC
CHEMBL1916288,Cc1nn(-c2ccc(F)cc2)c(NS(=O)(=O)c2ccc(C#N)cc2)c1C(=O)N[C@@H](C)C(C)(C)C,5.0,clearance_microsome,TDC
CHEMBL1464,CC(=O)CC(c1ccccc1)c1c(O)c2ccccc2oc1=O,5.25,clearance_microsome,TDC
CHEMBL106309,O=C(O)CCCCCCc1ccc(Cc2ccc3ccccc3n2)cc1,5.37,clearance_microsome,TDC
CHEMBL1173055,CNCc1ccc(-c2[nH]c3cc(F)cc4c3c2CCNC4=O)cc1,5.5,clearance_microsome,TDC
CHEMBL1829174,Cc1cc(OCCCS(C)(=O)=O)cc(C)c1-c1cccc(COc2ccc3c(c2)OC[C@H]3CC(=O)O)c1,5.5,clearance_microsome,TDC
CHEMBL2171043,O=C(NS(=O)(=O)c1cccc(Cl)c1)N1CCC(N2CCC(Oc3ccc(Cl)c(Cl)c3)CC2)CC1,6.0,clearance_microsome,TDC
CHEMBL382435,CCN(C(=O)Cc1ccc(S(C)(=O)=O)cc1)C1CCN(CC[C@H](c2ccc(S(C)(=O)=O)cc2)c2cc(F)cc(Cl)c2)CC1,6.5,clearance_microsome,TDC
CHEMBL2163360,N#CC1(NC(=O)[C@@H]2CCCC[C@H]2C(=O)N2CCc3[nH]c4ncccc4c3C2)CC1,7.0,clearance_microsome,TDC
CHEMBL1363924,CCn1c(SCC(=O)Nc2cc(C)on2)nnc1-c1cccnc1,7.76,clearance_microsome,TDC
CHEMBL1916274,Cc1ccc(S(=O)(=O)Nc2c(C(=O)NC3CCCCC3)c(C)nn2-c2ccccc2)cc1,38.0,clearance_microsome,TDC
CHEMBL54,O=C(CCCN1CCC(O)(c2ccc(Cl)cc2)CC1)c1ccc(F)cc1,8.0,clearance_microsome,TDC
CHEMBL552513,O=C(Cc1ccc(F)c(C(F)(F)F)c1)Nc1cccc2c(=O)n([C@@H]3CNC[C@H]3O)ccc12,8.0,clearance_microsome,TDC
CHEMBL1917427,Cc1c(F)ccc2c1c(Sc1ccc(Cl)cc1)c(C)n2CC(=O)O,3.0,clearance_microsome,TDC
CHEMBL244936,Cc1nc2ccc(-c3ccc(Cl)cc3)cc2c(=O)n1C[C@H]1CCCN(C(C)C)C1,3.0,clearance_microsome,TDC
CHEMBL244184,Cc1cnc(Oc2ccc(-n3ccnc3)cc2)nc1Oc1ccc2c(c1)OCO2,3.0,clearance_microsome,TDC
CHEMBL309339,O=C(NO)c1ccccc1O,3.0,clearance_microsome,TDC
CHEMBL1208,CCn1nc(C(=O)O)c(=O)c2cc3c(cc21)OCO3,3.0,clearance_microsome,TDC
CHEMBL2335901,C[C@@H](NC(=O)C1CCNCC1)c1ccc(Nc2ncc3cc(-c4ccncc4)ccc3n2)cc1,4.17,clearance_microsome,TDC
CHEMBL2059909,CC(C)(C)NS(=O)(=O)c1cncc(-c2ccc3nc(N)nn3c2)c1,3.0,clearance_microsome,TDC
CHEMBL2171050,Cc1ccc(S(=O)(=O)NC(=O)N2CCC(N3CCC(Oc4ccc(F)c(F)c4)CC3)CC2)cc1,3.0,clearance_microsome,TDC
CHEMBL1043,Nc1ccc(S(=O)(=O)c2ccc(N)cc2)cc1,3.0,clearance_microsome,TDC
CHEMBL1917444,COc1ccc(Sc2c(C)n(CC(=O)O)c3ccc(C)cc23)cc1,3.0,clearance_microsome,TDC
CHEMBL1689137,C[C@H]1CN(Cc2cc(Cl)ccc2CC(=O)O)CCN1S(=O)(=O)Cc1ccccc1,3.0,clearance_microsome,TDC
CHEMBL2171215,O=C(NS(=O)(=O)Cc1ccccc1)N1CCC(N2CCC(Oc3ccc(Cl)c(Cl)c3)CC2)CC1,3.0,clearance_microsome,TDC
CHEMBL2158816,O=C(O)C(c1ccccc1)N1CCCC(CN2CCC(Oc3ccc(Cl)c(Cl)c3)CC2)C1,3.0,clearance_microsome,TDC
CHEMBL578288,N#CN=C(N)c1sc(Nc2ccccc2)nc1N,3.0,clearance_microsome,TDC
CHEMBL2171039,O=C(NS(=O)(=O)c1ccccc1Cl)N1CCC(N2CCC(Oc3ccc(Cl)c(Cl)c3)CC2)CC1,3.0,clearance_microsome,TDC
CHEMBL1778635,N#Cc1ccc(F)c(-c2cc(C(F)(F)F)ccc2OCC(=O)O)c1,3.0,clearance_microsome,TDC
CHEMBL402728,Cc1nc(CSc2nc(N[C@H](C)CO)c3sc(=O)[nH]c3n2)cs1,3.0,clearance_microsome,TDC
CHEMBL1975242,O=C(Nc1nc2c(=O)[nH]cnc2s1)c1ccccc1,3.0,clearance_microsome,TDC
CHEMBL1917435,CNC(=O)c1cccc2c1c(Sc1ccc(Cl)cc1)c(C)n2CC(=O)O,3.0,clearance_microsome,TDC
CHEMBL153370,CC(C)C[C@H](NC(=O)N1CCOCC1)C(=O)NCC#N,3.0,clearance_microsome,TDC
CHEMBL1789148,CCC(CCNC)Oc1cc(Cl)ccc1C#N,3.0,clearance_microsome,TDC
CHEMBL1689122,CC1CN(S(=O)(=O)c2ccccc2)CCN1Cc1cc(Cl)ccc1OCC(=O)O,3.0,clearance_microsome,TDC
CHEMBL1916272,CCC(CC)NC(=O)c1c(C)nn(-c2ccccc2)c1NS(=O)(=O)c1ccc(C)cc1,23.6,clearance_microsome,TDC
CHEMBL2107366,Cc1cccc([C@H](C)c2c[nH]c(=S)[nH]2)c1C,24.55,clearance_microsome,TDC
CHEMBL1944694,COc1ccccc1CCNCc1ccc(CCNC[C@H](O)c2ccc(O)c3[nH]c(=O)sc23)cc1,25.0,clearance_microsome,TDC
CHEMBL1221681,O=c1[nH]c2c(O)ccc([C@@H](O)CN[C@H]3CCC[C@@H]3OCc3ccccc3)c2s1,26.0,clearance_microsome,TDC
CHEMBL1683035,COc1cc2nnc(C(N)=O)c(Nc3ccc(F)cc3F)c2cc1N1CCN(C)CC1,33.0,clearance_microsome,TDC
CHEMBL108922,CCO/N=C/c1ccc(OCCC2CCN(c3ccc(C)nn3)CC2)cc1,15.0,clearance_microsome,TDC
CHEMBL1458025,Cc1sc2ncnc(SCC(=O)N3CCN(C(=O)c4ccco4)CC3)c2c1C,77.62,clearance_microsome,TDC
CHEMBL1689120,C[C@@H]1CN(Cc2cc(Cl)ccc2OCC(=O)O)CCN1S(=O)(=O)c1ccccc1,8.0,clearance_microsome,TDC
CHEMBL1778623,CCN(CC)S(=O)(=O)c1ccc(-c2cc(C(F)(F)F)ccc2OCC(=O)O)cc1,9.0,clearance_microsome,TDC
CHEMBL1917422,Cc1c(Sc2ccc(Cl)cc2)c2cc(Cl)ccc2n1Cc1nnn[nH]1,11.0,clearance_microsome,TDC
CHEMBL20921,Nc1ccc2nc(SCC(=O)NC3CCN(Cc4ccc(Cl)c(Cl)c4)CC3)sc2c1,59.0,clearance_microsome,TDC
CHEMBL2207280,O=C(NC[C@@H](O)CN1CCC(Oc2ccc(Cl)c(Cl)c2)CC1)c1c[nH]c(=O)c2ccc(F)cc12,8.0,clearance_microsome,TDC
CHEMBL2332935,CC(=O)Nc1ccc(O)cc1OC[C@@H](O)CN1CCC2(CC1)Cc1cc(Cl)ccc1O2,8.0,clearance_microsome,TDC
CHEMBL1778617,O=C(O)COc1ccc(-c2nccs2)cc1-c1ccccc1,9.0,clearance_microsome,TDC
CHEMBL1945037,O=c1[nH]c2c(O)ccc([C@@H](O)CNCCc3cccc(CNCCCc4ccccc4)c3)c2s1,9.0,clearance_microsome,TDC
CHEMBL1922660,CCOc1ccc(-c2ccc(Cn3c(CC(C)(C)C(=O)O)c(SC(C)(C)C)c4cc(OCc5ccc(C)cn5)ccc43)cc2)cn1,9.77,clearance_microsome,TDC
CHEMBL2170989,Nc1ncnc2c1ncn2[C@@H]1O[C@H](CSCCCNC(=O)Nc2ccccc2)[C@@H](O)[C@H]1O,9.77,clearance_microsome,TDC
CHEMBL563784,O=C(NCC12CC3CC(CC(C3)C1)C2)c1cc(N2CCNCC2)ncc1Cl,10.0,clearance_microsome,TDC
CHEMBL2207667,NC(=O)c1c(OC2CCN(C[C@H](O)CNC(=O)c3c[nH]c(=O)c4ccccc34)CC2)ccc(Cl)c1Cl,10.0,clearance_microsome,TDC
CHEMBL2011440,COc1nc(Cl)c(Cl)nc1NS(=O)(=O)c1ccc(Cl)s1,10.0,clearance_microsome,TDC
CHEMBL1201335,C[N+]1(C)CCC(OC(=O)C(O)(c2ccccc2)C2CCCC2)C1,3.0,clearance_microsome,TDC
CHEMBL361812,O=C(O)CCn1c2c(c3ccccc31)C[C@H](NS(=O)(=O)c1ccc(F)cc1)CC2,3.0,clearance_microsome,TDC
CHEMBL1916260,CCC(CC)NC(=O)c1cnn(-c2ccccc2)c1NS(=O)(=O)C1CCCC1,3.0,clearance_microsome,TDC
CHEMBL1778636,N#Cc1cccc(-c2cc(Cl)ccc2OCC(=O)O)c1,3.0,clearance_microsome,TDC
CHEMBL1778638,CCS(=O)(=O)c1ccc(-c2cc(C(F)(F)F)ccc2OCC(=O)O)c(Cl)c1,3.0,clearance_microsome,TDC
CHEMBL1852508,Cc1cc(-c2ccc(Cl)c(C(=O)NCC3(O)CCCCCC3)c2)nn1C[C@H](O)CN,3.0,clearance_microsome,TDC
CHEMBL550436,C[C@H](CO)n1ccc2c(NC(=O)Cc3ccc(Cl)c(C(F)(F)F)c3)cccc2c1=O,3.0,clearance_microsome,TDC
CHEMBL1455229,O=C(NCc1cccnc1)c1cc(-c2ccco2)on1,13.8,clearance_microsome,TDC
CHEMBL1945298,O=c1[nH]c2c(O)ccc([C@@H](O)CNCCOc3cccc(CNCCc4ccccc4F)c3)c2s1,14.0,clearance_microsome,TDC
CHEMBL51478,COc1ccnc(CSc2nc3ccccc3[nH]2)c1,86.0,clearance_microsome,TDC
CHEMBL2171169,CC(C)N(CCCNC(=O)Nc1ccc(C(C)(C)C)cc1)C[C@H]1O[C@@H](n2cnc3c(N)ncnc32)[C@H](O)[C@@H]1O,112.2,clearance_microsome,TDC
CHEMBL2208431,O=C(NC[C@@H](O)CN1CCC(Oc2ccc(Cl)c(Cl)c2)CC1)c1n[nH]c(=O)c2ccccc12,3.0,clearance_microsome,TDC
CHEMBL1917448,COc1cccc(S(=O)(=O)c2c(C)n(CC(=O)O)c3ccc(C)cc23)c1,3.0,clearance_microsome,TDC
CHEMBL1789187,N#Cc1ccc(C(F)(F)F)nc1O[C@H](CCN)c1ccno1,3.0,clearance_microsome,TDC
CHEMBL114500,COc1ccnc(NC2CCN(C(=O)c3ccc(C#N)cc3)CC2)c1,3.0,clearance_microsome,TDC
CHEMBL1807825,CCOc1ccc(CCNCCCSCCNC[C@H](O)c2ccc(O)c3[nH]c(=O)sc23)cc1,75.0,clearance_microsome,TDC
CHEMBL551984,N#Cc1cccc(NCC(=O)Nc2c(Cl)ccc3nc(N4CC[C@@H](O)C4)ccc23)c1,30.0,clearance_microsome,TDC
CHEMBL2070137,CCS(=O)(=O)c1ccc2[nH]c(-c3cccc(-c4ccccc4)c3)nc2c1,14.45,clearance_microsome,TDC
CHEMBL2152523,c1ccc([C@H]([C@@H](c2ccccc2)N2CCCCC2)N2CCCCC2)cc1,13.8,clearance_microsome,TDC
CHEMBL1829763,C[C@@H](c1ccc(-c2ccc(F)cc2F)cc1)N1CC[C@](CCO)(c2ccc(F)cc2)OC1=O,14.13,clearance_microsome,TDC
CHEMBL384962,Cc1ccc2c(c1)c(-c1ccnc3ccc(C(F)(F)F)cc13)c(C)n2CC(=O)O,23.0,clearance_microsome,TDC
CHEMBL185658,CC(=O)Nc1ccc(CNc2[nH]nc3cccc(Oc4ccc(S(C)(=O)=O)cc4)c23)cc1,75.0,clearance_microsome,TDC
CHEMBL119385,O=c1ncn2nc(Sc3ccc(F)cc3F)ccc2c1-c1c(Cl)cccc1Cl,3.0,clearance_microsome,TDC
CHEMBL1000,O=C(O)COCCN1CCN(C(c2ccccc2)c2ccc(Cl)cc2)CC1,3.0,clearance_microsome,TDC
CHEMBL2158835,O=C(O)[C@H](Cc1ccccc1)N1CCC(CN2CCC(Oc3ccc(Cl)c(Cl)c3)CC2)CC1,3.0,clearance_microsome,TDC
CHEMBL652,O=C(NCC1CCCCN1)c1cc(OCC(F)(F)F)ccc1OCC(F)(F)F,3.0,clearance_microsome,TDC
CHEMBL1807872,O=c1[nH]c2c(O)ccc([C@@H](O)CNCCCOCCNCCc3cccc(Cl)c3)c2s1,3.0,clearance_microsome,TDC
CHEMBL1778639,CCS(=O)(=O)c1ccc(-c2cc(C(F)(F)F)ccc2OCC(=O)O)c(C)c1,3.0,clearance_microsome,TDC
CHEMBL551813,CN(C)c1nc(Cc2ccc(NC(=O)c3ccc(C(F)(F)F)cc3)cc2)nc(N(C)C)c1CC(=O)O,3.0,clearance_microsome,TDC
CHEMBL560993,Cc1c(Cc2ccc3ccccc3n2)c2cc(F)ccc2n1CC(=O)O,3.0,clearance_microsome,TDC
CHEMBL512504,N#Cc1c(O)c2c(-c3ccc(-c4ccccc4O)cc3)csc2[nH]c1=O,3.0,clearance_microsome,TDC
CHEMBL206229,CC(C)Cn1c(=O)n(C)c(=O)c2c(SC(C)C)c(Cc3ccccc3C(F)(F)F)sc21,6.67,clearance_microsome,TDC
CHEMBL1448843,O=C(CSc1ccccc1)N1CCN(C(=O)c2ccco2)CC1,12.3,clearance_microsome,TDC
CHEMBL568904,Cc1ccc2c(N)c(C(N)=O)sc2n1,13.0,clearance_microsome,TDC
CHEMBL1947153,O=c1[nH]c2c(O)ccc([C@@H](O)CNCCc3cccc(CN4CCC(c5ccccc5)CC4)c3)c2s1,27.0,clearance_microsome,TDC
CHEMBL2312185,CNc1nc(C)c(-c2nc(Nc3cccc(N4CCCNCC4)c3)ncc2C#N)s1,27.54,clearance_microsome,TDC
CHEMBL1807818,O=c1[nH]c2c(O)ccc([C@@H](O)CNCCCSCCOCCc3ccccc3)c2s1,33.0,clearance_microsome,TDC
CHEMBL423,CC(C)NCC(O)COc1ccc(CCOCC2CC2)cc1,3.0,clearance_microsome,TDC
CHEMBL2023265,O=C(O)CSCC(=O)Nc1nc(-c2ccc(F)cc2)cs1,3.0,clearance_microsome,TDC
CHEMBL295467,CNCCC(Oc1ccccc1OC)c1ccccc1,3.0,clearance_microsome,TDC
CHEMBL1689133,C[C@H](Oc1ccc(Cl)cc1CN1CCN(C(=O)Cc2ccc(Cl)cc2)[C@@H](C)C1)C(=O)O,3.0,clearance_microsome,TDC
CHEMBL2181808,Cc1c(CC(=O)O)c2cc(F)ccc2n1Cc1nc2ccccc2s1,3.0,clearance_microsome,TDC
CHEMBL1917443,Cc1ccc2c(c1)c(Sc1ccc(S(C)(=O)=O)cc1)c(C)n2CC(=O)O,3.0,clearance_microsome,TDC
CHEMBL2031237,Cc1ccc(NC(=O)c2cncs2)cc1-n1cnc2ccc(N3CCN(C)CC3)cc2c1=O,3.0,clearance_microsome,TDC
CHEMBL1689125,C[C@H]1CN(Cc2cc(Cl)ccc2OCC(=O)O)C[C@@H](C)N1C(=O)Cc1ccccc1,3.0,clearance_microsome,TDC
CHEMBL272842,O=C(O)[C@H](Cc1ccccc1)N1CCC(CN2CCC(Oc3ccc(CO)c(Cl)c3)CC2)CC1,3.0,clearance_microsome,TDC
CHEMBL373351,CCc1nc2c(N)nc3ccccc3c2n1CC(C)(C)O,3.0,clearance_microsome,TDC
CHEMBL272282,Cn1c(=N)n(CC(=O)c2ccc(Cl)cc2)c2ccccc21,3.0,clearance_microsome,TDC
CHEMBL132227,CC(=O)NCc1cccc(C(=O)O)c1,38.9,clearance_microsome,TDC
CHEMBL1359777,Cc1cc(C(=O)Cn2cc(C(F)(F)F)ccc2=O)c(C)n1Cc1ccccc1,40.74,clearance_microsome,TDC
CHEMBL23,COc1ccc([C@@H]2Sc3ccccc3N(CCN(C)C)C(=O)[C@@H]2OC(C)=O)cc1,43.65,clearance_microsome,TDC
CHEMBL2207654,O=C(NC[C@@H](O)CN1CCC(Oc2ccc(Cl)c(Cl)c2)CC1)c1c[nH]c(=O)c2cc(S(=O)(=O)N3CCC3)ccc12,48.0,clearance_microsome,TDC
CHEMBL513370,COc1ccc(N(C(=O)c2ccoc2Cl)C(C(=O)NC[C@@H](C)O)c2ccccc2F)c(OC)c1,48.0,clearance_microsome,TDC
CHEMBL1940652,COc1ccncc1-c1ccccc1CN(C(=O)c1ccc(-c2ccc(C#N)cc2)o1)c1ccc(N2CCNCC2)cc1,54.95,clearance_microsome,TDC
CHEMBL1800658,CC(C)N(CCNCCc1ccc(O)c2[nH]c(=O)sc12)C(=O)CCOCCc1ccccc1,60.0,clearance_microsome,TDC
CHEMBL1770471,CSCCC(NC(=O)c1sccc1Cl)c1nc2ccccc2[nH]1,63.0,clearance_microsome,TDC
CHEMBL197714,CCN(C(=O)Cc1ccc(S(C)(=O)=O)cc1)C1CCN(CCC(c2ccccc2)c2ccc(C)cc2)CC1,66.0,clearance_microsome,TDC
CHEMBL139,O=C(O)Cc1ccccc1Nc1c(Cl)cccc1Cl,66.5,clearance_microsome,TDC
CHEMBL1934418,Cc1ccc(S(=O)(=O)Nc2c(C(=O)N[C@@H](C)C(C)(C)C)c(C)nn2C2CCSCC2)cc1,25.0,clearance_microsome,TDC
CHEMBL2335890,COCCN(C)c1ccc(Nc2ncc3cc(-c4ccncc4)ccc3n2)cc1,75.86,clearance_microsome,TDC
CHEMBL2057372,CC(C)(C)NS(=O)(=O)c1cncc(-c2ccc3nc(NC(=O)NCC(=O)N4CCOCC4)nn3c2)c1,5.0,clearance_microsome,TDC
CHEMBL1766793,CC(C)S(=O)(=O)c1ccc(-c2cnc(N)c(C(=O)Nc3ccccc3)n2)cc1,10.0,clearance_microsome,TDC
CHEMBL2031241,Cc1ccc(C(=O)Nc2nccs2)cc1-n1cnc2ccc(N3CCN(C)CC3)cc2c1=O,7.0,clearance_microsome,TDC
CHEMBL380936,Nc1nc(NCc2ccccc2)nc2c1nc(O)n2Cc1ccccc1,11.0,clearance_microsome,TDC
CHEMBL370492,CCc1nc2cc(O)ccc2c(Oc2ccc(/C=C/C(=O)O)cc2)c1-c1ccccc1,11.22,clearance_microsome,TDC
CHEMBL174107,CSc1ccc(N2C(N)=NC(N)=NC2(C)C)cc1,11.48,clearance_microsome,TDC
CHEMBL1778625,COc1ccc(-c2cc(C(F)(F)F)ccc2OCC(=O)O)cc1,12.0,clearance_microsome,TDC
CHEMBL2171015,O=C(NS(=O)(=O)N1CCC(N2CCC(Oc3ccc(Cl)c(Cl)c3)CC2)CC1)c1ccccc1,12.0,clearance_microsome,TDC
CHEMBL211866,CCN(C(=O)Cc1ccc(S(C)(=O)=O)cc1)C1CCN(CC[C@@H](c2ccccc2)c2ccc(S(C)(=O)=O)cc2)CC1,4.0,clearance_microsome,TDC
CHEMBL1916261,CCC(CC)NC(=O)c1nnn(-c2ccccc2)c1NS(=O)(=O)c1ccc(C)cc1,35.0,clearance_microsome,TDC
CHEMBL1807822,O=c1[nH]c2c(O)ccc([C@@H](O)CNCCCOCCOCCc3cccc4ccccc34)c2s1,35.0,clearance_microsome,TDC
CHEMBL111402,Oc1nc2c(O)ccc(CCNCCCSCCOCCc3cccc4ccccc34)c2s1,36.0,clearance_microsome,TDC
CHEMBL128,CNS(=O)(=O)Cc1ccc2[nH]cc(CCN(C)C)c2c1,3.0,clearance_microsome,TDC
CHEMBL1016,CCOc1nc2cccc(C(=O)O)c2n1Cc1ccc(-c2ccccc2-c2nnn[nH]2)cc1,3.0,clearance_microsome,TDC
CHEMBL2326864,CC(=O)Nc1nc(CCc2ccc(NC(=N)N)cc2)cs1,3.98,clearance_microsome,TDC
CHEMBL1276946,Cc1c2c(=O)n(-c3ccccc3Cl)[nH]c2cc(=O)n1Cc1ccccn1,3.0,clearance_microsome,TDC
CHEMBL1689116,O=C(O)COc1ccc(Cl)cc1CN1CCC(S(=O)(=O)c2ccccc2)CC1,3.0,clearance_microsome,TDC
CHEMBL2171044,N#Cc1cccc(S(=O)(=O)NC(=O)N2CCC(N3CCC(Oc4ccc(Cl)c(Cl)c4)CC3)CC2)c1,3.0,clearance_microsome,TDC
CHEMBL2207282,NS(=O)(=O)c1ccc2c(C(=O)NC[C@@H](O)CN3CCC(Oc4ccc(Cl)c(Cl)c4)CC3)c[nH]c(=O)c2c1,3.0,clearance_microsome,TDC
CHEMBL1459588,CCCCCOc1ccc(C(=O)NC(C(=O)O)C(C)C)cc1,5.5,clearance_microsome,TDC
CHEMBL335744,CC(C)C(=O)Nc1nc(-c2ccccn2)cc2ccccc12,104.71,clearance_microsome,TDC
CHEMBL1891338,COc1cccc(CNc2nc(NC(C)C)nc3ccsc23)c1OC,112.2,clearance_microsome,TDC
CHEMBL1526668,O=C(c1csc2c1CCCC2)N1CCCCC1,117.49,clearance_microsome,TDC
CHEMBL1916284,Cc1ccc(S(=O)(=O)Nc2c(C(=O)N[C@@H](C)C(C)(C)C)c(C(F)(F)F)nn2-c2ccccc2)cc1,120.0,clearance_microsome,TDC
CHEMBL413065,CCc1nc2c(N)nc3ccccc3c2n1CC(C)C,3.0,clearance_microsome,TDC
CHEMBL214304,Cc1ccc2c(c1)c(-c1ccnc3cc(C(F)(F)F)ccc13)c(C)n2CC(=O)O,3.0,clearance_microsome,TDC
CHEMBL370387,Nc1nc2nc(SCc3cccc(F)c3F)nc(O)c2s1,3.0,clearance_microsome,TDC
CHEMBL1083637,CCc1nc2c(N)nc3ccccc3c2n1Cc1ccccc1,3.0,clearance_microsome,TDC
CHEMBL505,CN(C)CCC(c1ccc(Cl)cc1)c1ccccn1,3.0,clearance_microsome,TDC
CHEMBL1644331,c1ccc(Sc2ccc3ccccc3n2)cc1,61.0,clearance_microsome,TDC
CHEMBL193,COC(=O)C1=C(C)NC(C)=C(C(=O)OC)C1c1ccccc1[N+](=O)[O-],150.0,clearance_microsome,TDC
CHEMBL1771,COC(=O)[C@H](c1ccccc1Cl)N1CCc2sccc2C1,150.0,clearance_microsome,TDC
CHEMBL2180273,CCOC(=O)C1=C(C)NC2=C(C(=O)CC(C)(C)C2)C1c1ccc(-c2ccccc2)cc1,150.0,clearance_microsome,TDC
CHEMBL1644374,c1ccc(Oc2nccc3ccccc23)cc1,150.0,clearance_microsome,TDC
CHEMBL1080786,N#C[C@]1(NC(=O)[C@@H](N)Cc2cccs2)C[C@H]1c1ccccc1,41.0,clearance_microsome,TDC
CHEMBL2018969,COc1cccc2c1c(NS(=O)(=O)c1ccc(Cl)s1)nn2Cc1cccc(CNC(=O)C(C)(C)O)c1,50.0,clearance_microsome,TDC
CHEMBL1800656,CCN(CCNCCc1ccc(O)c2[nH]c(=O)sc12)C(=O)CCOCCc1ccccc1,82.0,clearance_microsome,TDC
CHEMBL551170,O=C(NCC12CC3CC(CC(C3)C1)C2)c1cc(-n2ncc(=O)[nH]c2=O)ccc1Cl,83.83,clearance_microsome,TDC
CHEMBL341087,CC1CN(C(=O)c2cc3ccccc3[nH]2)CCN1,8.0,clearance_microsome,TDC
CHEMBL2208435,O=C(NC[C@@H](O)CN1CCC(Oc2ccc(Cl)c(Cl)c2)CC1)c1cnnc2ccccc12,8.0,clearance_microsome,TDC
CHEMBL380005,CCN(C(=O)Cc1ccc(S(C)(=O)=O)cc1)C1CCN(CC[C@@H](c2ccc(F)cc2)c2ccc(S(C)(=O)=O)cc2)CC1,8.5,clearance_microsome,TDC
CHEMBL2048873,N[C@@H]1CCCN(c2c(/C=C3\SC(=O)NC3=O)cccc2-c2ccncc2)C1,8.51,clearance_microsome,TDC
CHEMBL49,O=C1CC2(CCCC2)CC(=O)N1CCCCN1CCN(c2ncccn2)CC1,116.0,clearance_microsome,TDC
CHEMBL642,CCCC(=O)Nc1ccc(OCC(O)CNC(C)C)c(C(C)=O)c1,3.0,clearance_microsome,TDC
CHEMBL216981,CC[C@@H](Nc1c(Nc2cccc(C(=O)N(C)C)c2O)c(=O)c1=O)c1ccc(C)o1,3.0,clearance_microsome,TDC
CHEMBL2158792,Cc1cc(OC2CCN(CC3CCN([C@@](C)(Cc4ccc(F)cc4)C(=O)O)CC3)CC2)ccc1Cl,3.0,clearance_microsome,TDC
CHEMBL1778646,CCS(=O)(=O)c1ccc(-c2cc(Cl)ccc2OCC(=O)O)c(Cl)c1,3.0,clearance_microsome,TDC
CHEMBL2158783,Cc1c(Cl)ccc(OC2CCN(CC3CCN([C@@H](Cc4ccc(F)cc4)C(=O)O)CC3)CC2)c1Cl,3.0,clearance_microsome,TDC
CHEMBL2324355,Cc1nocc1C(=O)Nc1ccc(-c2ccccc2OC(F)(F)F)c(N)n1,3.0,clearance_microsome,TDC
CHEMBL192307,CCCCc1nc2c(N)nc3ccccc3c2n1CC(C)C,3.0,clearance_microsome,TDC
CHEMBL198497,CCN(C(=O)Cc1ccc(S(C)(=O)=O)cc1)C1CCN(CCC(c2ccccc2)c2ccc(NC(C)=O)cc2)CC1,3.0,clearance_microsome,TDC
CHEMBL15770,CC1=C(CC(=O)O)c2cc(F)ccc2/C1=C\c1ccc([S+](C)[O-])cc1,3.0,clearance_microsome,TDC
CHEMBL53366,Cc1nccn1CCC(C(N)=O)(c1ccccc1)c1ccccc1,3.0,clearance_microsome,TDC
CHEMBL2158778,O=C(O)[C@H](Cc1ccc(F)cc1)N1CCC(CN2CCC(Oc3ccc(Cl)cc3)CC2)CC1,3.0,clearance_microsome,TDC
CHEMBL390674,Cc1cc(Oc2ccc3c(c2)OCO3)nc(Oc2ccc(-n3ccnc3)cc2)n1,3.0,clearance_microsome,TDC
CHEMBL1778643,CCc1ccc(OCC(=O)O)c(-c2ccc(S(C)(=O)=O)cc2)c1,3.0,clearance_microsome,TDC
CHEMBL2031235,Cc1ccc(NC(=O)c2ccno2)cc1-n1cnc2ccc(N3CCN(C)CC3)cc2c1=O,3.0,clearance_microsome,TDC
CHEMBL1689111,O=C(O)COc1ccc(Cl)cc1CN1CCN(S(=O)(=O)Cc2ccccc2)CC1,5.0,clearance_microsome,TDC
CHEMBL2057371,CC(C)(C)NS(=O)(=O)c1cncc(-c2ccc3nc(NC(=O)NCC(=O)N4CCCC4)nn3c2)c1,5.0,clearance_microsome,TDC
CHEMBL1917461,Cc1ccc2c(n1)c(Sc1ccc(Cl)cc1)c(C)n2CC(=O)O,5.0,clearance_microsome,TDC
CHEMBL168899,O=C1Nc2ccccc2B(O)N1c1ccccc1,5.13,clearance_microsome,TDC
CHEMBL256668,C[C@H](CO)Nc1nc(SCc2cccc(F)c2F)nc2[nH]c(=O)cnc12,6.18,clearance_microsome,TDC
CHEMBL1088752,Cc1c(F)cc(C(=O)NC2CC2)cc1-c1ccc(C(=O)NCC(C)(C)C)cn1,6.92,clearance_microsome,TDC
CHEMBL223713,CCc1cccc2c1N(C)Cc1cc3c(cc1-2)OCO3,44.67,clearance_microsome,TDC
CHEMBL1927039,N#Cc1ccc(Nc2nccc(NC3CC3)n2)cc1,45.0,clearance_microsome,TDC
CHEMBL322479,CC(C)(CCCCCOCCc1ccccc1)NCCc1ccc(O)c2nc(O)sc12,48.67,clearance_microsome,TDC
CHEMBL1423878,Oc1ncnc2c1c(-c1ccccc1)cn2-c1ccc(Br)cc1,60.26,clearance_microsome,TDC
CHEMBL549620,O=C(CC12CC3CC(CC(C3)C1)C2)Nc1c(Cl)ccc2nc(CN3CCN(CCO)CC3)ccc12,79.5,clearance_microsome,TDC
CHEMBL574059,Cn1c(=O)c(-c2c(Cl)cccc2Cl)cc2cnc(Nc3ccc(F)cc3)nc21,131.83,clearance_microsome,TDC
CHEMBL2171033,O=C(NS(=O)(=O)c1ccccc1)N1CCC(N2CCC(Oc3ccc(Cl)c(Cl)c3)CC2)CC1,3.0,clearance_microsome,TDC
CHEMBL2171046,Cc1ccc(S(=O)(=O)NC(=O)N2CCC(N3CCC(Oc4ccc(Cl)cc4Cl)CC3)CC2)cc1,3.0,clearance_microsome,TDC
CHEMBL2158817,O=C(O)C(c1ccccc1)N1CCO[C@@H](CN2CCC(Oc3ccc(Cl)c(Cl)c3)CC2)C1,3.0,clearance_microsome,TDC
CHEMBL2107729,O=C(Nc1ccc(S(=O)(=O)N2CCOCC2)cc1)c1cc(Cl)ccc1NS(=O)(=O)c1ccc(Cl)s1,3.0,clearance_microsome,TDC
CHEMBL1934417,COCCC(C)n1nc(C)c(C(=O)N[C@@H](C)C(C)(C)C)c1NS(=O)(=O)c1ccc(C)cc1,3.9,clearance_microsome,TDC
CHEMBL2158834,O=C(O)c1cccnc1N1CCC(CN2CCC(Oc3ccc(Cl)c(Cl)c3)CC2)CC1,4.0,clearance_microsome,TDC
CHEMBL1458496,O=C(c1cccc(Cl)c1Cl)N1CCN(c2ccccn2)CC1,150.0,clearance_microsome,TDC
CHEMBL472455,COc1ccc(N(C(=O)c2ccco2)C(C(=O)NC2CCCC2)c2ccccc2F)c(OC)c1,150.0,clearance_microsome,TDC
CHEMBL1486510,CCOC(=O)c1c(C)n(Cc2ccco2)c2ccc(O)cc12,150.0,clearance_microsome,TDC
CHEMBL424451,COc1ccc(C)c(NC(=O)CC23CC4CC(CC(C4)C2)C3)c1,150.0,clearance_microsome,TDC
CHEMBL585640,CCn1c(SCC(=O)Nc2cccc(C)c2)nnc1-c1ccccc1,150.0,clearance_microsome,TDC
CHEMBL2153435,CCNC(=O)C[C@H]1N=C(c2ccc(Cl)cc2)c2cc(OC)ccc2-n2c(C)nnc21,11.48,clearance_microsome,TDC
CHEMBL1094168,CS(=O)(=O)c1ccc([C@H](CC2CCCC2)C(=O)Nc2nccs2)cc1,43.65,clearance_microsome,TDC
CHEMBL479,CSc1ccc2c(c1)N(CCC1CCCCN1C)c1ccccc1S2,50.0,clearance_microsome,TDC
CHEMBL100979,Cc1nc2ccccn2c1-c1ccnc(N)n1,50.12,clearance_microsome,TDC
CHEMBL379787,O=C(Nc1nc2ccccc2n1CCN1CCOCC1)c1cccc([N+](=O)[O-])c1,56.23,clearance_microsome,TDC
CHEMBL1529362,Nc1nnc(-c2ccccc2)s1,3.0,clearance_microsome,TDC
CHEMBL2011441,COc1nc(Br)cnc1NS(=O)(=O)c1ccc(Cl)s1,3.0,clearance_microsome,TDC
CHEMBL2158790,Cc1c(OC2CCN(CC3CCN([C@@](C)(Cc4ccc(F)cc4)C(=O)O)CC3)CC2)ccc(Cl)c1Cl,3.0,clearance_microsome,TDC
CHEMBL1201753,O=C(O)C[C@H](O)C[C@H](O)/C=C/c1c(C2CC2)nc2ccccc2c1-c1ccc(F)cc1,3.0,clearance_microsome,TDC
CHEMBL945,N=C(N)NC(=O)c1nc(Cl)c(N)nc1N,3.0,clearance_microsome,TDC
CHEMBL1924034,CN(C)C(C)(C(=O)OC1CC[N+](C)(C)CC1)c1ccccc1,3.0,clearance_microsome,TDC
CHEMBL1934419,Cc1ccc(S(=O)(=O)Nc2c(C(=O)N[C@@H](C)C(C)(C)C)c(C)nn2C2CCS(=O)(=O)CC2)cc1,3.0,clearance_microsome,TDC
CHEMBL445,CNCCC=C1c2ccccc2CCc2ccccc21,3.0,clearance_microsome,TDC
CHEMBL551707,O=C(NCC12CC3CC(CC(C3)C1)C2)c1c(Cl)ccc2nc(N3CCC[C@H](NCCc4nnn[nH]4)C3)ccc12,15.0,clearance_microsome,TDC
CHEMBL1939414,Nc1nc(Nc2cccc(Br)c2)c2nc[nH]c2n1,16.0,clearance_microsome,TDC
CHEMBL1934270,Cc1ccc(S(=O)(=O)Nc2c(C(=O)N[C@@H](C)C(C)(C)C)c(C)nn2C(C)(C)C)cc1,37.0,clearance_microsome,TDC
CHEMBL1091644,C[C@]1(O)C[C@@H](c2nc(-c3ccc4ccc(-c5ccccc5)nc4c3)c3c(N)nccn32)C1,17.38,clearance_microsome,TDC
CHEMBL2070950,N#CC1(NC(=O)[C@@H]2CCCC[C@H]2C(=O)N2CCN(c3nc4ccncc4s3)CC2)CC1,17.78,clearance_microsome,TDC
CHEMBL103355,Cc1ccc(F)c(Nc2ccnc(Nc3ccc(S(N)(=O)=O)cc3)n2)c1,18.0,clearance_microsome,TDC
CHEMBL1086310,CC(C)c1ccc(NC(=O)Cn2cnc3c2c(=O)n(C)c(=O)n3C)cc1,18.2,clearance_microsome,TDC
CHEMBL1807826,O=c1[nH]c2c(O)ccc([C@@H](O)CNCCSCCCNCCc3cccc(C(F)(F)F)c3)c2s1,13.0,clearance_microsome,TDC
CHEMBL244183,c1cn(-c2ccc(Oc3cc(Oc4ccc5c(c4)OCO5)ncn3)cc2)cn1,13.0,clearance_microsome,TDC
CHEMBL564366,Cc1ccc2nc(CCNCCCO)ccc2c1NC(=O)CC12CC3CC(CC(C3)C1)C2,33.0,clearance_microsome,TDC
CHEMBL1818218,CC(C)CNc1nc(N2CCN(CC3CCCOC3)CC2)ncc1C(=O)NCc1ccccc1,95.5,clearance_microsome,TDC
CHEMBL82663,O=S(=O)(CCCOCCc1ccccc1)CCNCCc1ccc(O)c2nc(O)sc12,111.0,clearance_microsome,TDC
CHEMBL304087,COc1cc(NC(=O)Nc2cccc(CNC(=O)O[C@H]3CCOC3)c2)ccc1-c1cnco1,120.0,clearance_microsome,TDC
CHEMBL2097971,COc1ccc2nc(C)cc(OCC(=O)Nc3ccccc3OC)c2c1,138.04,clearance_microsome,TDC
CHEMBL187857,CSc1nccc(Nc2cc(NC(=O)c3cc(F)cc(N4CCOCC4)c3)ccc2C)n1,83.0,clearance_microsome,TDC
CHEMBL1082152,Cn1cc(C2=C(c3cccc(NCC(O)CO)c3)C(=O)NC2=O)c2cc(F)ccc21,29.0,clearance_microsome,TDC
CHEMBL1929039,Cc1cc(F)ccc1-n1nc(C(F)(F)F)cc1-c1ccc2c(c1)NC(=O)CO2,14.45,clearance_microsome,TDC
CHEMBL1934269,Cc1ccc(S(=O)(=O)Nc2c(C(=O)N[C@@H](C)C(C)(C)C)c(C)nn2CC(F)(F)F)cc1,17.0,clearance_microsome,TDC
CHEMBL1951918,CCN(C(=O)Cc1ccc(S(C)(=O)=O)cc1)C1CCN(CC[C@@H](c2cccc(C(F)(F)F)c2)C2CCN(S(C)(=O)=O)CC2)CC1,17.33,clearance_microsome,TDC
CHEMBL1201391,CCC(C)(C)C(=O)O[C@H]1C[C@@H](C)C=C2C=C[C@H](C)[C@H](CC[C@@H](O)C[C@@H](O)CC(=O)O)[C@H]21,17.5,clearance_microsome,TDC
CHEMBL1951032,COc1c(Nc2ccc(S(C)(=O)=O)nc2C)ncnc1OC1CCN(C(=O)OC(C)C)CC1,19.95,clearance_microsome,TDC
CHEMBL1951902,CCN(C(=O)Cc1ccc(S(C)(=O)=O)cc1)C1CCN(CCC(c2ccccc2)N2CCC(C(C)=O)CC2)CC1,21.0,clearance_microsome,TDC
CHEMBL1789186,N#Cc1cc(F)c(Cl)cc1O[C@H](CCN)c1ccccc1,3.0,clearance_microsome,TDC
CHEMBL2171034,O=C(NS(=O)(=O)c1ccc(F)cc1)N1CCC(N2CCC(Oc3ccc(Cl)c(Cl)c3)CC2)CC1,11.0,clearance_microsome,TDC
CHEMBL894,CC(NC(C)(C)C)C(=O)c1cccc(Cl)c1,12.02,clearance_microsome,TDC
CHEMBL153064,CC(=O)c1cc2ccc(O)cc2oc1=O,28.18,clearance_microsome,TDC
CHEMBL33899,CC/C(=C(\c1ccccc1)c1ccc(/C=C/C(=O)O)cc1)c1ccccc1,31.62,clearance_microsome,TDC
CHEMBL1924049,C[C@@](C(=O)O[C@H]1C[N+]2(CCc3ccccc3F)CCC1CC2)(c1ccccc1)N1CCCCC1,88.0,clearance_microsome,TDC
CHEMBL2171041,CN(C)c1ccccc1S(=O)(=O)NC(=O)N1CCC(N2CCC(Oc3ccc(Cl)c(Cl)c3)CC2)CC1,33.0,clearance_microsome,TDC
CHEMBL17157,CC(C)(C)c1ccc(C(O)CCCN2CCC(C(O)(c3ccccc3)c3ccccc3)CC2)cc1,95.5,clearance_microsome,TDC
CHEMBL1963462,C[C@@](C(=O)OC1CC[N+](C)(C)CC1)(c1ccccc1)C1CCCC1,35.0,clearance_microsome,TDC
CHEMBL369274,CCCN(CCC)CCc1ccc(O)c(NC(C)=O)c1,36.0,clearance_microsome,TDC
CHEMBL1800659,CCCCN(CCNCCc1ccc(O)c2[nH]c(=O)sc12)C(=O)CCOCCc1ccccc1,141.0,clearance_microsome,TDC
CHEMBL1526762,Cc1cc(C)nc(SCC(N)=O)n1,3.0,clearance_microsome,TDC
CHEMBL1800528,COc1ccnc(CCc2nc3c(C)ccnc3[nH]2)c1,3.0,clearance_microsome,TDC
CHEMBL364714,C[C@@H](C(N)=O)c1ccc(OS(=O)(=O)C(F)(F)F)cc1,3.0,clearance_microsome,TDC
CHEMBL1778621,CS(=O)(=O)c1ccc(-c2cc(C(F)(F)F)ccc2OCC(=O)O)cc1,3.0,clearance_microsome,TDC
CHEMBL2325503,CS(=O)(=O)c1ccc(-c2nnc(/C=C/c3nnc(-c4ccc(C#N)cc4)o3)n2-c2ccccc2Cl)nc1,3.0,clearance_microsome,TDC
CHEMBL2171040,COc1ccccc1S(=O)(=O)NC(=O)N1CCC(N2CCC(Oc3ccc(Cl)c(Cl)c3)CC2)CC1,3.0,clearance_microsome,TDC
CHEMBL1645494,CNC(=O)Cc1ccc2c(=O)cc(-c3cccnc3)[nH]c2c1,3.0,clearance_microsome,TDC
CHEMBL2207283,Cc1c(Cl)ccc(OC2CCN(C[C@H](O)CNC(=O)c3c[nH]c(=O)c4ccc(S(C)(=O)=O)cc34)CC2)c1Cl,3.0,clearance_microsome,TDC
CHEMBL1917438,Cc1c(Sc2ccc(Cl)cc2)c2c(-c3ccccc3)cccc2n1CC(=O)O,3.0,clearance_microsome,TDC
CHEMBL1164729,Cc1nc(-c2ccc(OCC(C)C)c(C#N)c2)sc1C(=O)O,3.0,clearance_microsome,TDC
CHEMBL213854,Cc1ccc2c(c1)c(-c1ccnc3c(F)cccc13)c(C)n2CC(=O)O,3.0,clearance_microsome,TDC
CHEMBL257167,NC(=O)Nc1sc(-c2ccc(F)cc2)cc1C(N)=O,3.0,clearance_microsome,TDC
CHEMBL1778633,Cc1cc(N(C)S(C)(=O)=O)ccc1-c1cc(C(F)(F)F)ccc1OCC(=O)O,3.0,clearance_microsome,TDC
CHEMBL2158779,O=C(O)[C@H](Cc1ccc(F)cc1)N1CCC(CN2CCC(Oc3ccc(Cl)cc3Cl)CC2)CC1,3.0,clearance_microsome,TDC
CHEMBL594684,Cc1cc(NS(=O)(=O)c2ccc(Cl)cc2)no1,3.0,clearance_microsome,TDC
CHEMBL1519272,O=C(NS(=O)(=O)c1ccccc1Cl)c1ccc[nH]1,3.0,clearance_microsome,TDC
CHEMBL1738764,Cc1ccc(CO)cc1N(c1ccnc(Nc2cc(N3CCOCC3)cc(S(C)(=O)=O)c2)n1)C(C)C,150.0,clearance_microsome,TDC
CHEMBL2098183,COc1ccc2nc(C)cc(OCC(=O)NCc3ccccc3)c2c1,150.0,clearance_microsome,TDC
CHEMBL271023,[O-][S+](c1ccccc1)c1ccc2nnnn2n1,150.0,clearance_microsome,TDC
CHEMBL1297,CC(C(=O)O)c1cccc(Oc2ccccc2)c1,10.23,clearance_microsome,TDC
CHEMBL70972,CC1=C(C)C(=O)C(C(CCCCCC(=O)O)c2ccccc2)=C(C)C1=O,3.0,clearance_microsome,TDC
CHEMBL452273,COCCNCc1ccc(-c2cc(C(N)=O)c(NC(N)=O)s2)cc1,3.0,clearance_microsome,TDC
CHEMBL1144,CC[C@H](C)C(=O)O[C@H]1C[C@H](O)C=C2C=C[C@H](C)[C@H](CC[C@@H](O)C[C@@H](O)CC(=O)O)[C@H]21,3.0,clearance_microsome,TDC
CHEMBL560423,O=C(NCC1(O)CCCCCC1)c1cc(-n2ncc(=O)[nH]c2=O)ccc1Cl,3.0,clearance_microsome,TDC
CHEMBL1689127,C[C@H]1CN(Cc2cc(Cl)ccc2OCC(=O)O)CCN1C(=O)Cc1ccc(F)cc1,3.0,clearance_microsome,TDC
CHEMBL210730,O=C(Nc1nc2ccccc2[nH]1)c1ccccc1,64.0,clearance_microsome,TDC
CHEMBL1299863,CCc1c(C)nc(SCC(=O)Nc2nc(-c3ccc(OC)cc3)cs2)nc1O,66.07,clearance_microsome,TDC
CHEMBL329785,Nc1nc2ccccc2s1,17.78,clearance_microsome,TDC
CHEMBL201799,CCCCCSc1nc(O)c2sc(N)nc2n1,18.0,clearance_microsome,TDC
CHEMBL1420171,Cc1ccc2c(c1)c(Sc1ccccc1)c(CC(=O)O)n2C,3.0,clearance_microsome,TDC
CHEMBL1072,CCCCNc1cc(C(=O)O)cc(S(N)(=O)=O)c1Oc1ccccc1,4.0,clearance_microsome,TDC
CHEMBL564535,CN(C)C[C@H](O)Cc1ccc(Cl)c(C(=O)NCC23CC4CC(CC(C4)C2)C3)c1,11.0,clearance_microsome,TDC
CHEMBL98345,O=C(NO)c1ccc(NS(=O)(=O)c2ccccc2)cc1,12.0,clearance_microsome,TDC
CHEMBL1209915,COc1ccc(C2CC(c3ccc(Br)cc3)=NN2C(C)=O)cc1,12.3,clearance_microsome,TDC
CHEMBL2141746,CCCNC(=O)CSc1ccc(S(=O)(=O)N2CCCC2)cn1,12.59,clearance_microsome,TDC
CHEMBL1916269,CCC(CC)NC(=O)c1cnn(C)c1NS(=O)(=O)c1ccc(C)cc1,13.0,clearance_microsome,TDC
CHEMBL243978,c1cn(-c2ccc(Oc3nccc(Oc4ccc5c(c4)OCO5)n3)cc2)cn1,13.0,clearance_microsome,TDC
CHEMBL2169920,O=C1COc2c(CCNCCN(C(=O)CCNCCc3ccc(Cl)c(Cl)c3)C3CCCCC3)ccc(O)c2N1,38.0,clearance_microsome,TDC
CHEMBL365123,Cc1cn(Cc2ccccc2)c(=O)[nH]c1=O,20.0,clearance_microsome,TDC
CHEMBL787,CC(C)(O)c1ccccc1CC[C@@H](SCC1(CC(=O)O)CC1)c1cccc(/C=C/c2ccc3ccc(Cl)cc3n2)c1,30.0,clearance_microsome,TDC
CHEMBL1824832,CCOc1ccc(Oc2ccc(S(=O)(=O)NC(=O)c3cccc(-c4ccc(Cl)c(Cl)c4)c3)cc2)cc1,11.48,clearance_microsome,TDC
CHEMBL271703,C[C@H](CO)Nc1nc(SCc2cccc(F)c2F)nc2nc(N)cnc12,12.0,clearance_microsome,TDC
CHEMBL1463345,C[C@]12CC[C@H]3[C@@H](C=CC4=CC(=O)CC[C@@]43C)[C@@H]1CC[C@@]21CCC(=O)O1,14.45,clearance_microsome,TDC
CHEMBL211175,CCN(C(=O)Cc1ccc(S(C)(=O)=O)cc1)C1CCN(CC[C@H](c2ccc(S(C)(=O)=O)cc2)c2cc(F)c(F)c(F)c2)CC1,18.0,clearance_microsome,TDC
CHEMBL1532611,Nc1ccc(OCCc2ccccc2)cc1,57.54,clearance_microsome,TDC
CHEMBL1921942,C[C@@](C(=O)O[C@H]1C[N+]2(CC(=O)Nc3ccccc3)CCC1CC2)(c1ccccc1)N1CCCCC1,62.0,clearance_microsome,TDC
CHEMBL1945289,COc1ccc(CNCc2cccc(CCNC[C@H](O)c3ccc(O)c4[nH]c(=O)sc34)c2)cc1,62.0,clearance_microsome,TDC
CHEMBL1489611,Cc1cc(C)cc(-c2nnc(SCC(=O)N3CCN(C(=O)c4ccco4)CC3)o2)c1,67.61,clearance_microsome,TDC
CHEMBL2017291,COc1cc2c(cc1-c1c(C)noc1C)ncc1[nH]c(=O)n([C@H](C)c3ccccn3)c12,7.59,clearance_microsome,TDC
CHEMBL1537460,COc1ccccc1C(=O)Nc1ccc(Cc2ccncc2)cc1,7.0,clearance_microsome,TDC
CHEMBL580,O=C1Nc2ccc(Cl)cc2C(c2ccccc2Cl)=NC1O,7.94,clearance_microsome,TDC
CHEMBL1927707,O=C(CCc1ccccc1O)Nc1ccccc1,30.0,clearance_microsome,TDC
CHEMBL359806,COc1ccc(OC)c(CNc2[nH]nc3cccc(Oc4ccccc4)c23)c1,11.0,clearance_microsome,TDC
CHEMBL2062774,CCOc1noc2cc(OCCC3CCN(c4ccc(C)nn4)CC3)ccc12,30.2,clearance_microsome,TDC
CHEMBL2158829,O=C(O)COc1cccc(N2CCC(CN3CCC(Oc4ccc(Cl)c(Cl)c4)CC3)CC2)c1,12.0,clearance_microsome,TDC
CHEMBL1739708,COc1ccc(-c2nc(N)s[n+]2-c2ccccc2)cc1,19.0,clearance_microsome,TDC
CHEMBL551360,O=C(CC12CC3CC(CC(C3)C1)C2)Nc1cccc2c(=O)n(C(CO)CO)ccc12,42.0,clearance_microsome,TDC
CHEMBL406852,COc1nc(N)nc2c1ncn2[C@@H]1O[C@H](CO)[C@@H](O)[C@H]1O,42.66,clearance_microsome,TDC
CHEMBL1945290,CCOc1ccccc1CNCc1cccc(CCNC[C@H](O)c2ccc(O)c3[nH]c(=O)sc23)c1,44.0,clearance_microsome,TDC
CHEMBL841,CN(C)C(=O)C(CCN1CCC(O)(c2ccc(Cl)cc2)CC1)(c1ccccc1)c1ccccc1,45.71,clearance_microsome,TDC
CHEMBL1916082,CCC(CC)NC(=O)c1cnn(-c2ccccc2)c1NS(=O)(=O)c1ccc(C)cc1,54.5,clearance_microsome,TDC
CHEMBL1916277,Cc1ccc(S(=O)(=O)Nc2c(C(=O)NC3CCCCC3C)c(C)nn2-c2ccccc2)cc1,58.0,clearance_microsome,TDC
CHEMBL2181753,CCN(Cc1cc(C(F)(F)F)ccc1-c1cc(CC(=O)O)ccc1OC)C(=O)NCc1ccccc1,67.61,clearance_microsome,TDC
CHEMBL1689112,O=C(O)COc1ccc(C(F)(F)F)cc1CN1CCN(C(=O)c2ccccc2)CC1,4.7,clearance_microsome,TDC
CHEMBL193240,O=C(Nc1c(Cl)cncc1Cl)c1ccc(OC(F)F)c(OCC2CC2)c1,5.0,clearance_microsome,TDC
CHEMBL1934420,Cc1ccc(S(=O)(=O)Nc2c(C(=O)N[C@@H](C)C(C)(C)C)c(C)nn2C2CCN(C)CC2)cc1,5.0,clearance_microsome,TDC
CHEMBL1078685,N#Cc1cc(-c2n[nH]c(-c3ccncc3)n2)ccn1,5.0,clearance_microsome,TDC
CHEMBL1163803,CCN(C(=O)NCc1c(F)cccc1F)C1CCN(CCC(c2ccccc2)c2ccccc2)CC1,6.0,clearance_microsome,TDC
CHEMBL2041980,CS(=O)(=O)c1ccc(-c2cnc(N)c(-c3ccc(C(F)(F)F)nc3)c2)cc1,6.17,clearance_microsome,TDC
CHEMBL318021,CC(CCc1cccc(OCc2ccc3ccccc3n2)c1)CC(=O)O,6.17,clearance_microsome,TDC
CHEMBL1962788,O=c1c2c3n(c(=O)cc2[nH]n1-c1ccccc1Cl)CCCN(Cc1ccccc1)C3,32.36,clearance_microsome,TDC
CHEMBL1164184,O=C(Nc1ncc(F)s1)C(CC1CCOCC1)c1ccc(S(=O)(=O)C2CC2)cc1,33.11,clearance_microsome,TDC
CHEMBL1800472,CN(CCNC[C@H](O)c1ccc(O)c2[nH]c(=O)sc12)C(=O)CCOCCc1ccccc1,35.0,clearance_microsome,TDC
CHEMBL2031225,COc1cccc(C(=O)Nc2ccc(C)c(-n3cnc4ccc(N5CCN(C)CC5)cc4c3=O)c2)c1,16.0,clearance_microsome,TDC
CHEMBL1608462,Cc1cc(C)c(CNC(=O)c2cc(C3CC3)nc3c2cnn3C(C)C)c(O)n1,97.72,clearance_microsome,TDC
CHEMBL2207661,O=C(NC[C@@H](O)CN1CCC(Oc2ccc(Cl)c(Cl)c2)CC1)c1c[nH]nc1C1CC1,9.0,clearance_microsome,TDC
CHEMBL1956112,CN1CCC[C@H]1CCN1CCCc2cc(NC(=N)c3cccs3)ccc21,9.33,clearance_microsome,TDC
CHEMBL323776,CN(CCNCCc1ccc(O)c2nc(O)sc12)C(=O)CCOCCc1ccccc1,35.0,clearance_microsome,TDC
CHEMBL1945044,COc1cccc(CNCc2cccc(CCNC[C@H](O)c3ccc(O)c4[nH]c(=O)sc34)c2)c1,35.0,clearance_microsome,TDC
CHEMBL833,Clc1ccccc1CN1CCc2sccc2C1,35.0,clearance_microsome,TDC
CHEMBL2181928,C[C@@H]1CN(c2ccc3c(n2)NC(=O)CO3)[C@H](c2ccccc2)CO1,11.75,clearance_microsome,TDC
CHEMBL129982,Nc1ccc(Cl)c(C(=O)NCC23CC4CC(CC(C4)C2)C3)c1,19.0,clearance_microsome,TDC
CHEMBL360106,CCN(C(=O)Cc1ccc([N+](=O)[O-])cc1)C1CCN(CCC(c2ccccc2)c2ccccc2)CC1,13.0,clearance_microsome,TDC
CHEMBL2170994,Nc1ncnc2c1ncn2[C@@H]1O[C@H](CSCCCNC(=O)Nc2ccc(Cl)cc2)[C@@H](O)[C@H]1O,21.38,clearance_microsome,TDC
CHEMBL1924032,CC(C(=O)OC1CC[N+](C)(C)CC1)(c1ccccc1)N1CCC(F)(F)CC1,41.0,clearance_microsome,TDC
CHEMBL1596896,Cc1cccc(NC(=O)Nc2cccc3ccccc23)c1,70.79,clearance_microsome,TDC
CHEMBL1921925,C[C@@](C(=O)O[C@H]1C[N+]2(CCCc3cc4ccccc4s3)CCC1CC2)(c1ccccc1)N1CCCCC1,72.0,clearance_microsome,TDC
CHEMBL1302675,CCn1c(SCC(=O)Nc2cc(C)on2)nnc1-c1ccccc1,32.36,clearance_microsome,TDC
CHEMBL1807871,O=c1[nH]c2c(O)ccc([C@@H](O)CNCCCSCCNCCc3cccc(Cl)c3Cl)c2s1,35.0,clearance_microsome,TDC
CHEMBL2346975,CC(=O)N1CCN(CCOc2ccc(C3(O)CCN(c4ccc5nnc(C(F)(F)F)n5n4)CC3)cc2)CC1,89.13,clearance_microsome,TDC
CHEMBL469728,COc1ccc(N(C(=O)c2occc2Cl)C(C(=O)NC[C@@H](C)O)c2ccccc2F)c(OC)c1,145.0,clearance_microsome,TDC
CHEMBL518924,NCCCCN(Cc1nc2ccccc2[nH]1)[C@H]1CCCc2cccnc21,46.0,clearance_microsome,TDC
CHEMBL855,Cc1ccc(/C(=C\CN2CCCC2)c2ccccn2)cc1,8.0,clearance_microsome,TDC
CHEMBL1945035,O=c1[nH]c2c(O)ccc([C@@H](O)CNCCc3ccccc3CNCCc3ccccc3F)c2s1,27.5,clearance_microsome,TDC
CHEMBL1770297,CCOc1ccc2oc(C(=O)NC(CCSC)c3nc4ccccc4[nH]3)c(C)c2c1,37.0,clearance_microsome,TDC
CHEMBL379082,CCN(C(=O)Cc1ccc(S(C)(=O)=O)cc1)C1CCN(CC[C@H](c2ccc(S(C)(=O)=O)cc2)c2cccc(Cl)c2)CC1,12.0,clearance_microsome,TDC
CHEMBL2021706,CCC[C@@H](CNC(=O)c1nc(Cl)c(N)nc1N)[N+](C)(C)CCCc1ccc(OC)cc1,87.1,clearance_microsome,TDC
CHEMBL2147569,C[C@]12Cc3cnn(-c4ccc(F)cc4)c3C=C1CC[C@@]2(O)CCc1ccc(F)cc1C(N)=O,104.71,clearance_microsome,TDC
CHEMBL210887,O=C(Nc1nc2ccccc2n1CCCO)c1cccc([N+](=O)[O-])c1,112.2,clearance_microsome,TDC
CHEMBL2098096,Cc1cc(OCC(=O)NCc2ccccc2)c2cc(Br)ccc2n1,125.89,clearance_microsome,TDC
CHEMBL402501,C[C@H](Cc1cccc(CC(=O)NC23CC4CC(CC(C4)C2)C3)c1)NC[C@H](O)c1ccc(O)c(CO)c1,129.0,clearance_microsome,TDC
CHEMBL192,CCCc1nn(C)c2c(=O)[nH]c(-c3cc(S(=O)(=O)N4CCN(C)CC4)ccc3OCC)nc12,131.83,clearance_microsome,TDC
CHEMBL561771,COc1cccc(NC(=O)c2cccc(Cc3c(C)nn(CCO)c3-c3ccccc3)c2)c1,146.0,clearance_microsome,TDC
CHEMBL521096,CCOc1cc2ncc(C(N)=O)c(Nc3ccc(C)cc3F)c2cc1N1CCN(C)CC1,26.0,clearance_microsome,TDC
CHEMBL1916270,CCC(CC)NC(=O)c1cnn(-c2ccccc2)c1NS(=O)(=O)c1ccc(-c2cnco2)cc1,27.0,clearance_microsome,TDC
CHEMBL1951908,CCN(C(=O)Cc1ccc(S(C)(=O)=O)cc1)C1CCN(CC[C@@H](c2ccccc2)C2CCN(S(=O)(=O)C(F)(F)F)CC2)CC1,27.5,clearance_microsome,TDC
CHEMBL213100,COc1ccc(N(C(=O)Oc2c(C)cccc2C)c2ccnc(Nc3ccc(N4CCN(C)CC4)cc3)n2)c(OC)c1,27.54,clearance_microsome,TDC
CHEMBL320714,Oc1nc2c(O)ccc(CCNCCCCCCOCCc3ccccc3)c2s1,29.0,clearance_microsome,TDC
CHEMBL1289545,Cc1nc(C(=O)N2CCOC3(CCN(Cc4ccc(Cl)cc4)CC3)C2)cs1,11.0,clearance_microsome,TDC
CHEMBL1945031,Cc1cccc2c(CCNCc3cccc(CCNC[C@H](O)c4ccc(O)c5[nH]c(=O)sc45)c3)c[nH]c12,16.0,clearance_microsome,TDC
CHEMBL11,CN(C)CCCN1c2ccccc2CCc2ccccc21,13.49,clearance_microsome,TDC
CHEMBL2325697,C[C@@H]1COCCN1c1cc(C2(S(C)(=O)=O)CC2)nc(-c2cccc3[nH]ccc23)n1,7.41,clearance_microsome,TDC
CHEMBL2158769,N#Cc1ccccc1C[C@@H](C(=O)O)N1CCC(CN2CCC(Oc3ccc(Cl)c(Cl)c3)CC2)CC1,6.0,clearance_microsome,TDC
CHEMBL491758,Fc1cnc(Nc2ccccc2)nc1Nc1ccccc1,7.0,clearance_microsome,TDC
CHEMBL1689129,C[C@H]1CN(Cc2cc(Cl)ccc2OCC(=O)O)CCN1C(=O)Cc1ccccc1Cl,7.0,clearance_microsome,TDC
CHEMBL1950720,CN[C@@H](C)C(=O)N[C@H](C(=O)N1CC[C@H]2CCN(CCc3ccccc3)C[C@H]21)C1CCCCC1,21.38,clearance_microsome,TDC
CHEMBL416,COc1c2occc2cc2ccc(=O)oc12,6.0,clearance_microsome,TDC
CHEMBL108,NC(=O)N1c2ccccc2C=Cc2ccccc21,7.0,clearance_microsome,TDC
CHEMBL1645105,COc1ccc(-c2ccc3nc(N)sc3c2)cn1,7.76,clearance_microsome,TDC
CHEMBL2335881,COCCNCc1ccc(Nc2ncc3cc(-c4ccncc4)ccc3n2)cc1,42.66,clearance_microsome,TDC
CHEMBL190747,COc1ccc(OC)c(CNC(=O)c2cccnc2Oc2ccccc2)c1,43.5,clearance_microsome,TDC
CHEMBL2361207,COc1ccc(C#Cc2ccc([C@@H]3[C@H](CO)N4CCCCN(C(=O)Nc5cccc(F)c5)C[C@@H]34)cc2)cc1,50.12,clearance_microsome,TDC
CHEMBL2164850,O=C(Nc1cc(-c2ccncc2)c[nH]c1=O)[C@H](Cc1ccccc1)NC1(c2ccccn2)CC1,19.05,clearance_microsome,TDC
CHEMBL1683934,O=C(Nc1ccccc1-c1ccccc1)OC1CCN(CCCCCCCCCNC[C@H](O)c2ccc(O)c3[nH]c(=O)ccc23)CC1,19.5,clearance_microsome,TDC
CHEMBL244521,CC(C)c1nc2ccc(-c3ccc(F)cc3)cc2c(=O)n1C[C@H]1CCCN(C(C)C)C1,12.88,clearance_microsome,TDC
CHEMBL2207655,CC1(O)CN(S(=O)(=O)c2ccc3c(C(=O)NC[C@@H](O)CN4CCC(Oc5ccc(Cl)c(Cl)c5)CC4)c[nH]c(=O)c3c2)C1,18.33,clearance_microsome,TDC
CHEMBL556680,O=C(CC12CC3CC(CC(C3)C1)C2)Nc1cccc2c(=O)n(C[C@H]3CCCN3)ccc12,15.0,clearance_microsome,TDC
CHEMBL957,COc1ccccc1Oc1c(NS(=O)(=O)c2ccc(C(C)(C)C)cc2)nc(-c2ncccn2)nc1OCCO,15.14,clearance_microsome,TDC
CHEMBL1231533,O=C1NC(=O)/C(=C/c2ccc3c(c2)OC(F)(F)O3)S1,19.5,clearance_microsome,TDC
CHEMBL395340,CC[C@H](CO)Nc1nc(SCc2cccc(F)c2F)nc2nc(NC(C)C)sc12,42.0,clearance_microsome,TDC
CHEMBL1922056,C[C@@](C(=O)O[C@H]1C[N+]2(Cc3nc(-c4ccccc4)no3)CCC1CC2)(c1ccccc1)N1CCCCC1,53.0,clearance_microsome,TDC
CHEMBL361431,CCCN1CCC(Oc2nccc(Nc3cc(NC(=O)c4cccc(N5CCOCC5)c4)ccc3C)n2)CC1,54.0,clearance_microsome,TDC
CHEMBL1924046,CC(C)=CCC[N+]12CCC(CC1)[C@@H](OC(=O)[C@](C)(c1ccccc1)N1CCCCC1)C2,56.0,clearance_microsome,TDC
CHEMBL2147032,O=C1COC2(CCN(S(=O)(=O)c3ccc(-c4ccc5cccnc5c4)cc3)CC2)CN1C1CC1,56.23,clearance_microsome,TDC
CHEMBL1397672,Cc1[nH]c2nc(NCc3cccc(Br)c3)nn2c(=O)c1Cc1ccccc1,15.0,clearance_microsome,TDC
CHEMBL42,CN1CCN(C2=Nc3cc(Cl)ccc3Nc3ccccc32)CC1,15.14,clearance_microsome,TDC
CHEMBL290548,COC(=O)N1CCN(c2ccnc(-n3ccnc3)n2)C(CC(=O)NCc2ccc3c(c2)OCO3)C1,17.0,clearance_microsome,TDC
CHEMBL198150,CCN(C(=O)Cc1ccc(S(C)(=O)=O)cc1)C1CCN(CCC(c2ccccc2)c2ccc(S(C)(=O)=O)cc2)CC1,18.5,clearance_microsome,TDC
CHEMBL267744,O=C(O)COc1ccc(C(=O)c2cccs2)c(Cl)c1Cl,82.0,clearance_microsome,TDC
CHEMBL2348645,CNc1nc(C)c(-c2nc(Nc3cccc(N4CCCCC4)c3)ncc2C#N)s1,95.5,clearance_microsome,TDC
CHEMBL1163492,CCN(C(=O)NCc1ccc(F)cc1)C1CCN(CCC(c2ccccc2)c2ccccc2)CC1,105.0,clearance_microsome,TDC
CHEMBL360227,CCN(CC)CCN1C(=O)[C@@](O)(c2ccccc2Cl)c2c1cc(C(N)=O)cc2C(F)(F)F,93.33,clearance_microsome,TDC
CHEMBL205807,CC(C)Cn1c(=O)n(C)c(=O)c2c(C(=O)N3CC[C@@H](O)C3)c(Cc3c[nH]c4ccccc34)sc21,107.0,clearance_microsome,TDC
CHEMBL1807817,O=c1[nH]c2c(O)ccc([C@@H](O)CNCCSCCCOCCc3ccccc3)c2s1,75.0,clearance_microsome,TDC
CHEMBL513412,COc1ccc(N(C(=O)c2occc2C)C(C(=O)NC[C@@H](C)O)c2ccccc2F)c(OC)c1,126.0,clearance_microsome,TDC
CHEMBL222659,O=C(Nc1ccccn1)c1ccc2[nH]c(-c3ccc(NC(=O)C45CC6CC(CC(C6)C4)C5)cc3)nc2c1,146.0,clearance_microsome,TDC
CHEMBL1807820,O=c1[nH]c2c(O)ccc([C@@H](O)CNCCCSCCOCCc3cccc4ccccc34)c2s1,70.0,clearance_microsome,TDC
CHEMBL1351332,O=C(NCc1ccccc1)c1cc(-c2ccco2)on1,70.79,clearance_microsome,TDC
CHEMBL1240967,CC(C)(Cc1cccc(CC(=O)NCc2cccc(-c3ccc(O)cc3)c2)c1)NC[C@H](O)c1ccc(O)c(NS(C)(=O)=O)c1,99.0,clearance_microsome,TDC
CHEMBL511782,COc1ccc(N(C(=O)c2ccccc2)C(C(=O)NC[C@@H](C)O)c2ccccc2F)c(OC)c1,104.0,clearance_microsome,TDC
CHEMBL1322390,COc1ccc2nc(NC(=O)CCc3ccc(OC)c(OC)c3)sc2c1,104.71,clearance_microsome,TDC
CHEMBL2030560,Nc1nc2ccc(C(=O)c3ccccc3)cc2[nH]1,3.0,clearance_microsome,TDC
CHEMBL46740,Cc1c(-c2ccc(O)cc2)n(Cc2ccc(OCCN3CCCCCC3)cc2)c2ccc(O)cc12,38.02,clearance_microsome,TDC
CHEMBL1069,CCCCC(=O)N(Cc1ccc(-c2ccccc2-c2nnn[nH]2)cc1)[C@H](C(=O)O)C(C)C,3.0,clearance_microsome,TDC
CHEMBL1951575,CC(C)(C)NC(=O)c1ccc(Oc2cc(F)c(CC(=O)O)cc2Cl)c(NS(=O)(=O)c2ccc(C3CC3)cc2Cl)c1,3.0,clearance_microsome,TDC
CHEMBL1934416,COCC(C)n1nc(C)c(C(=O)N[C@@H](C)C(C)(C)C)c1NS(=O)(=O)c1ccc(C)cc1,6.0,clearance_microsome,TDC
CHEMBL1082811,N#Cc1c(-c2ccccc2)nc(SCc2ccccc2)[nH]c1=O,6.0,clearance_microsome,TDC
CHEMBL2207658,O=C(NC[C@@H](O)CN1CCC(Oc2ccc(Cl)c(Cl)c2)CC1)c1c[nH]nc1C(F)(F)F,3.0,clearance_microsome,TDC
CHEMBL2171036,COc1ccc(S(=O)(=O)NC(=O)N2CCC(N3CCC(Oc4ccc(Cl)c(Cl)c4)CC3)CC2)cc1,3.0,clearance_microsome,TDC
CHEMBL1789328,N#Cc1cc(Cl)ccc1O[C@H](CCN)c1ccccc1,3.0,clearance_microsome,TDC
CHEMBL44793,O=C(/C=C/c1c(C(=O)O)[nH]c2cc(Cl)cc(Cl)c12)Nc1ccccc1,3.0,clearance_microsome,TDC
CHEMBL198758,CCN(C(=O)Cc1ccc(S(C)(=O)=O)cc1)C1CCN(CCC(c2ccccc2)c2ccc(C#N)cc2)CC1,3.0,clearance_microsome,TDC
CHEMBL1917419,Cc1c(Sc2ccc(Cl)cc2)c2cc(Cl)ccc2n1CC(=O)O,3.0,clearance_microsome,TDC
CHEMBL2208423,N#Cc1cccc(C(=O)NC[C@@H](O)CN2CCC(Oc3ccc(Cl)c(Cl)c3)CC2)c1,4.0,clearance_microsome,TDC
CHEMBL506,COc1cc(NC(C)CCCN)c2ncccc2c1,3.0,clearance_microsome,TDC
CHEMBL2208432,O=C(NC[C@@H](O)CN1CCC(Oc2ccc(Cl)c(Cl)c2)CC1)n1c(=O)[nH]c2ccccc21,3.0,clearance_microsome,TDC
CHEMBL1290184,Cc1cccc(CN2CCC3(CC2)CCN(C(=O)c2ccccc2)CC3)c1,13.5,clearance_microsome,TDC
CHEMBL2207670,CS(=O)(=O)c1ccc2c(C(=O)NC[C@@H](O)CN3CCC(Oc4ccc(C#N)c(Cl)c4)CC3)c[nH]c(=O)c2c1,3.0,clearance_microsome,TDC
CHEMBL1917424,Cc1c(Sc2ccc(Cl)cc2)c2ccc(Cl)cc2n1CC(=O)O,3.0,clearance_microsome,TDC
CHEMBL1789327,Cc1ccc(C#N)c(S[C@H](CCN)c2ccccc2)n1,3.0,clearance_microsome,TDC
CHEMBL373067,Nc1nc2nc(SCc3ccccc3)nc(O)c2s1,3.0,clearance_microsome,TDC
CHEMBL203125,O=CN(O)CCCP(=O)(O)O,3.02,clearance_microsome,TDC
CHEMBL669,CN(C)CCC=C1c2ccccc2C=Cc2ccccc21,4.07,clearance_microsome,TDC
CHEMBL2216870,CC[C@H](Nc1ncnc2[nH]cnc12)c1nc2cccc(F)c2c(=O)n1-c1ccccc1,21.88,clearance_microsome,TDC
CHEMBL2158775,COc1ccccc1C[C@@H](C(=O)O)N1CCC(CN2CCC(Oc3ccc(Cl)c(Cl)c3)CC2)CC1,8.0,clearance_microsome,TDC
CHEMBL1090090,NC(=O)c1ccc(N(C(N)=O)c2c(F)cccc2F)nc1-c1ccc(F)cc1F,5.13,clearance_microsome,TDC
CHEMBL2171048,Cc1ccc(S(=O)(=O)NC(=O)N2CCC(N3CCC(Oc4ccc(Cl)cc4C)CC3)CC2)cc1,6.0,clearance_microsome,TDC
CHEMBL1800657,CCCN(CCNCCc1ccc(O)c2[nH]c(=O)sc12)C(=O)CCOCCc1ccccc1,150.0,clearance_microsome,TDC
CHEMBL1429296,COc1ccccc1CN1C(=O)c2ccccc2C1C(=O)NC1CCC(C)CC1,150.0,clearance_microsome,TDC
CHEMBL2169919,CC(C)N(CCCNC(=O)Nc1ccc(C(C)(C)C)cc1)C[C@H]1O[C@@H](n2ccc3c(N)ncnc32)[C@H](O)[C@@H]1O,150.0,clearance_microsome,TDC
CHEMBL324875,Cc1ccc(CCOCCNS(=O)(=O)CCCNCCc2ccc(O)c3nc(O)sc23)cc1,150.0,clearance_microsome,TDC
CHEMBL341226,COc1cccc(NC(=O)CC23CC4CC(CC(C4)C2)C3)c1C,150.0,clearance_microsome,TDC
CHEMBL407960,COc1ccc(OC)c(CNc2n[nH]c3ccnc(Oc4ccccc4)c23)c1,74.0,clearance_microsome,TDC
CHEMBL108546,Oc1nc2c(O)ccc(CCNCCCOCCOCCc3ccccc3)c2s1,21.0,clearance_microsome,TDC
CHEMBL1807829,O=c1[nH]c2c(O)ccc([C@@H](O)CNCCSCCCNCCc3cccc(Cl)c3Cl)c2s1,10.5,clearance_microsome,TDC
CHEMBL550777,NC1CCN(c2nccc(C(=O)NCC34CC5CC(CC(C5)C3)C4)c2Cl)CC1,41.0,clearance_microsome,TDC
CHEMBL2023704,COc1ccc(-c2ccnc(N)n2)cc1,41.0,clearance_microsome,TDC
CHEMBL1209914,CC(=O)N1N=C(c2ccc(Br)cc2)CC1c1ccc(C)cc1,41.69,clearance_microsome,TDC
CHEMBL2069623,Nc1ncnc2c1c(COc1cccc(Cl)c1)nn2C1CCOCC1,46.77,clearance_microsome,TDC
CHEMBL1945040,COc1ccccc1CNCc1ccc(CCNC[C@H](O)c2ccc(O)c3[nH]c(=O)sc23)cc1,22.0,clearance_microsome,TDC
CHEMBL2207276,Cc1cc(Cl)ccc1OC1CCN(C[C@H](O)CNC(=O)c2c[nH]c(=O)c3cc(S(C)(=O)=O)ccc23)CC1,14.0,clearance_microsome,TDC
CHEMBL100391,CN(C)CC(O)COc1ccc(Nc2ncc(Cl)c(Nc3ccccc3)n2)cc1,5.0,clearance_microsome,TDC
CHEMBL1086473,CCCCc1nc2c(N)nc3ccccc3c2n1Cc1ccccc1,6.0,clearance_microsome,TDC
CHEMBL1778618,N#Cc1ccc(OCC(=O)O)c(-c2ccccc2)c1,6.0,clearance_microsome,TDC
CHEMBL441550,CC(C)n1c(=O)n(C)c(=O)c2c(C(=O)N3CCS(=O)(=O)C3)c(Cc3ccccc3C(F)(F)F)sc21,6.0,clearance_microsome,TDC
CHEMBL1439884,CCCCn1c(SCC(=O)Nc2cc(C)on2)nnc1-c1ccco1,150.0,clearance_microsome,TDC
CHEMBL1934414,Cc1ccc(S(=O)(=O)Nc2c(C(=O)N[C@@H](C)C(C)(C)C)c(C)nn2C2CCCC2)cc1,21.0,clearance_microsome,TDC
CHEMBL387125,CON(C)C(=O)c1c(Cn2c(C)nc(Cl)c2Cl)sc2c1c(=O)n(C)c(=O)n2CC(C)C,41.0,clearance_microsome,TDC
CHEMBL271012,C[C@H](CO)Nc1nc(SCc2ccccc2F)nc2[nH]c(=O)sc12,3.0,clearance_microsome,TDC
CHEMBL1779503,O=C(NCCc1ccccc1)c1cc(-n2ncc(=O)[nH]c2=O)ccc1Cl,3.0,clearance_microsome,TDC
CHEMBL1807821,O=c1[nH]c2c(O)ccc([C@@H](O)CNCCCOCCOCCc3ccccc3)c2s1,9.0,clearance_microsome,TDC
CHEMBL1399574,CCOc1ccc(NC(=O)CCc2c(C)nc3nc(C)nn3c2C)cc1,3.0,clearance_microsome,TDC
CHEMBL2158819,O=C(O)C(c1ccccc1)N1CCC(CN2CCC(Oc3ccc(Cl)c(Cl)c3)CC2)CC1,3.0,clearance_microsome,TDC
CHEMBL2323239,O=C(CSc1nc2c(c(=O)n1-c1ccccc1)SCC2)Nc1ncc(-c2ccccc2)s1,150.0,clearance_microsome,TDC
CHEMBL558748,O=C(NCC1CCCCC1)c1c(Cl)ccc2ncccc12,150.0,clearance_microsome,TDC
CHEMBL1427959,O=C(Nc1nc2ccccc2s1)c1ccccc1,150.0,clearance_microsome,TDC
CHEMBL1917456,Cc1c(Oc2ccc(Cl)cc2)c2c(NS(C)(=O)=O)cccc2n1CC(=O)O,3.0,clearance_microsome,TDC
CHEMBL2158827,O=C(O)Cc1ccc(N2CCC(CN3CCC(Oc4ccc(Cl)c(Cl)c4)CC3)CC2)cc1,3.0,clearance_microsome,TDC
CHEMBL370657,Cn1c(-c2ccccc2C(F)(F)F)nnc1C12CCC(c3noc(-c4ccc(F)cc4)n3)(CC1)CC2,3.0,clearance_microsome,TDC
CHEMBL180334,CN(C(=O)Cc1ccc(F)cc1)C1CCN(CCC(c2ccccc2)c2ccccc2)CC1,3.0,clearance_microsome,TDC
CHEMBL254370,CC[C@@H](Nc1c(Nc2cccc(C(=O)N(C)C)c2O)c(=O)c1=O)c1ccccc1,3.0,clearance_microsome,TDC
CHEMBL1917454,Cc1c(Oc2ccc(Cl)cc2)c2cc(F)ccc2n1CC(=O)O,3.0,clearance_microsome,TDC
CHEMBL1773254,O=C(O)CCc1ccc(OCc2cccc(Br)c2)cc1,3.0,clearance_microsome,TDC
CHEMBL257027,C[C@H](CO)Nc1nc(SCc2ccccc2)nc2[nH]c(=O)[nH]c12,3.0,clearance_microsome,TDC
CHEMBL1084863,NS(=O)(=O)c1ccc(Nc2nccc(-c3ccccc3)n2)cc1,3.0,clearance_microsome,TDC
CHEMBL1689119,C[C@H]1CN(Cc2cc(Cl)ccc2OCC(=O)O)CCN1S(=O)(=O)c1ccccc1,5.0,clearance_microsome,TDC
CHEMBL2207662,O=C(NC[C@@H](O)CN1CCC(Oc2ccc(Cl)c(Cl)c2)CC1)c1c[nH]c(=O)cc1C(F)(F)F,6.0,clearance_microsome,TDC
CHEMBL313907,O=S(=O)(Nc1nc(-c2ccccc2)nn1Cc1ccccc1)c1ccccc1,5.0,clearance_microsome,TDC
CHEMBL2207664,Cc1c(Cl)ccc(OC2CCN(C[C@H](O)CNC(=O)c3c[nH]c(=O)cc3C(F)(F)F)CC2)c1Cl,6.0,clearance_microsome,TDC
CHEMBL2018954,COc1ccc(COc2nc(Br)cnc2NS(=O)(=O)c2ccc(C)cc2)cc1OCCN(C)C,7.0,clearance_microsome,TDC
CHEMBL2031224,COc1ccccc1C(=O)Nc1ccc(C)c(-n2cnc3ccc(N4CCN(C)CC4)cc3c2=O)c1,7.0,clearance_microsome,TDC
CHEMBL1689115,O=C(O)COc1ccc(Cl)cc1CN1CCCN(S(=O)(=O)Cc2ccccc2)CC1,5.0,clearance_microsome,TDC
CHEMBL211631,COc1cccc2c(-c3c(C)n(CC(=O)O)c4ccc(C)cc34)ccnc12,5.0,clearance_microsome,TDC
CHEMBL284275,COc1ccc(Cc2c(N)n[nH]c2N)cc1,5.37,clearance_microsome,TDC
CHEMBL2208422,N#Cc1cccc(S(=O)(=O)NC[C@@H](O)CN2CCC(Oc3ccc(Cl)c(Cl)c3)CC2)c1,7.0,clearance_microsome,TDC
CHEMBL2017259,N#Cc1ccc(C(=O)Nc2ccc(-n3ccnc3)nc2)cc1,6.31,clearance_microsome,TDC
CHEMBL2070946,N#Cc1cnc(N2CCN(C(=O)[C@@H]3CCCC[C@H]3C(=O)NC3(C#N)CC3)CC2)s1,6.76,clearance_microsome,TDC
CHEMBL521509,O=C(NC1CC1)c1cn(-c2cccc(C#Cc3cccnc3)c2)c2ncccc2c1=O,7.0,clearance_microsome,TDC
CHEMBL1778637,CS(=O)(=O)c1ccc(-c2cc(C(F)(F)F)ccc2OCC(=O)O)c(Cl)c1,3.0,clearance_microsome,TDC
CHEMBL2171024,O=C(O)c1cccc(C(=O)N2CCC(N3CCC(Oc4ccc(Cl)c(Cl)c4)CC3)CC2)c1,3.0,clearance_microsome,TDC
CHEMBL1778652,CCS(=O)(=O)c1ccc(-c2cc(C(F)(F)F)ccc2CCC(=O)O)c(C)c1,3.0,clearance_microsome,TDC
CHEMBL1917431,Cc1c(Sc2ccc(Cl)cc2)c2cc(S(C)(=O)=O)ccc2n1CC(=O)O,3.0,clearance_microsome,TDC
CHEMBL8232,COc1cccc(Oc2cncnc2O)c1,3.0,clearance_microsome,TDC
CHEMBL437526,CCO[C@@H]1OC(=O)C[C@@H]1NC(=O)[C@@H]1CCCN2C(=O)CC[C@H](NC(=O)c3nccc4ccccc34)C(=O)N12,3.0,clearance_microsome,TDC
CHEMBL2158832,O=C(O)c1cccc(CN2CCC(CN3CCC(Oc4ccc(Cl)c(Cl)c4)CC3)CC2)c1,3.0,clearance_microsome,TDC
CHEMBL1689135,C[C@H]1CN(Cc2cc(Cl)ccc2CC(=O)O)CCN1C(=O)Cc1ccc(Cl)cc1,3.0,clearance_microsome,TDC
CHEMBL1539037,COc1ccc(NC(=O)CCc2c(C)nc3nc(C)nn3c2C)cc1,3.98,clearance_microsome,TDC
CHEMBL1743245,Cc1ccccc1/N=N/c1ccc(NC(=O)c2ccnn2C)c(C)c1,4.0,clearance_microsome,TDC
CHEMBL350563,CCO/N=C(\c1ccc(Br)cc1)C1CCN(C2(C)CCN(C(=O)c3c(Cl)cncc3Cl)CC2)CC1,4.0,clearance_microsome,TDC
CHEMBL62136,O=S(=O)(c1ccccc1)N(CC(F)(F)F)c1ccc(C(O)(C(F)(F)F)C(F)(F)F)cc1,3.0,clearance_microsome,TDC
CHEMBL1071,O=C(O)CCc1nc(-c2ccccc2)c(-c2ccccc2)o1,3.0,clearance_microsome,TDC
CHEMBL9967,CN1CCN(CC(=O)N2c3ccccc3C(=O)Nc3cccnc32)CC1,3.0,clearance_microsome,TDC
CHEMBL1934421,Cc1ccc(S(=O)(=O)Nc2c(C(=O)N[C@@H](C)C(C)(C)C)c(C)nn2C2CCN(CC(F)(F)F)CC2)cc1,3.0,clearance_microsome,TDC
CHEMBL315708,c1ccc(-c2[nH]nc3ccccc23)cc1,3.0,clearance_microsome,TDC
CHEMBL2158825,O=C(O)Cc1ccccc1N1CCC(CN2CCC(Oc3ccc(Cl)c(Cl)c3)CC2)CC1,3.0,clearance_microsome,TDC
CHEMBL1917447,Cc1c(S(=O)(=O)c2ccc(Cl)cc2)c2cc(F)ccc2n1CC(=O)O,3.0,clearance_microsome,TDC
CHEMBL370552,CCN(C(=O)Cc1ccc(S(C)(=O)=O)cc1)C1CCN(CCC(c2ccccc2)c2ccc(NC(=O)C(C)(C)C)cc2)CC1,3.0,clearance_microsome,TDC
CHEMBL443,Cc1cc(NS(=O)(=O)c2ccc(N)cc2)no1,3.0,clearance_microsome,TDC
CHEMBL700,Nc1ccc(S(=O)(=O)Nc2ccccn2)cc1,3.0,clearance_microsome,TDC
CHEMBL2158833,O=C(O)c1ccc(CN2CCC(CN3CCC(Oc4ccc(Cl)c(Cl)c4)CC3)CC2)cc1,3.0,clearance_microsome,TDC
CHEMBL1778630,O=C(O)COc1ccc(C(F)(F)F)cc1-c1ccccc1-c1ccccc1,3.0,clearance_microsome,TDC
CHEMBL1917426,Cc1c(Sc2ccc(Cl)cc2)c2cc(F)ccc2n1CC(=O)O,3.0,clearance_microsome,TDC
CHEMBL305513,Nc1nc2ccccc2[nH]1,3.0,clearance_microsome,TDC
CHEMBL375166,Cc1n[nH]c(C)c1Cc1sc2c(c1C(=O)N1C[C@H](O)CO1)c(=O)n(C)c(=O)n2CC(C)C,4.0,clearance_microsome,TDC
CHEMBL2207665,Cn1cc(C(=O)NC[C@@H](O)CN2CCC(Oc3ccc(Cl)c(Cl)c3)CC2)c(C(F)(F)F)cc1=O,4.0,clearance_microsome,TDC
CHEMBL1531981,Cc1oc(-c2ccccc2)cc1C(=O)Nc1cccc(C(=O)O)c1,4.17,clearance_microsome,TDC
CHEMBL2059910,CNC(=O)Nc1nc2ccc(-c3cncc(S(=O)(=O)NC(C)(C)C)c3)cn2n1,3.0,clearance_microsome,TDC
CHEMBL2158831,O=C(O)c1ccccc1CN1CCC(CN2CCC(Oc3ccc(Cl)c(Cl)c3)CC2)CC1,3.0,clearance_microsome,TDC
CHEMBL2171038,Cc1ccccc1S(=O)(=O)NC(=O)N1CCC(N2CCC(Oc3ccc(Cl)c(Cl)c3)CC2)CC1,3.0,clearance_microsome,TDC
CHEMBL1778649,CCS(=O)(=O)c1ccc(-c2cc(C(F)(F)F)ccc2O[C@@H](C)C(=O)O)c(C)c1,3.0,clearance_microsome,TDC
CHEMBL2207659,Cc1cc(Cl)ccc1OC1CCN(C[C@H](O)CNC(=O)c2c[nH]nc2C(F)(F)F)CC1,3.0,clearance_microsome,TDC
CHEMBL257830,N#Cc1ccc2[nH]c(-c3ccc(F)cc3)c(CCCC(=O)NS(N)(=O)=O)c2c1,3.0,clearance_microsome,TDC
CHEMBL98760,CC(C)NC(=O)c1ccc2c(Nc3ccc(Cl)cc3)nc(N3CCOCC3)nc2c1,3.0,clearance_microsome,TDC
CHEMBL274713,CCCSc1nc(N[C@@H]2C[C@H]2c2ccccc2)c2nnn([C@@H]3C[C@H](OCCO)[C@@H](O)[C@H]3O)c2n1,3.0,clearance_microsome,TDC
CHEMBL1829783,C[C@@H](c1ccc(-c2ccc(F)cc2F)cc1)N1CC[C@@](CCO)(c2ccc(F)cc2)OC1=O,3.0,clearance_microsome,TDC
CHEMBL403963,C(=C/c1nn[nH]n1)\c1ccccc1,3.0,clearance_microsome,TDC
CHEMBL2158781,Cc1cc(F)ccc1OC1CCN(CC2CCN([C@@H](Cc3ccc(F)cc3)C(=O)O)CC2)CC1,3.0,clearance_microsome,TDC
CHEMBL2158773,Cc1cccc(C[C@@H](C(=O)O)N2CCC(CN3CCC(Oc4ccc(Cl)c(Cl)c4)CC3)CC2)c1,3.0,clearance_microsome,TDC
CHEMBL1778620,Nc1ccc(OCC(=O)O)c(-c2ccccc2)c1,3.0,clearance_microsome,TDC
CHEMBL1921917,C[C@@](C(=O)O[C@H]1C[N+]2(CCCc3ccncc3)CCC1CC2)(c1ccccc1)N1CCCCC1,45.0,clearance_microsome,TDC
CHEMBL2178393,Nc1nnc(CCSCCc2nnc(NC(=O)Cc3ccccc3)s2)s1,54.95,clearance_microsome,TDC
CHEMBL1263,OCc1cc(C(O)CNCCCCCCOCCCCc2ccccc2)ccc1O,58.0,clearance_microsome,TDC
CHEMBL343199,CCOC(=O)Nc1cc2c(c(N)n1)N=C(c1ccccc1)CCN2,66.07,clearance_microsome,TDC
CHEMBL223402,O=C(Nc1ccccc1F)N[C@H]1N=C(c2ccccc2)c2ccccc2NC1=O,11.22,clearance_microsome,TDC
CHEMBL1412343,Cc1ccccc1NC(=O)CCS(=O)(=O)c1ccc(Br)s1,46.77,clearance_microsome,TDC
CHEMBL1164165,O=c1[nH]c(-c2ccc([N+](=O)[O-])cc2)nc2ccccc12,53.7,clearance_microsome,TDC
CHEMBL1916267,CCC(CC)NC(=O)c1cnn(Cc2ccccc2)c1NS(=O)(=O)c1ccc(C)cc1,59.0,clearance_microsome,TDC
CHEMBL511115,COc1ccc([C@]2(C#N)CC[C@@H](C(=O)O)CC2)cc1OC1CCCC1,13.0,clearance_microsome,TDC
CHEMBL109244,O=C(NCCCCCCNCCc1ccc(O)c2nc(O)sc12)Nc1ccccc1,11.0,clearance_microsome,TDC
CHEMBL1857945,CN(C)CCNc1cc(-c2ccccc2)nc2cc(-c3ccc(F)cc3)nn12,11.22,clearance_microsome,TDC
CHEMBL110861,Oc1nc2c(O)ccc(CCNCCOCCCOCCc3ccccc3)c2s1,56.0,clearance_microsome,TDC
CHEMBL1483,CCCSc1ccc2nc(NC(=O)OC)[nH]c2c1,34.67,clearance_microsome,TDC
CHEMBL369311,CCN(C(=O)Cc1ccc(S(C)(=O)=O)cc1)C1CCN(CCC(c2ccccc2)c2ccccc2)CC1,16.0,clearance_microsome,TDC
CHEMBL1917445,Cc1ccc2c(c1)c([S+]([O-])c1ccc(Cl)cc1)c(C)n2CC(=O)O,3.0,clearance_microsome,TDC
CHEMBL211677,Cc1ccc2c(c1)c(-c1cc(C)nc3ccccc13)c(C)n2CC(=O)O,3.0,clearance_microsome,TDC
CHEMBL2147475,COc1cc(-n2cnc3cc(-c4ccc(Cl)cc4)sc3c2=O)ccc1OC[C@H](OP(=O)(O)O)C1CC1,3.0,clearance_microsome,TDC
CHEMBL154,COc1ccc2cc([C@H](C)C(=O)O)ccc2c1,3.0,clearance_microsome,TDC
CHEMBL1614705,O=C(CO)N1CCC(c2[nH]nc(-c3ccc(Cl)cc3F)c2-c2ccncn2)CC1,3.0,clearance_microsome,TDC
CHEMBL2031229,Cc1ccc(NC(=O)c2ccccc2F)cc1-n1cnc2ccc(N3CCN(C)CC3)cc2c1=O,3.0,clearance_microsome,TDC
CHEMBL390191,Cc1nc(CSc2nc(N[C@H](C)CO)c3sc(N)nc3n2)cs1,3.0,clearance_microsome,TDC
CHEMBL2158771,N#Cc1ccc(C[C@@H](C(=O)O)N2CCC(CN3CCC(Oc4ccc(Cl)c(Cl)c4)CC3)CC2)cc1,3.0,clearance_microsome,TDC
CHEMBL1689126,C[C@H]1CN(Cc2cc(Cl)ccc2OCC(=O)O)CCN1C(=O)Cc1ccccc1,3.0,clearance_microsome,TDC
CHEMBL589973,CCCCNC(=O)c1ccc(Oc2ccc(CC(=O)O)cc2OC)c(NS(=O)(=O)c2ccc(Cl)cc2Cl)c1,3.0,clearance_microsome,TDC
CHEMBL267144,CC(C)[C@H]1C(=O)N[C@H](CO)Cc2ccccc2N1C,30.9,clearance_microsome,TDC
CHEMBL557697,O=C(O)c1cccc(-c2ccc3c(C(=O)NCC45CC6CC(CC(C6)C4)C5)c(Cl)ccc3n2)c1,33.0,clearance_microsome,TDC
CHEMBL2023489,COc1ccc2c(Oc3ccc(CC(=O)Nc4cn(C)nc4C)c(OC)c3)ccnc2c1,24.55,clearance_microsome,TDC
CHEMBL2325704,CS(=O)(=O)C1(c2cc(N3CCOCC3)nc(-c3cccc4[nH]ccc34)n2)CC1,11.22,clearance_microsome,TDC
CHEMBL1778629,CCS(=O)(=O)c1cccc(-c2cc(C(F)(F)F)ccc2OCC(=O)O)c1,12.0,clearance_microsome,TDC
CHEMBL481,CCc1c2c(nc3ccc(OC(=O)N4CCC(N5CCCCC5)CC4)cc13)-c1cc3c(c(=O)n1C2)COC(=O)[C@]3(O)CC,13.49,clearance_microsome,TDC
CHEMBL2207666,O=C(NC[C@@H](O)CN1CCC(Oc2ccc(Cl)c(Cl)c2)CC1)c1c[nH]c(=O)c2ccccc12,17.25,clearance_microsome,TDC
CHEMBL453222,COCCOc1ccc(-c2cc(C(N)=O)c(NC(N)=O)s2)cc1,20.0,clearance_microsome,TDC
CHEMBL22442,CCCc1cc(OCc2ccccc2)cc(=O)n1Cc1ccc(-c2ccccc2-c2nn[nH]n2)cc1,20.42,clearance_microsome,TDC
CHEMBL128613,CN1CCN(C(=O)c2cc3cc(Br)ccc3[nH]2)CC1,20.5,clearance_microsome,TDC
CHEMBL2170985,Nc1ncnc2c1ncn2[C@@H]1O[C@H](CSCCCNC(=O)NCc2ccccc2)[C@@H](O)[C@H]1O,21.38,clearance_microsome,TDC
CHEMBL2325719,Cc1ccc2[nH]ccc2c1-c1nc(N2CCOCC2)cc(C2(S(C)(=O)=O)CC2)n1,5.75,clearance_microsome,TDC
CHEMBL2103840,CCc1cnn2c(NCc3ccc[n+]([O-])c3)cc(N3CCCC[C@H]3CCO)nc12,150.0,clearance_microsome,TDC
CHEMBL1800660,CCCCN(CCNC[C@H](O)c1ccc(O)c2[nH]c(=O)sc12)C(=O)CCOCCc1ccccc1,150.0,clearance_microsome,TDC
CHEMBL2349318,CCC[C@H](CO)Nc1nc(S[C@@H](C)c2cccc(C#N)c2)nc2[nH]c(=O)sc12,52.48,clearance_microsome,TDC
CHEMBL1916275,Cc1ccc(S(=O)(=O)Nc2c(C(=O)N(C)C3CCCCC3)c(C)nn2-c2ccccc2)cc1,53.0,clearance_microsome,TDC
CHEMBL1945299,COc1ccccc1CNCCc1cccc(CCNC[C@H](O)c2ccc(O)c3[nH]c(=O)sc23)c1,56.0,clearance_microsome,TDC
CHEMBL1916276,Cc1ccc(S(=O)(=O)Nc2c(C(=O)NC3CCCCC3C)cnn2-c2ccccc2)cc1,59.0,clearance_microsome,TDC
CHEMBL1643194,Cc1cc(CN2Cc3ccccc3C2C(=O)Nc2ccc(Cl)cc2Cl)ccc1OCC(=O)O,6.0,clearance_microsome,TDC
CHEMBL1917418,Cc1ccc2c(c1)c(Sc1ccc(Cl)cc1)c(C)n2CC(=O)O,7.0,clearance_microsome,TDC
CHEMBL1921913,C[C@@](C(=O)O[C@H]1C[N+]2(CCc3c[nH]c4ccccc34)CCC1CC2)(c1ccccc1)N1CCCCC1,66.0,clearance_microsome,TDC
CHEMBL1945291,COc1ccccc1CN(C)Cc1cccc(CCNC[C@H](O)c2ccc(O)c3[nH]c(=O)sc23)c1,45.0,clearance_microsome,TDC
CHEMBL1945041,O=c1[nH]c2c(O)ccc([C@@H](O)CNCCc3cccc(CNCc4ccccc4Cl)c3)c2s1,47.0,clearance_microsome,TDC
CHEMBL380732,CC[C@H](CO)Nc1nc(SCc2cccc(F)c2F)nc2nc(N)sc12,62.0,clearance_microsome,TDC
CHEMBL396043,C[C@H](CO)Nc1nc(SCc2cccc(F)c2F)nc2nc(NC3CC3)sc12,66.0,clearance_microsome,TDC
CHEMBL1460615,O=S1(=O)CC(O)C(N2CCC(c3ccccc3)CC2)C1,5.25,clearance_microsome,TDC
CHEMBL2326623,COc1cccc2c1c(NS(=O)(=O)c1ccc(Cl)s1)nn2Cc1cccc(CNC(=O)[C@H]2COCCN2)c1,58.5,clearance_microsome,TDC
CHEMBL296419,COc1ccc(CCN2CCC(Nc3nc4ccccc4n3Cc3ccc(F)cc3)CC2)cc1,66.0,clearance_microsome,TDC
CHEMBL1868114,COCCNc1nc(NCc2ccccc2F)c2sccc2n1,150.0,clearance_microsome,TDC
CHEMBL2031227,Cc1ccc(NC(=O)c2ccc(C#N)cc2)cc1-n1cnc2ccc(N3CCN(C)CC3)cc2c1=O,7.0,clearance_microsome,TDC
CHEMBL105462,C[C@H](NC(=O)[C@@H](Cc1c[nH]c2ccccc12)NC(=O)[C@@H](N)Cc1c[nH]cn1)C(=O)N[C@@H](Cc1c[nH]c2ccccc12)C(=O)N[C@H](Cc1ccccc1)C(=O)N[C@@H](CCCCN)C(N)=O,61.66,clearance_microsome,TDC
CHEMBL550438,CC1CCC(CC(=O)Nc2cccc3ncccc23)CC1,38.0,clearance_microsome,TDC
CHEMBL1779497,O=C(NCC1CCCCC1)c1cc(-n2ncc(=O)[nH]c2=O)ccc1Cl,8.5,clearance_microsome,TDC
CHEMBL111732,CN(CCc1ccc(O)c2nc(O)sc12)CCN(C)C(=O)CCOCCc1ccccc1,150.0,clearance_microsome,TDC
CHEMBL127066,Oc1nc(-c2ccccc2)nc2ccccc12,150.0,clearance_microsome,TDC
CHEMBL2312113,COc1cc(O)c(C(CC(=O)N2CC(C)CC(C)C2)c2ccc3c(c2)OCO3)c(OC)c1,150.0,clearance_microsome,TDC
CHEMBL514980,CN(CCOc1ccccc1-c1cc(C(N)=O)c(NC(N)=O)s1)Cc1ccccc1,150.0,clearance_microsome,TDC
CHEMBL1770477,CCOc1ccc2oc(C(=O)NC(CCSC)c3nc4ncccc4[nH]3)c(C)c2c1,150.0,clearance_microsome,TDC
CHEMBL450470,COc1ccc(N(C(C)=O)C(C(=O)NC2CCCC2)c2ccccc2F)c(OC)c1,150.0,clearance_microsome,TDC
CHEMBL112747,COc1ccnc(NC2CCN(C(=O)c3ccccc3)CC2)c1,3.0,clearance_microsome,TDC
CHEMBL361546,O=c1c2sccc2n(CC2COc3ccccc3O2)c(=O)n1O,3.0,clearance_microsome,TDC
CHEMBL1917423,Cc1c(Sc2ccc(Cl)cc2)c2cccc(Cl)c2n1CC(=O)O,3.0,clearance_microsome,TDC
CHEMBL2158772,Cc1ccccc1C[C@@H](C(=O)O)N1CCC(CN2CCC(Oc3ccc(Cl)c(Cl)c3)CC2)CC1,3.0,clearance_microsome,TDC
CHEMBL1956163,O=C1[C@H]2[C@H]3CC[C@H](C3)[C@H]2C(=O)N1[C@H]1CC[C@H](C(=O)Nc2cccc3cccnc23)CC1,24.55,clearance_microsome,TDC
CHEMBL837,CCc1c2c(nc3ccc(O)cc13)-c1cc3c(c(=O)n1C2)COC(=O)[C@]3(O)CC,25.12,clearance_microsome,TDC
CHEMBL182878,CC(=O)Nc1ccc(CC(=O)N(C)C2CCN(CCC(c3ccccc3)c3ccccc3)CC2)cc1,26.0,clearance_microsome,TDC
CHEMBL1523918,O=S(=O)(Nc1nnc(-c2ccccc2)s1)c1ccc(Cl)cc1,16.0,clearance_microsome,TDC
CHEMBL1944691,O=c1[nH]c2c(O)ccc([C@@H](O)CNCCc3cccc(CNCCc4ccccc4F)c3)c2s1,17.0,clearance_microsome,TDC
CHEMBL1605684,CC(=O)c1cn(Cc2ccccc2)c(=O)n(Cc2ccc(F)cc2)c1=O,33.11,clearance_microsome,TDC
CHEMBL1934426,Cc1nn(C2CCOCC2)c(NS(=O)(=O)c2ccc(C3CC3)cc2)c1C(=O)N[C@@H](C)C(C)(C)C,3.0,clearance_microsome,TDC
CHEMBL1738840,COc1ccnc(CCc2nc3cccnc3[nH]2)c1,3.0,clearance_microsome,TDC
CHEMBL564737,O=C(NCC1(O)CCCCCC1)c1cc(-c2ccccc2C(=O)O)ccc1Cl,3.0,clearance_microsome,TDC
CHEMBL480208,CC1(C)[C@@H]2CC[C@@]1(CS(=O)(=O)N1CCN(c3ccc(C#N)cn3)CC1)C(=O)C2,103.0,clearance_microsome,TDC
CHEMBL1778622,CCSc1ccc(-c2cc(C(F)(F)F)ccc2OCC(=O)O)cc1,134.0,clearance_microsome,TDC
CHEMBL112,CC(=O)Nc1ccc(O)cc1,3.0,clearance_microsome,TDC
CHEMBL22,COc1cc(Cc2cnc(N)nc2N)cc(OC)c1OC,3.0,clearance_microsome,TDC
CHEMBL2158821,O=C(O)[C@@H](c1ccccc1)N1CCC(CN2CCC(Oc3ccc(Cl)c(Cl)c3)CC2)CC1,3.0,clearance_microsome,TDC
CHEMBL2207663,Cc1cc(Cl)ccc1OC1CCN(C[C@H](O)CNC(=O)c2c[nH]c(=O)cc2C(F)(F)F)CC1,3.0,clearance_microsome,TDC
CHEMBL2071614,CC(C)(O)c1ccc(Nc2nc3ccc(C#N)cc3[nH]2)cc1,3.0,clearance_microsome,TDC
CHEMBL440405,CS(=O)(=O)NC(=O)CCCc1c(-c2ccc(F)cc2)[nH]c2ccc(C#N)cc12,3.0,clearance_microsome,TDC
CHEMBL1917450,Cc1c(S(=O)(=O)c2ccc(Cl)cc2)c2c(NS(C)(=O)=O)cccc2n1CC(=O)O,3.0,clearance_microsome,TDC
CHEMBL1917458,CCS(=O)(=O)c1ccc(Oc2c(C)n(CC(=O)O)c3ccc(C(F)(F)F)cc23)cc1,3.0,clearance_microsome,TDC
CHEMBL1689134,C[C@H]1CN(Cc2cc(Cl)ccc2OC(C)(C)C(=O)O)CCN1S(=O)(=O)c1ccccc1,3.0,clearance_microsome,TDC
CHEMBL1689130,C[C@H]1CN(Cc2cc(Cl)ccc2OCC(=O)O)CCN1C(=O)Cc1cccc(Cl)c1,3.0,clearance_microsome,TDC
CHEMBL1689114,O=C(O)COc1ccc(Cl)cc1CN1CCCN(S(=O)(=O)c2ccccc2)CC1,3.0,clearance_microsome,TDC
CHEMBL1194759,CCCC1CCCCC(N)=N1,3.0,clearance_microsome,TDC
CHEMBL2171025,O=C(c1ccc(-c2noc(=O)[nH]2)cc1)N1CCC(N2CCC(Oc3ccc(Cl)c(Cl)c3)CC2)CC1,3.0,clearance_microsome,TDC
CHEMBL2158770,N#Cc1cccc(C[C@@H](C(=O)O)N2CCC(CN3CCC(Oc4ccc(Cl)c(Cl)c4)CC3)CC2)c1,3.0,clearance_microsome,TDC
CHEMBL2158824,O=C(O)c1ccc(N2CCC(CN3CCC(Oc4ccc(Cl)c(Cl)c4)CC3)CC2)cc1,3.0,clearance_microsome,TDC
CHEMBL1082983,CCCCc1nc2c(N)nc3ccccc3c2n1CC(C)(C)O,3.0,clearance_microsome,TDC
CHEMBL2158838,O=C(O)[C@H](Cc1ccc(Cl)cc1)N1CCC(CN2CCC(Oc3ccc(Cl)c(Cl)c3)CC2)CC1,3.0,clearance_microsome,TDC
CHEMBL2208429,O=C(NC[C@@H](O)CN1CCC(Oc2ccc(Cl)c(Cl)c2)CC1)c1n[nH]c2ccccc12,3.0,clearance_microsome,TDC
CHEMBL956,CC(C(=O)O)c1ccc(C(=O)c2cccs2)cc1,3.0,clearance_microsome,TDC
CHEMBL212777,Cc1ccc2c(c1)c(-c1ccnc3cc(Cl)ccc13)c(C)n2CC(=O)O,4.0,clearance_microsome,TDC
CHEMBL180184,CCN(C(=O)NCc1ccccc1)C1CCN(CCC(c2ccccc2)c2ccccc2)CC1,4.0,clearance_microsome,TDC
CHEMBL213495,Cc1ccc2c(c1)c(-c1ccnc3c(C#N)cccc13)c(C)n2CC(=O)O,3.0,clearance_microsome,TDC
CHEMBL1738761,N#Cc1ccc(Cl)cc1O[C@H](CCN)c1ccccc1,4.0,clearance_microsome,TDC
CHEMBL2158826,O=C(O)Cc1cccc(N2CCC(CN3CCC(Oc4ccc(Cl)c(Cl)c4)CC3)CC2)c1,3.0,clearance_microsome,TDC
CHEMBL205133,Nc1c(C(=O)c2cccc(OC[C@H](O)CO)c2)cnn1-c1ccc(F)cc1,3.0,clearance_microsome,TDC
CHEMBL1916287,Cc1nn(-c2ccc(F)cc2)c(NS(=O)(=O)c2cccnc2)c1C(=O)N[C@@H](C)C(C)(C)C,3.0,clearance_microsome,TDC
CHEMBL2332936,CC(=O)Nc1ccc(O)cc1OC[C@@H](O)CN1CCC2(CC1)Cc1cc(F)ccc1O2,3.0,clearance_microsome,TDC
CHEMBL2158780,Cc1cc(Cl)ccc1OC1CCN(CC2CCN([C@@H](Cc3ccc(F)cc3)C(=O)O)CC2)CC1,3.0,clearance_microsome,TDC
CHEMBL398295,CCCSc1nc(N[C@@H]2C[C@H]2c2ccccc2)c2nnn([C@@H]3C[C@H](O)[C@@H](O)[C@H]3O)c2n1,3.0,clearance_microsome,TDC
CHEMBL398338,CC(C)(C)c1ccc2c(c1)CC[C@H]2NC(=O)Nc1cccc2[nH]ncc12,8.32,clearance_microsome,TDC
CHEMBL686,Cc1cccc(Nc2ccccc2C(=O)O)c1C,9.0,clearance_microsome,TDC
CHEMBL2181927,CCOc1ncc(C)c2c1[C@H](c1ccc(C#N)cc1OC)C(C(N)=O)=C(C)N2,97.72,clearance_microsome,TDC
CHEMBL182682,COc1ccc(CC(=O)N(C)C2CCN(CCC(c3ccccc3)c3ccccc3)CC2)cc1OC,112.0,clearance_microsome,TDC
CHEMBL1829876,CN(CC(=O)N(Cc1ccc(C2CCCCC2)cc1)c1ccc(C(=O)O)c(O)c1)S(=O)(=O)c1c(F)c(F)c(F)c(F)c1F,128.82,clearance_microsome,TDC
CHEMBL379866,CC(C)c1nnc2ccc(-c3ocnc3-c3cc(F)ccc3F)cn12,3.0,clearance_microsome,TDC
CHEMBL1409708,CN(C)c1ccnc2sc(C(N)=O)c(N)c12,3.0,clearance_microsome,TDC
CHEMBL1892766,N#Cc1cn(Cc2ccco2)c(=O)[nH]c1=O,3.0,clearance_microsome,TDC
CHEMBL1020,Cc1ccc(C(=O)c2ccc(CC(=O)O)n2C)cc1,4.0,clearance_microsome,TDC
CHEMBL182380,CCN(C(=O)NCc1ccc(S(C)(=O)=O)cc1)C1CCN(CCC(c2ccccc2)c2ccccc2)CC1,3.0,clearance_microsome,TDC
CHEMBL256963,Clc1ccc2ncc(-c3cccc(NC4CNC4)n3)n2c1,3.0,clearance_microsome,TDC
CHEMBL1082376,CCCCCCc1nc2c(N)nc3ccccc3c2n1Cc1ccccc1,3.0,clearance_microsome,TDC
CHEMBL2158839,O=C(O)[C@H](Cc1ccccc1F)N1CCC(CN2CCC(Oc3ccc(Cl)c(Cl)c3)CC2)CC1,4.0,clearance_microsome,TDC
CHEMBL38182,N#Cc1ccc(NC(=O)Nc2ccccc2Br)c2nn[nH]c12,23.0,clearance_microsome,TDC
CHEMBL2180612,COC(=O)C1=C(C)NC2=C(C(=O)CC(C)(C)C2)C1c1ccc(-c2ccc(C(F)(F)F)cc2)cc1,9.12,clearance_microsome,TDC
CHEMBL480601,CC1(C)[C@@H]2CC[C@@]1(CS(=O)(=O)NC1CCN(c3ccc(C(F)(F)F)cn3)CC1)C(=O)C2,75.0,clearance_microsome,TDC
CHEMBL605846,COc1ccc(CC(C)(C)NC[C@H](O)c2cc(O)cc3c2OCC(=O)N3)cc1,14.0,clearance_microsome,TDC
CHEMBL1917441,Cc1ccc2c(c1)c(Sc1cccc(Cl)c1)c(C)n2CC(=O)O,12.0,clearance_microsome,TDC
CHEMBL219861,CC(C)Cn1c(=O)n(C)c(=O)c2c(C(=O)N3C[C@H](O)CO3)c(Cc3ccnc4ccccc34)sc21,30.0,clearance_microsome,TDC
CHEMBL1631889,C(#Cc1n[nH]c2ccccc12)c1ccccc1,35.0,clearance_microsome,TDC
CHEMBL12610,CN(C)CCCOc1nn(Cc2ccccc2)c2ccccc12,17.78,clearance_microsome,TDC
CHEMBL2207286,CN(C)S(=O)(=O)c1ccc2c(C(=O)NC[C@@H](O)CN3CCC(Oc4ccc(Cl)c(Cl)c4)CC3)c[nH]c(=O)c2c1,86.0,clearance_microsome,TDC
CHEMBL217943,O=C(NCc1ccccc1)c1ccc2cccnc2c1O,49.0,clearance_microsome,TDC
CHEMBL569738,Cc1cc(Nc2cncc(N[C@@H](C)c3ccc(F)cn3)n2)n[nH]1,34.67,clearance_microsome,TDC
CHEMBL414017,Nc1nc(N)c2cc(NCc3ccc(Cl)c(Cl)c3)ccc2n1,35.0,clearance_microsome,TDC
CHEMBL435859,OB1c2ccccc2N=C(S)N1c1cccnc1,14.79,clearance_microsome,TDC
CHEMBL570899,Cc1cc(Nc2cncc(N[C@@H](C)c3ncc(F)cn3)n2)n[nH]1,15.85,clearance_microsome,TDC
CHEMBL1645135,C[C@H](NC(=O)c1cccc2c1N(Cc1ccc(Cl)cc1)CC2)c1ccc(C(=O)O)cc1,15.85,clearance_microsome,TDC
CHEMBL576981,C[C@@H](O)[C@H]1C(=O)N2C(C(=O)O)=C(SC3CN(C4=NCCS4)C3)[C@H](C)[C@H]12,23.44,clearance_microsome,TDC
CHEMBL563,CC(C(=O)O)c1ccc(-c2ccccc2)c(F)c1,23.5,clearance_microsome,TDC
CHEMBL16073,CCOc1ccc(NC(C)=O)cc1,24.55,clearance_microsome,TDC
CHEMBL496929,O=C(Nc1ccc(CCO)cc1)c1cc2cc(Cl)ccc2[nH]1,10.72,clearance_microsome,TDC
CHEMBL345937,CC1Sc2c(C(=O)O)c(=O)c3cc(F)c(N4CCNCC4)cc3n21,13.8,clearance_microsome,TDC
CHEMBL95,Nc1c2c(nc3ccccc13)CCCC2,30.5,clearance_microsome,TDC
CHEMBL522460,Cc1ccccc1CN1CCC(N2CCC(n3c(=O)[nH]c4ccccc43)CC2)CC1,24.0,clearance_microsome,TDC
CHEMBL444884,NC(=O)c1sc(-c2ccc(Cl)cc2)cc1N,31.0,clearance_microsome,TDC
CHEMBL1221660,CCOC(=O)N1CCC(Nc2cc(Cl)ccn2)CC1,34.0,clearance_microsome,TDC
CHEMBL1916281,Cc1ccc(S(=O)(=O)Nc2c(C(=O)NC(C)C(C)(C)C)c(C)nn2-c2ccccc2)cc1,31.0,clearance_microsome,TDC
CHEMBL1276308,CC#C[C@]1(O)CC[C@H]2[C@@H]3CCC4=CC(=O)CCC4=C3[C@@H](c3ccc(N(C)C)cc3)C[C@@]21C,79.0,clearance_microsome,TDC
CHEMBL1308362,Cc1ccc2cc(C)c3nnc(SCC(=O)N4CCN(C(=O)c5ccco5)CC4)n3c2c1,79.43,clearance_microsome,TDC
CHEMBL2207281,O=C(NC[C@@H](O)CN1CCC(Oc2ccc(Cl)c(Cl)c2)CC1)c1c[nH]c(=O)c2cc(S(=O)(=O)NCCO)ccc12,6.0,clearance_microsome,TDC
CHEMBL2207671,CS(=O)(=O)c1ccc2c(C(=O)NC[C@@H](O)CN3CCC(Oc4ccc(Cl)c(Cl)c4)CC3)c[nH]c(=O)c2c1,6.0,clearance_microsome,TDC
CHEMBL282625,N=C(N)c1cc2c(/C=C/c3ccc4c(c3)OCO4)cccc2s1,7.0,clearance_microsome,TDC
CHEMBL1951909,CCN(C(=O)Cc1ccc(S(C)(=O)=O)cc1)C1CCN(CC[C@@H](c2cc(F)cc(F)c2)N2CCN(S(C)(=O)=O)CC2)CC1,7.5,clearance_microsome,TDC
CHEMBL2216902,CC(C)c1nc2ccccc2n1-c1nc(N2CCOCC2)c2nc(OC3CN(C4CCS(=O)(=O)CC4)C3)n(C)c2n1,20.42,clearance_microsome,TDC
CHEMBL1921939,C[C@@](C(=O)O[C@H]1C[N+]2(CCOCCc3ccccc3)CCC1CC2)(c1ccccc1)N1CCCCC1,102.0,clearance_microsome,TDC
CHEMBL2147033,O=C1COC2(CCN(S(=O)(=O)c3ccc(-c4ccc5cnccc5c4)cc3)CC2)CN1C1CC1,114.82,clearance_microsome,TDC
CHEMBL1221702,C[C@H]1CN=C(N)c2sccc2O1,7.0,clearance_microsome,TDC
CHEMBL1807827,O=c1[nH]c2c(O)ccc([C@@H](O)CNCCSCCCNCCc3cccc(Cl)c3)c2s1,8.0,clearance_microsome,TDC
CHEMBL481230,COc1cc2c(Nc3ccc(F)c(Cl)c3)c(C(N)=O)cnc2cc1OCCN(C)CCO,27.54,clearance_microsome,TDC
CHEMBL1917425,Cc1c(Sc2ccc(Cl)cc2)c2c(Cl)cccc2n1CC(=O)O,3.0,clearance_microsome,TDC
CHEMBL1290746,Cc1ccc(C(=O)Nc2ccon2)cc1NC(=O)c1cnn(-c2ccccc2F)c1N,3.0,clearance_microsome,TDC
CHEMBL2207660,Cc1c(Cl)ccc(OC2CCN(C[C@H](O)CNC(=O)c3c[nH]nc3C(F)(F)F)CC2)c1Cl,3.0,clearance_microsome,TDC
CHEMBL1761322,CCS(=O)(=O)CCCC12CCC(c3nnc(-c4ccccc4C(F)(F)F)n3C)(CC1)CC2,3.0,clearance_microsome,TDC
CHEMBL198114,CCN(C(=O)Cc1ccc(S(C)(=O)=O)cc1)C1CCN(CCC(c2ccccc2)c2ccc(NS(C)(=O)=O)cc2)CC1,3.0,clearance_microsome,TDC
CHEMBL217899,CCc1nn(C2CCCC2)c2c1CCn1c(-c3cccs3)nnc1-2,22.0,clearance_microsome,TDC
CHEMBL274737,CC[C@H](CO)Nc1nc(SCc2ccccc2)nc2nc(N)sc12,8.71,clearance_microsome,TDC
CHEMBL403313,CN(C)S(=O)(=O)NC(=O)CCCc1c(-c2ccc(F)cc2)[nH]c2ccc(C#N)cc12,8.86,clearance_microsome,TDC
CHEMBL2158836,O=C(O)[C@@H](Cc1ccccc1)N1CCC(CN2CCC(Oc3ccc(Cl)c(Cl)c3)CC2)CC1,3.0,clearance_microsome,TDC
CHEMBL1790041,CNC(=C[N+](=O)[O-])NCCSCc1ccc(CN(C)C)o1,3.0,clearance_microsome,TDC
CHEMBL2158793,Cc1cc(F)ccc1OC1CCN(CC2CCN([C@@](C)(Cc3ccc(F)cc3)C(=O)O)CC2)CC1,3.0,clearance_microsome,TDC
CHEMBL2216830,C=CC(=O)Nc1cccc(CN2C(=O)N(c3c(Cl)c(OC)cc(OC)c3Cl)Cc3cnc(NCCCCN(CC)CC)nc32)c1,87.1,clearance_microsome,TDC
CHEMBL1425658,c1csc(Cn2nnnc2CN2CCN(c3nc4ccccc4s3)CC2)c1,99.0,clearance_microsome,TDC
CHEMBL14762,CC[C@H](CO)Nc1nc(NCc2ccccc2)c2ncn(C(C)C)c2n1,123.03,clearance_microsome,TDC
CHEMBL1916286,Cc1nn(-c2ccccc2)c(NS(=O)(=O)C2CCCCC2)c1C(=O)N[C@@H](C)C(C)(C)C,14.0,clearance_microsome,TDC
CHEMBL249584,OC[C@H]1C[C@@H](n2nnc3c(N[C@@H]4C[C@H]4c4ccccc4)nc(SCCC(F)(F)F)nc32)[C@H](O)[C@@H]1O,3.0,clearance_microsome,TDC
CHEMBL453,Cc1noc(NS(=O)(=O)c2ccc(N)cc2)c1C,3.0,clearance_microsome,TDC
CHEMBL1916266,CCC(CC)NC(=O)c1cnn(-c2ccccn2)c1NS(=O)(=O)c1ccc(C)cc1,3.0,clearance_microsome,TDC
CHEMBL193544,CN1CCC(Oc2cccc3ncnc(Nc4ccc(OCc5ccccn5)c(Cl)c4)c23)CC1,22.0,clearance_microsome,TDC
CHEMBL188705,COc1ccc(OC)c(CNc2[nH]nc3cccc(Oc4ccc(S(C)(=O)=O)cc4)c23)c1,103.0,clearance_microsome,TDC
CHEMBL1188966,CN(C)c1nc(NC[C@H]2CC[C@H](CNS(=O)(=O)c3ccc(Br)cc3OC(F)(F)F)CC2)nc2ccccc12,117.49,clearance_microsome,TDC
CHEMBL2164670,COc1ccccc1C(C#N)NC(=O)[C@@H]1CCCC[C@H]1C(=O)N1CCN(Cc2ccc(F)cc2)CC1,127.0,clearance_microsome,TDC
CHEMBL168634,Cc1ccc(S(=O)(=O)N2N=Cc3ccccc3B2O)cc1,14.13,clearance_microsome,TDC
CHEMBL1468936,CCOC(=O)c1c(-c2ccccc2)nc2cc(C)ccn12,150.0,clearance_microsome,TDC
CHEMBL1934266,CCC(CC)NC(=O)c1c(C)nn(C(C)C)c1NS(=O)(=O)c1ccc(C)cc1,7.5,clearance_microsome,TDC
CHEMBL66089,Nc1ncnc2nc(-c3ccc(N4CCOCC4)nc3)cc(-c3cccc(Br)c3)c12,7.59,clearance_microsome,TDC
CHEMBL383696,CC(C)Cn1c(=O)n(C)c(=O)c2c(SC3CCCC3)c(Cc3ccccc3C(F)(F)F)sc21,7.0,clearance_microsome,TDC
CHEMBL1921926,C[C@@](C(=O)O[C@H]1C[N+]2(CCCc3ccc4ncsc4c3)CCC1CC2)(c1ccccc1)N1CCCCC1,38.0,clearance_microsome,TDC
CHEMBL1963231,CC(C(=O)O[C@@H]1CC[N+](C)(C)C1)(c1ccccc1)C1CCCC1,42.0,clearance_microsome,TDC
CHEMBL1835918,Cc1ccc(N2CC(COc3ccc(-c4noc(C)n4)cc3)C2)nn1,26.33,clearance_microsome,TDC
CHEMBL1951893,CCN(C(=O)Cc1ccc(S(C)(=O)=O)cc1)C1CCN(CCC(c2ccccc2)N2CCN(c3ccccc3)CC2)CC1,26.33,clearance_microsome,TDC
CHEMBL212521,CC[C@H](N)C(=O)N[C@H](C#N)Cc1ccc(-c2ccccc2)cc1,28.67,clearance_microsome,TDC
CHEMBL1384203,CC(NCC(O)c1ccc([N+](=O)[O-])cc1)C12CC3CC(CC(C3)C1)C2,30.5,clearance_microsome,TDC
CHEMBL110999,CN(CCCOCCOCCc1ccccc1)CCc1ccc(O)c2nc(O)sc12,35.0,clearance_microsome,TDC
CHEMBL392559,O=C(NCC12CC3CC(CC(C3)C1)C2)c1cc(CN2C[C@@H]3C[C@H]2CN3)ccc1Cl,13.0,clearance_microsome,TDC
CHEMBL2207672,Cc1c(Cl)ccc(OC2CCN(C[C@H](O)CNC(=O)c3c[nH]c(=O)c4cc(S(C)(=O)=O)ccc34)CC2)c1Cl,13.0,clearance_microsome,TDC
CHEMBL280148,CN(C)CCNc1cc(-c2ccc(N3CCN(C)CC3)cc2)nc2ccccc12,11.0,clearance_microsome,TDC
CHEMBL560241,Cc1cc(-c2ccc(Cl)c(C(=O)NCC3(O)CCCCCC3)c2)n[nH]1,12.0,clearance_microsome,TDC
CHEMBL235789,O=C(NCC12CC3CC(CC(C3)C1)C2)c1cc(CN2CCNCC2)ccc1Cl,18.0,clearance_microsome,TDC
CHEMBL1934415,Cc1ccc(S(=O)(=O)Nc2c(C(=O)N[C@@H](C)C(C)(C)C)c(C)nn2C2CCCCC2)cc1,33.0,clearance_microsome,TDC
CHEMBL1222381,O=C(NC1CC1)c1cc(-c2cccs2)on1,38.9,clearance_microsome,TDC
CHEMBL259850,COc1ccc(CNC(=O)Nc2ncc([N+](=O)[O-])s2)cc1,56.0,clearance_microsome,TDC
CHEMBL1089518,CCCCOc1nc(N)c2[nH]c(=O)n(Cc3cccc(CC(=O)O)c3)c2n1,3.0,clearance_microsome,TDC
CHEMBL1916084,Cc1ccc(S(=O)(=O)Nc2c(C(=O)NC3CCCCC3)cnn2-c2ccccc2)cc1,60.0,clearance_microsome,TDC
CHEMBL257025,C[C@H](CO)Nc1nc(SCc2cccc(F)c2F)nc2[nH]ncc12,14.0,clearance_microsome,TDC
CHEMBL315970,CC(C)Cn1c(=O)n(C)c(=O)c2cn(Cc3cccc4ccccc34)cc21,14.0,clearance_microsome,TDC
CHEMBL2171017,COc1ccc(C(=O)NCCN2CCN(Cc3ccc(Cl)c(Cl)c3)CC2)cc1Cl,50.5,clearance_microsome,TDC
CHEMBL1916278,Cc1ccc(S(=O)(=O)Nc2c(C(=O)NC3CCOCC3)c(C)nn2-c2ccccc2)cc1,6.0,clearance_microsome,TDC
CHEMBL143305,Cc1cc(CCCOc2c(Cl)cc(C3=NCCO3)cc2Cl)on1,66.07,clearance_microsome,TDC
CHEMBL2031221,Cc1ccc(NC(=O)c2cccc(N3CCOCC3)c2)cc1-n1cnc2ccc(N3CCN(C)CC3)cc2c1=O,14.0,clearance_microsome,TDC
CHEMBL1916282,Cc1ccc(S(=O)(=O)Nc2c(C(=O)N[C@@H](C)C(C)(C)C)c(C)nn2-c2ccccc2)cc1,39.83,clearance_microsome,TDC
CHEMBL495727,O=C(Nc1c[nH]nc1-c1nc2ccc(CN3CCOCC3)cc2[nH]1)NC1CC1,8.32,clearance_microsome,TDC
CHEMBL2137199,OC(c1ccc(-c2ccc(CN3CCN(Cc4ccncc4)CC3)cc2)c(F)c1)(C(F)(F)F)C(F)(F)F,48.98,clearance_microsome,TDC
CHEMBL1214,CC1(C)S[C@@H]2[C@H](NC(=O)C(C(=O)O)c3ccccc3)C(=O)N2[C@H]1C(=O)O,6.92,clearance_microsome,TDC
CHEMBL1921936,C[C@@](C(=O)O[C@H]1C[N+]2(CCCOc3ccc(F)cc3)CCC1CC2)(c1ccccc1)N1CCCCC1,66.0,clearance_microsome,TDC
CHEMBL464081,CC1(C)[C@@H]2CC[C@@]1(CS(=O)(=O)N1CCN(c3ccc(C(F)(F)F)cn3)CC1)C(=O)C2,51.0,clearance_microsome,TDC
CHEMBL2331843,CCc1[nH]c2nc(Sc3cnc4ccc[n+]([O-])c4c3)nc(N3CC[C@@H](N)C3)c2c1Cl,51.29,clearance_microsome,TDC
CHEMBL1939560,C[C@H](c1nc2ncccc2c(=O)n1-c1ccc(Cl)cc1)N(CC1CCS(=O)(=O)CC1)C(=O)Cc1ccc(C(F)(F)F)c(F)c1,5.25,clearance_microsome,TDC
CHEMBL1831214,NC(=O)Nc1cc(-c2ccccc2)sc1C(N)=O,27.0,clearance_microsome,TDC
CHEMBL258282,CN1CCN(CCOc2n[nH]c3ncnc(Nc4ccc(OCc5ccccn5)c(Cl)c4)c23)CC1,30.2,clearance_microsome,TDC
CHEMBL380947,CC(C)(CO)Nc1nc(SCc2cccc(F)c2F)nc2nc(N)sc12,31.0,clearance_microsome,TDC
CHEMBL1917434,CCN(C(C)=O)c1cccc2c1c(Sc1ccc(Cl)cc1)c(C)n2CC(=O)O,32.0,clearance_microsome,TDC
CHEMBL181913,CN(C(=O)Cc1ccc(S(N)(=O)=O)cc1)C1CCN(CCC(c2ccccc2)c2ccccc2)CC1,12.0,clearance_microsome,TDC
CHEMBL2046990,Nc1ccc(-c2ccccc2Cl)cc1,39.81,clearance_microsome,TDC
CHEMBL723,COc1ccccc1OCCNCC(O)COc1cccc2[nH]c3ccccc3c12,41.69,clearance_microsome,TDC
CHEMBL452021,CN(C)CCOc1ccc(-c2cc(C(N)=O)c(NC(N)=O)s2)cc1,9.0,clearance_microsome,TDC
CHEMBL1689117,O=C(O)COc1ccc(Cl)cc1CN1CCN(S(=O)(=O)c2ccc(F)cc2)CC1,11.0,clearance_microsome,TDC
CHEMBL1922094,Cc1c(CN2CCN(C(=O)[C@H](C)O)CC2)sc2c(N3CCOCC3)nc(-c3cnc(N)nc3)nc12,10.96,clearance_microsome,TDC
CHEMBL1778627,CN(c1ccc(-c2cc(C(F)(F)F)ccc2OCC(=O)O)cc1)S(C)(=O)=O,13.0,clearance_microsome,TDC
CHEMBL103482,CCOC(=O)c1cnc2c(N)cccc2c1O,20.42,clearance_microsome,TDC
CHEMBL2171037,CN(C)c1ccc(S(=O)(=O)NC(=O)N2CCC(N3CCC(Oc4ccc(Cl)c(Cl)c4)CC3)CC2)cc1,10.5,clearance_microsome,TDC
CHEMBL1917439,Cc1c(Sc2ccc(Cl)cc2)c2cc(-c3ccccc3)ccc2n1CC(=O)O,16.0,clearance_microsome,TDC
CHEMBL1870384,COc1ccc(C=NN=Cc2ccc(OC)c(OC)c2)cc1OC,19.0,clearance_microsome,TDC
CHEMBL430381,OCC(CO)Nc1nc(SCc2cccc(F)c2F)nc2nc(NC3CC3)sc12,46.0,clearance_microsome,TDC
CHEMBL1082812,N#Cc1c(-c2ccccc2)nc(SCCc2ccccc2)[nH]c1=O,49.0,clearance_microsome,TDC
CHEMBL35,NS(=O)(=O)c1cc(C(=O)O)c(NCc2ccco2)cc1Cl,6.31,clearance_microsome,TDC
CHEMBL782,CCCCNC(=O)NS(=O)(=O)c1ccc(C)cc1,6.31,clearance_microsome,TDC
CHEMBL378730,Cc1ccc2c(c1)c(-c1ccnc3c(Cl)cccc13)c(C)n2CC(=O)O,7.0,clearance_microsome,TDC
CHEMBL1405150,CCC(=O)NC(c1cccs1)c1cc(Cl)c2cccnc2c1O,21.38,clearance_microsome,TDC
CHEMBL2207669,N#Cc1ccc(OC2CCN(C[C@H](O)CNC(=O)c3c[nH]c(=O)c4ccccc34)CC2)cc1Cl,21.5,clearance_microsome,TDC
CHEMBL38380,O=S(=O)(c1cccc2cnccc12)N1CCCNCC1,10.0,clearance_microsome,TDC
CHEMBL72,CNCCCN1c2ccccc2CCc2ccccc21,10.47,clearance_microsome,TDC
CHEMBL1934413,Cc1ccc(S(=O)(=O)Nc2c(C(=O)N[C@@H](C)C(C)(C)C)c(C)nn2C2CCC2)cc1,11.0,clearance_microsome,TDC
CHEMBL1778624,O=C(O)COc1ccc(C(F)(F)F)cc1-c1ccc(Cl)cc1,11.0,clearance_microsome,TDC
CHEMBL1944693,COc1ccccc1CCNCc1cccc(CCNC[C@H](O)c2ccc(O)c3[nH]c(=O)sc23)c1,19.0,clearance_microsome,TDC
CHEMBL240317,O=C(c1ccccc1)N1CCN(Cc2ccccc2)CC1,20.0,clearance_microsome,TDC
CHEMBL2158785,Cc1c(OC2CCN(CC3CCN([C@@H](Cc4ccc(F)cc4)C(=O)O)CC3)CC2)ccc(C#N)c1Cl,5.5,clearance_microsome,TDC
CHEMBL29609,Cc1cc(CCCOc2c(C)cc(-c3noc(C(F)(F)F)n3)cc2C)on1,14.45,clearance_microsome,TDC
CHEMBL1917446,Cc1ccc2c(c1)c(S(=O)(=O)c1ccc(Cl)cc1)c(C)n2CC(=O)O,7.0,clearance_microsome,TDC
CHEMBL1956334,CC(=O)c1ncccc1NC(=O)[C@H]1CC[C@H](N2C(=O)[C@H]3[C@H]4CC[C@H](C4)[C@H]3C2=O)CC1,16.6,clearance_microsome,TDC
CHEMBL436826,CCOc1ccc(-n2c([C@@H](C)N(Cc3cccnc3)C(=O)Cc3ccc(C(F)(F)F)cc3)nc3ccccc3c2=O)cc1,17.03,clearance_microsome,TDC
CHEMBL554,CS(=O)(=O)CCNCc1ccc(-c2ccc3ncnc(Nc4ccc(OCc5cccc(F)c5)c(Cl)c4)c3c2)o1,36.31,clearance_microsome,TDC
CHEMBL1778628,N#Cc1cccc(-c2cc(C(F)(F)F)ccc2OCC(=O)O)c1,3.0,clearance_microsome,TDC
CHEMBL111775,O=C(CCOCCc1ccccc1)NCCNCCc1ccc(O)c2nc(O)sc12,25.0,clearance_microsome,TDC
CHEMBL714,CC(C)(C)NCC(O)c1ccc(O)c(CO)c1,3.0,clearance_microsome,TDC
CHEMBL914,CC(C)(C(=O)O)c1ccc(C(O)CCCN2CCC(C(O)(c3ccccc3)c3ccccc3)CC2)cc1,3.0,clearance_microsome,TDC
CHEMBL210884,COCCOc1nc(N)c2[nH]c(=O)n(Cc3ccccc3)c2n1,3.0,clearance_microsome,TDC
CHEMBL2348642,CNc1nc(C)c(-c2nc(Nc3cccc(N4CCNCC4)c3)ncc2C#N)s1,17.78,clearance_microsome,TDC
CHEMBL129198,CN1CCN(C(=O)c2cc3cc(Cl)ccc3[nH]2)CC1,19.25,clearance_microsome,TDC
CHEMBL633,CCCCc1oc2ccccc2c1C(=O)c1cc(I)c(OCCN(CC)CC)c(I)c1,27.0,clearance_microsome,TDC
CHEMBL186995,O=C(NCc1ccccc1Cl)c1cccnc1Oc1ccccc1,36.0,clearance_microsome,TDC
CHEMBL403225,C[C@H](CO)Nc1nc(SCc2cccc(Cl)c2F)nc2[nH]c(=O)sc12,8.67,clearance_microsome,TDC
CHEMBL412142,Cc1c[nH]c(-c2cnc(NCCNc3ccc(C#N)cn3)nc2-c2ccc(Cl)cc2Cl)n1,96.0,clearance_microsome,TDC
CHEMBL1944692,O=c1[nH]c2c(O)ccc([C@@H](O)CNCCc3ccc(CNCCc4ccccc4F)cc3)c2s1,22.0,clearance_microsome,TDC
CHEMBL2171018,COc1cccc(C(=O)NCCN2CCC(Oc3ccc(Cl)c(Cl)c3)CC2)c1,9.0,clearance_microsome,TDC
CHEMBL2151326,COc1cc(Nc2nc3c(cc2F)ncn3[C@@H](CO)c2ccc(F)cn2)n[nH]1,7.24,clearance_microsome,TDC
CHEMBL243001,Cc1nc2ccc(Oc3ccc(F)cc3)cc2c(=O)n1C[C@H]1CCCN(C(C)C)C1,7.41,clearance_microsome,TDC
CHEMBL1779512,COC[C@@H](O)Cn1c(=O)cnn(-c2ccc(Cl)c(C(=O)NCC3(O)CCCCCC3)c2)c1=O,7.5,clearance_microsome,TDC
CHEMBL1513,CCCCC1=NC2(CCCC2)C(=O)N1Cc1ccc(-c2ccccc2-c2nn[nH]n2)cc1,17.78,clearance_microsome,TDC
CHEMBL406366,O=C(O)CSCC(=O)Nc1nc(-c2ccccc2)cs1,17.78,clearance_microsome,TDC
CHEMBL218628,CNc1nc2ccccc2n1Cc1sc2c(c1C(=O)N1C[C@H](O)CO1)c(=O)n(C)c(=O)n2CC(C)C,20.0,clearance_microsome,TDC
CHEMBL1807869,O=c1[nH]c2c(O)ccc([C@@H](O)CNCCCSCCNCCc3cccc(Cl)c3)c2s1,20.0,clearance_microsome,TDC
CHEMBL232656,C[C@@H]1CN(Cc2ccc(F)cc2)CCN1C(=O)COc1ccc(Cl)cc1NC(N)=O,21.0,clearance_microsome,TDC
CHEMBL232846,C[C@H](CO)Nc1nc(SCc2ccccc2F)nc2nc(N)sc12,8.13,clearance_microsome,TDC
CHEMBL1890087,CC(C)Nc1nc(NCc2ccccc2)c2sccc2n1,150.0,clearance_microsome,TDC
CHEMBL2011934,COc1ccc(-c2nc3c(NCCCN(C)C(=O)C4CCC4)c(Br)cnc3[nH]2)cc1,150.0,clearance_microsome,TDC
CHEMBL1904754,Cc1nc2ncnn2c(O)c1CCOC(=O)c1ccccc1F,150.0,clearance_microsome,TDC
CHEMBL255536,COc1ccc(CC(=O)NC(N/C(=N/C#N)Nc2ccccc2C)C(C)(C)C)cc1OC,150.0,clearance_microsome,TDC
CHEMBL2314383,CC(C)c1ccc(Sc2cnc(O)c(C(=O)NCc3ccccc3)c2)cc1,150.0,clearance_microsome,TDC
CHEMBL1478592,Cc1c(C(=O)Nc2ccccc2)sc2ncnc(O)c12,5.0,clearance_microsome,TDC
CHEMBL1681882,CCNC(=O)c1cnc(N2CCN(C3CCN(Cc4ccc(Cl)cc4F)CC3)[C@@H](CC)C2)c(Cl)c1,11.0,clearance_microsome,TDC
CHEMBL1689124,CCC[C@H]1CN(Cc2cc(Cl)ccc2OCC(=O)O)CCN1S(=O)(=O)c1ccccc1,11.0,clearance_microsome,TDC
CHEMBL257178,N#Cc1ccc2[nH]c(-c3ccc(F)cc3)c(CCCC(=O)NS(=O)(=O)C(F)(F)F)c2c1,40.4,clearance_microsome,TDC
CHEMBL1609158,CCCC(=O)Nc1ccc(Cl)c(-c2nc3ncccc3o2)c1,150.0,clearance_microsome,TDC
CHEMBL1922054,Cc1ccc2nc(C[N+]34CCC(CC3)[C@@H](OC(=O)[C@](C)(c3ccccc3)N3CCCCC3)C4)oc2c1,150.0,clearance_microsome,TDC
CHEMBL298019,CCOC(=O)c1ccc(OCCC2CCN(c3ccc(C)nn3)CC2)cc1,150.0,clearance_microsome,TDC
CHEMBL426823,CCOc1nc2ccc(OCCC3CCN(c4ccc(C)nn4)CC3)cc2o1,6.0,clearance_microsome,TDC
CHEMBL1689110,O=C(O)COc1ccc(C(F)(F)F)cc1CN1CCN(S(=O)(=O)c2ccccc2)CC1,6.33,clearance_microsome,TDC
CHEMBL376632,Cc1cc(N2CCC[C@@H]2C(=O)NCCc2ccc3c(c2)OCO3)nc(-n2ccnc2)n1,150.0,clearance_microsome,TDC
CHEMBL1367530,Cc1ccc(-c2nnc(SCC(=O)N3CCN(c4ccccc4)CC3)o2)cc1,150.0,clearance_microsome,TDC
CHEMBL2346974,CC(=O)N1CCN(CCOc2ccc(C3CCN(c4ccc5nnc(C(F)(F)F)n5n4)CC3)cc2)CC1,150.0,clearance_microsome,TDC
CHEMBL465305,CC(=O)c1ccc(N2CCN(S(=O)(=O)C[C@]34CC[C@H](CC3=O)C4(C)C)CC2)nc1,150.0,clearance_microsome,TDC
CHEMBL1831130,COc1ccc2nc(C)cc(N3CC(CNC(=O)C4CC4)OC3=O)c2c1,8.91,clearance_microsome,TDC
CHEMBL178737,O=C1NC(=O)C(c2cnc3ccccn23)=C1c1cn2c3c(cccc13)CN(C(=O)N1CCOCC1)CC2,42.0,clearance_microsome,TDC
CHEMBL1232461,CCNC(=O)C[C@@H]1N=C(c2ccc(Cl)cc2)c2cc(OC)ccc2-n2c(C)nnc21,14.13,clearance_microsome,TDC
CHEMBL1951898,CCN(C(=O)Cc1ccc(S(C)(=O)=O)cc1)C1CCN(CC[C@@H](c2ccccc2)N2CCN(S(=O)(=O)C(F)(F)F)CC2)CC1,18.0,clearance_microsome,TDC
CHEMBL404609,NC(=O)Nc1sc(-c2ccccc2)cc1C(N)=O,21.0,clearance_microsome,TDC
CHEMBL2103876,Cc1ccc2c(NC[C@](O)(CC(C)(C)c3cc(F)cc4c3OCC4)C(F)(F)F)cccc2n1,150.0,clearance_microsome,TDC
CHEMBL578194,C[C@H](Nc1nc(Nc2cc(C3CC3)[nH]n2)cnc1C#N)c1ccc(F)cn1,17.38,clearance_microsome,TDC
CHEMBL2216839,C[C@H]1CN(Cc2nnc(-c3cc(-c4cccc5[nH]ccc45)cc4[nH]ncc34)o2)C[C@@H](C)O1,107.15,clearance_microsome,TDC
CHEMBL553,C#Cc1cccc(Nc2ncnc3cc(OCCOC)c(OCCOC)cc23)c1,18.62,clearance_microsome,TDC
CHEMBL565755,CCOc1ccc2nc(N)sc2c1,19.95,clearance_microsome,TDC
CHEMBL376488,COc1nc2ccc(Br)cc2cc1[C@@H](c1ccccc1)[C@@](O)(CCN(C)C)c1cccc2ccccc12,19.95,clearance_microsome,TDC
CHEMBL2177757,O=C(Cc1ccccc1)Nc1nnc(CCSCCc2nnc(NC(=O)Cc3ccccc3)s2)s1,20.42,clearance_microsome,TDC
CHEMBL141157,C#CC[C@@H](C(=O)N[C@H](/C=C/C(=O)OCC)C[C@@H]1CCNC1=O)n1cccc(NC(=O)c2cc(C)on2)c1=O,20.89,clearance_microsome,TDC
CHEMBL1645392,Cc1noc(C)c1-c1ccc(CNS(=O)(=O)c2c(C)noc2C)cc1,60.26,clearance_microsome,TDC
CHEMBL1381233,O=C(Nc1ccncc1)c1cccc2ccccc12,60.26,clearance_microsome,TDC
CHEMBL550902,O=C(O)c1cncc(-c2ccc(Cl)c(C(=O)NCC34CC5CC(CC(C5)C3)C4)c2)c1,66.0,clearance_microsome,TDC
CHEMBL1300857,Cc1[nH]c2ccc(-c3nnc(SCC(=O)N4CCCc5ccccc54)o3)cc2c1C,150.0,clearance_microsome,TDC
CHEMBL1801962,COc1ccccc1C(=O)/C=C/c1ccccc1C(F)(F)F,150.0,clearance_microsome,TDC
CHEMBL1610669,CC(C)CCOc1ccc(N)cc1,51.29,clearance_microsome,TDC
CHEMBL2171278,Cc1ccc(NC(=O)[C@@H]2CCCN2S(=O)(=O)c2cccc3cccnc23)c(C)c1,150.0,clearance_microsome,TDC
CHEMBL259081,O=c1nc(NCc2ccccc2)sn1Cc1ccccc1,150.0,clearance_microsome,TDC
CHEMBL1688458,O=C(O)CCc1ccc(OCc2cccc(Oc3ccccc3)c2)cc1,4.9,clearance_microsome,TDC
CHEMBL46,Cc1nccn1CC1CCc2c(c3ccccc3n2C)C1=O,6.46,clearance_microsome,TDC
CHEMBL1290353,CCC(NC(=O)Nc1cc(Cl)ccc1Cl)(C(F)(F)F)C(F)(F)F,7.41,clearance_microsome,TDC
CHEMBL550637,Cc1ccc(C(=O)N2CC3CNCC(C2)O3)cc1NC(=O)CC12CC3CC(CC(C3)C1)C2,71.25,clearance_microsome,TDC
CHEMBL1465276,O=C(C1CCN(c2nnc(-n3cccc3)s2)CC1)N1CCc2ccccc2C1,83.18,clearance_microsome,TDC
CHEMBL250961,Cc1ccc(F)cc1S(=O)(=O)N[C@@H]1CCN(Cc2ccc(-c3ccccc3)cc2)C1,144.54,clearance_microsome,TDC
CHEMBL1947155,C[C@@H](NCc1ccccc1-c1ccc(CCNC[C@H](O)c2ccc(O)c3[nH]c(=O)sc23)cc1)c1ccccc1,104.5,clearance_microsome,TDC
CHEMBL1896341,Cc1ccc(CNC(=O)C2CCCN2S(=O)(=O)c2ccc(F)cc2)cc1,150.0,clearance_microsome,TDC
CHEMBL2070942,CC(C)(C)c1csc(N2CCN(C(=O)[C@@H]3CCCC[C@H]3C(=O)NC3(C#N)CC3)CC2)n1,150.0,clearance_microsome,TDC
CHEMBL1600648,Cc1nc2ncnn2c(O)c1CCOC(=O)c1c(F)cccc1F,150.0,clearance_microsome,TDC
CHEMBL1490317,Cc1cc(C)nc(SCC(=O)Nc2cc(C)on2)n1,150.0,clearance_microsome,TDC
CHEMBL2107486,C[C@@H](O)[C@H]1C(=O)N2C(C(=O)OCOC(=O)C(C)(C)C)=C(SC3CN(C4=NCCS4)C3)[C@H](C)[C@H]12,150.0,clearance_microsome,TDC
CHEMBL1628691,Clc1cccc(-n2nnnc2NCc2ccccc2Oc2ccccn2)c1Cl,150.0,clearance_microsome,TDC
CHEMBL2158828,O=C(O)COc1ccccc1N1CCC(CN2CCC(Oc3ccc(Cl)c(Cl)c3)CC2)CC1,8.5,clearance_microsome,TDC
CHEMBL550175,C[C@@H]1CN(c2ccc(F)cc2C(F)(F)F)CCN1S(=O)(=O)c1ccc(C(N)=O)cc1Cl,6.31,clearance_microsome,TDC
CHEMBL1340633,COc1cc(-c2ccc(Nc3ccccc3C(=O)O)c(OC)c2)ccc1Nc1ccccc1C(=O)O,6.61,clearance_microsome,TDC
CHEMBL183630,Cc1ccc(NC(=O)c2cccc(N3CCOCC3)c2)cc1NC(=O)c1ccc(OCc2cscn2)cc1,23.0,clearance_microsome,TDC
CHEMBL1916083,CNC(=O)c1cnn(-c2ccccc2)c1NS(=O)(=O)c1ccc(C)cc1,14.0,clearance_microsome,TDC
CHEMBL1088913,NCCCCN(Cc1nc2ccccc2[nH]1)C1CCCc2cccnc21,39.25,clearance_microsome,TDC
CHEMBL1831078,NC(=O)Nc1cc(-c2ccsc2)sc1C(N)=O,45.0,clearance_microsome,TDC
CHEMBL257269,C[C@H](CO)Nc1nc(SCc2cccc(F)c2F)nc2[nH]c(=O)ccc12,9.0,clearance_microsome,TDC
CHEMBL1917440,Cc1c(Sc2ccc(Cl)cc2)c2c(-c3cnccn3)cccc2n1CC(=O)O,8.0,clearance_microsome,TDC
CHEMBL337962,CNC(=O)c1cccc(NC(=O)Nc2cccc(C#N)c2)c1CN1CCC(Cc2ccc(F)cc2)CC1,14.0,clearance_microsome,TDC
CHEMBL1916279,Cc1ccc(S(=O)(=O)Nc2c(C(=O)NCC(C)(C)C)c(C)nn2-c2ccccc2)cc1,27.0,clearance_microsome,TDC
CHEMBL189181,CC(=O)Nc1ccc(CNc2[nH]nc3cccc(Oc4ccc(F)cc4)c23)cc1,28.0,clearance_microsome,TDC
CHEMBL81,O=C(c1ccc(OCCN2CCCCC2)cc1)c1c(-c2ccc(O)cc2)sc2cc(O)ccc12,21.0,clearance_microsome,TDC
CHEMBL1807870,O=c1[nH]c2c(O)ccc([C@@H](O)CNCCCSCCNCCc3ccccc3Cl)c2s1,11.0,clearance_microsome,TDC
CHEMBL598191,N=C(N)c1cc2c(OCc3ccccc3)cccc2s1,11.0,clearance_microsome,TDC
CHEMBL205742,CC(C)Cn1c(=O)n(C)c(=O)c2c(C(=O)N3CC[C@@H](O)C3)c(Cc3ccnc4ccccc34)sc21,39.0,clearance_microsome,TDC
CHEMBL564607,O=C(O)c1ccc(-c2ccc(Cl)c(C(=O)NCC34CC5CC(CC(C5)C3)C4)c2)cc1,40.0,clearance_microsome,TDC
CHEMBL1916283,Cc1ccc(S(=O)(=O)Nc2c(C(=O)N[C@H](C)C(C)(C)C)c(C)nn2-c2ccccc2)cc1,42.0,clearance_microsome,TDC
CHEMBL1934271,CCC(CC)n1nc(C)c(C(=O)N[C@@H](C)C(C)(C)C)c1NS(=O)(=O)c1ccc(C)cc1,43.0,clearance_microsome,TDC
CHEMBL2018964,COc1cccc2c1c(NS(=O)(=O)c1ccc(Cl)s1)nn2Cc1cccc(CNC(C)=O)c1,44.0,clearance_microsome,TDC
CHEMBL213029,COc1ccc2c(c1)c(CC(=O)O)c(C)n2-c1ccnc2cc(Cl)ccc12,3.0,clearance_microsome,TDC
CHEMBL190243,C[C@@H](C(=O)NCCN1CCCC1)c1ccc(OS(=O)(=O)C(F)(F)F)cc1,3.0,clearance_microsome,TDC
CHEMBL1778612,O=C(O)COc1ccc([N+](=O)[O-])cc1-c1ccccc1,3.0,clearance_microsome,TDC
CHEMBL239767,O=C(Nc1ccc([N+](=O)[O-])cc1O)Nc1ccccc1Br,3.0,clearance_microsome,TDC
CHEMBL2364624,O=C(O)C[C@H]1CC[C@H](c2ccc(-c3ccc(Nc4ccc(C(F)(F)F)nc4)cn3)cc2)CC1,3.0,clearance_microsome,TDC
CHEMBL203567,Nc1c(C(=O)c2cccc(OC[C@@H](O)CO)c2)cnn1-c1ccc(F)cc1,3.0,clearance_microsome,TDC
CHEMBL372052,C[C@@H](C(=O)O)c1cccc(C(=O)c2ccccc2)c1,3.0,clearance_microsome,TDC
CHEMBL75435,C[C@H](C(=O)O)c1cccc(C(=O)c2ccccc2)c1,3.0,clearance_microsome,TDC
CHEMBL1778616,O=C(O)COc1ccc(Br)cc1-c1ccccc1,3.0,clearance_microsome,TDC
CHEMBL1917430,Cc1c(Sc2ccc(Cl)cc2)c2ccc(S(C)(=O)=O)cc2n1CC(=O)O,3.0,clearance_microsome,TDC
CHEMBL1917442,Cc1ccc2c(c1)c(Sc1ccccc1Cl)c(C)n2CC(=O)O,3.0,clearance_microsome,TDC
CHEMBL2158782,Cc1cc(OC2CCN(CC3CCN([C@@H](Cc4ccc(F)cc4)C(=O)O)CC3)CC2)ccc1Cl,3.0,clearance_microsome,TDC
CHEMBL1778653,CCS(=O)(=O)c1ccc(-c2cc(C(F)(F)F)ccc2OCC(N)=O)c(C)c1,3.0,clearance_microsome,TDC
CHEMBL1917421,Cc1c(Sc2ccc(Cl)cc2)c2cc(Cl)ccc2n1C(C)C(=O)O,3.0,clearance_microsome,TDC
CHEMBL189475,C[C@@H](C(=O)NS(C)(=O)=O)c1ccc(OS(=O)(=O)C(F)(F)F)cc1,3.0,clearance_microsome,TDC
CHEMBL2094588,O=C(CN1C2=NCCN2c2ccccc21)c1ccc(Cl)cc1,4.0,clearance_microsome,TDC
CHEMBL379828,COc1ccc2c(c1)c(-c1ccnc3cc(Cl)ccc13)c(C)n2CC(=O)O,4.0,clearance_microsome,TDC
CHEMBL1917428,Cc1c(Sc2ccc(Cl)cc2)c2c(C#N)c(Cl)ccc2n1CC(=O)O,4.0,clearance_microsome,TDC
CHEMBL1934268,CCn1nc(C)c(C(=O)N[C@@H](C)C(C)(C)C)c1NS(=O)(=O)c1ccc(C)cc1,4.2,clearance_microsome,TDC
CHEMBL2208430,O=C(NC[C@@H](O)CN1CCC(Oc2ccc(Cl)c(Cl)c2)CC1)c1c[nH]c2ccccc12,3.0,clearance_microsome,TDC
CHEMBL2208434,O=C(NC[C@@H](O)CN1CCC(Oc2ccc(Cl)c(Cl)c2)CC1)c1cc(=O)[nH]c2ccccc12,3.0,clearance_microsome,TDC
CHEMBL2058529,O=C(O)CCc1ccc(OCc2cc(Cl)ccc2-c2ccccc2)cc1,3.0,clearance_microsome,TDC
CHEMBL2031466,Cc1ccc(C(=O)NC(C)C)cc1-n1cnc2ccc(N3CCN(C)CC3)cc2c1=O,3.0,clearance_microsome,TDC
CHEMBL112246,CCOC(=O)N1CCC(Nc2cc(OC)ccn2)CC1,4.0,clearance_microsome,TDC
CHEMBL212731,CCN(C(=O)Cc1ccc(S(C)(=O)=O)cc1)C1CCN(CC[C@H](c2ccc(S(C)(=O)=O)cc2)c2cccc(F)c2)CC1,3.0,clearance_microsome,TDC
CHEMBL213494,Cc1ccc2c(c1)c(-c1ccnc3c(S(C)(=O)=O)cccc13)c(C)n2CC(=O)O,3.0,clearance_microsome,TDC
CHEMBL1778641,CCS(=O)(=O)c1ccc(-c2cc(Cl)ccc2OCC(=O)O)cc1,3.0,clearance_microsome,TDC
CHEMBL1689109,O=C(O)COc1ccc(Cl)cc1CN1CCN(S(=O)(=O)c2ccccc2)CC1,3.6,clearance_microsome,TDC
CHEMBL1363,COc1ccc(C[C@@H](C)NC[C@H](O)c2ccc(O)c(NC=O)c2)cc1,9.0,clearance_microsome,TDC
CHEMBL1198335,COc1cccc(Nc2nc(NCC3CCCO3)c3ccccc3n2)c1,112.2,clearance_microsome,TDC
CHEMBL421604,CS(=O)(=O)Nc1ccc(CCOCCCS(=O)(=O)CCNCCc2ccc(O)c3nc(O)sc23)cc1,28.0,clearance_microsome,TDC
CHEMBL2171026,O=C(c1ccc(-c2nn[nH]n2)cc1)N1CCC(N2CCC(Oc3ccc(Cl)c(Cl)c3)CC2)CC1,28.0,clearance_microsome,TDC
CHEMBL205526,CC(C)Cn1c(=O)n(C)c(=O)c2c(SCCCO)c(Cc3cccc4ccccc34)sc21,33.0,clearance_microsome,TDC
CHEMBL1770476,CCOc1ccc2oc(C(=O)NC(CCSC)c3nc4cnccc4[nH]3)c(C)c2c1,17.0,clearance_microsome,TDC
CHEMBL1944690,O=c1[nH]c2c(O)ccc([C@@H](O)CNCCc3cccc(CNCCc4ccccc4Cl)c3)c2s1,19.0,clearance_microsome,TDC
CHEMBL1645107,Nc1nc2ccc(-c3ccncc3)cc2s1,20.42,clearance_microsome,TDC
CHEMBL1389370,CCN(CC)CCNc1ncnc2c1sc1nc(N3CCOCC3)c3c(c12)CCCC3,9.55,clearance_microsome,TDC
CHEMBL171951,CCCS(=O)(=O)N1N=Cc2cc(Cl)ccc2B1O,9.77,clearance_microsome,TDC
CHEMBL1921923,C[C@@](C(=O)O[C@H]1C[N+]2(CCCc3cncnc3)CCC1CC2)(c1ccccc1)N1CCCCC1,79.0,clearance_microsome,TDC
CHEMBL393384,O=C(NCC12CC3CC(CC(C3)C1)C2)c1cc(OC2CCNCC2)ccc1Cl,28.0,clearance_microsome,TDC
CHEMBL191553,CC(=O)Nc1ccc(CNc2[nH]nc3ccnc(Oc4ccccc4)c23)cc1,12.0,clearance_microsome,TDC
CHEMBL2326624,COc1cccc2c1c(NS(=O)(=O)c1ccc(Cl)s1)nn2Cc1cccc(CNC(=O)[C@@H]2COCCN2)c1,40.5,clearance_microsome,TDC
CHEMBL1770298,Cc1ccc(C(NC(=O)c2ccccc2O)C(=O)Nc2c(C)cccc2C)s1,43.0,clearance_microsome,TDC
CHEMBL408,Cc1c(C)c2c(c(C)c1O)CCC(C)(COc1ccc(CC3SC(=O)NC3=O)cc1)O2,48.98,clearance_microsome,TDC
CHEMBL2152252,CNC(=O)c1nc(-c2ccc(Cl)c(S(=O)(=O)Nc3cccc(F)c3F)c2)cnc1N,51.29,clearance_microsome,TDC
CHEMBL552512,O=C(CC1CCCCCC1)Nc1cccc2c(=O)n([C@H]3CCNC3)ccc12,3.0,clearance_microsome,TDC
CHEMBL2171047,Cc1ccc(S(=O)(=O)NC(=O)N2CCC(N3CCC(Oc4ccc(Cl)c(C)c4Cl)CC3)CC2)cc1,3.0,clearance_microsome,TDC
CHEMBL2036958,CC1(CCCc2cc(=O)oc3[nH]c(=O)[nH]c(=O)c23)CC1,3.0,clearance_microsome,TDC
CHEMBL1017,CCCc1nc2c(C)cc(-c3nc4ccccc4n3C)cc2n1Cc1ccc(-c2ccccc2C(=O)O)cc1,3.0,clearance_microsome,TDC
CHEMBL452529,CN(C)CCCOc1ccc(-c2cc(C(N)=O)c(NC(N)=O)s2)cc1,6.0,clearance_microsome,TDC
CHEMBL469727,COCc1ccoc1C(=O)N(c1ccc(OC)cc1OC)C(C(=O)NC[C@@H](C)O)c1ccccc1F,76.0,clearance_microsome,TDC
CHEMBL583042,Cc1cnc(Nc2ccc(F)cc2Cl)nc1-c1c[nH]c(C(=O)N[C@H](CO)c2cccc(Cl)c2)c1,25.12,clearance_microsome,TDC
CHEMBL555033,O=C(CC1CCCCC1)Nc1c(Cl)ccc2nc(NCCCO)ccc12,25.0,clearance_microsome,TDC
CHEMBL492112,O=C(CC12CC3CC(CC(C3)C1)C2)Nc1ccc2[nH]ncc2c1,21.0,clearance_microsome,TDC
CHEMBL1077827,CCOc1ccc(-n2c([C@@H](C)N(CC3CCN(C)CC3)C(=O)Cc3ccc(F)c(C(F)(F)F)c3)nc3ncccc3c2=O)cc1,21.38,clearance_microsome,TDC
CHEMBL1951906,CCN(C(=O)Cc1ccc(S(C)(=O)=O)cc1)C1CCN(CC[C@@H](c2ccccc2)C2CCN(S(C)(=O)=O)CC2)CC1,30.5,clearance_microsome,TDC
CHEMBL208487,CC(C)Cn1c(=O)n(C)c(=O)c2c(C(=O)N3CC[C@@H](O)C3)c(Cc3ccccc3C(F)(F)F)sc21,27.0,clearance_microsome,TDC
CHEMBL457,Cc1ccc(C)c(OCCCC(C)(C)C(=O)O)c1,29.51,clearance_microsome,TDC
CHEMBL1371,O=c1[nH]c2cc(Cl)ccc2o1,30.13,clearance_microsome,TDC
CHEMBL2158822,O=C(O)c1ccccc1N1CCC(CN2CCC(Oc3ccc(Cl)c(Cl)c3)CC2)CC1,8.0,clearance_microsome,TDC
CHEMBL2171035,O=C(NS(=O)(=O)c1ccc(Cl)cc1)N1CCC(N2CCC(Oc3ccc(Cl)c(Cl)c3)CC2)CC1,5.0,clearance_microsome,TDC
CHEMBL206200,COCCNc1nc(N)c2nc(O)n(Cc3ccccc3)c2n1,5.5,clearance_microsome,TDC
CHEMBL1916271,CCN(C(=O)c1cnn(-c2ccccc2)c1NS(=O)(=O)c1ccc(-c2cnco2)cc1)C1CCCCC1,137.0,clearance_microsome,TDC
CHEMBL57531,Nc1ncc2cc(-c3c(Br)cccc3Br)c(N)nc2n1,21.88,clearance_microsome,TDC
CHEMBL1346,NC(=O)C(c1ccccc1)(c1ccccc1)[C@@H]1CCN(CCc2ccc3c(c2)CCO3)C1,9.5,clearance_microsome,TDC
CHEMBL1770475,CSCCC(NC(=O)c1ccccc1)c1nc2ccccc2n1Cc1ccc(C#N)cc1,150.0,clearance_microsome,TDC
CHEMBL471412,COc1ccc(N(C(=O)c2ccccc2)C(C(=O)NC2CCCC2)c2ccccc2F)c(OC)c1,150.0,clearance_microsome,TDC
CHEMBL336619,O=C(NCC12CC3CC(CC(C3)C1)C2)c1ccccc1Cl,69.0,clearance_microsome,TDC
CHEMBL134074,Cc1ccc2c(c1)C1(CCN(CCc3nc(-c4ccccc4)oc3C)CC1)OC(=O)N2,79.43,clearance_microsome,TDC
CHEMBL1164033,CN(C)CCOc1cc(NS(=O)(=O)c2c(Cl)cc(C(F)(F)F)cc2Cl)ccc1Cl,14.13,clearance_microsome,TDC
CHEMBL570015,COc1cccc(Nc2c(C(N)=O)cnc3c(C)cc(S(=O)(=O)c4cccc(C(=O)N(C)C)c4)cc23)c1,150.0,clearance_microsome,TDC
CHEMBL2151321,CC(C)Oc1cc(-n2cnc3ccc(N[C@@H](C)c4ccc(F)cn4)nc32)n[nH]1,150.0,clearance_microsome,TDC
CHEMBL2348651,CNc1nc(C)c(-c2nc(Nc3cccc(N4CCCN(C(C)=O)CC4)c3)ncc2C#N)s1,150.0,clearance_microsome,TDC
CHEMBL2139925,CCc1nc2ccc(C(=O)NCc3ccc4c(c3)OCO4)cn2c1N(C)Cc1cccs1,150.0,clearance_microsome,TDC
CHEMBL1951916,CCN(C(=O)Cc1ccc(S(C)(=O)=O)cc1)C1CCN(CC[C@@H](c2cc(C)cc(C)c2)C2CCN(S(C)(=O)=O)CC2)CC1,150.0,clearance_microsome,TDC
CHEMBL1575409,COc1ccc(CNC(=O)CSc2nc3cccnc3s2)cc1,150.0,clearance_microsome,TDC
CHEMBL2171277,Cc1ccc(NC(=O)[C@H]2CCCN2S(=O)(=O)c2cccc3cccnc23)c(C)c1,150.0,clearance_microsome,TDC
CHEMBL1241590,CS(=O)(=O)c1ccc([C@@H](O)[C@@H](CF)NC(=O)C(Cl)Cl)cc1,8.71,clearance_microsome,TDC
CHEMBL426658,Clc1cccc(-c2cnc3ccc(NC4CCOCC4)nn23)c1,9.12,clearance_microsome,TDC
CHEMBL1486517,O=C(C1CCN(c2nnc(-n3cccc3)s2)CC1)N1CCN(Cc2ccc3c(c2)OCO3)CC1,150.0,clearance_microsome,TDC
CHEMBL1873475,C=CC(=O)N1CCC[C@@H](n2nc(-c3ccc(Oc4ccccc4)cc3)c3c(N)ncnc32)C1,150.0,clearance_microsome,TDC
CHEMBL2207284,CNS(=O)(=O)c1ccc2c(C(=O)NC[C@@H](O)CN3CCC(Oc4ccc(Cl)c(Cl)c4)CC3)c[nH]c(=O)c2c1,14.0,clearance_microsome,TDC
CHEMBL2323231,O=C(CSc1nc2c(c(=O)n1-c1ccccc1)SCC2)Nc1ccc(-c2ccccc2)cn1,150.0,clearance_microsome,TDC
CHEMBL1945883,O=C(Nc1ccccc1)c1ccc2cccc(O)c2n1,150.0,clearance_microsome,TDC
CHEMBL1951904,CCN(C(=O)Cc1ccc(S(C)(=O)=O)cc1)C1CCN(CCC(c2ccccc2)C2CCN(Cc3ccccc3)CC2)CC1,150.0,clearance_microsome,TDC
CHEMBL1201016,COCC1=C(C(=O)OC(C)OC(=O)OC(C)C)N2C(=O)[C@@H](NC(=O)/C(=N\OC)c3csc(N)n3)[C@H]2SC1,150.0,clearance_microsome,TDC
CHEMBL336718,COc1ccc(-c2nc(O)c3ccccc3n2)cc1,150.0,clearance_microsome,TDC
CHEMBL415506,CCOC(=O)c1c(-c2ccccc2)nc2ccc(C)cn12,150.0,clearance_microsome,TDC
CHEMBL562698,O=C(NCC12CC3CC(CC(C3)C1)C2)c1ccnc(N2CCNCC2)c1Cl,73.0,clearance_microsome,TDC
CHEMBL1345333,c1ccc(Nc2[nH]nnc2-c2ccccc2)cc1,119.0,clearance_microsome,TDC
CHEMBL1770469,CSCCC(NC(=O)c1cnccn1)c1nc2ccccc2[nH]1,31.0,clearance_microsome,TDC
CHEMBL2207285,O=C(NC[C@@H](O)CN1CCC(Oc2ccc(Cl)c(Cl)c2)CC1)c1c[nH]c(=O)c2cc(S(=O)(=O)NC3CC3)ccc12,21.0,clearance_microsome,TDC
CHEMBL190,Cn1c(=O)c2nc[nH]c2n(C)c1=O,4.79,clearance_microsome,TDC
CHEMBL209689,Cc1ccc2c(c1)c(-c1ccnc3c(C)cccc13)c(C)n2CC(=O)O,5.0,clearance_microsome,TDC
CHEMBL451,CNC1=Nc2ccc(Cl)cc2C(c2ccccc2)=[N+]([O-])C1,5.75,clearance_microsome,TDC
CHEMBL235392,O=C(NCC12CC3CC(CC(C3)C1)C2)c1cc(CN2CC3CNCC(C2)O3)ccc1Cl,15.0,clearance_microsome,TDC
CHEMBL2158823,O=C(O)c1cccc(N2CCC(CN3CCC(Oc4ccc(Cl)c(Cl)c4)CC3)CC2)c1,6.0,clearance_microsome,TDC
CHEMBL1939418,Nc1nc(Nc2ccc(F)c(Cl)c2)c2nc[nH]c2n1,15.0,clearance_microsome,TDC
CHEMBL2338020,CCc1[nH]c2nc(Sc3cnc4ccc[n+]([O-])c4c3)nc(N3C[C@H]4[C@H](N)[C@H]4C3)c2c1Cl,33.88,clearance_microsome,TDC
CHEMBL2031238,Cc1ccc(NC(=O)c2ccoc2)cc1-n1cnc2ccc(N3CCN(C)CC3)cc2c1=O,6.0,clearance_microsome,TDC
CHEMBL2158815,O=C(O)C(c1ccccc1)N1CCC(N2CCC(Oc3ccc(Cl)c(Cl)c3)CC2)CC1,6.0,clearance_microsome,TDC
CHEMBL1090089,Cn1c(=O)c(Oc2ccc(F)cc2F)cc2cnc(NC(CCO)CCO)nc21,4.57,clearance_microsome,TDC
CHEMBL1916263,CCC(CC)NC(=O)c1cn(-c2ccccc2)nc1NS(=O)(=O)c1ccc(C)cc1,9.0,clearance_microsome,TDC
CHEMBL2018953,O=C([C@H]1CCCCN1)N1CCN(c2nc(NCc3ccc(Cl)cc3Cl)c3cccnc3n2)CC1,24.0,clearance_microsome,TDC
CHEMBL2325699,CS(=O)(=O)C1(c2cc(N3CC4CCC(C3)O4)nc(-c3cccc4[nH]ccc34)n2)CC1,8.91,clearance_microsome,TDC
CHEMBL1643199,Cc1cc(CN2CCc3ccccc3C2C(=O)Nc2ccc(Cl)cc2Cl)ccc1OCC(=O)O,15.0,clearance_microsome,TDC
CHEMBL2181926,CCOC(=O)C1=C(C)NC(C)=C(C(C)=O)[C@H]1c1cccc2c(=O)cc(C)oc12,150.0,clearance_microsome,TDC
CHEMBL114,CC(C)(C)NC(=O)[C@@H]1C[C@@H]2CCCC[C@@H]2CN1C[C@@H](O)[C@H](Cc1ccccc1)NC(=O)[C@H](CC(N)=O)NC(=O)c1ccc2ccccc2n1,150.0,clearance_microsome,TDC
CHEMBL108246,Cc1ccccc1CCOCCCS(=O)(=O)CCNCCc1ccc(O)c2nc(O)sc12,150.0,clearance_microsome,TDC
CHEMBL1834184,CCC(=O)N[C@H]1CC[C@@H](C(=O)N(C)c2ccc(-c3nc4ccccc4o3)cc2)C1,10.96,clearance_microsome,TDC
CHEMBL1916264,CCC(CC)NC(=O)c1cnn(-c2ccccc2Cl)c1NS(=O)(=O)c1ccc(C)cc1,72.0,clearance_microsome,TDC
CHEMBL1921919,Cc1cc(CCC[N+]23CCC(CC2)[C@@H](OC(=O)[C@](C)(c2ccccc2)N2CCCCC2)C3)ccn1,81.0,clearance_microsome,TDC
CHEMBL1924047,C[C@@](C(=O)O[C@H]1C[N+]2(CCc3ccccc3)CCC1CC2)(c1ccccc1)N1CCCCC1,85.0,clearance_microsome,TDC
CHEMBL475534,CCOC(=O)C1=C(C)NC(C)=C(C(=O)OC)C1c1cccc([N+](=O)[O-])c1,85.0,clearance_microsome,TDC
CHEMBL511444,CN[C@@H](C)C(=O)N[C@H](C(=O)N1CC[C@H]2CC[C@H](NC(=O)c3cccc4ccccc34)[C@H]21)C(C)(C)C,85.11,clearance_microsome,TDC
CHEMBL1807823,O=c1[nH]c2c(O)ccc([C@@H](O)CNCCSCCCNCCc3ccccc3)c2s1,5.0,clearance_microsome,TDC
CHEMBL233263,C[C@H](CO)Nc1nc(SCc2ccco2)nc2nc(N)sc12,5.0,clearance_microsome,TDC
CHEMBL521851,CS(=O)(=O)N1CCN(Cc2cc3nc(-c4cccc5[nH]ncc45)nc(N4CCOCC4)c3s2)CC1,14.79,clearance_microsome,TDC
CHEMBL2170837,CCn1c(C)c(C(=O)O)c(-c2cccc(N3CCN(c4ccc(NS(=O)(=O)c5ccc(N[C@H](CCN6CCC(O)CC6)CSc6ccccc6)c(S(=O)(=O)C(F)(F)F)c5)cc4)CC3)c2)c1-c1ccc(Cl)cc1,15.14,clearance_microsome,TDC
CHEMBL459353,COc1ccc(N(C(=O)c2occc2CO)C(C(=O)NC[C@@H](C)O)c2ccccc2F)c(OC)c1,12.0,clearance_microsome,TDC
CHEMBL1916285,Cc1nn(-c2ccccc2)c(NS(=O)(=O)c2cccc(CN3CCOCC3)c2)c1C(=O)N[C@@H](C)C(C)(C)C,9.0,clearance_microsome,TDC
CHEMBL2207278,O=C(NC[C@@H](O)CN1CCC(Oc2ccc(Cl)c(Cl)c2)CC1)c1c[nH]c(=O)c2cc(F)ccc12,9.0,clearance_microsome,TDC
CHEMBL472,COc1ccc(Cl)cc1C(=O)NCCc1ccc(S(=O)(=O)NC(=O)NC2CCCCC2)cc1,22.0,clearance_microsome,TDC
CHEMBL591931,N=C(N)c1cc2c(-c3ccccc3)cccc2s1,5.0,clearance_microsome,TDC
CHEMBL2031464,Cc1ccc(C(=O)NC2CCC2)cc1-n1cnc2ccc(N3CCN(C)CC3)cc2c1=O,5.0,clearance_microsome,TDC
CHEMBL1934422,Cc1ccc(S(=O)(=O)Nc2c(C(=O)N[C@@H](C)C(C)(C)C)c(C)nn2C2CCOCC2)cc1,7.0,clearance_microsome,TDC
CHEMBL422648,Cc1oc(=O)oc1CN1CCN(c2cc3c(cc2F)c(=O)c(C(=O)O)c2n3C(C)S2)CC1,15.49,clearance_microsome,TDC
CHEMBL2361579,Cc1cc2cc(C)c3nnc(SCC(=O)N4CCN(C(=O)c5ccco5)CC4)n3c2cc1C,150.0,clearance_microsome,TDC
CHEMBL1703518,CCN(CC)S(=O)(=O)c1ccc(-c2nnc(SCC(=O)N3CCc4ccccc43)o2)cc1,150.0,clearance_microsome,TDC
CHEMBL682,CCN(CC)Cc1cc(Nc2ccnc3cc(Cl)ccc23)ccc1O,150.0,clearance_microsome,TDC
CHEMBL2012204,Cc1cc([C@H](O)[C@](C)(OCc2ccc(-c3ccccc3)cc2)C(=O)NO)no1,15.85,clearance_microsome,TDC
CHEMBL1472189,COc1ccc(CC(=O)Nc2nc3ccccc3[nH]2)cc1,11.22,clearance_microsome,TDC
CHEMBL370826,CCN(C(=O)Cc1ccc(S(C)(=O)=O)cc1)C1CCN(CCC(c2ccc(NC(C)=O)cc2)c2cccc(F)c2)CC1,23.5,clearance_microsome,TDC
CHEMBL1945033,O=c1[nH]c2c(O)ccc([C@@H](O)CNCCc3cccc(CNCCc4ccccn4)c3)c2s1,25.0,clearance_microsome,TDC
CHEMBL550167,O=C(NCC12CC3CC(CC(C3)C1)C2)c1cc(OCCCNCCCO)ccc1Cl,27.0,clearance_microsome,TDC
CHEMBL184721,Cc1ccc(NC(=O)c2cccc(N3CCOCC3)c2)cc1NC(=O)c1ccc(OCc2ccccn2)cc1,30.33,clearance_microsome,TDC
CHEMBL1917436,CC(=O)Nc1ccc2c(c1)c(Sc1ccc(Cl)cc1)c(C)n2CC(=O)O,36.0,clearance_microsome,TDC
CHEMBL1922048,C[C@@](C(=O)O[C@H]1C[N+]2(CC(=O)Nc3ccncn3)CCC1CC2)(c1ccccc1)N1CCCCC1,37.0,clearance_microsome,TDC
CHEMBL1081917,Cc1cc(CN(CC(=O)Nc2ccc(Cl)cc2Cl)C2CCCCC2)ccc1OCC(=O)O,101.0,clearance_microsome,TDC
CHEMBL1534781,COc1cnc(-c2ccccn2)nc1N(C)c1ccccc1,104.0,clearance_microsome,TDC
CHEMBL2348176,Nc1nccc(-n2ccc3ccccc32)n1,112.0,clearance_microsome,TDC
CHEMBL103667,Cc1ccc(-n2nc(C(C)(C)C)cc2NC(=O)Nc2ccc(OCCN3CCOCC3)c3ccccc23)cc1,124.0,clearance_microsome,TDC
CHEMBL1194325,O=C(O[C@H]1C[N+]2(CCCOc3ccccc3)CCC1CC2)C(O)(c1cccs1)c1cccs1,140.0,clearance_microsome,TDC
CHEMBL371888,COc1cc2ncnc(Nc3ccc(OCc4ccccn4)c(C)c3)c2cc1OC,15.0,clearance_microsome,TDC
CHEMBL1405928,c1ccc(CSc2nc3cccnc3[nH]2)cc1,28.0,clearance_microsome,TDC
CHEMBL71,CN(C)CCCN1c2ccccc2Sc2ccc(Cl)cc21,37.15,clearance_microsome,TDC
CHEMBL129660,O=C(c1cc2ccccc2[nH]1)N1CCNCC1,10.67,clearance_microsome,TDC
CHEMBL1643200,Cc1cc(CN2Cc3ccccc3C[C@H]2C(=O)Nc2ccc(Cl)cc2Cl)ccc1OCC(=O)O,11.0,clearance_microsome,TDC
CHEMBL1952100,CCN(C(=O)Cc1ccc(S(C)(=O)=O)cc1)C1CCN(CC[C@@H](c2cc(Cl)cc(Cl)c2)C2CCN(S(C)(=O)=O)CC2)CC1,17.5,clearance_microsome,TDC
CHEMBL2177601,Cc1c(C(=O)NC2C3CC4CC(C3)CC2C4)cnn1-c1ccc(C(=O)O)cc1,3.0,clearance_hepatocyte,TDC
CHEMBL1956129,C[C@@](CCc1ccc(-c2ccc(Cl)cc2)cc1)(C(=O)NO)S(C)(=O)=O,3.0,clearance_hepatocyte,TDC
CHEMBL2059859,Cc1ccc(-c2nc3ccccc3[nH]2)cc1NC(=O)c1ccc(OCc2ccccn2)cc1,10.23,clearance_hepatocyte,TDC
CHEMBL898,O=C(O)c1cc(-c2ccc(F)cc2F)ccc1O,10.23,clearance_hepatocyte,TDC
CHEMBL1940832,O=CNc1cc([C@@H](O)CNCCc2ccc(NC[C@H](O)c3ccccc3)cc2)ccc1O,3.0,clearance_hepatocyte,TDC
CHEMBL29609,Cc1cc(CCCOc2c(C)cc(-c3noc(C(F)(F)F)n3)cc2C)on1,13.49,clearance_hepatocyte,TDC
CHEMBL1486517,O=C(C1CCN(c2nnc(-n3cccc3)s2)CC1)N1CCN(Cc2ccc3c(c2)OCO3)CC1,50.12,clearance_hepatocyte,TDC
CHEMBL1829783,C[C@@H](c1ccc(-c2ccc(F)cc2F)cc1)N1CC[C@@](CCO)(c2ccc(F)cc2)OC1=O,64.57,clearance_hepatocyte,TDC
CHEMBL1082723,C[C@H]1Cc2c([nH]c3cc(Cl)c(F)cc23)[C@@]2(N1)C(=O)Nc1ccc(Cl)cc12,8.71,clearance_hepatocyte,TDC
CHEMBL1689109,O=C(O)COc1ccc(Cl)cc1CN1CCN(S(=O)(=O)c2ccccc2)CC1,3.0,clearance_hepatocyte,TDC
CHEMBL235789,O=C(NCC12CC3CC(CC(C3)C1)C2)c1cc(CN2CCNCC2)ccc1Cl,4.46,clearance_hepatocyte,TDC
CHEMBL389792,CC(CO)(CO)Nc1nc(SCc2cccc(F)c2F)nc2nc(N)sc12,7.0,clearance_hepatocyte,TDC
CHEMBL550902,O=C(O)c1cncc(-c2ccc(Cl)c(C(=O)NCC34CC5CC(CC(C5)C3)C4)c2)c1,7.0,clearance_hepatocyte,TDC
CHEMBL1934414,Cc1ccc(S(=O)(=O)Nc2c(C(=O)N[C@@H](C)C(C)(C)C)c(C)nn2C2CCCC2)cc1,8.0,clearance_hepatocyte,TDC
CHEMBL284275,COc1ccc(Cc2c(N)n[nH]c2N)cc1,3.63,clearance_hepatocyte,TDC
CHEMBL1778644,CCS(=O)(=O)c1ccc(-c2cc(Cl)ccc2OCC(=O)O)c(F)c1,4.24,clearance_hepatocyte,TDC
CHEMBL1951444,N#Cc1ccc(-c2ccc(NC(=O)Nc3ccc(-c4ccnc5[nH]cnc45)cc3)cc2)cc1,67.61,clearance_hepatocyte,TDC
CHEMBL1916271,CCN(C(=O)c1cnn(-c2ccccc2)c1NS(=O)(=O)c1ccc(-c2cnco2)cc1)C1CCCCC1,35.0,clearance_hepatocyte,TDC
CHEMBL403963,C(=C/c1nn[nH]n1)\c1ccccc1,3.0,clearance_hepatocyte,TDC
CHEMBL1689110,O=C(O)COc1ccc(C(F)(F)F)cc1CN1CCN(S(=O)(=O)c2ccccc2)CC1,3.0,clearance_hepatocyte,TDC
CHEMBL583042,Cc1cnc(Nc2ccc(F)cc2Cl)nc1-c1c[nH]c(C(=O)N[C@H](CO)c2cccc(Cl)c2)c1,8.51,clearance_hepatocyte,TDC
CHEMBL568,O=C1Nc2ccc(Cl)cc2C(c2ccccc2)=NC1O,8.51,clearance_hepatocyte,TDC
CHEMBL1689111,O=C(O)COc1ccc(Cl)cc1CN1CCN(S(=O)(=O)Cc2ccccc2)CC1,9.0,clearance_hepatocyte,TDC
CHEMBL1020,Cc1ccc(C(=O)c2ccc(CC(=O)O)n2C)cc1,9.12,clearance_hepatocyte,TDC
CHEMBL242403,O=C(O)c1ccc(-n2nc(C(F)(F)F)cc2-c2ccc(C(F)(F)F)cc2)cc1,9.33,clearance_hepatocyte,TDC
CHEMBL855,Cc1ccc(/C(=C\CN2CCCC2)c2ccccn2)cc1,84.0,clearance_hepatocyte,TDC
CHEMBL1852688,CCN1CCN(c2ccc(Nc3cc(N(C)C(=O)Nc4c(Cl)c(OC)cc(OC)c4Cl)ncn3)cc2)CC1,87.1,clearance_hepatocyte,TDC
CHEMBL139,O=C(O)Cc1ccccc1Nc1c(Cl)cccc1Cl,87.1,clearance_hepatocyte,TDC
CHEMBL109244,O=C(NCCCCCCNCCc1ccc(O)c2nc(O)sc12)Nc1ccccc1,98.0,clearance_hepatocyte,TDC
CHEMBL370492,CCc1nc2cc(O)ccc2c(Oc2ccc(/C=C/C(=O)O)cc2)c1-c1ccccc1,102.33,clearance_hepatocyte,TDC
CHEMBL421604,CS(=O)(=O)Nc1ccc(CCOCCCS(=O)(=O)CCNCCc2ccc(O)c3nc(O)sc23)cc1,105.0,clearance_hepatocyte,TDC
CHEMBL479,CSc1ccc2c(c1)N(CCC1CCCCN1C)c1ccccc1S2,114.0,clearance_hepatocyte,TDC
CHEMBL1987793,Cc1ccccc1-c1c(C(=O)O)n(CCCOc2cccc3ccccc23)c2ccccc12,123.03,clearance_hepatocyte,TDC
CHEMBL1089517,COCCOc1nc(N)c2[nH]c(=O)n(Cc3cccc(CC(=O)OC)c3)c2n1,125.0,clearance_hepatocyte,TDC
CHEMBL1938680,O=C(Nc1ccc(N2CCNCC2)cc1)c1ccc(-c2ccc(Cl)cc2)o1,3.0,clearance_hepatocyte,TDC
CHEMBL2158792,Cc1cc(OC2CCN(CC3CCN([C@@](C)(Cc4ccc(F)cc4)C(=O)O)CC3)CC2)ccc1Cl,3.0,clearance_hepatocyte,TDC
CHEMBL2058529,O=C(O)CCc1ccc(OCc2cc(Cl)ccc2-c2ccccc2)cc1,13.8,clearance_hepatocyte,TDC
CHEMBL1934271,CCC(CC)n1nc(C)c(C(=O)N[C@@H](C)C(C)(C)C)c1NS(=O)(=O)c1ccc(C)cc1,15.0,clearance_hepatocyte,TDC
CHEMBL2088415,O=S(=O)(Nc1ccc(C(F)(F)F)cc1)c1ccc2sc(CO)nc2c1,15.49,clearance_hepatocyte,TDC
CHEMBL1229592,C=CC(=O)Nc1cccc(Oc2nc(Nc3ccc(N4CCN(C)CC4)cc3OC)ncc2Cl)c1,3.31,clearance_hepatocyte,TDC
CHEMBL1017,CCCc1nc2c(C)cc(-c3nc4ccccc4n3C)cc2n1Cc1ccc(-c2ccccc2C(=O)O)cc1,3.98,clearance_hepatocyte,TDC
CHEMBL1778628,N#Cc1cccc(-c2cc(C(F)(F)F)ccc2OCC(=O)O)c1,3.0,clearance_hepatocyte,TDC
CHEMBL191528,CCOc1ccc2ccc(=O)oc2c1,35.48,clearance_hepatocyte,TDC
CHEMBL723,COc1ccccc1OCCNCC(O)COc1cccc2[nH]c3ccccc3c12,26.3,clearance_hepatocyte,TDC
CHEMBL521509,O=C(NC1CC1)c1cn(-c2cccc(C#Cc3cccnc3)c2)c2ncccc2c1=O,29.0,clearance_hepatocyte,TDC
CHEMBL1645107,Nc1nc2ccc(-c3ccncc3)cc2s1,29.51,clearance_hepatocyte,TDC
CHEMBL271012,C[C@H](CO)Nc1nc(SCc2ccccc2F)nc2[nH]c(=O)sc12,30.12,clearance_hepatocyte,TDC
CHEMBL77131,CCNC(=O)OC1CCN(c2nncc3cc(OC)c(OC)cc23)CC1,33.88,clearance_hepatocyte,TDC
CHEMBL1916546,COc1cc2c(ccc(=O)n2CCN2CCC(NCc3cc4c(cn3)OCCO4)CC2)cn1,35.48,clearance_hepatocyte,TDC
CHEMBL71,CN(C)CCCN1c2ccccc2Sc2ccc(Cl)cc21,14.45,clearance_hepatocyte,TDC
CHEMBL866,COc1c(C)c2c(c(O)c1C/C=C(\C)CCC(=O)O)C(=O)OC2,14.79,clearance_hepatocyte,TDC
CHEMBL2147474,COc1cc(-n2cnc3cc(-c4ccc(Cl)cc4)sc3c2=O)ccc1OC[C@H](O)C1CC1,22.91,clearance_hepatocyte,TDC
CHEMBL1587607,O=C(Nc1ccccc1Cl)c1cc[nH]n1,150.0,clearance_hepatocyte,TDC
CHEMBL2088413,Cc1ccc(CCNC(=O)c2ccc3sc(CO)nc3c2)cc1,150.0,clearance_hepatocyte,TDC
CHEMBL1956163,O=C1[C@H]2[C@H]3CC[C@H](C3)[C@H]2C(=O)N1[C@H]1CC[C@H](C(=O)Nc2cccc3cccnc23)CC1,150.0,clearance_hepatocyte,TDC
CHEMBL1198335,COc1cccc(Nc2nc(NCC3CCCO3)c3ccccc3n2)c1,150.0,clearance_hepatocyte,TDC
CHEMBL2103846,CC(=O)[C@@]1(O)CC[C@H]2[C@@H]3CCC4=CC(=O)CCC4=C3[C@@H](c3ccc(N(C)C)cc3)C[C@@]21C,150.0,clearance_hepatocyte,TDC
CHEMBL408,Cc1c(C)c2c(c(C)c1O)CCC(C)(COc1ccc(CC3SC(=O)NC3=O)cc1)O2,150.0,clearance_hepatocyte,TDC
CHEMBL298019,CCOC(=O)c1ccc(OCCC2CCN(c3ccc(C)nn3)CC2)cc1,150.0,clearance_hepatocyte,TDC
CHEMBL1529080,Cn1sc(=O)c2cc(S(=O)(=O)NC3CC3)ccc21,150.0,clearance_hepatocyte,TDC
CHEMBL1302675,CCn1c(SCC(=O)Nc2cc(C)on2)nnc1-c1ccccc1,150.0,clearance_hepatocyte,TDC
CHEMBL2110579,CN(C)N(C)C(=O)[C@@]1(Cc2ccccc2)CCCN(C(=O)[C@@H](Cc2c[nH]c3ccccc23)NC(=O)C(C)(C)N)C1,8.91,clearance_hepatocyte,TDC
CHEMBL1934267,Cc1ccc(S(=O)(=O)Nc2c(C(=O)N[C@@H](C)C(C)(C)C)c(C)nn2C(C)C)cc1,10.0,clearance_hepatocyte,TDC
CHEMBL1477,COCc1c(C(C)C)nc(C(C)C)c(/C=C/[C@@H](O)C[C@@H](O)CC(=O)O)c1-c1ccc(F)cc1,10.0,clearance_hepatocyte,TDC
CHEMBL2336326,C[C@H]1COCCN1c1nc(N2CCOC[C@@H]2C)c2ccc(-c3cccc(C(=O)NCCO)c3)nc2n1,10.0,clearance_hepatocyte,TDC
CHEMBL42,CN1CCN(C2=Nc3cc(Cl)ccc3Nc3ccccc32)CC1,150.0,clearance_hepatocyte,TDC
CHEMBL556667,O=C(Nc1cccc(Cl)c1)c1ccccn1,150.0,clearance_hepatocyte,TDC
CHEMBL1526668,O=C(c1csc2c1CCCC2)N1CCCCC1,150.0,clearance_hepatocyte,TDC
CHEMBL379350,CCN(CC)c1ccc2cc(C(C)=O)c(=O)oc2c1,150.0,clearance_hepatocyte,TDC
CHEMBL2171277,Cc1ccc(NC(=O)[C@H]2CCCN2S(=O)(=O)c2cccc3cccnc23)c(C)c1,150.0,clearance_hepatocyte,TDC
CHEMBL2348651,CNc1nc(C)c(-c2nc(Nc3cccc(N4CCCN(C(C)=O)CC4)c3)ncc2C#N)s1,150.0,clearance_hepatocyte,TDC
CHEMBL1478592,Cc1c(C(=O)Nc2ccccc2)sc2ncnc(O)c12,150.0,clearance_hepatocyte,TDC
CHEMBL324875,Cc1ccc(CCOCCNS(=O)(=O)CCCNCCc2ccc(O)c3nc(O)sc23)cc1,150.0,clearance_hepatocyte,TDC
CHEMBL223713,CCc1cccc2c1N(C)Cc1cc3c(cc1-2)OCO3,150.0,clearance_hepatocyte,TDC
CHEMBL1484,COC(=O)C1=C(C)NC(C)=C(C(=O)OCCN(C)Cc2ccccc2)C1c1cccc([N+](=O)[O-])c1,150.0,clearance_hepatocyte,TDC
CHEMBL1824041,N#Cc1ccc2c(c1)N(CCN1CCC(NCc3ccc4c(n3)NC(=O)CO4)CC1)C(=O)CO2,8.51,clearance_hepatocyte,TDC
CHEMBL235392,O=C(NCC12CC3CC(CC(C3)C1)C2)c1cc(CN2CC3CNCC(C2)O3)ccc1Cl,9.0,clearance_hepatocyte,TDC
CHEMBL596008,Cc1ccc2[nH]c(C(=O)O)nc2c1,9.77,clearance_hepatocyte,TDC
CHEMBL2169920,O=C1COc2c(CCNCCN(C(=O)CCNCCc3ccc(Cl)c(Cl)c3)C3CCCCC3)ccc(O)c2N1,22.0,clearance_hepatocyte,TDC
CHEMBL457,Cc1ccc(C)c(OCCCC(C)(C)C(=O)O)c1,66.07,clearance_hepatocyte,TDC
CHEMBL1689112,O=C(O)COc1ccc(C(F)(F)F)cc1CN1CCN(C(=O)c2ccccc2)CC1,3.0,clearance_hepatocyte,TDC
CHEMBL1082,CC1(C)S[C@@H]2[C@H](NC(=O)[C@H](N)c3ccc(O)cc3)C(=O)N2[C@H]1C(=O)O,3.0,clearance_hepatocyte,TDC
CHEMBL1916287,Cc1nn(-c2ccc(F)cc2)c(NS(=O)(=O)c2cccnc2)c1C(=O)N[C@@H](C)C(C)(C)C,12.0,clearance_hepatocyte,TDC
CHEMBL1934267,Cc1ccc(S(=O)(=O)Nc2c(C(=O)N[C@@H](C)C(C)(C)C)c(C)nn2C(C)C)cc1,3.0,clearance_hepatocyte,TDC
CHEMBL1944691,O=c1[nH]c2c(O)ccc([C@@H](O)CNCCc3cccc(CNCCc4ccccc4F)c3)c2s1,3.0,clearance_hepatocyte,TDC
CHEMBL565755,CCOc1ccc2nc(N)sc2c1,12.02,clearance_hepatocyte,TDC
CHEMBL1144,CC[C@H](C)C(=O)O[C@H]1C[C@H](O)C=C2C=C[C@H](C)[C@H](CC[C@@H](O)C[C@@H](O)CC(=O)O)[C@H]21,3.0,clearance_hepatocyte,TDC
CHEMBL1472189,COc1ccc(CC(=O)Nc2nc3ccccc3[nH]2)cc1,12.88,clearance_hepatocyte,TDC
CHEMBL406,CC1Cc2ccccc2N1NC(=O)c1ccc(Cl)c(S(N)(=O)=O)c1,13.18,clearance_hepatocyte,TDC
CHEMBL2325716,CS(=O)(=O)C1(c2cc(N3CCOCC3)nc(-c3cccc4[nH]ncc34)n2)CC1,3.0,clearance_hepatocyte,TDC
CHEMBL2158783,Cc1c(Cl)ccc(OC2CCN(CC3CCN([C@@H](Cc4ccc(F)cc4)C(=O)O)CC3)CC2)c1Cl,13.78,clearance_hepatocyte,TDC
CHEMBL95,Nc1c2c(nc3ccccc13)CCCC2,13.8,clearance_hepatocyte,TDC
CHEMBL605846,COc1ccc(CC(C)(C)NC[C@H](O)c2cc(O)cc3c2OCC(=O)N3)cc1,14.0,clearance_hepatocyte,TDC
CHEMBL2062570,CC(=O)Nc1ccc2ccn(-c3cc(Nc4ccn(C)n4)n4ncc(C#N)c4n3)c2c1,42.66,clearance_hepatocyte,TDC
CHEMBL787,CC(C)(O)c1ccccc1CC[C@@H](SCC1(CC(=O)O)CC1)c1cccc(/C=C/c2ccc3ccc(Cl)cc3n2)c1,43.65,clearance_hepatocyte,TDC
CHEMBL1934270,Cc1ccc(S(=O)(=O)Nc2c(C(=O)N[C@@H](C)C(C)(C)C)c(C)nn2C(C)(C)C)cc1,53.0,clearance_hepatocyte,TDC
CHEMBL2338020,CCc1[nH]c2nc(Sc3cnc4ccc[n+]([O-])c4c3)nc(N3C[C@H]4[C@H](N)[C@H]4C3)c2c1Cl,58.88,clearance_hepatocyte,TDC
CHEMBL458997,CNC(=O)c1ccccc1Nc1nc(Nc2ccc(N3CCOCC3)cc2OC)ncc1Cl,16.22,clearance_hepatocyte,TDC
CHEMBL1234354,COc1ccc(-c2cc3c(C)nc(N)nc3n([C@H]3CC[C@H](OCCO)CC3)c2=O)cn1,10.72,clearance_hepatocyte,TDC
CHEMBL280148,CN(C)CCNc1cc(-c2ccc(N3CCN(C)CC3)cc2)nc2ccccc12,3.0,clearance_hepatocyte,TDC
CHEMBL960,Cc1oncc1C(=O)Nc1ccc(C(F)(F)F)cc1,3.0,clearance_hepatocyte,TDC
CHEMBL1809069,COc1cc(N2CCN(C(=O)CO)CC2)ccc1Nc1ncc(Cl)c(-c2cnc3ccccn23)n1,12.3,clearance_hepatocyte,TDC
CHEMBL1917450,Cc1c(S(=O)(=O)c2ccc(Cl)cc2)c2c(NS(C)(=O)=O)cccc2n1CC(=O)O,3.0,clearance_hepatocyte,TDC
CHEMBL2158771,N#Cc1ccc(C[C@@H](C(=O)O)N2CCC(CN3CCC(Oc4ccc(Cl)c(Cl)c4)CC3)CC2)cc1,3.0,clearance_hepatocyte,TDC
CHEMBL1917458,CCS(=O)(=O)c1ccc(Oc2c(C)n(CC(=O)O)c3ccc(C(F)(F)F)cc23)cc1,3.0,clearance_hepatocyte,TDC
CHEMBL1081917,Cc1cc(CN(CC(=O)Nc2ccc(Cl)cc2Cl)C2CCCCC2)ccc1OCC(=O)O,43.43,clearance_hepatocyte,TDC
CHEMBL2105659,CCc1c(C(=O)C(N)=O)c2c(OCC(=O)OC)cccc2n1Cc1ccccc1,50.12,clearance_hepatocyte,TDC
CHEMBL2181928,C[C@@H]1CN(c2ccc3c(n2)NC(=O)CO3)[C@H](c2ccccc2)CO1,52.48,clearance_hepatocyte,TDC
CHEMBL2137046,CCC(=C(c1ccc(O)cc1)c1ccc(OCCN(C)C)cc1)c1ccccc1,56.23,clearance_hepatocyte,TDC
CHEMBL1834184,CCC(=O)N[C@H]1CC[C@@H](C(=O)N(C)c2ccc(-c3nc4ccccc4o3)cc2)C1,4.57,clearance_hepatocyte,TDC
CHEMBL2041980,CS(=O)(=O)c1ccc(-c2cnc(N)c(-c3ccc(C(F)(F)F)nc3)c2)cc1,4.79,clearance_hepatocyte,TDC
CHEMBL1934418,Cc1ccc(S(=O)(=O)Nc2c(C(=O)N[C@@H](C)C(C)(C)C)c(C)nn2C2CCSCC2)cc1,5.0,clearance_hepatocyte,TDC
CHEMBL380732,CC[C@H](CO)Nc1nc(SCc2cccc(F)c2F)nc2nc(N)sc12,5.16,clearance_hepatocyte,TDC
CHEMBL1934268,CCn1nc(C)c(C(=O)N[C@@H](C)C(C)(C)C)c1NS(=O)(=O)c1ccc(C)cc1,5.5,clearance_hepatocyte,TDC
CHEMBL300138,Cn1cc(C2=C(c3cn(C4CCN(Cc5ccccn5)CC4)c4ccccc34)C(=O)NC2=O)c2ccccc21,6.0,clearance_hepatocyte,TDC
CHEMBL782,CCCCNC(=O)NS(=O)(=O)c1ccc(C)cc1,6.31,clearance_hepatocyte,TDC
CHEMBL1463345,C[C@]12CC[C@H]3[C@@H](C=CC4=CC(=O)CC[C@@]43C)[C@@H]1CC[C@@]21CCC(=O)O1,6.61,clearance_hepatocyte,TDC
CHEMBL1229517,CCCS(=O)(=O)Nc1ccc(F)c(C(=O)c2c[nH]c3ncc(-c4ccc(Cl)cc4)cc23)c1F,6.61,clearance_hepatocyte,TDC
CHEMBL2105717,COc1cc2nccc(Oc3ccc(NC(=O)C4(C(=O)Nc5ccc(F)cc5)CC4)cc3)c2cc1OC,3.16,clearance_hepatocyte,TDC
CHEMBL1800526,COc1ccnc(CCc2nc3cc(Br)cnc3[nH]2)c1,3.2,clearance_hepatocyte,TDC
CHEMBL2337977,CC(C)(C)NC(=O)NCCN1CC(NC(=O)c2cc(Cl)cc(Cl)c2)C1,3.31,clearance_hepatocyte,TDC
CHEMBL2035037,Cn1cnc2c(-c3ccc(C4(N)CCC4)cc3)c(-c3ccccc3)ccc21,3.31,clearance_hepatocyte,TDC
CHEMBL2087361,C#Cc1cccc(Nc2ncnc3cc4c(cc23)OCCOCCOCCO4)c1,3.55,clearance_hepatocyte,TDC
CHEMBL1363,COc1ccc(C[C@@H](C)NC[C@H](O)c2ccc(O)c(NC=O)c2)cc1,3.91,clearance_hepatocyte,TDC
CHEMBL960,Cc1oncc1C(=O)Nc1ccc(C(F)(F)F)cc1,23.99,clearance_hepatocyte,TDC
CHEMBL1800659,CCCCN(CCNCCc1ccc(O)c2[nH]c(=O)sc12)C(=O)CCOCCc1ccccc1,25.92,clearance_hepatocyte,TDC
CHEMBL1916269,CCC(CC)NC(=O)c1cnn(C)c1NS(=O)(=O)c1ccc(C)cc1,27.0,clearance_hepatocyte,TDC
CHEMBL2031563,O=C(Nc1cccc(-c2nnn[nH]2)c1)c1cc(F)cc2[nH]cnc12,67.61,clearance_hepatocyte,TDC
CHEMBL1483,CCCSc1ccc2nc(NC(=O)OC)[nH]c2c1,83.18,clearance_hepatocyte,TDC
CHEMBL1807820,O=c1[nH]c2c(O)ccc([C@@H](O)CNCCCSCCOCCc3cccc4ccccc34)c2s1,85.0,clearance_hepatocyte,TDC
CHEMBL1308362,Cc1ccc2cc(C)c3nnc(SCC(=O)N4CCN(C(=O)c5ccco5)CC4)n3c2c1,87.1,clearance_hepatocyte,TDC
CHEMBL1429296,COc1ccccc1CN1C(=O)c2ccccc2C1C(=O)NC1CCC(C)CC1,150.0,clearance_hepatocyte,TDC
CHEMBL1916277,Cc1ccc(S(=O)(=O)Nc2c(C(=O)NC3CCCCC3C)c(C)nn2-c2ccccc2)cc1,17.0,clearance_hepatocyte,TDC
CHEMBL217354,CC(C)c1ccccc1Cc1cc(C(=O)Nc2ccc(S(=O)(=O)c3ccccc3C(C)(C)C)cc2)c(O)c(O)c1O,3.0,clearance_hepatocyte,TDC
CHEMBL59356,C[C@H](C#Cc1ccc(Cc2ccc(F)cc2)s1)N(O)C(N)=O,3.0,clearance_hepatocyte,TDC
CHEMBL2177390,CC(C)NC[C@@H](C(=O)N1CCN(c2ncnc3c2[C@H](C)C[C@H]3O)CC1)c1ccc(Cl)cc1,3.0,clearance_hepatocyte,TDC
CHEMBL258282,CN1CCN(CCOc2n[nH]c3ncnc(Nc4ccc(OCc5ccccn5)c(Cl)c4)c23)CC1,13.49,clearance_hepatocyte,TDC
CHEMBL1916270,CCC(CC)NC(=O)c1cnn(-c2ccccc2)c1NS(=O)(=O)c1ccc(-c2cnco2)cc1,52.0,clearance_hepatocyte,TDC
CHEMBL1807823,O=c1[nH]c2c(O)ccc([C@@H](O)CNCCSCCCNCCc3ccccc3)c2s1,9.0,clearance_hepatocyte,TDC
CHEMBL71,CN(C)CCCN1c2ccccc2Sc2ccc(Cl)cc21,150.0,clearance_hepatocyte,TDC
CHEMBL589973,CCCCNC(=O)c1ccc(Oc2ccc(CC(=O)O)cc2OC)c(NS(=O)(=O)c2ccc(Cl)cc2Cl)c1,3.0,clearance_hepatocyte,TDC
CHEMBL1807872,O=c1[nH]c2c(O)ccc([C@@H](O)CNCCCOCCNCCc3cccc(Cl)c3)c2s1,3.0,clearance_hepatocyte,TDC
CHEMBL402986,C[C@H](CO)Nc1nc(SCc2ccccc2)nc2[nH]c(=O)sc12,3.0,clearance_hepatocyte,TDC
CHEMBL2030560,Nc1nc2ccc(C(=O)c3ccccc3)cc2[nH]1,3.0,clearance_hepatocyte,TDC
CHEMBL1090090,NC(=O)c1ccc(N(C(N)=O)c2c(F)cccc2F)nc1-c1ccc(F)cc1F,3.0,clearance_hepatocyte,TDC
CHEMBL1364767,Cc1nn(C2CCCCC2)c(N)c1-c1ccccc1,13.8,clearance_hepatocyte,TDC
CHEMBL2147032,O=C1COC2(CCN(S(=O)(=O)c3ccc(-c4ccc5cccnc5c4)cc3)CC2)CN1C1CC1,89.13,clearance_hepatocyte,TDC
CHEMBL1963231,CC(C(=O)O[C@@H]1CC[N+](C)(C)C1)(c1ccccc1)C1CCCC1,119.0,clearance_hepatocyte,TDC
CHEMBL2048873,N[C@@H]1CCCN(c2c(/C=C3\SC(=O)NC3=O)cccc2-c2ccncc2)C1,8.91,clearance_hepatocyte,TDC
CHEMBL23,COc1ccc([C@@H]2Sc3ccccc3N(CCN(C)C)C(=O)[C@@H]2OC(C)=O)cc1,9.33,clearance_hepatocyte,TDC
CHEMBL553,C#Cc1cccc(Nc2ncnc3cc(OCCOC)c(OCCOC)cc23)c1,9.77,clearance_hepatocyte,TDC
CHEMBL257178,N#Cc1ccc2[nH]c(-c3ccc(F)cc3)c(CCCC(=O)NS(=O)(=O)C(F)(F)F)c2c1,9.8,clearance_hepatocyte,TDC
CHEMBL103667,Cc1ccc(-n2nc(C(C)(C)C)cc2NC(=O)Nc2ccc(OCCN3CCOCC3)c3ccccc23)cc1,69.18,clearance_hepatocyte,TDC
CHEMBL1091137,CC/C(=C(/c1ccc(O)cc1)c1ccc(/C=C/C(=O)O)cc1)c1ccccc1,69.18,clearance_hepatocyte,TDC
CHEMBL379866,CC(C)c1nnc2ccc(-c3ocnc3-c3cc(F)ccc3F)cn12,3.0,clearance_hepatocyte,TDC
CHEMBL2031238,Cc1ccc(NC(=O)c2ccoc2)cc1-n1cnc2ccc(N3CCN(C)CC3)cc2c1=O,3.0,clearance_hepatocyte,TDC
CHEMBL137,Cc1ncc([N+](=O)[O-])n1CCO,3.0,clearance_hepatocyte,TDC
CHEMBL1643349,CC1(C)C(=O)Nc2ccccc21,3.0,clearance_hepatocyte,TDC
CHEMBL1397672,Cc1[nH]c2nc(NCc3cccc(Br)c3)nn2c(=O)c1Cc1ccccc1,3.0,clearance_hepatocyte,TDC
CHEMBL2110732,COc1cc2ncnc(Nc3ccc(F)c(Cl)c3)c2cc1NC(=O)/C=C/CN1CCCCC1,3.0,clearance_hepatocyte,TDC
CHEMBL1807829,O=c1[nH]c2c(O)ccc([C@@H](O)CNCCSCCCNCCc3cccc(Cl)c3Cl)c2s1,3.0,clearance_hepatocyte,TDC
CHEMBL46,Cc1nccn1CC1CCc2c(c3ccccc3n2C)C1=O,3.0,clearance_hepatocyte,TDC
CHEMBL2071097,N#CC1(NC(=O)[C@@H]2CCCC[C@H]2C(=O)N2CCN(c3nc4c(s3)COCC4)CC2)CC1,3.0,clearance_hepatocyte,TDC
CHEMBL2158785,Cc1c(OC2CCN(CC3CCN([C@@H](Cc4ccc(F)cc4)C(=O)O)CC3)CC2)ccc(C#N)c1Cl,3.0,clearance_hepatocyte,TDC
CHEMBL1944691,O=c1[nH]c2c(O)ccc([C@@H](O)CNCCc3cccc(CNCCc4ccccc4F)c3)c2s1,22.0,clearance_hepatocyte,TDC
CHEMBL787,CC(C)(O)c1ccccc1CC[C@@H](SCC1(CC(=O)O)CC1)c1cccc(/C=C/c2ccc3ccc(Cl)cc3n2)c1,14.0,clearance_hepatocyte,TDC
CHEMBL495727,O=C(Nc1c[nH]nc1-c1nc2ccc(CN3CCOCC3)cc2[nH]1)NC1CC1,3.0,clearance_hepatocyte,TDC
CHEMBL203567,Nc1c(C(=O)c2cccc(OC[C@@H](O)CO)c2)cnn1-c1ccc(F)cc1,3.0,clearance_hepatocyte,TDC
CHEMBL1644,CC1=C(C(=O)O)N2C(=O)[C@@H](NC(=O)[C@H](N)c3ccc(O)cc3)[C@H]2SC1,3.0,clearance_hepatocyte,TDC
CHEMBL2031467,CCNC(=O)c1ccc(C)c(-n2cnc3ccc(N4CCN(C)CC4)cc3c2=O)c1,3.0,clearance_hepatocyte,TDC
CHEMBL1090089,Cn1c(=O)c(Oc2ccc(F)cc2F)cc2cnc(NC(CCO)CCO)nc21,3.0,clearance_hepatocyte,TDC
CHEMBL1234354,COc1ccc(-c2cc3c(C)nc(N)nc3n([C@H]3CC[C@H](OCCO)CC3)c2=O)cn1,3.0,clearance_hepatocyte,TDC
CHEMBL1900528,C[N+]1(C)[C@H]2C[C@H](OC(=O)C(O)(c3cccs3)c3cccs3)C[C@@H]1[C@H]1O[C@@H]21,3.0,clearance_hepatocyte,TDC
CHEMBL2017459,CCN(C(=O)c1ccc(-c2ccc(Cl)cc2)o1)c1ccc(N2CCNCC2)cc1,3.0,clearance_hepatocyte,TDC
CHEMBL2070947,CS(=O)(=O)c1ccc2nc(N3CCN(C(=O)[C@@H]4CCCC[C@H]4C(=O)NC4(C#N)CC4)CC3)sc2c1,3.0,clearance_hepatocyte,TDC
CHEMBL1852508,Cc1cc(-c2ccc(Cl)c(C(=O)NCC3(O)CCCCCC3)c2)nn1C[C@H](O)CN,3.0,clearance_hepatocyte,TDC
CHEMBL1761322,CCS(=O)(=O)CCCC12CCC(c3nnc(-c4ccccc4C(F)(F)F)n3C)(CC1)CC2,3.0,clearance_hepatocyte,TDC
CHEMBL507674,CCN1CCN(C(=O)N[C@@H](C(=O)N[C@@H]2C(=O)N3C(C(=O)O)=C(CSc4nnnn4C)CS[C@H]23)c2ccc(O)cc2)C(=O)C1=O,3.0,clearance_hepatocyte,TDC
CHEMBL914,CC(C)(C(=O)O)c1ccc(C(O)CCCN2CCC(C(O)(c3ccccc3)c3ccccc3)CC2)cc1,3.0,clearance_hepatocyte,TDC
CHEMBL2057371,CC(C)(C)NS(=O)(=O)c1cncc(-c2ccc3nc(NC(=O)NCC(=O)N4CCCC4)nn3c2)c1,3.0,clearance_hepatocyte,TDC
CHEMBL1172,Clc1ccc2c(c1)CCc1cccnc1C2=C1CCNCC1,26.92,clearance_hepatocyte,TDC
CHEMBL1947157,O=c1[nH]c2c(O)ccc([C@@H](O)CNCCc3cccc(CNCCc4c(Cl)cccc4Cl)c3)c2s1,78.0,clearance_hepatocyte,TDC
CHEMBL109980,CC(C)(N)C(=O)N[C@H](COCc1ccc(F)cc1F)C(=O)N1CCC2=NN(CC(F)(F)F)C(=O)[C@]2(Cc2ccccn2)C1,15.49,clearance_hepatocyte,TDC
CHEMBL1683035,COc1cc2nnc(C(N)=O)c(Nc3ccc(F)cc3F)c2cc1N1CCN(C)CC1,16.0,clearance_hepatocyte,TDC
CHEMBL894,CC(NC(C)(C)C)C(=O)c1cccc(Cl)c1,16.98,clearance_hepatocyte,TDC
CHEMBL334167,Cn1sc(=O)c2cc(S(N)(=O)=O)ccc21,17.38,clearance_hepatocyte,TDC
CHEMBL2152252,CNC(=O)c1nc(-c2ccc(Cl)c(S(=O)(=O)Nc3cccc(F)c3F)c2)cnc1N,19.95,clearance_hepatocyte,TDC
CHEMBL1689133,C[C@H](Oc1ccc(Cl)cc1CN1CCN(C(=O)Cc2ccc(Cl)cc2)[C@@H](C)C1)C(=O)O,4.7,clearance_hepatocyte,TDC
CHEMBL406,CC1Cc2ccccc2N1NC(=O)c1ccc(Cl)c(S(N)(=O)=O)c1,4.9,clearance_hepatocyte,TDC
CHEMBL1078178,N#CCNC(=O)c1ccc(-c2ccnc(Nc3ccc(N4CCOCC4)cc3)n2)cc1,5.13,clearance_hepatocyte,TDC
CHEMBL454616,Cc1ccc(NC(=O)c2cccc(N(C)S(C)(=O)=O)c2)cc1NC(=O)c1ccc2ncccc2c1,72.44,clearance_hepatocyte,TDC
CHEMBL2088414,O=S(=O)(Nc1ccc2sc(CO)nc2c1)c1ccc(Br)cc1,24.55,clearance_hepatocyte,TDC
CHEMBL1630742,NCCCCCc1c[nH]c2ccc(F)cc12,74.13,clearance_hepatocyte,TDC
CHEMBL1363924,CCn1c(SCC(=O)Nc2cc(C)on2)nnc1-c1cccnc1,75.86,clearance_hepatocyte,TDC
CHEMBL1934416,COCC(C)n1nc(C)c(C(=O)N[C@@H](C)C(C)(C)C)c1NS(=O)(=O)c1ccc(C)cc1,3.0,clearance_hepatocyte,TDC
CHEMBL1689127,C[C@H]1CN(Cc2cc(Cl)ccc2OCC(=O)O)CCN1C(=O)Cc1ccc(F)cc1,3.0,clearance_hepatocyte,TDC
CHEMBL78628,CN(CC(=O)O)NC(=O)C[C@H](N)C[C@@H](O)CN,3.0,clearance_hepatocyte,TDC
CHEMBL93484,CC1N=C(N)N=C(N)N1c1ccc(Cl)cc1,3.0,clearance_hepatocyte,TDC
CHEMBL2207654,O=C(NC[C@@H](O)CN1CCC(Oc2ccc(Cl)c(Cl)c2)CC1)c1c[nH]c(=O)c2cc(S(=O)(=O)N3CCC3)ccc12,3.0,clearance_hepatocyte,TDC
CHEMBL2158826,O=C(O)Cc1cccc(N2CCC(CN3CCC(Oc4ccc(Cl)c(Cl)c4)CC3)CC2)c1,3.0,clearance_hepatocyte,TDC
CHEMBL1829763,C[C@@H](c1ccc(-c2ccc(F)cc2F)cc1)N1CC[C@](CCO)(c2ccc(F)cc2)OC1=O,3.0,clearance_hepatocyte,TDC
CHEMBL1922094,Cc1c(CN2CCN(C(=O)[C@H](C)O)CC2)sc2c(N3CCOCC3)nc(-c3cnc(N)nc3)nc12,3.0,clearance_hepatocyte,TDC
CHEMBL345937,CC1Sc2c(C(=O)O)c(=O)c3cc(F)c(N4CCNCC4)cc3n21,3.0,clearance_hepatocyte,TDC
CHEMBL1276946,Cc1c2c(=O)n(-c3ccccc3Cl)[nH]c2cc(=O)n1Cc1ccccn1,3.0,clearance_hepatocyte,TDC
CHEMBL1689135,C[C@H]1CN(Cc2cc(Cl)ccc2CC(=O)O)CCN1C(=O)Cc1ccc(Cl)cc1,3.0,clearance_hepatocyte,TDC
CHEMBL2158781,Cc1cc(F)ccc1OC1CCN(CC2CCN([C@@H](Cc3ccc(F)cc3)C(=O)O)CC2)CC1,3.0,clearance_hepatocyte,TDC
CHEMBL2158780,Cc1cc(Cl)ccc1OC1CCN(CC2CCN([C@@H](Cc3ccc(F)cc3)C(=O)O)CC2)CC1,3.0,clearance_hepatocyte,TDC
CHEMBL2158773,Cc1cccc(C[C@@H](C(=O)O)N2CCC(CN3CCC(Oc4ccc(Cl)c(Cl)c4)CC3)CC2)c1,3.0,clearance_hepatocyte,TDC
CHEMBL1689126,C[C@H]1CN(Cc2cc(Cl)ccc2OCC(=O)O)CCN1C(=O)Cc1ccccc1,3.0,clearance_hepatocyte,TDC
CHEMBL1916288,Cc1nn(-c2ccc(F)cc2)c(NS(=O)(=O)c2ccc(C#N)cc2)c1C(=O)N[C@@H](C)C(C)(C)C,3.0,clearance_hepatocyte,TDC
CHEMBL1917456,Cc1c(Oc2ccc(Cl)cc2)c2c(NS(C)(=O)=O)cccc2n1CC(=O)O,3.0,clearance_hepatocyte,TDC
CHEMBL251074,CC(=O)C[C@@H](c1ccccc1)c1c(O)c2ccccc2oc1=O,3.0,clearance_hepatocyte,TDC
CHEMBL2216870,CC[C@H](Nc1ncnc2[nH]cnc12)c1nc2cccc(F)c2c(=O)n1-c1ccccc1,5.25,clearance_hepatocyte,TDC
CHEMBL360227,CCN(CC)CCN1C(=O)[C@@](O)(c2ccccc2Cl)c2c1cc(C(N)=O)cc2C(F)(F)F,11.48,clearance_hepatocyte,TDC
CHEMBL2348642,CNc1nc(C)c(-c2nc(Nc3cccc(N4CCNCC4)c3)ncc2C#N)s1,12.3,clearance_hepatocyte,TDC
CHEMBL87543,CC(C)N1CCC(N(C(=O)Cc2ccccc2)c2ccc(Cl)cc2)CC1,28.18,clearance_hepatocyte,TDC
CHEMBL402728,Cc1nc(CSc2nc(N[C@H](C)CO)c3sc(=O)[nH]c3n2)cs1,3.3,clearance_hepatocyte,TDC
CHEMBL2216830,C=CC(=O)Nc1cccc(CN2C(=O)N(c3c(Cl)c(OC)cc(OC)c3Cl)Cc3cnc(NCCCCN(CC)CC)nc32)c1,39.81,clearance_hepatocyte,TDC
CHEMBL1956112,CN1CCC[C@H]1CCN1CCCc2cc(NC(=N)c3cccs3)ccc21,40.74,clearance_hepatocyte,TDC
CHEMBL2164678,N#CC1(NC(=O)[C@@H]2CCCC[C@H]2C(=O)N2CCc3[nH]c4ccc(F)cc4c3C2)CC1,41.41,clearance_hepatocyte,TDC
CHEMBL2089383,C=CC(=O)Nc1ccc(OC)cc1,42.66,clearance_hepatocyte,TDC
CHEMBL1800472,CN(CCNC[C@H](O)c1ccc(O)c2[nH]c(=O)sc12)C(=O)CCOCCc1ccccc1,43.0,clearance_hepatocyte,TDC
CHEMBL2031556,O=C(Nc1cccc(-c2nnn[nH]2)c1)c1cccc2[nH]cnc12,44.67,clearance_hepatocyte,TDC
CHEMBL1201391,CCC(C)(C)C(=O)O[C@H]1C[C@@H](C)C=C2C=C[C@H](C)[C@H](CC[C@@H](O)C[C@@H](O)CC(=O)O)[C@H]21,46.28,clearance_hepatocyte,TDC
CHEMBL1502752,Nc1c(-c2ccccc2)nc(Cl)nc1-c1ccccc1,46.77,clearance_hepatocyte,TDC
CHEMBL2179283,CCCC(C)(C)C[C@H](c1ccc(C(=O)O)c(Oc2cccc(Cl)c2)c1)N1CCC[C@H](n2cc(C)c(=O)[nH]c2=O)C1,52.48,clearance_hepatocyte,TDC
CHEMBL571,CC(C(=O)O)c1cccc(C(=O)c2ccccc2)c1,53.7,clearance_hepatocyte,TDC
CHEMBL1734492,NC(=O)NC(=O)C(Nc1ccc2c(c1)CCC2)c1ccccc1,54.95,clearance_hepatocyte,TDC
CHEMBL391379,Clc1ccc(COc2ccc(Br)cc2CN2CCOCC2)cc1,54.95,clearance_hepatocyte,TDC
CHEMBL1916083,CNC(=O)c1cnn(-c2ccccc2)c1NS(=O)(=O)c1ccc(C)cc1,64.0,clearance_hepatocyte,TDC
CHEMBL77131,CCNC(=O)OC1CCN(c2nncc3cc(OC)c(OC)cc23)CC1,64.57,clearance_hepatocyte,TDC
CHEMBL62136,O=S(=O)(c1ccccc1)N(CC(F)(F)F)c1ccc(C(O)(C(F)(F)F)C(F)(F)F)cc1,14.13,clearance_hepatocyte,TDC
CHEMBL38182,N#Cc1ccc(NC(=O)Nc2ccccc2Br)c2nn[nH]c12,69.0,clearance_hepatocyte,TDC
CHEMBL2181753,CCN(Cc1cc(C(F)(F)F)ccc1-c1cc(CC(=O)O)ccc1OC)C(=O)NCc1ccccc1,25.12,clearance_hepatocyte,TDC
CHEMBL551813,CN(C)c1nc(Cc2ccc(NC(=O)c3ccc(C(F)(F)F)cc3)cc2)nc(N(C)C)c1CC(=O)O,4.47,clearance_hepatocyte,TDC
CHEMBL473,CN(CCOc1ccc(NS(C)(=O)=O)cc1)CCc1ccc(NS(C)(=O)=O)cc1,4.68,clearance_hepatocyte,TDC
CHEMBL576981,C[C@@H](O)[C@H]1C(=O)N2C(C(=O)O)=C(SC3CN(C4=NCCS4)C3)[C@H](C)[C@H]12,4.79,clearance_hepatocyte,TDC
CHEMBL1939560,C[C@H](c1nc2ncccc2c(=O)n1-c1ccc(Cl)cc1)N(CC1CCS(=O)(=O)CC1)C(=O)Cc1ccc(C(F)(F)F)c(F)c1,5.13,clearance_hepatocyte,TDC
CHEMBL2,COc1cc2nc(N3CCN(C(=O)c4ccco4)CC3)nc(N)c2cc1OC,5.37,clearance_hepatocyte,TDC
CHEMBL1088752,Cc1c(F)cc(C(=O)NC2CC2)cc1-c1ccc(C(=O)NCC(C)(C)C)cn1,6.31,clearance_hepatocyte,TDC
CHEMBL1231206,Cc1ccc(-c2ccc3c(ccc4sc5c(c43)NC[C@@H](C)NC5=O)n2)cn1,6.92,clearance_hepatocyte,TDC
CHEMBL115,CC(C)(C)NC(=O)[C@@H]1CN(Cc2cccnc2)CCN1C[C@@H](O)C[C@@H](Cc1ccccc1)C(=O)N[C@H]1c2ccccc2C[C@H]1O,10.23,clearance_hepatocyte,TDC
CHEMBL2364624,O=C(O)C[C@H]1CC[C@H](c2ccc(-c3ccc(Nc4ccc(C(F)(F)F)nc4)cn3)cc2)CC1,11.48,clearance_hepatocyte,TDC
CHEMBL594671,CC(C)[C@H](C(=O)Nc1nccs1)c1ccc(Cl)cc1,12.02,clearance_hepatocyte,TDC
CHEMBL1934419,Cc1ccc(S(=O)(=O)Nc2c(C(=O)N[C@@H](C)C(C)(C)C)c(C)nn2C2CCS(=O)(=O)CC2)cc1,4.0,clearance_hepatocyte,TDC
CHEMBL1689126,C[C@H]1CN(Cc2cc(Cl)ccc2OCC(=O)O)CCN1C(=O)Cc1ccccc1,4.0,clearance_hepatocyte,TDC
CHEMBL580,O=C1Nc2ccc(Cl)cc2C(c2ccccc2Cl)=NC1O,4.57,clearance_hepatocyte,TDC
CHEMBL2181927,CCOc1ncc(C)c2c1[C@H](c1ccc(C#N)cc1OC)C(C(N)=O)=C(C)N2,4.68,clearance_hepatocyte,TDC
CHEMBL1809058,COc1cc(N2CC3CNCC(C2)O3)ccc1Nc1ncc(Cl)c(-c2cnc3ccccn23)n1,13.8,clearance_hepatocyte,TDC
CHEMBL2170985,Nc1ncnc2c1ncn2[C@@H]1O[C@H](CSCCCNC(=O)NCc2ccccc2)[C@@H](O)[C@H]1O,14.45,clearance_hepatocyte,TDC
CHEMBL1669164,O=C(CN1CCOCC1)Nc1ccc(-c2cccc3c(=O)cc(N4CCOCC4)oc23)cc1OCCN1CCCC1,5.5,clearance_hepatocyte,TDC
CHEMBL217943,O=C(NCc1ccccc1)c1ccc2cccnc2c1O,22.77,clearance_hepatocyte,TDC
CHEMBL1703518,CCN(CC)S(=O)(=O)c1ccc(-c2nnc(SCC(=O)N3CCc4ccccc43)o2)cc1,150.0,clearance_hepatocyte,TDC
CHEMBL900,Cc1ccccc1C(OCCN(C)C)c1ccccc1,150.0,clearance_hepatocyte,TDC
CHEMBL480208,CC1(C)[C@@H]2CC[C@@]1(CS(=O)(=O)N1CCN(c3ccc(C#N)cn3)CC1)C(=O)C2,150.0,clearance_hepatocyte,TDC
CHEMBL1412343,Cc1ccccc1NC(=O)CCS(=O)(=O)c1ccc(Br)s1,150.0,clearance_hepatocyte,TDC
CHEMBL1221681,O=c1[nH]c2c(O)ccc([C@@H](O)CN[C@H]3CCC[C@@H]3OCc3ccccc3)c2s1,108.0,clearance_hepatocyte,TDC
CHEMBL1922055,C[C@@](C(=O)O[C@H]1C[N+]2(Cc3cc(-c4ccccc4)on3)CCC1CC2)(c1ccccc1)N1CCCCC1,110.0,clearance_hepatocyte,TDC
CHEMBL2179279,CCC(C)(C)C[C@H](c1ccc(C(=O)O)c(Oc2cccc(Cl)c2)c1)N1CCC[C@H](n2cc(C)c(=O)[nH]c2=O)C1,117.49,clearance_hepatocyte,TDC
CHEMBL1778639,CCS(=O)(=O)c1ccc(-c2cc(C(F)(F)F)ccc2OCC(=O)O)c(C)c1,3.0,clearance_hepatocyte,TDC
CHEMBL1689111,O=C(O)COc1ccc(Cl)cc1CN1CCN(S(=O)(=O)Cc2ccccc2)CC1,3.0,clearance_hepatocyte,TDC
CHEMBL2086472,C=CC(=O)Nc1ccc(F)cc1,3.0,clearance_hepatocyte,TDC
CHEMBL2178579,O=C(Nc1ccc(Cl)c(S(=O)(=O)N2CCNCC2)c1O)Nc1cccc(F)c1Cl,3.0,clearance_hepatocyte,TDC
CHEMBL1807821,O=c1[nH]c2c(O)ccc([C@@H](O)CNCCCOCCOCCc3ccccc3)c2s1,3.0,clearance_hepatocyte,TDC
CHEMBL1790041,CNC(=C[N+](=O)[O-])NCCSCc1ccc(CN(C)C)o1,3.0,clearance_hepatocyte,TDC
CHEMBL19236,COc1nc(C)nc(Cl)c1NC1=NCCN1,3.0,clearance_hepatocyte,TDC
CHEMBL1201212,COc1ccc(OC)c(C(O)CNC(=O)CN)c1,3.0,clearance_hepatocyte,TDC
CHEMBL2070951,N#CC1(NC(=O)[C@@H]2CCCC[C@H]2C(=O)N2CCN(c3nc4cnccc4s3)CC2)CC1,3.0,clearance_hepatocyte,TDC
CHEMBL403,CC1(C)[C@H](C(=O)O)N2C(=O)C[C@H]2S1(=O)=O,3.0,clearance_hepatocyte,TDC
CHEMBL235789,O=C(NCC12CC3CC(CC(C3)C1)C2)c1cc(CN2CCNCC2)ccc1Cl,4.0,clearance_hepatocyte,TDC
CHEMBL2018964,COc1cccc2c1c(NS(=O)(=O)c1ccc(Cl)s1)nn2Cc1cccc(CNC(C)=O)c1,150.0,clearance_hepatocyte,TDC
CHEMBL1080002,CCOc1ccc2nc3ccc(=O)cc-3oc2c1,150.0,clearance_hepatocyte,TDC
CHEMBL1213085,Cc1ccccc1-n1c(Cn2nc(-c3ccc(O)c(F)c3)c3c(N)ncnc32)nc2cccc(C)c2c1=O,39.81,clearance_hepatocyte,TDC
CHEMBL1082152,Cn1cc(C2=C(c3cccc(NCC(O)CO)c3)C(=O)NC2=O)c2cc(F)ccc21,41.0,clearance_hepatocyte,TDC
CHEMBL53366,Cc1nccn1CCC(C(N)=O)(c1ccccc1)c1ccccc1,46.0,clearance_hepatocyte,TDC
CHEMBL416,COc1c2occc2cc2ccc(=O)oc12,52.0,clearance_hepatocyte,TDC
CHEMBL1934266,CCC(CC)NC(=O)c1c(C)nn(C(C)C)c1NS(=O)(=O)c1ccc(C)cc1,59.87,clearance_hepatocyte,TDC
CHEMBL272705,C[C@H](CO)Nc1nc(SCc2ccco2)nc2[nH]c(=O)sc12,61.0,clearance_hepatocyte,TDC
CHEMBL70972,CC1=C(C)C(=O)C(C(CCCCCC(=O)O)c2ccccc2)=C(C)C1=O,85.0,clearance_hepatocyte,TDC
CHEMBL1689137,C[C@H]1CN(Cc2cc(Cl)ccc2CC(=O)O)CCN1S(=O)(=O)Cc1ccccc1,9.0,clearance_hepatocyte,TDC
CHEMBL223402,O=C(Nc1ccccc1F)N[C@H]1N=C(c2ccccc2)c2ccccc2NC1=O,9.12,clearance_hepatocyte,TDC
CHEMBL2086478,C=CC(=O)Nc1ccc(C)cc1,87.1,clearance_hepatocyte,TDC
CHEMBL2086477,C=CC(=O)Nc1ccccc1,32.36,clearance_hepatocyte,TDC
CHEMBL1201335,C[N+]1(C)CCC(OC(=O)C(O)(c2ccccc2)C2CCCC2)C1,91.0,clearance_hepatocyte,TDC
CHEMBL1800659,CCCCN(CCNCCc1ccc(O)c2[nH]c(=O)sc12)C(=O)CCOCCc1ccccc1,150.0,clearance_hepatocyte,TDC
CHEMBL2017291,COc1cc2c(cc1-c1c(C)noc1C)ncc1[nH]c(=O)n([C@H](C)c3ccccn3)c12,3.24,clearance_hepatocyte,TDC
CHEMBL244131,Cc1ccc(-c2cc(C(F)(F)F)nn2-c2ccc(CC(=O)O)cc2)cc1,4.79,clearance_hepatocyte,TDC
CHEMBL1916289,Cc1nn(-c2ccc(F)cc2)c(NS(=O)(=O)c2ccc(C(F)(F)F)cc2)c1C(=O)N[C@@H](C)C(C)(C)C,5.01,clearance_hepatocyte,TDC
CHEMBL1431736,CC(NC(=O)c1cc(O)nc2ccccc12)c1ccccc1,5.25,clearance_hepatocyte,TDC
CHEMBL1916260,CCC(CC)NC(=O)c1cnn(-c2ccccc2)c1NS(=O)(=O)C1CCCC1,5.29,clearance_hepatocyte,TDC
CHEMBL232846,C[C@H](CO)Nc1nc(SCc2ccccc2F)nc2nc(N)sc12,5.75,clearance_hepatocyte,TDC
CHEMBL500,CC(C)NCC(O)COc1cccc2[nH]ccc12,150.0,clearance_hepatocyte,TDC
CHEMBL1300857,Cc1[nH]c2ccc(-c3nnc(SCC(=O)N4CCCc5ccccc54)o3)cc2c1C,150.0,clearance_hepatocyte,TDC
CHEMBL2035033,NC1(c2ccc(-c3c(-c4ccccc4)ccn4ccnc34)cc2)CCC1,150.0,clearance_hepatocyte,TDC
CHEMBL1405150,CCC(=O)NC(c1cccs1)c1cc(Cl)c2cccnc2c1O,150.0,clearance_hepatocyte,TDC
CHEMBL2179284,Cc1cn([C@H]2CCCN([C@H](CC3CCCCC3)c3ccc(C(=O)O)c(Oc4cccc(Cl)c4)c3)C2)c(=O)[nH]c1=O,42.66,clearance_hepatocyte,TDC
CHEMBL1188966,CN(C)c1nc(NC[C@H]2CC[C@H](CNS(=O)(=O)c3ccc(Br)cc3OC(F)(F)F)CC2)nc2ccccc12,50.12,clearance_hepatocyte,TDC
CHEMBL1743245,Cc1ccccc1/N=N/c1ccc(NC(=O)c2ccnn2C)c(C)c1,51.0,clearance_hepatocyte,TDC
CHEMBL2098096,Cc1cc(OCC(=O)NCc2ccccc2)c2cc(Br)ccc2n1,51.29,clearance_hepatocyte,TDC
CHEMBL1229592,C=CC(=O)Nc1cccc(Oc2nc(Nc3ccc(N4CCN(C)CC4)cc3OC)ncc2Cl)c1,79.43,clearance_hepatocyte,TDC
CHEMBL2331751,Cc1cn([C@H]2CCCN(S(=O)(=O)c3ccc(O)c(Oc4cccc(Br)c4)c3)C2)c(=O)[nH]c1=O,38.02,clearance_hepatocyte,TDC
CHEMBL141157,C#CC[C@@H](C(=O)N[C@H](/C=C/C(=O)OCC)C[C@@H]1CCNC1=O)n1cccc(NC(=O)c2cc(C)on2)c1=O,38.02,clearance_hepatocyte,TDC
CHEMBL1080786,N#C[C@]1(NC(=O)[C@@H](N)Cc2cccs2)C[C@H]1c1ccccc1,136.0,clearance_hepatocyte,TDC
CHEMBL2011934,COc1ccc(-c2nc3c(NCCCN(C)C(=O)C4CCC4)c(Br)cnc3[nH]2)cc1,138.04,clearance_hepatocyte,TDC
CHEMBL1945883,O=C(Nc1ccccc1)c1ccc2cccc(O)c2n1,139.0,clearance_hepatocyte,TDC
CHEMBL1789274,CNCC[C@@H](Oc1cc(OC)ccc1C#N)c1ccccc1,142.0,clearance_hepatocyte,TDC
CHEMBL505,CN(C)CCC(c1ccc(Cl)cc1)c1ccccn1,23.0,clearance_hepatocyte,TDC
CHEMBL1090941,CCCCCCCC(=O)N[C@@H](CCN)C(=O)N[C@H](C(=O)N[C@@H](C)C(=O)N[C@H]1CCNC(=O)[C@H]([C@@H](C)O)NC(=O)[C@H](CCN)NC(=O)[C@H](CCN)NC(=O)[C@H](CC(C)C)NC(=O)[C@@H](Cc2ccccc2)NC(=O)[C@H](CCN)NC1=O)[C@@H](C)O,3.0,clearance_hepatocyte,TDC
CHEMBL1091291,CCCCCCCC(=O)N[C@@H](CCN)C(=O)N[C@H](C(=O)N[C@@H](CCN)C(=O)N[C@H]1CCNC(=O)[C@H](C)NC(=O)[C@H](CCN)NC(=O)[C@H](CCN)NC(=O)[C@H](CC(C)C)NC(=O)[C@@H](Cc2ccccc2)NC(=O)[C@H](CCN)NC1=O)[C@@H](C)O,3.0,clearance_hepatocyte,TDC
CHEMBL1689119,C[C@H]1CN(Cc2cc(Cl)ccc2OCC(=O)O)CCN1S(=O)(=O)c1ccccc1,3.0,clearance_hepatocyte,TDC
CHEMBL443,Cc1cc(NS(=O)(=O)c2ccc(N)cc2)no1,3.0,clearance_hepatocyte,TDC
CHEMBL1016,CCOc1nc2cccc(C(=O)O)c2n1Cc1ccc(-c2ccccc2-c2nnn[nH]2)cc1,3.0,clearance_hepatocyte,TDC
CHEMBL1807827,O=c1[nH]c2c(O)ccc([C@@H](O)CNCCSCCCNCCc3cccc(Cl)c3)c2s1,3.0,clearance_hepatocyte,TDC
CHEMBL1945033,O=c1[nH]c2c(O)ccc([C@@H](O)CNCCc3cccc(CNCCc4ccccn4)c3)c2s1,3.0,clearance_hepatocyte,TDC
CHEMBL1256967,CC1(C)[C@H](NC(=O)/C(=N\OCc2cc(=O)c(O)cn2O)c2csc(N)n2)C(=O)N1OS(=O)(=O)O,3.0,clearance_hepatocyte,TDC
CHEMBL2216859,CC(C)N1CCN(Cc2cnc(-c3cc(-c4cccc5[nH]ccc45)cc4[nH]ncc34)o2)CC1,3.0,clearance_hepatocyte,TDC
CHEMBL2035025,NC1(c2ccc(-c3ncc4nccn4c3-c3ccccc3)cc2)CCC1,3.0,clearance_hepatocyte,TDC
CHEMBL359864,Oc1nc2ccccc2n1C1CCN(Cc2ccc(-c3nc4ccccc4cc3-c3ccccc3)cc2)CC1,3.0,clearance_hepatocyte,TDC
CHEMBL8,O=C(O)c1cn(C2CC2)c2cc(N3CCNCC3)c(F)cc2c1=O,4.17,clearance_hepatocyte,TDC
CHEMBL1073,Cc1cnc(C(=O)NCCc2ccc(S(=O)(=O)NC(=O)NC3CCCCC3)cc2)cn1,4.27,clearance_hepatocyte,TDC
CHEMBL266195,C=CCc1ccccc1OCC(O)CNC(C)C,150.0,clearance_hepatocyte,TDC
CHEMBL2107486,C[C@@H](O)[C@H]1C(=O)N2C(C(=O)OCOC(=O)C(C)(C)C)=C(SC3CN(C4=NCCS4)C3)[C@H](C)[C@H]12,150.0,clearance_hepatocyte,TDC
CHEMBL2035021,NC1(c2ccc(-c3nc4ccccn4c3-c3ccccc3)cc2)CCC1,150.0,clearance_hepatocyte,TDC
CHEMBL1921942,C[C@@](C(=O)O[C@H]1C[N+]2(CC(=O)Nc3ccccc3)CCC1CC2)(c1ccccc1)N1CCCCC1,64.0,clearance_hepatocyte,TDC
CHEMBL1091678,CC(=O)N[C@@H](CCN)C(=O)N[C@H](C(=O)N[C@@H](CCN)C(=O)N[C@H]1CCNC(=O)[C@H]([C@@H](C)O)NC(=O)[C@H](CCN)NC(=O)[C@H](CCN)NC(=O)[C@H](CC(C)C)NC(=O)[C@@H](Cc2ccccc2)NC(=O)[C@H](CCN)NC1=O)[C@@H](C)O,3.0,clearance_hepatocyte,TDC
CHEMBL2018969,COc1cccc2c1c(NS(=O)(=O)c1ccc(Cl)s1)nn2Cc1cccc(CNC(=O)C(C)(C)O)c1,40.0,clearance_hepatocyte,TDC
CHEMBL1916082,CCC(CC)NC(=O)c1cnn(-c2ccccc2)c1NS(=O)(=O)c1ccc(C)cc1,47.91,clearance_hepatocyte,TDC
CHEMBL2147569,C[C@]12Cc3cnn(-c4ccc(F)cc4)c3C=C1CC[C@@]2(O)CCc1ccc(F)cc1C(N)=O,52.48,clearance_hepatocyte,TDC
CHEMBL1089518,CCCCOc1nc(N)c2[nH]c(=O)n(Cc3cccc(CC(=O)O)c3)c2n1,3.0,clearance_hepatocyte,TDC
CHEMBL551170,O=C(NCC12CC3CC(CC(C3)C1)C2)c1cc(-n2ncc(=O)[nH]c2=O)ccc1Cl,15.3,clearance_hepatocyte,TDC
CHEMBL551170,O=C(NCC12CC3CC(CC(C3)C1)C2)c1cc(-n2ncc(=O)[nH]c2=O)ccc1Cl,37.0,clearance_hepatocyte,TDC
CHEMBL1689115,O=C(O)COc1ccc(Cl)cc1CN1CCCN(S(=O)(=O)Cc2ccccc2)CC1,18.0,clearance_hepatocyte,TDC
CHEMBL1096435,CS(=O)(=O)c1ccc([C@@H](CC2CCCC2)C(=O)Nc2nccs2)cc1,20.89,clearance_hepatocyte,TDC
CHEMBL2062583,CC(=O)Nc1ccc2c(c1)c(-c1cc(NC3CC3)n3ncc(C#N)c3n1)cn2CCCO,12.3,clearance_hepatocyte,TDC
CHEMBL1689129,C[C@H]1CN(Cc2cc(Cl)ccc2OCC(=O)O)CCN1C(=O)Cc1ccccc1Cl,13.0,clearance_hepatocyte,TDC
CHEMBL1669155,CC1(COc2cc(-c3cccc4c(=O)cc(N5CCOCC5)oc34)ccc2NC(=O)CN2CCOCC2)COC1,95.5,clearance_hepatocyte,TDC
CHEMBL2338400,CC(C)(C)NC(=O)NCCN1CCN(CC(=O)NC23CC4CC(CC(C4)C2)C3)CC1,33.88,clearance_hepatocyte,TDC
CHEMBL469727,COCc1ccoc1C(=O)N(c1ccc(OC)cc1OC)C(C(=O)NC[C@@H](C)O)c1ccccc1F,34.5,clearance_hepatocyte,TDC
CHEMBL2070938,N#CC1(NC(=O)[C@@H]2CCCC[C@H]2C(=O)N2CCN(c3nccs3)CC2)CC1,36.31,clearance_hepatocyte,TDC
CHEMBL1072,CCCCNc1cc(C(=O)O)cc(S(N)(=O)=O)c1Oc1ccccc1,144.54,clearance_hepatocyte,TDC
CHEMBL2023489,COc1ccc2c(Oc3ccc(CC(=O)Nc4cn(C)nc4C)c(OC)c3)ccnc2c1,23.44,clearance_hepatocyte,TDC
CHEMBL565755,CCOc1ccc2nc(N)sc2c1,74.13,clearance_hepatocyte,TDC
CHEMBL377957,COc1ccc(C)c(Nc2ncc3ccn(-c4ccccn4)c3n2)c1,83.18,clearance_hepatocyte,TDC
CHEMBL2031561,O=C(Nc1cccc(-c2nnn[nH]2)c1)c1cc(O)cc(C(F)(F)F)c1,29.51,clearance_hepatocyte,TDC
CHEMBL1934413,Cc1ccc(S(=O)(=O)Nc2c(C(=O)N[C@@H](C)C(C)(C)C)c(C)nn2C2CCC2)cc1,17.0,clearance_hepatocyte,TDC
CHEMBL2361207,COc1ccc(C#Cc2ccc([C@@H]3[C@H](CO)N4CCCCN(C(=O)Nc5cccc(F)c5)C[C@@H]34)cc2)cc1,18.2,clearance_hepatocyte,TDC
CHEMBL1738840,COc1ccnc(CCc2nc3cccnc3[nH]2)c1,18.89,clearance_hepatocyte,TDC
CHEMBL1624302,Nc1nc(-c2ccc(Cl)c(Cl)c2)c(-c2ccncc2)s1,19.05,clearance_hepatocyte,TDC
CHEMBL257830,N#Cc1ccc2[nH]c(-c3ccc(F)cc3)c(CCCC(=O)NS(N)(=O)=O)c2c1,19.6,clearance_hepatocyte,TDC
CHEMBL570015,COc1cccc(Nc2c(C(N)=O)cnc3c(C)cc(S(=O)(=O)c4cccc(C(=O)N(C)C)c4)cc23)c1,20.05,clearance_hepatocyte,TDC
CHEMBL1204759,Cc1nn(-c2ccccc2)c(NC(=O)NS(=O)(=O)c2ccc(Cl)cc2)c1C#N,3.0,clearance_hepatocyte,TDC
CHEMBL1689128,C[C@H]1CN(Cc2cc(Cl)ccc2OCC(=O)O)CCN1C(=O)Cc1ccc(Cl)cc1,3.0,clearance_hepatocyte,TDC
CHEMBL12,CN1C(=O)CN=C(c2ccccc2)c2cc(Cl)ccc21,6.17,clearance_hepatocyte,TDC
CHEMBL1290184,Cc1cccc(CN2CCC3(CC2)CCN(C(=O)c2ccccc2)CC3)c1,10.2,clearance_hepatocyte,TDC
CHEMBL2158793,Cc1cc(F)ccc1OC1CCN(CC2CCN([C@@](C)(Cc3ccc(F)cc3)C(=O)O)CC2)CC1,10.63,clearance_hepatocyte,TDC
CHEMBL633,CCCCc1oc2ccccc2c1C(=O)c1cc(I)c(OCCN(CC)CC)c(I)c1,11.0,clearance_hepatocyte,TDC
CHEMBL1683934,O=C(Nc1ccccc1-c1ccccc1)OC1CCN(CCCCCCCCCNC[C@H](O)c2ccc(O)c3[nH]c(=O)ccc23)CC1,25.33,clearance_hepatocyte,TDC
CHEMBL1852688,CCN1CCN(c2ccc(Nc3cc(N(C)C(=O)Nc4c(Cl)c(OC)cc(OC)c4Cl)ncn3)cc2)CC1,28.84,clearance_hepatocyte,TDC
CHEMBL1669154,O=C(CN1CCOCC1)Nc1ccc(-c2cccc3c(=O)cc(N4CCOCC4)oc23)cc1OCC1CC1,95.5,clearance_hepatocyte,TDC
CHEMBL1917426,Cc1c(Sc2ccc(Cl)cc2)c2cc(F)ccc2n1CC(=O)O,34.0,clearance_hepatocyte,TDC
CHEMBL14762,CC[C@H](CO)Nc1nc(NCc2ccccc2)c2ncn(C(C)C)c2n1,107.15,clearance_hepatocyte,TDC
CHEMBL267144,CC(C)[C@H]1C(=O)N[C@H](CO)Cc2ccccc2N1C,144.54,clearance_hepatocyte,TDC
CHEMBL288470,Cc1c(N(C)C)c(=O)n(-c2ccccc2)n1C,3.47,clearance_hepatocyte,TDC
CHEMBL244936,Cc1nc2ccc(-c3ccc(Cl)cc3)cc2c(=O)n1C[C@H]1CCCN(C(C)C)C1,3.8,clearance_hepatocyte,TDC
CHEMBL1770475,CSCCC(NC(=O)c1ccccc1)c1nc2ccccc2n1Cc1ccc(C#N)cc1,150.0,clearance_hepatocyte,TDC
CHEMBL31815,C=CC(=O)Nc1ccc2ncnc(Nc3cccc(C)c3)c2c1,150.0,clearance_hepatocyte,TDC
CHEMBL17357,NCCc1ccc(O)c2nc(O)sc12,150.0,clearance_hepatocyte,TDC
CHEMBL111732,CN(CCc1ccc(O)c2nc(O)sc12)CCN(C)C(=O)CCOCCc1ccccc1,150.0,clearance_hepatocyte,TDC
CHEMBL1486510,CCOC(=O)c1c(C)n(Cc2ccco2)c2ccc(O)cc12,150.0,clearance_hepatocyte,TDC
CHEMBL1425658,c1csc(Cn2nnnc2CN2CCN(c3nc4ccccc4s3)CC2)c1,150.0,clearance_hepatocyte,TDC
CHEMBL272551,O=S(=O)(c1ccccc1)N1CCN(Cc2ccccc2)CC1,150.0,clearance_hepatocyte,TDC
CHEMBL1829876,CN(CC(=O)N(Cc1ccc(C2CCCCC2)cc1)c1ccc(C(=O)O)c(O)c1)S(=O)(=O)c1c(F)c(F)c(F)c(F)c1F,74.13,clearance_hepatocyte,TDC
CHEMBL1427959,O=C(Nc1nc2ccccc2s1)c1ccccc1,77.62,clearance_hepatocyte,TDC
CHEMBL1916086,Cc1ccc(S(=O)(=O)Nc2c(C(=O)NCc3ccccc3)cnn2-c2ccccc2)cc1,40.0,clearance_hepatocyte,TDC
CHEMBL339053,O=C(N[C@H](Cc1ccc(Cl)cc1)C(=O)N1CCC(Cn2cncn2)(C2CCCCC2)CC1)[C@H]1Cc2ccccc2CN1,40.74,clearance_hepatocyte,TDC
CHEMBL103667,Cc1ccc(-n2nc(C(C)(C)C)cc2NC(=O)Nc2ccc(OCCN3CCOCC3)c3ccccc23)cc1,42.66,clearance_hepatocyte,TDC
CHEMBL436826,CCOc1ccc(-n2c([C@@H](C)N(Cc3cccnc3)C(=O)Cc3ccc(C(F)(F)F)cc3)nc3ccccc3c2=O)cc1,43.36,clearance_hepatocyte,TDC
CHEMBL1934426,Cc1nn(C2CCOCC2)c(NS(=O)(=O)c2ccc(C3CC3)cc2)c1C(=O)N[C@@H](C)C(C)(C)C,3.0,clearance_hepatocyte,TDC
CHEMBL1614705,O=C(CO)N1CCC(c2[nH]nc(-c3ccc(Cl)cc3F)c2-c2ccncn2)CC1,3.0,clearance_hepatocyte,TDC
CHEMBL1531981,Cc1oc(-c2ccccc2)cc1C(=O)Nc1cccc(C(=O)O)c1,66.07,clearance_hepatocyte,TDC
CHEMBL440405,CS(=O)(=O)NC(=O)CCCc1c(-c2ccc(F)cc2)[nH]c2ccc(C#N)cc12,14.3,clearance_hepatocyte,TDC
CHEMBL408194,COC1=CC(c2cc3ccccc3[nH]2)=N/C1=C\c1[nH]c(C)cc1C,22.39,clearance_hepatocyte,TDC
CHEMBL2216859,CC(C)N1CCN(Cc2cnc(-c3cc(-c4cccc5[nH]ccc45)cc4[nH]ncc34)o2)CC1,15.14,clearance_hepatocyte,TDC
CHEMBL1209915,COc1ccc(C2CC(c3ccc(Br)cc3)=NN2C(C)=O)cc1,16.6,clearance_hepatocyte,TDC
CHEMBL241970,Cc1ccc(-c2cc(C(F)(F)F)nn2-c2ccc(S(C)(=O)=O)cc2)cc1,17.38,clearance_hepatocyte,TDC
CHEMBL1934269,Cc1ccc(S(=O)(=O)Nc2c(C(=O)N[C@@H](C)C(C)(C)C)c(C)nn2CC(F)(F)F)cc1,18.0,clearance_hepatocyte,TDC
CHEMBL522460,Cc1ccccc1CN1CCC(N2CCC(n3c(=O)[nH]c4ccccc43)CC2)CC1,19.0,clearance_hepatocyte,TDC
CHEMBL1770476,CCOc1ccc2oc(C(=O)NC(CCSC)c3nc4cnccc4[nH]3)c(C)c2c1,21.0,clearance_hepatocyte,TDC
CHEMBL75435,C[C@H](C(=O)O)c1cccc(C(=O)c2ccccc2)c1,21.0,clearance_hepatocyte,TDC
CHEMBL372052,C[C@@H](C(=O)O)c1cccc(C(=O)c2ccccc2)c1,21.3,clearance_hepatocyte,TDC
CHEMBL551765,O=C(NCC1CCCCCC1)c1cc(-c2cccnc2N2CCC(C(=O)O)CC2)ccc1Cl,15.0,clearance_hepatocyte,TDC
CHEMBL2035032,NC1(c2ccc(-c3c(-c4ccccc4)ccc4ccnn34)cc2)CCC1,10.23,clearance_hepatocyte,TDC
CHEMBL1818218,CC(C)CNc1nc(N2CCN(CC3CCCOC3)CC2)ncc1C(=O)NCc1ccccc1,89.13,clearance_hepatocyte,TDC
CHEMBL2089383,C=CC(=O)Nc1ccc(OC)cc1,10.72,clearance_hepatocyte,TDC
CHEMBL554,CS(=O)(=O)CCNCc1ccc(-c2ccc3ncnc(Nc4ccc(OCc5cccc(F)c5)c(Cl)c4)c3c2)o1,91.2,clearance_hepatocyte,TDC
CHEMBL2152523,c1ccc([C@H]([C@@H](c2ccccc2)N2CCCCC2)N2CCCCC2)cc1,12.02,clearance_hepatocyte,TDC
CHEMBL1981917,NC1=Nc2ccccc2Sc2cccc(F)c21,13.18,clearance_hepatocyte,TDC
CHEMBL631,CCCNCC(O)COc1ccccc1C(=O)CCc1ccccc1,38.02,clearance_hepatocyte,TDC
CHEMBL2179282,CCC(C)(CC)C[C@H](c1ccc(C(=O)O)c(Oc2cccc(Br)c2)c1)N1CCC[C@H](n2cc(C)c(=O)[nH]c2=O)C1,69.18,clearance_hepatocyte,TDC
CHEMBL210887,O=C(Nc1nc2ccccc2n1CCCO)c1cccc([N+](=O)[O-])c1,85.11,clearance_hepatocyte,TDC
CHEMBL1596896,Cc1cccc(NC(=O)Nc2cccc3ccccc23)c1,91.2,clearance_hepatocyte,TDC
CHEMBL2170994,Nc1ncnc2c1ncn2[C@@H]1O[C@H](CSCCCNC(=O)Nc2ccc(Cl)cc2)[C@@H](O)[C@H]1O,93.33,clearance_hepatocyte,TDC
CHEMBL2181926,CCOC(=O)C1=C(C)NC(C)=C(C(C)=O)[C@H]1c1cccc2c(=O)cc(C)oc12,104.71,clearance_hepatocyte,TDC
CHEMBL2151325,CCOc1cc(Nc2nc3c(cc2F)ncn3[C@@H](CO)c2ccc(F)cn2)n[nH]1,30.2,clearance_hepatocyte,TDC
CHEMBL2018964,COc1cccc2c1c(NS(=O)(=O)c1ccc(Cl)s1)nn2Cc1cccc(CNC(C)=O)c1,13.0,clearance_hepatocyte,TDC
CHEMBL115,CC(C)(C)NC(=O)[C@@H]1CN(Cc2cccnc2)CCN1C[C@@H](O)C[C@@H](Cc1ccccc1)C(=O)N[C@H]1c2ccccc2C[C@H]1O,53.7,clearance_hepatocyte,TDC
CHEMBL550175,C[C@@H]1CN(c2ccc(F)cc2C(F)(F)F)CCN1S(=O)(=O)c1ccc(C(N)=O)cc1Cl,63.1,clearance_hepatocyte,TDC
CHEMBL2158778,O=C(O)[C@H](Cc1ccc(F)cc1)N1CCC(CN2CCC(Oc3ccc(Cl)cc3)CC2)CC1,3.0,clearance_hepatocyte,TDC
CHEMBL898,O=C(O)c1cc(-c2ccc(F)cc2F)ccc1O,6.31,clearance_hepatocyte,TDC
CHEMBL2070950,N#CC1(NC(=O)[C@@H]2CCCC[C@H]2C(=O)N2CCN(c3nc4ccncc4s3)CC2)CC1,6.61,clearance_hepatocyte,TDC
CHEMBL1272,CCOc1cc(CC(=O)N[C@@H](CC(C)C)c2ccccc2N2CCCCC2)ccc1C(=O)O,29.51,clearance_hepatocyte,TDC
CHEMBL398338,CC(C)(C)c1ccc2c(c1)CC[C@H]2NC(=O)Nc1cccc2[nH]ncc12,20.42,clearance_hepatocyte,TDC
CHEMBL2169908,Cc1noc2cc(N3CCN(C(=O)[C@@H]4CCCC[C@H]4C(=O)NC4(C#N)CC4)[C@H](C)C3)ccc12,30.2,clearance_hepatocyte,TDC
CHEMBL511444,CN[C@@H](C)C(=O)N[C@H](C(=O)N1CC[C@H]2CC[C@H](NC(=O)c3cccc4ccccc34)[C@H]21)C(C)(C)C,12.02,clearance_hepatocyte,TDC
CHEMBL1164033,CN(C)CCOc1cc(NS(=O)(=O)c2c(Cl)cc(C(F)(F)F)cc2Cl)ccc1Cl,12.88,clearance_hepatocyte,TDC
CHEMBL1086310,CC(C)c1ccc(NC(=O)Cn2cnc3c2c(=O)n(C)c(=O)n3C)cc1,16.6,clearance_hepatocyte,TDC
CHEMBL2158051,CN[C@@H](C)C(=O)N[C@H]1CN(C(=O)CC(C)C)CC[C@H]2CC[C@@H](C(=O)NC(c3ccccc3)c3ccccc3)N2C1=O,16.98,clearance_hepatocyte,TDC
CHEMBL1091644,C[C@]1(O)C[C@@H](c2nc(-c3ccc4ccc(-c5ccccc5)nc4c3)c3c(N)nccn32)C1,16.98,clearance_hepatocyte,TDC
CHEMBL2177110,CCCSc1c(C(=O)NC2CCCCC2)cnn1-c1cccc(C(=O)O)c1,16.98,clearance_hepatocyte,TDC
CHEMBL285831,NS(=O)(=O)c1ccc(-n2nc(C(F)(F)F)cc2-c2ccc(C(F)(F)F)cc2)cc1,18.2,clearance_hepatocyte,TDC
CHEMBL1916533,COc1ccc2ncc(F)c(CCN3CCC(NCc4ccc5c(n4)NC(=O)CO5)CC3)c2n1,39.81,clearance_hepatocyte,TDC
CHEMBL402501,C[C@H](Cc1cccc(CC(=O)NC23CC4CC(CC(C4)C2)C3)c1)NC[C@H](O)c1ccc(O)c(CO)c1,43.0,clearance_hepatocyte,TDC
CHEMBL1463345,C[C@]12CC[C@H]3[C@@H](C=CC4=CC(=O)CC[C@@]43C)[C@@H]1CC[C@@]21CCC(=O)O1,45.71,clearance_hepatocyte,TDC
CHEMBL672,CC(C)OC(=O)C(C)(C)Oc1ccc(C(=O)c2ccc(Cl)cc2)cc1,54.0,clearance_hepatocyte,TDC
CHEMBL1560,C[C@H](CS)C(=O)N1CCC[C@H]1C(=O)O,57.11,clearance_hepatocyte,TDC
CHEMBL2153439,Cc1cccc(-c2ccc(CNC(=O)CCCc3ccc4cccnc4n3)cc2)c1,60.26,clearance_hepatocyte,TDC
CHEMBL1921946,C[C@@](C(=O)O[C@H]1C[N+]2(CC(=O)Nc3ccccn3)CCC1CC2)(c1ccccc1)N1CCCCC1,64.0,clearance_hepatocyte,TDC
CHEMBL1934415,Cc1ccc(S(=O)(=O)Nc2c(C(=O)N[C@@H](C)C(C)(C)C)c(C)nn2C2CCCCC2)cc1,8.0,clearance_hepatocyte,TDC
CHEMBL1917433,Cc1c(Sc2ccc(Cl)cc2)c2c(NS(C)(=O)=O)cccc2n1CC(=O)O,4.76,clearance_hepatocyte,TDC
CHEMBL1829174,Cc1cc(OCCCS(C)(=O)=O)cc(C)c1-c1cccc(COc2ccc3c(c2)OC[C@H]3CC(=O)O)c1,5.25,clearance_hepatocyte,TDC
CHEMBL1684984,CS(=O)(=O)N1CCc2c(-c3cnc(N)nc3)nc(N3CCOCC3)nc21,5.37,clearance_hepatocyte,TDC
CHEMBL2325014,Nc1[nH]ncc1-c1cc(Cl)ccc1Oc1cc(F)c(S(=O)(=O)Nc2cscn2)cc1Cl,5.62,clearance_hepatocyte,TDC
CHEMBL1256967,CC1(C)[C@H](NC(=O)/C(=N\OCc2cc(=O)c(O)cn2O)c2csc(N)n2)C(=O)N1OS(=O)(=O)O,11.48,clearance_hepatocyte,TDC
CHEMBL583042,Cc1cnc(Nc2ccc(F)cc2Cl)nc1-c1c[nH]c(C(=O)N[C@H](CO)c2cccc(Cl)c2)c1,12.88,clearance_hepatocyte,TDC
CHEMBL1807829,O=c1[nH]c2c(O)ccc([C@@H](O)CNCCSCCCNCCc3cccc(Cl)c3Cl)c2s1,19.44,clearance_hepatocyte,TDC
CHEMBL1829174,Cc1cc(OCCCS(C)(=O)=O)cc(C)c1-c1cccc(COc2ccc3c(c2)OC[C@H]3CC(=O)O)c1,10.0,clearance_hepatocyte,TDC
CHEMBL513412,COc1ccc(N(C(=O)c2occc2C)C(C(=O)NC[C@@H](C)O)c2ccccc2F)c(OC)c1,87.0,clearance_hepatocyte,TDC
CHEMBL551707,O=C(NCC12CC3CC(CC(C3)C1)C2)c1c(Cl)ccc2nc(N3CCC[C@H](NCCc4nnn[nH]4)C3)ccc12,13.0,clearance_hepatocyte,TDC
CHEMBL1766779,CS(=O)(=O)c1ccc(-c2cnc(N)c(C(=O)Nc3ccccc3)n2)cc1,19.05,clearance_hepatocyte,TDC
CHEMBL2017259,N#Cc1ccc(C(=O)Nc2ccc(-n3ccnc3)nc2)cc1,20.42,clearance_hepatocyte,TDC
CHEMBL1916272,CCC(CC)NC(=O)c1c(C)nn(-c2ccccc2)c1NS(=O)(=O)c1ccc(C)cc1,13.49,clearance_hepatocyte,TDC
CHEMBL464552,CNC(=O)c1c(F)cccc1Nc1nc(Nc2cc3c(cc2OC)CCN3C(=O)CN(C)C)nc2[nH]ccc12,21.88,clearance_hepatocyte,TDC
CHEMBL2220442,CC(C)n1c(/C=C/C(O)CC(O)CC(=O)O)c(-c2ccc(F)cc2)c2ccccc21,3.0,clearance_hepatocyte,TDC
CHEMBL1421,Cc1nc(Nc2ncc(C(=O)Nc3c(C)cccc3Cl)s2)cc(N2CCN(CCO)CC2)n1,28.18,clearance_hepatocyte,TDC
CHEMBL408,Cc1c(C)c2c(c(C)c1O)CCC(C)(COc1ccc(CC3SC(=O)NC3=O)cc1)O2,28.18,clearance_hepatocyte,TDC
CHEMBL1209914,CC(=O)N1N=C(c2ccc(Br)cc2)CC1c1ccc(C)cc1,30.9,clearance_hepatocyte,TDC
CHEMBL1762530,Cc1ccc(CO)cc1N(C)c1ccnc(Nc2cc(N3CCOCC3)cc(N3CCOCC3)c2)n1,31.62,clearance_hepatocyte,TDC
CHEMBL655,Cc1ncc2n1-c1ccc(Cl)cc1C(c1ccccc1F)=NC2,32.36,clearance_hepatocyte,TDC
CHEMBL1416617,Cc1nn(-c2ccccc2)c(N)c1-c1ccccc1,32.36,clearance_hepatocyte,TDC
CHEMBL1868114,COCCNc1nc(NCc2ccccc2F)c2sccc2n1,147.91,clearance_hepatocyte,TDC
CHEMBL1645496,O=c1cc(-c2cccnc2)[nH]c2cc(C(O)c3ccccc3)ccc12,46.0,clearance_hepatocyte,TDC
CHEMBL2178393,Nc1nnc(CCSCCc2nnc(NC(=O)Cc3ccccc3)s2)s1,72.44,clearance_hepatocyte,TDC
CHEMBL1921939,C[C@@](C(=O)O[C@H]1C[N+]2(CCOCCc3ccccc3)CCC1CC2)(c1ccccc1)N1CCCCC1,77.0,clearance_hepatocyte,TDC
CHEMBL339053,O=C(N[C@H](Cc1ccc(Cl)cc1)C(=O)N1CCC(Cn2cncn2)(C2CCCCC2)CC1)[C@H]1Cc2ccccc2CN1,27.54,clearance_hepatocyte,TDC
CHEMBL1371,O=c1[nH]c2cc(Cl)ccc2o1,10.96,clearance_hepatocyte,TDC
CHEMBL1084102,O=C(O)CC[C@@H](Cc1ccc(OCc2ccccc2)cc1)NC(=O)CCCCCCc1ccccc1,17.38,clearance_hepatocyte,TDC
CHEMBL443684,CC1(C)CCC(c2ccc(Cl)cc2)=C(CN2CCN(c3ccc(C(=O)NS(=O)(=O)c4ccc(N[C@H](CCN5CCOCC5)CSc5ccccc5)c(S(=O)(=O)C(F)(F)F)c4)cc3)CC2)C1,9.77,clearance_hepatocyte,TDC
CHEMBL1934417,COCCC(C)n1nc(C)c(C(=O)N[C@@H](C)C(C)(C)C)c1NS(=O)(=O)c1ccc(C)cc1,9.9,clearance_hepatocyte,TDC
CHEMBL2216902,CC(C)c1nc2ccccc2n1-c1nc(N2CCOCC2)c2nc(OC3CN(C4CCS(=O)(=O)CC4)C3)n(C)c2n1,10.0,clearance_hepatocyte,TDC
CHEMBL1689124,CCC[C@H]1CN(Cc2cc(Cl)ccc2OCC(=O)O)CCN1S(=O)(=O)c1ccccc1,10.0,clearance_hepatocyte,TDC
CHEMBL422648,Cc1oc(=O)oc1CN1CCN(c2cc3c(cc2F)c(=O)c(C(=O)O)c2n3C(C)S2)CC1,69.18,clearance_hepatocyte,TDC
CHEMBL1294,C=C[C@H]1CN2CC[C@H]1C[C@@H]2[C@@H](O)c1ccnc2ccc(OC)cc12,72.44,clearance_hepatocyte,TDC
CHEMBL894,CC(NC(C)(C)C)C(=O)c1cccc(Cl)c1,72.44,clearance_hepatocyte,TDC
CHEMBL217899,CCc1nn(C2CCCC2)c2c1CCn1c(-c3cccs3)nnc1-2,73.0,clearance_hepatocyte,TDC
CHEMBL1921917,C[C@@](C(=O)O[C@H]1C[N+]2(CCCc3ccncc3)CCC1CC2)(c1ccccc1)N1CCCCC1,82.0,clearance_hepatocyte,TDC
CHEMBL1489611,Cc1cc(C)cc(-c2nnc(SCC(=O)N3CCN(C(=O)c4ccco4)CC3)o2)c1,89.13,clearance_hepatocyte,TDC
CHEMBL212521,CC[C@H](N)C(=O)N[C@H](C#N)Cc1ccc(-c2ccccc2)cc1,91.0,clearance_hepatocyte,TDC
CHEMBL1945035,O=c1[nH]c2c(O)ccc([C@@H](O)CNCCc3ccccc3CNCCc3ccccc3F)c2s1,107.0,clearance_hepatocyte,TDC
CHEMBL33899,CC/C(=C(\c1ccccc1)c1ccc(/C=C/C(=O)O)cc1)c1ccccc1,107.15,clearance_hepatocyte,TDC
CHEMBL1201016,COCC1=C(C(=O)OC(C)OC(=O)OC(C)C)N2C(=O)[C@@H](NC(=O)/C(=N\OC)c3csc(N)n3)[C@H]2SC1,114.82,clearance_hepatocyte,TDC
CHEMBL655,Cc1ncc2n1-c1ccc(Cl)cc1C(c1ccccc1F)=NC2,121.0,clearance_hepatocyte,TDC
CHEMBL51628,O=c1ccc2ccc(O)cc2o1,123.03,clearance_hepatocyte,TDC
CHEMBL399539,COC(=O)C1=C(C)NC(C)=C(C(=O)OC(C)C)[C@@H]1c1cccc2nonc12,125.89,clearance_hepatocyte,TDC
CHEMBL1773254,O=C(O)CCc1ccc(OCc2cccc(Br)c2)cc1,128.82,clearance_hepatocyte,TDC
CHEMBL1904754,Cc1nc2ncnn2c(O)c1CCOC(=O)c1ccccc1F,129.0,clearance_hepatocyte,TDC
CHEMBL1800656,CCN(CCNCCc1ccc(O)c2[nH]c(=O)sc12)C(=O)CCOCCc1ccccc1,135.0,clearance_hepatocyte,TDC
CHEMBL60066,O=C(Nc1ccc(F)cc1)c1ccc(Cl)[n+]([O-])c1,149.0,clearance_hepatocyte,TDC
CHEMBL1809045,COc1cc(C2CCN(C(C)=O)CC2)ccc1Nc1ncc(Cl)c(-c2cnc3ccccn23)n1,23.99,clearance_hepatocyte,TDC
CHEMBL2326624,COc1cccc2c1c(NS(=O)(=O)c1ccc(Cl)s1)nn2Cc1cccc(CNC(=O)[C@@H]2COCCN2)c1,26.0,clearance_hepatocyte,TDC
CHEMBL1944694,COc1ccccc1CCNCc1ccc(CCNC[C@H](O)c2ccc(O)c3[nH]c(=O)sc23)cc1,29.0,clearance_hepatocyte,TDC
CHEMBL1669157,O=C(CN1CCOCC1)Nc1ccc(-c2cccc3c(=O)cc(N4CCOCC4)oc23)cc1O,18.62,clearance_hepatocyte,TDC
CHEMBL2089280,Cc1ccc(-c2cccc([S@]3(=O)=NC(=O)[C@H](C)N3)c2)cc1,19.5,clearance_hepatocyte,TDC
CHEMBL1916273,Cc1ccc(S(=O)(=O)Nc2c(C(=O)NC(C)C)c(C)nn2-c2ccccc2)cc1,51.0,clearance_hepatocyte,TDC
CHEMBL469728,COc1ccc(N(C(=O)c2occc2Cl)C(C(=O)NC[C@@H](C)O)c2ccccc2F)c(OC)c1,59.0,clearance_hepatocyte,TDC
CHEMBL1921923,C[C@@](C(=O)O[C@H]1C[N+]2(CCCc3cncnc3)CCC1CC2)(c1ccccc1)N1CCCCC1,66.0,clearance_hepatocyte,TDC
CHEMBL9967,CN1CCN(CC(=O)N2c3ccccc3C(=O)Nc3cccnc32)CC1,6.76,clearance_hepatocyte,TDC
CHEMBL33,C[C@H]1COc2c(N3CCN(C)CC3)c(F)cc3c(=O)c(C(=O)O)cn1c23,3.0,clearance_hepatocyte,TDC
CHEMBL1807826,O=c1[nH]c2c(O)ccc([C@@H](O)CNCCSCCCNCCc3cccc(C(F)(F)F)c3)c2s1,6.0,clearance_hepatocyte,TDC
CHEMBL1645135,C[C@H](NC(=O)c1cccc2c1N(Cc1ccc(Cl)cc1)CC2)c1ccc(C(=O)O)cc1,13.18,clearance_hepatocyte,TDC
CHEMBL370657,Cn1c(-c2ccccc2C(F)(F)F)nnc1C12CCC(c3noc(-c4ccc(F)cc4)n3)(CC1)CC2,7.94,clearance_hepatocyte,TDC
CHEMBL108,NC(=O)N1c2ccccc2C=Cc2ccccc21,19.95,clearance_hepatocyte,TDC
CHEMBL1809057,COc1cc(C(CO)CO)ccc1Nc1ncc(Cl)c(-c2cnc3ccccn23)n1,19.95,clearance_hepatocyte,TDC
CHEMBL168634,Cc1ccc(S(=O)(=O)N2N=Cc3ccccc3B2O)cc1,6.17,clearance_hepatocyte,TDC
CHEMBL2153435,CCNC(=O)C[C@H]1N=C(c2ccc(Cl)cc2)c2cc(OC)ccc2-n2c(C)nnc21,6.31,clearance_hepatocyte,TDC
CHEMBL642,CCCC(=O)Nc1ccc(OCC(O)CNC(C)C)c(C(C)=O)c1,6.92,clearance_hepatocyte,TDC
CHEMBL1689122,CC1CN(S(=O)(=O)c2ccccc2)CCN1Cc1cc(Cl)ccc1OCC(=O)O,7.0,clearance_hepatocyte,TDC
CHEMBL1779512,COC[C@@H](O)Cn1c(=O)cnn(-c2ccc(Cl)c(C(=O)NCC3(O)CCCCCC3)c2)c1=O,8.0,clearance_hepatocyte,TDC
CHEMBL2088413,Cc1ccc(CCNC(=O)c2ccc3sc(CO)nc3c2)cc1,42.66,clearance_hepatocyte,TDC
CHEMBL403313,CN(C)S(=O)(=O)NC(=O)CCCc1c(-c2ccc(F)cc2)[nH]c2ccc(C#N)cc12,44.0,clearance_hepatocyte,TDC
CHEMBL413,CO[C@H]1C[C@@H]2CC[C@@H](C)[C@@](O)(O2)C(=O)C(=O)N2CCCC[C@H]2C(=O)O[C@H]([C@H](C)C[C@@H]2CC[C@@H](O)[C@H](OC)C2)CC(=O)[C@H](C)/C=C(\C)[C@@H](O)[C@@H](OC)C(=O)[C@H](C)C[C@H](C)/C=C/C=C/C=C/1C,50.12,clearance_hepatocyte,TDC
CHEMBL1738764,Cc1ccc(CO)cc1N(c1ccnc(Nc2cc(N3CCOCC3)cc(S(C)(=O)=O)c2)n1)C(C)C,53.7,clearance_hepatocyte,TDC
CHEMBL1916261,CCC(CC)NC(=O)c1nnn(-c2ccccc2)c1NS(=O)(=O)c1ccc(C)cc1,56.0,clearance_hepatocyte,TDC
CHEMBL833,Clc1ccccc1CN1CCc2sccc2C1,56.23,clearance_hepatocyte,TDC
CHEMBL1921931,C[C@@](C(=O)O[C@H]1C[N+]2(CCOc3ccc(Cl)cc3)CCC1CC2)(c1ccccc1)N1CCCCC1,60.0,clearance_hepatocyte,TDC
CHEMBL81945,Nc1ccc2c(c1)Cc1cc(N)ccc1-2,61.66,clearance_hepatocyte,TDC
CHEMBL2326623,COc1cccc2c1c(NS(=O)(=O)c1ccc(Cl)s1)nn2Cc1cccc(CNC(=O)[C@H]2COCCN2)c1,16.0,clearance_hepatocyte,TDC
CHEMBL1831130,COc1ccc2nc(C)cc(N3CC(CNC(=O)C4CC4)OC3=O)c2c1,19.5,clearance_hepatocyte,TDC
CHEMBL1945037,O=c1[nH]c2c(O)ccc([C@@H](O)CNCCc3cccc(CNCCCc4ccccc4)c3)c2s1,19.0,clearance_hepatocyte,TDC
CHEMBL2312185,CNc1nc(C)c(-c2nc(Nc3cccc(N4CCCNCC4)c3)ncc2C#N)s1,19.5,clearance_hepatocyte,TDC
CHEMBL1077827,CCOc1ccc(-n2c([C@@H](C)N(CC3CCN(C)CC3)C(=O)Cc3ccc(F)c(C(F)(F)F)c3)nc3ncccc3c2=O)cc1,19.95,clearance_hepatocyte,TDC
CHEMBL1950864,CN[C@@H](C)C(=O)N[C@H](C(=O)N[C@H]1C[C@@H]2CC[C@H]1N(CCc1ccccc1)C2)C1CCCCC1,19.95,clearance_hepatocyte,TDC
CHEMBL1483,CCCSc1ccc2nc(NC(=O)OC)[nH]c2c1,12.59,clearance_hepatocyte,TDC
CHEMBL473,CN(CCOc1ccc(NS(C)(=O)=O)cc1)CCc1ccc(NS(C)(=O)=O)cc1,13.18,clearance_hepatocyte,TDC
CHEMBL257025,C[C@H](CO)Nc1nc(SCc2cccc(F)c2F)nc2[nH]ncc12,17.78,clearance_hepatocyte,TDC
CHEMBL205078,O=C(Nc1cc(-c2ccnc(Nc3ccc(F)cc3)c2)ccn1)C1CCOCC1,14.79,clearance_hepatocyte,TDC
CHEMBL259081,O=c1nc(NCc2ccccc2)sn1Cc1ccccc1,19.95,clearance_hepatocyte,TDC
CHEMBL1164729,Cc1nc(-c2ccc(OCC(C)C)c(C#N)c2)sc1C(=O)O,12.73,clearance_hepatocyte,TDC
CHEMBL1082724,C[C@@H]1Cc2c([nH]c3cc(Cl)c(F)cc23)[C@]2(N1)C(=O)Nc1ccc(Cl)cc12,7.24,clearance_hepatocyte,TDC
CHEMBL128,CNS(=O)(=O)Cc1ccc2[nH]cc(CCN(C)C)c2c1,8.0,clearance_hepatocyte,TDC
CHEMBL459353,COc1ccc(N(C(=O)c2occc2CO)C(C(=O)NC[C@@H](C)O)c2ccccc2F)c(OC)c1,8.0,clearance_hepatocyte,TDC
CHEMBL1922056,C[C@@](C(=O)O[C@H]1C[N+]2(Cc3nc(-c4ccccc4)no3)CCC1CC2)(c1ccccc1)N1CCCCC1,55.0,clearance_hepatocyte,TDC
CHEMBL267744,O=C(O)COc1ccc(C(=O)c2cccs2)c(Cl)c1Cl,61.0,clearance_hepatocyte,TDC
CHEMBL496929,O=C(Nc1ccc(CCO)cc1)c1cc2cc(Cl)ccc2[nH]1,63.1,clearance_hepatocyte,TDC
CHEMBL191528,CCOc1ccc2ccc(=O)oc2c1,64.57,clearance_hepatocyte,TDC
CHEMBL1921925,C[C@@](C(=O)O[C@H]1C[N+]2(CCCc3cc4ccccc4s3)CCC1CC2)(c1ccccc1)N1CCCCC1,65.0,clearance_hepatocyte,TDC
CHEMBL254370,CC[C@@H](Nc1c(Nc2cccc(C(=O)N(C)C)c2O)c(=O)c1=O)c1ccccc1,65.0,clearance_hepatocyte,TDC
CHEMBL1921926,C[C@@](C(=O)O[C@H]1C[N+]2(CCCc3ccc4ncsc4c3)CCC1CC2)(c1ccccc1)N1CCCCC1,66.0,clearance_hepatocyte,TDC
CHEMBL361546,O=c1c2sccc2n(CC2COc3ccccc3O2)c(=O)n1O,14.79,clearance_hepatocyte,TDC
CHEMBL415506,CCOC(=O)c1c(-c2ccccc2)nc2ccc(C)cn12,125.89,clearance_hepatocyte,TDC
CHEMBL1800658,CC(C)N(CCNCCc1ccc(O)c2[nH]c(=O)sc12)C(=O)CCOCCc1ccccc1,99.0,clearance_hepatocyte,TDC
CHEMBL1458025,Cc1sc2ncnc(SCC(=O)N3CCN(C(=O)c4ccco4)CC3)c2c1C,102.33,clearance_hepatocyte,TDC
CHEMBL2331843,CCc1[nH]c2nc(Sc3cnc4ccc[n+]([O-])c4c3)nc(N3CC[C@@H](N)C3)c2c1Cl,112.2,clearance_hepatocyte,TDC
CHEMBL1916532,COc1ccc2ncc(F)c(CCN3CCC(NCc4cc5c(cn4)OCCO5)CC3)c2n1,138.04,clearance_hepatocyte,TDC
CHEMBL602745,CS(=O)(=O)N1CC[C@H](N(Cc2ccccc2Cl)c2ccc(C#N)c(Cl)c2)C1,72.44,clearance_hepatocyte,TDC
CHEMBL82663,O=S(=O)(CCCOCCc1ccccc1)CCNCCc1ccc(O)c2nc(O)sc12,91.0,clearance_hepatocyte,TDC
CHEMBL174107,CSc1ccc(N2C(N)=NC(N)=NC2(C)C)cc1,70.79,clearance_hepatocyte,TDC
CHEMBL1609158,CCCC(=O)Nc1ccc(Cl)c(-c2nc3ncccc3o2)c1,81.0,clearance_hepatocyte,TDC
CHEMBL57531,Nc1ncc2cc(-c3c(Br)cccc3Br)c(N)nc2n1,120.23,clearance_hepatocyte,TDC
CHEMBL1938400,CC(C)(C)c1cc(NC(=O)NCc2ccccc2Sc2ccc3nnc(-c4ccccc4SCCO)n3c2)n(-c2ccc(O)c(Cl)c2)n1,70.79,clearance_hepatocyte,TDC
CHEMBL1688458,O=C(O)CCc1ccc(OCc2cccc(Oc3ccccc3)c2)cc1,97.72,clearance_hepatocyte,TDC
CHEMBL323776,CN(CCNCCc1ccc(O)c2nc(O)sc12)C(=O)CCOCCc1ccccc1,140.0,clearance_hepatocyte,TDC
CHEMBL2035017,NC1(c2ccc(-c3nc4ccccc4cc3-c3ccccc3)cc2)CCC1,147.91,clearance_hepatocyte,TDC
CHEMBL318021,CC(CCc1cccc(OCc2ccc3ccccc3n2)c1)CC(=O)O,104.71,clearance_hepatocyte,TDC
CHEMBL1669170,O=C(CN1CCOCC1)Nc1ccc(-c2cccc3c(=O)cc(N4CCOCC4)oc23)cc1-c1ccccc1,123.03,clearance_hepatocyte,TDC
CHEMBL1171837,Cc1ccc(C(=O)Nc2ccc(CN3CCN(C)CC3)c(C(F)(F)F)c2)cc1C#Cc1cnc2cccnn12,3.0,clearance_hepatocyte,TDC
CHEMBL1078685,N#Cc1cc(-c2n[nH]c(-c3ccncc3)n2)ccn1,3.0,clearance_hepatocyte,TDC
CHEMBL1090940,CCCCCCCC(=O)N[C@@H](CCN)C(=O)N[C@@H](C)C(=O)N[C@@H](CCN)C(=O)N[C@H]1CCNC(=O)[C@H]([C@@H](C)O)NC(=O)[C@H](CCN)NC(=O)[C@H](CCN)NC(=O)[C@H](CC(C)C)NC(=O)[C@@H](Cc2ccccc2)NC(=O)[C@H](CCN)NC1=O,3.0,clearance_hepatocyte,TDC
CHEMBL552512,O=C(CC1CCCCCC1)Nc1cccc2c(=O)n([C@H]3CCNC3)ccc12,3.0,clearance_hepatocyte,TDC
CHEMBL564607,O=C(O)c1ccc(-c2ccc(Cl)c(C(=O)NCC34CC5CC(CC(C5)C3)C4)c2)cc1,3.0,clearance_hepatocyte,TDC
CHEMBL1945298,O=c1[nH]c2c(O)ccc([C@@H](O)CNCCOc3cccc(CNCCc4ccccc4F)c3)c2s1,23.0,clearance_hepatocyte,TDC
CHEMBL2158790,Cc1c(OC2CCN(CC3CCN([C@@](C)(Cc4ccc(F)cc4)C(=O)O)CC3)CC2)ccc(Cl)c1Cl,3.0,clearance_hepatocyte,TDC
CHEMBL1672,COCC1=C(C(=O)O)N2C(=O)[C@@H](NC(=O)/C(=N\OC)c3csc(N)n3)[C@H]2SC1,3.0,clearance_hepatocyte,TDC
CHEMBL578194,C[C@H](Nc1nc(Nc2cc(C3CC3)[nH]n2)cnc1C#N)c1ccc(F)cn1,3.0,clearance_hepatocyte,TDC
CHEMBL1526762,Cc1cc(C)nc(SCC(N)=O)n1,3.0,clearance_hepatocyte,TDC
CHEMBL1823817,COC[C@H](O)Cn1c(=O)cnn(-c2ccc(Cl)c(C(=O)NCC3(O)CCCCCC3)c2)c1=O,5.0,clearance_hepatocyte,TDC
CHEMBL1773082,Cc1cc(Nc2nc(N[C@@H](C)c3ccc(F)cn3)c(C#N)cc2Cl)n[nH]1,6.17,clearance_hepatocyte,TDC
CHEMBL956,CC(C(=O)O)c1ccc(C(=O)c2cccs2)cc1,9.77,clearance_hepatocyte,TDC
CHEMBL2098332,Cc1cc(OCC(=O)Nc2ccccc2)c2cc(Br)ccc2n1,150.0,clearance_hepatocyte,TDC
CHEMBL143305,Cc1cc(CCCOc2c(Cl)cc(C3=NCCO3)cc2Cl)on1,150.0,clearance_hepatocyte,TDC
CHEMBL5,CCn1cc(C(=O)O)c(=O)c2ccc(C)nc21,3.46,clearance_hepatocyte,TDC
CHEMBL451,CNC1=Nc2ccc(Cl)cc2C(c2ccccc2)=[N+]([O-])C1,3.89,clearance_hepatocyte,TDC
CHEMBL1089773,CN1CCN(c2ccc(-c3cnc4cccc(-c5cc(F)c(CN6CCOCC6)c(F)c5)c4n3)cc2)CC1,14.45,clearance_hepatocyte,TDC
CHEMBL2035033,NC1(c2ccc(-c3c(-c4ccccc4)ccn4ccnc34)cc2)CCC1,9.12,clearance_hepatocyte,TDC
CHEMBL98406,Nc1nc2ccc(F)cc2s1,5.75,clearance_hepatocyte,TDC
CHEMBL1951575,CC(C)(C)NC(=O)c1ccc(Oc2cc(F)c(CC(=O)O)cc2Cl)c(NS(=O)(=O)c2ccc(C3CC3)cc2Cl)c1,6.0,clearance_hepatocyte,TDC
CHEMBL190243,C[C@@H](C(=O)NCCN1CCCC1)c1ccc(OS(=O)(=O)C(F)(F)F)cc1,6.0,clearance_hepatocyte,TDC
CHEMBL1865796,Cc1ccccc1Nc1nc(N)nc(C)c1Br,150.0,clearance_hepatocyte,TDC
CHEMBL1536083,CCOC(=O)CN(c1ccccc1C)S(=O)(=O)c1ccc(Cl)cc1,150.0,clearance_hepatocyte,TDC
CHEMBL1213118,CN1CCN(c2nc3ccccc3cc2Cn2nc(-c3ccc4nc(N)sc4c3)c3c(N)ncnc32)CC1,81.0,clearance_hepatocyte,TDC
CHEMBL560219,O=C(Cc1ccc(Cl)c(C(F)(F)F)c1)Nc1cccc2c(=O)n(CCO)ccc12,11.0,clearance_hepatocyte,TDC
CHEMBL2349335,CC(C)C[C@H](CO)Nc1nc(SCc2ccccc2)nc2nc(N)sc12,20.42,clearance_hepatocyte,TDC
CHEMBL1770477,CCOc1ccc2oc(C(=O)NC(CCSC)c3nc4ncccc4[nH]3)c(C)c2c1,46.0,clearance_hepatocyte,TDC
CHEMBL1346,NC(=O)C(c1ccccc1)(c1ccccc1)[C@@H]1CCN(CCc2ccc3c(c2)CCO3)C1,50.96,clearance_hepatocyte,TDC
CHEMBL512504,N#Cc1c(O)c2c(-c3ccc(-c4ccccc4O)cc3)csc2[nH]c1=O,52.48,clearance_hepatocyte,TDC
CHEMBL1532611,Nc1ccc(OCCc2ccccc2)cc1,150.0,clearance_hepatocyte,TDC
CHEMBL2312113,COc1cc(O)c(C(CC(=O)N2CC(C)CC(C)C2)c2ccc3c(c2)OCO3)c(OC)c1,150.0,clearance_hepatocyte,TDC
CHEMBL1773254,O=C(O)CCc1ccc(OCc2cccc(Br)c2)cc1,150.0,clearance_hepatocyte,TDC
CHEMBL190,Cn1c(=O)c2nc[nH]c2n(C)c1=O,5.75,clearance_hepatocyte,TDC
CHEMBL2177621,CSc1c(C(=O)NC2C3CC4CC(C3)CC2C4)cnn1-c1ccc(C(=O)O)cc1,12.3,clearance_hepatocyte,TDC
CHEMBL304087,COc1cc(NC(=O)Nc2cccc(CNC(=O)O[C@H]3CCOC3)c2)ccc1-c1cnco1,13.0,clearance_hepatocyte,TDC
CHEMBL2349321,CC(C)C[C@H](CO)Nc1nc(SCc2ccccc2)nc2[nH]c(=O)sc12,13.49,clearance_hepatocyte,TDC
CHEMBL370492,CCc1nc2cc(O)ccc2c(Oc2ccc(/C=C/C(=O)O)cc2)c1-c1ccccc1,38.9,clearance_hepatocyte,TDC
CHEMBL1944690,O=c1[nH]c2c(O)ccc([C@@H](O)CNCCc3cccc(CNCCc4ccccc4Cl)c3)c2s1,42.0,clearance_hepatocyte,TDC
CHEMBL1091289,CCCCCCCC(=O)N[C@@H](CCN)C(=O)N[C@H](C(=O)N[C@@H](CCN)C(=O)N[C@H]1CCNC(=O)[C@H]([C@@H](C)O)NC(=O)[C@H](C)NC(=O)[C@H](CCN)NC(=O)[C@H](CC(C)C)NC(=O)[C@@H](Cc2ccccc2)NC(=O)[C@H](CCN)NC1=O)[C@@H](C)O,3.0,clearance_hepatocyte,TDC
CHEMBL1689133,C[C@H](Oc1ccc(Cl)cc1CN1CCN(C(=O)Cc2ccc(Cl)cc2)[C@@H](C)C1)C(=O)O,3.0,clearance_hepatocyte,TDC
CHEMBL2163360,N#CC1(NC(=O)[C@@H]2CCCC[C@H]2C(=O)N2CCc3[nH]c4ncccc4c3C2)CC1,3.0,clearance_hepatocyte,TDC
CHEMBL312421,CC(C)C[C@H](N)C(=O)NC[C@H](O)C[C@@H](N)CC(=O)NN(C)CC(=O)O,3.0,clearance_hepatocyte,TDC
CHEMBL1778644,CCS(=O)(=O)c1ccc(-c2cc(Cl)ccc2OCC(=O)O)c(F)c1,3.0,clearance_hepatocyte,TDC
CHEMBL1779512,COC[C@@H](O)Cn1c(=O)cnn(-c2ccc(Cl)c(C(=O)NCC3(O)CCCCCC3)c2)c1=O,3.0,clearance_hepatocyte,TDC
CHEMBL1232461,CCNC(=O)C[C@@H]1N=C(c2ccc(Cl)cc2)c2cc(OC)ccc2-n2c(C)nnc21,3.0,clearance_hepatocyte,TDC
CHEMBL57895,CCC1(C2=NCCN2)Cc2ccccc2O1,3.0,clearance_hepatocyte,TDC
CHEMBL2035035,NC1(c2ccc(-c3c(-c4ccccc4)ccn4ncnc34)cc2)CCC1,3.0,clearance_hepatocyte,TDC
CHEMBL19490,Cc1cc(CC(=O)O)n(C)c1C(=O)c1ccc(Cl)cc1,3.0,clearance_hepatocyte,TDC
CHEMBL1498024,N#Cc1ccccc1CSc1nc(O)cc(O)n1,3.0,clearance_hepatocyte,TDC
CHEMBL113,Cn1c(=O)c2c(ncn2C)n(C)c1=O,3.0,clearance_hepatocyte,TDC
CHEMBL403313,CN(C)S(=O)(=O)NC(=O)CCCc1c(-c2ccc(F)cc2)[nH]c2ccc(C#N)cc12,3.0,clearance_hepatocyte,TDC
CHEMBL173706,CC(C)(C)NCC(O)COc1nsnc1N1CCOCC1,150.0,clearance_hepatocyte,TDC
CHEMBL1956334,CC(=O)c1ncccc1NC(=O)[C@H]1CC[C@H](N2C(=O)[C@H]3[C@H]4CC[C@H](C4)[C@H]3C2=O)CC1,150.0,clearance_hepatocyte,TDC
CHEMBL1789178,CNCC[C@@H](Oc1cc(Cl)ccc1C#N)c1ccccc1,150.0,clearance_hepatocyte,TDC
CHEMBL2035019,NC1(c2ccc(-c3nn4ccnc4cc3-c3ccccc3)cc2)CCC1,150.0,clearance_hepatocyte,TDC
CHEMBL84,CC[C@@]1(O)C(=O)OCc2c1cc1n(c2=O)Cc2cc3c(CN(C)C)c(O)ccc3nc2-1,3.24,clearance_hepatocyte,TDC
CHEMBL296035,CCc1cccc2cc(C(O)CNC(C)(C)C)oc12,150.0,clearance_hepatocyte,TDC
CHEMBL1783119,COc1ccc(C(=O)NCc2cn(-c3cc(C)nc4ccc(OC)cc34)nn2)cc1,13.8,clearance_hepatocyte,TDC
CHEMBL394859,O=C([C@@H]1CCCN1)N1CCN(c2nc(NCc3ccc(Cl)cc3Cl)c3cccnc3n2)CC1,6.0,clearance_hepatocyte,TDC
CHEMBL1916263,CCC(CC)NC(=O)c1cn(-c2ccccc2)nc1NS(=O)(=O)c1ccc(C)cc1,7.0,clearance_hepatocyte,TDC
CHEMBL1834184,CCC(=O)N[C@H]1CC[C@@H](C(=O)N(C)c2ccc(-c3nc4ccccc4o3)cc2)C1,7.59,clearance_hepatocyte,TDC
CHEMBL2035019,NC1(c2ccc(-c3nn4ccnc4cc3-c3ccccc3)cc2)CCC1,7.76,clearance_hepatocyte,TDC
CHEMBL196707,Cc1c(CC(=O)O)c2cc(F)ccc2n1S(=O)(=O)c1ccc(S(C)(=O)=O)cc1,7.9,clearance_hepatocyte,TDC
CHEMBL1778636,N#Cc1cccc(-c2cc(Cl)ccc2OCC(=O)O)c1,5.0,clearance_hepatocyte,TDC
CHEMBL2111112,COc1ccc(CCO[C@@H]2CCCC[C@H]2N2CC[C@@H](O)C2)cc1OC,6.46,clearance_hepatocyte,TDC
CHEMBL481,CCc1c2c(nc3ccc(OC(=O)N4CCC(N5CCCCC5)CC4)cc13)-c1cc3c(c(=O)n1C2)COC(=O)[C@]3(O)CC,3.0,clearance_hepatocyte,TDC
CHEMBL1231533,O=C1NC(=O)/C(=C/c2ccc3c(c2)OC(F)(F)O3)S1,4.17,clearance_hepatocyte,TDC
CHEMBL2035022,NC(=O)c1ccn2c(-c3ccccc3)c(-c3ccc(C4(N)CCC4)cc3)nc2c1,3.72,clearance_hepatocyte,TDC
CHEMBL426823,CCOc1nc2ccc(OCCC3CCN(c4ccc(C)nn4)CC3)cc2o1,4.0,clearance_hepatocyte,TDC
CHEMBL361812,O=C(O)CCn1c2c(c3ccccc31)C[C@H](NS(=O)(=O)c1ccc(F)cc1)CC2,3.81,clearance_hepatocyte,TDC
CHEMBL169901,N=C(N)N1CCc2ccccc2C1,3.98,clearance_hepatocyte,TDC
CHEMBL1778639,CCS(=O)(=O)c1ccc(-c2cc(C(F)(F)F)ccc2OCC(=O)O)c(C)c1,4.0,clearance_hepatocyte,TDC
CHEMBL1399574,CCOc1ccc(NC(=O)CCc2c(C)nc3nc(C)nn3c2C)cc1,4.17,clearance_hepatocyte,TDC
CHEMBL131087,Clc1ccc(Cn2c(-c3nn[nH]n3)cc3ccccc32)cc1Cl,12.88,clearance_hepatocyte,TDC
CHEMBL1423878,Oc1ncnc2c1c(-c1ccccc1)cn2-c1ccc(Br)cc1,52.48,clearance_hepatocyte,TDC
CHEMBL360227,CCN(CC)CCN1C(=O)[C@@](O)(c2ccccc2Cl)c2c1cc(C(N)=O)cc2C(F)(F)F,56.23,clearance_hepatocyte,TDC
CHEMBL1427959,O=C(Nc1nc2ccccc2s1)c1ccccc1,64.57,clearance_hepatocyte,TDC
CHEMBL1299863,CCc1c(C)nc(SCC(=O)Nc2nc(-c3ccc(OC)cc3)cs2)nc1O,66.07,clearance_hepatocyte,TDC
CHEMBL1916085,Cc1ccc(S(=O)(=O)Nc2c(C(=O)N(C)C3CCCCC3)cnn2-c2ccccc2)cc1,48.44,clearance_hepatocyte,TDC
CHEMBL1600648,Cc1nc2ncnn2c(O)c1CCOC(=O)c1c(F)cccc1F,64.34,clearance_hepatocyte,TDC
CHEMBL2326864,CC(=O)Nc1nc(CCc2ccc(NC(=N)N)cc2)cs1,12.88,clearance_hepatocyte,TDC
CHEMBL245196,Cc1ccc(-c2cc(-c3ccccc3)nn2-c2ccc(S(N)(=O)=O)cc2)cc1,13.49,clearance_hepatocyte,TDC
CHEMBL2181926,CCOC(=O)C1=C(C)NC(C)=C(C(C)=O)[C@H]1c1cccc2c(=O)cc(C)oc12,45.71,clearance_hepatocyte,TDC
CHEMBL1575409,COc1ccc(CNC(=O)CSc2nc3cccnc3s2)cc1,60.26,clearance_hepatocyte,TDC
CHEMBL335744,CC(C)C(=O)Nc1nc(-c2ccccn2)cc2ccccc12,61.66,clearance_hepatocyte,TDC
CHEMBL2137199,OC(c1ccc(-c2ccc(CN3CCN(Cc4ccncc4)CC3)cc2)c(F)c1)(C(F)(F)F)C(F)(F)F,12.3,clearance_hepatocyte,TDC
CHEMBL1669163,COCCOc1cc(-c2cccc3c(=O)cc(N4CCOCC4)oc23)ccc1NC(=O)CN1CCOCC1,43.65,clearance_hepatocyte,TDC
CHEMBL254328,C[C@]12CC[C@H]3[C@@H](CC=C4C[C@@H](O)CC[C@@]43C)[C@@H]1CC=C2c1cccnc1,54.95,clearance_hepatocyte,TDC
CHEMBL1916264,CCC(CC)NC(=O)c1cnn(-c2ccccc2Cl)c1NS(=O)(=O)c1ccc(C)cc1,56.0,clearance_hepatocyte,TDC
CHEMBL1448843,O=C(CSc1ccccc1)N1CCN(C(=O)c2ccco2)CC1,64.57,clearance_hepatocyte,TDC
CHEMBL75474,C[C@]12CCC3C(CC=C4C[C@@H](O)CC[C@@]43C)C1CC=C2n1cnc2ccccc21,34.67,clearance_hepatocyte,TDC
CHEMBL956,CC(C(=O)O)c1ccc(C(=O)c2cccs2)cc1,16.0,clearance_hepatocyte,TDC
CHEMBL38043,COc1ccc(/C=C2\NC(=O)NC2=O)cc1,39.81,clearance_hepatocyte,TDC
CHEMBL277474,Cc1cc(=O)n(-c2ccccc2)n1C,3.0,clearance_hepatocyte,TDC
CHEMBL171951,CCCS(=O)(=O)N1N=Cc2cc(Cl)ccc2B1O,3.0,clearance_hepatocyte,TDC
CHEMBL2314383,CC(C)c1ccc(Sc2cnc(O)c(C(=O)NCc3ccccc3)c2)cc1,30.9,clearance_hepatocyte,TDC
CHEMBL1090630,CCCCCCCC(=O)N[C@@H](C)C(=O)N[C@H](C(=O)N[C@@H](CCN)C(=O)N[C@H]1CCNC(=O)[C@H]([C@@H](C)O)NC(=O)[C@H](CCN)NC(=O)[C@H](CCN)NC(=O)[C@H](CC(C)C)NC(=O)[C@@H](Cc2ccccc2)NC(=O)[C@H](CCN)NC1=O)[C@@H](C)O,3.0,clearance_hepatocyte,TDC
CHEMBL1076,COc1ccc(OC)c(C(O)CN)c1,3.0,clearance_hepatocyte,TDC
CHEMBL1945031,Cc1cccc2c(CCNCc3cccc(CCNC[C@H](O)c4ccc(O)c5[nH]c(=O)sc45)c3)c[nH]c12,24.0,clearance_hepatocyte,TDC
CHEMBL1173055,CNCc1ccc(-c2[nH]c3cc(F)cc4c3c2CCNC4=O)cc1,12.02,clearance_hepatocyte,TDC
CHEMBL1916288,Cc1nn(-c2ccc(F)cc2)c(NS(=O)(=O)c2ccc(C#N)cc2)c1C(=O)N[C@@H](C)C(C)(C)C,6.0,clearance_hepatocyte,TDC
CHEMBL196945,O=C(O)C1(c2ccc(-c3ccc(Cl)c(Cl)c3)c(F)c2)CC1,38.9,clearance_hepatocyte,TDC
CHEMBL82663,O=S(=O)(CCCOCCc1ccccc1)CCNCCc1ccc(O)c2nc(O)sc12,42.5,clearance_hepatocyte,TDC
CHEMBL1213085,Cc1ccccc1-n1c(Cn2nc(-c3ccc(O)c(F)c3)c3c(N)ncnc32)nc2cccc(C)c2c1=O,44.67,clearance_hepatocyte,TDC
CHEMBL2347404,Fc1cccc(COc2ccc(Nc3ncnc4ccc(-c5cccc(N6CCOCC6)c5)cc34)cc2Cl)c1,44.67,clearance_hepatocyte,TDC
CHEMBL1669158,CCOc1cc(-c2cccc3c(=O)cc(N4CCOCC4)oc23)ccc1NC(=O)CN1CCOCC1,51.29,clearance_hepatocyte,TDC
CHEMBL1807821,O=c1[nH]c2c(O)ccc([C@@H](O)CNCCCOCCOCCc3ccccc3)c2s1,58.0,clearance_hepatocyte,TDC
CHEMBL42,CN1CCN(C2=Nc3cc(Cl)ccc3Nc3ccccc32)CC1,6.76,clearance_hepatocyte,TDC
CHEMBL2361579,Cc1cc2cc(C)c3nnc(SCC(=O)N4CCN(C(=O)c5ccco5)CC4)n3c2cc1C,57.54,clearance_hepatocyte,TDC
CHEMBL562698,O=C(NCC12CC3CC(CC(C3)C1)C2)c1ccnc(N2CCNCC2)c1Cl,7.2,clearance_hepatocyte,TDC
CHEMBL585640,CCn1c(SCC(=O)Nc2cccc(C)c2)nnc1-c1ccccc1,150.0,clearance_hepatocyte,TDC
CHEMBL1945041,O=c1[nH]c2c(O)ccc([C@@H](O)CNCCc3cccc(CNCc4ccccc4Cl)c3)c2s1,60.0,clearance_hepatocyte,TDC
CHEMBL1921936,C[C@@](C(=O)O[C@H]1C[N+]2(CCCOc3ccc(F)cc3)CCC1CC2)(c1ccccc1)N1CCCCC1,66.0,clearance_hepatocyte,TDC
CHEMBL1916276,Cc1ccc(S(=O)(=O)Nc2c(C(=O)NC3CCCCC3C)cnn2-c2ccccc2)cc1,5.0,clearance_hepatocyte,TDC
CHEMBL2070946,N#Cc1cnc(N2CCN(C(=O)[C@@H]3CCCC[C@H]3C(=O)NC3(C#N)CC3)CC2)s1,5.25,clearance_hepatocyte,TDC
CHEMBL72,CNCCCN1c2ccccc2CCc2ccccc21,6.92,clearance_hepatocyte,TDC
CHEMBL1939560,C[C@H](c1nc2ncccc2c(=O)n1-c1ccc(Cl)cc1)N(CC1CCS(=O)(=O)CC1)C(=O)Cc1ccc(C(F)(F)F)c(F)c1,7.08,clearance_hepatocyte,TDC
CHEMBL250961,Cc1ccc(F)cc1S(=O)(=O)N[C@@H]1CCN(Cc2ccc(-c3ccccc3)cc2)C1,150.0,clearance_hepatocyte,TDC
CHEMBL2324355,Cc1nocc1C(=O)Nc1ccc(-c2ccccc2OC(F)(F)F)c(N)n1,74.13,clearance_hepatocyte,TDC
CHEMBL782,CCCCNC(=O)NS(=O)(=O)c1ccc(C)cc1,6.61,clearance_hepatocyte,TDC
CHEMBL1783112,COc1ccc2nc(C)cc(-n3cc(CNC(C)=O)nn3)c2c1,6.76,clearance_hepatocyte,TDC
CHEMBL1164729,Cc1nc(-c2ccc(OCC(C)C)c(C#N)c2)sc1C(=O)O,7.0,clearance_hepatocyte,TDC
CHEMBL1194325,O=C(O[C@H]1C[N+]2(CCCOc3ccccc3)CCC1CC2)C(O)(c1cccs1)c1cccs1,64.0,clearance_hepatocyte,TDC
CHEMBL413,CO[C@H]1C[C@@H]2CC[C@@H](C)[C@@](O)(O2)C(=O)C(=O)N2CCCC[C@H]2C(=O)O[C@H]([C@H](C)C[C@@H]2CC[C@@H](O)[C@H](OC)C2)CC(=O)[C@H](C)/C=C(\C)[C@@H](O)[C@@H](OC)C(=O)[C@H](C)C[C@H](C)/C=C/C=C/C=C/1C,150.0,clearance_hepatocyte,TDC
CHEMBL193240,O=C(Nc1c(Cl)cncc1Cl)c1ccc(OC(F)F)c(OCC2CC2)c1,150.0,clearance_hepatocyte,TDC
CHEMBL1575409,COc1ccc(CNC(=O)CSc2nc3cccnc3s2)cc1,150.0,clearance_hepatocyte,TDC
CHEMBL2335890,COCCN(C)c1ccc(Nc2ncc3cc(-c4ccncc4)ccc3n2)cc1,40.74,clearance_hepatocyte,TDC
CHEMBL1922054,Cc1ccc2nc(C[N+]34CCC(CC3)[C@@H](OC(=O)[C@](C)(c3ccccc3)N3CCCCC3)C4)oc2c1,150.0,clearance_hepatocyte,TDC
CHEMBL1367530,Cc1ccc(-c2nnc(SCC(=O)N3CCN(c4ccccc4)CC3)o2)cc1,150.0,clearance_hepatocyte,TDC
CHEMBL1322390,COc1ccc2nc(NC(=O)CCc3ccc(OC)c(OC)c3)sc2c1,150.0,clearance_hepatocyte,TDC
CHEMBL1916542,COc1ccc2ncc(=O)n(CCN3CCC(NCc4cc5c(cn4)OCCO5)CC3)c2c1,150.0,clearance_hepatocyte,TDC
CHEMBL492234,COC(=O)c1ccc(C)c(NS(=O)(=O)c2ccc3c(c2)c(=O)sn3C)c1,150.0,clearance_hepatocyte,TDC
CHEMBL1688458,O=C(O)CCc1ccc(OCc2cccc(Oc3ccccc3)c2)cc1,150.0,clearance_hepatocyte,TDC
CHEMBL650,C[C@H]1C[C@H]2[C@@H]3CC[C@](O)(C(=O)CO)[C@@]3(C)C[C@H](O)[C@@H]2[C@@]2(C)C=CC(=O)C=C12,9.12,clearance_hepatocyte,TDC
CHEMBL203059,O=C(Nc1cc(-c2ccnc(Nc3ccccc3)c2)ccn1)C1CCOCC1,150.0,clearance_hepatocyte,TDC
CHEMBL1874317,N#CCC(CNc1ncc(C(F)(F)F)cc1Cl)OC(=O)c1c(F)cccc1F,150.0,clearance_hepatocyte,TDC
CHEMBL1669160,CC(C)COc1cc(-c2cccc3c(=O)cc(N4CCOCC4)oc23)ccc1NC(=O)CN1CCOCC1,150.0,clearance_hepatocyte,TDC
CHEMBL1539037,COc1ccc(NC(=O)CCc2c(C)nc3nc(C)nn3c2C)cc1,3.09,clearance_hepatocyte,TDC
CHEMBL2158828,O=C(O)COc1ccccc1N1CCC(CN2CCC(Oc3ccc(Cl)c(Cl)c3)CC2)CC1,3.0,clearance_hepatocyte,TDC
CHEMBL91428,COc1cc2ncnc(Nc3cc4ccccc4cn3)c2cc1OC,3.0,clearance_hepatocyte,TDC
CHEMBL1917459,CCS(=O)(=O)Nc1cccc2c1c(Oc1ccc(Cl)cc1)c(C)n2CC(=O)O,3.0,clearance_hepatocyte,TDC
CHEMBL2018969,COc1cccc2c1c(NS(=O)(=O)c1ccc(Cl)s1)nn2Cc1cccc(CNC(=O)C(C)(C)O)c1,25.0,clearance_hepatocyte,TDC
CHEMBL1090488,C[C@H]1CN(C(=O)[C@@H]2CN(C(C)(C)C)C[C@H]2c2ccc(F)cc2F)C[C@@H](C)[C@]1(O)c1ccccc1,25.12,clearance_hepatocyte,TDC
CHEMBL24850,O=C(O)c1cc2cc(OCc3ccccc3)ccc2[nH]1,25.7,clearance_hepatocyte,TDC
CHEMBL256963,Clc1ccc2ncc(-c3cccc(NC4CNC4)n3)n2c1,19.05,clearance_hepatocyte,TDC
CHEMBL2035031,NC1(c2ccc(-c3ncc4cccnc4c3-c3ccccc3)cc2)CCC1,19.5,clearance_hepatocyte,TDC
CHEMBL1643199,Cc1cc(CN2CCc3ccccc3C2C(=O)Nc2ccc(Cl)cc2Cl)ccc1OCC(=O)O,20.0,clearance_hepatocyte,TDC
CHEMBL2062571,CC(=O)Nc1ccc2ccn(-c3cc(NC4COC4)n4ncc(C#N)c4n3)c2c1,21.88,clearance_hepatocyte,TDC
CHEMBL594684,Cc1cc(NS(=O)(=O)c2ccc(Cl)cc2)no1,8.51,clearance_hepatocyte,TDC
CHEMBL101,CCCCC1C(=O)N(c2ccccc2)N(c2ccccc2)C1=O,8.71,clearance_hepatocyte,TDC
CHEMBL521809,O=C(c1cccc(Cc2n[nH]c(=O)c3ccccc23)c1)N1CCN(c2ncccn2)CC1,100.0,clearance_hepatocyte,TDC
CHEMBL1473,CCC(=O)O[C@]1(C(=O)SCF)[C@H](C)C[C@H]2[C@@H]3C[C@H](F)C4=CC(=O)C=C[C@]4(C)[C@@]3(F)[C@@H](O)C[C@@]21C,107.15,clearance_hepatocyte,TDC
CHEMBL361546,O=c1c2sccc2n(CC2COc3ccccc3O2)c(=O)n1O,134.9,clearance_hepatocyte,TDC
CHEMBL1351332,O=C(NCc1ccccc1)c1cc(-c2ccco2)on1,138.04,clearance_hepatocyte,TDC
CHEMBL1519272,O=C(NS(=O)(=O)c1ccccc1Cl)c1ccc[nH]1,3.31,clearance_hepatocyte,TDC
CHEMBL1214,CC1(C)S[C@@H]2[C@H](NC(=O)C(C(=O)O)c3ccccc3)C(=O)N2[C@H]1C(=O)O,3.39,clearance_hepatocyte,TDC
CHEMBL2057372,CC(C)(C)NS(=O)(=O)c1cncc(-c2ccc3nc(NC(=O)NCC(=O)N4CCOCC4)nn3c2)c1,3.39,clearance_hepatocyte,TDC
CHEMBL251073,CC(=O)C[C@H](c1ccccc1)c1c(O)c2ccccc2oc1=O,3.47,clearance_hepatocyte,TDC
CHEMBL1829763,C[C@@H](c1ccc(-c2ccc(F)cc2F)cc1)N1CC[C@](CCO)(c2ccc(F)cc2)OC1=O,3.72,clearance_hepatocyte,TDC
CHEMBL2336322,COc1ccc(-c2ccc3c(N4CCOC[C@@H]4C)nc(N4CCOC[C@@H]4C)nc3n2)cc1C(=O)N(C)C,4.27,clearance_hepatocyte,TDC
CHEMBL2017291,COc1cc2c(cc1-c1c(C)noc1C)ncc1[nH]c(=O)n([C@H](C)c3ccccn3)c12,3.39,clearance_hepatocyte,TDC
CHEMBL1013,N[C@@H](C(=O)N[C@@H]1C(=O)N2C(C(=O)O)=C(Cl)CC[C@H]12)c1ccccc1,3.0,clearance_hepatocyte,TDC
CHEMBL294099,O=c1cc(-c2ccc(Br)cc2)oc2ccccc12,3.0,clearance_hepatocyte,TDC
CHEMBL2058631,CC1CNC(Nc2c(Cl)cccc2Cl)=N1,3.0,clearance_hepatocyte,TDC
CHEMBL1934422,Cc1ccc(S(=O)(=O)Nc2c(C(=O)N[C@@H](C)C(C)(C)C)c(C)nn2C2CCOCC2)cc1,3.0,clearance_hepatocyte,TDC
CHEMBL2062774,CCOc1noc2cc(OCCC3CCN(c4ccc(C)nn4)CC3)ccc12,8.13,clearance_hepatocyte,TDC
CHEMBL2172000,Cc1nn(C)c2cc(N3CCN(C(=O)[C@@H]4CCCC[C@H]4C(=O)NC4(C#N)CC4)[C@H](C)C3)ccc12,8.13,clearance_hepatocyte,TDC
CHEMBL17157,CC(C)(C)c1ccc(C(O)CCCN2CCC(C(O)(c3ccccc3)c3ccccc3)CC2)cc1,87.1,clearance_hepatocyte,TDC
CHEMBL2331749,Cc1cn([C@H]2CCCN(S(=O)(=O)c3ccc(O)c(Oc4ccc(Cl)cc4)c3)C2)c(=O)[nH]c1=O,89.13,clearance_hepatocyte,TDC
CHEMBL1689135,C[C@H]1CN(Cc2cc(Cl)ccc2CC(=O)O)CCN1C(=O)Cc1ccc(Cl)cc1,13.5,clearance_hepatocyte,TDC
CHEMBL564885,O=C(NCC12CC3CC(CC(C3)C1)C2)c1ccnc(NCC2CCNCC2)c1Cl,4.0,clearance_hepatocyte,TDC
CHEMBL1689116,O=C(O)COc1ccc(Cl)cc1CN1CCC(S(=O)(=O)c2ccccc2)CC1,3.0,clearance_hepatocyte,TDC
CHEMBL1916289,Cc1nn(-c2ccc(F)cc2)c(NS(=O)(=O)c2ccc(C(F)(F)F)cc2)c1C(=O)N[C@@H](C)C(C)(C)C,3.0,clearance_hepatocyte,TDC
CHEMBL1069,CCCCC(=O)N(Cc1ccc(-c2ccccc2-c2nnn[nH]2)cc1)[C@H](C(=O)O)C(C)C,3.0,clearance_hepatocyte,TDC
CHEMBL1481,CCC1=C(C)CN(C(=O)NCCc2ccc(S(=O)(=O)NC(=O)N[C@H]3CC[C@H](C)CC3)cc2)C1=O,23.2,clearance_hepatocyte,TDC
CHEMBL570015,COc1cccc(Nc2c(C(N)=O)cnc3c(C)cc(S(=O)(=O)c4cccc(C(=O)N(C)C)c4)cc23)c1,130.0,clearance_hepatocyte,TDC
CHEMBL1734492,NC(=O)NC(=O)C(Nc1ccc2c(c1)CCC2)c1ccccc1,13.8,clearance_hepatocyte,TDC
CHEMBL551984,N#Cc1cccc(NCC(=O)Nc2c(Cl)ccc3nc(N4CC[C@@H](O)C4)ccc23)c1,8.0,clearance_hepatocyte,TDC
CHEMBL1770297,CCOc1ccc2oc(C(=O)NC(CCSC)c3nc4ccccc4[nH]3)c(C)c2c1,27.0,clearance_hepatocyte,TDC
CHEMBL550436,C[C@H](CO)n1ccc2c(NC(=O)Cc3ccc(Cl)c(C(F)(F)F)c3)cccc2c1=O,29.0,clearance_hepatocyte,TDC
CHEMBL661,Cc1nnc2n1-c1ccc(Cl)cc1C(c1ccccc1)=NC2,42.66,clearance_hepatocyte,TDC
CHEMBL364714,C[C@@H](C(N)=O)c1ccc(OS(=O)(=O)C(F)(F)F)cc1,3.0,clearance_hepatocyte,TDC
CHEMBL1214827,CC(C)c1cc(C(=O)N2Cc3ccc(CN4CCN(C)CC4)cc3C2)c(O)cc1O,23.44,clearance_hepatocyte,TDC
CHEMBL1857945,CN(C)CCNc1cc(-c2ccccc2)nc2cc(-c3ccc(F)cc3)nn12,23.99,clearance_hepatocyte,TDC
CHEMBL2070137,CCS(=O)(=O)c1ccc2[nH]c(-c3cccc(-c4ccccc4)c3)nc2c1,24.55,clearance_hepatocyte,TDC
CHEMBL1957840,O=c1cc(N2CCOCC2)nc2n(Cc3cccc(Cl)c3Cl)ccn12,24.55,clearance_hepatocyte,TDC
CHEMBL397983,CCOc1ccc(-n2c([C@@H](C)N(Cc3cccnc3)C(=O)Cc3ccc(OC(F)(F)F)cc3)nc3ncccc3c2=O)cc1,20.0,clearance_hepatocyte,TDC
CHEMBL1940652,COc1ccncc1-c1ccccc1CN(C(=O)c1ccc(-c2ccc(C#N)cc2)o1)c1ccc(N2CCNCC2)cc1,25.7,clearance_hepatocyte,TDC
CHEMBL118,Cc1ccc(-c2cc(C(F)(F)F)nn2-c2ccc(S(N)(=O)=O)cc2)cc1,25.7,clearance_hepatocyte,TDC
CHEMBL1389370,CCN(CC)CCNc1ncnc2c1sc1nc(N3CCOCC3)c3c(c12)CCCC3,26.3,clearance_hepatocyte,TDC
CHEMBL6966,COc1ccc(CCN(C)CCCC(C#N)(c2ccc(OC)c(OC)c2)C(C)C)cc1OC,26.3,clearance_hepatocyte,TDC
CHEMBL2181927,CCOc1ncc(C)c2c1[C@H](c1ccc(C#N)cc1OC)C(C(N)=O)=C(C)N2,26.92,clearance_hepatocyte,TDC
CHEMBL1276308,CC#C[C@]1(O)CC[C@H]2[C@@H]3CCC4=CC(=O)CCC4=C3[C@@H](c3ccc(N(C)C)cc3)C[C@@]21C,26.92,clearance_hepatocyte,TDC
CHEMBL1916278,Cc1ccc(S(=O)(=O)Nc2c(C(=O)NC3CCOCC3)c(C)nn2-c2ccccc2)cc1,14.0,clearance_hepatocyte,TDC
CHEMBL1944692,O=c1[nH]c2c(O)ccc([C@@H](O)CNCCc3ccc(CNCCc4ccccc4F)cc3)c2s1,14.0,clearance_hepatocyte,TDC
CHEMBL359864,Oc1nc2ccccc2n1C1CCN(Cc2ccc(-c3nc4ccccc4cc3-c3ccccc3)cc2)CC1,35.48,clearance_hepatocyte,TDC
CHEMBL551360,O=C(CC12CC3CC(CC(C3)C1)C2)Nc1cccc2c(=O)n(C(CO)CO)ccc12,19.0,clearance_hepatocyte,TDC
CHEMBL1232461,CCNC(=O)C[C@@H]1N=C(c2ccc(Cl)cc2)c2cc(OC)ccc2-n2c(C)nnc21,10.23,clearance_hepatocyte,TDC
CHEMBL389792,CC(CO)(CO)Nc1nc(SCc2cccc(F)c2F)nc2nc(N)sc12,4.92,clearance_hepatocyte,TDC
CHEMBL2035040,NC(=O)c1cnc(-c2ccc(C3(N)CCC3)cc2)c(-c2ccccc2)c1,5.13,clearance_hepatocyte,TDC
CHEMBL2031221,Cc1ccc(NC(=O)c2cccc(N3CCOCC3)c2)cc1-n1cnc2ccc(N3CCN(C)CC3)cc2c1=O,6.0,clearance_hepatocyte,TDC
CHEMBL2151326,COc1cc(Nc2nc3c(cc2F)ncn3[C@@H](CO)c2ccc(F)cn2)n[nH]1,27.54,clearance_hepatocyte,TDC
CHEMBL518924,NCCCCN(Cc1nc2ccccc2[nH]1)[C@H]1CCCc2cccnc21,30.51,clearance_hepatocyte,TDC
CHEMBL2153581,O=C(CCCc1ccc2cccnc2n1)NCc1cc(-c2ccc(F)c(C(F)(F)F)c2)no1,19.95,clearance_hepatocyte,TDC
CHEMBL1916275,Cc1ccc(S(=O)(=O)Nc2c(C(=O)N(C)C3CCCCC3)c(C)nn2-c2ccccc2)cc1,21.0,clearance_hepatocyte,TDC
CHEMBL2349316,CC(C)C[C@H](CO)Nc1nc(S[C@@H](C)c2ccccc2F)nc2nc(N)sc12,30.9,clearance_hepatocyte,TDC
CHEMBL2349318,CCC[C@H](CO)Nc1nc(S[C@@H](C)c2cccc(C#N)c2)nc2[nH]c(=O)sc12,22.39,clearance_hepatocyte,TDC
CHEMBL256668,C[C@H](CO)Nc1nc(SCc2cccc(F)c2F)nc2[nH]c(=O)cnc12,23.22,clearance_hepatocyte,TDC
CHEMBL2170992,CC(C)c1ccc(NC(=O)NCCCSC[C@H]2O[C@@H](n3cnc4c(N)ncnc43)[C@H](O)[C@@H]2O)cc1,109.65,clearance_hepatocyte,TDC
CHEMBL574059,Cn1c(=O)c(-c2c(Cl)cccc2Cl)cc2cnc(Nc3ccc(F)cc3)nc21,6.17,clearance_hepatocyte,TDC
CHEMBL1020,Cc1ccc(C(=O)c2ccc(CC(=O)O)n2C)cc1,7.33,clearance_hepatocyte,TDC
CHEMBL1213118,CN1CCN(c2nc3ccccc3cc2Cn2nc(-c3ccc4nc(N)sc4c3)c3c(N)ncnc32)CC1,7.59,clearance_hepatocyte,TDC
CHEMBL168899,O=C1Nc2ccccc2B(O)N1c1ccccc1,7.94,clearance_hepatocyte,TDC
CHEMBL2000014,NC1=Nc2ccccc2Sc2ccccc21,7.94,clearance_hepatocyte,TDC
CHEMBL1144,CC[C@H](C)C(=O)O[C@H]1C[C@H](O)C=C2C=C[C@H](C)[C@H](CC[C@@H](O)C[C@@H](O)CC(=O)O)[C@H]21,26.98,clearance_hepatocyte,TDC
CHEMBL2031562,Nc1cc(C(=O)Nc2cccc(-c3nnn[nH]3)c2)cc(C(F)(F)F)c1,23.44,clearance_hepatocyte,TDC
CHEMBL223228,O=C1Nc2ccc(Cl)cc2[C@@](C#CC2CC2)(C(F)(F)F)O1,8.51,clearance_hepatocyte,TDC
CHEMBL2087361,C#Cc1cccc(Nc2ncnc3cc4c(cc23)OCCOCCOCCO4)c1,21.88,clearance_hepatocyte,TDC
CHEMBL2036958,CC1(CCCc2cc(=O)oc3[nH]c(=O)[nH]c(=O)c23)CC1,3.0,clearance_hepatocyte,TDC
CHEMBL2035024,NC1(c2ccc(-c3ncc4cccn4c3-c3ccccc3)cc2)CCC1,3.0,clearance_hepatocyte,TDC
CHEMBL2171999,Cc1nn(C)c2ccc(N3CCN(C(=O)[C@@H]4CCCC[C@H]4C(=O)NC4(C#N)CC4)[C@H](C)C3)cc12,3.0,clearance_hepatocyte,TDC
CHEMBL196707,Cc1c(CC(=O)O)c2cc(F)ccc2n1S(=O)(=O)c1ccc(S(C)(=O)=O)cc1,3.0,clearance_hepatocyte,TDC
CHEMBL377957,COc1ccc(C)c(Nc2ncc3ccn(-c4ccccn4)c3n2)c1,102.33,clearance_hepatocyte,TDC
CHEMBL165790,CC(C)Oc1ccc2c(=O)c(-c3ccccc3)coc2c1,109.65,clearance_hepatocyte,TDC
CHEMBL1924049,C[C@@](C(=O)O[C@H]1C[N+]2(CCc3ccccc3F)CCC1CC2)(c1ccccc1)N1CCCCC1,130.0,clearance_hepatocyte,TDC
CHEMBL1771,COC(=O)[C@H](c1ccccc1Cl)N1CCc2sccc2C1,137.0,clearance_hepatocyte,TDC
CHEMBL108546,Oc1nc2c(O)ccc(CCNCCCOCCOCCc3ccccc3)c2s1,144.0,clearance_hepatocyte,TDC
CHEMBL560993,Cc1c(Cc2ccc3ccccc3n2)c2cc(F)ccc2n1CC(=O)O,4.04,clearance_hepatocyte,TDC
CHEMBL2158829,O=C(O)COc1cccc(N2CCC(CN3CCC(Oc4ccc(Cl)c(Cl)c4)CC3)CC2)c1,3.0,clearance_hepatocyte,TDC
CHEMBL2179278,Cc1cn([C@H]2CCCN([C@@H](CC(C)(C)C)c3ccc(C(=O)O)c(Oc4cccc(Br)c4)c3)C2)c(=O)[nH]c1=O,3.0,clearance_hepatocyte,TDC
CHEMBL189475,C[C@@H](C(=O)NS(C)(=O)=O)c1ccc(OS(=O)(=O)C(F)(F)F)cc1,3.0,clearance_hepatocyte,TDC
CHEMBL1807823,O=c1[nH]c2c(O)ccc([C@@H](O)CNCCSCCCNCCc3ccccc3)c2s1,3.0,clearance_hepatocyte,TDC
CHEMBL2172001,Cc1nnc(C)c2cc(N3CCN(C(=O)[C@@H]4CCCC[C@H]4C(=O)NC4(C#N)CC4)[C@H](C)C3)ccc12,3.0,clearance_hepatocyte,TDC
CHEMBL2158839,O=C(O)[C@H](Cc1ccccc1F)N1CCC(CN2CCC(Oc3ccc(Cl)c(Cl)c3)CC2)CC1,3.0,clearance_hepatocyte,TDC
CHEMBL1807818,O=c1[nH]c2c(O)ccc([C@@H](O)CNCCCSCCOCCc3ccccc3)c2s1,113.0,clearance_hepatocyte,TDC
CHEMBL379787,O=C(Nc1nc2ccccc2n1CCN1CCOCC1)c1cccc([N+](=O)[O-])c1,150.0,clearance_hepatocyte,TDC
CHEMBL130,O=C(N[C@H](CO)[C@H](O)c1ccc([N+](=O)[O-])cc1)C(Cl)Cl,69.18,clearance_hepatocyte,TDC
CHEMBL1573309,CCN(CC)CCn1c2ccccc2c2cnc(N)c(C#N)c21,77.0,clearance_hepatocyte,TDC
CHEMBL1800657,CCCN(CCNCCc1ccc(O)c2[nH]c(=O)sc12)C(=O)CCOCCc1ccccc1,107.0,clearance_hepatocyte,TDC
CHEMBL562551,COc1cc(NC(=O)c2ccccn2)ccc1Cl,150.0,clearance_hepatocyte,TDC
CHEMBL114,CC(C)(C)NC(=O)[C@@H]1C[C@@H]2CCCC[C@@H]2CN1C[C@@H](O)[C@H](Cc1ccccc1)NC(=O)[C@H](CC(N)=O)NC(=O)c1ccc2ccccc2n1,150.0,clearance_hepatocyte,TDC
CHEMBL1917433,Cc1c(Sc2ccc(Cl)cc2)c2c(NS(C)(=O)=O)cccc2n1CC(=O)O,5.0,clearance_hepatocyte,TDC
CHEMBL361812,O=C(O)CCn1c2c(c3ccccc31)C[C@H](NS(=O)(=O)c1ccc(F)cc1)CC2,6.0,clearance_hepatocyte,TDC
CHEMBL2172000,Cc1nn(C)c2cc(N3CCN(C(=O)[C@@H]4CCCC[C@H]4C(=O)NC4(C#N)CC4)[C@H](C)C3)ccc12,7.41,clearance_hepatocyte,TDC
CHEMBL1201753,O=C(O)C[C@H](O)C[C@H](O)/C=C/c1c(C2CC2)nc2ccccc2c1-c1ccc(F)cc1,7.11,clearance_hepatocyte,TDC
CHEMBL2036958,CC1(CCCc2cc(=O)oc3[nH]c(=O)[nH]c(=O)c23)CC1,42.66,clearance_hepatocyte,TDC
CHEMBL645,CC(C)NCC(O)COc1ccc(COCCOC(C)C)cc1,25.12,clearance_hepatocyte,TDC
CHEMBL114,CC(C)(C)NC(=O)[C@@H]1C[C@@H]2CCCC[C@@H]2CN1C[C@@H](O)[C@H](Cc1ccccc1)NC(=O)[C@H](CC(N)=O)NC(=O)c1ccc2ccccc2n1,25.7,clearance_hepatocyte,TDC
CHEMBL1800526,COc1ccnc(CCc2nc3cc(Br)cnc3[nH]2)c1,29.0,clearance_hepatocyte,TDC
CHEMBL51,O=C(c1ccc(F)cc1)C1CCN(CCn2c(=O)[nH]c3ccccc3c2=O)CC1,30.2,clearance_hepatocyte,TDC
CHEMBL560219,O=C(Cc1ccc(Cl)c(C(F)(F)F)c1)Nc1cccc2c(=O)n(CCO)ccc12,32.0,clearance_hepatocyte,TDC
CHEMBL1213082,Cc1ccccc1-n1c(Cn2cnc3c(N)ncnc32)nc2cccc(C)c2c1=O,10.96,clearance_hepatocyte,TDC
CHEMBL1807870,O=c1[nH]c2c(O)ccc([C@@H](O)CNCCCSCCNCCc3ccccc3Cl)c2s1,12.0,clearance_hepatocyte,TDC
CHEMBL1645494,CNC(=O)Cc1ccc2c(=O)cc(-c3cccnc3)[nH]c2c1,3.0,clearance_hepatocyte,TDC
CHEMBL203125,O=CN(O)CCCP(=O)(O)O,3.0,clearance_hepatocyte,TDC
CHEMBL402501,C[C@H](Cc1cccc(CC(=O)NC23CC4CC(CC(C4)C2)C3)c1)NC[C@H](O)c1ccc(O)c(CO)c1,21.9,clearance_hepatocyte,TDC
CHEMBL1290353,CCC(NC(=O)Nc1cc(Cl)ccc1Cl)(C(F)(F)F)C(F)(F)F,22.91,clearance_hepatocyte,TDC
CHEMBL435859,OB1c2ccccc2N=C(S)N1c1cccnc1,3.0,clearance_hepatocyte,TDC
CHEMBL580,O=C1Nc2ccc(Cl)cc2C(c2ccccc2Cl)=NC1O,17.38,clearance_hepatocyte,TDC
CHEMBL1934421,Cc1ccc(S(=O)(=O)Nc2c(C(=O)N[C@@H](C)C(C)(C)C)c(C)nn2C2CCN(CC(F)(F)F)CC2)cc1,3.0,clearance_hepatocyte,TDC
CHEMBL1934423,Cc1ccc(S(=O)(=O)Nc2c(C(=O)N[C@@H](C)C(C)(C)C)c(C)nn2C2CCOC2)cc1,3.0,clearance_hepatocyte,TDC
CHEMBL2158779,O=C(O)[C@H](Cc1ccc(F)cc1)N1CCC(CN2CCC(Oc3ccc(Cl)cc3Cl)CC2)CC1,3.0,clearance_hepatocyte,TDC
CHEMBL450470,COc1ccc(N(C(C)=O)C(C(=O)NC2CCCC2)c2ccccc2F)c(OC)c1,150.0,clearance_hepatocyte,TDC
CHEMBL2141746,CCCNC(=O)CSc1ccc(S(=O)(=O)N2CCCC2)cn1,54.95,clearance_hepatocyte,TDC
CHEMBL49,O=C1CC2(CCCC2)CC(=O)N1CCCCN1CCN(c2ncccn2)CC1,38.9,clearance_hepatocyte,TDC
CHEMBL2178579,O=C(Nc1ccc(Cl)c(S(=O)(=O)N2CCNCC2)c1O)Nc1cccc(F)c1Cl,41.35,clearance_hepatocyte,TDC
CHEMBL2179277,Cc1cn([C@H]2CCCN([C@H](CC(C)(C)C)c3ccc(C(=O)O)c(Oc4cccc(Br)c4)c3)C2)c(=O)[nH]c1=O,48.98,clearance_hepatocyte,TDC
CHEMBL2207669,N#Cc1ccc(OC2CCN(C[C@H](O)CNC(=O)c3c[nH]c(=O)c4ccccc34)CC2)cc1Cl,3.0,clearance_hepatocyte,TDC
CHEMBL454616,Cc1ccc(NC(=O)c2cccc(N(C)S(C)(=O)=O)c2)cc1NC(=O)c1ccc2ncccc2c1,3.0,clearance_hepatocyte,TDC
CHEMBL1322893,COc1ccccc1-c1csc(-n2ncc(C#N)c2N)n1,54.95,clearance_hepatocyte,TDC
CHEMBL2105717,COc1cc2nccc(Oc3ccc(NC(=O)C4(C(=O)Nc5ccc(F)cc5)CC4)cc3)c2cc1OC,6.76,clearance_hepatocyte,TDC
CHEMBL1921913,C[C@@](C(=O)O[C@H]1C[N+]2(CCc3c[nH]c4ccccc34)CCC1CC2)(c1ccccc1)N1CCCCC1,53.0,clearance_hepatocyte,TDC
CHEMBL1091137,CC/C(=C(/c1ccc(O)cc1)c1ccc(/C=C/C(=O)O)cc1)c1ccccc1,54.95,clearance_hepatocyte,TDC
CHEMBL556680,O=C(CC12CC3CC(CC(C3)C1)C2)Nc1cccc2c(=O)n(C[C@H]3CCCN3)ccc12,43.0,clearance_hepatocyte,TDC
CHEMBL559968,O=C(NCCc1ccccc1Cl)c1cc(-n2ncc(=O)[nH]c2=O)ccc1Cl,8.0,clearance_hepatocyte,TDC
CHEMBL1294,C=C[C@H]1CN2CC[C@H]1C[C@@H]2[C@@H](O)c1ccnc2ccc(OC)cc12,6.17,clearance_hepatocyte,TDC
CHEMBL1071,O=C(O)CCc1nc(-c2ccccc2)c(-c2ccccc2)o1,6.46,clearance_hepatocyte,TDC
CHEMBL1962788,O=c1c2c3n(c(=O)cc2[nH]n1-c1ccccc1Cl)CCCN(Cc1ccccc1)C3,3.0,clearance_hepatocyte,TDC
CHEMBL477,Nc1ncnc2c1ncn2[C@@H]1O[C@H](CO)[C@@H](O)[C@H]1O,3.0,clearance_hepatocyte,TDC
CHEMBL2035040,NC(=O)c1cnc(-c2ccc(C3(N)CCC3)cc2)c(-c2ccccc2)c1,3.0,clearance_hepatocyte,TDC
CHEMBL1684984,CS(=O)(=O)N1CCc2c(-c3cnc(N)nc3)nc(N3CCOCC3)nc21,3.0,clearance_hepatocyte,TDC
CHEMBL2364624,O=C(O)C[C@H]1CC[C@H](c2ccc(-c3ccc(Nc4ccc(C(F)(F)F)nc4)cn3)cc2)CC1,3.0,clearance_hepatocyte,TDC
CHEMBL1916272,CCC(CC)NC(=O)c1c(C)nn(-c2ccccc2)c1NS(=O)(=O)c1ccc(C)cc1,3.0,clearance_hepatocyte,TDC
CHEMBL571,CC(C(=O)O)c1cccc(C(=O)c2ccccc2)c1,3.0,clearance_hepatocyte,TDC
CHEMBL2141746,CCCNC(=O)CSc1ccc(S(=O)(=O)N2CCCC2)cn1,3.0,clearance_hepatocyte,TDC
CHEMBL1669162,NC(=O)COc1cc(-c2cccc3c(=O)cc(N4CCOCC4)oc23)ccc1NC(=O)CN1CCOCC1,3.0,clearance_hepatocyte,TDC
CHEMBL346886,Cc1cccc2c(O)nc(-c3ccc(C(F)(F)F)cc3)nc12,45.71,clearance_hepatocyte,TDC
CHEMBL1269858,CN(c1ccnc(Nc2cc(N3CCOCC3)cc(N3CCOCC3)c2)n1)c1cccc2[nH]ncc12,51.29,clearance_hepatocyte,TDC
CHEMBL511058,COc1ccccc1SC[C@@H](C)CN[C@@H]1COc2ccccc2SC1,51.29,clearance_hepatocyte,TDC
CHEMBL13280,CN1C(=O)CN=C(c2ccccc2F)c2cc([N+](=O)[O-])ccc21,5.01,clearance_hepatocyte,TDC
CHEMBL212689,CCN(C(=O)Cc1ccc(S(C)(=O)=O)cc1)C1CCN(CC[C@H](c2ccc(S(C)(=O)=O)cc2)c2cc(F)cc(F)c2)CC1,5.79,clearance_hepatocyte,TDC
CHEMBL1835918,Cc1ccc(N2CC(COc3ccc(-c4noc(C)n4)cc3)C2)nn1,26.41,clearance_hepatocyte,TDC
CHEMBL272705,C[C@H](CO)Nc1nc(SCc2ccco2)nc2[nH]c(=O)sc12,27.3,clearance_hepatocyte,TDC
CHEMBL1944693,COc1ccccc1CCNCc1cccc(CCNC[C@H](O)c2ccc(O)c3[nH]c(=O)sc23)c1,29.0,clearance_hepatocyte,TDC
CHEMBL1947153,O=c1[nH]c2c(O)ccc([C@@H](O)CNCCc3cccc(CN4CCC(c5ccccc5)CC4)c3)c2s1,29.0,clearance_hepatocyte,TDC
CHEMBL213100,COc1ccc(N(C(=O)Oc2c(C)cccc2C)c2ccnc(Nc3ccc(N4CCN(C)CC4)cc3)n2)c(OC)c1,35.48,clearance_hepatocyte,TDC
CHEMBL1309980,N=c1c(S(=O)(=O)c2ccc(Cl)cc2)cc2c(=O)n3ccccc3nc2n1C1CCCC1,35.48,clearance_hepatocyte,TDC
CHEMBL1830707,c1ccc(Nc2nc3c(s2)CCCc2n[nH]cc2-3)nc1,36.31,clearance_hepatocyte,TDC
CHEMBL1916267,CCC(CC)NC(=O)c1cnn(Cc2ccccc2)c1NS(=O)(=O)c1ccc(C)cc1,12.0,clearance_hepatocyte,TDC
CHEMBL564737,O=C(NCC1(O)CCCCCC1)c1cc(-c2ccccc2C(=O)O)ccc1Cl,12.5,clearance_hepatocyte,TDC
CHEMBL296035,CCc1cccc2cc(C(O)CNC(C)(C)C)oc12,8.71,clearance_hepatocyte,TDC
CHEMBL2147032,O=C1COC2(CCN(S(=O)(=O)c3ccc(-c4ccc5cccnc5c4)cc3)CC2)CN1C1CC1,9.12,clearance_hepatocyte,TDC
CHEMBL2169908,Cc1noc2cc(N3CCN(C(=O)[C@@H]4CCCC[C@H]4C(=O)NC4(C#N)CC4)[C@H](C)C3)ccc12,9.33,clearance_hepatocyte,TDC
CHEMBL376408,CN(C)CC[C@H](CSc1ccccc1)Nc1ccc(S(=O)(=O)NC(=O)c2ccc(N3CCN(Cc4ccccc4-c4ccc(Cl)cc4)CC3)cc2)cc1[N+](=O)[O-],9.55,clearance_hepatocyte,TDC
CHEMBL278390,O=C(O)c1cc2ccccc2[nH]1,10.96,clearance_hepatocyte,TDC
CHEMBL1916274,Cc1ccc(S(=O)(=O)Nc2c(C(=O)NC3CCCCC3)c(C)nn2-c2ccccc2)cc1,12.0,clearance_hepatocyte,TDC
CHEMBL2,COc1cc2nc(N3CCN(C(=O)c4ccco4)CC3)nc(N)c2cc1OC,12.02,clearance_hepatocyte,TDC
CHEMBL2180612,COC(=O)C1=C(C)NC2=C(C(=O)CC(C)(C)C2)C1c1ccc(-c2ccc(C(F)(F)F)cc2)cc1,12.3,clearance_hepatocyte,TDC
CHEMBL2147475,COc1cc(-n2cnc3cc(-c4ccc(Cl)cc4)sc3c2=O)ccc1OC[C@H](OP(=O)(O)O)C1CC1,12.3,clearance_hepatocyte,TDC
CHEMBL1945289,COc1ccc(CNCc2cccc(CCNC[C@H](O)c3ccc(O)c4[nH]c(=O)sc34)c2)cc1,13.0,clearance_hepatocyte,TDC
CHEMBL511115,COc1ccc([C@]2(C#N)CC[C@@H](C(=O)O)CC2)cc1OC1CCCC1,28.0,clearance_hepatocyte,TDC
CHEMBL2179281,CCCCC[C@H](c1ccc(C(=O)O)c(Oc2cccc(Br)c2)c1)N1CCC[C@H](n2cc(C)c(=O)[nH]c2=O)C1,30.2,clearance_hepatocyte,TDC
CHEMBL551813,CN(C)c1nc(Cc2ccc(NC(=O)c3ccc(C(F)(F)F)cc3)cc2)nc(N(C)C)c1CC(=O)O,18.62,clearance_hepatocyte,TDC
CHEMBL2086478,C=CC(=O)Nc1ccc(C)cc1,21.38,clearance_hepatocyte,TDC
CHEMBL2132954,O=C1NC(=O)C(=CC=Cc2ccccc2)S1,10.47,clearance_hepatocyte,TDC
CHEMBL1689130,C[C@H]1CN(Cc2cc(Cl)ccc2OCC(=O)O)CCN1C(=O)Cc1cccc(Cl)c1,12.0,clearance_hepatocyte,TDC
CHEMBL2326623,COc1cccc2c1c(NS(=O)(=O)c1ccc(Cl)s1)nn2Cc1cccc(CNC(=O)[C@H]2COCCN2)c1,28.0,clearance_hepatocyte,TDC
CHEMBL1465276,O=C(C1CCN(c2nnc(-n3cccc3)s2)CC1)N1CCc2ccccc2C1,46.77,clearance_hepatocyte,TDC
CHEMBL2103876,Cc1ccc2c(NC[C@](O)(CC(C)(C)c3cc(F)cc4c3OCC4)C(F)(F)F)cccc2n1,50.12,clearance_hepatocyte,TDC
CHEMBL267894,CCC1(CCC(C)C)C(=O)N=C(O)NC1=O,11.75,clearance_hepatocyte,TDC
CHEMBL266195,C=CCc1ccccc1OCC(O)CNC(C)C,13.18,clearance_hepatocyte,TDC
CHEMBL1201753,O=C(O)C[C@H](O)C[C@H](O)/C=C/c1c(C2CC2)nc2ccccc2c1-c1ccc(F)cc1,14.5,clearance_hepatocyte,TDC
CHEMBL369533,CCN(CC)CCN1C(=O)C(O)(c2ccccc2Cl)c2c1cc(C(N)=O)cc2C(F)(F)F,15.14,clearance_hepatocyte,TDC
CHEMBL976,O=C(C1CCCCC1)N1CC(=O)N2CCc3ccccc3C2C1,17.38,clearance_hepatocyte,TDC
CHEMBL1916279,Cc1ccc(S(=O)(=O)Nc2c(C(=O)NCC(C)(C)C)c(C)nn2-c2ccccc2)cc1,18.0,clearance_hepatocyte,TDC
CHEMBL569184,COc1ccc(CCN2C(=O)N(NS(C)(=O)=O)C[C@@H]2c2ccc(OC)cc2)cc1,19.05,clearance_hepatocyte,TDC
CHEMBL402986,C[C@H](CO)Nc1nc(SCc2ccccc2)nc2[nH]c(=O)sc12,19.45,clearance_hepatocyte,TDC
CHEMBL2331750,Cc1cc(Oc2cc(S(=O)(=O)N3CCC[C@H](n4cc(C)c(=O)[nH]c4=O)C3)ccc2O)ccc1Cl,20.42,clearance_hepatocyte,TDC
CHEMBL2158827,O=C(O)Cc1ccc(N2CCC(CN3CCC(Oc4ccc(Cl)c(Cl)c4)CC3)CC2)cc1,9.0,clearance_hepatocyte,TDC
CHEMBL1916271,CCN(C(=O)c1cnn(-c2ccccc2)c1NS(=O)(=O)c1ccc(-c2cnco2)cc1)C1CCCCC1,9.5,clearance_hepatocyte,TDC
CHEMBL2147474,COc1cc(-n2cnc3cc(-c4ccc(Cl)cc4)sc3c2=O)ccc1OC[C@H](O)C1CC1,9.77,clearance_hepatocyte,TDC
CHEMBL1823817,COC[C@H](O)Cn1c(=O)cnn(-c2ccc(Cl)c(C(=O)NCC3(O)CCCCCC3)c2)c1=O,3.0,clearance_hepatocyte,TDC
CHEMBL406852,COc1nc(N)nc2c1ncn2[C@@H]1O[C@H](CO)[C@@H](O)[C@H]1O,10.47,clearance_hepatocyte,TDC
CHEMBL1477,COCc1c(C(C)C)nc(C(C)C)c(/C=C/[C@@H](O)C[C@@H](O)CC(=O)O)c1-c1ccc(F)cc1,10.72,clearance_hepatocyte,TDC
CHEMBL112,CC(=O)Nc1ccc(O)cc1,10.8,clearance_hepatocyte,TDC
CHEMBL35,NS(=O)(=O)c1cc(C(=O)O)c(NCc2ccco2)cc1Cl,3.0,clearance_hepatocyte,TDC
CHEMBL1444,N#Cc1ccc(C(c2ccc(C#N)cc2)n2cncn2)cc1,3.0,clearance_hepatocyte,TDC
CHEMBL1766793,CC(C)S(=O)(=O)c1ccc(-c2cnc(N)c(C(=O)Nc3ccccc3)n2)cc1,20.89,clearance_hepatocyte,TDC
CHEMBL1204759,Cc1nn(-c2ccccc2)c(NC(=O)NS(=O)(=O)c2ccc(Cl)cc2)c1C#N,21.47,clearance_hepatocyte,TDC
CHEMBL2011441,COc1nc(Br)cnc1NS(=O)(=O)c1ccc(Cl)s1,3.0,clearance_hepatocyte,TDC
CHEMBL945,N=C(N)NC(=O)c1nc(Cl)c(N)nc1N,3.0,clearance_hepatocyte,TDC
CHEMBL1934420,Cc1ccc(S(=O)(=O)Nc2c(C(=O)N[C@@H](C)C(C)(C)C)c(C)nn2C2CCN(C)CC2)cc1,3.0,clearance_hepatocyte,TDC
CHEMBL957,COc1ccccc1Oc1c(NS(=O)(=O)c2ccc(C(C)(C)C)cc2)nc(-c2ncccn2)nc1OCCO,4.79,clearance_hepatocyte,TDC
CHEMBL1241982,COc1ccc2nc(C)cc(-n3cc(CN4CCN(C(C)=O)CC4)nn3)c2c1,5.13,clearance_hepatocyte,TDC
CHEMBL2219422,Cn1ncc(Cl)c1-c1cc(C(=O)N[C@H](CN)Cc2cccc(F)c2)sc1Cl,7.08,clearance_hepatocyte,TDC
CHEMBL1583280,O=C(O)C1CSC(c2ccccc2Cl)N1C(=O)c1ccc(Cl)cc1,15.49,clearance_hepatocyte,TDC
CHEMBL2017974,Nc1cc(C(F)(F)F)c(-c2cc(N3CCOCC3)nc(N3CCOCC3)n2)cn1,15.85,clearance_hepatocyte,TDC
CHEMBL1689134,C[C@H]1CN(Cc2cc(Cl)ccc2OC(C)(C)C(=O)O)CCN1S(=O)(=O)c1ccccc1,17.0,clearance_hepatocyte,TDC
CHEMBL397237,C[C@H](CO)Nc1nc(SCc2cccc(F)c2F)nc2nc(N)sc12,17.16,clearance_hepatocyte,TDC
CHEMBL1916280,CCC(C)NC(=O)c1c(C)nn(-c2ccccc2)c1NS(=O)(=O)c1ccc(C)cc1,17.32,clearance_hepatocyte,TDC
CHEMBL1622829,Cc1cc(C)nc(Nc2cccc(C(F)(F)F)c2)n1,36.31,clearance_hepatocyte,TDC
CHEMBL1464,CC(=O)CC(c1ccccc1)c1c(O)c2ccccc2oc1=O,3.0,clearance_hepatocyte,TDC
CHEMBL2177162,Nc1ncc(-c2ccc(S(=O)(=O)N3CCCC3)cc2)nc1C(=O)Nc1cccnc1,3.0,clearance_hepatocyte,TDC
CHEMBL2035017,NC1(c2ccc(-c3nc4ccccc4cc3-c3ccccc3)cc2)CCC1,13.49,clearance_hepatocyte,TDC
CHEMBL837,CCc1c2c(nc3ccc(O)cc13)-c1cc3c(c(=O)n1C2)COC(=O)[C@]3(O)CC,23.99,clearance_hepatocyte,TDC
CHEMBL222989,O=C(O)CN1C(=O)C(=O)c2ccccc21,26.92,clearance_hepatocyte,TDC
CHEMBL1945034,O=c1[nH]c2c(O)ccc([C@@H](O)CNCCc3ccc(CNCCc4ccccn4)cc3)c2s1,3.0,clearance_hepatocyte,TDC
CHEMBL1088751,CNC(=O)c1ccc(C)c(-n2c(C)cc(OCc3ccc(F)cc3F)c(Br)c2=O)c1,3.0,clearance_hepatocyte,TDC
CHEMBL1800528,COc1ccnc(CCc2nc3c(C)ccnc3[nH]2)c1,3.0,clearance_hepatocyte,TDC
CHEMBL1689117,O=C(O)COc1ccc(Cl)cc1CN1CCN(S(=O)(=O)c2ccc(F)cc2)CC1,3.0,clearance_hepatocyte,TDC
CHEMBL2170989,Nc1ncnc2c1ncn2[C@@H]1O[C@H](CSCCCNC(=O)Nc2ccccc2)[C@@H](O)[C@H]1O,28.18,clearance_hepatocyte,TDC
CHEMBL256668,C[C@H](CO)Nc1nc(SCc2cccc(F)c2F)nc2[nH]c(=O)cnc12,42.0,clearance_hepatocyte,TDC
CHEMBL17157,CC(C)(C)c1ccc(C(O)CCCN2CCC(C(O)(c3ccccc3)c3ccccc3)CC2)cc1,34.67,clearance_hepatocyte,TDC
CHEMBL111775,O=C(CCOCCc1ccccc1)NCCNCCc1ccc(O)c2nc(O)sc12,71.99,clearance_hepatocyte,TDC
CHEMBL1537460,COc1ccccc1C(=O)Nc1ccc(Cc2ccncc2)cc1,103.2,clearance_hepatocyte,TDC
CHEMBL445,CNCCC=C1c2ccccc2CCc2ccccc21,144.0,clearance_hepatocyte,TDC
CHEMBL1689120,C[C@@H]1CN(Cc2cc(Cl)ccc2OCC(=O)O)CCN1S(=O)(=O)c1ccccc1,7.48,clearance_hepatocyte,TDC
CHEMBL2110732,COc1cc2ncnc(Nc3ccc(F)c(Cl)c3)c2cc1NC(=O)/C=C/CN1CCCCC1,9.77,clearance_hepatocyte,TDC
CHEMBL1194325,O=C(O[C@H]1C[N+]2(CCCOc3ccccc3)CCC1CC2)C(O)(c1cccs1)c1cccs1,79.99,clearance_hepatocyte,TDC
CHEMBL1947155,C[C@@H](NCc1ccccc1-c1ccc(CCNC[C@H](O)c2ccc(O)c3[nH]c(=O)sc23)cc1)c1ccccc1,108.0,clearance_hepatocyte,TDC
CHEMBL112,CC(=O)Nc1ccc(O)cc1,6.31,clearance_hepatocyte,TDC
CHEMBL1345333,c1ccc(Nc2[nH]nnc2-c2ccccc2)cc1,111.0,clearance_hepatocyte,TDC
CHEMBL2107366,Cc1cccc([C@H](C)c2c[nH]c(=S)[nH]2)c1C,25.7,clearance_hepatocyte,TDC
CHEMBL1921919,Cc1cc(CCC[N+]23CCC(CC2)[C@@H](OC(=O)[C@](C)(c2ccccc2)N2CCCCC2)C3)ccn1,36.08,clearance_hepatocyte,TDC
CHEMBL397230,Cc1ccc(-c2cc(C(F)(F)F)nn2-c2ccc([S+](C)[O-])cc2)cc1,14.79,clearance_hepatocyte,TDC
CHEMBL376488,COc1nc2ccc(Br)cc2cc1[C@@H](c1ccccc1)[C@@](O)(CCN(C)C)c1cccc2ccccc12,14.13,clearance_hepatocyte,TDC
CHEMBL1241590,CS(=O)(=O)c1ccc([C@@H](O)[C@@H](CF)NC(=O)C(Cl)Cl)cc1,69.18,clearance_hepatocyte,TDC
CHEMBL1770298,Cc1ccc(C(NC(=O)c2ccccc2O)C(=O)Nc2c(C)cccc2C)s1,70.0,clearance_hepatocyte,TDC
CHEMBL139,O=C(O)Cc1ccccc1Nc1c(Cl)cccc1Cl,80.0,clearance_hepatocyte,TDC
CHEMBL2170837,CCn1c(C)c(C(=O)O)c(-c2cccc(N3CCN(c4ccc(NS(=O)(=O)c5ccc(N[C@H](CCN6CCC(O)CC6)CSc6ccccc6)c(S(=O)(=O)C(F)(F)F)c5)cc4)CC3)c2)c1-c1ccc(Cl)cc1,17.38,clearance_hepatocyte,TDC
CHEMBL1499,C[C@]12CC(=O)[C@H]3[C@@H](CCC4=CC(=O)CC[C@@]43C)[C@@H]1CC[C@]2(O)C(=O)CO,17.38,clearance_hepatocyte,TDC
CHEMBL112273,Nc1ccc2c(-c3ccncc3)c(-c3ccc(F)cc3)[nH]c2n1,117.49,clearance_hepatocyte,TDC
CHEMBL183630,Cc1ccc(NC(=O)c2cccc(N3CCOCC3)c2)cc1NC(=O)c1ccc(OCc2cscn2)cc1,20.0,clearance_hepatocyte,TDC
CHEMBL553,C#Cc1cccc(Nc2ncnc3cc(OCCOC)c(OCCOC)cc23)c1,7.41,clearance_hepatocyte,TDC
CHEMBL500,CC(C)NCC(O)COc1cccc2[nH]ccc12,7.59,clearance_hepatocyte,TDC
CHEMBL1807825,CCOc1ccc(CCNCCCSCCNC[C@H](O)c2ccc(O)c3[nH]c(=O)sc23)cc1,8.0,clearance_hepatocyte,TDC
CHEMBL1549615,COc1cc2cc(-c3ccc(O)cc3O)nc(C)c2cc1OC,150.0,clearance_hepatocyte,TDC
CHEMBL106309,O=C(O)CCCCCCc1ccc(Cc2ccc3ccccc3n2)cc1,150.0,clearance_hepatocyte,TDC
CHEMBL1439884,CCCCn1c(SCC(=O)Nc2cc(C)on2)nnc1-c1ccco1,150.0,clearance_hepatocyte,TDC
CHEMBL2152917,CO[C@H]1CC[C@]2(CC1)Cc1ccc(OCC(C)C)cc1C21N=C(C)C(N)=N1,7.24,clearance_hepatocyte,TDC
CHEMBL397229,Cc1ccc(-c2cc(C(F)(F)F)nn2-c2ccc(C(=O)O)cc2)cc1,10.72,clearance_hepatocyte,TDC
CHEMBL399539,COC(=O)C1=C(C)NC(C)=C(C(=O)OC(C)C)[C@@H]1c1cccc2nonc12,150.0,clearance_hepatocyte,TDC
CHEMBL11,CN(C)CCCN1c2ccccc2CCc2ccccc21,5.62,clearance_hepatocyte,TDC
CHEMBL141157,C#CC[C@@H](C(=O)N[C@H](/C=C/C(=O)OCC)C[C@@H]1CCNC1=O)n1cccc(NC(=O)c2cc(C)on2)c1=O,150.0,clearance_hepatocyte,TDC
CHEMBL457,Cc1ccc(C)c(OCCCC(C)(C)C(=O)O)c1,150.0,clearance_hepatocyte,TDC
CHEMBL650,C[C@H]1C[C@H]2[C@@H]3CC[C@](O)(C(=O)CO)[C@@]3(C)C[C@H](O)[C@@H]2[C@@]2(C)C=CC(=O)C=C12,150.0,clearance_hepatocyte,TDC
CHEMBL1610669,CC(C)CCOc1ccc(N)cc1,150.0,clearance_hepatocyte,TDC
CHEMBL453,Cc1noc(NS(=O)(=O)c2ccc(N)cc2)c1C,3.0,clearance_hepatocyte,TDC
CHEMBL1290183,O=C(c1ccccc1)N1CCC2(CCN(Cc3cccc(Cl)c3)CC2)CC1,3.0,clearance_hepatocyte,TDC
CHEMBL560423,O=C(NCC1(O)CCCCCC1)c1cc(-n2ncc(=O)[nH]c2=O)ccc1Cl,3.0,clearance_hepatocyte,TDC
CHEMBL552513,O=C(Cc1ccc(F)c(C(F)(F)F)c1)Nc1cccc2c(=O)n([C@@H]3CNC[C@H]3O)ccc12,3.0,clearance_hepatocyte,TDC
CHEMBL1257599,CNc1ncnc2c(CNc3cc(NC(=O)c4ccc5c(c4)OCCO5)ccc3C)cccc12,41.69,clearance_hepatocyte,TDC
CHEMBL1957266,Cc1sc2c(c1C)C(c1ccc(Cl)cc1)=N[C@@H](CC(=O)OC(C)(C)C)c1nnc(C)n1-2,16.6,clearance_hepatocyte,TDC
CHEMBL2181753,CCN(Cc1cc(C(F)(F)F)ccc1-c1cc(CC(=O)O)ccc1OC)C(=O)NCc1ccccc1,18.2,clearance_hepatocyte,TDC
CHEMBL2059909,CC(C)(C)NS(=O)(=O)c1cncc(-c2ccc3nc(N)nn3c2)c1,20.0,clearance_hepatocyte,TDC
CHEMBL1782167,Cc1ccc(C(=O)NC2CC2)cc1-c1ccc(C(=O)NCC2CC2)nc1,21.0,clearance_hepatocyte,TDC
CHEMBL1628691,Clc1cccc(-n2nnnc2NCc2ccccc2Oc2ccccn2)c1Cl,150.0,clearance_hepatocyte,TDC
CHEMBL240317,O=C(c1ccccc1)N1CCN(Cc2ccccc2)CC1,150.0,clearance_hepatocyte,TDC
CHEMBL2035029,NC1(c2ccc(-c3ncc4cnccc4c3-c3ccccc3)cc2)CCC1,150.0,clearance_hepatocyte,TDC
CHEMBL2035025,NC1(c2ccc(-c3ncc4nccn4c3-c3ccccc3)cc2)CCC1,16.22,clearance_hepatocyte,TDC
CHEMBL320714,Oc1nc2c(O)ccc(CCNCCCCCCOCCc3ccccc3)c2s1,88.0,clearance_hepatocyte,TDC
CHEMBL841,CN(C)C(=O)C(CCN1CCC(O)(c2ccc(Cl)cc2)CC1)(c1ccccc1)c1ccccc1,91.2,clearance_hepatocyte,TDC
CHEMBL1916284,Cc1ccc(S(=O)(=O)Nc2c(C(=O)N[C@@H](C)C(C)(C)C)c(C(F)(F)F)nn2-c2ccccc2)cc1,18.84,clearance_hepatocyte,TDC
CHEMBL232846,C[C@H](CO)Nc1nc(SCc2ccccc2F)nc2nc(N)sc12,19.0,clearance_hepatocyte,TDC
CHEMBL1689125,C[C@H]1CN(Cc2cc(Cl)ccc2OCC(=O)O)C[C@@H](C)N1C(=O)Cc1ccccc1,20.0,clearance_hepatocyte,TDC
CHEMBL1921944,C[C@@](C(=O)O[C@H]1C[N+]2(CC(=O)Nc3cccc(F)c3)CCC1CC2)(c1ccccc1)N1CCCCC1,67.0,clearance_hepatocyte,TDC
CHEMBL110861,Oc1nc2c(O)ccc(CCNCCOCCCOCCc3ccccc3)c2s1,150.0,clearance_hepatocyte,TDC
CHEMBL472658,O=C(c1ccc(O)cc1O)N1CCCC1,150.0,clearance_hepatocyte,TDC
CHEMBL1644374,c1ccc(Oc2nccc3ccccc23)cc1,150.0,clearance_hepatocyte,TDC
CHEMBL1473,CCC(=O)O[C@]1(C(=O)SCF)[C@H](C)C[C@H]2[C@@H]3C[C@H](F)C4=CC(=O)C=C[C@]4(C)[C@@]3(F)[C@@H](O)C[C@@]21C,150.0,clearance_hepatocyte,TDC
CHEMBL2089276,Cc1ccc(-c2cccc(-c3nn[nH]n3)c2)cc1,52.48,clearance_hepatocyte,TDC
CHEMBL2216839,C[C@H]1CN(Cc2nnc(-c3cc(-c4cccc5[nH]ccc45)cc4[nH]ncc34)o2)C[C@@H](C)O1,54.95,clearance_hepatocyte,TDC
CHEMBL560241,Cc1cc(-c2ccc(Cl)c(C(=O)NCC3(O)CCCCCC3)c2)n[nH]1,57.0,clearance_hepatocyte,TDC
CHEMBL1984039,Cc1nn(C)c(C)c1-c1cccc2c(CCCOc3cccc4ccccc34)c(C(=O)O)[nH]c12,61.66,clearance_hepatocyte,TDC
CHEMBL1916283,Cc1ccc(S(=O)(=O)Nc2c(C(=O)N[C@H](C)C(C)(C)C)c(C)nn2-c2ccccc2)cc1,8.0,clearance_hepatocyte,TDC
CHEMBL380947,CC(C)(CO)Nc1nc(SCc2cccc(F)c2F)nc2nc(N)sc12,5.88,clearance_hepatocyte,TDC
CHEMBL397237,C[C@H](CO)Nc1nc(SCc2cccc(F)c2F)nc2nc(N)sc12,7.59,clearance_hepatocyte,TDC
CHEMBL277474,Cc1cc(=O)n(-c2ccccc2)n1C,4.47,clearance_hepatocyte,TDC
CHEMBL1235773,COc1ccc2ncc(C#N)c(CCN3CCC(NCc4cc5c(cn4)OCS5)CC3)c2c1,72.44,clearance_hepatocyte,TDC
CHEMBL833,Clc1ccccc1CN1CCc2sccc2C1,150.0,clearance_hepatocyte,TDC
CHEMBL2097971,COc1ccc2nc(C)cc(OCC(=O)Nc3ccccc3OC)c2c1,150.0,clearance_hepatocyte,TDC
CHEMBL2048865,N[C@@H]1CCCN(c2ccccc2/C=C2\SC(=O)NC2=O)C1,5.13,clearance_hepatocyte,TDC
CHEMBL2179275,Cc1cn([C@H]2CCCN([C@H](CC(C)C)c3ccc(C(=O)O)c(Oc4cccc(Cl)c4)c3)C2)c(=O)[nH]c1=O,9.12,clearance_hepatocyte,TDC
CHEMBL1605684,CC(=O)c1cn(Cc2ccccc2)c(=O)n(Cc2ccc(F)cc2)c1=O,150.0,clearance_hepatocyte,TDC
CHEMBL2348645,CNc1nc(C)c(-c2nc(Nc3cccc(N4CCCCC4)c3)ncc2C#N)s1,150.0,clearance_hepatocyte,TDC
CHEMBL2323231,O=C(CSc1nc2c(c(=O)n1-c1ccccc1)SCC2)Nc1ccc(-c2ccccc2)cn1,150.0,clearance_hepatocyte,TDC
CHEMBL12610,CN(C)CCCOc1nn(Cc2ccccc2)c2ccccc12,150.0,clearance_hepatocyte,TDC
CHEMBL511782,COc1ccc(N(C(=O)c2ccccc2)C(C(=O)NC[C@@H](C)O)c2ccccc2F)c(OC)c1,150.0,clearance_hepatocyte,TDC
CHEMBL569185,COc1ccc(CCN2C(=O)N(NS(C)(=O)=O)C[C@H]2c2ccc(OC)cc2)cc1,21.88,clearance_hepatocyte,TDC
CHEMBL2089277,N#Cc1cccc(-c2cccc(C(=O)O)c2)c1,8.13,clearance_hepatocyte,TDC
CHEMBL1922660,CCOc1ccc(-c2ccc(Cn3c(CC(C)(C)C(=O)O)c(SC(C)(C)C)c4cc(OCc5ccc(C)cn5)ccc43)cc2)cn1,6.92,clearance_hepatocyte,TDC
CHEMBL560993,Cc1c(Cc2ccc3ccccc3n2)c2cc(F)ccc2n1CC(=O)O,10.0,clearance_hepatocyte,TDC
CHEMBL72,CNCCCN1c2ccccc2CCc2ccccc21,150.0,clearance_hepatocyte,TDC
CHEMBL2164850,O=C(Nc1cc(-c2ccncc2)c[nH]c1=O)[C@H](Cc1ccccc1)NC1(c2ccccn2)CC1,150.0,clearance_hepatocyte,TDC
CHEMBL1801962,COc1ccccc1C(=O)/C=C/c1ccccc1C(F)(F)F,150.0,clearance_hepatocyte,TDC
CHEMBL472455,COc1ccc(N(C(=O)c2ccco2)C(C(=O)NC2CCCC2)c2ccccc2F)c(OC)c1,150.0,clearance_hepatocyte,TDC
CHEMBL46740,Cc1c(-c2ccc(O)cc2)n(Cc2ccc(OCCN3CCCCCC3)cc2)c2ccc(O)cc12,35.48,clearance_hepatocyte,TDC
CHEMBL1672434,C[C@H]1C[C@@H](NS(=O)(=O)c2cc(Br)ccc2Br)CN1C#N,39.0,clearance_hepatocyte,TDC
CHEMBL2158793,Cc1cc(F)ccc1OC1CCN(CC2CCN([C@@](C)(Cc3ccc(F)cc3)C(=O)O)CC2)CC1,3.0,clearance_hepatocyte,TDC
CHEMBL2017974,Nc1cc(C(F)(F)F)c(-c2cc(N3CCOCC3)nc(N3CCOCC3)n2)cn1,3.0,clearance_hepatocyte,TDC
CHEMBL2172005,COc1ccc(N2CCN(C(=O)[C@@H]3CCCC[C@H]3C(=O)NC3(C#N)CC3)[C@H](C)C2)cc1OC,3.0,clearance_hepatocyte,TDC
CHEMBL552512,O=C(CC1CCCCCC1)Nc1cccc2c(=O)n([C@H]3CCNC3)ccc12,3.4,clearance_hepatocyte,TDC
CHEMBL1088752,Cc1c(F)cc(C(=O)NC2CC2)cc1-c1ccc(C(=O)NCC(C)(C)C)cn1,3.8,clearance_hepatocyte,TDC
CHEMBL2158782,Cc1cc(OC2CCN(CC3CCN([C@@H](Cc4ccc(F)cc4)C(=O)O)CC3)CC2)ccc1Cl,3.87,clearance_hepatocyte,TDC
CHEMBL1689123,CC[C@H]1CN(Cc2cc(Cl)ccc2OCC(=O)O)CCN1S(=O)(=O)c1ccccc1,4.0,clearance_hepatocyte,TDC
CHEMBL3144574,O=c1c2ccccc2[nH]n1Cc1c[nH]c2ccccc12,4.37,clearance_hepatocyte,TDC
CHEMBL2179269,Cc1cn([C@H]2CCCN([C@H](C)c3ccc(C(=O)O)c(Oc4cccc(Cl)c4)c3)C2)c(=O)[nH]c1=O,3.39,clearance_hepatocyte,TDC
CHEMBL452,O=C1CN=C(c2ccccc2Cl)c2cc([N+](=O)[O-])ccc2N1,3.72,clearance_hepatocyte,TDC
CHEMBL661,Cc1nnc2n1-c1ccc(Cl)cc1C(c1ccccc1)=NC2,3.98,clearance_hepatocyte,TDC
CHEMBL1689137,C[C@H]1CN(Cc2cc(Cl)ccc2CC(=O)O)CCN1S(=O)(=O)Cc1ccccc1,8.7,clearance_hepatocyte,TDC
CHEMBL1381233,O=C(Nc1ccncc1)c1cccc2ccccc12,25.12,clearance_hepatocyte,TDC
CHEMBL108922,CCO/N=C/c1ccc(OCCC2CCN(c3ccc(C)nn3)CC2)cc1,26.0,clearance_hepatocyte,TDC
CHEMBL334167,Cn1sc(=O)c2cc(S(N)(=O)=O)ccc21,27.54,clearance_hepatocyte,TDC
CHEMBL81,O=C(c1ccc(OCCN2CCCCC2)cc1)c1c(-c2ccc(O)cc2)sc2cc(O)ccc12,30.0,clearance_hepatocyte,TDC
CHEMBL384467,C[C@@H]1C[C@H]2[C@@H]3CCC4=CC(=O)C=C[C@]4(C)[C@@]3(F)[C@@H](O)C[C@]2(C)[C@@]1(O)C(=O)CO,31.0,clearance_hepatocyte,TDC
CHEMBL1340633,COc1cc(-c2ccc(Nc3ccccc3C(=O)O)c(OC)c2)ccc1Nc1ccccc1C(=O)O,31.62,clearance_hepatocyte,TDC
CHEMBL1094168,CS(=O)(=O)c1ccc([C@H](CC2CCCC2)C(=O)Nc2nccs2)cc1,35.48,clearance_hepatocyte,TDC
CHEMBL2334144,Cc1c(Cl)cccc1S(=O)(=O)N1CCC[C@H](C(=O)NC2CCCCC2)C1,18.62,clearance_hepatocyte,TDC
CHEMBL2179285,Cc1cn([C@H]2CCCN([C@H](CC3CCOCC3)c3ccc(C(=O)O)c(Oc4cccc(Cl)c4)c3)C2)c(=O)[nH]c1=O,19.05,clearance_hepatocyte,TDC
CHEMBL243001,Cc1nc2ccc(Oc3ccc(F)cc3)cc2c(=O)n1C[C@H]1CCCN(C(C)C)C1,10.47,clearance_hepatocyte,TDC
CHEMBL1669156,COc1cc(-c2cccc3c(=O)cc(N4CCOCC4)oc23)ccc1NC(=O)CN1CCOCC1,27.54,clearance_hepatocyte,TDC
CHEMBL1945291,COc1ccccc1CN(C)Cc1cccc(CCNC[C@H](O)c2ccc(O)c3[nH]c(=O)sc23)c1,33.0,clearance_hepatocyte,TDC
CHEMBL513370,COc1ccc(N(C(=O)c2ccoc2Cl)C(C(=O)NC[C@@H](C)O)c2ccccc2F)c(OC)c1,33.0,clearance_hepatocyte,TDC
CHEMBL2169919,CC(C)N(CCCNC(=O)Nc1ccc(C(C)(C)C)cc1)C[C@H]1O[C@@H](n2ccc3c(N)ncnc32)[C@H](O)[C@@H]1O,33.88,clearance_hepatocyte,TDC
CHEMBL481230,COc1cc2c(Nc3ccc(F)c(Cl)c3)c(C(N)=O)cnc2cc1OCCN(C)CCO,12.59,clearance_hepatocyte,TDC
CHEMBL1809071,COc1cc(N2CCN(C(=O)[C@@H](C)O)CC2)ccc1Nc1ncc(Cl)c(-c2cnc3ccccn23)n1,12.59,clearance_hepatocyte,TDC
CHEMBL1922048,C[C@@](C(=O)O[C@H]1C[N+]2(CC(=O)Nc3ccncn3)CCC1CC2)(c1ccccc1)N1CCCCC1,39.0,clearance_hepatocyte,TDC
CHEMBL20210,CCOC(=O)/C=C/[C@H](C[C@@H]1CCNC1=O)NC(=O)[C@@H](CC(=O)[C@@H](NC(=O)c1cc(C)on1)C(C)C)Cc1ccc(F)cc1,40.74,clearance_hepatocyte,TDC
CHEMBL1289545,Cc1nc(C(=O)N2CCOC3(CCN(Cc4ccc(Cl)cc4)CC3)C2)cs1,47.0,clearance_hepatocyte,TDC
CHEMBL1645495,O=c1cc(-c2cccnc2)[nH]c2cc(Cc3ccccc3)ccc12,50.0,clearance_hepatocyte,TDC
CHEMBL190,Cn1c(=O)c2nc[nH]c2n(C)c1=O,3.0,clearance_hepatocyte,TDC
CHEMBL572,O=C1CN(/N=C/c2ccc([N+](=O)[O-])o2)C(=O)N1,3.0,clearance_hepatocyte,TDC
CHEMBL12610,CN(C)CCCOc1nn(Cc2ccccc2)c2ccccc12,7.76,clearance_hepatocyte,TDC
CHEMBL1513,CCCCC1=NC2(CCCC2)C(=O)N1Cc1ccc(-c2ccccc2-c2nn[nH]n2)cc1,9.01,clearance_hepatocyte,TDC
CHEMBL51,O=C(c1ccc(F)cc1)C1CCN(CCn2c(=O)[nH]c3ccccc3c2=O)CC1,24.55,clearance_hepatocyte,TDC
CHEMBL192,CCCc1nn(C)c2c(=O)[nH]c(-c3cc(S(=O)(=O)N4CCN(C)CC4)ccc3OCC)nc12,16.6,clearance_hepatocyte,TDC
CHEMBL1645392,Cc1noc(C)c1-c1ccc(CNS(=O)(=O)c2c(C)noc2C)cc1,19.05,clearance_hepatocyte,TDC
CHEMBL1213082,Cc1ccccc1-n1c(Cn2cnc3c(N)ncnc32)nc2cccc(C)c2c1=O,23.99,clearance_hepatocyte,TDC
CHEMBL1807820,O=c1[nH]c2c(O)ccc([C@@H](O)CNCCCSCCOCCc3cccc4ccccc34)c2s1,14.78,clearance_hepatocyte,TDC
CHEMBL1916286,Cc1nn(-c2ccccc2)c(NS(=O)(=O)C2CCCCC2)c1C(=O)N[C@@H](C)C(C)(C)C,15.0,clearance_hepatocyte,TDC
CHEMBL1829173,CC#C[C@@H](CC(=O)O)c1ccc(OCc2cccc(-c3ccc(C(F)(F)F)cc3)c2)cc1,15.49,clearance_hepatocyte,TDC
CHEMBL1924034,CN(C)C(C)(C(=O)OC1CC[N+](C)(C)CC1)c1ccccc1,16.0,clearance_hepatocyte,TDC
CHEMBL202626,O=C(Nc1ccccc1F)NC1N=C(c2ccccc2)c2ccccc2NC1=O,16.22,clearance_hepatocyte,TDC
CHEMBL46740,Cc1c(-c2ccc(O)cc2)n(Cc2ccc(OCCN3CCCCCC3)cc2)c2ccc(O)cc12,17.78,clearance_hepatocyte,TDC
CHEMBL1681882,CCNC(=O)c1cnc(N2CCN(C3CCN(Cc4ccc(Cl)cc4F)CC3)[C@@H](CC)C2)c(Cl)c1,38.0,clearance_hepatocyte,TDC
CHEMBL403225,C[C@H](CO)Nc1nc(SCc2cccc(Cl)c2F)nc2[nH]c(=O)sc12,17.0,clearance_hepatocyte,TDC
CHEMBL2031559,O=C(Nc1cccc(-c2nnn[nH]2)c1)c1cc(C(F)(F)F)cc2[nH]cnc12,17.38,clearance_hepatocyte,TDC
CHEMBL2216870,CC[C@H](Nc1ncnc2[nH]cnc12)c1nc2cccc(F)c2c(=O)n1-c1ccccc1,19.5,clearance_hepatocyte,TDC
CHEMBL1950720,CN[C@@H](C)C(=O)N[C@H](C(=O)N1CC[C@H]2CCN(CCc3ccccc3)C[C@H]21)C1CCCCC1,10.47,clearance_hepatocyte,TDC
CHEMBL1513,CCCCC1=NC2(CCCC2)C(=O)N1Cc1ccc(-c2ccccc2-c2nn[nH]n2)cc1,10.47,clearance_hepatocyte,TDC
CHEMBL1761870,C[C@H]1CN(C(=O)N[C@H](Cc2ccc(F)cc2)C(=O)N2CCC(C(=O)NC(C)(C)C)(C3CCCCC3)CC2)C[C@@H](C)N1,10.72,clearance_hepatocyte,TDC
CHEMBL2058529,O=C(O)CCc1ccc(OCc2cc(Cl)ccc2-c2ccccc2)cc1,21.38,clearance_hepatocyte,TDC
CHEMBL193544,CN1CCC(Oc2cccc3ncnc(Nc4ccc(OCc5ccccn5)c(Cl)c4)c23)CC1,11.0,clearance_hepatocyte,TDC
CHEMBL2086472,C=CC(=O)Nc1ccc(F)cc1,38.02,clearance_hepatocyte,TDC
CHEMBL93,CC(c1cc2ccccc2s1)N(O)C(N)=O,7.76,clearance_hepatocyte,TDC
CHEMBL2180273,CCOC(=O)C1=C(C)NC2=C(C(=O)CC(C)(C)C2)C1c1ccc(-c2ccccc2)cc1,117.49,clearance_hepatocyte,TDC
CHEMBL2046990,Nc1ccc(-c2ccccc2Cl)cc1,123.03,clearance_hepatocyte,TDC
CHEMBL1963462,C[C@@](C(=O)OC1CC[N+](C)(C)CC1)(c1ccccc1)C1CCCC1,128.0,clearance_hepatocyte,TDC
CHEMBL1900528,C[N+]1(C)[C@H]2C[C@H](OC(=O)C(O)(c3cccs3)c3cccs3)C[C@@H]1[C@H]1O[C@@H]21,135.0,clearance_hepatocyte,TDC
CHEMBL2335901,C[C@@H](NC(=O)C1CCNCC1)c1ccc(Nc2ncc3cc(-c4ccncc4)ccc3n2)cc1,3.0,clearance_hepatocyte,TDC
CHEMBL2018953,O=C([C@H]1CCCCN1)N1CCN(c2nc(NCc3ccc(Cl)cc3Cl)c3cccnc3n2)CC1,9.88,clearance_hepatocyte,TDC
CHEMBL1916266,CCC(CC)NC(=O)c1cnn(-c2ccccn2)c1NS(=O)(=O)c1ccc(C)cc1,9.95,clearance_hepatocyte,TDC
CHEMBL1945033,O=c1[nH]c2c(O)ccc([C@@H](O)CNCCc3cccc(CNCCc4ccccn4)c3)c2s1,10.0,clearance_hepatocyte,TDC
CHEMBL2349334,CC[C@H](CO)Nc1nc(SCc2ccccc2)nc2[nH]c(=O)sc12,10.0,clearance_hepatocyte,TDC
CHEMBL2164377,O=C(NCc1ccc(OC(F)(F)F)cc1)C1c2ccccc2C(=O)N1CC1CC(F)(F)C1,10.0,clearance_hepatocyte,TDC
CHEMBL210730,O=C(Nc1nc2ccccc2[nH]1)c1ccccc1,150.0,clearance_hepatocyte,TDC
CHEMBL20210,CCOC(=O)/C=C/[C@H](C[C@@H]1CCNC1=O)NC(=O)[C@@H](CC(=O)[C@@H](NC(=O)c1cc(C)on1)C(C)C)Cc1ccc(F)cc1,150.0,clearance_hepatocyte,TDC
CHEMBL2171278,Cc1ccc(NC(=O)[C@@H]2CCCN2S(=O)(=O)c2cccc3cccnc23)c(C)c1,150.0,clearance_hepatocyte,TDC
CHEMBL1359777,Cc1cc(C(=O)Cn2cc(C(F)(F)F)ccc2=O)c(C)n1Cc1ccccc1,150.0,clearance_hepatocyte,TDC
CHEMBL153064,CC(=O)c1cc2ccc(O)cc2oc1=O,150.0,clearance_hepatocyte,TDC
CHEMBL2139925,CCc1nc2ccc(C(=O)NCc3ccc4c(c3)OCO4)cn2c1N(C)Cc1cccs1,150.0,clearance_hepatocyte,TDC
CHEMBL471412,COc1ccc(N(C(=O)c2ccccc2)C(C(=O)NC2CCCC2)c2ccccc2F)c(OC)c1,150.0,clearance_hepatocyte,TDC
CHEMBL135626,CC,150.0,clearance_hepatocyte,TDC
CHEMBL575448,C[C@@]1(C(=O)Nc2ccc(F)nc2)CCCN1c1nc(Nc2cc(C3CC3)n[nH]2)c2cccn2n1,70.79,clearance_hepatocyte,TDC
CHEMBL1669159,CC(C)Oc1cc(-c2cccc3c(=O)cc(N4CCOCC4)oc23)ccc1NC(=O)CN1CCOCC1,87.1,clearance_hepatocyte,TDC
CHEMBL322479,CC(C)(CCCCCOCCc1ccccc1)NCCc1ccc(O)c2nc(O)sc12,93.03,clearance_hepatocyte,TDC
CHEMBL2059910,CNC(=O)Nc1nc2ccc(-c3cncc(S(=O)(=O)NC(C)(C)C)c3)cn2n1,3.0,clearance_hepatocyte,TDC
CHEMBL2158825,O=C(O)Cc1ccccc1N1CCC(CN2CCC(Oc3ccc(Cl)c(Cl)c3)CC2)CC1,3.0,clearance_hepatocyte,TDC
CHEMBL1807822,O=c1[nH]c2c(O)ccc([C@@H](O)CNCCCOCCOCCc3cccc4ccccc34)c2s1,118.0,clearance_hepatocyte,TDC
CHEMBL464081,CC1(C)[C@@H]2CC[C@@]1(CS(=O)(=O)N1CCN(c3ccc(C(F)(F)F)cn3)CC1)C(=O)C2,141.0,clearance_hepatocyte,TDC
CHEMBL2179276,Cc1cn([C@H]2CCCN([C@@H](CC(C)C)c3ccc(C(=O)O)c(Oc4cccc(Cl)c4)c3)C2)c(=O)[nH]c1=O,9.55,clearance_hepatocyte,TDC
CHEMBL193,COC(=O)C1=C(C)NC(C)=C(C(=O)OC)C1c1ccccc1[N+](=O)[O-],150.0,clearance_hepatocyte,TDC
CHEMBL11,CN(C)CCCN1c2ccccc2CCc2ccccc21,150.0,clearance_hepatocyte,TDC
CHEMBL110999,CN(CCCOCCOCCc1ccccc1)CCc1ccc(O)c2nc(O)sc12,150.0,clearance_hepatocyte,TDC
CHEMBL2103840,CCc1cnn2c(NCc3ccc[n+]([O-])c3)cc(N3CCCC[C@H]3CCO)nc12,150.0,clearance_hepatocyte,TDC
CHEMBL1975242,O=C(Nc1nc2c(=O)[nH]cnc2s1)c1ccccc1,150.0,clearance_hepatocyte,TDC
CHEMBL1770471,CSCCC(NC(=O)c1sccc1Cl)c1nc2ccccc2[nH]1,150.0,clearance_hepatocyte,TDC
CHEMBL271023,[O-][S+](c1ccccc1)c1ccc2nnnn2n1,150.0,clearance_hepatocyte,TDC
CHEMBL1807817,O=c1[nH]c2c(O)ccc([C@@H](O)CNCCSCCCOCCc3ccccc3)c2s1,150.0,clearance_hepatocyte,TDC
CHEMBL51478,COc1ccnc(CSc2nc3ccccc3[nH]2)c1,150.0,clearance_hepatocyte,TDC
CHEMBL205078,O=C(Nc1cc(-c2ccnc(Nc3ccc(F)cc3)c2)ccn1)C1CCOCC1,150.0,clearance_hepatocyte,TDC
CHEMBL1455229,O=C(NCc1cccnc1)c1cc(-c2ccco2)on1,150.0,clearance_hepatocyte,TDC
CHEMBL336718,COc1ccc(-c2nc(O)c3ccccc3n2)cc1,150.0,clearance_hepatocyte,TDC
CHEMBL437765,CO[C@H]1/C=C/O[C@@]2(C)Oc3c(C)c(O)c4c(O)c(cc(O)c4c3C2=O)NC(=O)/C(C)=C\C=C\[C@H](C)[C@H](O)[C@@H](C)[C@@H](O)[C@@H](C)[C@H](OC(C)=O)[C@@H]1C,3.0,clearance_hepatocyte,TDC
CHEMBL1689136,C[C@H]1CN(Cc2cc(Cl)ccc2CCC(=O)O)CCN1C(=O)Cc1ccccc1,3.0,clearance_hepatocyte,TDC
CHEMBL2158774,Cc1ccc(C[C@@H](C(=O)O)N2CCC(CN3CCC(Oc4ccc(Cl)c(Cl)c4)CC3)CC2)cc1,3.0,clearance_hepatocyte,TDC
CHEMBL1669161,C=CCOc1cc(-c2cccc3c(=O)cc(N4CCOCC4)oc23)ccc1NC(=O)CN1CCOCC1,83.18,clearance_hepatocyte,TDC
CHEMBL2137199,OC(c1ccc(-c2ccc(CN3CCN(Cc4ccncc4)CC3)cc2)c(F)c1)(C(F)(F)F)C(F)(F)F,8.71,clearance_hepatocyte,TDC
CHEMBL1770469,CSCCC(NC(=O)c1cnccn1)c1nc2ccccc2[nH]1,74.0,clearance_hepatocyte,TDC
CHEMBL2331752,Cc1cn([C@H]2CCCN(S(=O)(=O)c3ccc(O)c(Oc4cc(F)cc(Cl)c4)c3)C2)c(=O)[nH]c1=O,74.13,clearance_hepatocyte,TDC
CHEMBL216981,CC[C@@H](Nc1c(Nc2cccc(C(=O)N(C)C)c2O)c(=O)c1=O)c1ccc(C)o1,75.93,clearance_hepatocyte,TDC
CHEMBL1924047,C[C@@](C(=O)O[C@H]1C[N+]2(CCc3ccccc3)CCC1CC2)(c1ccccc1)N1CCCCC1,76.0,clearance_hepatocyte,TDC
CHEMBL652,O=C(NCC1CCCCN1)c1cc(OCC(F)(F)F)ccc1OCC(F)(F)F,3.0,clearance_hepatocyte,TDC
CHEMBL423,CC(C)NCC(O)COc1ccc(CCOCC2CC2)cc1,3.0,clearance_hepatocyte,TDC
CHEMBL1917443,Cc1ccc2c(c1)c(Sc1ccc(S(C)(=O)=O)cc1)c(C)n2CC(=O)O,3.0,clearance_hepatocyte,TDC
CHEMBL1470412,Cc1cc(NC(=O)Nc2cccc3ccccc23)no1,95.5,clearance_hepatocyte,TDC
CHEMBL2086477,C=CC(=O)Nc1ccccc1,30.9,clearance_hepatocyte,TDC
CHEMBL1309788,Cc1ccc(-n2c(C)cc(/C=C3\SC(=O)NC3=O)c2C)cc1,17.78,clearance_hepatocyte,TDC
CHEMBL345083,CC1CCC2C(C)C(=O)OC3OC4(C)CCC1C32OO4,18.2,clearance_hepatocyte,TDC
CHEMBL1738797,CCc1cc2c(cc1N1CCC(N3CCOCC3)CC1)C(C)(C)c1[nH]c3cc(C#N)ccc3c1C2=O,5.01,clearance_hepatocyte,TDC
CHEMBL1807827,O=c1[nH]c2c(O)ccc([C@@H](O)CNCCSCCCNCCc3cccc(Cl)c3)c2s1,7.0,clearance_hepatocyte,TDC
CHEMBL1916281,Cc1ccc(S(=O)(=O)Nc2c(C(=O)NC(C)C(C)(C)C)c(C)nn2-c2ccccc2)cc1,7.0,clearance_hepatocyte,TDC
CHEMBL178737,O=C1NC(=O)C(c2cnc3ccccn23)=C1c1cn2c3c(cccc13)CN(C(=O)N1CCOCC1)CC2,38.0,clearance_hepatocyte,TDC
CHEMBL260091,C[C@@H](O)[C@H](NC(=O)c1ccc(C#Cc2ccc(CN3CCOCC3)cc2)cc1)C(=O)NO,38.9,clearance_hepatocyte,TDC
CHEMBL521851,CS(=O)(=O)N1CCN(Cc2cc3nc(-c4cccc5[nH]ncc45)nc(N4CCOCC4)c3s2)CC1,33.11,clearance_hepatocyte,TDC
CHEMBL173706,CC(C)(C)NCC(O)COc1nsnc1N1CCOCC1,4.57,clearance_hepatocyte,TDC
CHEMBL2016681,CC(C)(C)S(=O)(=O)N[C@H]1CC[C@H](C(=O)Nc2ccc(C(F)(F)F)cn2)CC1,5.75,clearance_hepatocyte,TDC
CHEMBL1916282,Cc1ccc(S(=O)(=O)Nc2c(C(=O)N[C@@H](C)C(C)(C)C)c(C)nn2-c2ccccc2)cc1,6.99,clearance_hepatocyte,TDC
CHEMBL1783287,COc1ncccc1-c1cccc2c(N)c3c(nc12)CN(C1CCC1)C3=O,4.88,clearance_hepatocyte,TDC
CHEMBL1346,NC(=O)C(c1ccccc1)(c1ccccc1)[C@@H]1CCN(CCc2ccc3c(c2)CCO3)C1,5.05,clearance_hepatocyte,TDC
CHEMBL1835918,Cc1ccc(N2CC(COc3ccc(-c4noc(C)n4)cc3)C2)nn1,6.0,clearance_hepatocyte,TDC
CHEMBL1951032,COc1c(Nc2ccc(S(C)(=O)=O)nc2C)ncnc1OC1CCN(C(=O)OC(C)C)CC1,6.31,clearance_hepatocyte,TDC
CHEMBL2337981,CC(C)(C)NC(=O)NCCN1CCC(CO)(CNC(=O)c2cc(Cl)cc(Cl)c2)CC1,7.08,clearance_hepatocyte,TDC
CHEMBL260091,C[C@@H](O)[C@H](NC(=O)c1ccc(C#Cc2ccc(CN3CCOCC3)cc2)cc1)C(=O)NO,15.14,clearance_hepatocyte,TDC
CHEMBL1868126,COc1cccc2sc(NC(=O)c3ccccc3)nc12,16.0,clearance_hepatocyte,TDC
CHEMBL1963249,C[C@@H]1CN[C@@H](C2CC2)C(=O)N(C)[C@H](C)C(=O)N[C@H](Cc2ccc(F)cc2)C(=O)NCCCc2ccccc2O1,26.92,clearance_hepatocyte,TDC
CHEMBL100979,Cc1nc2ccccn2c1-c1ccnc(N)n1,21.38,clearance_hepatocyte,TDC
CHEMBL1929039,Cc1cc(F)ccc1-n1nc(C(F)(F)F)cc1-c1ccc2c(c1)NC(=O)CO2,10.72,clearance_hepatocyte,TDC
CHEMBL217899,CCc1nn(C2CCCC2)c2c1CCn1c(-c3cccs3)nnc1-2,6.0,clearance_hepatocyte,TDC
CHEMBL578194,C[C@H](Nc1nc(Nc2cc(C3CC3)[nH]n2)cnc1C#N)c1ccc(F)cn1,7.94,clearance_hepatocyte,TDC
CHEMBL550637,Cc1ccc(C(=O)N2CC3CNCC(C2)O3)cc1NC(=O)CC12CC3CC(CC(C3)C1)C2,16.25,clearance_hepatocyte,TDC
CHEMBL1689114,O=C(O)COc1ccc(Cl)cc1CN1CCCN(S(=O)(=O)c2ccccc2)CC1,5.0,clearance_hepatocyte,TDC
CHEMBL54,O=C(CCCN1CCC(O)(c2ccc(Cl)cc2)CC1)c1ccc(F)cc1,14.24,clearance_hepatocyte,TDC
CHEMBL646,Cc1nnc2n1-c1ccc(Cl)cc1C(c1ccccc1Cl)=NC2,150.0,clearance_hepatocyte,TDC
CHEMBL1171837,Cc1ccc(C(=O)Nc2ccc(CN3CCN(C)CC3)c(C(F)(F)F)c2)cc1C#Cc1cnc2cccnn12,4.68,clearance_hepatocyte,TDC
CHEMBL1468936,CCOC(=O)c1c(-c2ccccc2)nc2cc(C)ccn12,147.91,clearance_hepatocyte,TDC
CHEMBL1916285,Cc1nn(-c2ccccc2)c(NS(=O)(=O)c2cccc(CN3CCOCC3)c2)c1C(=O)N[C@@H](C)C(C)(C)C,10.0,clearance_hepatocyte,TDC
CHEMBL1938400,CC(C)(C)c1cc(NC(=O)NCc2ccccc2Sc2ccc3nnc(-c4ccccc4SCCO)n3c2)n(-c2ccc(O)c(Cl)c2)n1,25.12,clearance_hepatocyte,TDC
CHEMBL2171169,CC(C)N(CCCNC(=O)Nc1ccc(C(C)(C)C)cc1)C[C@H]1O[C@@H](n2cnc3c(N)ncnc32)[C@H](O)[C@@H]1O,26.92,clearance_hepatocyte,TDC
CHEMBL1891338,COc1cccc(CNc2nc(NC(C)C)nc3ccsc23)c1OC,150.0,clearance_hepatocyte,TDC
CHEMBL2147033,O=C1COC2(CCN(S(=O)(=O)c3ccc(-c4ccc5cnccc5c4)cc3)CC2)CN1C1CC1,150.0,clearance_hepatocyte,TDC
CHEMBL1458496,O=C(c1cccc(Cl)c1Cl)N1CCN(c2ccccn2)CC1,150.0,clearance_hepatocyte,TDC
CHEMBL1201182,CO[C@H]1C[C@@H]2CC[C@@H](C)[C@@](O)(O2)C(=O)C(=O)N2CCCC[C@H]2C(=O)O[C@H]([C@H](C)C[C@@H]2CC[C@@H](OC(=O)C(C)(CO)CO)[C@H](OC)C2)CC(=O)[C@H](C)/C=C(\C)[C@@H](O)[C@@H](OC)C(=O)[C@H](C)C[C@H](C)/C=C/C=C/C=C/1C,150.0,clearance_hepatocyte,TDC
CHEMBL38380,O=S(=O)(c1cccc2cnccc12)N1CCCNCC1,150.0,clearance_hepatocyte,TDC
CHEMBL386630,C[C@]12CC[C@H]3[C@@H](CCC4=CC(=O)CC[C@@]43C)[C@@H]1CC[C@@H]2O,150.0,clearance_hepatocyte,TDC
CHEMBL2165066,N#Cc1ccc2ccc(=O)n(CCN3CC[C@@H](NCc4ccc5c(n4)NC(=O)CO5)[C@@H](F)C3)c2c1,16.6,clearance_hepatocyte,TDC
CHEMBL1916282,Cc1ccc(S(=O)(=O)Nc2c(C(=O)N[C@@H](C)C(C)(C)C)c(C)nn2-c2ccccc2)cc1,12.15,clearance_hepatocyte,TDC
CHEMBL475534,CCOC(=O)C1=C(C)NC(C)=C(C(=O)OC)C1c1cccc([N+](=O)[O-])c1,75.0,clearance_hepatocyte,TDC
CHEMBL1460615,O=S1(=O)CC(O)C(N2CCC(c3ccccc3)CC2)C1,75.86,clearance_hepatocyte,TDC
CHEMBL1263,OCc1cc(C(O)CNCCCCCCOCCCCc2ccccc2)ccc1O,85.0,clearance_hepatocyte,TDC
CHEMBL259850,COc1ccc(CNC(=O)Nc2ncc([N+](=O)[O-])s2)cc1,91.0,clearance_hepatocyte,TDC
CHEMBL1405928,c1ccc(CSc2nc3cccnc3[nH]2)cc1,91.0,clearance_hepatocyte,TDC
CHEMBL1924046,CC(C)=CCC[N+]12CCC(CC1)[C@@H](OC(=O)[C@](C)(c1ccccc1)N1CCCCC1)C2,101.0,clearance_hepatocyte,TDC
CHEMBL2071614,CC(C)(O)c1ccc(Nc2nc3ccc(C#N)cc3[nH]2)cc1,4.79,clearance_hepatocyte,TDC
CHEMBL2057371,CC(C)(C)NS(=O)(=O)c1cncc(-c2ccc3nc(NC(=O)NCC(=O)N4CCCC4)nn3c2)c1,4.79,clearance_hepatocyte,TDC
CHEMBL1947157,O=c1[nH]c2c(O)ccc([C@@H](O)CNCCc3cccc(CNCCc4c(Cl)cccc4Cl)c3)c2s1,5.17,clearance_hepatocyte,TDC
CHEMBL62136,O=S(=O)(c1ccccc1)N(CC(F)(F)F)c1ccc(C(O)(C(F)(F)F)C(F)(F)F)cc1,5.37,clearance_hepatocyte,TDC
CHEMBL1077896,CCCN1CCCC[C@H]1C(=O)Nc1c(C)cccc1C,15.49,clearance_hepatocyte,TDC
CHEMBL203059,O=C(Nc1cc(-c2ccnc(Nc3ccccc3)c2)ccn1)C1CCOCC1,16.22,clearance_hepatocyte,TDC
CHEMBL2035021,NC1(c2ccc(-c3nc4ccccn4c3-c3ccccc3)cc2)CCC1,18.2,clearance_hepatocyte,TDC
CHEMBL2172001,Cc1nnc(C)c2cc(N3CCN(C(=O)[C@@H]4CCCC[C@H]4C(=O)NC4(C#N)CC4)[C@H](C)C3)ccc12,11.48,clearance_hepatocyte,TDC
CHEMBL423,CC(C)NCC(O)COc1ccc(CCOCC2CC2)cc1,12.0,clearance_hepatocyte,TDC
CHEMBL193,COC(=O)C1=C(C)NC(C)=C(C(=O)OC)C1c1ccccc1[N+](=O)[O-],22.39,clearance_hepatocyte,TDC
CHEMBL23,COc1ccc([C@@H]2Sc3ccccc3N(CCN(C)C)C(=O)[C@@H]2OC(C)=O)cc1,150.0,clearance_hepatocyte,TDC
CHEMBL1916084,Cc1ccc(S(=O)(=O)Nc2c(C(=O)NC3CCCCC3)cnn2-c2ccccc2)cc1,27.0,clearance_hepatocyte,TDC
CHEMBL271012,C[C@H](CO)Nc1nc(SCc2ccccc2F)nc2[nH]c(=O)sc12,28.0,clearance_hepatocyte,TDC
CHEMBL1929039,Cc1cc(F)ccc1-n1nc(C(F)(F)F)cc1-c1ccc2c(c1)NC(=O)CO2,28.18,clearance_hepatocyte,TDC
CHEMBL2062774,CCOc1noc2cc(OCCC3CCN(c4ccc(C)nn4)CC3)ccc12,29.51,clearance_hepatocyte,TDC
CHEMBL1643200,Cc1cc(CN2Cc3ccccc3C[C@H]2C(=O)Nc2ccc(Cl)cc2Cl)ccc1OCC(=O)O,31.0,clearance_hepatocyte,TDC
CHEMBL682,CCN(CC)Cc1cc(Nc2ccnc3cc(Cl)ccc23)ccc1O,32.36,clearance_hepatocyte,TDC
CHEMBL2179280,CCC(CC)C[C@H](c1ccc(C(=O)O)c(Oc2cccc(Cl)c2)c1)N1CCC[C@H](n2cc(C)c(=O)[nH]c2=O)C1,36.31,clearance_hepatocyte,TDC
CHEMBL1924032,CC(C(=O)OC1CC[N+](C)(C)CC1)(c1ccccc1)N1CCC(F)(F)CC1,38.0,clearance_hepatocyte,TDC
CHEMBL2070950,N#CC1(NC(=O)[C@@H]2CCCC[C@H]2C(=O)N2CCN(c3nc4ccncc4s3)CC2)CC1,4.9,clearance_hepatocyte,TDC
CHEMBL2057372,CC(C)(C)NS(=O)(=O)c1cncc(-c2ccc3nc(NC(=O)NCC(=O)N4CCOCC4)nn3c2)c1,5.0,clearance_hepatocyte,TDC
CHEMBL108,NC(=O)N1c2ccccc2C=Cc2ccccc21,5.25,clearance_hepatocyte,TDC
CHEMBL1164184,O=C(Nc1ncc(F)s1)C(CC1CCOCC1)c1ccc(S(=O)(=O)C2CC2)cc1,5.5,clearance_hepatocyte,TDC
CHEMBL2336319,COc1ccc(-c2ccc3c(N4CCOC[C@@H]4C)nc(N4CCOC[C@@H]4C)nc3n2)cc1C(C)O,38.02,clearance_hepatocyte,TDC
CHEMBL1896341,Cc1ccc(CNC(=O)C2CCCN2S(=O)(=O)c2ccc(F)cc2)cc1,150.0,clearance_hepatocyte,TDC
CHEMBL2070942,CC(C)(C)c1csc(N2CCN(C(=O)[C@@H]3CCCC[C@H]3C(=O)NC3(C#N)CC3)CC2)n1,150.0,clearance_hepatocyte,TDC
CHEMBL1800660,CCCCN(CCNC[C@H](O)c1ccc(O)c2[nH]c(=O)sc12)C(=O)CCOCCc1ccccc1,150.0,clearance_hepatocyte,TDC
CHEMBL561771,COc1cccc(NC(=O)c2cccc(Cc3c(C)nn(CCO)c3-c3ccccc3)c2)c1,150.0,clearance_hepatocyte,TDC
CHEMBL2336324,C[C@H]1COCCN1c1nc(N2CCOC[C@@H]2C)c2ccc(-c3ccc4nc[nH]c(=O)c4c3)nc2n1,150.0,clearance_hepatocyte,TDC
CHEMBL31815,C=CC(=O)Nc1ccc2ncnc(Nc3cccc(C)c3)c2c1,15.49,clearance_hepatocyte,TDC
CHEMBL714,CC(C)(C)NCC(O)c1ccc(O)c(CO)c1,12.0,clearance_hepatocyte,TDC
CHEMBL2153595,FC(F)(F)Oc1ccc(-c2nnc(CCCCc3ccc4cccnc4n3)o2)cc1Cl,24.55,clearance_hepatocyte,TDC
CHEMBL255536,COc1ccc(CC(=O)NC(N/C(=N/C#N)Nc2ccccc2C)C(C)(C)C)cc1OC,26.0,clearance_hepatocyte,TDC
CHEMBL16073,CCOc1ccc(NC(C)=O)cc1,26.92,clearance_hepatocyte,TDC
CHEMBL272842,O=C(O)[C@H](Cc1ccccc1)N1CCC(CN2CCC(Oc3ccc(CO)c(Cl)c3)CC2)CC1,28.0,clearance_hepatocyte,TDC
CHEMBL244521,CC(C)c1nc2ccc(-c3ccc(F)cc3)cc2c(=O)n1C[C@H]1CCCN(C(C)C)C1,29.51,clearance_hepatocyte,TDC
CHEMBL1088913,NCCCCN(Cc1nc2ccccc2[nH]1)C1CCCc2cccnc21,30.72,clearance_hepatocyte,TDC
CHEMBL1240967,CC(C)(Cc1cccc(CC(=O)NCc2cccc(-c3ccc(O)cc3)c2)c1)NC[C@H](O)c1ccc(O)c(NS(C)(=O)=O)c1,37.0,clearance_hepatocyte,TDC
CHEMBL6966,COc1ccc(CCN(C)CCCC(C#N)(c2ccc(OC)c(OC)c2)C(C)C)cc1OC,104.71,clearance_hepatocyte,TDC
CHEMBL412142,Cc1c[nH]c(-c2cnc(NCCNc3ccc(C#N)cn3)nc2-c2ccc(Cl)cc2Cl)n1,108.0,clearance_hepatocyte,TDC
CHEMBL2098183,COc1ccc2nc(C)cc(OCC(=O)NCc3ccccc3)c2c1,120.23,clearance_hepatocyte,TDC
CHEMBL1608462,Cc1cc(C)c(CNC(=O)c2cc(C3CC3)nc3c2cnn3C(C)C)c(O)n1,128.82,clearance_hepatocyte,TDC
CHEMBL2323239,O=C(CSc1nc2c(c(=O)n1-c1ccccc1)SCC2)Nc1ncc(-c2ccccc2)s1,128.82,clearance_hepatocyte,TDC
CHEMBL1290284,COc1cc(C(=O)OCCCCNC(=N)N)cc(OC)c1O,138.04,clearance_hepatocyte,TDC
CHEMBL1490317,Cc1cc(C)nc(SCC(=O)Nc2cc(C)on2)n1,141.25,clearance_hepatocyte,TDC
CHEMBL1890087,CC(C)Nc1nc(NCc2ccccc2)c2sccc2n1,144.54,clearance_hepatocyte,TDC
CHEMBL841,CN(C)C(=O)C(CCN1CCC(O)(c2ccc(Cl)cc2)CC1)(c1ccccc1)c1ccccc1,13.8,clearance_hepatocyte,TDC
CHEMBL472,COc1ccc(Cl)cc1C(=O)NCCc1ccc(S(=O)(=O)NC(=O)NC2CCCCC2)cc1,14.45,clearance_hepatocyte,TDC
CHEMBL192,CCCc1nn(C)c2c(=O)[nH]c(-c3cc(S(=O)(=O)N4CCN(C)CC4)ccc3OCC)nc12,150.0,clearance_hepatocyte,TDC
CHEMBL1789155,N#Cc1ccc(Cl)cc1S[C@H](CCN)c1ccccc1,150.0,clearance_hepatocyte,TDC
CHEMBL103482,CCOC(=O)c1cnc2c(N)cccc2c1O,150.0,clearance_hepatocyte,TDC
CHEMBL2069623,Nc1ncnc2c1c(COc1cccc(Cl)c1)nn2C1CCOCC1,150.0,clearance_hepatocyte,TDC
CHEMBL1534781,COc1cnc(-c2ccccn2)nc1N(C)c1ccccc1,150.0,clearance_hepatocyte,TDC
CHEMBL495383,O=C(Nc1cccc(CCO)c1)c1cc2cc(Cl)ccc2[nH]1,150.0,clearance_hepatocyte,TDC
CHEMBL13817,CC(C)(N)C(=O)N[C@H](COCc1ccccc1)C(=O)N1CCC2(CC1)CN(S(C)(=O)=O)c1ccccc12,14.45,clearance_hepatocyte,TDC
CHEMBL426658,Clc1cccc(-c2cnc3ccc(NC4CCOCC4)nn23)c1,14.79,clearance_hepatocyte,TDC
CHEMBL521096,CCOc1cc2ncc(C(N)=O)c(Nc3ccc(C)cc3F)c2cc1N1CCN(C)CC1,12.0,clearance_hepatocyte,TDC
CHEMBL622,CCc1cccc2c3c([nH]c12)C(CC)(CC(=O)O)OCC3,12.88,clearance_hepatocyte,TDC
CHEMBL2021706,CCC[C@@H](CNC(=O)c1nc(Cl)c(N)nc1N)[N+](C)(C)CCCc1ccc(OC)cc1,23.99,clearance_hepatocyte,TDC
CHEMBL1643194,Cc1cc(CN2Cc3ccccc3C2C(=O)Nc2ccc(Cl)cc2Cl)ccc1OCC(=O)O,15.0,clearance_hepatocyte,TDC
CHEMBL2207669,N#Cc1ccc(OC2CCN(C[C@H](O)CNC(=O)c3c[nH]c(=O)c4ccccc34)CC2)cc1Cl,15.0,clearance_hepatocyte,TDC
CHEMBL2326624,COc1cccc2c1c(NS(=O)(=O)c1ccc(Cl)s1)nn2Cc1cccc(CNC(=O)[C@@H]2COCCN2)c1,20.0,clearance_hepatocyte,TDC
CHEMBL2152915,CO[C@H]1CC[C@]2(CC1)Cc1ccc(-c3cc(Cl)cc(C#N)c3)cc1C21N=C(C)C(N)=N1,12.59,clearance_hepatocyte,TDC
CHEMBL2018954,COc1ccc(COc2nc(Br)cnc2NS(=O)(=O)c2ccc(C)cc2)cc1OCCN(C)C,31.0,clearance_hepatocyte,TDC
CHEMBL403225,C[C@H](CO)Nc1nc(SCc2cccc(Cl)c2F)nc2[nH]c(=O)sc12,19.91,clearance_hepatocyte,TDC
CHEMBL1754,CCN1CC(CCN2CCOCC2)C(c2ccccc2)(c2ccccc2)C1=O,4.1,half_life_obach,TDC
CHEMBL1484,COC(=O)C1=C(C)NC(C)=C(C(=O)OCCN(C)Cc2ccccc2)C1c1cccc([N+](=O)[O-])c1,4.1,half_life_obach,TDC
CHEMBL478,Clc1cccc(N2CCNCC2)c1,4.7,half_life_obach,TDC
CHEMBL1097,CCN(CC)CCNC(=O)c1ccc(NC(C)=O)cc1,6.4,half_life_obach,TDC
CHEMBL517712,CN1[C@H]2CC[C@@H]1C[C@H](OC(=O)C(CO)c1ccccc1)C2,4.1,half_life_obach,TDC
CHEMBL469,O=C(c1ccccc1)c1ccc2n1CCC2C(=O)O,5.1,half_life_obach,TDC
CHEMBL521589,CN(C)C(=O)Oc1cc(OC(=O)N(C)C)cc(C(O)CNC(C)(C)C)c1,2.6,half_life_obach,TDC
CHEMBL185,O=c1[nH]cc(F)c(=O)[nH]1,0.12,half_life_obach,TDC
CHEMBL1055,NS(=O)(=O)c1cc(C2(O)NC(=O)c3ccccc32)ccc1Cl,36.0,half_life_obach,TDC
CHEMBL1747,NC[C@H]1O[C@H](O[C@@H]2[C@@H](N)C[C@@H](N)[C@H](O[C@H]3O[C@H](CO)[C@@H](O)[C@H](N)[C@H]3O)[C@H]2O)[C@H](N)C[C@@H]1O,2.0,half_life_obach,TDC
CHEMBL571,CC(C(=O)O)c1cccc(C(=O)c2ccccc2)c1,2.1,half_life_obach,TDC
CHEMBL631,CCCNCC(O)COc1ccccc1C(=O)CCc1ccccc1,2.1,half_life_obach,TDC
CHEMBL296035,CCc1cccc2cc(C(O)CNC(C)(C)C)oc12,2.3,half_life_obach,TDC
CHEMBL1496,CC(C)c1nc(N(C)S(C)(=O)=O)nc(-c2ccc(F)cc2)c1/C=C/[C@@H](O)C[C@@H](O)CC(=O)O,2.0,half_life_obach,TDC
CHEMBL108111,N=C(N)c1ccc(C(=O)N[C@@H](Cc2ccc(O)cc2)C(=O)N2CCC(OCC(=O)O)CC2)cc1,2.1,half_life_obach,TDC
CHEMBL84,CC[C@@]1(O)C(=O)OCc2c1cc1n(c2=O)Cc2cc3c(CN(C)C)c(O)ccc3nc2-1,2.3,half_life_obach,TDC
CHEMBL1504,CC1(C)O[C@@H]2C[C@H]3[C@@H]4CCC5=CC(=O)C=C[C@]5(C)[C@@]4(F)[C@@H](O)C[C@]3(C)[C@]2(C(=O)CO)O1,2.4,half_life_obach,TDC
CHEMBL266195,C=CCc1ccccc1OCC(O)CNC(C)C,2.5,half_life_obach,TDC
CHEMBL646,Cc1nnc2n1-c1ccc(Cl)cc1C(c1ccccc1Cl)=NC2,2.7,half_life_obach,TDC
CHEMBL56564,CN1[C@H]2CC[C@@H]1C[C@H](OC(=O)c1c[nH]c3ccccc13)C2,5.6,half_life_obach,TDC
CHEMBL297302,O=C(CCCN1CCC(n2c(O)nc3ccccc32)CC1)c1ccc(F)cc1,5.8,half_life_obach,TDC
CHEMBL434,CC(C)NCC(O)c1ccc(O)c(O)c1,0.41,half_life_obach,TDC
CHEMBL526,CC(C)c1cccc(C(C)C)c1O,3.2,half_life_obach,TDC
CHEMBL135400,CN1CCN(C(=O)OC2c3nccnc3C(=O)N2c2ccc(Cl)cn2)CC1,5.2,half_life_obach,TDC
CHEMBL459,C[C@](N)(Cc1ccc(O)c(O)c1)C(=O)O,5.9,half_life_obach,TDC
CHEMBL54,O=C(CCCN1CCC(O)(c2ccc(Cl)cc2)CC1)c1ccc(F)cc1,35.0,half_life_obach,TDC
CHEMBL417,COc1cccc2c1C(=O)c1c(O)c3c(c(O)c1C2=O)C[C@@](O)(C(=O)CO)C[C@@H]3O[C@H]1C[C@H](N)[C@@H](O)[C@H](C)O1,36.0,half_life_obach,TDC
CHEMBL674,CCC(CC)O[C@@H]1C=C(C(=O)O)C[C@H](N)[C@H]1NC(C)=O,1.8,half_life_obach,TDC
CHEMBL27,CC(C)NCC(O)COc1cccc2ccccc12,3.4,half_life_obach,TDC
CHEMBL1095284,N[C@@H](C(=O)N[C@@H]1C(=O)N2C(C(=O)O)=C(CSc3c[nH]nn3)CS[C@H]12)c1ccc(O)cc1,1.2,half_life_obach,TDC
CHEMBL7413,C=CCC1(C(C)C#CCC)C(=O)NC(=O)N(C)C1=O,1.6,half_life_obach,TDC
CHEMBL1614640,Cn1cc(NC(=O)Nc2cc(C(=O)Nc3cc(C(=O)Nc4ccc5cc(S(=O)(=O)O)cc(S(=O)(=O)O)c5c4)n(C)c3)n(C)c2)cc1C(=O)Nc1cc(C(=O)Nc2ccc3cc(S(=O)(=O)O)cc(S(=O)(=O)O)c3c2)n(C)c1,730.0,half_life_obach,TDC
CHEMBL1073,Cc1cnc(C(=O)NCCc2ccc(S(=O)(=O)NC(=O)NC3CCCCC3)cc2)cn1,3.3,half_life_obach,TDC
CHEMBL897,CCCN(CCC)S(=O)(=O)c1ccc(C(=O)O)cc1,5.9,half_life_obach,TDC
CHEMBL280481,CN(C)C(=O)CCS[C@H](SCCC(=O)O)c1cccc(/C=C/c2ccc3ccc(Cl)cc3n2)c1,2.3,half_life_obach,TDC
CHEMBL643,CC(CN1c2ccccc2Sc2ccccc21)N(C)C,14.0,half_life_obach,TDC
CHEMBL1565476,CCCC1C(=O)N2C(N(C)C)=Nc3ccc(C)cc3N2C1=O,17.0,half_life_obach,TDC
CHEMBL1471,C[C@@H](O[C@H]1OCCN(Cc2n[nH]c(=O)[nH]2)[C@H]1c1ccc(F)cc1)c1cc(C(F)(F)F)cc(C(F)(F)F)c1,13.0,half_life_obach,TDC
CHEMBL192,CCCc1nn(C)c2c(=O)[nH]c(-c3cc(S(=O)(=O)N4CCN(C)CC4)ccc3OCC)nc12,3.9,half_life_obach,TDC
CHEMBL551786,Cc1cccc(C)c1NC(=O)NCCCNC(C)C,5.0,half_life_obach,TDC
CHEMBL826,CCn1cc(C(=O)O)c(=O)c2cc(F)c(N3CCNCC3)nc21,5.1,half_life_obach,TDC
CHEMBL852,N[C@@H](Cc1ccc(N(CCCl)CCCl)cc1)C(=O)O,1.0,half_life_obach,TDC
CHEMBL1213252,O=C(O)C1N=C(c2ccccc2)c2cc(Cl)ccc2NC1=O,2.4,half_life_obach,TDC
CHEMBL655,Cc1ncc2n1-c1ccc(Cl)cc1C(c1ccccc1F)=NC2,3.1,half_life_obach,TDC
CHEMBL513301,COc1cc2c(N)nc(N3CCN(C(=O)OCC(C)(C)O)CC3)nc2c(OC)c1OC,3.1,half_life_obach,TDC
CHEMBL778,Cc1cccc([C@H](C)c2c[nH]cn2)c1C,2.2,half_life_obach,TDC
CHEMBL3301800,CC=CC1=C(C(=O)O)N2C(=O)[C@@H](NC(=O)[C@H](N)c3ccc(O)cc3)[C@H]2SC1,1.2,half_life_obach,TDC
CHEMBL1614656,CCC(CC)COC(C(=O)OCCN(C)C)(c1ccccc1)c1ccccc1,34.0,half_life_obach,TDC
CHEMBL660,NC12CC3CC(CC(C3)C1)C2,16.0,half_life_obach,TDC
CHEMBL1117,CC(=O)[C@]1(O)Cc2c(O)c3c(c(O)c2[C@@H](O[C@H]2C[C@H](N)[C@H](O)[C@H](C)O2)C1)C(=O)c1ccccc1C3=O,16.0,half_life_obach,TDC
CHEMBL578211,CN1C(=O)CC[C@H]1c1cccnc1,17.0,half_life_obach,TDC
CHEMBL1614664,Cc1cc(O)c2c(=O)c3c(O)cc(O)c4c5c(O)cc(O)c6c(=O)c7c(O)cc(CO)c8c1c2c(c34)c(c65)c78,20.0,half_life_obach,TDC
CHEMBL423,CC(C)NCC(O)COc1ccc(CCOCC2CC2)cc1,17.0,half_life_obach,TDC
CHEMBL119,COc1cc(NCc2ccc3nc(N)nc(N)c3c2C)cc(OC)c1OC,17.0,half_life_obach,TDC
CHEMBL505,CN(C)CCC(c1ccc(Cl)cc1)c1ccccn1,22.0,half_life_obach,TDC
CHEMBL90555,CC[C@]1(O)C[C@H]2CN(CCc3c([nH]c4ccccc34)[C@@](C(=O)OC)(c3cc4c(cc3OC)N(C=O)[C@H]3[C@@](O)(C(=O)OC)[C@H](OC(C)=O)[C@]5(CC)C=CCN6CC[C@]43[C@@H]65)C2)C1,23.0,half_life_obach,TDC
CHEMBL11,CN(C)CCCN1c2ccccc2CCc2ccccc21,16.0,half_life_obach,TDC
CHEMBL1614667,C=C(C)O[C@@]12CO[C@@H]1C[C@@H]1C[C@@]13C(=O)[C@H](OC(C)=O)C1=C(C)[C@@H](OC(=O)[C@H](O)[C@@H](NC(=O)OC(C)(C)C)c4ccccc4)C[C@@](O)([C@H](OC(=O)c4ccccc4)[C@H]23)C1(C)C,20.0,half_life_obach,TDC
CHEMBL269732,C=CC[C@@H]1/C=C(\C)C[C@H](C)C[C@H](OC)[C@H]2O[C@@](O)(C(=O)C(=O)N3CCCC[C@H]3C(=O)O[C@H](/C(C)=C/[C@@H]3CC[C@@H](O)[C@H](OC)C3)[C@H](C)[C@@H](O)CC1=O)[C@H](C)C[C@@H]2OC,26.0,half_life_obach,TDC
CHEMBL1464,CC(=O)CC(c1ccccc1)c1c(O)c2ccccc2oc1=O,29.0,half_life_obach,TDC
CHEMBL1762,Cc1cccc(C)c1NC(=O)C(C)N,12.0,half_life_obach,TDC
CHEMBL11672,CN(C(=O)c1c(O)c2ccccc2n(C)c1=O)c1ccccc1,31.0,half_life_obach,TDC
CHEMBL1136,CC[C@H]1OC(=O)[C@H](C)C(=O)[C@H](C)[C@@H](O[C@@H]2O[C@H](C)C[C@H](N(C)C)[C@H]2O)[C@](C)(OC)C[C@@H](C)C(=O)[C@H](C)[C@H]2N(CCCCn3cnc(-c4cccnc4)c3)C(=O)O[C@]12C,12.0,half_life_obach,TDC
CHEMBL20,CC(=O)Nc1nnc(S(N)(=O)=O)s1,13.0,half_life_obach,TDC
CHEMBL45816,COCC(=O)O[C@]1(CCN(C)CCCc2nc3ccccc3[nH]2)CCc2cc(F)ccc2[C@@H]1C(C)C,13.0,half_life_obach,TDC
CHEMBL248702,CCN[C@@H](C)Cc1cccc(C(F)(F)F)c1,14.0,half_life_obach,TDC
CHEMBL344478,COc1cc([C@@H]2c3cc4c(cc3C(OC3OC5COC(C)OC5C(O)C3N)C3COC(=O)[C@@H]32)OCO4)cc(OC)c1O,14.0,half_life_obach,TDC
CHEMBL275528,c1ccc(C2(N3CCCCC3)CCCCC2)cc1,16.0,half_life_obach,TDC
CHEMBL72,CNCCCN1c2ccccc2CCc2ccccc21,22.0,half_life_obach,TDC
CHEMBL1422,N[C@@H](CC(=O)N1CCn2c(nnc2C(F)(F)F)C1)Cc1cc(F)c(F)cc1F,12.0,half_life_obach,TDC
CHEMBL850,C[C@H]1CN(c2c(F)c(N)c3c(=O)c(C(=O)O)cn(C4CC4)c3c2F)C[C@@H](C)N1,20.0,half_life_obach,TDC
CHEMBL553025,CCC1=C[C@@H]2CN(C1)Cc1c([nH]c3ccccc13)[C@@](C(=O)OC)(c1cc3c(cc1OC)N(C)[C@H]1[C@@](O)(C(=O)OC)[C@H](OC(C)=O)[C@]4(CC)C=CCN5CC[C@]31[C@@H]54)C2,26.0,half_life_obach,TDC
CHEMBL651,CCC(=O)C(CC(C)N(C)C)(c1ccccc1)c1ccccc1,31.0,half_life_obach,TDC
CHEMBL1433,C[C@H]1c2cccc(O)c2C(=O)C2=C(O)[C@]3(O)C(=O)C(C(N)=O)=C(O)[C@@H](N(C)C)[C@@H]3[C@@H](O)[C@@H]21,14.0,half_life_obach,TDC
CHEMBL87543,CC(C)N1CCC(N(C(=O)Cc2ccccc2)c2ccc(Cl)cc2)CC1,6.5,half_life_obach,TDC
CHEMBL507870,CCCCCCCCCCNCCN[C@@]1(C)C[C@H](O[C@H]2[C@H](Oc3c4cc5cc3Oc3ccc(cc3Cl)[C@@H](O)[C@@H](NC(=O)[C@@H](CC(C)C)NC)C(=O)N[C@@H](CC(N)=O)C(=O)N[C@H]5C(=O)N[C@H]3C(=O)N[C@H](C(=O)N[C@H](C(=O)O)c5cc(O)c(CNCP(=O)(O)O)c(O)c5-c5cc3ccc5O)[C@H](O)c3ccc(c(Cl)c3)O4)O[C@H](CO)[C@@H](O)[C@@H]2O)O[C@@H](C)[C@H]1O,6.7,half_life_obach,TDC
CHEMBL1757,C[C@@H]1O[C@@H]1P(=O)(O)O,1.9,half_life_obach,TDC
CHEMBL1614663,CC(=O)O[C@H]1C[C@]2(C)CC[C@H]3[C@@H]4C[C@H](N5CC[N+](C)(C)CC5)[C@H](OC(C)=O)[C@@]4(C)CC[C@@H]3[C@@]2(C)C[C@@H]1N1CC[N+](C)(C)CC1.[Br-].[Br-],1.9,half_life_obach,TDC
CHEMBL1560,C[C@H](CS)C(=O)N1CCC[C@H]1C(=O)O,2.0,half_life_obach,TDC
CHEMBL75753,O=C(NCCNCC(O)COc1ccc(O)cc1)N1CCOCC1,7.7,half_life_obach,TDC
CHEMBL13,COCCc1ccc(OCC(O)CNC(C)C)cc1,3.6,half_life_obach,TDC
CHEMBL581,O=C(O)[C@@H]1C[C@@H](C2CCCCC2)CN1C(=O)CP(=O)(O)CCCCc1ccccc1,9.4,half_life_obach,TDC
CHEMBL1440,CN(C)[C@@H]1C(O)=C(C(N)=O)C(=O)[C@@]2(O)C(O)=C3C(=O)c4c(O)cccc4[C@@](C)(O)[C@H]3C[C@@H]12,9.4,half_life_obach,TDC
CHEMBL1481,CCC1=C(C)CN(C(=O)NCCc2ccc(S(=O)(=O)NC(=O)N[C@H]3CC[C@H](C)CC3)cc2)C1=O,9.95,half_life_obach,TDC
CHEMBL7728,CN1C(=O)NC(=O)C(C)(C2=CCCCC2)C1=O,4.9,half_life_obach,TDC
CHEMBL14370,CCOc1ccccc1OC(c1ccccc1)C1CNCCO1,10.0,half_life_obach,TDC
CHEMBL1730,CO/N=C(\C(=O)N[C@@H]1C(=O)N2C(C(=O)O)=C(COC(C)=O)CS[C@H]12)c1csc(N)n1,1.2,half_life_obach,TDC
CHEMBL1599,CC(=O)OCC1=C(C(=O)O)N2C(=O)[C@@H](NC(=O)CSc3ccncc3)[C@H]2SC1,1.2,half_life_obach,TDC
CHEMBL623,CCc1nn(CCCN2CCN(c3cccc(Cl)c3)CC2)c(=O)n1CCOc1ccccc1,1.2,half_life_obach,TDC
CHEMBL1200490,CC(=O)N[C@H](Cc1ccc2ccccc2c1)C(=O)N[C@H](Cc1ccc(Cl)cc1)C(=O)N[C@H](Cc1cccnc1)C(=O)N[C@@H](CO)C(=O)N[C@@H](Cc1ccc(O)cc1)C(=O)N[C@H](CCCNC(N)=O)C(=O)N[C@@H](CC(C)C)C(=O)N[C@@H](CCCNC(=N)N)C(=O)N1CCC[C@H]1C(=O)N[C@H](C)C(N)=O,12.0,half_life_obach,TDC
CHEMBL1614652,O=C1c2ccccc2S(=O)(=O)N1CCCCNC[C@H]1CCc2ccccc2O1,1.2,half_life_obach,TDC
CHEMBL1679,Nc1nc(=O)c2c([nH]1)NCC(CNc1ccc(C(=O)N[C@@H](CCC(=O)O)C(=O)O)cc1)N2C=O,1.3,half_life_obach,TDC
CHEMBL1428,COCCOC(=O)C1=C(C)NC(C)=C(C(=O)OC(C)C)C1c1cccc([N+](=O)[O-])c1,1.3,half_life_obach,TDC
CHEMBL1460,O=c1[nH]cnc2c1ncn2[C@H]1CC[C@@H](CO)O1,1.4,half_life_obach,TDC
CHEMBL1200826,O=C([O-])[O-].[Li+].[Li+],7.8,half_life_obach,TDC
CHEMBL32,COc1c(N2C[C@@H]3CCCN[C@@H]3C2)c(F)cc2c(=O)c(C(=O)O)cn(C3CC3)c12,8.2,half_life_obach,TDC
CHEMBL475534,CCOC(=O)C1=C(C)NC(C)=C(C(=O)OC)C1c1cccc([N+](=O)[O-])c1,8.2,half_life_obach,TDC
CHEMBL6273,CN1CCN(c2c(F)cc3c(=O)c(C(=O)O)cn(CCF)c3c2F)CC1,8.6,half_life_obach,TDC
CHEMBL611,COc1cc2nc(N3CCN(C(=O)C4CCCO4)CC3)nc(N)c2cc1OC,9.0,half_life_obach,TDC
CHEMBL666,O=C(O)P(=O)(O)O,4.7,half_life_obach,TDC
CHEMBL33986,Oc1ccc2c(c1)[C@@]13CCCC[C@@]1(O)[C@@H](C2)N(CC1CCC1)CC3,4.8,half_life_obach,TDC
CHEMBL787,CC(C)(O)c1ccccc1CC[C@@H](SCC1(CC(=O)O)CC1)c1cccc(/C=C/c2ccc3ccc(Cl)cc3n2)c1,5.0,half_life_obach,TDC
CHEMBL141,Nc1ccn([C@@H]2CS[C@H](CO)O2)c(=O)n1,9.1,half_life_obach,TDC
CHEMBL1480,CCOC(=O)C1=C(C)NC(C)=C(C(=O)OC)C1c1cccc(Cl)c1Cl,10.0,half_life_obach,TDC
CHEMBL31,COc1c(N2CCNC(C)C2)c(F)cc2c(=O)c(C(=O)O)cn(C3CC3)c12,10.0,half_life_obach,TDC
CHEMBL53292,Cc1cc(NC(=O)C2=C(O)c3ccccc3S(=O)(=O)N2C)no1,33.0,half_life_obach,TDC
CHEMBL939,COc1cc2ncnc(Nc3ccc(F)c(Cl)c3)c2cc1OCCCN1CCOCC1,34.0,half_life_obach,TDC
CHEMBL1434,CN(C)c1ccc(O)c2c1C[C@H]1C[C@H]3[C@H](N(C)C)C(O)=C(C(N)=O)C(=O)[C@@]3(O)C(O)=C1C2=O,17.0,half_life_obach,TDC
CHEMBL1908351,Cc1cnc(NCCCN(C)C)c2c1[nH]c1ccc3cc(O)ccc3c12,19.0,half_life_obach,TDC
CHEMBL272080,CN[C@@H]1[C@@H](O)[C@@H](O[C@@H]2[C@@H](O)[C@H](O[C@H]3O[C@H](CN)[C@@H](O)[C@H](O)[C@H]3O)[C@@H](N)C[C@H]2NC(=O)[C@@H](O)CN)OC[C@]1(C)O,24.0,half_life_obach,TDC
CHEMBL343118,CSCO[C@H]1C[C@H]2OC[C@@]2(OC(C)=O)C2[C@H](OCc3ccccc3)[C@]3(O)CC(OC(=O)[C@H](O)[C@@H](NC(=O)c4ccccc4)c4ccccc4)C(C)=C([C@@H](OC(C)=O)C(=O)[C@@]21C)C3(C)C,32.0,half_life_obach,TDC
CHEMBL490,Fc1ccc([C@@H]2CCNC[C@H]2COc2ccc3c(c2)OCO3)cc1,13.0,half_life_obach,TDC
CHEMBL86304,O=C(NCCN1CCOCC1)c1ccc(Cl)cc1,1.5,half_life_obach,TDC
CHEMBL86,CCN(CC)CCNC(=O)c1cc(Cl)c(N)cc1OC,7.2,half_life_obach,TDC
CHEMBL1201244,C=CC[N+]1([C@H]2C[C@H]3[C@@H]4CC[C@H]5C[C@H](O)[C@@H](N6CCOCC6)C[C@]5(C)[C@H]4CC[C@]3(C)[C@H]2OC(C)=O)CCCC1,1.6,half_life_obach,TDC
CHEMBL511142,CO[C@@]12CC[C@@]3(C[C@@H]1[C@](C)(O)C(C)(C)C)[C@H]1Cc4ccc(O)c5c4[C@@]3(CCN1CC1CC1)[C@H]2O5,3.2,half_life_obach,TDC
CHEMBL723,COc1ccccc1OCCNCC(O)COc1cccc2[nH]c3ccccc3c12,2.4,half_life_obach,TDC
CHEMBL1219,COCCCOc1ccnc(C[S+]([O-])c2nc3ccccc3[nH]2)c1C,1.0,half_life_obach,TDC
CHEMBL60542,CC(C)=CCN1CC[C@]2(C)c3cc(O)ccc3C[C@H]1[C@H]2C,2.5,half_life_obach,TDC
CHEMBL1256734,CC1(C)S[C@@H]2[C@H](NC(=O)C(c3ccccc3)S(=O)(=O)O)C(=O)N2[C@H]1C(=O)O,1.2,half_life_obach,TDC
CHEMBL328250,CN(C)Cc1nnc2n1-c1ccc(Cl)cc1C(c1ccccc1)=NC2,2.1,half_life_obach,TDC
CHEMBL2051955,C[C@@H]1CC(=O)NN=C1c1ccc(NN=C(C#N)C#N)cc1,1.1,half_life_obach,TDC
CHEMBL742,CNC1(c2ccccc2Cl)CCCCC1=O,2.8,half_life_obach,TDC
CHEMBL1237,NCCCC[C@H](N[C@@H](CCc1ccccc1)C(=O)O)C(=O)N1CCC[C@H]1C(=O)O,42.0,half_life_obach,TDC
CHEMBL34139,C[C@H]([C@](O)(Cn1cncn1)c1ccc(F)cc1F)S(C)(=O)=O,49.0,half_life_obach,TDC
CHEMBL501259,CCCCCC/C=C\CCCCCCCCCC(=O)N[C@H]1[C@H](OC[C@H]2O[C@H](OP(=O)(O)O)[C@H](NC(=O)CC(=O)CCCCCCCCCCC)[C@@H](OCCCCCCCCCC)[C@@H]2O)O[C@H](COC)[C@@H](OP(=O)(O)O)[C@@H]1OCC[C@@H](CCCCCCC)OC,51.0,half_life_obach,TDC
CHEMBL21731,CNCCCC12CCC(c3ccccc31)c1ccccc12,51.0,half_life_obach,TDC
CHEMBL58,O=C1c2c(O)ccc(O)c2C(=O)c2c(NCCNCCO)ccc(NCCNCCO)c21,53.0,half_life_obach,TDC
CHEMBL57,Cc1ccnc2c1NC(=O)c1cccnc1N2C1CC1,53.0,half_life_obach,TDC
CHEMBL1112,O=C1CCc2ccc(OCCCCN3CCN(c4cccc(Cl)c4Cl)CC3)cc2N1,75.0,half_life_obach,TDC
CHEMBL40,CCC1(c2ccccc2)C(=O)NC(=O)NC1=O,99.0,half_life_obach,TDC
CHEMBL3301669,CN[C@H]1C(=O)N[C@@H]2Cc3ccc(cc3)Oc3cc4cc(c3O[C@@H]3O[C@H](C(=O)O)[C@@H](O)[C@H](O)[C@H]3NC(=O)CCCCCCCCC(C)C)Oc3ccc(cc3Cl)[C@@H](O)[C@@H]3NC(=O)[C@H](NC(=O)[C@@H]4NC(=O)[C@@H](NC2=O)c2cc(cc(O)c2Cl)Oc2cc1ccc2O)c1ccc(O)c(c1)-c1c(O[C@H]2O[C@H](CO)[C@@H](O)[C@H](O)[C@@H]2O)cc(O)cc1[C@@H](C(=O)NCCCN(C)C)NC3=O,170.0,half_life_obach,TDC
CHEMBL254219,C[C@H]1O[C@@H](O[C@H]2[C@@H](O)C[C@H](O[C@H]3[C@@H](O)C[C@H](O[C@H]4CC[C@]5(C)[C@H]6CC[C@]7(C)[C@@H](C8=CC(=O)OC8)CC[C@]7(O)[C@@H]6CC[C@@H]5C4)O[C@@H]3C)O[C@@H]2C)C[C@H](O)[C@@H]1O,180.0,half_life_obach,TDC
CHEMBL1201129,Nc1ncn([C@H]2C[C@H](O)[C@@H](CO)O2)c(=O)n1,0.58,half_life_obach,TDC
CHEMBL135,C[C@]12CC[C@@H]3c4ccc(O)cc4CC[C@H]3[C@@H]1CC[C@@H]2O,1.7,half_life_obach,TDC
CHEMBL517,CC(C)N(CCC(C(N)=O)(c1ccccc1)c1ccccn1)C(C)C,7.0,half_life_obach,TDC
CHEMBL8,O=C(O)c1cn(C2CC2)c2cc(N3CCNCC3)c(F)cc2c1=O,3.8,half_life_obach,TDC
CHEMBL1237132,CCCC(=O)OCOC(=O)C1=C(C)NC(C)=C(C(=O)OC)C1c1cccc(Cl)c1Cl,0.3,half_life_obach,TDC
CHEMBL54126,CN(C)C(=O)Oc1cccc([N+](C)(C)C)c1.[Br-],1.3,half_life_obach,TDC
CHEMBL704,Nc1ccc(O)c(C(=O)O)c1,0.61,half_life_obach,TDC
CHEMBL575,COc1cccc(OC)c1C(=O)N[C@@H]1C(=O)N2[C@@H](C(=O)O)C(C)(C)S[C@H]12,0.64,half_life_obach,TDC
CHEMBL6,COc1ccc2c(c1)c(CC(=O)O)c(C)n2C(=O)c1ccc(Cl)cc1,1.4,half_life_obach,TDC
CHEMBL441,CCCC(C)C1(CC)C(=O)NC(=S)NC1=O,2.0,half_life_obach,TDC
CHEMBL86882,CCNCC(O)c1cccc(O)c1,2.2,half_life_obach,TDC
CHEMBL16073,CCOc1ccc(NC(C)=O)cc1,0.92,half_life_obach,TDC
CHEMBL36,CCc1nc(N)nc(N)c1-c1ccc(Cl)cc1,140.0,half_life_obach,TDC
CHEMBL1236539,CN[C@@H]1C[C@H]2O[C@@](C)([C@@H]1OC)n1c3ccccc3c3c4c(c5c6ccccc6n2c5c31)C(=O)N[C@@H]4O,790.0,half_life_obach,TDC
CHEMBL12,CN1C(=O)CN=C(c2ccccc2)c2cc(Cl)ccc21,42.0,half_life_obach,TDC
CHEMBL529,CC[C@H]1OC(=O)[C@H](C)[C@@H](O[C@H]2C[C@@](C)(OC)[C@@H](O)[C@H](C)O2)[C@H](C)[C@@H](O[C@@H]2O[C@H](C)C[C@H](N(C)C)[C@H]2O)[C@](C)(O)C[C@@H](C)CN(C)[C@H](C)[C@@H](O)[C@]1(C)O,69.0,half_life_obach,TDC
CHEMBL160629,CCC#CC[C@H](C)[C@H](O)C#C[C@@H]1[C@H]2C/C(=C/COCC(=O)O)C[C@H]2C[C@H]1O,1.1,half_life_obach,TDC
CHEMBL471,CC(C)NCC(O)c1ccc(NS(C)(=O)=O)cc1,6.3,half_life_obach,TDC
CHEMBL1182833,COc1cc2c(cc1OC)[C@@H](Cc1cc(OC)c(OC)c(OC)c1)[N+](C)(CCCOC(=O)CC/C=C/CCC(=O)OCCC[N+]1(C)CCc3cc(OC)c(OC)cc3[C@H]1Cc1cc(OC)c(OC)c(OC)c1)CC2,0.83,half_life_obach,TDC
CHEMBL783,CC(C)[C@H]1CC[C@H](C(=O)N[C@H](Cc2ccccc2)C(=O)O)CC1,1.5,half_life_obach,TDC
CHEMBL193,COC(=O)C1=C(C)NC(C)=C(C(=O)OC)C1c1ccccc1[N+](=O)[O-],1.9,half_life_obach,TDC
CHEMBL474579,CO[C@@]1(NC(=O)C2SC(=C(C(N)=O)C(=O)O)S2)C(=O)N2C(C(=O)O)=C(CSc3nnnn3C)CS[C@@H]21,4.5,half_life_obach,TDC
CHEMBL1443,CCOc1ccc2ccccc2c1C(=O)N[C@@H]1C(=O)N2[C@@H](C(=O)O)C(C)(C)S[C@H]12,0.7,half_life_obach,TDC
CHEMBL370805,COC(=O)[C@H]1[C@@H](OC(=O)c2ccccc2)C[C@@H]2CC[C@H]1N2C,0.76,half_life_obach,TDC
CHEMBL115,CC(C)(C)NC(=O)[C@@H]1CN(Cc2cccnc2)CCN1C[C@@H](O)C[C@@H](Cc1ccccc1)C(=O)N[C@H]1c2ccccc2C[C@H]1O,1.0,half_life_obach,TDC
CHEMBL166937,CN(CC(N)=O)C(=O)N(CCCl)N=O,1.0,half_life_obach,TDC
CHEMBL184,Nc1nc(O)c2ncn(COCCO)c2n1,2.5,half_life_obach,TDC
CHEMBL1436,CO/N=C(\C(=O)N[C@@H]1C(=O)N2C(C(=O)O)=C(COC(N)=O)CS[C@H]12)c1ccco1,1.1,half_life_obach,TDC
CHEMBL316157,O=C(Cc1cccs1)N[C@@H]1C(=O)N2C(C(=O)[O-])=C(C[n+]3ccccc3)CS[C@H]12,1.5,half_life_obach,TDC
CHEMBL1200455,CC(=O)N(CC(O)CO)c1c(I)c(C(=O)NCC(O)CO)c(I)c(C(=O)NCC(O)CO)c1I,1.5,half_life_obach,TDC
CHEMBL810,Cn1nnc2c(C(N)=O)ncn2c1=O,1.5,half_life_obach,TDC
CHEMBL521,CC(C)Cc1ccc(C(C)C(=O)O)cc1,1.6,half_life_obach,TDC
CHEMBL79,CCN(CC)CC(=O)Nc1c(C)cccc1C,1.6,half_life_obach,TDC
CHEMBL456,C=C(CC)C(=O)c1ccc(OCC(=O)O)c(Cl)c1Cl,0.5,half_life_obach,TDC
CHEMBL484,Nc1ncnc2c1ncn2CCOCP(=O)(O)O,1.6,half_life_obach,TDC
CHEMBL351706,N#Cc1ccc2c(c1)CN(S(=O)(=O)c1cccs1)[C@H](Cc1ccccc1)CN2Cc1c[nH]cn1,1.6,half_life_obach,TDC
CHEMBL580,O=C1Nc2ccc(Cl)cc2C(c2ccccc2Cl)=NC1O,17.0,half_life_obach,TDC
CHEMBL2051956,COC(=O)C1=C(C)NC(C)=C(C(=O)OCCCN2CCC(c3ccccc3)(c3ccccc3)CC2)[C@@H]1c1cccc([N+](=O)[O-])c1,22.0,half_life_obach,TDC
CHEMBL957,COc1ccccc1Oc1c(NS(=O)(=O)c2ccc(C(C)(C)C)cc2)nc(-c2ncccn2)nc1OCCO,4.1,half_life_obach,TDC
CHEMBL306700,CCOc1ccccc1OCC1CNCCO1,4.1,half_life_obach,TDC
CHEMBL1072,CCCCNc1cc(C(=O)O)cc(S(N)(=O)=O)c1Oc1ccccc1,1.2,half_life_obach,TDC
CHEMBL656,COc1ccc2c3c1O[C@H]1C(=O)CC[C@@]4(O)[C@@H](C2)N(C)CC[C@]314,5.5,half_life_obach,TDC
CHEMBL174,CC1(C)S[C@@H]2[C@H](NC(=O)[C@H](N)c3ccccc3)C(=O)N2[C@H]1C(=O)O,1.4,half_life_obach,TDC
CHEMBL636,CCN(C)C(=O)Oc1cccc([C@H](C)N(C)C)c1,1.4,half_life_obach,TDC
CHEMBL476,CN(C)/N=N/c1[nH]cnc1C(N)=O,6.2,half_life_obach,TDC
CHEMBL325166,N=C(N)N1CCC[C@@H](CNC(=O)C[C@H](NS(=O)(=O)c2ccc3ccccc3c2)C(=O)N(CC(=O)O)C2CC2)C1,1.9,half_life_obach,TDC
CHEMBL61780,COc1ccccc1Oc1c(NS(=O)(=O)c2ccc(C(C)C)cn2)nc(-c2ccnc(-c3nn[nH]n3)c2)nc1OCCO,3.8,half_life_obach,TDC
CHEMBL266349,N=C(N)c1ccc(CNC(=O)[C@@H]2CCN2C(=O)[C@H](NCC(=O)O)C2CCCCC2)cc1,1.6,half_life_obach,TDC
CHEMBL289469,CN1C2CCCC1CC(NC(=O)c1nn(C)c3ccccc13)C2,5.2,half_life_obach,TDC
CHEMBL1200629,CC(=O)O[C@H]1C[C@@H]2CC[C@@H]3[C@H](CC[C@@]4(C)[C@H]3C[C@H]([N+]3(C)CCCCC3)[C@@H]4OC(C)=O)[C@@]2(C)C[C@@H]1N1CCCCC1.[Br-],1.4,half_life_obach,TDC
CHEMBL1731,CC1(C)S[C@@H]2[C@H](NC(=O)[C@H](NC(=O)N3CCN(S(C)(=O)=O)C3=O)c3ccccc3)C(=O)N2[C@H]1C(=O)O,1.2,half_life_obach,TDC
CHEMBL1346,NC(=O)C(c1ccccc1)(c1ccccc1)[C@@H]1CCN(CCc2ccc3c(c2)CCO3)C1,3.6,half_life_obach,TDC
CHEMBL819,Cc1onc(-c2ccccc2)c1C(=O)N[C@@H]1C(=O)N2[C@@H](C(=O)O)C(C)(C)S[C@H]12,0.7,half_life_obach,TDC
CHEMBL888,Nc1ccn([C@@H]2O[C@H](CO)[C@@H](O)C2(F)F)c(=O)n1,1.0,half_life_obach,TDC
CHEMBL127,C[C@@H](O)[C@H]1C(=O)N2C(C(=O)O)=C(S[C@@H]3CN[C@H](C(=O)N(C)C)C3)[C@H](C)[C@H]12,1.0,half_life_obach,TDC
CHEMBL118218,CC1=C(CO)C2=C(C)C3(CC3)[C@@](C)(O)C(=O)C2=C1,0.3,half_life_obach,TDC
CHEMBL1489,Nc1ncn([C@@H]2O[C@H](CO)[C@@H](O)[C@H]2O)c(=O)n1,0.36,half_life_obach,TDC
CHEMBL1411979,CN(C)CCN(Cc1cccs1)c1ccccn1,1.6,half_life_obach,TDC
CHEMBL50,O=c1c(O)c(-c2ccc(O)c(O)c2)oc2cc(O)cc(O)c12,0.6,half_life_obach,TDC
CHEMBL19224,COc1ccc(Cc2nccc3cc(OC)c(OC)cc23)cc1OC,1.8,half_life_obach,TDC
CHEMBL635,C[C@]12CC(=O)[C@H]3[C@@H](CCC4=CC(=O)C=C[C@@]43C)[C@@H]1CC[C@]2(O)C(=O)CO,2.9,half_life_obach,TDC
CHEMBL1098,CCCCN1CCCCC1C(=O)Nc1c(C)cccc1C,3.1,half_life_obach,TDC
CHEMBL1077,Nc1c(CC(=O)O)cccc1C(=O)c1ccc(Br)cc1,2.6,half_life_obach,TDC
CHEMBL1566,C[C@H]1O[C@H](O[C@@H]2[C@@H](CO)O[C@H](O[C@@H]3[C@@H](CO)O[C@@H](O)[C@H](O)[C@H]3O)[C@H](O)[C@H]2O)[C@H](O)[C@@H](O)[C@@H]1N[C@H]1C=C(CO)[C@@H](O)[C@H](O)[C@H]1O,2.7,half_life_obach,TDC
CHEMBL74632,CO[C@@]1(NC(=O)C(C(=O)O)c2ccc(O)cc2)C(=O)N2C(C(=O)O)=C(CSc3nnnn3C)CO[C@@H]21,2.9,half_life_obach,TDC
CHEMBL425,O=C(O)c1cc(/N=N/c2ccc(O)c(C(=O)O)c2)ccc1O,0.9,half_life_obach,TDC
CHEMBL276832,NNc1nncc2ccccc12,0.96,half_life_obach,TDC
CHEMBL702,CCN1CCN(C(=O)N[C@@H](C(=O)N[C@@H]2C(=O)N3[C@@H](C(=O)O)C(C)(C)S[C@H]23)c2ccccc2)C(=O)C1=O,0.96,half_life_obach,TDC
CHEMBL1380,Nc1nc(NC2CC2)c2ncn([C@H]3C=C[C@@H](CO)C3)c2n1,1.0,half_life_obach,TDC
CHEMBL1908354,Cc1nnc(SCC2=C(C(=O)O)N3C(=O)[C@@H](NC(=O)[C@H](O)c4ccccc4)[C@H]3SC2)s1,1.0,half_life_obach,TDC
CHEMBL480,Cc1c(OCC(F)(F)F)ccnc1C[S+]([O-])c1nc2ccccc2[nH]1,1.0,half_life_obach,TDC
CHEMBL80,C=CCN1CC[C@]23c4c5ccc(O)c4O[C@H]2C(=O)CC[C@@]3(O)[C@H]1C5,1.1,half_life_obach,TDC
CHEMBL19236,COc1nc(C)nc(Cl)c1NC1=NCCN1,2.2,half_life_obach,TDC
CHEMBL902,NC(N)=Nc1nc(CSCC/C(N)=N/S(N)(=O)=O)cs1,2.8,half_life_obach,TDC
CHEMBL6966,COc1ccc(CCN(C)CCCC(C#N)(c2ccc(OC)c(OC)c2)C(C)C)cc1OC,2.8,half_life_obach,TDC
CHEMBL1447,CCC[C@@H]1C[C@@H](C(=O)N[C@H]([C@@H](C)O)[C@H]2O[C@H](SC)[C@H](O)[C@@H](O)[C@H]2O)N(C)C1,5.6,half_life_obach,TDC
CHEMBL710,CC(C)(C)NC(=O)[C@H]1CC[C@H]2[C@@H]3CC[C@H]4NC(=O)C=C[C@]4(C)[C@H]3CC[C@]12C,6.0,half_life_obach,TDC
CHEMBL25,CC(=O)Oc1ccccc1C(=O)O,0.26,half_life_obach,TDC
CHEMBL1505,CN(C)CCc1c[nH]c2ccc(CS(=O)(=O)N3CCCC3)cc12,3.4,half_life_obach,TDC
CHEMBL403,CC1(C)[C@H](C(=O)O)N2C(=O)C[C@H]2S1(=O)=O,1.1,half_life_obach,TDC
CHEMBL1753,CCC[C@@H]1C[C@@H](C(=O)N[C@H]([C@H](C)Cl)[C@H]2O[C@H](SC)[C@H](O)[C@@H](O)[C@H]2O)N(C)C1,2.1,half_life_obach,TDC
CHEMBL1908301,O=P(O)(O)OC(Cn1cncn1)(Cn1cncn1)c1ccc(F)cc1F,2.1,half_life_obach,TDC
CHEMBL48880,CNC(=O)c1cccc2c(Nc3ccc(NS(C)(=O)=O)cc3OC)c3cccc(C)c3nc12,2.4,half_life_obach,TDC
CHEMBL263499,CC/C=C\C/C=C\C/C=C\C/C=C\C/C=C\C/C=C/CCC(=O)O[C@@H](C(=O)O[C@H]1C[C@@]2(O)[C@@H](OC(=O)c3ccccc3)C3[C@](C)(C(=O)[C@H](OC(C)=O)C(=C1C)C2(C)C)[C@@H](O)C[C@H]1OC[C@@]31OC(C)=O)[C@@H](NC(=O)c1ccccc1)c1ccccc1,60.0,half_life_obach,TDC
CHEMBL1734,O=C(O[C@H]1CN2CCC1CC2)N1CCc2ccccc2[C@@H]1c1ccccc1,52.0,half_life_obach,TDC
CHEMBL159,CC[C@]1(O)C[C@@H]2CN(CCc3c([nH]c4ccccc34)[C@@](C(=O)OC)(c3cc4c(cc3OC)N(C)[C@H]3[C@@](O)(C(=O)OC)[C@H](OC(C)=O)[C@]5(CC)C=CCN6CC[C@]43[C@@H]65)C2)C1,67.0,half_life_obach,TDC
CHEMBL182,Nc1nc(O)c2ncn(COC(CO)CO)c2n1,3.7,half_life_obach,TDC
CHEMBL1174,N=C(N)NCCCC[C@@H]1NC(=O)CCSSC[C@@H](C(N)=O)NC(=O)[C@@H]2CCCN2C(=O)[C@H](Cc2c[nH]c3ccccc23)NC(=O)[C@H](CC(=O)O)NC(=O)CNC1=O,4.2,half_life_obach,TDC
CHEMBL1520,CCCc1nc(C)c2c(=O)nc(-c3cc(S(=O)(=O)N4CCN(CC)CC4)ccc3OCC)[nH]n12,4.5,half_life_obach,TDC
CHEMBL254193,N/N=c1/cc2c(n[nH]1)CCN(C(=O)c1ccccc1)C2,5.6,half_life_obach,TDC
CHEMBL638,C[C@@H](c1ncncc1F)[C@](O)(Cn1cncn1)c1ccc(F)cc1F,5.6,half_life_obach,TDC
CHEMBL2220384,CCOC(=O)C1(c2ccccc2)CCC=CC1N(C)C,5.0,half_life_obach,TDC
CHEMBL659,COc1ccc2c3c1O[C@H]1C[C@@H](O)C=C[C@@]31CCN(C)C2,5.3,half_life_obach,TDC
CHEMBL577,C[C@H](N[C@@H](CCc1ccccc1)C(=O)O)C(=O)N1CCC[C@H]1C(=O)O,39.0,half_life_obach,TDC
CHEMBL181,CC1=NS(=O)(=O)c2cc(Cl)ccc2N1,48.0,half_life_obach,TDC
CHEMBL268254,O=C1CN=C(c2ccccc2Cl)c2cc(Cl)ccc2N1,200.0,half_life_obach,TDC
CHEMBL1435,Cc1nnc(SCC2=C(C(=O)O)N3C(=O)[C@@H](NC(=O)Cn4cnnn4)[C@H]3SC2)s1,1.7,half_life_obach,TDC
CHEMBL279898,CCCn1c(=O)[nH]c(=O)c2[nH]cnc21,1.8,half_life_obach,TDC
CHEMBL1614644,C[N+](C)([O-])CCCN1c2ccccc2CCc2ccccc21,1.8,half_life_obach,TDC
CHEMBL267648,CCn1cc(C(=O)O)c(=O)c2cc(F)c(N3CCN(C)CC3)cc21,11.0,half_life_obach,TDC
CHEMBL1614660,CCCCCCCCC/C=C/C=C/C(=O)CCC(=O)NC1[C@H](C(O)CO)O[C@H](Nc2ncnc3nc[nH]c23)[C@H](O)[C@@H]1O,1.3,half_life_obach,TDC
CHEMBL349803,NS(=O)(=O)c1cc(C(=O)O)cc(N2CCCC2)c1Oc1ccccc1,1.3,half_life_obach,TDC
CHEMBL158,C[C@H]1[C@H](NC(=O)/C(=N\OC(C)(C)C(=O)O)c2csc(N)n2)C(=O)N1S(=O)(=O)O,1.5,half_life_obach,TDC
CHEMBL1467,O=c1ncnc2[nH][nH]cc1-2,0.8,half_life_obach,TDC
CHEMBL1077896,CCCN1CCCC[C@H]1C(=O)Nc1c(C)cccc1C,2.2,half_life_obach,TDC
CHEMBL1733,C[C@H](N[C@@H](CCc1ccccc1)C(=O)O)C(=O)N1Cc2ccccc2C[C@H]1C(=O)O,2.3,half_life_obach,TDC
CHEMBL399510,CCN(CC)CCNC(=O)c1cc(Br)c(N)cc1OC,2.9,half_life_obach,TDC
CHEMBL1201199,CCNC(=O)[C@@H]1CCCN1C(=O)[C@H](CCCNC(=N)N)NC(=O)[C@H](CC(C)C)NC(=O)[C@@H](CC(C)C)NC(=O)[C@H](Cc1ccc(O)cc1)NC(=O)[C@H](CO)NC(=O)[C@H](Cc1c[nH]c2ccccc12)NC(=O)[C@H](Cc1c[nH]cn1)NC(=O)[C@@H]1CCC(=O)N1,2.9,half_life_obach,TDC
CHEMBL640,CCN(CC)CCNC(=O)c1ccc(N)cc1,3.1,half_life_obach,TDC
CHEMBL1561,OCCN1C[C@H](O)[C@@H](O)[C@H](O)[C@H]1CO,2.3,half_life_obach,TDC
CHEMBL572,O=C1CN(/N=C/c2ccc([N+](=O)[O-])o2)C(=O)N1,0.97,half_life_obach,TDC
CHEMBL596,CCC(=O)N(c1ccccc1)C1CCN(CCc2ccccc2)CC1,3.0,half_life_obach,TDC
CHEMBL85,Cc1nc2n(c(=O)c1CCN1CCC(c3noc4cc(F)ccc34)CC1)CCCC2,3.2,half_life_obach,TDC
CHEMBL642,CCCC(=O)Nc1ccc(OCC(O)CNC(C)C)c(C(C)=O)c1,3.5,half_life_obach,TDC
CHEMBL314437,CCC1(c2cccc(O)c2)CCCCN(C)C1,1.7,half_life_obach,TDC
CHEMBL128,CNS(=O)(=O)Cc1ccc2[nH]cc(CCN(C)C)c2c1,1.7,half_life_obach,TDC
CHEMBL60745,CC[N+](C)(C)c1cccc(O)c1.[Br-],1.8,half_life_obach,TDC
CHEMBL191,CCCCc1nc(Cl)c(CO)n1Cc1ccc(-c2ccccc2-c2nnn[nH]2)cc1,1.8,half_life_obach,TDC
CHEMBL1194,CCCNC(C)C(=O)Nc1ccccc1C,1.8,half_life_obach,TDC
CHEMBL19019,O=C1CC[C@@]2(O)[C@H]3Cc4ccc(O)c5c4[C@@]2(CCN3CC2CC2)[C@H]1O5,1.9,half_life_obach,TDC
CHEMBL532,CC[C@H]1OC(=O)[C@H](C)[C@@H](O[C@H]2C[C@@](C)(OC)[C@@H](O)[C@H](C)O2)[C@H](C)[C@@H](O[C@@H]2O[C@H](C)C[C@H](N(C)C)[C@H]2O)[C@](C)(O)C[C@@H](C)C(=O)[C@H](C)[C@@H](O)[C@]1(C)O,2.0,half_life_obach,TDC
CHEMBL1087,Cc1cccc(C)c1NC(=O)C1CCCCN1C,2.0,half_life_obach,TDC
CHEMBL95804,CCN(CC)CCNC(=O)c1ccc(NS(C)(=O)=O)cc1,3.8,half_life_obach,TDC
CHEMBL1531134,CC1CCN(CCCC(=O)c2ccc(F)cc2)CC1,3.9,half_life_obach,TDC
CHEMBL1510,CN1CCC[C@@H]1Cc1c[nH]c2ccc(CCS(=O)(=O)c3ccccc3)cc12,4.2,half_life_obach,TDC
CHEMBL1463,Nc1[nH]c(=O)ncc1F,4.2,half_life_obach,TDC
CHEMBL585,Nc1nc(N)c2nc(-c3ccccc3)c(N)nc2n1,4.3,half_life_obach,TDC
CHEMBL940,NCC1(CC(=O)O)CCCCC1,5.3,half_life_obach,TDC
CHEMBL1473,CCC(=O)O[C@]1(C(=O)SCF)[C@H](C)C[C@H]2[C@@H]3C[C@H](F)C4=CC(=O)C=C[C@]4(C)[C@@]3(F)[C@@H](O)C[C@@]21C,6.0,half_life_obach,TDC
CHEMBL1201288,O=C1CN(/N=C/c2ccc(-c3ccc([N+](=O)[O-])cc3)o2)C(=O)N1,10.0,half_life_obach,TDC
CHEMBL707,COc1cc2nc(N3CCN(C(=O)C4COc5ccccc5O4)CC3)nc(N)c2cc1OC,10.0,half_life_obach,TDC
CHEMBL434394,OC(CNCC(O)C1CCc2cc(F)ccc2O1)C1CCc2cc(F)ccc2O1,10.0,half_life_obach,TDC
CHEMBL1568,Nc1nc(F)nc2c1ncn2[C@@H]1O[C@H](CO)[C@@H](O)[C@@H]1O,11.0,half_life_obach,TDC
CHEMBL113278,CC(CCc1ccc2c(c1)OCO2)NCC(O)c1ccc(O)c(C(N)=O)c1,11.0,half_life_obach,TDC
CHEMBL428647,CC(=O)O[C@H]1C(=O)[C@]2(C)[C@@H](O)C[C@H]3OC[C@@]3(OC(C)=O)[C@H]2[C@H](OC(=O)c2ccccc2)[C@]2(O)C[C@H](OC(=O)[C@H](O)[C@@H](NC(=O)c3ccccc3)c3ccccc3)C(C)=C1C2(C)C,11.0,half_life_obach,TDC
CHEMBL1146,Cn1nnnc1SCC1=C(C(=O)O)N2C(=O)[C@@H](NC(=O)[C@H](O)c3ccccc3)[C@H]2SC1,0.75,half_life_obach,TDC
CHEMBL407,CCOC(=O)c1ncn2c1CN(C)C(=O)c1cc(F)ccc1-2,0.78,half_life_obach,TDC
CHEMBL1144,CC[C@H](C)C(=O)O[C@H]1C[C@H](O)C=C2C=C[C@H](C)[C@H](CC[C@@H](O)C[C@@H](O)CC(=O)O)[C@H]21,0.78,half_life_obach,TDC
CHEMBL50882,Nc1n[n+]([O-])c2ccccc2[n+]1[O-],0.78,half_life_obach,TDC
CHEMBL836,CCOc1ccccc1OCCN[C@H](C)Cc1ccc(OC)c(S(N)(=O)=O)c1,6.8,half_life_obach,TDC
CHEMBL190,Cn1c(=O)c2nc[nH]c2n(C)c1=O,7.2,half_life_obach,TDC
CHEMBL160,C/C=C/C[C@@H](C)[C@@H](O)[C@H]1C(=O)N[C@@H](CC)C(=O)N(C)CC(=O)N(C)[C@@H](CC(C)C)C(=O)N[C@@H](C(C)C)C(=O)N(C)[C@@H](CC(C)C)C(=O)N[C@@H](C)C(=O)N[C@H](C)C(=O)N(C)[C@@H](CC(C)C)C(=O)N(C)[C@@H](CC(C)C)C(=O)N(C)[C@@H](C(C)C)C(=O)N1C,7.3,half_life_obach,TDC
CHEMBL559288,N#CC(CCN1CCC(C(N)=O)(N2CCCCC2)CC1)(c1ccccc1)c1ccccc1,8.0,half_life_obach,TDC
CHEMBL2103780,CCN1C[C@H]2CN(C)C[C@H](C1)C2OC(=O)c1ccc(Cl)cc1,8.6,half_life_obach,TDC
CHEMBL728,CN1CCN(CCCN2c3ccccc3Sc3ccc(Cl)cc32)CC1,9.0,half_life_obach,TDC
CHEMBL1231101,N[C@H](C(=O)O)[C@@H]1CC(Cl)=NO1,9.9,half_life_obach,TDC
CHEMBL42,CN1CCN(C2=Nc3cc(Cl)ccc3Nc3ccccc32)CC1,10.0,half_life_obach,TDC
CHEMBL404520,CN(C)[C@@H]1C(O)=C(C(N)=O)C(=O)[C@@]2(O)C(O)=C3C(=O)c4c(O)ccc(Cl)c4[C@@](C)(O)[C@H]3C[C@@H]12,7.0,half_life_obach,TDC
CHEMBL533,CCCCCCCN(CC)CCCC(O)c1ccc(NS(C)(=O)=O)cc1,7.0,half_life_obach,TDC
CHEMBL439,Nc1ccc(S(=O)(=O)Nc2ncccn2)cc1,7.0,half_life_obach,TDC
CHEMBL782,CCCCNC(=O)NS(=O)(=O)c1ccc(C)cc1,7.0,half_life_obach,TDC
CHEMBL219916,O=c1[nH]c2ccccc2n1CCCN1CCC(n2c(=O)[nH]c3cc(Cl)ccc32)CC1,7.5,half_life_obach,TDC
CHEMBL813,CCCCc1ncc(/C=C(\Cc2cccs2)C(=O)O)n1Cc1ccc(C(=O)O)cc1,2.1,half_life_obach,TDC
CHEMBL249856,CSc1ccc(C(=O)c2[nH]c(=O)[nH]c2C)cc1,1.0,half_life_obach,TDC
CHEMBL398707,CN1CC[C@]23c4c5ccc(O)c4O[C@H]2C(=O)CC[C@H]3[C@H]1C5,2.3,half_life_obach,TDC
CHEMBL1425,Sc1ncnc2nc[nH]c12,1.0,half_life_obach,TDC
CHEMBL953,CCN(CC)C(=O)/C(C#N)=C/c1cc(O)c(O)c([N+](=O)[O-])c1,2.4,half_life_obach,TDC
CHEMBL1449,CC1(C)S[C@@H]2[C@H](NC(=O)[C@H](C(=O)O)c3ccsc3)C(=O)N2[C@H]1C(=O)O,1.0,half_life_obach,TDC
CHEMBL1644,CC1=C(C(=O)O)N2C(=O)[C@@H](NC(=O)[C@H](N)c3ccc(O)cc3)[C@H]2SC1,1.1,half_life_obach,TDC
CHEMBL418192,Cc1ccccc1OCC(O)CNCCOc1ccc(C(N)=O)cc1,2.5,half_life_obach,TDC
CHEMBL266510,COc1ccc(Cl)cc1[C@]1(F)C(=O)Nc2cc(C(F)(F)F)ccc21,37.0,half_life_obach,TDC
CHEMBL76,CCN(CC)CCCC(C)Nc1ccnc2cc(Cl)ccc12,570.0,half_life_obach,TDC
CHEMBL1752,Cn1c(=O)c2c(ncn2CC(O)CO)n(C)c1=O,1.7,half_life_obach,TDC
CHEMBL44354,CC(C)(O/N=C(\C(=O)N[C@@H]1C(=O)N2C(C(=O)[O-])=C(C[n+]3ccccc3)CS[C@H]12)c1csc(N)n1)C(=O)O,1.8,half_life_obach,TDC
CHEMBL608806,CCOC(=O)[C@@H]1C2CCC(C[C@@H]1OC(=O)c1ccccc1)N2C,1.5,half_life_obach,TDC
CHEMBL88,O=P1(N(CCCl)CCCl)NCCCO1,8.0,half_life_obach,TDC
CHEMBL551978,CCOc1ccc(/C=C2\NCCc3cc(OCC)c(OCC)cc32)cc1OCC,9.3,half_life_obach,TDC
CHEMBL1614662,CC(C)(C)[C@H](NC(=O)[C@H](CC1CCCC1)CN(O)C=O)C(=O)N1CCN(Cc2ccc3c(c2)OCO3)CC1,9.4,half_life_obach,TDC
CHEMBL558,Cc1cccc(C)c1OCC(C)N,9.9,half_life_obach,TDC
CHEMBL71,CN(C)CCCN1c2ccccc2Sc2ccc(Cl)cc21,11.0,half_life_obach,TDC
CHEMBL1614655,CCCC[C@@H]1CC(=O)[C@]2(O)O[C@@H]3[C@@H](NC)[C@@H](O)[C@@H](NC)[C@H](O)[C@H]3O[C@@H]2O1,11.0,half_life_obach,TDC
CHEMBL374478,CO[C@H]1/C=C/O[C@@]2(C)Oc3c(C)c(O)c4c(O)c(c(/C=N/N5CCN(C)CC5)c(O)c4c3C2=O)NC(=O)/C(C)=C\C=C\[C@H](C)[C@H](O)[C@@H](C)[C@@H](O)[C@@H](C)[C@H](OC(C)=O)[C@@H]1C,3.8,half_life_obach,TDC
CHEMBL315795,Cc1ncsc1CCCl,4.5,half_life_obach,TDC
CHEMBL1148,Cc1cccc(Nc2ccncc2S(=O)(=O)NC(=O)NC(C)C)c1,5.1,half_life_obach,TDC
CHEMBL1360,COc1ccc(CC2c3cc(OC)c(OC)cc3CC[N+]2(C)CCC(=O)OCCCCCOC(=O)CC[N+]2(C)CCc3cc(OC)c(OC)cc3C2Cc2ccc(OC)c(OC)c2)cc1OC,0.31,half_life_obach,TDC
CHEMBL1201248,COc1ccc(C[C@@H]2c3cc(OC)c(OC)cc3CC[N@+]2(C)CCC(=O)OCCCCCOC(=O)CC[N@@+]2(C)CCc3cc(OC)c(OC)cc3[C@H]2Cc2ccc(OC)c(OC)c2)cc1OC,0.42,half_life_obach,TDC
CHEMBL453,Cc1noc(NS(=O)(=O)c2ccc(N)cc2)c1C,7.4,half_life_obach,TDC
CHEMBL387675,CCCCCCCCCC(=O)N[C@@H](Cc1c[nH]c2ccccc12)C(=O)N[C@@H](CC(N)=O)C(=O)N[C@@H](CC(=O)O)C(=O)N[C@@H]1C(=O)NCC(=O)N[C@@H](CCCN)C(=O)N[C@@H](CC(=O)O)C(=O)N[C@H](C)C(=O)N[C@@H](CC(=O)O)C(=O)NCC(=O)N[C@H](CO)C(=O)N[C@@H]([C@H](C)CC(=O)O)C(=O)N[C@@H](CC(=O)c2ccccc2N)C(=O)O[C@@H]1C,8.1,half_life_obach,TDC
CHEMBL671,S=P(N1CC1)(N1CC1)N1CC1,2.7,half_life_obach,TDC
CHEMBL1200937,CCN(CC)CCS(=O)(=O)[C@@H]1CCN2C(=O)c3coc(n3)CC(=O)C[C@H](O)/C=C(C)/C=C/CNC(=O)/C=C/[C@@H](C)[C@@H](C(C)C)OC(=O)[C@@H]12,0.74,half_life_obach,TDC
CHEMBL777,O=C(O)[C@H]1/C(=C/CO)O[C@@H]2CC(=O)N21,0.9,half_life_obach,TDC
CHEMBL472,COc1ccc(Cl)cc1C(=O)NCCc1ccc(S(=O)(=O)NC(=O)NC2CCCCC2)cc1,2.2,half_life_obach,TDC
CHEMBL465,CCCCCc1cc(O)c2c(c1)OC(C)(C)[C@@H]1CCC(C)=C[C@@H]21,33.0,half_life_obach,TDC
CHEMBL219410,CO[C@H]1C[C@@H]2CC[C@@H](C)[C@@](O)(O2)C(=O)C(=O)N2CCCC[C@H]2C(=O)O[C@H]([C@H](C)C[C@@H]2CC[C@H](n3cnnn3)[C@H](OC)C2)CC(=O)[C@H](C)/C=C(\C)[C@@H](O)[C@@H](OC)C(=O)[C@H](C)C[C@H](C)/C=C/C=C/C=C/1C,35.0,half_life_obach,TDC
CHEMBL441809,CCC(C)(C)NCC(O)COc1ccccc1C(=O)CCc1ccccc1,1.5,half_life_obach,TDC
CHEMBL108358,NC(=O)c1csc([C@@H]2O[C@H](CO)[C@@H](O)[C@H]2O)n1,5.9,half_life_obach,TDC
CHEMBL979,CCCC(C)(COC(N)=O)COC(N)=O,14.0,half_life_obach,TDC
CHEMBL53463,COc1cccc2c1C(=O)c1c(O)c3c(c(O)c1C2=O)C[C@@](O)(C(=O)CO)C[C@@H]3O[C@H]1C[C@H](N)[C@H](O)[C@H](C)O1,32.0,half_life_obach,TDC
CHEMBL549,CN(C)CCCC1(c2ccc(F)cc2)OCc2cc(C#N)ccc21,33.0,half_life_obach,TDC
CHEMBL286494,Cc1cc(O)c2c(=O)c3c(O)cc(O)c4c5c(O)cc(O)c6c(=O)c7c(O)cc(C)c8c1c2c(c34)c(c78)c65,42.0,half_life_obach,TDC
CHEMBL1591,CN(C)[C@@H]1C(O)=C(C(N)=O)C(=O)[C@@]2(O)C(O)=C3C(=O)c4c(O)ccc(Cl)c4[C@@H](O)[C@H]3C[C@@H]12,12.0,half_life_obach,TDC
CHEMBL86715,OC(CCN1CCCC1)(c1ccccc1)C1CCCCC1,12.0,half_life_obach,TDC
CHEMBL654,CN1CCN2c3ncccc3Cc3ccccc3C2C1,15.0,half_life_obach,TDC
CHEMBL1166,CC1CNc2c(cccc2S(=O)(=O)N[C@@H](CCCNC(=N)N)C(=O)N2CC[C@@H](C)C[C@@H]2C(=O)O)C1,0.4,half_life_obach,TDC
CHEMBL878,Cc1ccccc1N1C(=O)c2cc(S(N)(=O)=O)c(Cl)cc2NC1C,20.0,half_life_obach,TDC
CHEMBL1200500,CCC(=O)OCC(=O)[C@@]1(OC(=O)CC)[C@@H](C)C[C@H]2[C@@H]3CCC4=CC(=O)C=C[C@]4(C)[C@@]3(Cl)[C@@H](O)C[C@@]21C,0.5,half_life_obach,TDC
CHEMBL1043,Nc1ccc(S(=O)(=O)c2ccc(N)cc2)cc1,22.0,half_life_obach,TDC
CHEMBL3301673,CCCCCNC(=O)c1coc([C@@H]2[C@H]3CC[C@H](O3)[C@@H]2Cc2ccccc2CCC(=O)O)n1,22.0,half_life_obach,TDC
CHEMBL13280,CN1C(=O)CN=C(c2ccccc2F)c2cc([N+](=O)[O-])ccc21,25.0,half_life_obach,TDC
CHEMBL64391,CCC(C)n1ncn(-c2ccc(N3CCN(c4ccc(OCC5COC(Cn6cncn6)(c6ccc(Cl)cc6Cl)O5)cc4)CC3)cc2)c1=O,25.0,half_life_obach,TDC
CHEMBL499808,CCC(C)CC(C)CCCCCCCCC(=O)N[C@H]1C[C@@H](O)[C@@H](NCCN)NC(=O)[C@@H]2[C@@H](O)CCN2C(=O)[C@H]([C@H](O)CCN)NC(=O)[C@H]([C@H](O)[C@@H](O)c2ccc(O)cc2)NC(=O)[C@@H]2C[C@@H](O)CN2C(=O)[C@H]([C@@H](C)O)NC1=O,27.0,half_life_obach,TDC
CHEMBL138225,CC(C)(C)NC(=O)[C@H]1CC[C@H]2[C@@H]3CC=C4C=C(C(=O)O)CC[C@]4(C)[C@H]3CC[C@]12C,27.0,half_life_obach,TDC
CHEMBL877,NC[C@H]1CC[C@H](C(=O)O)CC1,2.3,half_life_obach,TDC
CHEMBL44884,CC[C@@H](CO)NCCN[C@@H](CC)CO,3.1,half_life_obach,TDC
CHEMBL1024,O=P1(NCCCl)OCCCN1CCCl,6.6,half_life_obach,TDC
CHEMBL359164,Nc1ccn([C@@H]2CO[C@H](CO)O2)c(=O)n1,82.0,half_life_obach,TDC
CHEMBL7568,CCN(CC)CCCC(C)Nc1c2ccc(Cl)cc2nc2ccc(OC)cc12,120.0,half_life_obach,TDC
CHEMBL923,O=P(O)(O)C(O)(Cc1cccnc1)P(=O)(O)O,200.0,half_life_obach,TDC
CHEMBL633,CCCCc1oc2ccccc2c1C(=O)c1cc(I)c(OCCN(CC)CC)c(I)c1,820.0,half_life_obach,TDC
CHEMBL444633,CO[C@H]1/C=C/O[C@@]2(C)Oc3c(C)c(O)c4c(c3C2=O)C2=NC3(CCN(CC(C)C)CC3)NC2=C(NC(=O)/C(C)=C\C=C\[C@H](C)[C@H](O)[C@@H](C)[C@@H](O)[C@@H](C)[C@H](OC(C)=O)[C@@H]1C)C4=O,37.0,half_life_obach,TDC
CHEMBL1101,OC(CCN1CCCCC1)(c1ccccc1)C1CC2C=CC1C2,24.0,half_life_obach,TDC
CHEMBL1614651,NCCCNc1ccc2c(CNCCO)nn3c4c(O)ccc(O)c4c(=O)c1c23,32.0,half_life_obach,TDC
CHEMBL1513,CCCCC1=NC2(CCCC2)C(=O)N1Cc1ccc(-c2ccccc2-c2nn[nH]n2)cc1,14.0,half_life_obach,TDC
CHEMBL121,CN(CCOc1ccc(CC2SC(=O)NC2=O)cc1)c1ccccn1,3.9,half_life_obach,TDC
CHEMBL862,N=C(N)NC(=O)Cc1c(Cl)cccc1Cl,15.0,half_life_obach,TDC
CHEMBL1619,Nc1nc(Cl)nc2c1ncn2[C@H]1C[C@H](O)[C@@H](CO)O1,16.0,half_life_obach,TDC
CHEMBL1201752,C/C(=C\c1csc(C)n1)[C@@H]1C[C@@H]2O[C@]2(C)CCC[C@H](C)[C@H](O)[C@@H](C)C(=O)C(C)(C)[C@@H](O)CC(=O)N1,17.0,half_life_obach,TDC
CHEMBL639,CN1CCCC(n2nc(Cc3ccc(Cl)cc3)c3ccccc3c2=O)CC1,22.0,half_life_obach,TDC
CHEMBL55,N=C(N)c1ccc(OCCCCCOc2ccc(C(=N)N)cc2)cc1,25.0,half_life_obach,TDC
CHEMBL628,CC(=O)CCCCn1c(=O)c2c(ncn2C)n(C)c1=O,1.2,half_life_obach,TDC
CHEMBL428690,CN1CC[C@H](c2c(O)cc(O)c3c(=O)cc(-c4ccccc4Cl)oc23)[C@H](O)C1,5.2,half_life_obach,TDC
CHEMBL206025,CCCCCN(CCCOC)C(=O)C(CCC(=O)O)NC(=O)c1ccc(Cl)c(Cl)c1,5.2,half_life_obach,TDC
CHEMBL766,CC1(C)C[C@@H]1C(=O)N/C(=C\CCCCSC[C@H](N)C(=O)O)C(=O)O,0.86,half_life_obach,TDC
CHEMBL499,CC(C)(C)NC[C@H](O)COc1nsnc1N1CCOCC1,2.2,half_life_obach,TDC
CHEMBL637,COc1ccc(C(CN(C)C)C2(O)CCCCC2)cc1,5.0,half_life_obach,TDC
CHEMBL895,Oc1ccc2c3c1O[C@H]1[C@@H](O)CC[C@@]4(O)[C@@H](C2)N(CC2CCC2)CC[C@]314,3.7,half_life_obach,TDC
CHEMBL468,O=C1CCC(N2C(=O)c3ccccc3C2=O)C(=O)N1,4.7,half_life_obach,TDC
CHEMBL185073,CC(=O)O[C@H]1C[C@@H]2CC[C@@H]3[C@H](CC[C@@]4(C)[C@H]3C[C@H]([N+]3(C)CCCCC3)[C@@H]4OC(C)=O)[C@@]2(C)C[C@@H]1[N+]1(C)CCCCC1,1.9,half_life_obach,TDC
CHEMBL113,Cn1c(=O)c2c(ncn2C)n(C)c1=O,4.9,half_life_obach,TDC
CHEMBL36633,NC(=O)CN1CC(O)CC1=O,7.5,half_life_obach,TDC
CHEMBL33,C[C@H]1COc2c(N3CCN(C)CC3)c(F)cc3c(=O)c(C(=O)O)cn1c23,8.8,half_life_obach,TDC
CHEMBL1614636,C[C@@H]1CC2=CC(=O)CC[C@]2(C)[C@H]2CC[C@]3(C)[C@@H](O)CC[C@H]3[C@@]21C,0.65,half_life_obach,TDC
CHEMBL506,COc1cc(NC(C)CCCN)c2ncccc2c1,7.1,half_life_obach,TDC
CHEMBL649,CC(C)(C)NCC(O)COc1cccc2c1C[C@H](O)[C@H](O)C2,9.2,half_life_obach,TDC
CHEMBL503,CC[C@H](C)C(=O)O[C@H]1C[C@@H](C)C=C2C=C[C@H](C)[C@H](CC[C@@H]3C[C@@H](O)CC(=O)O3)[C@H]21,1.4,half_life_obach,TDC
CHEMBL3991199,C[C@@](O)(/C=C/[C@@H]1CC=CC(=O)O1)[C@@H](C[C@@H](O)/C=C\C=C/C=C/CO)OP(=O)(O)O,1.5,half_life_obach,TDC
CHEMBL3183075,CNC(=C[N+](=O)[O-])NCCSCc1csc(CN(C)C)n1,1.5,half_life_obach,TDC
CHEMBL1614658,NC(=O)OC[C@@H]1[C@H](NC(=O)/C(=N\OCC(=O)O)c2csc(N)n2)C(=O)N1S(=O)(=O)O,1.6,half_life_obach,TDC
CHEMBL1214,CC1(C)S[C@@H]2[C@H](NC(=O)C(C(=O)O)c3ccccc3)C(=O)N2[C@H]1C(=O)O,1.1,half_life_obach,TDC
CHEMBL1521,CCN(C(C)=O)c1cccc(-c2ccnc3c(C#N)cnn23)c1,1.1,half_life_obach,TDC
CHEMBL444929,CC(C)[C@@H](CC[C@@H](C)[C@H]1CC[C@H]2[C@H]3[C@H](CC[C@@]21C)[C@@]1(C)CC[C@H](NCCCNCCCCN)C[C@@H]1C[C@H]3O)OS(=O)(=O)O,9.5,half_life_obach,TDC
CHEMBL22,COc1cc(Cc2cnc(N)nc2N)cc(OC)c1OC,9.6,half_life_obach,TDC
CHEMBL1086218,C/C=C/C[C@@H](C)C(=O)[C@H]1C(=O)N[C@@H](C(C)C)C(=O)N(C)CC(=O)N(C)[C@@H](CC(C)C)C(=O)N[C@@H](C(C)C)C(=O)N(C)[C@@H](CC(C)C)C(=O)N[C@@H](C)C(=O)N[C@H](C)C(=O)N(C)[C@@H](CC(C)C)C(=O)N(C)[C@@H](CC(C)C)C(=O)N(C)[C@@H](C(C)C)C(=O)N1C,10.0,half_life_obach,TDC
CHEMBL3545252,CC(=O)O[C@@]12CO[C@@H]1C[C@H](O)[C@@]1(C)C(=O)[C@H](O)C3=C(C)[C@@H](OC(=O)[C@H](O)[C@@H](NC(=O)OC(C)(C)C)c4ccccc4)C[C@@](O)([C@@H](OC(=O)c4ccccc4)[C@@H]12)C3(C)C.O.O.O,11.0,half_life_obach,TDC
CHEMBL76370,CCCCCNC(=N)N/N=C/c1c[nH]c2ccc(OC)cc12,11.0,half_life_obach,TDC
CHEMBL277474,Cc1cc(=O)n(-c2ccccc2)n1C,12.0,half_life_obach,TDC
CHEMBL652,O=C(NCC1CCCCN1)c1cc(OCC(F)(F)F)ccc1OCC(F)(F)F,12.0,half_life_obach,TDC
CHEMBL98,O=C(CCCCCCC(=O)Nc1ccccc1)NO,0.76,half_life_obach,TDC
CHEMBL1201195,CO[C@@]1(NC(=O)CSCC#N)C(=O)N2C(C(=O)O)=C(CSc3nnnn3C)CS[C@@H]21,1.5,half_life_obach,TDC
CHEMBL339323,CC(=N)N1CC[C@H](SC2=C(C(=O)O)N3C(=O)[C@H]([C@@H](C)O)[C@H]3C2)C1,0.96,half_life_obach,TDC
CHEMBL972,C#CCN(C)[C@H](C)Cc1ccccc1,1.3,half_life_obach,TDC
CHEMBL796,COC(=O)C(c1ccccc1)C1CCCCN1,4.8,half_life_obach,TDC
CHEMBL1614659,COc1cc(CC(=O)NCC(=O)N(CCC(=O)O)Cc2ccc(CO)c(CO)c2)ccc1NC(=O)Nc1ccccc1C,1.6,half_life_obach,TDC
CHEMBL34259,CN(Cc1cnc2nc(N)nc(N)c2n1)c1ccc(C(=O)N[C@@H](CCC(=O)O)C(=O)O)cc1,3.9,half_life_obach,TDC
CHEMBL450449,COc1cc2c(cc1O)CCN[C@]21CS[C@@H]2c3c(OC(C)=O)c(C)c4c(c3[C@H](COC1=O)N1[C@@H](O)[C@@H]3Cc5cc(C)c(OC)c(O)c5[C@H]([C@H]21)N3C)OCO4,44.0,half_life_obach,TDC
CHEMBL523,O=C1CN=C(c2ccccc2)c2cc(Cl)ccc2N1,46.0,half_life_obach,TDC
CHEMBL1764,COc1ccc2c(c1)N(C[C@H](C)CN(C)C)c1ccccc1S2,30.0,half_life_obach,TDC
CHEMBL376140,CN(C)c1cc(NC(=O)CNC(C)(C)C)c(O)c2c1C[C@H]1C[C@H]3[C@H](N(C)C)C(O)=C(C(N)=O)C(=O)[C@@]3(O)C(O)=C1C2=O,48.0,half_life_obach,TDC
CHEMBL265502,Cc1ccc(C(=O)Nc2ccc(S(=O)(=O)O)c3cc(S(=O)(=O)O)cc(S(=O)(=O)O)c23)cc1NC(=O)c1cccc(NC(=O)Nc2cccc(C(=O)Nc3cc(C(=O)Nc4ccc(S(=O)(=O)O)c5cc(S(=O)(=O)O)cc(S(=O)(=O)O)c45)ccc3C)c2)c1,1200.0,half_life_obach,TDC
CHEMBL109,CCCC(CCC)C(=O)O,12.0,half_life_obach,TDC
CHEMBL553025,CCC1=C[C@@H]2CN(C1)Cc1c([nH]c3ccccc13)[C@@](C(=O)OC)(c1cc3c(cc1OC)N(C)[C@H]1[C@@](O)(C(=O)OC)[C@H](OC(C)=O)[C@]4(CC)C=CCN5CC[C@]31[C@@H]54)C2,18.0,half_life_obach,TDC
CHEMBL1230227,C[C@@H]1O[C@@H](O[C@H]2[C@@H](O)C[C@H](O[C@H]3C[C@](O)(C(=O)CO)Cc4c(O)c5c(c(O)c43)C(=O)c3ccccc3C5=O)O[C@H]2C)C[C@H](N)[C@@H]1O,21.0,half_life_obach,TDC
CHEMBL83063,CC(NCCc1ccc(O)cc1)C(O)c1ccc(O)cc1,2.6,half_life_obach,TDC
CHEMBL106,OC(Cn1cncn1)(Cn1cncn1)c1ccc(F)cc1F,30.0,half_life_obach,TDC
CHEMBL1096237,COC(=O)O[C@@]12CO[C@@H]1C[C@H](O)[C@@]1(C)C(=O)[C@H](OC(C)=O)C3=C(C)[C@@H](OC(=O)[C@H](O)[C@@H](NC(=O)c4ccccc4)c4ccccc4)C[C@@](O)([C@@H](OC(=O)c4ccccc4)[C@@H]12)C3(C)C,31.0,half_life_obach,TDC
CHEMBL1541,C=CC1=C(C(=O)O)N2C(=O)[C@@H](NC(=O)/C(=N\OCC(=O)O)c3csc(N)n3)[C@H]2SC1,3.2,half_life_obach,TDC
CHEMBL1572,CCN[C@@H]1C[C@H](N)[C@@H](O[C@H]2OC(CN)=CC[C@H]2N)[C@H](O)[C@H]1O[C@H]1OC[C@](C)(O)[C@H](NC)[C@H]1O,3.2,half_life_obach,TDC
CHEMBL820,CS(=O)(=O)OCCCCOS(C)(=O)=O,3.4,half_life_obach,TDC
CHEMBL3707182,C=C[C@@]1(O)C[N+]2(C)CC[C@H]1C[C@@H]2[C@@H](O)c1ccnc2ccc(OC)cc12,6.7,half_life_obach,TDC
CHEMBL1614648,C#C[C@]1(O)CC[C@H]2[C@@H]3CCc4cc(OS(=O)(=O)O)ccc4[C@H]3CC[C@@]21C,8.4,half_life_obach,TDC
CHEMBL657,CN(C)CCOC(c1ccccc1)c1ccccc1,9.3,half_life_obach,TDC
CHEMBL1614647,C#C[C@]1(OS(=O)(=O)O)CC[C@H]2[C@@H]3CCc4cc(O)ccc4[C@H]3CC[C@@]21C,9.3,half_life_obach,TDC
CHEMBL898,O=C(O)c1cc(-c2ccc(F)cc2F)ccc1O,10.0,half_life_obach,TDC
CHEMBL1027,Cc1ccsc1C(=CCCN1CCC[C@@H](C(=O)O)C1)c1sccc1C,10.0,half_life_obach,TDC
CHEMBL1726,COC(=O)C1=C(C)NC(C)=C(C(=O)OCC(C)C)C1c1ccccc1[N+](=O)[O-],11.0,half_life_obach,TDC
CHEMBL170,C=C[C@H]1CN2CC[C@H]1C[C@H]2[C@H](O)c1ccnc2ccc(OC)cc12,11.0,half_life_obach,TDC
CHEMBL343448,C/C=C1\NC(=O)[C@H]2CSSCC/C=C/[C@H](CC(=O)N[C@H](C(C)C)C(=O)N2)OC(=O)[C@H](C(C)C)NC1=O,11.0,half_life_obach,TDC
CHEMBL924,O=P(O)(O)C(O)(Cn1ccnc1)P(=O)(O)O,11.0,half_life_obach,TDC
CHEMBL560976,NC[C@@H]1CC[C@@H](N)[C@@H](O[C@@H]2[C@@H](N)C[C@@H](N)[C@H](O[C@H]3O[C@H](CO)[C@@H](O)[C@H](N)[C@H]3O)[C@H]2O)O1,2.4,half_life_obach,TDC
CHEMBL1079,Clc1ccc2nsnc2c1NC1=NCCN1,2.4,half_life_obach,TDC
CHEMBL615,CC1(C)S[C@@H]2[C@H](NC(=O)COc3ccccc3)C(=O)N2[C@H]1C(=O)O,0.84,half_life_obach,TDC
CHEMBL2103764,CO/N=C(\C(=O)N[C@@H]1C(=O)N2C(C(=O)O)=C(C)CS[C@H]12)c1csc(N)n1,2.1,half_life_obach,TDC
CHEMBL64360,Cc1cc(-n2cccc2)c(S(C)(=O)=O)cc1C(=O)N=C(N)N,2.2,half_life_obach,TDC
CHEMBL905,CN(C)CCc1c[nH]c2ccc(Cn3cncn3)cc12,2.2,half_life_obach,TDC
CHEMBL1739,COc1ccc2cc1Oc1cc3c(cc1OC)CC[N+](C)(C)[C@H]3Cc1ccc(cc1)Oc1c(OC)c(OC)cc3c1[C@@H](C2)[N+](C)(C)CC3.[I-].[I-],5.1,half_life_obach,TDC
CHEMBL1751,C[C@H]1O[C@@H](O[C@H]2[C@@H](O)C[C@H](O[C@H]3[C@@H](O)C[C@H](O[C@H]4CC[C@]5(C)[C@H]6C[C@@H](O)[C@]7(C)[C@@H](C8=CC(=O)OC8)CC[C@]7(O)[C@@H]6CC[C@@H]5C4)O[C@@H]3C)O[C@@H]2C)C[C@H](O)[C@@H]1O,38.0,half_life_obach,TDC
CHEMBL123558,CN1CCN(CCCCN2C(=O)CN(/N=C/c3ccc(-c4ccc(Cl)cc4)o3)C2=O)CC1,79.0,half_life_obach,TDC
CHEMBL991,Cc1cn([C@H]2C=C[C@@H](CO)O2)c(=O)[nH]c1=O,1.4,half_life_obach,TDC
CHEMBL632,C[C@H]1C[C@H]2[C@@H]3CCC4=CC(=O)C=C[C@]4(C)[C@@]3(F)[C@@H](O)C[C@]2(C)[C@@]1(O)C(=O)CO,5.6,half_life_obach,TDC
CHEMBL1431,CN(C)C(=N)NC(=N)N,1.7,half_life_obach,TDC
CHEMBL1189679,O=C1c2cccc3c2[C@H](CCC3)CN1[C@@H]1CN2CCC1CC2,39.0,half_life_obach,TDC
CHEMBL465026,CN1CCOC(c2ccccc2)c2ccccc2C1,5.0,half_life_obach,TDC
CHEMBL139,O=C(O)Cc1ccccc1Nc1c(Cl)cccc1Cl,1.4,half_life_obach,TDC
CHEMBL539216,CS(=O)(=O)N(CCO)c1c(Cl)c(Cl)cc2[nH]c(=O)c(=O)[nH]c12,1.4,half_life_obach,TDC
CHEMBL18116,Cc1cccc(N2CC(CO)OC2=O)c1,1.6,half_life_obach,TDC
CHEMBL65794,CO/N=C(\C(=O)N[C@@H]1C(=O)N2C(C(=O)[O-])=C(C[n+]3cccc4c3CCC4)CS[C@H]12)c1csc(N)n1,1.7,half_life_obach,TDC
CHEMBL186,CO/N=C(\C(=O)N[C@@H]1C(=O)N2C(C(=O)[O-])=C(C[N+]3(C)CCCC3)CS[C@H]12)c1csc(N)n1,1.9,half_life_obach,TDC
CHEMBL1311,O=[N+]([O-])O[C@@H]1CO[C@@H]2[C@@H](O)CO[C@H]12,1.9,half_life_obach,TDC
CHEMBL12856,Nc1cc(-c2ccncc2)c[nH]c1=O,2.0,half_life_obach,TDC
CHEMBL916,CCCCS(=O)(=O)N[C@@H](Cc1ccc(OCCCCC2CCNCC2)cc1)C(=O)O,1.6,half_life_obach,TDC
CHEMBL1502,COc1ccnc(C[S+]([O-])c2nc3cc(OC(F)F)ccc3[nH]2)c1OC,1.9,half_life_obach,TDC
CHEMBL1330,CN1CC[C@]23c4c5ccc(O)c4O[C@H]2[C@@H](O[C@@H]2O[C@H](C(=O)O)[C@@H](O)[C@H](O)[C@H]2O)C=C[C@H]3[C@H]1C5,1.4,half_life_obach,TDC
CHEMBL221572,NC[C@H]1O[C@H](O[C@@H]2[C@@H](N)C[C@@H](N)[C@H](O)[C@H]2O[C@@H]2O[C@H](CO)[C@@H](O)[C@H]2O)[C@H](N)[C@@H](O)[C@@H]1O,2.5,half_life_obach,TDC
CHEMBL452,O=C1CN=C(c2ccccc2Cl)c2cc([N+](=O)[O-])ccc2N1,38.0,half_life_obach,TDC
CHEMBL1738,C[C@@H](CN1CC(=O)NC(=O)C1)N1CC(=O)NC(=O)C1,2.5,half_life_obach,TDC
CHEMBL207197,NCCCC[C@H](NC(=O)[C@@H](Cc1cc(Br)c(O)c(Br)c1)NC(=O)N1CCC(N2Cc3ccccc3NC2=O)CC1)C(=O)N1CCN(c2ccncc2)CC1,2.5,half_life_obach,TDC
CHEMBL1180293,C=CC[N+]12CC[C@@]34c5ccccc5N5/C=C6/[C@H]7C[C@H]8[C@@]9(CC[N@@+]8(CC=C)C/C7=C/CO)c7ccccc7N(/C=C(/[C@@H](C[C@@H]31)/C(=C\CO)C2)[C@H]54)[C@@H]69,3.6,half_life_obach,TDC
CHEMBL17350,C[C@@H]([C@@H](O)c1ccc(O)cc1)N1CCC(O)(c2ccccc2)CC1,3.7,half_life_obach,TDC
CHEMBL2303613,CO/N=C(\C(=O)N[C@@H]1C(=O)N2C(C(=O)O)=C(CSc3nc(C)c(CC(=O)O)s3)CS[C@H]12)c1csc(N)n1,4.2,half_life_obach,TDC
CHEMBL10316,c1ccc2c(c1)OCC(C1=NCCN1)O2,4.2,half_life_obach,TDC
CHEMBL1614654,CCOC(=O)[C@]1(c2ccccc2)CCC=C[C@H]1NC,4.4,half_life_obach,TDC
CHEMBL119625,O=C(O)Cn1c(=O)c(=O)[nH]c2cc([N+](=O)[O-])c(-n3ccnc3)cc21,0.78,half_life_obach,TDC
CHEMBL996,CO[C@@]1(NC(=O)Cc2cccs2)C(=O)N2C(C(=O)O)=C(COC(N)=O)CS[C@@H]21,0.81,half_life_obach,TDC
CHEMBL893,Cc1onc(-c2c(Cl)cccc2Cl)c1C(=O)N[C@@H]1C(=O)N2[C@@H](C(=O)O)C(C)(C)S[C@H]12,0.88,half_life_obach,TDC
CHEMBL422037,CN(C)/N=N/c1ccc(C(=O)O)cc1,2.5,half_life_obach,TDC
CHEMBL35,NS(=O)(=O)c1cc(C(=O)O)c(NCc2ccco2)cc1Cl,2.5,half_life_obach,TDC
CHEMBL64,NNC(=O)c1ccncc1,1.0,half_life_obach,TDC
CHEMBL1082,CC1(C)S[C@@H]2[C@H](NC(=O)[C@H](N)c3ccc(O)cc3)C(=O)N2[C@H]1C(=O)O,1.1,half_life_obach,TDC
CHEMBL188921,COc1cc(OC)c(C(=O)CCCN2CCCC2)c(OC)c1,3.3,half_life_obach,TDC
CHEMBL520642,Nc1nc(/C(=N/O)C(=O)N[C@@H]2C(=O)N3C(C(=O)O)=C(/C=C4\CCN([C@@H]5CCNC5)C4=O)CS[C@H]23)ns1,3.3,half_life_obach,TDC
CHEMBL1537,CC1(C)S[C@@H]2[C@H](NC(=O)[C@H](NC(=O)N3CCNC3=O)c3ccccc3)C(=O)N2[C@H]1C(=O)O,1.2,half_life_obach,TDC
CHEMBL285347,C[C@@H](O)[C@H]1C(=O)N2C(C(=O)[O-])=C(SC3Cn4cnc[n+]4C3)[C@H](C)[C@H]12,1.1,half_life_obach,TDC
CHEMBL27193,C[C@H](CCc1ccccc1)NC[C@H](O)c1ccc(O)c(C(N)=O)c1,3.3,half_life_obach,TDC
CHEMBL1741,CC[C@H]1OC(=O)[C@H](C)[C@@H](O[C@H]2C[C@@](C)(OC)[C@@H](O)[C@H](C)O2)[C@H](C)[C@@H](O[C@@H]2O[C@H](C)C[C@H](N(C)C)[C@H]2O)[C@](C)(OC)C[C@@H](C)C(=O)[C@H](C)[C@@H](O)[C@]1(C)O,2.8,half_life_obach,TDC
CHEMBL210952,CC(=O)[C@H]1CC[C@H]2[C@@H]3CC[C@@H]4C[C@H](O)CC[C@]4(C)[C@H]3CC[C@]12C,4.7,half_life_obach,TDC
CHEMBL44657,COc1cc([C@@H]2c3cc4c(cc3[C@@H](O[C@@H]3O[C@@H]5CO[C@@H](C)O[C@H]5[C@H](O)[C@H]3O)[C@H]3COC(=O)[C@H]23)OCO4)cc(OC)c1O,5.7,half_life_obach,TDC
CHEMBL681,CCOC(=O)c1cncn1[C@H](C)c1ccccc1,3.5,half_life_obach,TDC
CHEMBL650,C[C@H]1C[C@H]2[C@@H]3CC[C@](O)(C(=O)CO)[C@@]3(C)C[C@H](O)[C@@H]2[C@@]2(C)C=CC(=O)C=C12,2.3,half_life_obach,TDC
CHEMBL1725,COCC(=O)Nc1c(I)c(C(=O)NCC(O)CO)c(I)c(C(=O)N(C)CC(O)CO)c1I,2.6,half_life_obach,TDC
CHEMBL133266,CC(C)(C)[C@]1(O)CC2OC(=O)CC23C(=O)OC2OC(=O)[C@H](O)C231,3.2,half_life_obach,TDC
CHEMBL600,CC(=O)N[C@@H](CS)C(=O)O,5.5,half_life_obach,TDC
CHEMBL22242,CCN1CCC[C@H]1CNC(=O)c1c(OC)ccc(Br)c1OC,5.5,half_life_obach,TDC
CHEMBL1237044,COc1cccc(C2(O)CCCCC2CN(C)C)c1,5.8,half_life_obach,TDC
CHEMBL911,Cc1ccc(-c2nc3ccc(C)cn3c2CC(=O)N(C)C)cc1,1.7,half_life_obach,TDC
CHEMBL1201220,CC(=O)Nc1c(I)c(NC(C)=O)c(I)c(C(=O)O)c1I,1.8,half_life_obach,TDC
CHEMBL70,CN1CC[C@]23c4c5ccc(O)c4O[C@H]2[C@@H](O)C=C[C@H]3[C@H]1C5,2.0,half_life_obach,TDC
CHEMBL47072,CCC(=O)C1(c2cccc(O)c2)CCN(C)CC1,2.3,half_life_obach,TDC
CHEMBL714,CC(C)(C)NCC(O)c1ccc(O)c(CO)c1,2.4,half_life_obach,TDC
CHEMBL107,COc1cc2c(c(OC)c1OC)-c1ccc(OC)c(=O)cc1[C@@H](NC(C)=O)CC2,58.0,half_life_obach,TDC
CHEMBL302795,CN1C(C(=O)Nc2ccccn2)=C(O)c2sccc2S1(=O)=O,67.0,half_life_obach,TDC
CHEMBL485,COc1ccc2c3c1O[C@H]1[C@@H](O)C=C[C@H]4[C@@H](C2)N(C)CC[C@]314,4.0,half_life_obach,TDC
CHEMBL129,Cc1cn([C@H]2C[C@H](N=[N+]=[N-])[C@@H](CO)O2)c(=O)[nH]c1=O,1.3,half_life_obach,TDC
CHEMBL389621,C[C@]12C[C@H](O)[C@H]3[C@@H](CCC4=CC(=O)CC[C@@]43C)[C@@H]1CC[C@]2(O)C(=O)CO,1.6,half_life_obach,TDC
CHEMBL188185,CCCC(=O)N1CCCN(c2nc(N)c3cc(OC)c(OC)cc3n2)CC1,2.0,half_life_obach,TDC
CHEMBL607,CCOC(=O)C1(c2ccccc2)CCN(C)CC1,7.9,half_life_obach,TDC
CHEMBL853,Nc1ccn([C@H]2CC[C@@H](CO)O2)c(=O)n1,1.2,half_life_obach,TDC
CHEMBL189,Cc1[nH]c(=O)c(C#N)cc1-c1ccncc1,0.8,half_life_obach,TDC
CHEMBL306713,C[C@@H](O)[C@H]1C(=O)N2C(C(=O)O)=C(SCCOC(N)=O)S[C@H]12,0.8,half_life_obach,TDC
CHEMBL1518,CCCc1cc(=O)[nH]c(=S)[nH]1,1.3,half_life_obach,TDC
CHEMBL279516,O=C(NC1CCN(CCc2c[nH]c3ccccc23)CC1)c1ccccc1,4.3,half_life_obach,TDC
CHEMBL709,COc1cc2nc(N(C)CCCNC(=O)C3CCCO3)nc(N)c2cc1OC,4.8,half_life_obach,TDC
CHEMBL567,OCCN1CCN(CCCN2c3ccccc3Sc3ccc(Cl)cc32)CC1,9.4,half_life_obach,TDC
CHEMBL564,CN(C)CCCN1c2ccccc2Sc2ccccc21,7.9,half_life_obach,TDC
CHEMBL3,CN1CCC[C@H]1c1cccnc1,2.0,half_life_obach,TDC
CHEMBL481,CCc1c2c(nc3ccc(OC(=O)N4CCC(N5CCCCC5)CC4)cc13)-c1cc3c(c(=O)n1C2)COC(=O)[C@]3(O)CC,9.0,half_life_obach,TDC
CHEMBL1220,CCS(=O)(=O)CCn1c([N+](=O)[O-])cnc1C,13.0,half_life_obach,TDC
CHEMBL576127,O=C1NCC2(CCN(CCc3ccccc3)CC2)O1,14.0,half_life_obach,TDC
CHEMBL599,Cc1cnc(NC(=O)C2=C(O)c3ccccc3S(=O)(=O)N2C)s1,18.0,half_life_obach,TDC
CHEMBL277062,O=C1CN=C(c2ccccn2)c2cc(Br)ccc2N1,21.0,half_life_obach,TDC
CHEMBL941,Cc1ccc(NC(=O)c2ccc(CN3CCN(C)CC3)cc2)cc1Nc1nccc(-c2cccnc2)n1,22.0,half_life_obach,TDC
CHEMBL644,CC(CN(C)C)CN1c2ccccc2CCc2ccccc21,23.0,half_life_obach,TDC
CHEMBL415,CN(C)CCCN1c2ccccc2CCc2ccc(Cl)cc21,26.0,half_life_obach,TDC
CHEMBL416146,Cc1ccc(-c2ncc(Cl)cc2-c2ccc(S(C)(=O)=O)cc2)cn1,26.0,half_life_obach,TDC
CHEMBL282686,CCO[C@@H](Cc1ccc(OCCc2ccc(OS(C)(=O)=O)cc2)cc1)C(=O)O,45.0,half_life_obach,TDC
CHEMBL114,CC(C)(C)NC(=O)[C@@H]1C[C@@H]2CCCC[C@@H]2CN1C[C@@H](O)[C@H](Cc1ccccc1)NC(=O)[C@H](CC(N)=O)NC(=O)c1ccc2ccccc2n1,13.0,half_life_obach,TDC
CHEMBL1201182,CO[C@H]1C[C@@H]2CC[C@@H](C)[C@@](O)(O2)C(=O)C(=O)N2CCCC[C@H]2C(=O)O[C@H]([C@H](C)C[C@@H]2CC[C@@H](OC(=O)C(C)(CO)CO)[C@H](OC)C2)CC(=O)[C@H](C)/C=C(\C)[C@@H](O)[C@@H](OC)C(=O)[C@H](C)C[C@H](C)/C=C/C=C/C=C/1C,18.0,half_life_obach,TDC
CHEMBL363295,CC(CC(c1ccccc1)c1ccccc1)NC(C)(C)C,56.0,half_life_obach,TDC
CHEMBL2092739,CCC1CN2CCC1CC2[C@@H](O)c1ccnc2ccc(OC)cc12,5.7,half_life_obach,TDC
CHEMBL222645,Cc1onc(-c2c(F)cccc2Cl)c1C(=O)N[C@@H]1C(=O)N2[C@@H](C(=O)O)C(C)(C)S[C@H]12,1.4,half_life_obach,TDC
CHEMBL1477,COCc1c(C(C)C)nc(C(C)C)c(/C=C/[C@@H](O)C[C@@H](O)CC(=O)O)c1-c1ccc(F)cc1,1.8,half_life_obach,TDC
CHEMBL467,NC(=O)NO,3.4,half_life_obach,TDC
CHEMBL152067,CC(C)(C)NCC(O)COc1ccc(NC(=O)NC2CCCCC2)cc1,11.0,half_life_obach,TDC
CHEMBL661,Cc1nnc2n1-c1ccc(Cl)cc1C(c1ccccc1)=NC2,12.0,half_life_obach,TDC
CHEMBL51,O=C(c1ccc(F)cc1)C1CCN(CCn2c(=O)[nH]c3ccccc3c2=O)CC1,12.0,half_life_obach,TDC
CHEMBL53,CN1CCc2cccc3c2[C@H]1Cc1ccc(O)c(O)c1-3,0.68,half_life_obach,TDC
CHEMBL29,CC1(C)S[C@@H]2[C@H](NC(=O)Cc3ccccc3)C(=O)N2[C@H]1C(=O)O,0.7,half_life_obach,TDC
CHEMBL389847,C[C@@H](O)[C@H]1C(=O)N2C(C(=O)O)=C(S[C@H]3C[C@@H](C(=O)N4CC[C@H](NC(=O)CNC(=N)N)C4)N(C)C3)[C@H](C)[C@H]12,1.7,half_life_obach,TDC
CHEMBL507674,CCN1CCN(C(=O)N[C@@H](C(=O)N[C@@H]2C(=O)N3C(C(=O)O)=C(CSc4nnnn4C)CS[C@H]23)c2ccc(O)cc2)C(=O)C1=O,1.8,half_life_obach,TDC
CHEMBL24646,COc1ccc(-c2nc3cc(C4=NNC(=O)CC4C)ccc3[nH]2)cc1,1.8,half_life_obach,TDC
CHEMBL1727,CC1=C(C(=O)O)N2C(=O)[C@@H](NC(=O)[C@H](N)c3ccccc3)[C@H]2SC1,0.57,half_life_obach,TDC
CHEMBL494,CC#CCC(C)[C@H](O)/C=C/[C@@H]1[C@H]2C/C(=C/CCCC(=O)O)C[C@H]2C[C@H]1O,0.57,half_life_obach,TDC
CHEMBL148,C[C@@H](O)[C@H]1C(=O)N2C(C(=O)O)=C(SCCNC=N)C[C@H]12,0.95,half_life_obach,TDC
CHEMBL221886,CN[C@@H]1[C@@H](O)[C@@H](O[C@@H]2[C@@H](O)[C@H](O[C@H]3OC(CN)=CC[C@H]3N)[C@@H](N)C[C@H]2N)OC[C@]1(C)O,2.4,half_life_obach,TDC
CHEMBL152,Nc1ccn(C[C@@H](CO)OCP(=O)(O)O)c(=O)n1,2.6,half_life_obach,TDC
CHEMBL264241,CCCCCOc1ccc(-c2ccc(-c3ccc(C(=O)N[C@H]4C[C@@H](O)[C@@H](O)NC(=O)[C@@H]5[C@@H](O)[C@@H](C)CN5C(=O)[C@H]([C@@H](C)O)NC(=O)[C@H]([C@H](O)[C@@H](O)c5ccc(O)cc5)NC(=O)[C@@H]5C[C@@H](O)CN5C(=O)[C@H]([C@@H](C)O)NC4=O)cc3)cc2)cc1,40.0,half_life_obach,TDC
CHEMBL1450,O=C1C(O)=C([C@H]2CC[C@H](c3ccc(Cl)cc3)CC2)C(=O)c2ccccc21,63.0,half_life_obach,TDC
CHEMBL1201046,NCc1ccccc1CC(=O)N[C@@H]1C(=O)N2C(C(=O)O)=C(CSc3nnnn3CC(=O)O)CS[C@H]12,3.0,half_life_obach,TDC
CHEMBL376685,N=C(N)NCCC[C@H](NC(=O)[C@@H]1CCCN1C(=O)[C@@H]1CSSCCC(=O)N[C@@H](Cc2ccc(O)cc2)C(=O)N[C@@H](Cc2ccccc2)C(=O)N[C@@H](CCC(N)=O)C(=O)N[C@@H](CC(N)=O)C(=O)N1)C(=O)NCC(N)=O,3.0,half_life_obach,TDC
CHEMBL708,O=C1Cc2cc(CCN3CCN(c4nsc5ccccc45)CC3)c(Cl)cc2N1,3.1,half_life_obach,TDC
CHEMBL273575,CN1Cc2c(N)cccc2C(c2ccccc2)C1,6.5,half_life_obach,TDC
CHEMBL1278,CNS(=O)(=O)CCc1ccc2[nH]cc(C3CCN(C)CC3)c2c1,6.6,half_life_obach,TDC
CHEMBL1294,C=C[C@H]1CN2CC[C@H]1C[C@@H]2[C@@H](O)c1ccnc2ccc(OC)cc12,6.6,half_life_obach,TDC
CHEMBL274070,CC[C@@]1(O)C(=O)OCc2c1cc1n(c2=O)Cc2cc3c(N)cccc3nc2-1,7.0,half_life_obach,TDC
CHEMBL177,NCC[C@H](O)C(=O)N[C@@H]1C[C@H](N)[C@@H](O[C@H]2O[C@H](CN)[C@@H](O)[C@H](O)[C@H]2O)[C@H](O)[C@H]1O[C@H]1O[C@H](CO)[C@@H](O)[C@H](N)[C@H]1O,2.4,half_life_obach,TDC
CHEMBL1515,Cn1cc[nH]c1=S,2.4,half_life_obach,TDC
CHEMBL112,CC(=O)Nc1ccc(O)cc1,2.5,half_life_obach,TDC
CHEMBL428,N[C@H]1[C@@H]2CN(c3nc4c(cc3F)c(=O)c(C(=O)O)cn4-c3ccc(F)cc3F)C[C@H]12,11.0,half_life_obach,TDC
CHEMBL500,CC(C)NCC(O)COc1cccc2[nH]ccc12,2.2,half_life_obach,TDC
CHEMBL451,CNC1=Nc2ccc(Cl)cc2C(c2ccccc2)=[N+]([O-])C1,8.3,half_life_obach,TDC
CHEMBL443,Cc1cc(NS(=O)(=O)c2ccc(N)cc2)no1,9.8,half_life_obach,TDC
CHEMBL645,CC(C)NCC(O)COc1ccc(COCCOC(C)C)cc1,10.0,half_life_obach,TDC
CHEMBL1213583,C#C[C@]1(O)C=C[C@H]2[C@@H]3CCC4=CC(=O)CC[C@@H]4[C@H]3CC[C@@]21CC,10.0,half_life_obach,TDC
CHEMBL279229,COc1ccccc1N1CCN(CCCNc2cc(=O)n(C)c(=O)n2C)CC1,3.5,half_life_obach,TDC
CHEMBL1185,CN(C)CCc1c[nH]c2ccc(C[C@H]3COC(=O)N3)cc12,3.6,half_life_obach,TDC
CHEMBL1359,C[C@@H](O)[C@H]1C(=O)N2C(C(=O)O)=C(S[C@@H]3CN[C@H](C(=O)Nc4cccc(C(=O)O)c4)C3)[C@H](C)[C@H]12,3.8,half_life_obach,TDC
CHEMBL43,COc1cc(NS(C)(=O)=O)ccc1Nc1c2ccccc2nc2ccccc12,4.7,half_life_obach,TDC
CHEMBL1382,Cc1ccc(O)c([C@H](CCN(C(C)C)C(C)C)c2ccccc2)c1,2.4,half_life_obach,TDC
CHEMBL1186579,C[N+]1(CC2CC2)CC[C@]23c4c5ccc(O)c4O[C@H]2C(=O)CC[C@@]3(O)[C@H]1C5,2.5,half_life_obach,TDC
CHEMBL131,C[C@]12C[C@H](O)[C@H]3[C@@H](CCC4=CC(=O)C=C[C@@]43C)[C@@H]1CC[C@]2(O)C(=O)CO,3.4,half_life_obach,TDC
CHEMBL956,CC(C(=O)O)c1ccc(C(=O)c2cccs2)cc1,2.1,half_life_obach,TDC
CHEMBL1069,CCCCC(=O)N(Cc1ccc(-c2ccccc2-c2nnn[nH]2)cc1)[C@H](C(=O)O)C(C)C,9.5,half_life_obach,TDC
CHEMBL315838,COc1ccc(C(=O)Nc2ccccc2CCC2CCCCN2C)cc1,2.6,half_life_obach,TDC
CHEMBL1648,COC(=O)C1=C(C)NC(C)=C(C(=O)OC(C)C)C1c1cccc2nonc12,3.3,half_life_obach,TDC
CHEMBL1009,N[C@@H](Cc1ccc(O)c(O)c1)C(=O)O,1.3,half_life_obach,TDC
CHEMBL23,COc1ccc([C@@H]2Sc3ccccc3N(CCN(C)C)C(=O)[C@@H]2OC(C)=O)cc1,5.6,half_life_obach,TDC
CHEMBL483,C[C@H](Cn1cnc2c(N)ncnc21)OCP(=O)(O)O,5.8,half_life_obach,TDC
CHEMBL2,COc1cc2nc(N3CCN(C(=O)c4ccco4)CC3)nc(N)c2cc1OC,2.0,half_life_obach,TDC
CHEMBL1491,CCOC(=O)C1=C(COCCN)NC(C)=C(C(=O)OC)C1c1ccccc1Cl,34.0,half_life_obach,TDC
CHEMBL238071,CC[C@]1(O)C[C@@H]2CN(CCc3c([nH]c4ccccc34)[C@@](C(=O)OC)(c3cc4c(cc3OC)N(C)[C@H]3[C@@](O)(C(N)=O)[C@H](O)[C@]5(CC)C=CCN6CC[C@]43[C@@H]65)C2)C1,35.0,half_life_obach,TDC
CHEMBL384467,C[C@@H]1C[C@H]2[C@@H]3CCC4=CC(=O)C=C[C@]4(C)[C@@]3(F)[C@@H](O)C[C@]2(C)[C@@]1(O)C(=O)CO,3.7,half_life_obach,TDC
CHEMBL1187846,CN1[C@H]2C[C@H](OC(=O)[C@H](CO)c3ccccc3)C[C@@H]1[C@@H]1O[C@H]12,4.5,half_life_obach,TDC
CHEMBL1736,CC(=O)Nc1c(I)c(C(=O)O)c(I)c(N(C)C(C)=O)c1I,1.3,half_life_obach,TDC
CHEMBL1237123,COc1cc(CC2c3c(cc(OC)c(OC)c3OC)CC[N+]2(C)CCCOC(=O)CCC(=O)OCCC[N+]2(C)CCc3cc(OC)c(OC)c(OC)c3C2Cc2cc(OC)c(OC)c(OC)c2)cc(OC)c1OC,1.7,half_life_obach,TDC
CHEMBL372795,CN[C@@H]1[C@H](O[C@H]2[C@H](O[C@@H]3[C@@H](N=C(N)N)[C@H](O)[C@@H](N=C(N)N)[C@H](O)[C@H]3O)O[C@@H](C)[C@]2(O)C=O)O[C@@H](CO)[C@H](O)[C@H]1O,4.3,half_life_obach,TDC
CHEMBL429,CC(CCc1ccccc1)NCC(O)c1ccc(O)c(C(N)=O)c1,4.4,half_life_obach,TDC
CHEMBL1046,NCCCCCC(=O)O,4.9,half_life_obach,TDC
CHEMBL528,CO/N=C(\C(=O)N[C@@H]1C(=O)N2C(C(=O)O)=CCS[C@H]12)c1csc(N)n1,1.5,half_life_obach,TDC
CHEMBL768,COC(=O)CCc1ccc(OCC(O)CNC(C)C)cc1,0.15,half_life_obach,TDC
CHEMBL1115,CN(C)C(=O)Oc1ccc[n+](C)c1,1.5,half_life_obach,TDC
CHEMBL629,CN(C)CCC=C1c2ccccc2CCc2ccccc21,17.0,half_life_obach,TDC
CHEMBL325041,CC(C)C[C@H](NC(=O)[C@H](Cc1ccccc1)NC(=O)c1cnccn1)B(O)O,18.0,half_life_obach,TDC
CHEMBL1279,CN[C@@H]1CCc2[nH]c3ccc(C(N)=O)cc3c2C1,24.0,half_life_obach,TDC
CHEMBL361497,C[C@@H]1CC[C@H]2[C@@H](C)[C@H](OC(=O)CCC(=O)O)O[C@@H]3O[C@@]4(C)CC[C@@H]1[C@@]23OO4,0.22,half_life_obach,TDC
CHEMBL1201300,CNC(=O)c1c(I)c(NC(C)=O)c(I)c(C(=O)O)c1I,1.3,half_life_obach,TDC
CHEMBL452231,COc1cc([C@@H]2c3cc4c(cc3[C@@H](O[C@@H]3O[C@@H]5CO[C@@H](c6cccs6)O[C@H]5[C@H](O)[C@H]3O)[C@H]3COC(=O)[C@H]23)OCO4)cc(OC)c1O,16.0,half_life_obach,TDC
CHEMBL1017,CCCc1nc2c(C)cc(-c3nc4ccccc4n3C)cc2n1Cc1ccc(-c2ccccc2C(=O)O)cc1,20.0,half_life_obach,TDC
CHEMBL1201368,CCC[C@H](N[C@@H](C)C(=O)N1[C@H](C(=O)O)C[C@@H]2CCCC[C@@H]21)C(=O)O,29.0,half_life_obach,TDC
CHEMBL445,CNCCC=C1c2ccccc2CCc2ccccc21,30.0,half_life_obach,TDC
CHEMBL1201201,CN[C@@H](C)Cc1ccccc1,12.0,half_life_obach,TDC
CHEMBL997,CCCCCN(C)CCC(O)(P(=O)(O)O)P(=O)(O)O,14.0,half_life_obach,TDC
CHEMBL658,CCC(=O)N(c1ccccc1)C1(COC)CCN(CCc2cccs2)CC1,14.0,half_life_obach,TDC
CHEMBL1628227,CN(C)CCC=C1c2ccccc2COc2ccccc21,15.0,half_life_obach,TDC
CHEMBL1646,CC1(C)C(/C=C/C=C/C=C/C=C2\N(CCCCS(=O)(=O)[O-])c3ccc4ccccc4c3C2(C)C)=[N+](CCCCS(=O)(=O)[O-])c2ccc3ccccc3c21.[Na+],0.065,half_life_obach,TDC
CHEMBL1444,N#Cc1ccc(C(c2ccc(C#N)cc2)n2cncn2)cc1,45.0,half_life_obach,TDC
CHEMBL1643,NC(=O)c1ncn([C@@H]2O[C@H](CO)[C@@H](O)[C@H]2O)n1,45.0,half_life_obach,TDC
CHEMBL498,CCCNC(=O)NS(=O)(=O)c1ccc(Cl)cc1,46.0,half_life_obach,TDC
CHEMBL1908353,CCCCC/C=C\CCC(=O)N[C@H]1[C@H](Oc2c3cc4cc2Oc2ccc(cc2Cl)[C@@H](O[C@@H]2O[C@H](CO)[C@@H](O)[C@H](O)[C@H]2NC(C)=O)[C@@H]2NC(=O)[C@H](NC(=O)[C@@H]4NC(=O)[C@H]4NC(=O)[C@@H](Cc5ccc(c(Cl)c5)O3)NC(=O)[C@@H](N)c3ccc(O)c(c3)Oc3cc(O)cc4c3)c3ccc(O)c(c3)-c3c(O[C@H]4O[C@H](CO)[C@@H](O)[C@H](O)[C@@H]4O)cc(O)cc3[C@H](C(=O)O)NC2=O)O[C@H](CO)[C@@H](O)[C@@H]1O,150.0,half_life_obach,TDC
CHEMBL1535,CCN(CCO)CCCC(C)Nc1ccnc2cc(Cl)ccc12,850.0,half_life_obach,TDC
CHEMBL1540,Nc1nc(O)c2ncn(CCC(CO)CO)c2n1,2.1,half_life_obach,TDC
CHEMBL1756,C[C@]12CC[C@@H]3c4ccc(OC(=O)N(CCCl)CCCl)cc4CC[C@H]3[C@@H]1CC[C@@H]2OP(=O)(O)O,2.4,half_life_obach,TDC
CHEMBL514432,C[C@@H]1C(=O)O[C@H]2[C@H](O)[C@@]34[C@H]5C[C@@H](C(C)(C)C)[C@]36[C@@H](OC(=O)[C@@H]6O)O[C@@]4(C(=O)O5)[C@@]12O,5.2,half_life_obach,TDC
CHEMBL1763,NS(=O)(=O)c1cc2c(cc1C(F)(F)F)NCNS2(=O)=O,5.2,half_life_obach,TDC
CHEMBL278255,NC1CCN(c2c(F)cc3c(=O)c(C(=O)O)cn(C4CC4)c3c2Cl)C1,5.4,half_life_obach,TDC
CHEMBL24,CC(C)NCC(O)COc1ccc(CC(N)=O)cc1,6.1,half_life_obach,TDC
CHEMBL153774,CN(C)CCNc1ccc2c3c(nn2CCNCCO)-c2cnccc2C(=O)c13,45.0,half_life_obach,TDC
CHEMBL6622,O=[N+]([O-])O[C@H]1CO[C@H]2[C@@H]1OC[C@H]2O[N+](=O)[O-],1.69,half_life_obach,TDC
CHEMBL30,CN/C(=N/CCSCc1nc[nH]c1C)NC#N,2.2,half_life_obach,TDC
CHEMBL465161,C[C@@H]1C(=O)O[C@H]2C[C@@]34[C@H]5C[C@@H](C(C)(C)C)[C@]36[C@@H](OC(=O)[C@@H]6O)O[C@@]4(C(=O)O5)[C@]21O,3.8,half_life_obach,TDC
CHEMBL1311,O=[N+]([O-])O[C@@H]1CO[C@@H]2[C@@H](O)CO[C@H]12,4.1,half_life_obach,TDC
CHEMBL126,CC(=O)NC[C@H]1CN(c2ccc(N3CCOCC3)c(F)c2)C(=O)O1,4.5,half_life_obach,TDC
CHEMBL130,O=C(N[C@H](CO)[C@H](O)c1ccc([N+](=O)[O-])cc1)C(Cl)Cl,4.6,half_life_obach,TDC
CHEMBL3039597,CNC(C)[C@@H]1CC[C@@H](N)[C@@H](O[C@@H]2[C@@H](N)C[C@@H](N)[C@H](O[C@H]3OC[C@](C)(O)[C@H](NC)[C@H]3O)[C@H]2O)O1.CN[C@@H]1[C@@H](O)[C@@H](O[C@@H]2[C@@H](O)[C@H](O[C@H]3O[C@H](C(C)N)CC[C@H]3N)[C@@H](N)C[C@H]2N)OC[C@]1(C)O.CN[C@@H]1[C@@H](O)[C@@H](O[C@@H]2[C@@H](O)[C@H](O[C@H]3O[C@H](CN)CC[C@H]3N)[C@@H](N)C[C@H]2N)OC[C@]1(C)O,4.7,half_life_obach,TDC
CHEMBL32479,Cc1nnc2n1-c1sc(Br)cc1C(c1ccccc1Cl)=NC2,4.8,half_life_obach,TDC
CHEMBL22097,CN1C(=O)C(O)N=C(c2ccccc2Cl)c2cc(Cl)ccc21,4.9,half_life_obach,TDC
CHEMBL641,CNCC[C@@H](Oc1ccccc1C)c1ccccc1,5.2,half_life_obach,TDC
CHEMBL1110,Cc1[nH]cnc1CN1CCc2c(c3ccccc3n2C)C1=O,1.6,half_life_obach,TDC
CHEMBL324090,COc1cc2c(cc1OC)CN(c1cc(N)c3cc(OC)c(OC)cc3n1)CC2,5.9,half_life_obach,TDC
CHEMBL1614639,CN1C(=O)[C@H](O)C[C@H]1c1cccnc1,5.9,half_life_obach,TDC
CHEMBL832,O=C1C(CC[S+]([O-])c2ccccc2)C(=O)N(c2ccccc2)N1c1ccccc1,6.2,half_life_obach,TDC
CHEMBL1231,CCN(CC)CC#CCOC(=O)C(O)(c1ccccc1)C1CCCCC1,7.2,half_life_obach,TDC
CHEMBL87045,c1ccc(C2(c3ccccc3)CC2C2=NCCN2)cc1,7.3,half_life_obach,TDC
CHEMBL134,Clc1cccc(Cl)c1N=C1NCCN1,7.6,half_life_obach,TDC
CHEMBL1005,CCC(=O)N(c1ccccc1)C1(C(=O)OC)CCN(CCC(=O)OC)CC1,0.8,half_life_obach,TDC
CHEMBL1604,CC1=C(C(=O)O)N2C(=O)[C@@H](NC(=O)[C@H](N)C3=CCC=CC3)[C@H]2SC1,0.85,half_life_obach,TDC
CHEMBL32800,CC(Cc1ccc(O)cc1)NCC(O)c1cc(O)cc(O)c1,0.87,half_life_obach,TDC
CHEMBL1200649,CC[C@H]1NC(=O)[C@@H](NC(=O)c2ncccc2O)[C@@H](C)OC(=O)[C@H](c2ccccc2)NC(=O)[C@@H]2CC(=O)[C@H](CS[C@@H]3CN4CCC3CC4)CN2C(=O)[C@H](Cc2ccc(N(C)C)cc2)N(C)C(=O)[C@@H]2CCCN2C1=O,0.87,half_life_obach,TDC
CHEMBL1272,CCOc1cc(CC(=O)N[C@@H](CC(C)C)c2ccccc2N2CCCCC2)ccc1C(=O)O,0.87,half_life_obach,TDC
CHEMBL1687,COc1cc2c3cc1Oc1cc(ccc1O)C[C@@H]1c4c(cc(OC)c(O)c4Oc4ccc(cc4)C[C@@H]3N(C)CC2)CC[N+]1(C)C.[Cl-],2.0,half_life_obach,TDC
CHEMBL1790041,CNC(=C[N+](=O)[O-])NCCSCc1ccc(CN(C)C)o1,2.1,half_life_obach,TDC
CHEMBL511115,COc1ccc([C@]2(C#N)CC[C@@H](C(=O)O)CC2)cc1OC1CCCC1,7.9,half_life_obach,TDC
CHEMBL473,CN(CCOc1ccc(NS(C)(=O)=O)cc1)CCc1ccc(NS(C)(=O)=O)cc1,8.1,half_life_obach,TDC
CHEMBL432103,CC1CCCC(C)N1CCCC(O)(c1ccccc1)c1ccccn1,8.4,half_life_obach,TDC
CHEMBL255044,CCOC(=O)Nc1ccc(NCc2ccc(F)cc2)nc1N,8.5,half_life_obach,TDC
CHEMBL982,C=C1CC[C@@]2(O)[C@H]3Cc4ccc(O)c5c4[C@@]2(CCN3CC2CC2)[C@H]1O5,8.8,half_life_obach,TDC
CHEMBL1237046,CN(C)[C@@H]1C(O)=C(C(=O)NCN2CCCC2)C(=O)[C@@]2(O)C(O)=C3C(=O)c4c(O)cccc4[C@@](C)(O)[C@H]3C[C@@H]12,8.8,half_life_obach,TDC
CHEMBL2220442,CC(C)n1c(/C=C/C(O)CC(O)CC(=O)O)c(-c2ccc(F)cc2)c2ccccc21,0.7,half_life_obach,TDC
CHEMBL1760,CC(C)(C)NCC(O)c1cc(O)cc(O)c1,15.0,half_life_obach,TDC
CHEMBL1514,CC[C@H](OC(C)=O)C(C[C@H](C)N(C)C)(c1ccccc1)c1ccccc1,18.0,half_life_obach,TDC
CHEMBL2368925,O=C(O[C@@H]1C[C@@H]2C[C@H]3C[C@H](C1)N2CC3=O)c1c[nH]c2ccccc12,0.13,half_life_obach,TDC
CHEMBL691,C#C[C@]1(O)CC[C@H]2[C@@H]3CCc4cc(O)ccc4[C@H]3CC[C@@]21C,9.7,half_life_obach,TDC
CHEMBL1324,Cc1ccc(C(=O)c2cc(O)c(O)c([N+](=O)[O-])c2)cc1,1.1,half_life_obach,TDC
CHEMBL530,CC1(C)S[C@@H]2[C@H](/N=C/N3CCCCCC3)C(=O)N2[C@H]1C(=O)O,1.1,half_life_obach,TDC
CHEMBL685,COC(=O)Nc1nc2ccc(C(=O)c3ccccc3)cc2[nH]1,1.1,half_life_obach,TDC
CHEMBL1517,CN(C)[C@@H]1C(O)=C(C(N)=O)C(=O)[C@@]2(O)C(O)=C3C(=O)c4c(O)cccc4[C@@](C)(O)[C@H]3[C@H](O)[C@@H]12,10.0,half_life_obach,TDC
CHEMBL262777,CN[C@H](CC(C)C)C(=O)N[C@H]1C(=O)N[C@@H](CC(N)=O)C(=O)N[C@H]2C(=O)N[C@H]3C(=O)N[C@H](C(=O)N[C@H](C(=O)O)c4cc(O)cc(O)c4-c4cc3ccc4O)[C@H](O)c3ccc(c(Cl)c3)Oc3cc2cc(c3O[C@@H]2O[C@H](CO)[C@@H](O)[C@H](O)[C@H]2O[C@H]2C[C@](C)(N)[C@H](O)[C@H](C)O2)Oc2ccc(cc2Cl)[C@H]1O,6.5,half_life_obach,TDC
CHEMBL1755,Cc1nc2c([nH]1)CCN(C(=O)c1ccc(NC(=O)c3ccccc3-c3ccccc3)cc1)c1ccccc1-2,6.7,half_life_obach,TDC
CHEMBL621,O=c1n(CCCN2CCN(c3cccc(Cl)c3)CC2)nc2ccccn12,7.3,half_life_obach,TDC
CHEMBL161,CO/N=C(\C(=O)N[C@@H]1C(=O)N2C(C(=O)O)=C(CSc3nc(=O)c(O)nn3C)CS[C@H]12)c1csc(N)n1,8.6,half_life_obach,TDC
CHEMBL4,CC1COc2c(N3CCN(C)CC3)c(F)cc3c(=O)c(C(=O)O)cn1c23,8.9,half_life_obach,TDC
CHEMBL1389,C#C[C@]1(O)CC[C@H]2[C@@H]3CCC4=CC(=O)CC[C@@H]4[C@H]3CC[C@@]21CC,9.4,half_life_obach,TDC
CHEMBL95,Nc1c2c(nc3ccccc13)CCCC2,3.3,half_life_obach,TDC
CHEMBL46,Cc1nccn1CC1CCc2c(c3ccccc3n2C)C1=O,3.4,half_life_obach,TDC
CHEMBL539456,CN(C)CCCN1c2ccccc2CCc2cc(O)ccc21,10.0,half_life_obach,TDC
CHEMBL1200622,C[C@@H](/C=C/[C@@H](C)[C@H]1CC[C@H]2/C(=C/C=C3C[C@@H](O)C[C@H](O)C3)CCC[C@@]21C)C(C)(C)O,5.3,half_life_obach,TDC
CHEMBL550781,CCCCCN(CCCOC)C(=O)[C@@H](CCC(=O)O)NC(=O)c1ccc(Cl)c(Cl)c1,1.2,half_life_obach,TDC
CHEMBL108821,N[C@@H]1CN(c2c(F)cc3c(=O)c(C(=O)O)cn([C@@H]4C[C@@H]4F)c3c2Cl)CC12CC2,6.6,half_life_obach,TDC
CHEMBL137,Cc1ncc([N+](=O)[O-])n1CCO,7.1,half_life_obach,TDC
CHEMBL405,CC(N)Cc1ccccc1,7.3,half_life_obach,TDC
CHEMBL1370,CCCC1O[C@@H]2C[C@H]3[C@@H]4CCC5=CC(=O)C=C[C@]5(C)[C@H]4[C@@H](O)C[C@]3(C)[C@]2(C(=O)CO)O1,2.8,half_life_obach,TDC
CHEMBL515,O=C(O)CCCc1ccc(N(CCCl)CCCl)cc1,1.1,half_life_obach,TDC
CHEMBL290194,C=CCN1CCCC1CNC(=O)c1cc2nn[nH]c2cc1OC,2.8,half_life_obach,TDC
CHEMBL177756,O=C(O)c1ccccc1-c1c2ccc(=O)cc-2oc2cc(O)ccc12,1.6,half_life_obach,TDC
CHEMBL222813,CC(=O)N[C@@H]1[C@@H](NC(=N)N)C=C(C(=O)O)O[C@H]1[C@H](O)[C@H](O)CO,1.7,half_life_obach,TDC
CHEMBL1167,CN[C@H]1[C@@H](O)[C@@H](NC)[C@H](O)[C@H]2O[C@@H]3O[C@H](C)CC(=O)[C@]3(O)O[C@H]12,1.8,half_life_obach,TDC
CHEMBL1201112,COc1nc(N)nc2c1ncn2[C@@H]1O[C@H](CO)[C@@H](O)[C@@H]1O,0.5,half_life_obach,TDC
CHEMBL634,CCC(=O)N(c1ccccc1)C1(COC)CCN(CCn2nnn(CC)c2=O)CC1,1.6,half_life_obach,TDC
CHEMBL1130,C[C@H]1O[C@@H](n2cc(F)c(=O)[nH]c2=O)[C@H](O)[C@@H]1O,0.35,half_life_obach,TDC
CHEMBL314010,COc1ccc(CCNCC(O)COc2cccc(C)c2)cc1OC,1.9,half_life_obach,TDC
CHEMBL513,O=NN(CCCl)C(=O)NCCCl,0.37,half_life_obach,TDC
CHEMBL1614637,CC(Oc1ccccc1)C(=O)N[C@@H]1C(=O)N2[C@@H](C(=O)O)C(C)(C)S[C@H]12,0.91,half_life_obach,TDC
CHEMBL617,CC(=O)OCC1=C(C(=O)O)N2C(=O)[C@@H](NC(=O)Cc3cccs3)[C@H]2SC1,0.95,half_life_obach,TDC
CHEMBL442,CN1C[C@H](C(=O)N[C@]2(C)O[C@@]3(O)[C@@H]4CCCN4C(=O)[C@H](Cc4ccccc4)N3C2=O)C=C2c3cccc4[nH]cc(c34)C[C@H]21,2.1,half_life_obach,TDC
CHEMBL1200932,C[C@H](O)C(=O)Nc1c(I)c(C(=O)NC(CO)CO)c(I)c(C(=O)NC(CO)CO)c1I,2.1,half_life_obach,TDC
CHEMBL1384,NC[C@H]1O[C@H](O[C@@H]2[C@@H](N)C[C@@H](N)[C@H](O[C@H]3O[C@H](CO)[C@@H](O)[C@H](N)[C@H]3O)[C@H]2O)[C@H](O)[C@@H](O)[C@@H]1O,2.1,half_life_obach,TDC
CHEMBL1503,COc1ccc2[nH]c([S+]([O-])Cc3ncc(C)c(OC)c3C)nc2c1,0.58,half_life_obach,TDC
CHEMBL1231530,O=C(O)CCNC(=O)c1ccccc1,0.59,half_life_obach,TDC
CHEMBL13960,O=C(O)C(Cl)Cl,0.65,half_life_obach,TDC
CHEMBL1614650,CC[C@@]1(O)C(=O)OCc2c1cc1n(c2=O)Cc2c-1nc1cc(F)c(C)c3c1c2[C@@H](N)CC3,6.7,half_life_obach,TDC
CHEMBL568,O=C1Nc2ccc(Cl)cc2C(c2ccccc2)=NC1O,6.7,half_life_obach,TDC
CHEMBL13209,O=C1CN=C(c2ccccc2)c2cc([N+](=O)[O-])ccc2N1,26.0,half_life_obach,TDC
CHEMBL834,NCCC(O)(P(=O)(O)O)P(=O)(O)O,32.0,half_life_obach,TDC
CHEMBL1213351,CCC(=O)O[C@](Cc1ccccc1)(c1ccccc1)[C@H](C)CN(C)C,18.0,half_life_obach,TDC
CHEMBL457547,CCCCCOc1ccc(-c2cc(-c3ccc(C(=O)N[C@H]4C[C@@H](O)[C@@H](O)NC(=O)[C@@H]5[C@@H](O)[C@@H](C)CN5C(=O)[C@H]([C@H](O)CC(N)=O)NC(=O)[C@H]([C@H](O)[C@@H](O)c5ccc(O)c(OS(=O)(=O)O)c5)NC(=O)[C@@H]5C[C@@H](O)CN5C(=O)[C@H]([C@@H](C)O)NC4=O)cc3)no2)cc1,16.0,half_life_obach,TDC
CHEMBL448,CCCC(C)C1(CC)C(=O)NC(=O)NC1=O,22.0,half_life_obach,TDC
CHEMBL2206790,COCC[C@H](Oc1ncnc2c1cnn2-c1ccccc1Cl)C(=O)Nc1ccc(C)cn1,95.43,ppbr_az,TDC
CHEMBL1459588,CCCCCOc1ccc(C(=O)NC(C(=O)O)C(C)C)cc1,98.29,ppbr_az,TDC
CHEMBL1916543,COc1ncc2ccc(=O)n(CCN3CCC(NCc4cc5c(cn4)OCCO5)CC3)c2n1,72.45,ppbr_az,TDC
CHEMBL521407,CN1CCN(c2ccc3ncc(C(N)=O)c(Nc4ccc(Cl)cc4Cl)c3c2)CC1,98.21,ppbr_az,TDC
CHEMBL1807851,C[C@H]1O[C@@H](n2cnc3c(N)nc(OCC4CC45CC5)nc32)[C@H](O)[C@@H]1O,75.12,ppbr_az,TDC
CHEMBL2335893,COCCC(=O)N[C@H](C)c1ccc(Nc2ncc3cc(-c4ccncc4)ccc3n2)cc1,98.17,ppbr_az,TDC
CHEMBL1824037,O=C1COc2ccc(CNC3CCN(CCN4C(=O)COc5ccc([N+](=O)[O-])cc54)CC3)nc2N1,75.12,ppbr_az,TDC
CHEMBL2158822,O=C(O)c1ccccc1N1CCC(CN2CCC(Oc3ccc(Cl)c(Cl)c3)CC2)CC1,82.05,ppbr_az,TDC
CHEMBL2331843,CCc1[nH]c2nc(Sc3cnc4ccc[n+]([O-])c4c3)nc(N3CC[C@@H](N)C3)c2c1Cl,79.55,ppbr_az,TDC
CHEMBL216981,CC[C@@H](Nc1c(Nc2cccc(C(=O)N(C)C)c2O)c(=O)c1=O)c1ccc(C)o1,98.21,ppbr_az,TDC
CHEMBL832,O=C1C(CC[S+]([O-])c2ccccc2)C(=O)N(c2ccccc2)N1c1ccccc1,99.31,ppbr_az,TDC
CHEMBL481220,CC(C)Oc1cc2ncc(C(N)=O)c(Nc3ccc(F)cc3F)c2cc1N1CCN(C)CC1,98.29,ppbr_az,TDC
CHEMBL514670,Cc1ccc(NC(=O)c2cccc(C(F)(F)F)c2)cc1C(=O)Nc1cnc(N)c(Cl)c1,98.4,ppbr_az,TDC
CHEMBL106,OC(Cn1cncn1)(Cn1cncn1)c1ccc(F)cc1F,14.23,ppbr_az,TDC
CHEMBL384467,C[C@@H]1C[C@H]2[C@@H]3CCC4=CC(=O)C=C[C@]4(C)[C@@]3(F)[C@@H](O)C[C@]2(C)[C@@]1(O)C(=O)CO,71.53,ppbr_az,TDC
CHEMBL539163,Cn1c(C#N)ccc1-c1ccc2c(c1)C(C)(C)OC(=S)N2,98.21,ppbr_az,TDC
CHEMBL1778628,N#Cc1cccc(-c2cc(C(F)(F)F)ccc2OCC(=O)O)c1,98.61,ppbr_az,TDC
CHEMBL1940832,O=CNc1cc([C@@H](O)CNCCc2ccc(NC[C@H](O)c3ccccc3)cc2)ccc1O,71.53,ppbr_az,TDC
CHEMBL2062582,CC(=O)Nc1ccc2c(c1)c(-c1cc(NC3CC3)n3ncc(C#N)c3n1)cn2CCO,98.21,ppbr_az,TDC
CHEMBL153064,CC(=O)c1cc2ccc(O)cc2oc1=O,98.51,ppbr_az,TDC
CHEMBL1231626,NC(=O)c1cnc(N[C@H]2CCCNC2)c2cc(-c3ccc(Cl)cc3)sc12,99.19,ppbr_az,TDC
CHEMBL2170975,CC(C)(C)OC(=O)NCCCSC[C@H]1O[C@@H](n2cnc3c(N)ncnc32)[C@H](O)[C@@H]1O,76.39,ppbr_az,TDC
CHEMBL2139925,CCc1nc2ccc(C(=O)NCc3ccc4c(c3)OCO4)cn2c1N(C)Cc1cccs1,99.65,ppbr_az,TDC
CHEMBL1086473,CCCCc1nc2c(N)nc3ccccc3c2n1Cc1ccccc1,98.29,ppbr_az,TDC
CHEMBL2059875,Cc1ccc(-c2ccccn2)cc1NC(=O)c1ccc(OCc2ccccn2)cc1,98.89,ppbr_az,TDC
CHEMBL373751,COc1cc2ncn(-c3cc(OCc4ccccc4S(C)(=O)=O)c(C#N)s3)c2cc1OC,98.89,ppbr_az,TDC
CHEMBL2147221,COc1ncc(-c2cccc(C)c2CCNC(=O)c2ccc(OCCC(F)(F)F)nc2)cn1,99.5,ppbr_az,TDC
CHEMBL81,O=C(c1ccc(OCCN2CCCCC2)cc1)c1c(-c2ccc(O)cc2)sc2cc(O)ccc12,99.5,ppbr_az,TDC
CHEMBL1689117,O=C(O)COc1ccc(Cl)cc1CN1CCN(S(=O)(=O)c2ccc(F)cc2)CC1,98.99,ppbr_az,TDC
CHEMBL254832,CC(NCCC(c1ccccc1)c1ccccc1)c1ccccc1,98.84,ppbr_az,TDC
CHEMBL2335897,C[C@@H](NC(=O)[C@H]1CCCCN1)c1ccc(Nc2ncc3cc(-c4ccncc4)ccc3n2)cc1,95.12,ppbr_az,TDC
CHEMBL1917446,Cc1ccc2c(c1)c(S(=O)(=O)c1ccc(Cl)cc1)c(C)n2CC(=O)O,99.48,ppbr_az,TDC
CHEMBL1852508,Cc1cc(-c2ccc(Cl)c(C(=O)NCC3(O)CCCCCC3)c2)nn1C[C@H](O)CN,69.61,ppbr_az,TDC
CHEMBL561368,CC(C)NC(=O)c1cnc(N2CCC(N3C(=O)OCc4ccccc43)CC2)c(Cl)c1,99.44,ppbr_az,TDC
CHEMBL406366,O=C(O)CSCC(=O)Nc1nc(-c2ccccc2)cs1,99.03,ppbr_az,TDC
CHEMBL2151323,CC(C)Oc1cc(-n2cnc3cnc(N[C@@H](C)c4ncc(F)cn4)nc32)n[nH]1,69.12,ppbr_az,TDC
CHEMBL2011920,CNc1c(Br)cnc2[nH]c(-c3cnn(C4CCN(C)CC4)c3)nc12,77.21,ppbr_az,TDC
CHEMBL1689111,O=C(O)COc1ccc(Cl)cc1CN1CCN(S(=O)(=O)Cc2ccccc2)CC1,99.33,ppbr_az,TDC
CHEMBL2177305,CCn1cc([C@]2(c3cccc(NC(=O)c4ccc(Cl)cn4)c3)N=C(N)c3c(F)cccc32)cc(C)c1=O,98.29,ppbr_az,TDC
CHEMBL1232461,CCNC(=O)C[C@@H]1N=C(c2ccc(Cl)cc2)c2cc(OC)ccc2-n2c(C)nnc21,75.97,ppbr_az,TDC
CHEMBL2179273,CCC[C@H](c1ccc(C(=O)O)c(Oc2cccc(Cl)c2)c1)N1CCC[C@H](n2cc(C)c(=O)[nH]c2=O)C1,98.81,ppbr_az,TDC
CHEMBL396043,C[C@H](CO)Nc1nc(SCc2cccc(F)c2F)nc2nc(NC3CC3)sc12,98.78,ppbr_az,TDC
CHEMBL143305,Cc1cc(CCCOc2c(Cl)cc(C3=NCCO3)cc2Cl)on1,99.66,ppbr_az,TDC
CHEMBL2208430,O=C(NC[C@@H](O)CN1CCC(Oc2ccc(Cl)c(Cl)c2)CC1)c1c[nH]c2ccccc12,98.09,ppbr_az,TDC
CHEMBL384260,COc1cc(OC2CCN(C)CC2)c2c(Nc3cccc4c3OCO4)ncnc2c1,97.91,ppbr_az,TDC
CHEMBL2059861,Cc1ccc(-c2nccn2C)cc1NC(=O)c1ccc(OCc2ccccn2)cc1,94.9,ppbr_az,TDC
CHEMBL2011123,CCOc1ccc([C@@H](C)Nc2nc(N3CCN(C(C)=O)CC3)nc3c2CN(C(C)C)C3=O)cc1F,66.61,ppbr_az,TDC
CHEMBL2338403,CC(C)(C)S(=O)(=O)CCCN1CCN(CC(=O)NC23CC4CC(CC(C4)C2)C3)CC1,65.06,ppbr_az,TDC
CHEMBL2316386,C[S+]([O-])Cc1ccc(C(=O)Nc2ccc(OCCOCCO)nc2C(=O)NCC2CCC2)c2ccccc12,95.01,ppbr_az,TDC
CHEMBL2181808,Cc1c(CC(=O)O)c2cc(F)ccc2n1Cc1nc2ccccc2s1,98.33,ppbr_az,TDC
CHEMBL2011917,CNc1c(Br)cnc2[nH]c(-c3ccc(OCCN4CCOCC4)cc3)nc12,98.51,ppbr_az,TDC
CHEMBL2062561,COc1ccc(-c2cc(Nc3ccn(C)n3)n3ncc(C#N)c3n2)cc1,98.21,ppbr_az,TDC
CHEMBL1096418,Nc1scc2c(C(=O)NC3CC3)nn(-c3ccc(Cl)cc3)c(=O)c12,98.21,ppbr_az,TDC
CHEMBL2158792,Cc1cc(OC2CCN(CC3CCN([C@@](C)(Cc4ccc(F)cc4)C(=O)O)CC3)CC2)ccc1Cl,78.79,ppbr_az,TDC
CHEMBL2164742,N#Cc1ccc2ccc(=O)n(CCN3CC[C@H](NCc4ccc5c(n4)NC(=O)CO5)[C@H](O)C3)c2c1,79.17,ppbr_az,TDC
CHEMBL393754,O=C(NCC12CC3CC(CC(C3)C1)C2)c1cc(C(=O)N2CC3CNCC(C2)O3)ccc1Cl,69.12,ppbr_az,TDC
CHEMBL1090771,NC(=O)[C@@H](CCC(F)(F)F)N(Cc1ccc(-c2ncon2)cc1F)S(=O)(=O)c1ccc(Cl)cc1,98.33,ppbr_az,TDC
CHEMBL1461208,COc1ccc(S(=O)(=O)N2CC(C)N(S(=O)(=O)c3ccc(OC)cc3)CC2C)cc1,99.65,ppbr_az,TDC
CHEMBL1778644,CCS(=O)(=O)c1ccc(-c2cc(Cl)ccc2OCC(=O)O)c(F)c1,95.12,ppbr_az,TDC
CHEMBL1818291,CC(C)(C)OC(=O)NC[C@H]1CC[C@H](CNC(=O)c2cc(-c3cccc(CN)c3)nc3ccccc23)CC1,98.61,ppbr_az,TDC
CHEMBL2158783,Cc1c(Cl)ccc(OC2CCN(CC3CCN([C@@H](Cc4ccc(F)cc4)C(=O)O)CC3)CC2)c1Cl,96.26,ppbr_az,TDC
CHEMBL182997,CC(C)(C)[C@@H](O)C(=O)N1CCC[C@H]1C(=O)NCc1cc(Cl)ccc1CN,42.01,ppbr_az,TDC
CHEMBL210887,O=C(Nc1nc2ccccc2n1CCCO)c1cccc([N+](=O)[O-])c1,91.99,ppbr_az,TDC
CHEMBL436826,CCOc1ccc(-n2c([C@@H](C)N(Cc3cccnc3)C(=O)Cc3ccc(C(F)(F)F)cc3)nc3ccccc3c2=O)cc1,99.53,ppbr_az,TDC
CHEMBL1463345,C[C@]12CC[C@H]3[C@@H](C=CC4=CC(=O)CC[C@@]43C)[C@@H]1CC[C@@]21CCC(=O)O1,94.06,ppbr_az,TDC
CHEMBL896,OCCOCCN1CCN(C(c2ccccc2)c2ccc(Cl)cc2)CC1,91.82,ppbr_az,TDC
CHEMBL239767,O=C(Nc1ccc([N+](=O)[O-])cc1O)Nc1ccccc1Br,99.73,ppbr_az,TDC
CHEMBL1417725,Cc1nc(-c2cccc(C(F)(F)F)c2)sc1C(=O)O,99.7,ppbr_az,TDC
CHEMBL378997,COC(=O)N[C@@H](C)C#Cc1cnc(Oc2ccc(OC(C)C)cc2)s1,99.66,ppbr_az,TDC
CHEMBL2207600,COc1cc(OC)c(S(=O)(=O)N(c2ccc(C)cc2)c2ccc(C)cc2)cc1NC(=O)CCC(=O)O,95.12,ppbr_az,TDC
CHEMBL2349335,CC(C)C[C@H](CO)Nc1nc(SCc2ccccc2)nc2nc(N)sc12,99.56,ppbr_az,TDC
CHEMBL239336,CC1=C(C(=O)OCc2ccccc2)C(c2cccs2)NC(=O)N1,97.32,ppbr_az,TDC
CHEMBL2152524,c1ccc([C@@H]([C@H](c2ccccc2)N2CCCC2)N2CCCC2)cc1,83.04,ppbr_az,TDC
CHEMBL20210,CCOC(=O)/C=C/[C@H](C[C@@H]1CCNC1=O)NC(=O)[C@@H](CC(=O)[C@@H](NC(=O)c1cc(C)on1)C(C)C)Cc1ccc(F)cc1,83.04,ppbr_az,TDC
CHEMBL1539037,COc1ccc(NC(=O)CCc2c(C)nc3nc(C)nn3c2C)cc1,82.39,ppbr_az,TDC
CHEMBL570002,Cc1cc(Nc2cnc(C#N)c(N[C@@H](C)c3ncc(F)cn3)n2)n[nH]1,81.36,ppbr_az,TDC
CHEMBL1000,O=C(O)COCCN1CCN(C(c2ccccc2)c2ccc(Cl)cc2)CC1,81.01,ppbr_az,TDC
CHEMBL2171034,O=C(NS(=O)(=O)c1ccc(F)cc1)N1CCC(N2CCC(Oc3ccc(Cl)c(Cl)c3)CC2)CC1,80.65,ppbr_az,TDC
CHEMBL284275,COc1ccc(Cc2c(N)n[nH]c2N)cc1,80.65,ppbr_az,TDC
CHEMBL1807820,O=c1[nH]c2c(O)ccc([C@@H](O)CNCCCSCCOCCc3cccc4ccccc34)c2s1,99.33,ppbr_az,TDC
CHEMBL2169919,CC(C)N(CCCNC(=O)Nc1ccc(C(C)(C)C)cc1)C[C@H]1O[C@@H](n2ccc3c(N)ncnc32)[C@H](O)[C@@H]1O,79.92,ppbr_az,TDC
CHEMBL1916278,Cc1ccc(S(=O)(=O)Nc2c(C(=O)NC3CCOCC3)c(C)nn2-c2ccccc2)cc1,97.38,ppbr_az,TDC
CHEMBL650,C[C@H]1C[C@H]2[C@@H]3CC[C@](O)(C(=O)CO)[C@@]3(C)C[C@H](O)[C@@H]2[C@@]2(C)C=CC(=O)C=C12,79.92,ppbr_az,TDC
CHEMBL1650737,COc1cc(Nc2nc(N[C@@H](C)c3ncc(F)cn3)nc(N3CCOCC3)c2Cl)n[nH]1,92.16,ppbr_az,TDC
CHEMBL1222381,O=C(NC1CC1)c1cc(-c2cccs2)on1,92.32,ppbr_az,TDC
CHEMBL1645392,Cc1noc(C)c1-c1ccc(CNS(=O)(=O)c2c(C)noc2C)cc1,92.48,ppbr_az,TDC
CHEMBL481611,CC(C)(F)C[C@H](N[C@@H](c1ccc(-c2ccc(S(C)(=O)=O)cc2)cc1)C(F)(F)F)C(=O)NC1(C#N)CC1,93.94,ppbr_az,TDC
CHEMBL1921944,C[C@@](C(=O)O[C@H]1C[N+]2(CC(=O)Nc3cccc(F)c3)CCC1CC2)(c1ccccc1)N1CCCCC1,99.6,ppbr_az,TDC
CHEMBL2313229,O=P(c1ccccc1)(c1ccccc1)N(Cc1ccccn1)Cc1ccccn1,99.51,ppbr_az,TDC
CHEMBL1645495,O=c1cc(-c2cccnc2)[nH]c2cc(Cc3ccccc3)ccc12,99.49,ppbr_az,TDC
CHEMBL2181927,CCOc1ncc(C)c2c1[C@H](c1ccc(C#N)cc1OC)C(C(N)=O)=C(C)N2,92.48,ppbr_az,TDC
CHEMBL538936,O=C(CC1CCN(Cc2ccn(-c3ccc(C(F)(F)F)cn3)c2)CC1)NC(c1ccc(F)cc1)c1ccc(F)cc1,99.47,ppbr_az,TDC
CHEMBL2349329,CC(C)C[C@H](CO)Nc1nc(SCc2cccc(C#N)c2)nc2nc(N)sc12,99.14,ppbr_az,TDC
CHEMBL402728,Cc1nc(CSc2nc(N[C@H](C)CO)c3sc(=O)[nH]c3n2)cs1,99.14,ppbr_az,TDC
CHEMBL571353,Cc1nc(C(F)(F)F)ccc1C(=O)Nc1ccc(Cl)c(-c2ccccn2)c1,99.01,ppbr_az,TDC
CHEMBL1957480,COCC#Cc1cccc(C2(c3ccc(OC(F)F)cc3)N=C(N)N3CC(F)(F)CN=C32)c1,98.89,ppbr_az,TDC
CHEMBL2158828,O=C(O)COc1ccccc1N1CCC(CN2CCC(Oc3ccc(Cl)c(Cl)c3)CC2)CC1,98.86,ppbr_az,TDC
CHEMBL611,COc1cc2nc(N3CCN(C(=O)C4CCCO4)CC3)nc(N)c2cc1OC,79.55,ppbr_az,TDC
CHEMBL2337984,CC(C)(C)NC(=O)CN1CCN(CC(=O)NC23CC4CC(CC(C4)C2)C3)CC1,70.1,ppbr_az,TDC
CHEMBL981,CC(C)(Oc1ccc(C(=O)c2ccc(Cl)cc2)cc1)C(=O)O,98.81,ppbr_az,TDC
CHEMBL1778623,CCN(CC)S(=O)(=O)c1ccc(-c2cc(C(F)(F)F)ccc2OCC(=O)O)cc1,98.78,ppbr_az,TDC
CHEMBL1088751,CNC(=O)c1ccc(C)c(-n2c(C)cc(OCc3ccc(F)cc3F)c(Br)c2=O)c1,93.53,ppbr_az,TDC
CHEMBL2103846,CC(=O)[C@@]1(O)CC[C@H]2[C@@H]3CCC4=CC(=O)CCC4=C3[C@@H](c3ccc(N(C)C)cc3)C[C@@]21C,99.51,ppbr_az,TDC
CHEMBL2165192,CC1CN(c2cc(=O)[nH]c(NCc3cccc4ccccc34)n2)CCO1,98.7,ppbr_az,TDC
CHEMBL2011938,COc1ccc(-c2nc3c(NCCCNC(=O)c4cccnc4)c(Br)cnc3[nH]2)cc1,98.7,ppbr_az,TDC
CHEMBL1277809,O=C(NCc1ccccn1)c1cc(-c2ccccc2)nc2ccccc12,98.7,ppbr_az,TDC
CHEMBL440405,CS(=O)(=O)NC(=O)CCCc1c(-c2ccc(F)cc2)[nH]c2ccc(C#N)cc12,98.7,ppbr_az,TDC
CHEMBL1313956,O=C(COc1ccccc1Cl)c1ccc[nH]1,93.24,ppbr_az,TDC
CHEMBL1610669,CC(C)CCOc1ccc(N)cc1,93.24,ppbr_az,TDC
CHEMBL2071601,CC(C)C(NC(=O)c1cc(Cl)ccc1C(F)(F)F)C(=O)c1ccc([N+](=O)[O-])cc1,98.81,ppbr_az,TDC
CHEMBL1290284,COc1cc(C(=O)OCCCCNC(=N)N)cc(OC)c1O,38.14,ppbr_az,TDC
CHEMBL602180,COc1cnc(-c2ccccn2)nc1N1CCCC1,93.39,ppbr_az,TDC
CHEMBL1994944,Cn1ncc2c(=O)[nH]c(-c3ccccc3)nc21,93.24,ppbr_az,TDC
CHEMBL411329,O[C@H](c1cc(C(F)(F)F)nc2c(C(F)(F)F)cccc12)[C@@H]1CCCCN1,97.86,ppbr_az,TDC
CHEMBL253641,CCNc1cc(C(=O)N[C@@H](Cc2ccccc2)[C@H](O)CNCc2cccc(C(F)(F)F)c2)c(F)c(N2CCCCS2(=O)=O)c1,98.81,ppbr_az,TDC
CHEMBL726,OCCN1CCN(CCCN2c3ccccc3Sc3ccc(C(F)(F)F)cc32)CC1,98.81,ppbr_az,TDC
CHEMBL2331752,Cc1cn([C@H]2CCCN(S(=O)(=O)c3ccc(O)c(Oc4cc(F)cc(Cl)c4)c3)C2)c(=O)[nH]c1=O,98.81,ppbr_az,TDC
CHEMBL1917440,Cc1c(Sc2ccc(Cl)cc2)c2c(-c3cnccn3)cccc2n1CC(=O)O,98.76,ppbr_az,TDC
CHEMBL551924,O=C(CC1CCN(Cc2ccn(-c3ccc(C(F)(F)F)cc3)c2)CC1)NC(c1ccncc1)c1ccc(Cl)cc1,98.7,ppbr_az,TDC
CHEMBL2062574,CC(=O)Nc1ccc2ccn(-c3cc(NCCN4CCCC4)n4ncc(C#N)c4n3)c2c1,94.44,ppbr_az,TDC
CHEMBL1724416,Cc1ccc(S(=O)(=O)Nc2ccc3nc(C)oc3c2)cc1,97.91,ppbr_az,TDC
CHEMBL2205498,CC(C)COc1ccc(-c2cc(O)nc(N)n2)cc1,96.26,ppbr_az,TDC
CHEMBL1354035,COCCNCC(=O)NC12CC3CC(CC(C3)C1)C2,50.0,ppbr_az,TDC
CHEMBL782,CCCCNC(=O)NS(=O)(=O)c1ccc(C)cc1,98.09,ppbr_az,TDC
CHEMBL218628,CNc1nc2ccccc2n1Cc1sc2c(c1C(=O)N1C[C@H](O)CO1)c(=O)n(C)c(=O)n2CC(C)C,47.7,ppbr_az,TDC
CHEMBL2111112,COc1ccc(CCO[C@@H]2CCCC[C@H]2N2CC[C@@H](O)C2)cc1OC,37.06,ppbr_az,TDC
CHEMBL1775161,O=C(O)c1cn(Cc2ccccc2)c2ccccc12,98.09,ppbr_az,TDC
CHEMBL2158827,O=C(O)Cc1ccc(N2CCC(CN3CCC(Oc4ccc(Cl)c(Cl)c4)CC3)CC2)cc1,98.0,ppbr_az,TDC
CHEMBL1312533,CC(=O)NC1CC2CCCC(C1)N2C(=O)Nc1ccc(Cl)c(C(F)(F)F)c1,97.91,ppbr_az,TDC
CHEMBL479840,CCOc1cc2ncc(C(N)=O)c(Nc3cccc(Cl)c3Cl)c2cc1N1CCN(CC)CC1,98.17,ppbr_az,TDC
CHEMBL2147307,COc1cnc(-c2c(C)ccc(F)c2CCNC(=O)c2ccc(COCC(F)(F)F)nc2)cn1,97.6,ppbr_az,TDC
CHEMBL275955,NC1=NC(c2ccc(F)cc2)Cc2ccc(F)cc21,67.12,ppbr_az,TDC
CHEMBL2165054,CO[C@H]1CN(CCn2c(=O)ccc3ccc(C#N)cc32)CC[C@H]1NCc1cc2c(cn1)OCCO2,51.73,ppbr_az,TDC
CHEMBL48361,Cn1c(CNc2ccc(C(=N)N)cc2)nc2cc(C(=O)N(CCC(=O)O)c3ccccn3)ccc21,47.12,ppbr_az,TDC
CHEMBL2171277,Cc1ccc(NC(=O)[C@H]2CCCN2S(=O)(=O)c2cccc3cccnc23)c(C)c1,97.86,ppbr_az,TDC
CHEMBL511115,COc1ccc([C@]2(C#N)CC[C@@H](C(=O)O)CC2)cc1OC1CCCC1,98.84,ppbr_az,TDC
CHEMBL429682,C[C@H](CO)Nc1nc(SCc2cccc(F)c2F)nc2nc(NS(C)(=O)=O)sc12,98.86,ppbr_az,TDC
CHEMBL509973,CC(NC(=O)c1cc2ccccc2[nH]1)c1ccccc1,97.81,ppbr_az,TDC
CHEMBL2068817,COc1ccccc1CN(C(C)=O)c1cnccc1Oc1ccccc1,93.1,ppbr_az,TDC
CHEMBL2178390,Cc1nc(C(C)C)c(C(N)=O)nc1-c1ccc([C@H]2CC[C@H](CC(=O)O)CC2)cc1,97.38,ppbr_az,TDC
CHEMBL2088393,CC(C)(C)Oc1ccc(C(=O)Nc2ccc3sc(CO)nc3c2)cc1,94.9,ppbr_az,TDC
CHEMBL42,CN1CCN(C2=Nc3cc(Cl)ccc3Nc3ccccc32)CC1,94.79,ppbr_az,TDC
CHEMBL54429,O=C(Cc1ccc(OCc2ccccc2)cc1)NO,93.67,ppbr_az,TDC
CHEMBL473622,COc1cncc(NC(=O)c2cc(NC(=O)c3cccc(C(C)(C)C#N)c3)ccc2C)c1,97.49,ppbr_az,TDC
CHEMBL941,Cc1ccc(NC(=O)c2ccc(CN3CCN(C)CC3)cc2)cc1Nc1nccc(-c2cccnc2)n1,93.67,ppbr_az,TDC
CHEMBL36,CCc1nc(N)nc(N)c1-c1ccc(Cl)cc1,92.64,ppbr_az,TDC
CHEMBL401158,CCCCNc1nc(SCCC)nc2c1nnn2[C@@H]1C[C@H](CO)[C@@H](O)[C@H]1O,97.6,ppbr_az,TDC
CHEMBL2178937,Cc1nc(C)c(-c2ccc([C@H]3CC[C@H](CC(=O)NC(C)(C)C(=O)O)CC3)cc2)nc1C(N)=O,92.16,ppbr_az,TDC
CHEMBL462132,Cc1ncc(NC(=O)c2cc(NC(=O)c3cccc(C(F)(F)F)c3)ccc2Cl)s1,99.6,ppbr_az,TDC
CHEMBL1922056,C[C@@](C(=O)O[C@H]1C[N+]2(Cc3nc(-c4ccccc4)no3)CCC1CC2)(c1ccccc1)N1CCCCC1,97.66,ppbr_az,TDC
CHEMBL235579,O=C(NCC12CC3CC(CC(C3)C1)C2)c1cc(O[C@H]2CCCNC2)ccc1Cl,94.56,ppbr_az,TDC
CHEMBL2165177,CN(Cc1cccc2ccccc12)c1cc(N2CCOCC2)nc(=O)[nH]1,94.32,ppbr_az,TDC
CHEMBL1917432,Cc1c(Sc2ccc(Cl)cc2)c2c(S(C)(=O)=O)cccc2n1CC(=O)O,96.5,ppbr_az,TDC
CHEMBL1703518,CCN(CC)S(=O)(=O)c1ccc(-c2nnc(SCC(=O)N3CCc4ccccc43)o2)cc1,99.65,ppbr_az,TDC
CHEMBL260091,C[C@@H](O)[C@H](NC(=O)c1ccc(C#Cc2ccc(CN3CCOCC3)cc2)cc1)C(=O)NO,96.42,ppbr_az,TDC
CHEMBL934,CC(C)(C(=O)c1cccnc1)c1cccnc1,11.18,ppbr_az,TDC
CHEMBL1364767,Cc1nn(C2CCCCC2)c(N)c1-c1ccccc1,95.53,ppbr_az,TDC
CHEMBL1486517,O=C(C1CCN(c2nnc(-n3cccc3)s2)CC1)N1CCN(Cc2ccc3c(c2)OCO3)CC1,95.53,ppbr_az,TDC
CHEMBL169526,CC(C)(C)COc1ccc(-n2cc(C(=O)O)cn2)cc1C#N,97.76,ppbr_az,TDC
CHEMBL1916282,Cc1ccc(S(=O)(=O)Nc2c(C(=O)N[C@@H](C)C(C)(C)C)c(C)nn2-c2ccccc2)cc1,98.89,ppbr_az,TDC
CHEMBL343199,CCOC(=O)Nc1cc2c(c(N)n1)N=C(c1ccccc1)CCN2,94.56,ppbr_az,TDC
CHEMBL1957845,O=c1cc(N2CCOCC2)nc2n(Cc3cccc(F)c3)ccn12,78.01,ppbr_az,TDC
CHEMBL2180273,CCOC(=O)C1=C(C)NC2=C(C(=O)CC(C)(C)C2)C1c1ccc(-c2ccccc2)cc1,99.83,ppbr_az,TDC
CHEMBL2178951,Cc1ncc(C(N)=O)nc1-c1ccc([C@H]2CC[C@H](CC(=O)O)CC2)cc1,94.32,ppbr_az,TDC
CHEMBL1518,CCCc1cc(=O)[nH]c(=S)[nH]1,40.89,ppbr_az,TDC
CHEMBL1363,COc1ccc(C[C@@H](C)NC[C@H](O)c2ccc(O)c(NC=O)c2)cc1,31.87,ppbr_az,TDC
CHEMBL32,COc1c(N2C[C@@H]3CCCN[C@@H]3C2)c(F)cc2c(=O)c(C(=O)O)cn(C3CC3)c12,30.88,ppbr_az,TDC
CHEMBL1422,N[C@@H](CC(=O)N1CCn2c(nnc2C(F)(F)F)C1)Cc1cc(F)c(F)cc1F,23.19,ppbr_az,TDC
CHEMBL70,CN1CC[C@]23c4c5ccc(O)c4O[C@H]2[C@@H](O)C=C[C@H]3[C@H]1C5,20.83,ppbr_az,TDC
CHEMBL2011934,COc1ccc(-c2nc3c(NCCCN(C)C(=O)C4CCC4)c(Br)cnc3[nH]2)cc1,99.78,ppbr_az,TDC
CHEMBL88,O=P1(N(CCCl)CCCl)NCCCO1,20.08,ppbr_az,TDC
CHEMBL2062563,CC(=O)Nc1ccc2ccn(-c3cc(NC4CC4)n4ncc(C#N)c4n3)c2c1,98.61,ppbr_az,TDC
CHEMBL1087398,C[C@H](Nc1nc(Nc2ncc(C#N)s2)cc(N2CCOCC2)n1)c1ccc(F)cn1,94.06,ppbr_az,TDC
CHEMBL1818294,CN(C)CCN1CCN(c2cc(C(=O)NC[C@H]3CC[C@H](CNC(=O)OC(C)(C)C)CC3)c3ccccc3n2)CC1,93.94,ppbr_az,TDC
CHEMBL1091678,CC(=O)N[C@@H](CCN)C(=O)N[C@H](C(=O)N[C@@H](CCN)C(=O)N[C@H]1CCNC(=O)[C@H]([C@@H](C)O)NC(=O)[C@H](CCN)NC(=O)[C@H](CCN)NC(=O)[C@H](CC(C)C)NC(=O)[C@@H](Cc2ccccc2)NC(=O)[C@H](CCN)NC1=O)[C@@H](C)O,64.54,ppbr_az,TDC
CHEMBL2058280,Nc1scc2c(C(=O)NC3CC3)nn(-c3ccc(F)cc3)c(=O)c12,93.1,ppbr_az,TDC
CHEMBL2153435,CCNC(=O)C[C@H]1N=C(c2ccc(Cl)cc2)c2cc(OC)ccc2-n2c(C)nnc21,93.1,ppbr_az,TDC
CHEMBL321590,O=C(NO)C1COC(c2ccc(F)c(C(F)(F)F)c2)=N1,91.64,ppbr_az,TDC
CHEMBL638,C[C@@H](c1ncncc1F)[C@](O)(Cn1cncn1)c1ccc(F)cc1F,46.55,ppbr_az,TDC
CHEMBL1214,CC1(C)S[C@@H]2[C@H](NC(=O)C(C(=O)O)c3ccccc3)C(=O)N2[C@H]1C(=O)O,45.41,ppbr_az,TDC
CHEMBL573,O=C(O)c1cccnc1,44.84,ppbr_az,TDC
CHEMBL2348645,CNc1nc(C)c(-c2nc(Nc3cccc(N4CCCCC4)c3)ncc2C#N)s1,99.81,ppbr_az,TDC
CHEMBL562308,O=C(CC12CC3CC(CC(C3)C1)C2)Nc1cccc2nc(NCCNCCO)ccc12,95.43,ppbr_az,TDC
CHEMBL126,CC(=O)NC[C@H]1CN(c2ccc(N3CCOCC3)c(F)c2)C(=O)O1,22.79,ppbr_az,TDC
CHEMBL151592,Cc1cccc(C(N)=O)c1NC(=O)c1ccccc1,55.16,ppbr_az,TDC
CHEMBL2144205,COc1cc2nc(-c3ccc(N4CCN(C)CC4)cc3)nc(NCCN3CCOCC3)c2cc1OC,55.16,ppbr_az,TDC
CHEMBL107313,CCCc1cc(C2=N[C@@H](C(=O)NO)CO2)cc(OC)c1OC,94.32,ppbr_az,TDC
CHEMBL1871428,Oc1ncc(NCc2ccccc2)c(O)n1,36.53,ppbr_az,TDC
CHEMBL2179667,Cc1cccc(Oc2cc(CN3CCC[C@H](n4cc(C)c(=O)[nH]c4=O)C3)ccc2C(=O)O)c1,96.17,ppbr_az,TDC
CHEMBL1598315,CNC(=O)c1snnc1-c1ccccc1,43.7,ppbr_az,TDC
CHEMBL1491,CCOC(=O)C1=C(COCCN)NC(C)=C(C(=O)OC)C1c1ccccc1Cl,98.09,ppbr_az,TDC
CHEMBL481595,COc1cc2ncc(C(N)=O)c(Nc3cccc(Cl)c3Cl)c2cc1NCCN1CCCCC1,97.91,ppbr_az,TDC
CHEMBL1938681,O=C(c1ccc(-c2ccc(Cl)cc2)o1)N(Cc1ccccn1)c1ccc(N2CCNCC2)cc1,97.32,ppbr_az,TDC
CHEMBL1489611,Cc1cc(C)cc(-c2nnc(SCC(=O)N3CCN(C(=O)c4ccco4)CC3)o2)c1,96.79,ppbr_az,TDC
CHEMBL1770469,CSCCC(NC(=O)c1cnccn1)c1nc2ccccc2[nH]1,60.22,ppbr_az,TDC
CHEMBL1950846,CN[C@@H](C)C(=O)N[C@H](C(=O)N[C@H]1CCCN(S(=O)(=O)c2ccccc2)C1)C(C)(C)C,59.11,ppbr_az,TDC
CHEMBL1963462,C[C@@](C(=O)OC1CC[N+](C)(C)CC1)(c1ccccc1)C1CCCC1,57.99,ppbr_az,TDC
CHEMBL2326523,Cc1ccc(C(=O)N(CCCN)[C@H](c2nc3cc(Cl)ccc3c(=O)n2Cc2ccccc2)C(C)C)cc1,99.19,ppbr_az,TDC
CHEMBL86,CCN(CC)CCNC(=O)c1cc(Cl)c(N)cc1OC,29.9,ppbr_az,TDC
CHEMBL2170979,CC(C)N(CCCNC(=O)OCc1ccccc1)C[C@H]1O[C@@H](n2cnc3c(N)ncnc32)[C@H](O)[C@@H]1O,66.1,ppbr_az,TDC
CHEMBL1779512,COC[C@@H](O)Cn1c(=O)cnn(-c2ccc(Cl)c(C(=O)NCC3(O)CCCCCC3)c2)c1=O,41.45,ppbr_az,TDC
CHEMBL473,CN(CCOc1ccc(NS(C)(=O)=O)cc1)CCc1ccc(NS(C)(=O)=O)cc1,66.1,ppbr_az,TDC
CHEMBL589543,COc1ccc(C[C@H](N)C(=O)N[C@@H](Cc2ccccc2C)C(N)=O)cc1,64.01,ppbr_az,TDC
CHEMBL267894,CCC1(CCC(C)C)C(=O)N=C(O)NC1=O,60.77,ppbr_az,TDC
CHEMBL1951183,COc1cc(OC)c(S(=O)(=O)NCc2ccccc2N2CCC(CO)CC2)cc1NC(=O)CCC(=O)O,59.66,ppbr_az,TDC
CHEMBL2178384,Cc1ncc(C(N)=S)nc1-c1ccc([C@H]2CC[C@H](CC(=O)O)CC2)cc1,97.2,ppbr_az,TDC
CHEMBL213854,Cc1ccc2c(c1)c(-c1ccnc3c(F)cccc13)c(C)n2CC(=O)O,99.1,ppbr_az,TDC
CHEMBL1921917,C[C@@](C(=O)O[C@H]1C[N+]2(CCCc3ccncc3)CCC1CC2)(c1ccccc1)N1CCCCC1,51.73,ppbr_az,TDC
CHEMBL295467,CNCCC(Oc1ccccc1OC)c1ccccc1,51.73,ppbr_az,TDC
CHEMBL361812,O=C(O)CCn1c2c(c3ccccc31)C[C@H](NS(=O)(=O)c1ccc(F)cc1)CC2,97.26,ppbr_az,TDC
CHEMBL152640,Cc1cc(C)c(C)c(Cn2ccc3c(/C=N/NC(=O)c4ccc(O)c(C#N)c4)cccc32)c1C,96.0,ppbr_az,TDC
CHEMBL57,Cc1ccnc2c1NC(=O)c1cccnc1N2C1CC1,44.27,ppbr_az,TDC
CHEMBL2087433,COc1cc(C)c(S(=O)(=O)N(C)CCOCC(=O)N2CCC(C3CCN(C)CC3)CC2)c(C)c1,51.73,ppbr_az,TDC
CHEMBL423,CC(C)NCC(O)COc1ccc(CCOCC2CC2)cc1,27.55,ppbr_az,TDC
CHEMBL174107,CSc1ccc(N2C(N)=NC(N)=NC2(C)C)cc1,33.39,ppbr_az,TDC
CHEMBL1082376,CCCCCCc1nc2c(N)nc3ccccc3c2n1Cc1ccccc1,99.64,ppbr_az,TDC
CHEMBL1900528,C[N+]1(C)[C@H]2C[C@H](OC(=O)C(O)(c3cccs3)c3cccs3)C[C@@H]1[C@H]1O[C@@H]21,47.7,ppbr_az,TDC
CHEMBL2178952,NC(=O)c1cncc(-c2ccc([C@H]3CC[C@H](CC(=O)O)CC3)cc2)n1,96.5,ppbr_az,TDC
CHEMBL213495,Cc1ccc2c(c1)c(-c1ccnc3c(C#N)cccc13)c(C)n2CC(=O)O,98.29,ppbr_az,TDC
CHEMBL2181753,CCN(Cc1cc(C(F)(F)F)ccc1-c1cc(CC(=O)O)ccc1OC)C(=O)NCc1ccccc1,98.29,ppbr_az,TDC
CHEMBL2179291,COc1ccc(Oc2cccc(CN3CCCC(n4cc(C)c(=O)[nH]c4=O)C3)c2)cc1,98.21,ppbr_az,TDC
CHEMBL1231,CCN(CC)CC#CCOC(=O)C(O)(c1ccccc1)C1CCCCC1,97.07,ppbr_az,TDC
CHEMBL2062579,CS(=O)(=O)Cc1ccc2ccn(-c3cc(NC4CC4)n4ncc(C#N)c4n3)c2c1,98.21,ppbr_az,TDC
CHEMBL2164850,O=C(Nc1cc(-c2ccncc2)c[nH]c1=O)[C@H](Cc1ccccc1)NC1(c2ccccn2)CC1,97.13,ppbr_az,TDC
CHEMBL2179271,CC[C@H](c1ccc(C(=O)O)c(Oc2cccc(Cl)c2)c1)N1CCC[C@H](n2cc(C)c(=O)[nH]c2=O)C1,98.21,ppbr_az,TDC
CHEMBL1689119,C[C@H]1CN(Cc2cc(Cl)ccc2OCC(=O)O)CCN1S(=O)(=O)c1ccccc1,97.26,ppbr_az,TDC
CHEMBL595134,N#CC1=C2C(=NC1=O)c1cccc3c(N4CCSCC4)ccc2c13,98.61,ppbr_az,TDC
CHEMBL2110732,COc1cc2ncnc(Nc3ccc(F)c(Cl)c3)c2cc1NC(=O)/C=C/CN1CCCCC1,98.21,ppbr_az,TDC
CHEMBL2151177,COc1cc(Nc2nc3c(c(Cc4ccccc4)n2)CN(CCO)CC3)ccc1-n1cnc(C)c1,98.09,ppbr_az,TDC
CHEMBL2216830,C=CC(=O)Nc1cccc(CN2C(=O)N(c3c(Cl)c(OC)cc(OC)c3Cl)Cc3cnc(NCCCCN(CC)CC)nc32)c1,98.0,ppbr_az,TDC
CHEMBL2152915,CO[C@H]1CC[C@]2(CC1)Cc1ccc(-c3cc(Cl)cc(C#N)c3)cc1C21N=C(C)C(N)=N1,97.91,ppbr_az,TDC
CHEMBL2059862,Cc1ccc(-c2ncc(C)n2C)cc1NC(=O)c1ccc(OCc2ccccn2)cc1,97.81,ppbr_az,TDC
CHEMBL1778646,CCS(=O)(=O)c1ccc(-c2cc(Cl)ccc2OCC(=O)O)c(Cl)c1,97.32,ppbr_az,TDC
CHEMBL202626,O=C(Nc1ccccc1F)NC1N=C(c2ccccc2)c2ccccc2NC1=O,97.38,ppbr_az,TDC
CHEMBL2165055,CO[C@H]1CN(CCn2c(=O)ccc3ccc(C#N)cc32)CC[C@H]1NCc1ccc2c(n1)NC(=O)CO2,46.55,ppbr_az,TDC
CHEMBL1916288,Cc1nn(-c2ccc(F)cc2)c(NS(=O)(=O)c2ccc(C#N)cc2)c1C(=O)N[C@@H](C)C(C)(C)C,95.63,ppbr_az,TDC
CHEMBL2059378,CCNC(=O)c1cc2c(-n3ccc(C(F)(F)F)n3)c(-c3cncc(-c4n[nH]c(=O)o4)c3)cnc2[nH]1,95.63,ppbr_az,TDC
CHEMBL2152920,CCC#Cc1cncc(-c2ccc3c(c2)C2(N=C(C)C(N)=N2)[C@]2(CC[C@H](OC)CC2)C3)c1,96.17,ppbr_az,TDC
CHEMBL1689128,C[C@H]1CN(Cc2cc(Cl)ccc2OCC(=O)O)CCN1C(=O)Cc1ccc(Cl)cc1,98.13,ppbr_az,TDC
CHEMBL2331753,Cc1cn([C@H]2CCCN(S(=O)(=O)c3ccc(O)c(Oc4cccc(C(F)(F)F)c4)c3)C2)c(=O)[nH]c1=O,98.61,ppbr_az,TDC
CHEMBL1320158,C/C=C/c1ccc(Oc2nnnn2-c2ccc(C(N)=O)cc2)c(OC)c1,97.32,ppbr_az,TDC
CHEMBL2337982,O=C(CN1CCN(CCC2CCOCC2)CC1)NC12CC3CC(CC(C3)C1)C2,47.12,ppbr_az,TDC
CHEMBL521815,CN1CCN(C(=O)c2cc(Cc3n[nH]c(=O)c4ccccc34)ccc2F)CC1,71.05,ppbr_az,TDC
CHEMBL1789186,N#Cc1cc(F)c(Cl)cc1O[C@H](CCN)c1ccccc1,71.05,ppbr_az,TDC
CHEMBL1951074,COc1cc(OC)c(S(=O)(=O)N2c3ccccc3CCC2C)cc1NC(=S)NCC(=O)O,69.12,ppbr_az,TDC
CHEMBL2031227,Cc1ccc(NC(=O)c2ccc(C#N)cc2)cc1-n1cnc2ccc(N3CCN(C)CC3)cc2c1=O,68.13,ppbr_az,TDC
CHEMBL421236,C[C@H](NC(=O)Cc1cc(F)cc(F)c1)C(=O)NC1C(=O)N(C)c2ccccc2-c2ccccc21,99.01,ppbr_az,TDC
CHEMBL517,CC(C)N(CCC(C(N)=O)(c1ccccc1)c1ccccn1)C(C)C,33.39,ppbr_az,TDC
CHEMBL272705,C[C@H](CO)Nc1nc(SCc2ccco2)nc2[nH]c(=O)sc12,98.4,ppbr_az,TDC
CHEMBL165330,CC(O)(C(=O)Nc1ccc(S(=O)(=O)N2CCOCC2)cc1)C(F)(F)F,62.94,ppbr_az,TDC
CHEMBL472524,CCNC(=O)Nc1nc2cc(-c3cccnc3)ccc2[nH]1,98.21,ppbr_az,TDC
CHEMBL451,CNC1=Nc2ccc(Cl)cc2C(c2ccccc2)=[N+]([O-])C1,97.71,ppbr_az,TDC
CHEMBL1515178,CCn1cc(CNC(=O)c2cc(-c3ccc(C)cc3)nc3ccc(Br)cc23)c(C)n1,99.89,ppbr_az,TDC
CHEMBL1276308,CC#C[C@]1(O)CC[C@H]2[C@@H]3CCC4=CC(=O)CCC4=C3[C@@H](c3ccc(N(C)C)cc3)C[C@@]21C,99.85,ppbr_az,TDC
CHEMBL426823,CCOc1nc2ccc(OCCC3CCN(c4ccc(C)nn4)CC3)cc2o1,99.72,ppbr_az,TDC
CHEMBL108922,CCO/N=C/c1ccc(OCCC2CCN(c3ccc(C)nn3)CC2)cc1,99.72,ppbr_az,TDC
CHEMBL2208427,COc1cc(C(=O)NC[C@@H](O)CN2CCC(Oc3ccc(Cl)c(Cl)c3)CC2)ccc1N,99.68,ppbr_az,TDC
CHEMBL2313227,COCCN(c1cccnc1)P(=O)(c1ccccc1)c1ccccc1,91.28,ppbr_az,TDC
CHEMBL422649,CC(O)(C(=O)Nc1cccc(S(=O)(=O)c2ccccc2)c1)C(F)(F)F,90.91,ppbr_az,TDC
CHEMBL570015,COc1cccc(Nc2c(C(N)=O)cnc3c(C)cc(S(=O)(=O)c4cccc(C(=O)N(C)C)c4)cc23)c1,98.51,ppbr_az,TDC
CHEMBL219046,O=C(O)c1c(O)c(Cc2ccc(Cl)cc2)nc2c3c(ccc12)CCCC3,99.93,ppbr_az,TDC
CHEMBL13485,CCN(CC)CCNC(=O)c1c(C)[nH]c(/C=C2\C(=O)Nc3ccc(Cl)cc32)c1C,89.49,ppbr_az,TDC
CHEMBL1210207,CCOc1cc(CN2CCC(NC(=O)c3cncc(C)c3)CC2)cc(OCC)c1-c1ccc(F)cc1,98.51,ppbr_az,TDC
CHEMBL2179285,Cc1cn([C@H]2CCCN([C@H](CC3CCOCC3)c3ccc(C(=O)O)c(Oc4cccc(Cl)c4)c3)C2)c(=O)[nH]c1=O,89.27,ppbr_az,TDC
CHEMBL8809,CCN1CCC[C@H]1CNC(=O)c1c(O)c(Cl)cc(Cl)c1OC,89.05,ppbr_az,TDC
CHEMBL2335892,COCCC(=O)NC(C)c1ccc(Nc2ncc3cc(-c4ccncc4)ccc3n2)cc1,98.61,ppbr_az,TDC
CHEMBL1916082,CCC(CC)NC(=O)c1cnn(-c2ccccc2)c1NS(=O)(=O)c1ccc(C)cc1,98.61,ppbr_az,TDC
CHEMBL1473,CCC(=O)O[C@]1(C(=O)SCF)[C@H](C)C[C@H]2[C@@H]3C[C@H](F)C4=CC(=O)C=C[C@]4(C)[C@@]3(F)[C@@H](O)C[C@@]21C,98.09,ppbr_az,TDC
CHEMBL2171041,CN(C)c1ccccc1S(=O)(=O)NC(=O)N1CCC(N2CCC(Oc3ccc(Cl)c(Cl)c3)CC2)CC1,98.25,ppbr_az,TDC
CHEMBL1797387,Cc1onc(-c2c(Cl)cccc2Cl)c1NC(=O)OCc1c(F)cccc1Cl,99.8,ppbr_az,TDC
CHEMBL1387923,O=C(Nc1cccc(Cl)c1)Nc1nnc(-c2ccncc2)s1,99.8,ppbr_az,TDC
CHEMBL2349321,CC(C)C[C@H](CO)Nc1nc(SCc2ccccc2)nc2[nH]c(=O)sc12,99.8,ppbr_az,TDC
CHEMBL1916260,CCC(CC)NC(=O)c1cnn(-c2ccccc2)c1NS(=O)(=O)C1CCCC1,99.78,ppbr_az,TDC
CHEMBL1537460,COc1ccccc1C(=O)Nc1ccc(Cc2ccncc2)cc1,99.76,ppbr_az,TDC
CHEMBL1778645,CCS(=O)(=O)c1ccc(-c2cc(Cl)ccc2OCC(=O)O)c(C)c1,99.71,ppbr_az,TDC
CHEMBL510386,O=C(Nc1ccc(Cl)c(C(=O)Nc2cccnc2)c1)c1cccc(C(F)(F)F)c1,99.7,ppbr_az,TDC
CHEMBL1921925,C[C@@](C(=O)O[C@H]1C[N+]2(CCCc3cc4ccccc4s3)CCC1CC2)(c1ccccc1)N1CCCCC1,99.68,ppbr_az,TDC
CHEMBL103667,Cc1ccc(-n2nc(C(C)(C)C)cc2NC(=O)Nc2ccc(OCCN3CCOCC3)c3ccccc23)cc1,99.66,ppbr_az,TDC
CHEMBL1358402,C=CC1(C)CC(=O)C2(O)C(C)(O1)C(OC(C)=O)C(O)C1C(C)(C)CCC(O)C12C,84.0,ppbr_az,TDC
CHEMBL461572,O=C(Nc1ccc(Cl)c(C(=O)Nc2cncs2)c1)c1cccc(Cl)c1,99.8,ppbr_az,TDC
CHEMBL48966,c1ccc2[nH]c(CCc3nc4ccccc4[nH]3)nc2c1,84.0,ppbr_az,TDC
CHEMBL1957369,N#Cc1c(-c2ccc(-c3ccccc3Cl)cc2)nc2ccncc2c1O,99.92,ppbr_az,TDC
CHEMBL453,Cc1noc(NS(=O)(=O)c2ccc(N)cc2)c1C,91.28,ppbr_az,TDC
CHEMBL1240967,CC(C)(Cc1cccc(CC(=O)NCc2cccc(-c3ccc(O)cc3)c2)c1)NC[C@H](O)c1ccc(O)c(NS(C)(=O)=O)c1,99.47,ppbr_az,TDC
CHEMBL1957848,O=c1cc(N2CCOCC2)nc2n(Cc3cccc(Cl)c3)ccn12,89.91,ppbr_az,TDC
CHEMBL1090941,CCCCCCCC(=O)N[C@@H](CCN)C(=O)N[C@H](C(=O)N[C@@H](C)C(=O)N[C@H]1CCNC(=O)[C@H]([C@@H](C)O)NC(=O)[C@H](CCN)NC(=O)[C@H](CCN)NC(=O)[C@H](CC(C)C)NC(=O)[C@@H](Cc2ccccc2)NC(=O)[C@H](CCN)NC1=O)[C@@H](C)O,88.82,ppbr_az,TDC
CHEMBL1824029,CC(O)c1ccc2c(c1)N(CCN1CCC(NCc3ccc4c(n3)NC(=O)CO4)CC1)C(=O)CO2,88.82,ppbr_az,TDC
CHEMBL2069623,Nc1ncnc2c1c(COc1cccc(Cl)c1)nn2C1CCOCC1,95.23,ppbr_az,TDC
CHEMBL2177906,NC1=NC(c2cccc(-c3cncnc3)c2)(c2ccnc(C(F)(F)F)c2)c2cccc(F)c21,95.43,ppbr_az,TDC
CHEMBL2207225,COc1cc(OC)c(S(=O)(=O)N2c3ccccc3CCC2C)cc1NC(=O)Cc1ccnc(F)c1,94.56,ppbr_az,TDC
CHEMBL1766081,Cc1ncccc1Oc1ncnc(OC2CCN(C(=O)OC(C)C)CC2)c1C,99.21,ppbr_az,TDC
CHEMBL1689109,O=C(O)COc1ccc(Cl)cc1CN1CCN(S(=O)(=O)c2ccccc2)CC1,96.17,ppbr_az,TDC
CHEMBL2,COc1cc2nc(N3CCN(C(=O)c4ccco4)CC3)nc(N)c2cc1OC,96.0,ppbr_az,TDC
CHEMBL462133,Cc1ncc(NC(=O)c2cc(NC(=O)c3cccc(Cl)c3)ccc2Cl)s1,99.8,ppbr_az,TDC
CHEMBL212777,Cc1ccc2c(c1)c(-c1ccnc3cc(Cl)ccc13)c(C)n2CC(=O)O,99.82,ppbr_az,TDC
CHEMBL1221681,O=c1[nH]c2c(O)ccc([C@@H](O)CN[C@H]3CCC[C@@H]3OCc3ccccc3)c2s1,93.1,ppbr_az,TDC
CHEMBL479848,CCOc1cc2ncc(C(N)=O)c(Nc3cc(F)ccc3F)c2cc1N1CCN(C)CC1,92.64,ppbr_az,TDC
CHEMBL2331754,Cc1cn([C@H]2CCCN(S(=O)(=O)c3ccc(CO)c(Oc4cccc(Cl)c4)c3)C2)c(=O)[nH]c1=O,92.64,ppbr_az,TDC
CHEMBL2338405,CC(C)(C)NC(=O)NCCN1CCN(CC(=O)Nc2cc(Cl)cc(Cl)c2)CC1,94.79,ppbr_az,TDC
CHEMBL1934418,Cc1ccc(S(=O)(=O)Nc2c(C(=O)N[C@@H](C)C(C)(C)C)c(C)nn2C2CCSCC2)cc1,94.68,ppbr_az,TDC
CHEMBL235357,O=C(NCC12CC3CC(CC(C3)C1)C2)c1cc(O[C@@H]2CCCNC2)ccc1Cl,94.56,ppbr_az,TDC
CHEMBL2180024,CC1=NC(c2ccc(F)cc2)(c2cccc(-c3cccnc3)c2)N=C1N,95.12,ppbr_az,TDC
CHEMBL1771,COC(=O)[C@H](c1ccccc1Cl)N1CCc2sccc2C1,98.64,ppbr_az,TDC
CHEMBL480027,CC(C)Oc1cc2ncc(C(N)=O)c(Nc3cccc(Cl)c3F)c2cc1N1CCN(C)CC1,95.12,ppbr_az,TDC
CHEMBL2165178,CCN(Cc1cccc2ccccc12)c1cc(N2CCOCC2)nc(=O)[nH]1,96.42,ppbr_az,TDC
CHEMBL521262,COc1cc2c(Nc3cccc(Cl)c3Cl)c(C(N)=O)cnc2cc1NCCN(C)C,94.56,ppbr_az,TDC
CHEMBL1652621,Cc1c(CN(C)C(=O)/C=C/c2cnc3c(c2)CCC(=O)N3)oc2ccccc12,94.56,ppbr_az,TDC
CHEMBL2207599,COc1cc(OC)c(S(=O)(=O)N(c2ccccc2)c2ccccc2)cc1NC(=O)CCC(=O)O,90.72,ppbr_az,TDC
CHEMBL1762538,Cc1ccc(CO)cc1N(C)c1ccnc(Nc2cc(N3CCCOCC3)cc(N3CCOCC3)c2)n1,94.44,ppbr_az,TDC
CHEMBL2152523,c1ccc([C@H]([C@@H](c2ccccc2)N2CCCCC2)N2CCCCC2)cc1,93.94,ppbr_az,TDC
CHEMBL2147569,C[C@]12Cc3cnn(-c4ccc(F)cc4)c3C=C1CC[C@@]2(O)CCc1ccc(F)cc1C(N)=O,96.79,ppbr_az,TDC
CHEMBL1957367,N#CCOc1ccccc1-c1ccc(-c2nc3ccncc3c(O)c2C#N)cc1,99.89,ppbr_az,TDC
CHEMBL1778612,O=C(O)COc1ccc([N+](=O)[O-])cc1-c1ccccc1,99.59,ppbr_az,TDC
CHEMBL2335884,c1cc(-c2ccc3nc(Nc4ccc(OCCN5CCCC5)cc4)ncc3c2)ccn1,97.2,ppbr_az,TDC
CHEMBL88712,O=C(O)[C@@H](c1ccc(OCc2ccc3ccccc3n2)cc1)C1CCCC1,99.85,ppbr_az,TDC
CHEMBL2312918,CCCN(c1ccon1)P(=O)(c1ccccc1)c1ccccc1,96.26,ppbr_az,TDC
CHEMBL2178934,NC(=O)c1cncc(-c2ccc([C@H]3CC[C@H](CCO)CC3)cc2)n1,97.2,ppbr_az,TDC
CHEMBL300138,Cn1cc(C2=C(c3cn(C4CCN(Cc5ccccn5)CC4)c4ccccc34)C(=O)NC2=O)c2ccccc21,99.83,ppbr_az,TDC
CHEMBL1972466,Cc1cc(C(C)Nc2ccccc2)c2nc(N3CCOCC3)cc(=O)n2c1,94.68,ppbr_az,TDC
CHEMBL2208423,N#Cc1cccc(C(=O)NC[C@@H](O)CN2CCC(Oc3ccc(Cl)c(Cl)c3)CC2)c1,93.53,ppbr_az,TDC
CHEMBL1645107,Nc1nc2ccc(-c3ccncc3)cc2s1,88.11,ppbr_az,TDC
CHEMBL2030393,O=c1[nH]c([C@@H]2CCCN2)nc2c1oc1ccc(Br)cc12,94.9,ppbr_az,TDC
CHEMBL1950848,CN[C@@H](C)C(=O)N[C@H](C(=O)N[C@H]1CCCN(CCc2ccccc2F)C1)C1CCCCC1,73.81,ppbr_az,TDC
CHEMBL1542,Cn1cnc([N+](=O)[O-])c1Sc1ncnc2nc[nH]c12,67.63,ppbr_az,TDC
CHEMBL2062580,CC(=O)Nc1ccc2c(c1)c(-c1cc(NC3CC3)n3ncc(C#N)c3n1)cn2C,98.64,ppbr_az,TDC
CHEMBL1944694,COc1ccccc1CCNCc1ccc(CCNC[C@H](O)c2ccc(O)c3[nH]c(=O)sc23)cc1,95.53,ppbr_az,TDC
CHEMBL481807,CCOc1cc2ncc(C(N)=O)c(Nc3ccc(F)cc3F)c2cc1N1CCN(CC)CC1,95.43,ppbr_az,TDC
CHEMBL114,CC(C)(C)NC(=O)[C@@H]1C[C@@H]2CCCC[C@@H]2CN1C[C@@H](O)[C@H](Cc1ccccc1)NC(=O)[C@H](CC(N)=O)NC(=O)c1ccc2ccccc2n1,98.86,ppbr_az,TDC
CHEMBL1831130,COc1ccc2nc(C)cc(N3CC(CNC(=O)C4CC4)OC3=O)c2c1,67.63,ppbr_az,TDC
CHEMBL1650726,Cc1cc(Nc2nc(O[C@@H](C)c3ncc(F)cn3)ncc2Cl)n[nH]1,75.12,ppbr_az,TDC
CHEMBL1813048,CC(=O)Nc1cccc(Nc2ncnc(N3CCC(OCc4ccc(OC(F)(F)F)cc4)CC3)n2)c1C,98.81,ppbr_az,TDC
CHEMBL571,CC(C(=O)O)c1cccc(C(=O)c2ccccc2)c1,98.73,ppbr_az,TDC
CHEMBL379866,CC(C)c1nnc2ccc(-c3ocnc3-c3cc(F)ccc3F)cn12,81.36,ppbr_az,TDC
CHEMBL1213082,Cc1ccccc1-n1c(Cn2cnc3c(N)ncnc32)nc2cccc(C)c2c1=O,98.64,ppbr_az,TDC
CHEMBL400585,O=C(O)COn1c(-c2ccccc2)nc2ccc([N+](=O)[O-])cc21,98.61,ppbr_az,TDC
CHEMBL12,CN1C(=O)CN=C(c2ccccc2)c2cc(Cl)ccc21,98.61,ppbr_az,TDC
CHEMBL2179269,Cc1cn([C@H]2CCCN([C@H](C)c3ccc(C(=O)O)c(Oc4cccc(Cl)c4)c3)C2)c(=O)[nH]c1=O,98.44,ppbr_az,TDC
CHEMBL866,COc1c(C)c2c(c(O)c1C/C=C(\C)CCC(=O)O)C(=O)OC2,98.4,ppbr_az,TDC
CHEMBL481596,CN1CCN(c2cc3c(Nc4ccc(F)cc4F)c(C(N)=O)cnc3cc2F)CC1,75.55,ppbr_az,TDC
CHEMBL2325622,CN1CC(n2nccc2-c2cc(Cl)ccc2Oc2cc(F)c(S(=O)(=O)Nc3ncns3)cc2F)C1,98.4,ppbr_az,TDC
CHEMBL1610495,CNC(=O)c1cc(C(=O)c2ccc(Cl)cc2)c(Br)[nH]1,98.61,ppbr_az,TDC
CHEMBL480814,CCOc1cc2ncc(C(N)=O)c(Nc3cccc(Cl)c3Cl)c2cc1NCCN(C)C,95.82,ppbr_az,TDC
CHEMBL2062570,CC(=O)Nc1ccc2ccn(-c3cc(Nc4ccn(C)n4)n4ncc(C#N)c4n3)c2c1,98.37,ppbr_az,TDC
CHEMBL1738764,Cc1ccc(CO)cc1N(c1ccnc(Nc2cc(N3CCOCC3)cc(S(C)(=O)=O)c2)n1)C(C)C,95.91,ppbr_az,TDC
CHEMBL422,CN1CCN(CCCN2c3ccccc3Sc3ccc(C(F)(F)F)cc32)CC1,99.19,ppbr_az,TDC
CHEMBL2205509,CC(C)COc1ccc(-c2cc(O)nc(N)n2)cc1C#N,95.91,ppbr_az,TDC
CHEMBL1534781,COc1cnc(-c2ccccn2)nc1N(C)c1ccccc1,96.0,ppbr_az,TDC
CHEMBL1431736,CC(NC(=O)c1cc(O)nc2ccccc12)c1ccccc1,64.01,ppbr_az,TDC
CHEMBL1934266,CCC(CC)NC(=O)c1c(C)nn(C(C)C)c1NS(=O)(=O)c1ccc(C)cc1,96.5,ppbr_az,TDC
CHEMBL456390,O=C1CCc2cc(-c3cncc4ccccc34)ccc2N1,96.42,ppbr_az,TDC
CHEMBL1309609,O=C(CN1CCCCCC1)N1c2ccccc2Sc2ccccc21,97.07,ppbr_az,TDC
CHEMBL565073,O=C(CC1CCN(Cc2ccn(-c3ccc(C(F)(F)F)cc3)c2)CC1)NC(c1ccc(F)cc1)c1cccnc1,96.87,ppbr_az,TDC
CHEMBL2151324,CC(C)Oc1cc(Nc2nc3c(cc2F)ncn3[C@@H](CO)c2ccc(F)cn2)n[nH]1,94.9,ppbr_az,TDC
CHEMBL219916,O=c1[nH]c2ccccc2n1CCCN1CCC(n2c(=O)[nH]c3cc(Cl)ccc32)CC1,96.65,ppbr_az,TDC
CHEMBL520431,CCOc1cc2ncc(C(N)=O)c(Nc3ccc(F)cc3F)c2cc1N1CCCN(C)CC1,69.61,ppbr_az,TDC
CHEMBL223166,COc1ccccc1O[C@@H](c1ccccc1)[C@@H]1CNCCO1,69.12,ppbr_az,TDC
CHEMBL569184,COc1ccc(CCN2C(=O)N(NS(C)(=O)=O)C[C@@H]2c2ccc(OC)cc2)cc1,95.23,ppbr_az,TDC
CHEMBL319111,O=C1N(c2ccccc2)c2ccccc2C1(Cc1ccncc1)Cc1ccncc1,99.6,ppbr_az,TDC
CHEMBL397647,C[N+](C)(Cc1ccc(NC(=O)c2ccc(Cl)c(Cl)c2)cc1)C1CCOCC1,82.05,ppbr_az,TDC
CHEMBL1868114,COCCNc1nc(NCc2ccccc2F)c2sccc2n1,97.2,ppbr_az,TDC
CHEMBL2062556,N#Cc1cnn2c(N)cc(-c3ccccc3)nc12,95.01,ppbr_az,TDC
CHEMBL497963,Cc1ccc2c(OCCN3CCC(Cc4cccc(NS(C)(=O)=O)c4)CC3)cccc2n1,97.0,ppbr_az,TDC
CHEMBL2023489,COc1ccc2c(Oc3ccc(CC(=O)Nc4cn(C)nc4C)c(OC)c3)ccnc2c1,98.89,ppbr_az,TDC
CHEMBL1609026,O=C(CCS(=O)(=O)c1ccc(Br)cc1)Nc1ccc2c(c1)OCO2,98.81,ppbr_az,TDC
CHEMBL456324,CC(C)Oc1cc(Nc2nc(N[C@@H](C)c3ccc(F)cc3)nc(NC(CO)CO)c2Cl)n[nH]1,96.42,ppbr_az,TDC
CHEMBL488937,Cc1c(N)cccc1Cn1ccc(OCCc2cccs2)cc1=O,95.01,ppbr_az,TDC
CHEMBL2179280,CCC(CC)C[C@H](c1ccc(C(=O)O)c(Oc2cccc(Cl)c2)c1)N1CCC[C@H](n2cc(C)c(=O)[nH]c2=O)C1,98.81,ppbr_az,TDC
CHEMBL2071493,CC(C)C(NC(=O)c1ccccc1)C(=O)c1ccc(F)cc1,95.01,ppbr_az,TDC
CHEMBL1683030,CCOc1cc2nnc(C(N)=O)c(Nc3ccc(F)cc3F)c2cc1N1CCN(C)CC1,96.17,ppbr_az,TDC
CHEMBL475799,Cc1ccc(NC(=O)c2cccc(C(C)(C)C#N)c2)cc1C(=O)Nc1cnc(N)c(Cl)c1,96.09,ppbr_az,TDC
CHEMBL1416617,Cc1nn(-c2ccccc2)c(N)c1-c1ccccc1,98.7,ppbr_az,TDC
CHEMBL1957851,Cc1cccc(Cn2ccn3c(=O)cc(N4CCOCC4)nc23)c1,88.11,ppbr_az,TDC
CHEMBL463981,O=S(=O)(N[C@H](CO)C(C(F)(F)F)C(F)(F)F)c1ccc(Cl)s1,90.91,ppbr_az,TDC
CHEMBL1963231,CC(C(=O)O[C@@H]1CC[N+](C)(C)C1)(c1ccccc1)C1CCCC1,77.21,ppbr_az,TDC
CHEMBL296035,CCc1cccc2cc(C(O)CNC(C)(C)C)oc12,91.99,ppbr_az,TDC
CHEMBL2170985,Nc1ncnc2c1ncn2[C@@H]1O[C@H](CSCCCNC(=O)NCc2ccccc2)[C@@H](O)[C@H]1O,84.6,ppbr_az,TDC
CHEMBL254129,CC1=C2C[C@H]3[C@@H](CC=C4C[C@@H](O)CC[C@@]43C)[C@@H]2CC[C@]12O[C@@H]1C[C@H](C)CN[C@H]1[C@H]2C,93.24,ppbr_az,TDC
CHEMBL855,Cc1ccc(/C(=C\CN2CCCC2)c2ccccn2)cc1,35.46,ppbr_az,TDC
CHEMBL8,O=C(O)c1cn(C2CC2)c2cc(N3CCNCC3)c(F)cc2c1=O,34.42,ppbr_az,TDC
CHEMBL2216859,CC(C)N1CCN(Cc2cnc(-c3cc(-c4cccc5[nH]ccc45)cc4[nH]ncc34)o2)CC1,97.0,ppbr_az,TDC
CHEMBL1322893,COc1ccccc1-c1csc(-n2ncc(C#N)c2N)n1,40.89,ppbr_az,TDC
CHEMBL87,COc1cc2c(c(OC)c1OC)-c1ccc(OC)c(=O)cc1C(NC(C)=O)CC2,32.88,ppbr_az,TDC
CHEMBL1586565,CN1CCN2c3ccccc3CC3(C(=O)N(C)C(=O)N(C)C3=O)C2C1,96.5,ppbr_az,TDC
CHEMBL2208431,O=C(NC[C@@H](O)CN1CCC(Oc2ccc(Cl)c(Cl)c2)CC1)c1n[nH]c(=O)c2ccccc12,96.5,ppbr_az,TDC
CHEMBL2331751,Cc1cn([C@H]2CCCN(S(=O)(=O)c3ccc(O)c(Oc4cccc(Br)c4)c3)C2)c(=O)[nH]c1=O,98.61,ppbr_az,TDC
CHEMBL2331749,Cc1cn([C@H]2CCCN(S(=O)(=O)c3ccc(O)c(Oc4ccc(Cl)cc4)c3)C2)c(=O)[nH]c1=O,98.61,ppbr_az,TDC
CHEMBL1072,CCCCNc1cc(C(=O)O)cc(S(N)(=O)=O)c1Oc1ccccc1,98.44,ppbr_az,TDC
CHEMBL226646,Cc1nnc(-c2ccc(N3CCC(Oc4cc(F)ccc4Cl)CC3)nn2)o1,98.21,ppbr_az,TDC
CHEMBL1231206,Cc1ccc(-c2ccc3c(ccc4sc5c(c43)NC[C@@H](C)NC5=O)n2)cn1,84.9,ppbr_az,TDC
CHEMBL1938680,O=C(Nc1ccc(N2CCNCC2)cc1)c1ccc(-c2ccc(Cl)cc2)o1,97.32,ppbr_az,TDC
CHEMBL568,O=C1Nc2ccc(Cl)cc2C(c2ccccc2)=NC1O,96.17,ppbr_az,TDC
CHEMBL1921926,C[C@@](C(=O)O[C@H]1C[N+]2(CCCc3ccc4ncsc4c3)CCC1CC2)(c1ccccc1)N1CCCCC1,95.72,ppbr_az,TDC
CHEMBL1683025,COc1cc2nnc(C(N)=O)c(Nc3ccc(F)cc3F)c2cc1OC,95.53,ppbr_az,TDC
CHEMBL1807860,C[C@H]1O[C@@H](n2cnc3c(N)nc(OCC4CC45CC5)nc32)[C@H](O)[C@H]1Cl,95.53,ppbr_az,TDC
CHEMBL526307,COc1cc(C(C)C)c(Oc2cnc(N)nc2N)cc1I,95.33,ppbr_az,TDC
CHEMBL2204343,O=C(CCCN1CC[Si](O)(c2ccc(Cl)cc2)CC1)c1ccc(F)cc1,94.56,ppbr_az,TDC
CHEMBL82663,O=S(=O)(CCCOCCc1ccccc1)CCNCCc1ccc(O)c2nc(O)sc12,94.44,ppbr_az,TDC
CHEMBL1650724,C[C@H](Nc1ncc(Cl)c(Nc2cc(C3CC3)[nH]n2)n1)c1ncc(F)cn1,94.32,ppbr_az,TDC
CHEMBL1164033,CN(C)CCOc1cc(NS(=O)(=O)c2c(Cl)cc(C(F)(F)F)cc2Cl)ccc1Cl,99.71,ppbr_az,TDC
CHEMBL564,CN(C)CCCN1c2ccccc2Sc2ccccc21,89.91,ppbr_az,TDC
CHEMBL1650730,C[C@H](Nc1ncc(Cl)c(Nc2cc(N(C)C)[nH]n2)n1)c1ncc(F)cn1,89.49,ppbr_az,TDC
CHEMBL1939560,C[C@H](c1nc2ncccc2c(=O)n1-c1ccc(Cl)cc1)N(CC1CCS(=O)(=O)CC1)C(=O)Cc1ccc(C(F)(F)F)c(F)c1,89.05,ppbr_az,TDC
CHEMBL2151141,CC#Cc1cncc(-c2csc([C@]3(C)CC(=O)N(C)C(=N)N3)c2)c1,88.11,ppbr_az,TDC
CHEMBL211631,COc1cccc2c(-c3c(C)n(CC(=O)O)c4ccc(C)cc34)ccnc12,98.21,ppbr_az,TDC
CHEMBL2062571,CC(=O)Nc1ccc2ccn(-c3cc(NC4COC4)n4ncc(C#N)c4n3)c2c1,87.62,ppbr_az,TDC
CHEMBL2312185,CNc1nc(C)c(-c2nc(Nc3cccc(N4CCCNCC4)c3)ncc2C#N)s1,88.59,ppbr_az,TDC
CHEMBL1824044,COc1ccc2c(c1)N(CCN1CCC(NCc3ccc4c(n3)NC(=O)CO4)CC1)C(=O)CO2,88.82,ppbr_az,TDC
CHEMBL2069423,COc1ncc(-c2cccc3c2C[C@H](NC(=O)c2ccc(COCC(F)(F)F)nc2)CO3)cn1,96.34,ppbr_az,TDC
CHEMBL479383,O=C(CO)NC1CCN(Cc2ccc(Oc3nc4ccccc4s3)cc2)CC1,96.17,ppbr_az,TDC
CHEMBL498,CCCNC(=O)NS(=O)(=O)c1ccc(Cl)cc1,96.0,ppbr_az,TDC
CHEMBL1800526,COc1ccnc(CCc2nc3cc(Br)cnc3[nH]2)c1,95.91,ppbr_az,TDC
CHEMBL2017459,CCN(C(=O)c1ccc(-c2ccc(Cl)cc2)o1)c1ccc(N2CCNCC2)cc1,95.82,ppbr_az,TDC
CHEMBL1778637,CS(=O)(=O)c1ccc(-c2cc(C(F)(F)F)ccc2OCC(=O)O)c(Cl)c1,95.82,ppbr_az,TDC
CHEMBL2164741,N#Cc1ccc2ccc(=O)n(CCN3CC[C@@H](NCc4cc5c(cn4)OCCO5)[C@@H](O)C3)c2c1,79.17,ppbr_az,TDC
CHEMBL2207667,NC(=O)c1c(OC2CCN(C[C@H](O)CNC(=O)c3c[nH]c(=O)c4ccccc34)CC2)ccc(Cl)c1Cl,78.79,ppbr_az,TDC
CHEMBL2151326,COc1cc(Nc2nc3c(cc2F)ncn3[C@@H](CO)c2ccc(F)cn2)n[nH]1,78.41,ppbr_az,TDC
CHEMBL578675,COc1cnc(-c2ccccn2)nc1NC(C)C,77.62,ppbr_az,TDC
CHEMBL2011910,CNc1c(Br)cnc2[nH]c(-c3cccc(N)c3)nc12,90.12,ppbr_az,TDC
CHEMBL1431112,O=C1CN(C(=O)c2ccco2)C(c2ccccc2)c2cc(Cl)ccc2N1,89.91,ppbr_az,TDC
CHEMBL2326864,CC(=O)Nc1nc(CCc2ccc(NC(=N)N)cc2)cs1,53.45,ppbr_az,TDC
CHEMBL1921923,C[C@@](C(=O)O[C@H]1C[N+]2(CCCc3cncnc3)CCC1CC2)(c1ccccc1)N1CCCCC1,22.38,ppbr_az,TDC
CHEMBL2011441,COc1nc(Br)cnc1NS(=O)(=O)c1ccc(Cl)s1,99.87,ppbr_az,TDC
CHEMBL271012,C[C@H](CO)Nc1nc(SCc2ccccc2F)nc2[nH]c(=O)sc12,99.86,ppbr_az,TDC
CHEMBL213100,COc1ccc(N(C(=O)Oc2c(C)cccc2C)c2ccnc(Nc3ccc(N4CCN(C)CC4)cc3)n2)c(OC)c1,99.83,ppbr_az,TDC
CHEMBL2325014,Nc1[nH]ncc1-c1cc(Cl)ccc1Oc1cc(F)c(S(=O)(=O)Nc2cscn2)cc1Cl,99.76,ppbr_az,TDC
CHEMBL1020,Cc1ccc(C(=O)c2ccc(CC(=O)O)n2C)cc1,99.72,ppbr_az,TDC
CHEMBL1718800,c1ccc2[nH]c(CCCc3nc4ccccc4[nH]3)nc2c1,99.69,ppbr_az,TDC
CHEMBL2018954,COc1ccc(COc2nc(Br)cnc2NS(=O)(=O)c2ccc(C)cc2)cc1OCCN(C)C,99.67,ppbr_az,TDC
CHEMBL1950860,CN[C@@H](C)C(=O)N[C@H](C(=O)N[C@H]1CCCN(CCc2ccc(C(F)(F)F)cc2)C1)C(C)(C)C,90.72,ppbr_az,TDC
CHEMBL480822,CCOc1cc2ncc(C(N)=O)c(Nc3cccc(Cl)c3Cl)c2cc1N1CCN(C(C)=O)CC1,90.32,ppbr_az,TDC
CHEMBL1818187,CC(C)(C)OC(=O)NC[C@H]1CC[C@H](CNC(=O)c2cc(-c3ccccc3)nc3ccccc23)CC1,99.92,ppbr_az,TDC
CHEMBL604710,O=C(CC(c1ccccc1)c1ccccc1)N1CCN(C(c2ccccc2)c2ccccc2)CC1,99.9,ppbr_az,TDC
CHEMBL456145,C1Cc2[nH]nc(-c3nn[nH]n3)c2C1,89.91,ppbr_az,TDC
CHEMBL1450473,Cc1ccc(S(=O)(=O)NCCSc2nnnn2-c2ccc(C(N)=O)cc2)cc1,89.91,ppbr_az,TDC
CHEMBL323776,CN(CCNCCc1ccc(O)c2nc(O)sc12)C(=O)CCOCCc1ccccc1,89.27,ppbr_az,TDC
CHEMBL2011895,CNc1c(Br)cnc2[nH]c(-c3ccc(OCCN4CCCCC4)cc3)nc12,88.82,ppbr_az,TDC
CHEMBL481717,CCOc1cc2ncc(C(N)=O)c(Nc3ccc(F)cc3F)c2cc1N1CCC(O)CC1,91.1,ppbr_az,TDC
CHEMBL564737,O=C(NCC1(O)CCCCCC1)c1cc(-c2ccccc2C(=O)O)ccc1Cl,91.1,ppbr_az,TDC
CHEMBL1762528,CN(c1cccc(CO)c1)c1ccnc(Nc2cc(N3CCOCC3)cc(N3CCOCC3)c2)n1,90.32,ppbr_az,TDC
CHEMBL110999,CN(CCCOCCOCCc1ccccc1)CCc1ccc(O)c2nc(O)sc12,90.12,ppbr_az,TDC
CHEMBL1917456,Cc1c(Oc2ccc(Cl)cc2)c2c(NS(C)(=O)=O)cccc2n1CC(=O)O,96.26,ppbr_az,TDC
CHEMBL2179272,CC[C@@H](c1ccc(C(=O)O)c(Oc2cccc(Cl)c2)c1)N1CCC[C@H](n2cc(C)c(=O)[nH]c2=O)C1,96.17,ppbr_az,TDC
CHEMBL1427554,Cc1ccc(-c2csc3ncnc(O)c23)cc1,96.09,ppbr_az,TDC
CHEMBL2016681,CC(C)(C)S(=O)(=O)N[C@H]1CC[C@H](C(=O)Nc2ccc(C(F)(F)F)cn2)CC1,95.91,ppbr_az,TDC
CHEMBL2069403,Cc1nn(-c2ccccc2)nc1C(=O)N[C@@H]1COc2cccc(N3CCN(C)CC3)c2C1,95.82,ppbr_az,TDC
CHEMBL1778649,CCS(=O)(=O)c1ccc(-c2cc(C(F)(F)F)ccc2O[C@@H](C)C(=O)O)c(C)c1,95.82,ppbr_az,TDC
CHEMBL41,CNCCC(Oc1ccc(C(F)(F)F)cc1)c1ccccc1,95.72,ppbr_az,TDC
CHEMBL481401,CN1CCN(c2cc3c(Nc4cccc(Cl)c4Cl)c(C(N)=O)cnc3cc2F)CC1,95.63,ppbr_az,TDC
CHEMBL514257,OC[C@H](Nc1ncc(Cl)c(Nc2cc(C3CC3)[nH]n2)n1)c1ccc(F)cc1,95.63,ppbr_az,TDC
CHEMBL2062573,CC(=O)Nc1ccc2ccn(-c3cc(NCCN4CCOCC4)n4ncc(C#N)c4n3)c2c1,88.82,ppbr_az,TDC
CHEMBL1194385,COc1cccc2c1CCC21NCc2ccccc21,79.17,ppbr_az,TDC
CHEMBL569738,Cc1cc(Nc2cncc(N[C@@H](C)c3ccc(F)cn3)n2)n[nH]1,78.01,ppbr_az,TDC
CHEMBL1916534,COc1ccc2c(c1)N(CCN1CCC(NCc3cc4c(cn3)OCCO4)CC1)C(=O)CO2,82.39,ppbr_az,TDC
CHEMBL2170989,Nc1ncnc2c1ncn2[C@@H]1O[C@H](CSCCCNC(=O)Nc2ccccc2)[C@@H](O)[C@H]1O,81.36,ppbr_az,TDC
CHEMBL2177919,Cc1cc(C2(c3cccc(-c4cncnc4)c3)N=C(N)c3c(F)cccc32)cn(C)c1=O,81.01,ppbr_az,TDC
CHEMBL2057371,CC(C)(C)NS(=O)(=O)c1cncc(-c2ccc3nc(NC(=O)NCC(=O)N4CCCC4)nn3c2)c1,67.12,ppbr_az,TDC
CHEMBL914,CC(C)(C(=O)O)c1ccc(C(O)CCCN2CCC(C(O)(c3ccccc3)c3ccccc3)CC2)cc1,62.94,ppbr_az,TDC
CHEMBL34259,CN(Cc1cnc2nc(N)nc(N)c2n1)c1ccc(C(=O)N[C@@H](CCC(=O)O)C(=O)O)cc1,46.55,ppbr_az,TDC
CHEMBL215295,N=C(N)c1ccc(CNC(=O)C2(NC(=O)[C@H](NCC(=O)O)C3CCCCC3)Cc3ccccc3C2)cc1,45.98,ppbr_az,TDC
CHEMBL1950729,CN[C@@H](C)C(=O)N[C@H](C(=O)N[C@H]1CCCN(C(=O)c2ccccc2)C1)C1CCCCC1,44.84,ppbr_az,TDC
CHEMBL2087421,COc1cc(C)c(S(=O)(=O)N(C)CCOCC(=O)N2CCN(C3CCN(C)CC3)CC2)c(C)c1,42.01,ppbr_az,TDC
CHEMBL16073,CCOc1ccc(NC(C)=O)cc1,34.94,ppbr_az,TDC
CHEMBL860,CN(C)CC/C=C1\c2ccccc2COc2ccccc21,78.79,ppbr_az,TDC
CHEMBL517437,O=C(Nc1ccc(Cl)c(C(=O)Nc2cncs2)c1)c1cccc(C(F)(F)F)c1,99.6,ppbr_az,TDC
CHEMBL211677,Cc1ccc2c(c1)c(-c1cc(C)nc3ccccc13)c(C)n2CC(=O)O,99.6,ppbr_az,TDC
CHEMBL2216902,CC(C)c1nc2ccccc2n1-c1nc(N2CCOCC2)c2nc(OC3CN(C4CCS(=O)(=O)CC4)C3)n(C)c2n1,78.01,ppbr_az,TDC
CHEMBL2103828,CNc1cc2[nH]c(=O)n(-c3ccc(NC(=O)NS(=O)(=O)c4ccc(Cl)s4)cc3)c(=O)c2cc1F,99.58,ppbr_az,TDC
CHEMBL2312920,CCCN(c1cccc(C#N)c1)P(=O)(c1ccccc1)c1ccccc1,99.44,ppbr_az,TDC
CHEMBL2158818,O=C(O)C(c1ccccc1)N1CCO[C@H](CN2CCC(Oc3ccc(Cl)c(Cl)c3)CC2)C1,99.36,ppbr_az,TDC
CHEMBL2335906,C[C@@H](NC1=CC(=O)CNC1)c1ccc(Nc2ncc3cc(-c4ccncc4)ccc3n2)cc1,96.42,ppbr_az,TDC
CHEMBL521248,COc1cc2ncc(C(N)=O)c(Nc3cc(C)ccc3F)c2cc1OC,96.42,ppbr_az,TDC
CHEMBL457608,C[C@H](Nc1ncc(Cl)c(Nc2cc(C3CC3)[nH]n2)n1)c1ccc(F)cn1,96.42,ppbr_az,TDC
CHEMBL2164389,O=C(NCc1ccc(OC(F)(F)F)cc1)C1c2ccccc2C(=O)N1CCc1ccccn1,96.42,ppbr_az,TDC
CHEMBL364714,C[C@@H](C(N)=O)c1ccc(OS(=O)(=O)C(F)(F)F)cc1,86.59,ppbr_az,TDC
CHEMBL375293,c1cncc(Nc2ncc(-c3ccncn3)c(-c3ccco3)n2)c1,86.05,ppbr_az,TDC
CHEMBL1801962,COc1ccccc1C(=O)/C=C/c1ccccc1C(F)(F)F,99.91,ppbr_az,TDC
CHEMBL482552,O=C(Nc1ccc(CN2CCNCC2)cc1-c1nc2ccccc2[nH]1)c1cnc2ccccc2n1,99.91,ppbr_az,TDC
CHEMBL1824036,CS(=O)(=O)c1ccc2c(c1)N(CCN1CCC(NCc3ccc4c(n3)NC(=O)CO4)CC1)C(=O)CO2,85.48,ppbr_az,TDC
CHEMBL1807827,O=c1[nH]c2c(O)ccc([C@@H](O)CNCCSCCCNCCc3cccc(Cl)c3)c2s1,84.3,ppbr_az,TDC
CHEMBL1778647,CCS(=O)(=O)c1ccc(-c2cc(Cl)ccc2OCC(=O)O)c(C(F)(F)F)c1,98.47,ppbr_az,TDC
CHEMBL2062564,CC(=O)Nc1ccc2cnn(-c3cc(NC4CC4)n4ncc(C#N)c4n3)c2c1,98.09,ppbr_az,TDC
CHEMBL2335871,COCCNC(=O)c1ccc(Nc2ncc3cc(-c4cnccc4C)ccc3n2)cc1,97.38,ppbr_az,TDC
CHEMBL2324355,Cc1nocc1C(=O)Nc1ccc(-c2ccccc2OC(F)(F)F)c(N)n1,98.4,ppbr_az,TDC
CHEMBL2179279,CCC(C)(C)C[C@H](c1ccc(C(=O)O)c(Oc2cccc(Cl)c2)c1)N1CCC[C@H](n2cc(C)c(=O)[nH]c2=O)C1,98.37,ppbr_az,TDC
CHEMBL1916085,Cc1ccc(S(=O)(=O)Nc2c(C(=O)N(C)C3CCCCC3)cnn2-c2ccccc2)cc1,98.29,ppbr_az,TDC
CHEMBL2313226,O=P(c1ccccc1)(c1ccccc1)N(Cc1ccccn1)c1cccnc1,97.66,ppbr_az,TDC
CHEMBL1526668,O=C(c1csc2c1CCCC2)N1CCCCC1,90.72,ppbr_az,TDC
CHEMBL1560,C[C@H](CS)C(=O)N1CCC[C@H]1C(=O)O,90.12,ppbr_az,TDC
CHEMBL2018953,O=C([C@H]1CCCCN1)N1CCN(c2nc(NCc3ccc(Cl)cc3Cl)c3cccnc3n2)CC1,88.11,ppbr_az,TDC
CHEMBL11,CN(C)CCCN1c2ccccc2CCc2ccccc21,87.87,ppbr_az,TDC
CHEMBL1951080,COc1cc(OC)c(S(=O)(=O)N2c3ccccc3CCC2C)cc1NC(=O)CSCC(=O)O,87.37,ppbr_az,TDC
CHEMBL2178935,Cc1nc(C)c(-c2ccc([C@H]3CC[C@H](CC(N)=O)CC3)cc2)nc1C(N)=O,87.11,ppbr_az,TDC
CHEMBL447183,N#Cc1ccc(C(=O)N2CCC3(CC2)N=C(N)c2c(F)ccc(F)c2N3)cn1,86.59,ppbr_az,TDC
CHEMBL83597,CN1CCC[C@@H]1Cc1c[nH]c2ccc(Nc3ncccc3[N+](=O)[O-])cc12,86.32,ppbr_az,TDC
CHEMBL1945044,COc1cccc(CNCc2cccc(CCNC[C@H](O)c3ccc(O)c4[nH]c(=O)sc34)c2)c1,86.32,ppbr_az,TDC
CHEMBL2338404,CC(C)(C)CS(=O)(=O)NCCN1CCN(CC(=O)NC23CC4CC(CC(C4)C2)C3)CC1,86.05,ppbr_az,TDC
CHEMBL2059376,CCNC(=O)c1cc2c(-n3ccc(C(F)(F)F)n3)c(-c3cncc(C(=O)NC)c3)cnc2[nH]1,85.19,ppbr_az,TDC
CHEMBL481205,COCCOc1cc2ncc(C(N)=O)c(Nc3ccc(C)cc3F)c2cc1N1CCN(C)CC1,84.9,ppbr_az,TDC
CHEMBL1381135,COc1cnc(-c2ccccn2)nc1N(C)C,83.68,ppbr_az,TDC
CHEMBL1916546,COc1cc2c(ccc(=O)n2CCN2CCC(NCc3cc4c(cn3)OCCO4)CC2)cn1,83.37,ppbr_az,TDC
CHEMBL192,CCCc1nn(C)c2c(=O)[nH]c(-c3cc(S(=O)(=O)N4CCN(C)CC4)ccc3OCC)nc12,95.53,ppbr_az,TDC
CHEMBL480457,CN1CCN(c2ccc3ncc(C(N)=O)c(Nc4cccc(Cl)c4Cl)c3c2)CC1,95.43,ppbr_az,TDC
CHEMBL1773082,Cc1cc(Nc2nc(N[C@@H](C)c3ccc(F)cn3)c(C#N)cc2Cl)n[nH]1,96.42,ppbr_az,TDC
CHEMBL339053,O=C(N[C@H](Cc1ccc(Cl)cc1)C(=O)N1CCC(Cn2cncn2)(C2CCCCC2)CC1)[C@H]1Cc2ccccc2CN1,99.3,ppbr_az,TDC
CHEMBL1532611,Nc1ccc(OCCc2ccccc2)cc1,96.57,ppbr_az,TDC
CHEMBL2012204,Cc1cc([C@H](O)[C@](C)(OCc2ccc(-c3ccccc3)cc2)C(=O)NO)no1,96.72,ppbr_az,TDC
CHEMBL402501,C[C@H](Cc1cccc(CC(=O)NC23CC4CC(CC(C4)C2)C3)c1)NC[C@H](O)c1ccc(O)c(CO)c1,89.91,ppbr_az,TDC
CHEMBL2207666,O=C(NC[C@@H](O)CN1CCC(Oc2ccc(Cl)c(Cl)c2)CC1)c1c[nH]c(=O)c2ccccc12,98.17,ppbr_az,TDC
CHEMBL2179666,Cc1cn([C@H]2CCCN(Cc3ccc(C(=O)O)c(Oc4cccc(Br)c4)c3)C2)c(=O)[nH]c1=O,98.09,ppbr_az,TDC
CHEMBL2059195,O=C(O)/C=C/c1cccc(-c2cnc3[nH]ccc3c2)c1,97.81,ppbr_az,TDC
CHEMBL2048866,N[C@@H]1CCCN(c2c(Cl)cccc2/C=C2\SC(=O)NC2=O)C1,97.76,ppbr_az,TDC
CHEMBL865,Cc1onc(-c2ccccc2)c1-c1ccc(S(N)(=O)=O)cc1,97.55,ppbr_az,TDC
CHEMBL2062565,CC(=O)Nc1cnc2ccn(-c3cc(NC4CC4)n4ncc(C#N)c4n3)c2c1,97.49,ppbr_az,TDC
CHEMBL1761870,C[C@H]1CN(C(=O)N[C@H](Cc2ccc(F)cc2)C(=O)N2CCC(C(=O)NC(C)(C)C)(C3CCCCC3)CC2)C[C@@H](C)N1,92.32,ppbr_az,TDC
CHEMBL196707,Cc1c(CC(=O)O)c2cc(F)ccc2n1S(=O)(=O)c1ccc(S(C)(=O)=O)cc1,92.32,ppbr_az,TDC
CHEMBL522771,Cc1ncsc1C(=O)N(Cc1cc(=O)[nH]c2c(F)cccc12)c1cccc(Cl)c1,97.91,ppbr_az,TDC
CHEMBL1086580,Oc1nc(-c2ccc(C(F)(F)F)cc2)nc2c1CSCC2,97.6,ppbr_az,TDC
CHEMBL7568,CCN(CC)CCCC(C)Nc1c2ccc(Cl)cc2nc2ccc(OC)cc12,88.59,ppbr_az,TDC
CHEMBL297685,Cn1c(-c2cccc(F)c2)nc2c(N)nc(C#CC3(O)CCCC3)nc21,88.11,ppbr_az,TDC
CHEMBL1951187,COc1cc(OC)c(S(=O)(=O)NCc2ccccc2N2CCC(CC(=O)O)CC2)cc1NC(=O)CCC(=O)O,91.28,ppbr_az,TDC
CHEMBL1088752,Cc1c(F)cc(C(=O)NC2CC2)cc1-c1ccc(C(=O)NCC(C)(C)C)cn1,88.11,ppbr_az,TDC
CHEMBL1917457,CC(=O)Nc1cccc2c1c(Oc1ccc(Cl)cc1)c(C)n2CC(=O)O,87.62,ppbr_az,TDC
CHEMBL1824030,O=C1COc2ccc(CNC3CCN(CCN4C(=O)COc5ccc(O)cc54)CC3)nc2N1,86.59,ppbr_az,TDC
CHEMBL1353474,Cc1cc(C)c(S(=O)(=O)NCc2ccncc2)c(C)c1,86.05,ppbr_az,TDC
CHEMBL2348642,CNc1nc(C)c(-c2nc(Nc3cccc(N4CCNCC4)c3)ncc2C#N)s1,86.05,ppbr_az,TDC
CHEMBL1778642,CS(=O)(=O)c1ccc(-c2cc(Cl)ccc2OCC(=O)O)c(Cl)c1,97.49,ppbr_az,TDC
CHEMBL54,O=C(CCCN1CCC(O)(c2ccc(Cl)cc2)CC1)c1ccc(F)cc1,85.48,ppbr_az,TDC
CHEMBL1509029,Cc1nc2ccc(NS(=O)(=O)c3ccc(C)c(C)c3)cc2s1,99.9,ppbr_az,TDC
CHEMBL1092240,O=[N+]([O-])c1c(Nc2ccc(-n3cncn3)cc2)ncnc1N1CCC(Sc2ccccn2)CC1,99.83,ppbr_az,TDC
CHEMBL1367530,Cc1ccc(-c2nnc(SCC(=O)N3CCN(c4ccccc4)CC3)o2)cc1,99.82,ppbr_az,TDC
CHEMBL340978,CC(C(=O)O)c1ccc2oc(-c3ccc(Cl)cc3)nc2c1,99.76,ppbr_az,TDC
CHEMBL402986,C[C@H](CO)Nc1nc(SCc2ccccc2)nc2[nH]c(=O)sc12,99.71,ppbr_az,TDC
CHEMBL12952,COc1ccc2cc(C(C)C(=O)O)ccc2c1,99.7,ppbr_az,TDC
CHEMBL259850,COc1ccc(CNC(=O)Nc2ncc([N+](=O)[O-])s2)cc1,99.68,ppbr_az,TDC
CHEMBL1683934,O=C(Nc1ccccc1-c1ccccc1)OC1CCN(CCCCCCCCCNC[C@H](O)c2ccc(O)c3[nH]c(=O)ccc23)CC1,88.11,ppbr_az,TDC
CHEMBL560377,c1ccc2nc(COc3ccc(-c4n[nH]cc4-c4ccncc4)cc3)ccc2c1,99.8,ppbr_az,TDC
CHEMBL2171037,CN(C)c1ccc(S(=O)(=O)NC(=O)N2CCC(N3CCC(Oc4ccc(Cl)c(Cl)c4)CC3)CC2)cc1,99.83,ppbr_az,TDC
CHEMBL356687,CN(C)c1cc(NC(=O)Nc2cccc(Cl)c2)c2ccccc2n1,99.86,ppbr_az,TDC
CHEMBL1428,COCCOC(=O)C1=C(C)NC(C)=C(C(=O)OC(C)C)C1c1cccc([N+](=O)[O-])c1,98.17,ppbr_az,TDC
CHEMBL490,Fc1ccc([C@@H]2CCNC[C@H]2COc2ccc3c(c2)OCO3)cc1,89.91,ppbr_az,TDC
CHEMBL1078178,N#CCNC(=O)c1ccc(-c2ccnc(Nc3ccc(N4CCOCC4)cc3)n2)cc1,89.7,ppbr_az,TDC
CHEMBL1683032,CCOc1cc2nnc(C(N)=O)c(Nc3cc(C)ccc3F)c2cc1N1CCN(C)CC1,89.27,ppbr_az,TDC
CHEMBL6966,COc1ccc(CCN(C)CCCC(C#N)(c2ccc(OC)c(OC)c2)C(C)C)cc1OC,89.27,ppbr_az,TDC
CHEMBL258282,CN1CCN(CCOc2n[nH]c3ncnc(Nc4ccc(OCc5ccccn5)c(Cl)c4)c23)CC1,88.35,ppbr_az,TDC
CHEMBL2207281,O=C(NC[C@@H](O)CN1CCC(Oc2ccc(Cl)c(Cl)c2)CC1)c1c[nH]c(=O)c2cc(S(=O)(=O)NCCO)ccc12,87.62,ppbr_az,TDC
CHEMBL445,CNCCC=C1c2ccccc2CCc2ccccc21,86.85,ppbr_az,TDC
CHEMBL186995,O=C(NCc1ccccc1Cl)c1cccnc1Oc1ccccc1,86.59,ppbr_az,TDC
CHEMBL2206789,COCCC(Oc1ncnc2c1cnn2-c1ccccc1OC)C(=O)Nc1ccc(C)cn1,86.05,ppbr_az,TDC
CHEMBL2181926,CCOC(=O)C1=C(C)NC(C)=C(C(C)=O)[C@H]1c1cccc2c(=O)cc(C)oc12,85.19,ppbr_az,TDC
CHEMBL1322390,COc1ccc2nc(NC(=O)CCc3ccc(OC)c(OC)c3)sc2c1,99.94,ppbr_az,TDC
CHEMBL2011440,COc1nc(Cl)c(Cl)nc1NS(=O)(=O)c1ccc(Cl)s1,99.92,ppbr_az,TDC
CHEMBL205526,CC(C)Cn1c(=O)n(C)c(=O)c2c(SCCCO)c(Cc3cccc4ccccc34)sc21,99.9,ppbr_az,TDC
CHEMBL229430,CC(=O)Nc1nc2c(Oc3cc(-c4ccc(C(F)(F)F)cc4)ncn3)cccc2s1,99.9,ppbr_az,TDC
CHEMBL1963131,COc1ccc([C@]2(O)CC[C@H](N3CC[C@@H](NC(=O)CNC(=O)c4cccc(C(F)(F)F)c4)C3)CC2)cn1,78.79,ppbr_az,TDC
CHEMBL49,O=C1CC2(CCCC2)CC(=O)N1CCCCN1CCN(c2ncccn2)CC1,77.62,ppbr_az,TDC
CHEMBL1824041,N#Cc1ccc2c(c1)N(CCN1CCC(NCc3ccc4c(n3)NC(=O)CO4)CC1)C(=O)CO2,77.21,ppbr_az,TDC
CHEMBL1256568,O=C(O)CNC(=O)c1ncccc1O,76.81,ppbr_az,TDC
CHEMBL1650735,COc1cc(Nc2cc(N3CCOCC3)nc(N[C@@H](C)c3ncc(F)cn3)n2)n[nH]1,72.45,ppbr_az,TDC
CHEMBL30054,O=C(Cn1c(Cl)cnc(NCC(F)(F)c2ccccn2)c1=O)NCc1ncccc1F,71.99,ppbr_az,TDC
CHEMBL1824038,CCS(=O)(=O)c1ccc2c(c1)N(CCN1CCC(NCc3ccc4c(n3)NC(=O)CO4)CC1)C(=O)CO2,69.61,ppbr_az,TDC
CHEMBL2147033,O=C1COC2(CCN(S(=O)(=O)c3ccc(-c4ccc5cnccc5c4)cc3)CC2)CN1C1CC1,99.82,ppbr_az,TDC
CHEMBL2147474,COc1cc(-n2cnc3cc(-c4ccc(Cl)cc4)sc3c2=O)ccc1OC[C@H](O)C1CC1,99.79,ppbr_az,TDC
CHEMBL2323239,O=C(CSc1nc2c(c(=O)n1-c1ccccc1)SCC2)Nc1ncc(-c2ccccc2)s1,99.77,ppbr_az,TDC
CHEMBL2010836,CN(C(=O)Cc1ccc(-n2cnnn2)cc1)C1CCN(Cc2ccc(C(F)(F)F)cc2)CC1,91.28,ppbr_az,TDC
CHEMBL2164567,CCN(CCO)C(=O)c1cc2cccnc2n1-c1cccc(C(F)(F)F)c1,90.72,ppbr_az,TDC
CHEMBL507674,CCN1CCN(C(=O)N[C@@H](C(=O)N[C@@H]2C(=O)N3C(C(=O)O)=C(CSc4nnnn4C)CS[C@H]23)c2ccc(O)cc2)C(=O)C1=O,90.12,ppbr_az,TDC
CHEMBL576257,Cc1cc(Nc2cnc(C#N)c(N[C@@H](C)c3ccc(F)cn3)n2)n[nH]1,85.48,ppbr_az,TDC
CHEMBL560423,O=C(NCC1(O)CCCCCC1)c1cc(-n2ncc(=O)[nH]c2=O)ccc1Cl,75.97,ppbr_az,TDC
CHEMBL384536,CC(C)Cn1c(=O)n(C)c(=O)c2c(C(=O)N3C[C@H](O)CO3)c(Cc3c[nH]c4ncccc34)sc21,75.55,ppbr_az,TDC
CHEMBL1917441,Cc1ccc2c(c1)c(Sc1cccc(Cl)c1)c(C)n2CC(=O)O,99.64,ppbr_az,TDC
CHEMBL2165067,COc1ccc2ncc(=O)n(CCN3CC[C@@H](NCc4ccc5c(n4)NC(=O)CO5)[C@@H](F)C3)c2c1,75.55,ppbr_az,TDC
CHEMBL562310,O=C(Nc1cccc2cccnc12)c1ccc(N2C(=O)[C@H]3[C@H]4C=C[C@H](C4)[C@H]3C2=O)cc1,98.89,ppbr_az,TDC
CHEMBL2179276,Cc1cn([C@H]2CCCN([C@@H](CC(C)C)c3ccc(C(=O)O)c(Oc4cccc(Cl)c4)c3)C2)c(=O)[nH]c1=O,98.89,ppbr_az,TDC
CHEMBL304087,COc1cc(NC(=O)Nc2cccc(CNC(=O)O[C@H]3CCOC3)c2)ccc1-c1cnco1,98.7,ppbr_az,TDC
CHEMBL1950845,CN[C@@H](C)C(=O)N[C@H](C(=O)N[C@H]1CCCN([C@@H]2CCCc3ccccc32)C1)C1CCCCC1,93.24,ppbr_az,TDC
CHEMBL379350,CCN(CC)c1ccc2cc(C(C)=O)c(=O)oc2c1,92.8,ppbr_az,TDC
CHEMBL2151322,CC(C)Oc1cc(-n2cnc3ccc(N[C@@H](CO)c4ccc(F)cn4)nc32)n[nH]1,91.82,ppbr_az,TDC
CHEMBL2316382,COc1ccc(NC(=O)c2ccc(C[S+](C)[O-])c3ccccc23)c(C(=O)NCC2CCOCC2)n1,94.56,ppbr_az,TDC
CHEMBL2180033,CC1=NC(c2cccc(-c3cncc(Cl)c3)c2)(C2CC2)N=C1N,93.53,ppbr_az,TDC
CHEMBL2164371,O=C(NCc1ccc(OC(F)(F)F)cc1)C1c2ccccc2C(=O)N1C1CCOCC1,90.52,ppbr_az,TDC
CHEMBL1435,Cc1nnc(SCC2=C(C(=O)O)N3C(=O)[C@@H](NC(=O)Cn4cnnn4)[C@H]3SC2)s1,90.32,ppbr_az,TDC
CHEMBL230245,CC(C)S(=O)(=O)N(C)c1cc(C(=O)N[C@@H](Cc2ccccc2)[C@@H](N)CF)cc(NC[C@H]2C[C@@H]2C)n1,95.53,ppbr_az,TDC
CHEMBL2158441,O=c1cc(N2CCOCC2)nc(NCc2c(Cl)cccc2Cl)[nH]1,96.0,ppbr_az,TDC
CHEMBL2207596,COc1cc(O)c(S(=O)(=O)N2c3ccccc3CCC2C)cc1NC(=O)CCC(=O)O,95.63,ppbr_az,TDC
CHEMBL2171020,O=C(c1c[nH]c(=O)c2ccccc12)N1CCC(N2CCC(Oc3ccc(Cl)c(Cl)c3)CC2)CC1,91.1,ppbr_az,TDC
CHEMBL2059377,CCNC(=O)c1cc2c(-n3ccc(C(F)(F)F)n3)c(-c3cncc(C#N)c3)cnc2[nH]1,91.1,ppbr_az,TDC
CHEMBL402146,O=C(Nc1ccc(Cl)nc1)c1ccc(F)c(F)c1,90.72,ppbr_az,TDC
CHEMBL41355,CCOC(=O)Nc1ccc(NCc2ccc(F)cc2)cc1N,86.05,ppbr_az,TDC
CHEMBL1294,C=C[C@H]1CN2CC[C@H]1C[C@@H]2[C@@H](O)c1ccnc2ccc(OC)cc12,85.48,ppbr_az,TDC
CHEMBL1078685,N#Cc1cc(-c2n[nH]c(-c3ccncc3)n2)ccn1,84.9,ppbr_az,TDC
CHEMBL379828,COc1ccc2c(c1)c(-c1ccnc3cc(Cl)ccc13)c(C)n2CC(=O)O,99.69,ppbr_az,TDC
CHEMBL1288009,COc1ccc(-c2cc3c(N[C@H]4CCCNC4)ncc(C(N)=O)c3s2)cc1,93.39,ppbr_az,TDC
CHEMBL570192,Cc1cc(Nc2nc(O[C@@H](C)c3ccc(F)cn3)c(C#N)nc2C)n[nH]1,94.06,ppbr_az,TDC
CHEMBL2180027,COc1ccc(C2(c3cccc(-c4cncnc4)c3)N=C(C)C(N)=N2)cc1C,93.8,ppbr_az,TDC
CHEMBL1778641,CCS(=O)(=O)c1ccc(-c2cc(Cl)ccc2OCC(=O)O)cc1,97.26,ppbr_az,TDC
CHEMBL1950855,CN[C@@H](C)C(=O)N[C@H](C(=O)N[C@H]1CCCN(CCc2ccc(Cl)cc2)C1)C(C)(C)C,97.07,ppbr_az,TDC
CHEMBL1951081,COc1cc(OC)c(S(=O)(=O)N2c3ccccc3CCC2C)cc1NC(=O)CSc1ccncc1,97.07,ppbr_az,TDC
CHEMBL2179669,Cc1cn([C@H]2CCCN(Cc3ccc(C(=O)O)c(Oc4cccc(C(F)(F)F)c4)c3)C2)c(=O)[nH]c1=O,97.07,ppbr_az,TDC
CHEMBL2158790,Cc1c(OC2CCN(CC3CCN([C@@](C)(Cc4ccc(F)cc4)C(=O)O)CC3)CC2)ccc(Cl)c1Cl,96.79,ppbr_az,TDC
CHEMBL2059867,Cc1nc(-c2ccc(C)c(NC(=O)c3ccc(OCc4ccccn4)cc3)c2)c[nH]1,96.79,ppbr_az,TDC
CHEMBL1598817,Cc1ccc(Cl)cc1NC(=O)CCS(=O)(=O)c1ccc(Br)s1,98.89,ppbr_az,TDC
CHEMBL2147317,COc1cnc(-c2cccc(F)c2C(F)(F)CNC(=O)c2ccc(COCC(F)(F)F)nc2)cn1,96.72,ppbr_az,TDC
CHEMBL2179278,Cc1cn([C@H]2CCCN([C@@H](CC(C)(C)C)c3ccc(C(=O)O)c(Oc4cccc(Br)c4)c3)C2)c(=O)[nH]c1=O,99.01,ppbr_az,TDC
CHEMBL518770,CC(C)Oc1cc2ncc(C(N)=O)c(Nc3ccc(Cl)c(Cl)c3)c2cc1N1CCN(C)CC1,99.01,ppbr_az,TDC
CHEMBL2158051,CN[C@@H](C)C(=O)N[C@H]1CN(C(=O)CC(C)C)CC[C@H]2CC[C@@H](C(=O)NC(c3ccccc3)c3ccccc3)N2C1=O,74.69,ppbr_az,TDC
CHEMBL2171169,CC(C)N(CCCNC(=O)Nc1ccc(C(C)(C)C)cc1)C[C@H]1O[C@@H](n2cnc3c(N)ncnc32)[C@H](O)[C@@H]1O,71.53,ppbr_az,TDC
CHEMBL2207671,CS(=O)(=O)c1ccc2c(C(=O)NC[C@@H](O)CN3CCC(Oc4ccc(Cl)c(Cl)c4)CC3)c[nH]c(=O)c2c1,90.32,ppbr_az,TDC
CHEMBL2207670,CS(=O)(=O)c1ccc2c(C(=O)NC[C@@H](O)CN3CCC(Oc4ccc(C#N)c(Cl)c4)CC3)c[nH]c(=O)c2c1,68.13,ppbr_az,TDC
CHEMBL2011923,CNc1c(C(N)=O)cnc2[nH]c(-c3ccc(OCCN4CCOCC4)cc3)nc12,78.79,ppbr_az,TDC
CHEMBL1650734,Cc1cc(Nc2nc(N[C@@H](C)c3ncc(F)cn3)nc(N3CCOCC3)c2Cl)n[nH]1,77.21,ppbr_az,TDC
CHEMBL551813,CN(C)c1nc(Cc2ccc(NC(=O)c3ccc(C(F)(F)F)cc3)cc2)nc(N(C)C)c1CC(=O)O,99.61,ppbr_az,TDC
CHEMBL2324423,N#Cc1cc(S(=O)(=O)Nc2ncns2)ccc1Oc1cc(Cl)c(F)cc1-c1ccnnc1,99.59,ppbr_az,TDC
CHEMBL1957381,Cc1cc(-c2ccc(-c3nc4ccncc4c(O)c3C#N)cc2)ccn1,99.59,ppbr_az,TDC
CHEMBL403313,CN(C)S(=O)(=O)NC(=O)CCCc1c(-c2ccc(F)cc2)[nH]c2ccc(C#N)cc12,99.59,ppbr_az,TDC
CHEMBL1951165,COc1cc(OC)c(S(=O)(=O)N(c2ccccc2)C(C)C)cc1NC(C)=O,99.5,ppbr_az,TDC
CHEMBL98760,CC(C)NC(=O)c1ccc2c(Nc3ccc(Cl)cc3)nc(N3CCOCC3)nc2c1,99.49,ppbr_az,TDC
CHEMBL165790,CC(C)Oc1ccc2c(=O)c(-c3ccccc3)coc2c1,99.47,ppbr_az,TDC
CHEMBL370492,CCc1nc2cc(O)ccc2c(Oc2ccc(/C=C/C(=O)O)cc2)c1-c1ccccc1,99.44,ppbr_az,TDC
CHEMBL1412533,Clc1ccc(OCc2cn3ccccc3n2)c2ncccc12,99.4,ppbr_az,TDC
CHEMBL2181247,O=C1COc2nccc(-c3ccccc3F)c2CN1Cc1cc(C(F)(F)F)cc(C(F)(F)F)c1,99.37,ppbr_az,TDC
CHEMBL1917448,COc1cccc(S(=O)(=O)c2c(C)n(CC(=O)O)c3ccc(C)cc23)c1,99.37,ppbr_az,TDC
CHEMBL1464,CC(=O)CC(c1ccccc1)c1c(O)c2ccccc2oc1=O,99.31,ppbr_az,TDC
CHEMBL1957380,N#Cc1c(-c2ccc(-c3cccnc3)cc2)nc2ccncc2c1O,99.3,ppbr_az,TDC
CHEMBL1818295,CC(C)(C)OC(=O)NC[C@H]1CC[C@H](CNC(=O)c2cc(N3CCC(CCO)CC3)nc3ccccc23)CC1,99.3,ppbr_az,TDC
CHEMBL1916261,CCC(CC)NC(=O)c1nnn(-c2ccccc2)c1NS(=O)(=O)c1ccc(C)cc1,99.28,ppbr_az,TDC
CHEMBL594671,CC(C)[C@H](C(=O)Nc1nccs1)c1ccc(Cl)cc1,99.26,ppbr_az,TDC
CHEMBL1528356,Cc1ccc(S(=O)(=O)N(C)c2ccc3sc(C)nc3c2)cc1,99.26,ppbr_az,TDC
CHEMBL480057,COc1cc2ncc(C(N)=O)c(Nc3ccccc3C)c2cc1OC,99.19,ppbr_az,TDC
CHEMBL1916279,Cc1ccc(S(=O)(=O)Nc2c(C(=O)NCC(C)(C)C)c(C)nn2-c2ccccc2)cc1,99.18,ppbr_az,TDC
CHEMBL1081913,CC(C)(C)OC(=O)N1CCC(OCc2nc(-c3ccncc3)no2)CC1,99.16,ppbr_az,TDC
CHEMBL1096896,CCNC(=O)[C@H]1O[C@@H](n2cnc3c(NCC(c4ccccc4)c4ccccc4)nc(C(=O)NCCNC(=O)NC4CCN(c5ccccn5)CC4)nc32)[C@H](O)[C@@H]1O,99.1,ppbr_az,TDC
CHEMBL1272,CCOc1cc(CC(=O)N[C@@H](CC(C)C)c2ccccc2N2CCCCC2)ccc1C(=O)O,99.1,ppbr_az,TDC
CHEMBL2147303,COc1ncc(-c2ccccc2C(F)(F)CNC(=O)c2ccc(COCC(F)(F)F)nc2)cn1,99.01,ppbr_az,TDC
CHEMBL2179283,CCCC(C)(C)C[C@H](c1ccc(C(=O)O)c(Oc2cccc(Cl)c2)c1)N1CCC[C@H](n2cc(C)c(=O)[nH]c2=O)C1,99.01,ppbr_az,TDC
CHEMBL475534,CCOC(=O)C1=C(C)NC(C)=C(C(=O)OC)C1c1cccc([N+](=O)[O-])c1,99.1,ppbr_az,TDC
CHEMBL560219,O=C(Cc1ccc(Cl)c(C(F)(F)F)c1)Nc1cccc2c(=O)n(CCO)ccc12,99.03,ppbr_az,TDC
CHEMBL1530127,Cc1ccc(CNC(=O)CCS(=O)(=O)c2ccc(Br)cc2)cc1,98.7,ppbr_az,TDC
CHEMBL2070241,CCCC[C@H](NC(C)=O)C(=O)N[C@H]1CC(=O)NCCCC[C@@H](C(=O)O)NC(=O)[C@H](Cc2c[nH]c3ccccc23)NC(=O)[C@H](CCCNC(=N)N)NC(=O)[C@@H](Cc2ccccc2)NC(=O)[C@H](Cc2cnc[nH]2)NC1=O,27.09,ppbr_az,TDC
CHEMBL93484,CC1N=C(N)N=C(N)N1c1ccc(Cl)cc1,25.31,ppbr_az,TDC
CHEMBL1824043,O=C1COc2ccc(CNC3CCN(CCN4C(=O)COc5ccc(F)cc54)CC3)nc2N1,83.04,ppbr_az,TDC
CHEMBL1614705,O=C(CO)N1CCC(c2[nH]nc(-c3ccc(Cl)cc3F)c2-c2ccncn2)CC1,74.69,ppbr_az,TDC
CHEMBL515062,CC(C)Oc1cc(Nc2nc(N[C@@H](C)c3ccc(F)cn3)nc(OC(CO)CO)c2Cl)n[nH]1,82.39,ppbr_az,TDC
CHEMBL2165061,COc1ccc2ncc(=O)n(CCN3CC[C@@H](NCc4ccc5c(n4)NC(=O)CO5)[C@H](OC)C3)c2c1,82.05,ppbr_az,TDC
CHEMBL2010831,CN(C(=O)Cc1ccc(S(C)(=O)=O)cc1)C1CCN(Cc2ccc(C(F)(F)F)cc2)CC1,81.01,ppbr_az,TDC
CHEMBL1934422,Cc1ccc(S(=O)(=O)Nc2c(C(=O)N[C@@H](C)C(C)(C)C)c(C)nn2C2CCOCC2)cc1,79.17,ppbr_az,TDC
CHEMBL1650698,C[C@H](Nc1ncc(F)c(Nc2cc(C3CC3)[nH]n2)n1)c1ncc(F)cn1,77.62,ppbr_az,TDC
CHEMBL606052,N#Cc1ccc2c(c1)NC(=O)C2c1ncnc2cc(OCCCN3CCOCC3)ccc12,98.7,ppbr_az,TDC
CHEMBL480456,CN1CCN(c2ccc3ncc(C(N)=O)c(Nc4ccc(Cl)c(Cl)c4)c3c2)CC1,94.19,ppbr_az,TDC
CHEMBL81324,Clc1ccc(C(c2ccccc2)N2CCNCC2)cc1,94.19,ppbr_az,TDC
CHEMBL2158785,Cc1c(OC2CCN(CC3CCN([C@@H](Cc4ccc(F)cc4)C(=O)O)CC3)CC2)ccc(C#N)c1Cl,94.06,ppbr_az,TDC
CHEMBL1201335,C[N+]1(C)CCC(OC(=O)C(O)(c2ccccc2)C2CCCC2)C1,28.95,ppbr_az,TDC
CHEMBL193836,CC(C)c1ccc(/C=N/NC(=O)c2ccc(O)cc2)cc1,94.32,ppbr_az,TDC
CHEMBL1683037,COc1cc2nnc(C(N)=O)c(Nc3cc(C)ccc3F)c2cc1N1CCN(C)CC1,92.95,ppbr_az,TDC
CHEMBL212521,CC[C@H](N)C(=O)N[C@H](C#N)Cc1ccc(-c2ccccc2)cc1,91.99,ppbr_az,TDC
CHEMBL2151138,CN1C(=N)N[C@](C)(c2cc(-c3cccc(C#N)c3)cs2)CC1=O,91.64,ppbr_az,TDC
CHEMBL218573,CC(C)Cn1c(=O)n(C)c(=O)c2c(C(=O)N3C[C@H](O)CO3)c(Cc3ccccc3C(F)(F)F)sc21,94.79,ppbr_az,TDC
CHEMBL2158771,N#Cc1ccc(C[C@@H](C(=O)O)N2CCC(CN3CCC(Oc4ccc(Cl)c(Cl)c4)CC3)CC2)cc1,94.79,ppbr_az,TDC
CHEMBL549344,CCc1nc2c(N)nc3ccccc3c2n1CCCCNS(C)(=O)=O,66.61,ppbr_az,TDC
CHEMBL519442,COCCOc1cc2ncc(C(N)=O)c(Nc3cccc(Cl)c3F)c2cc1N1CCN(C)CC1,60.77,ppbr_az,TDC
CHEMBL1789155,N#Cc1ccc(Cl)cc1S[C@H](CCN)c1ccccc1,41.45,ppbr_az,TDC
CHEMBL481564,CCOc1cc2ncc(C(N)=O)c(Nc3ccc(F)cc3F)c2cc1N1CCN(C2CC2)CC1,98.61,ppbr_az,TDC
CHEMBL257830,N#Cc1ccc2[nH]c(-c3ccc(F)cc3)c(CCCC(=O)NS(N)(=O)=O)c2c1,98.54,ppbr_az,TDC
CHEMBL481606,CCOc1cc2ncc(C(N)=O)c(Nc3cccc(Cl)c3Cl)c2cc1N1CCN(CCOC)CC1,98.29,ppbr_az,TDC
CHEMBL2207283,Cc1c(Cl)ccc(OC2CCN(C[C@H](O)CNC(=O)c3c[nH]c(=O)c4ccc(S(C)(=O)=O)cc34)CC2)c1Cl,92.32,ppbr_az,TDC
CHEMBL551170,O=C(NCC12CC3CC(CC(C3)C1)C2)c1cc(-n2ncc(=O)[nH]c2=O)ccc1Cl,98.13,ppbr_az,TDC
CHEMBL2158438,O=c1cc(N2CCOCC2)nc(NCc2cccc(Cl)c2)[nH]1,92.95,ppbr_az,TDC
CHEMBL652,O=C(NCC1CCCCN1)c1cc(OCC(F)(F)F)ccc1OCC(F)(F)F,38.14,ppbr_az,TDC
CHEMBL173706,CC(C)(C)NCC(O)COc1nsnc1N1CCOCC1,40.34,ppbr_az,TDC
CHEMBL225519,O=C1NCCc2[nH]c(-c3ccncc3)cc21,41.45,ppbr_az,TDC
CHEMBL235581,O=C(NCC12CC3CC(CC(C3)C1)C2)c1cc(CC2CCNCC2)ccc1Cl,91.28,ppbr_az,TDC
CHEMBL604126,Cc1cc(Oc2ncc(C(F)(F)F)cc2Cl)ccc1CC1SC(=O)NC1=O,99.94,ppbr_az,TDC
CHEMBL2171018,COc1cccc(C(=O)NCCN2CCC(Oc3ccc(Cl)c(Cl)c3)CC2)c1,99.92,ppbr_az,TDC
CHEMBL510193,Fc1ccc(-c2cnc(C3CCN(Cc4ccn(-c5ccc(C(F)(F)F)cc5)c4)CC3)[nH]2)cc1,99.91,ppbr_az,TDC
CHEMBL2070137,CCS(=O)(=O)c1ccc2[nH]c(-c3cccc(-c4ccccc4)c3)nc2c1,99.89,ppbr_az,TDC
CHEMBL472,COc1ccc(Cl)cc1C(=O)NCCc1ccc(S(=O)(=O)NC(=O)NC2CCCCC2)cc1,99.88,ppbr_az,TDC
CHEMBL2180031,CC#Cc1cncc(-c2cccc(C3(c4cc(C)c(OC)c(C)c4)N=C(C)C(N)=N3)c2)c1,99.8,ppbr_az,TDC
CHEMBL1531981,Cc1oc(-c2ccccc2)cc1C(=O)Nc1cccc(C(=O)O)c1,99.8,ppbr_az,TDC
CHEMBL190747,COc1ccc(OC)c(CNC(=O)c2cccnc2Oc2ccccc2)c1,99.8,ppbr_az,TDC
CHEMBL554,CS(=O)(=O)CCNCc1ccc(-c2ccc3ncnc(Nc4ccc(OCc5cccc(F)c5)c(Cl)c4)c3c2)o1,99.74,ppbr_az,TDC
CHEMBL1309895,O=C(/C=C/c1ccccc1Cl)Nc1ccc2c(c1)C(=O)NC2=O,90.52,ppbr_az,TDC
CHEMBL1683035,COc1cc2nnc(C(N)=O)c(Nc3ccc(F)cc3F)c2cc1N1CCN(C)CC1,90.52,ppbr_az,TDC
CHEMBL1916536,COc1ccc2c(c1)N(CCN1CCC(NCc3cc4c(cn3)OCCO4)CC1)C(=O)CS2,90.52,ppbr_az,TDC
CHEMBL1573309,CCN(CC)CCn1c2ccccc2c2cnc(N)c(C#N)c21,89.91,ppbr_az,TDC
CHEMBL452664,COc1cc2ncc(C(N)=O)c(Nc3cccc(Cl)c3Cl)c2cc1NCCN(C)C,89.7,ppbr_az,TDC
CHEMBL1447076,NS(=O)(=O)c1ccc(N2N=C(c3ccc(Br)cc3)CC2c2ccc(F)cc2)cc1,89.49,ppbr_az,TDC
CHEMBL2164564,COc1ccc(-c2c(C(=O)N3CCC[C@H]3CO)cc3cccnn23)cc1,89.05,ppbr_az,TDC
CHEMBL560167,O=C(NCC12CC3CC(CC(C3)C1)C2)c1cc(OCCNCCCO)ncc1Cl,89.05,ppbr_az,TDC
CHEMBL1113,Clc1ccc2c(c1)C(N1CCNCC1)=Nc1ccccc1O2,89.05,ppbr_az,TDC
CHEMBL1468264,COc1cc(OC)c2nc(C)c3c(c2c1)N(c1ccc(O)cc1)CC3,88.82,ppbr_az,TDC
CHEMBL2158841,O=C(O)[C@H](Cc1ccc(F)cc1)N1CCC(CN2CCC(Oc3ccc(Cl)c(Cl)c3)CC2)CC1,88.59,ppbr_az,TDC
CHEMBL427851,Cc1oc(CN2CCNCC2)cc1C(=O)NCC12CC3CC(CC(C3)C1)C2,85.19,ppbr_az,TDC
CHEMBL1951184,COc1cc(OC)c(S(=O)(=O)NCc2ccccc2N2CCC(COC(=O)CCC(=O)O)CC2)cc1NC(=O)CCC(=O)O,84.9,ppbr_az,TDC
CHEMBL481206,COCCOc1cc2ncc(C(N)=O)c(Nc3cc(C)ccc3F)c2cc1N1CCN(C)CC1,83.68,ppbr_az,TDC
CHEMBL1917438,Cc1c(Sc2ccc(Cl)cc2)c2c(-c3ccccc3)cccc2n1CC(=O)O,99.68,ppbr_az,TDC
CHEMBL51594,c1ccc2c(c1)CCN(c1ccncc1)C2,56.86,ppbr_az,TDC
CHEMBL479447,COc1cc2c(Nc3ccc(F)cc3F)c(C(N)=O)cnc2cc1NCCN(C)C,55.73,ppbr_az,TDC
CHEMBL407,CCOC(=O)c1ncn2c1CN(C)C(=O)c1cc(F)ccc1-2,55.73,ppbr_az,TDC
CHEMBL2059374,CCNC(=O)c1cc2c(-n3nc(C(F)(F)F)cc3C)c(-c3cncc(C(=O)O)c3)cnc2[nH]1,54.59,ppbr_az,TDC
CHEMBL1683033,CCOc1cc2nnc(C(N)=O)c(Nc3cccc(Cl)c3F)c2cc1N1CCN(C)CC1,98.09,ppbr_az,TDC
CHEMBL397237,C[C@H](CO)Nc1nc(SCc2cccc(F)c2F)nc2nc(N)sc12,98.04,ppbr_az,TDC
CHEMBL2335904,C[C@@H](NC1=CC(=O)CC1)c1ccc(Nc2ncc3cc(-c4ccncc4)ccc3n2)cc1,98.0,ppbr_az,TDC
CHEMBL1934271,CCC(CC)n1nc(C)c(C(=O)N[C@@H](C)C(C)(C)C)c1NS(=O)(=O)c1ccc(C)cc1,98.0,ppbr_az,TDC
CHEMBL235789,O=C(NCC12CC3CC(CC(C3)C1)C2)c1cc(CN2CCNCC2)ccc1Cl,91.28,ppbr_az,TDC
CHEMBL2338409,CC(C)(C)NC(=O)NCCN1CCC(CNC(=O)c2cc(Cl)cc(Cl)c2)C1,90.32,ppbr_az,TDC
CHEMBL184412,CCCCc1oc2ccc(NS(C)(=O)=O)cc2c1C(=O)c1ccc(OCCCN(CCCC)CCCC)cc1,99.91,ppbr_az,TDC
CHEMBL2152522,c1ccc([C@@H]([C@H](c2ccccc2)N2CCCCC2)N2CCCCC2)cc1,90.12,ppbr_az,TDC
CHEMBL1921946,C[C@@](C(=O)O[C@H]1C[N+]2(CC(=O)Nc3ccccn3)CCC1CC2)(c1ccccc1)N1CCCCC1,88.35,ppbr_az,TDC
CHEMBL2165189,C[C@H]1CN(c2cc(N(CCO)Cc3cccc4ccccc34)[nH]c(=O)n2)CCO1,84.0,ppbr_az,TDC
CHEMBL576068,Cc1cc(Nc2nc(N[C@@H](C)c3ccc(F)cn3)cnc2C)n[nH]1,84.0,ppbr_az,TDC
CHEMBL2165060,COc1ccc2ncc(=O)n(CCN3CC[C@H](NCc4cc5c(cn4)OCCO5)[C@@H](OC)C3)c2c1,83.37,ppbr_az,TDC
CHEMBL2335883,CN(C)CCNCc1ccc(Nc2ncc3cc(-c4ccncc4)ccc3n2)cc1,95.01,ppbr_az,TDC
CHEMBL1550191,O=C1NC(c2ccc(Br)cc2)Nc2ccccc21,94.9,ppbr_az,TDC
CHEMBL172714,Cc1ccc(S(=O)(=O)N2N=Cc3oc(C)cc3B2O)cc1,94.9,ppbr_az,TDC
CHEMBL2048869,CCOc1cccc(/C=C2\SC(=O)NC2=O)c1N1CCC[C@@H](N)C1,94.79,ppbr_az,TDC
CHEMBL1381233,O=C(Nc1ccncc1)c1cccc2ccccc12,93.1,ppbr_az,TDC
CHEMBL1922054,Cc1ccc2nc(C[N+]34CCC(CC3)[C@@H](OC(=O)[C@](C)(c3ccccc3)N3CCCCC3)C4)oc2c1,92.95,ppbr_az,TDC
CHEMBL520278,CCOc1cc2ncc(C(N)=O)c(Nc3cccc(Cl)c3F)c2cc1N1CCN(C)CC1,92.95,ppbr_az,TDC
CHEMBL14762,CC[C@H](CO)Nc1nc(NCc2ccccc2)c2ncn(C(C)C)c2n1,92.8,ppbr_az,TDC
CHEMBL2337979,CC(C)(C)NC(=O)NCCN1CCCC(NC(=O)c2cc(Cl)cc(Cl)c2)C1,97.2,ppbr_az,TDC
CHEMBL2088413,Cc1ccc(CCNC(=O)c2ccc3sc(CO)nc3c2)cc1,97.07,ppbr_az,TDC
CHEMBL2178933,Cc1nc(C)c(-c2ccc([C@H]3CC[C@H](CCO)CC3)cc2)nc1C(N)=O,97.0,ppbr_az,TDC
CHEMBL481223,COc1cc2ncc(C(N)=O)c(Nc3ccc(Cl)cc3Cl)c2cc1N1CCN(C)CC1,96.79,ppbr_az,TDC
CHEMBL1683026,COc1cc2nnc(C(N)=O)c(Nc3ccc(C)cc3F)c2cc1OC,96.72,ppbr_az,TDC
CHEMBL383235,CC[C@@H](CO)Nc1nc(SCc2ccccc2)nc2nc(N)sc12,96.65,ppbr_az,TDC
CHEMBL1254945,O=C(c1cccc(N2Cc3cccc(Cl)c3C2=O)c1)N1CCC2(CC1)CCN(c1ccncc1)CC2,99.05,ppbr_az,TDC
CHEMBL213029,COc1ccc2c(c1)c(CC(=O)O)c(C)n2-c1ccnc2cc(Cl)ccc12,99.01,ppbr_az,TDC
CHEMBL1917433,Cc1c(Sc2ccc(Cl)cc2)c2c(NS(C)(=O)=O)cccc2n1CC(=O)O,98.96,ppbr_az,TDC
CHEMBL2048870,CC(C)COc1cccc(/C=C2\SC(=O)NC2=O)c1N1CCC[C@@H](N)C1,98.81,ppbr_az,TDC
CHEMBL127066,Oc1nc(-c2ccccc2)nc2ccccc12,98.81,ppbr_az,TDC
CHEMBL1824042,O=C1COc2ccc(CNC3CCN(CCN4C(=O)COc5ccc(Cl)cc54)CC3)nc2N1,92.8,ppbr_az,TDC
CHEMBL837,CCc1c2c(nc3ccc(O)cc13)-c1cc3c(c(=O)n1C2)COC(=O)[C@]3(O)CC,92.32,ppbr_az,TDC
CHEMBL1891338,COc1cccc(CNc2nc(NC(C)C)nc3ccsc23)c1OC,99.73,ppbr_az,TDC
CHEMBL1800528,COc1ccnc(CCc2nc3c(C)ccnc3[nH]2)c1,80.29,ppbr_az,TDC
CHEMBL1161,C[C@@H]1C[C@H]2[C@@H]3CCC4=CC(=O)C=C[C@]4(C)[C@@]3(Cl)[C@@H](O)C[C@]2(C)[C@@]1(OC(=O)c1ccco1)C(=O)CCl,99.77,ppbr_az,TDC
CHEMBL2349334,CC[C@H](CO)Nc1nc(SCc2ccccc2)nc2[nH]c(=O)sc12,99.84,ppbr_az,TDC
CHEMBL2207658,O=C(NC[C@@H](O)CN1CCC(Oc2ccc(Cl)c(Cl)c2)CC1)c1c[nH]nc1C(F)(F)F,97.86,ppbr_az,TDC
CHEMBL1458025,Cc1sc2ncnc(SCC(=O)N3CCN(C(=O)c4ccco4)CC3)c2c1C,97.66,ppbr_az,TDC
CHEMBL2048863,N[C@H]1CCN(c2c(Cl)cccc2/C=C2\SC(=O)NC2=O)C1,97.66,ppbr_az,TDC
CHEMBL1921939,C[C@@](C(=O)O[C@H]1C[N+]2(CCOCCc3ccccc3)CCC1CC2)(c1ccccc1)N1CCCCC1,97.49,ppbr_az,TDC
CHEMBL826,CCn1cc(C(=O)O)c(=O)c2cc(F)c(N3CCNCC3)nc21,34.42,ppbr_az,TDC
CHEMBL945,N=C(N)NC(=O)c1nc(Cl)c(N)nc1N,27.09,ppbr_az,TDC
CHEMBL1076,COc1ccc(OC)c(C(O)CN)c1,21.99,ppbr_az,TDC
CHEMBL1950723,CN[C@@H](C)C(=O)N[C@H](C(=O)N[C@H]1CCN(CCCc2ccccc2)C1)C1CCCCC1,64.01,ppbr_az,TDC
CHEMBL1950727,CN[C@@H](C)C(=O)N[C@H](C(=O)N[C@H]1CCCN(Cc2ccccc2)C1)C1CCCCC1,63.47,ppbr_az,TDC
CHEMBL1950730,CN[C@@H](C)C(=O)N[C@H](C(=O)N[C@H]1CCCN(C(=O)Cc2ccccc2)C1)C1CCCCC1,62.4,ppbr_az,TDC
CHEMBL1916541,COc1ccc2c(C)nc(=O)n(CCN3CCC(NCc4cc5c(cn4)OCCO5)CC3)c2c1,59.66,ppbr_az,TDC
CHEMBL2158793,Cc1cc(F)ccc1OC1CCN(CC2CCN([C@@](C)(Cc3ccc(F)cc3)C(=O)O)CC2)CC1,53.45,ppbr_az,TDC
CHEMBL1426782,Cc1sc2c(c1C)c(=O)n(-c1ccc(F)cc1)c(=O)n2CC(=O)NCc1ccco1,97.32,ppbr_az,TDC
CHEMBL1087898,Cc1cnc(Nc2cncc(N[C@@H](C)c3ncc(F)cn3)n2)s1,82.72,ppbr_az,TDC
CHEMBL1399574,CCOc1ccc(NC(=O)CCc2c(C)nc3nc(C)nn3c2C)cc1,82.05,ppbr_az,TDC
CHEMBL177756,O=C(O)c1ccccc1-c1c2ccc(=O)cc-2oc2cc(O)ccc12,81.01,ppbr_az,TDC
CHEMBL213556,CC(CC(=O)OC(C)(C)C)NC(=O)C1=NOC(C(O)(C(F)(F)F)C(F)(F)F)C1,80.65,ppbr_az,TDC
CHEMBL2041980,CS(=O)(=O)c1ccc(-c2cnc(N)c(-c3ccc(C(F)(F)F)nc3)c2)cc1,80.65,ppbr_az,TDC
CHEMBL262273,CC(O)(C(=O)Nc1ccc(S(=O)(=O)N2CCCC2)cc1)C(F)(F)F,78.01,ppbr_az,TDC
CHEMBL1807849,Nc1nc(OCC2CCC2)nc2c1ncn2[C@@H]1O[C@H](CF)[C@@H](O)[C@H]1O,77.21,ppbr_az,TDC
CHEMBL1645135,C[C@H](NC(=O)c1cccc2c1N(Cc1ccc(Cl)cc1)CC2)c1ccc(C(=O)O)cc1,98.67,ppbr_az,TDC
CHEMBL1807829,O=c1[nH]c2c(O)ccc([C@@H](O)CNCCSCCCNCCc3cccc(Cl)c3Cl)c2s1,94.06,ppbr_az,TDC
CHEMBL481212,CCOc1cc2ncc(C(N)=O)c(Nc3cc(C)ccc3F)c2cc1N1CCN(C)CC1,93.94,ppbr_az,TDC
CHEMBL1835918,Cc1ccc(N2CC(COc3ccc(-c4noc(C)n4)cc3)C2)nn1,93.8,ppbr_az,TDC
CHEMBL347164,COc1ccc(-c2nc(N3CCOCC3)nc(O)c2C#N)cc1,93.53,ppbr_az,TDC
CHEMBL1934423,Cc1ccc(S(=O)(=O)Nc2c(C(=O)N[C@@H](C)C(C)(C)C)c(C)nn2C2CCOC2)cc1,92.64,ppbr_az,TDC
CHEMBL2059860,Cc1ccc(-c2c[nH]cn2)cc1NC(=O)c1ccc(OCc2ccccn2)cc1,94.9,ppbr_az,TDC
CHEMBL2177917,COc1c(C)cc(C2(c3cccc(-c4cncnc4)c3)N=C(N)c3c(F)cccc32)nc1C,96.57,ppbr_az,TDC
CHEMBL2062774,CCOc1noc2cc(OCCC3CCN(c4ccc(C)nn4)CC3)ccc12,99.86,ppbr_az,TDC
CHEMBL1921913,C[C@@](C(=O)O[C@H]1C[N+]2(CCc3c[nH]c4ccccc34)CCC1CC2)(c1ccccc1)N1CCCCC1,99.81,ppbr_az,TDC
CHEMBL1201195,CO[C@@]1(NC(=O)CSCC#N)C(=O)N2C(C(=O)O)=C(CSc3nnnn3C)CS[C@@H]21,80.65,ppbr_az,TDC
CHEMBL376632,Cc1cc(N2CCC[C@@H]2C(=O)NCCc2ccc3c(c2)OCO3)nc(-n2ccnc2)n1,81.01,ppbr_az,TDC
CHEMBL1818302,CN(C)CCC1CCN(c2cc(C(=O)NC[C@H]3CC[C@H](CNC(=O)OC4CCOCC4)CC3)c3ccccc3n2)CC1,82.05,ppbr_az,TDC
CHEMBL502,COc1cc2c(cc1OC)C(=O)C(CC1CCN(Cc3ccccc3)CC1)C2,89.49,ppbr_az,TDC
CHEMBL715,Cc1cc2c(s1)Nc1ccccc1N=C2N1CCN(C)CC1,89.27,ppbr_az,TDC
CHEMBL398149,CC(=O)Nc1cccc(Nc2nc(NC3CC3)n3ncc(C#N)c3n2)c1,89.27,ppbr_az,TDC
CHEMBL22183,Cc1ccc(Sc2ccccc2CN(C)C)c(N)c1,89.05,ppbr_az,TDC
CHEMBL2207662,O=C(NC[C@@H](O)CN1CCC(Oc2ccc(Cl)c(Cl)c2)CC1)c1c[nH]c(=O)cc1C(F)(F)F,88.82,ppbr_az,TDC
CHEMBL57531,Nc1ncc2cc(-c3c(Br)cccc3Br)c(N)nc2n1,88.59,ppbr_az,TDC
CHEMBL1916540,COc1ccc2c(C)cc(=O)n(CCN3CCC(NCc4cc5c(cn4)OCCO5)CC3)c2c1,88.59,ppbr_az,TDC
CHEMBL233263,C[C@H](CO)Nc1nc(SCc2ccco2)nc2nc(N)sc12,88.35,ppbr_az,TDC
CHEMBL413065,CCc1nc2c(N)nc3ccccc3c2n1CC(C)C,88.35,ppbr_az,TDC
CHEMBL1934421,Cc1ccc(S(=O)(=O)Nc2c(C(=O)N[C@@H](C)C(C)(C)C)c(C)nn2C2CCN(CC(F)(F)F)CC2)cc1,88.35,ppbr_az,TDC
CHEMBL2059196,CCNC(=O)c1cc2c(-n3ccc(C(F)(F)F)n3)c(-c3cncc(C(=O)O)c3)cnc2[nH]1,88.35,ppbr_az,TDC
CHEMBL1650728,COc1cc(Nc2nc(N[C@@H](C)c3ncc(F)cn3)ncc2Br)n[nH]1,87.62,ppbr_az,TDC
CHEMBL1951181,COc1cc(OC)c(S(=O)(=O)NCc2ccccc2N2CCC(CO)CC2)cc1NC(C)=O,87.37,ppbr_az,TDC
CHEMBL21731,CNCCCC12CCC(c3ccccc31)c1ccccc12,87.37,ppbr_az,TDC
CHEMBL16,O=C1N=C(O)NC1(c1ccccc1)c1ccccc1,87.11,ppbr_az,TDC
CHEMBL1735467,CC(=O)Nc1cccc(OCc2cnc(Cl)s2)c1,86.85,ppbr_az,TDC
CHEMBL1369722,Oc1ncnc2scc(-c3ccccc3)c12,86.32,ppbr_az,TDC
CHEMBL2165180,O=c1nc(N2CCOCC2)cc(N(CCO)Cc2cccc3ccccc23)[nH]1,86.05,ppbr_az,TDC
CHEMBL1921922,Cc1ccc(CCC[N+]23CCC(CC2)[C@@H](OC(=O)[C@](C)(c2ccccc2)N2CCCCC2)C3)cn1,86.05,ppbr_az,TDC
CHEMBL301554,CN(C)CCNc1cc(-c2ccncc2)nc2ccccc12,85.77,ppbr_az,TDC
CHEMBL85,Cc1nc2n(c(=O)c1CCN1CCC(c3noc4cc(F)ccc34)CC1)CCCC2,84.6,ppbr_az,TDC
CHEMBL2164566,CCN(CCO)C(=O)c1oc2cccnc2c1-c1cccc(C(F)(F)F)c1,91.28,ppbr_az,TDC
CHEMBL1957361,CCOc1ccccc1-c1ccc(-c2nc3ccncc3c(O)c2C#N)cc1,99.93,ppbr_az,TDC
CHEMBL2331748,Cc1cn([C@H]2CCCN(S(=O)(=O)c3ccc(O)c(Oc4cccc(F)c4)c3)C2)c(=O)[nH]c1=O,95.43,ppbr_az,TDC
CHEMBL1288102,NC(=O)c1cnc(N[C@H]2CCCNC2)c2cc(-c3ccc(F)cc3F)sc12,95.33,ppbr_az,TDC
CHEMBL235392,O=C(NCC12CC3CC(CC(C3)C1)C2)c1cc(CN2CC3CNCC(C2)O3)ccc1Cl,95.33,ppbr_az,TDC
CHEMBL301856,Nc1nc(O)c(Cl)c(-c2ccccc2)n1,95.23,ppbr_az,TDC
CHEMBL481605,CCOc1cc2ncc(C(N)=O)c(Nc3cccc(Cl)c3Cl)c2cc1N1CCN(CCO)CC1,95.23,ppbr_az,TDC
CHEMBL2337977,CC(C)(C)NC(=O)NCCN1CC(NC(=O)c2cc(Cl)cc(Cl)c2)C1,90.72,ppbr_az,TDC
CHEMBL1385850,O=C(O)c1ccc2[nH]c(C(F)(F)F)nc2c1,89.91,ppbr_az,TDC
CHEMBL1824035,CN(C)S(=O)(=O)c1ccc2c(c1)N(CCN1CCC(NCc3ccc4c(n3)NC(=O)CO4)CC1)C(=O)CO2,90.72,ppbr_az,TDC
CHEMBL1934417,COCCC(C)n1nc(C)c(C(=O)N[C@@H](C)C(C)(C)C)c1NS(=O)(=O)c1ccc(C)cc1,89.91,ppbr_az,TDC
CHEMBL163870,Cc1nccn1-c1ccc(COc2cc(F)cc(C3(C(N)=O)CCOCC3)c2)cc1,89.91,ppbr_az,TDC
CHEMBL385374,CCCC[C@H](NC[C@@H]1Cc2cccc(c2)CCCCc2cc(cc(N(CCC)S(C)(=O)=O)c2)C(=O)N1)C(=O)NCC(C)C,99.6,ppbr_az,TDC
CHEMBL1917447,Cc1c(S(=O)(=O)c2ccc(Cl)cc2)c2cc(F)ccc2n1CC(=O)O,99.57,ppbr_az,TDC
CHEMBL193240,O=C(Nc1c(Cl)cncc1Cl)c1ccc(OC(F)F)c(OCC2CC2)c1,99.5,ppbr_az,TDC
CHEMBL2179274,CCC[C@@H](c1ccc(C(=O)O)c(Oc2cccc(Cl)c2)c1)N1CCC[C@H](n2cc(C)c(=O)[nH]c2=O)C1,99.3,ppbr_az,TDC
CHEMBL1916283,Cc1ccc(S(=O)(=O)Nc2c(C(=O)N[C@H](C)C(C)(C)C)c(C)nn2-c2ccccc2)cc1,99.19,ppbr_az,TDC
CHEMBL458287,Cc1cc(Nc2nc(N[C@@H](C)c3ccc(F)cc3)ncc2Cl)n[nH]1,99.1,ppbr_az,TDC
CHEMBL2086675,CC(C)(C)OC(=O)N1CCN(c2ncc(OCc3ccncc3)cn2)CC1,99.03,ppbr_az,TDC
CHEMBL211177,C[C@@H](CC(=O)OC(C)(C)C)NC(=O)C1=NO[C@@H](C(O)(C(F)(F)F)C(F)(F)F)C1,82.05,ppbr_az,TDC
CHEMBL1951079,COc1cc(OC)c(S(=O)(=O)N2c3ccccc3CCC2C)cc1NC(=O)CCC(=O)O,81.36,ppbr_az,TDC
CHEMBL214304,Cc1ccc2c(c1)c(-c1ccnc3cc(C(F)(F)F)ccc13)c(C)n2CC(=O)O,99.64,ppbr_az,TDC
CHEMBL2151319,C[C@H](Nc1ccc2ncn(-c3cc(C4CC4)[nH]n3)c2n1)c1ncc(F)cn1,78.79,ppbr_az,TDC
CHEMBL1916284,Cc1ccc(S(=O)(=O)Nc2c(C(=O)N[C@@H](C)C(C)(C)C)c(C(F)(F)F)nn2-c2ccccc2)cc1,99.57,ppbr_az,TDC
CHEMBL1173055,CNCc1ccc(-c2[nH]c3cc(F)cc4c3c2CCNC4=O)cc1,76.81,ppbr_az,TDC
CHEMBL2335879,CN1CCCC1CCNC(=O)c1ccc(Nc2ncc3cc(-c4ccncc4)ccc3n2)cc1,99.19,ppbr_az,TDC
CHEMBL2316109,C[S+]([O-])Cc1ccc(C(=O)Nc2cccnc2C(=O)NCC2CCC2)c2ccccc12,98.7,ppbr_az,TDC
CHEMBL1950850,CN[C@@H](C)C(=O)N[C@H](C(=O)N[C@H]1CCCN(CCc2ccc(F)cc2)C1)C1CCCCC1,73.36,ppbr_az,TDC
CHEMBL1950843,CN[C@@H](C)C(=O)N[C@H](C(=O)N(C)[C@H]1CCCN(CCc2ccccc2)C1)C1CCCCC1,73.36,ppbr_az,TDC
CHEMBL395340,CC[C@H](CO)Nc1nc(SCc2cccc(F)c2F)nc2nc(NC(C)C)sc12,99.6,ppbr_az,TDC
CHEMBL250774,CS(=O)(=O)c1ccc(-c2ccc3c(Nc4ccc(F)cc4)c(C(N)=O)cnc3c2)cc1,98.7,ppbr_az,TDC
CHEMBL51,O=C(c1ccc(F)cc1)C1CCN(CCn2c(=O)[nH]c3ccccc3c2=O)CC1,90.32,ppbr_az,TDC
CHEMBL174310,N#Cc1ccc(C(=O)N2CCC3(CC2)N=C(N)c2c(F)ccc(F)c2N3)cc1,71.53,ppbr_az,TDC
CHEMBL1668935,CS(=O)(=O)N1CCC(NC(=O)NC23CC4CC(CC(C4)C2)C3)CC1,71.05,ppbr_az,TDC
CHEMBL479,CSc1ccc2c(c1)N(CCC1CCCCN1C)c1ccccc1S2,99.63,ppbr_az,TDC
CHEMBL1916545,COc1ccc2ccc(=O)n(CCN3CCC(NCc4cc5c(cn4)OCCO5)CC3)c2n1,68.63,ppbr_az,TDC
CHEMBL456237,Fc1ccc(-c2c3cccc(C(F)(F)F)c3nn2Cc2ccc(F)cc2Cl)cc1,99.94,ppbr_az,TDC
CHEMBL2153595,FC(F)(F)Oc1ccc(-c2nnc(CCCCc3ccc4cccnc4n3)o2)cc1Cl,99.92,ppbr_az,TDC
CHEMBL380192,CC(C)Cc1nn(C)c(=O)c2c(SCCCO)n(Cc3cccc4ccccc34)cc12,99.73,ppbr_az,TDC
CHEMBL1890087,CC(C)Nc1nc(NCc2ccccc2)c2sccc2n1,99.71,ppbr_az,TDC
CHEMBL2178579,O=C(Nc1ccc(Cl)c(S(=O)(=O)N2CCNCC2)c1O)Nc1cccc(F)c1Cl,99.71,ppbr_az,TDC
CHEMBL591931,N=C(N)c1cc2c(-c3ccccc3)cccc2s1,89.91,ppbr_az,TDC
CHEMBL2158836,O=C(O)[C@@H](Cc1ccccc1)N1CCC(CN2CCC(Oc3ccc(Cl)c(Cl)c3)CC2)CC1,68.63,ppbr_az,TDC
CHEMBL2335881,COCCNCc1ccc(Nc2ncc3cc(-c4ccncc4)ccc3n2)cc1,89.7,ppbr_az,TDC
CHEMBL93124,CNc1ccc(-c2nc3ccc(O)cc3s2)cc1,98.89,ppbr_az,TDC
CHEMBL2158390,O=c1cc(N2CCOCC2)nc(NCc2ccccc2)[nH]1,73.36,ppbr_az,TDC
CHEMBL360227,CCN(CC)CCN1C(=O)[C@@](O)(c2ccccc2Cl)c2c1cc(C(N)=O)cc2C(F)(F)F,71.05,ppbr_az,TDC
CHEMBL1109,Nc1ccc(S(=O)(=O)Nc2ccnn2-c2ccccc2)cc1,99.41,ppbr_az,TDC
CHEMBL1304332,Cc1ccc(-c2cc(C(=O)NCc3cn(C)nc3C)c3cc(Br)ccc3n2)cc1,99.37,ppbr_az,TDC
CHEMBL2088414,O=S(=O)(Nc1ccc2sc(CO)nc2c1)c1ccc(Br)cc1,99.31,ppbr_az,TDC
CHEMBL2147316,COc1cnc(-c2ccccc2C(F)(F)CNC(=O)c2ccc(COCC(F)(F)F)nc2)cn1,99.31,ppbr_az,TDC
CHEMBL1770464,Cc1nc(C(=O)[C@H](C)Oc2ccc(SCCCCCc3ccccc3)cc2)sc1CCCC(=O)O,99.3,ppbr_az,TDC
CHEMBL495383,O=C(Nc1cccc(CCO)c1)c1cc2cc(Cl)ccc2[nH]1,99.26,ppbr_az,TDC
CHEMBL1924049,C[C@@](C(=O)O[C@H]1C[N+]2(CCc3ccccc3F)CCC1CC2)(c1ccccc1)N1CCCCC1,99.19,ppbr_az,TDC
CHEMBL461384,CC(C)c1noc(C2CCN(c3ncnc(Nc4ccc(S(C)(=O)=O)cc4F)c3[N+](=O)[O-])CC2)n1,99.01,ppbr_az,TDC
CHEMBL132227,CC(=O)NCc1cccc(C(=O)O)c1,83.04,ppbr_az,TDC
CHEMBL171951,CCCS(=O)(=O)N1N=Cc2cc(Cl)ccc2B1O,83.04,ppbr_az,TDC
CHEMBL2048500,CN[C@@H](C)C(=O)N[C@H](C(=O)N1CCC[C@H]1C(=O)N[C@H](C(=O)OC)C(c1ccccc1)c1ccccc1)C1CCCCC1,82.39,ppbr_az,TDC
CHEMBL2337981,CC(C)(C)NC(=O)NCCN1CCC(CO)(CNC(=O)c2cc(Cl)cc(Cl)c2)CC1,82.05,ppbr_az,TDC
CHEMBL447983,C[C@](N)(Cc1ccccc1)c1ccccc1,82.05,ppbr_az,TDC
CHEMBL1951164,COc1cc(OC)c(S(=O)(=O)N(C)c2ccccc2)cc1NC(C)=O,82.05,ppbr_az,TDC
CHEMBL1288306,NC(=O)c1cnc(N[C@H]2CCCNC2)c2cc(Br)sc12,82.05,ppbr_az,TDC
CHEMBL2042018,NC(=O)[C@H](Cc1ccccc1)NC(=O)OCc1ccccc1,81.01,ppbr_az,TDC
CHEMBL191003,Nc1nc(Nc2ccc(S(N)(=O)=O)cc2)nn1C(=O)c1c(F)cccc1F,81.01,ppbr_az,TDC
CHEMBL2335903,C[C@@H](NC1=CC(=O)CCC1)c1ccc(Nc2ncc3cc(-c4ccncc4)ccc3n2)cc1,98.64,ppbr_az,TDC
CHEMBL1628227,CN(C)CCC=C1c2ccccc2COc2ccccc21,76.39,ppbr_az,TDC
CHEMBL139036,CC(=O)S[C@@H]1CC2=CC(=O)CC[C@]2(C)C2CC[C@@]3(C)C(CC[C@@]34CCC(=O)O4)C21,75.97,ppbr_az,TDC
CHEMBL1650736,COc1cc(Nc2nc(N[C@@H](C)c3ncc(F)cn3)nc(N3CCOCC3)c2F)n[nH]1,74.69,ppbr_az,TDC
CHEMBL481400,CN1CCN(c2ccc3ncc(C(N)=O)c(Nc4ccc(F)cc4F)c3c2)CC1,74.25,ppbr_az,TDC
CHEMBL1916538,COc1ccc2c(c1)N(CCN1CCC(NCc3ccc4c(n3)NC(=O)CO4)CC1)C(=O)OC2,74.25,ppbr_az,TDC
CHEMBL2152525,c1ccc([C@H]([C@@H](c2ccccc2)N2CCCC2)N2CCCC2)cc1,83.04,ppbr_az,TDC
CHEMBL1289717,O=c1cc(-c2ccccc2)ccn1-c1ccc2c(cnn2CCN2CCCC2)c1,83.04,ppbr_az,TDC
CHEMBL63,COc1ccc(C2CNC(=O)C2)cc1OC1CCCC1,82.72,ppbr_az,TDC
CHEMBL578201,Cc1cc(Nc2nc(N[C@@H](C)c3ccc(F)cn3)c(C#N)nc2C)n[nH]1,82.72,ppbr_az,TDC
CHEMBL20921,Nc1ccc2nc(SCC(=O)NC3CCN(Cc4ccc(Cl)c(Cl)c4)CC3)sc2c1,73.81,ppbr_az,TDC
CHEMBL2206784,Cc1csc(NC(=O)COc2ncnc3c2cnn3-c2ccccc2Cl)n1,99.18,ppbr_az,TDC
CHEMBL2064327,Cc1cc(F)ccc1Oc1cccc2c(=O)cc(N3CCOCC3)[nH]c12,98.81,ppbr_az,TDC
CHEMBL2207278,O=C(NC[C@@H](O)CN1CCC(Oc2ccc(Cl)c(Cl)c2)CC1)c1c[nH]c(=O)c2cc(F)ccc12,98.92,ppbr_az,TDC
CHEMBL1683029,COc1cc2nnc(C(N)=O)c(Nc3cccc(Cl)c3Cl)c2cc1OC,98.81,ppbr_az,TDC
CHEMBL461574,Cc1ncc(NC(=O)c2cc(NC(=O)c3cccc(C(F)(F)F)c3)ccc2C)s1,98.81,ppbr_az,TDC
CHEMBL1951186,COc1cc(OC)c(S(=O)(=O)NCc2ccccc2N2CCC(C(=O)O)CC2)cc1NC(=O)CCC(=O)O,80.65,ppbr_az,TDC
CHEMBL2164744,COc1ccc2ncc(=O)n(CCN3CC[C@H](NCc4cc5c(cn4)OCCO5)[C@H](O)C3)c2c1,80.65,ppbr_az,TDC
CHEMBL1950732,CN[C@@H](C)C(=O)N[C@H](C(=O)N[C@H]1CCCCN(Cc2ccccc2)C1)C1CCCCC1,80.29,ppbr_az,TDC
CHEMBL1327979,Nc1nc2nc(-c3cccs3)cc(C(F)(F)F)n2n1,79.92,ppbr_az,TDC
CHEMBL1650731,C[C@H](Nc1ncc(F)c(Nc2cc(N(C)C)[nH]n2)n1)c1ncc(F)cn1,78.01,ppbr_az,TDC
CHEMBL2059198,CC(C)NC(=O)c1cc2c(-n3ccc(C(F)(F)F)n3)c(-c3cncc(C(=O)O)c3)cnc2[nH]1,77.21,ppbr_az,TDC
CHEMBL2337980,CC(C)(C)NC(=O)NCCN1CCC(O)(CNC(=O)c2cc(Cl)cc(Cl)c2)CC1,76.81,ppbr_az,TDC
CHEMBL1525826,COc1nccnc1NS(=O)(=O)c1ccc(N)cc1,76.81,ppbr_az,TDC
CHEMBL2062557,COc1ccc(-c2cc(N)n3ncc(C#N)c3n2)cc1,93.24,ppbr_az,TDC
CHEMBL1288278,NC(=O)c1ccc(-c2cc3c(N[C@H]4CCCNC4)ncc(C(N)=O)c3s2)cc1,73.81,ppbr_az,TDC
CHEMBL108,NC(=O)N1c2ccccc2C=Cc2ccccc21,70.58,ppbr_az,TDC
CHEMBL236788,CCOc1cc(CN2CCC(Nc3nc4cc(S(N)(=O)=O)ccc4o3)CC2)cc(OCC)c1N,70.1,ppbr_az,TDC
CHEMBL1431692,CC(=O)Nc1ccc(Nc2cc(C)nc3c(-c4ccccc4)cnn23)cc1,99.58,ppbr_az,TDC
CHEMBL1800657,CCCN(CCNCCc1ccc(O)c2[nH]c(=O)sc12)C(=O)CCOCCc1ccccc1,93.94,ppbr_az,TDC
CHEMBL154709,COc1ccc2c(c1O)-c1cccc3c1[C@@H](C2)N(C)CC3,93.8,ppbr_az,TDC
CHEMBL2331746,Cc1cn([C@H]2CCCN(S(=O)(=O)c3ccc(O)c(Oc4ccccc4)c3)C2)c(=O)[nH]c1=O,93.8,ppbr_az,TDC
CHEMBL2207607,COc1cc(OC)c(S(=O)(=O)N2c3ccccc3CCC2C)cc1NC(=O)CCc1nn[nH]n1,93.53,ppbr_az,TDC
CHEMBL495575,O=S(=O)(NC1CCNCC1)c1cc(S(=O)(=O)c2ccccc2)ccc1C(F)(F)F,92.48,ppbr_az,TDC
CHEMBL1916024,Nc1nc(-c2nn(Cc3ccccc3F)c3ncccc23)nc(N)c1N1CCOCC1,92.32,ppbr_az,TDC
CHEMBL1088,CN1CCCCC1CCN1c2ccccc2Sc2ccc([S+](C)[O-])cc21,92.32,ppbr_az,TDC
CHEMBL2152914,CC#Cc1cncc(-c2ccc3c(c2)C2(N=C(C)C(N)=N2)[C@]2(CC[C@H](OC)CC2)C3)c1,91.99,ppbr_az,TDC
CHEMBL457393,C[C@H](Nc1ncc(F)c(Nc2cc(C3CC3)[nH]n2)n1)c1ccc(F)cn1,91.99,ppbr_az,TDC
CHEMBL2048868,COc1cccc(/C=C2\SC(=O)NC2=O)c1N1CCC[C@@H](N)C1,91.64,ppbr_az,TDC
CHEMBL1934416,COCC(C)n1nc(C)c(C(=O)N[C@@H](C)C(C)(C)C)c1NS(=O)(=O)c1ccc(C)cc1,91.64,ppbr_az,TDC
CHEMBL2158772,Cc1ccccc1C[C@@H](C(=O)O)N1CCC(CN2CCC(Oc3ccc(Cl)c(Cl)c3)CC2)CC1,91.64,ppbr_az,TDC
CHEMBL1650729,Cc1cc(Nc2nc(N[C@@H](C)c3ncc(F)cn3)ncc2Br)n[nH]1,91.46,ppbr_az,TDC
CHEMBL205807,CC(C)Cn1c(=O)n(C)c(=O)c2c(C(=O)N3CC[C@@H](O)C3)c(Cc3c[nH]c4ccccc34)sc21,91.46,ppbr_az,TDC
CHEMBL256668,C[C@H](CO)Nc1nc(SCc2cccc(F)c2F)nc2[nH]c(=O)cnc12,98.86,ppbr_az,TDC
CHEMBL481557,CCOc1cc2ncc(C(N)=O)c(Nc3ccc(F)cc3F)c2cc1N1CCOCC1,91.64,ppbr_az,TDC
CHEMBL521509,O=C(NC1CC1)c1cn(-c2cccc(C#Cc3cccnc3)c2)c2ncccc2c1=O,98.33,ppbr_az,TDC
CHEMBL1934269,Cc1ccc(S(=O)(=O)Nc2c(C(=O)N[C@@H](C)C(C)(C)C)c(C)nn2CC(F)(F)F)cc1,98.58,ppbr_az,TDC
CHEMBL415,CN(C)CCCN1c2ccccc2CCc2ccc(Cl)cc21,96.26,ppbr_az,TDC
CHEMBL1221702,C[C@H]1CN=C(N)c2sccc2O1,51.15,ppbr_az,TDC
CHEMBL1951575,CC(C)(C)NC(=O)c1ccc(Oc2cc(F)c(CC(=O)O)cc2Cl)c(NS(=O)(=O)c2ccc(C3CC3)cc2Cl)c1,99.85,ppbr_az,TDC
CHEMBL2171040,COc1ccccc1S(=O)(=O)NC(=O)N1CCC(N2CCC(Oc3ccc(Cl)c(Cl)c3)CC2)CC1,95.91,ppbr_az,TDC
CHEMBL249790,OCCO[C@H]1C[C@@H](n2nnc3c(N[C@@H]4C[C@H]4c4ccc(F)c(F)c4)nc(SCCC(F)(F)F)nc32)[C@H](O)[C@@H]1O,99.85,ppbr_az,TDC
CHEMBL1592,CCOC(=O)[C@H](CCc1ccccc1)N[C@@H](C)C(=O)N1Cc2ccccc2C[C@H]1C(=O)O,95.82,ppbr_az,TDC
CHEMBL1359986,Cc1ccc(NC(=O)Nc2nnc(-c3ccncc3)s2)cc1,99.39,ppbr_az,TDC
CHEMBL2178385,NC(=O)c1cncc(-c2ccc([C@H]3CC[C@H](CC(=O)O)CC3)cc2)c1,97.32,ppbr_az,TDC
CHEMBL744,Nc1nc2ccc(OC(F)(F)F)cc2s1,97.13,ppbr_az,TDC
CHEMBL1916274,Cc1ccc(S(=O)(=O)Nc2c(C(=O)NC3CCCCC3)c(C)nn2-c2ccccc2)cc1,99.86,ppbr_az,TDC
CHEMBL2207661,O=C(NC[C@@H](O)CN1CCC(Oc2ccc(Cl)c(Cl)c2)CC1)c1c[nH]nc1C1CC1,96.87,ppbr_az,TDC
CHEMBL1643194,Cc1cc(CN2Cc3ccccc3C2C(=O)Nc2ccc(Cl)cc2Cl)ccc1OCC(=O)O,99.87,ppbr_az,TDC
CHEMBL459675,Cc1ncc(NC(=O)c2cc(NC(=O)c3cc(F)cc(C(F)(F)F)c3)ccc2Cl)s1,99.65,ppbr_az,TDC
CHEMBL2349316,CC(C)C[C@H](CO)Nc1nc(S[C@@H](C)c2ccccc2F)nc2nc(N)sc12,99.89,ppbr_az,TDC
CHEMBL2325601,Nc1n[nH]cc1-c1cc(C(F)(F)F)ccc1Oc1cc(F)c(S(=O)(=O)Nc2cscn2)cc1Cl,99.66,ppbr_az,TDC
CHEMBL2164043,O=C(NCc1ccc(F)c(OC(F)(F)F)c1)C1c2ccccc2C(=O)N1CCc1ncc(F)cn1,96.79,ppbr_az,TDC
CHEMBL2018964,COc1cccc2c1c(NS(=O)(=O)c1ccc(Cl)s1)nn2Cc1cccc(CNC(C)=O)c1,99.34,ppbr_az,TDC
CHEMBL2029721,CN(CC(=O)NC1CC1)C(=O)c1ccc2c(c1)c1c(n2C)CCC(C2CCOCC2)C1,96.72,ppbr_az,TDC
CHEMBL2158826,O=C(O)Cc1cccc(N2CCC(CN3CCC(Oc4ccc(Cl)c(Cl)c4)CC3)CC2)c1,96.72,ppbr_az,TDC
CHEMBL2323231,O=C(CSc1nc2c(c(=O)n1-c1ccccc1)SCC2)Nc1ccc(-c2ccccc2)cn1,99.83,ppbr_az,TDC
CHEMBL2158821,O=C(O)[C@@H](c1ccccc1)N1CCC(CN2CCC(Oc3ccc(Cl)c(Cl)c3)CC2)CC1,83.37,ppbr_az,TDC
CHEMBL205092,CC(C)Cn1c(=O)n(C)c(=O)c2c(C(=O)N3CC[C@@H](O)C3)c(Cc3c[nH]c4ncccc34)sc21,68.63,ppbr_az,TDC
CHEMBL601719,C[C@@H](Oc1cc(-c2cnn(C3CCNCC3)c2)cnc1N)c1c(Cl)ccc(F)c1Cl,92.16,ppbr_az,TDC
CHEMBL2179668,Cc1cn([C@H]2CCCN(Cc3ccc(C(=O)O)c(Oc4cccc(F)c4)c3)C2)c(=O)[nH]c1=O,91.82,ppbr_az,TDC
CHEMBL113,Cn1c(=O)c2c(ncn2C)n(C)c1=O,24.45,ppbr_az,TDC
CHEMBL2177916,COc1ccc(C2(c3cccc(-c4cncnc4)c3)N=C(N)c3c(F)cccc32)cc1,97.32,ppbr_az,TDC
CHEMBL1950847,CN[C@@H](C)C(=O)N[C@H](C(=O)N[C@H]1CCCN(S(=O)(=O)Cc2ccccc2)C1)C(C)(C)C,48.85,ppbr_az,TDC
CHEMBL257025,C[C@H](CO)Nc1nc(SCc2cccc(F)c2F)nc2[nH]ncc12,96.5,ppbr_az,TDC
CHEMBL520733,CC(C)[C@H](O)C(=O)N[C@@H](C)C(=O)N[C@@H]1C(=O)N(C)CCc2ccccc21,19.71,ppbr_az,TDC
CHEMBL1515,Cn1cc[nH]c1=S,18.99,ppbr_az,TDC
CHEMBL1650697,Cc1cc(Nc2nc(N[C@@H](C)c3ncc(F)cn3)ncc2F)n[nH]1,52.88,ppbr_az,TDC
CHEMBL1916547,COc1ccc2nnc(=O)n(CCN3CCC(NCc4ccc5c(n4)NC(=O)CO5)CC3)c2c1,55.73,ppbr_az,TDC
CHEMBL430381,OCC(CO)Nc1nc(SCc2cccc(F)c2F)nc2nc(NC3CC3)sc12,94.9,ppbr_az,TDC
CHEMBL2071507,CC(C)C(NC(=O)c1cc(Cl)ccc1C(F)(F)F)C(=O)c1ccc(C#N)cc1,97.38,ppbr_az,TDC
CHEMBL2331741,Cc1cccc(Oc2cc(S(=O)(=O)N3CCC[C@H](n4cc(C)c(=O)[nH]c4=O)C3)ccc2C(=O)O)c1,94.32,ppbr_az,TDC
CHEMBL605846,COc1ccc(CC(C)(C)NC[C@H](O)c2cc(O)cc3c2OCC(=O)N3)cc1,59.11,ppbr_az,TDC
CHEMBL631,CCCNCC(O)COc1ccccc1C(=O)CCc1ccccc1,92.95,ppbr_az,TDC
CHEMBL2088415,O=S(=O)(Nc1ccc(C(F)(F)F)cc1)c1ccc2sc(CO)nc2c1,99.73,ppbr_az,TDC
CHEMBL480558,CCC(CC)[C@@H](CO)NS(=O)(=O)c1ccc(Cl)s1,92.16,ppbr_az,TDC
CHEMBL1389370,CCN(CC)CCNc1ncnc2c1sc1nc(N3CCOCC3)c3c(c12)CCCC3,92.16,ppbr_az,TDC
CHEMBL1951182,COc1cc(OC)c(S(=O)(=O)NCc2ccccc2N2CCCCC2)cc1NC(=O)CCC(=O)O,69.61,ppbr_az,TDC
CHEMBL1683038,COc1cc2nnc(C(N)=O)c(Nc3cccc(Cl)c3F)c2cc1N1CCN(C)CC1,92.16,ppbr_az,TDC
CHEMBL1650732,Cc1cc(Nc2cc(N3CCOCC3)nc(N[C@@H](C)c3ncc(F)cn3)n2)n[nH]1,45.98,ppbr_az,TDC
CHEMBL480250,COc1cc2ncc(C(N)=O)c(Nc3cccc(Cl)c3Cl)c2cc1N1CCN(C)CC1,95.53,ppbr_az,TDC
CHEMBL468297,c1ccc(-c2nnc3ccc(NC4CC4)nn23)cc1,95.43,ppbr_az,TDC
CHEMBL1934267,Cc1ccc(S(=O)(=O)Nc2c(C(=O)N[C@@H](C)C(C)(C)C)c(C)nn2C(C)C)cc1,95.43,ppbr_az,TDC
CHEMBL2335908,COc1cc2nc(Nc3ccc([C@@H](C)NC(C)=O)cc3)ncc2cc1-c1ccncc1,97.38,ppbr_az,TDC
CHEMBL1824039,O=C1COc2ccc(CNC3CCN(CCN4C(=O)COc5ccc(OC(F)(F)F)cc54)CC3)nc2N1,97.91,ppbr_az,TDC
CHEMBL72292,CN1CCN(C2=Nc3ccccc3Nc3ccc(OS(=O)(=O)C(F)(F)F)cc32)CC1,96.42,ppbr_az,TDC
CHEMBL184012,Cc1ccc(NC(=O)c2ccnc(N3CCOCC3)c2)cc1NC(=O)c1ccc(OCc2ccccn2)cc1,98.51,ppbr_az,TDC
CHEMBL75880,C1CCC(C(CC2CCCCN2)C2CCCCC2)CC1,98.44,ppbr_az,TDC
CHEMBL511444,CN[C@@H](C)C(=O)N[C@H](C(=O)N1CC[C@H]2CC[C@H](NC(=O)c3cccc4ccccc34)[C@H]21)C(C)(C)C,98.4,ppbr_az,TDC
CHEMBL2058529,O=C(O)CCc1ccc(OCc2cc(Cl)ccc2-c2ccccc2)cc1,99.8,ppbr_az,TDC
CHEMBL480032,CCOc1cc2ncc(C(N)=O)c(Nc3cccc(Cl)c3Cl)c2cc1N1CCCN(C)CC1,98.37,ppbr_az,TDC
CHEMBL1503415,O=c1cc(O)oc2c1c(=O)n(-c1ccccc1)c1ccccc21,98.17,ppbr_az,TDC
CHEMBL2011912,CNc1c(Br)cnc2[nH]c(-c3ccnc(N)c3)nc12,97.32,ppbr_az,TDC
CHEMBL2011924,CNc1c(Cl)cnc2[nH]c(-c3ccc(OCCN4CCOCC4)cc3)nc12,98.09,ppbr_az,TDC
CHEMBL589973,CCCCNC(=O)c1ccc(Oc2ccc(CC(=O)O)cc2OC)c(NS(=O)(=O)c2ccc(Cl)cc2Cl)c1,99.8,ppbr_az,TDC
CHEMBL2021696,Cn1c(-c2cc(=O)c(O)c[nH]2)nn(S(=O)(=O)NC(=O)N2C[C@H](NC(=O)/C(=N\OC(C)(C)C(=O)O)c3csc(N)n3)C2=O)c1=O,95.53,ppbr_az,TDC
CHEMBL2147306,COc1ncc(-c2c(C)ccc(F)c2CCNC(=O)c2ccc(OCC(F)(F)F)nc2)cn1,99.8,ppbr_az,TDC
CHEMBL62136,O=S(=O)(c1ccccc1)N(CC(F)(F)F)c1ccc(C(O)(C(F)(F)F)C(F)(F)F)cc1,99.56,ppbr_az,TDC
CHEMBL7301,CC1=C(/C=C/C(C)=C/C=C/C(C)=C/C(=O)Nc2ccc(O)cc2)C(C)(C)CCC1,99.81,ppbr_az,TDC
CHEMBL222333,CCNC(=O)Nc1nc2cc(-c3cccnc3)cc(-c3ncccc3F)c2[nH]1,98.64,ppbr_az,TDC
CHEMBL2069422,COc1ncc(-c2cccc3c2C[C@H](NC(=O)c2ccc(OCCC(F)(F)F)nc2)CO3)cn1,98.67,ppbr_az,TDC
CHEMBL2164366,O=C(NCc1ccc(OC(F)(F)F)cc1)C1c2ccccc2C(=O)N1CCc1ncc(F)cn1,95.23,ppbr_az,TDC
CHEMBL1939414,Nc1nc(Nc2cccc(Br)c2)c2nc[nH]c2n1,64.54,ppbr_az,TDC
CHEMBL2103856,CCOc1cc2c(c(F)c1OCC)C(=N)N(CC(=O)c1cc(N3CCOCC3)c(OC)c(C(C)(C)C)c1)C2,99.79,ppbr_az,TDC
CHEMBL516758,CC(C)Oc1cc2ncc(C(N)=O)c(Nc3cccc(Cl)c3Cl)c2cc1N1CCN(C)CC1,98.61,ppbr_az,TDC
CHEMBL1198335,COc1cccc(Nc2nc(NCC3CCCO3)c3ccccc3n2)c1,98.81,ppbr_az,TDC
CHEMBL1483,CCCSc1ccc2nc(NC(=O)OC)[nH]c2c1,95.43,ppbr_az,TDC
CHEMBL219098,CC(C)Cn1c(=O)n(C)c(=O)c2c(C(=O)N3CC[C@@H](O)C3)c(Oc3cccc4ccccc34)sc21,99.28,ppbr_az,TDC
CHEMBL78628,CN(CC(=O)O)NC(=O)C[C@H](N)C[C@@H](O)CN,12.63,ppbr_az,TDC
CHEMBL1288103,NC(=O)c1cnc(N[C@H]2CCCNC2)c2cc(-c3ccc(Cl)c(F)c3)sc12,98.94,ppbr_az,TDC
CHEMBL118,Cc1ccc(-c2cc(C(F)(F)F)nn2-c2ccc(S(N)(=O)=O)cc2)cc1,98.94,ppbr_az,TDC
CHEMBL72,CNCCCN1c2ccccc2CCc2ccccc21,85.19,ppbr_az,TDC
CHEMBL2165175,Cc1cc(-c2cc(=O)[nH]c(NCc3cccc4ccccc34)n2)ccn1,99.75,ppbr_az,TDC
CHEMBL2164745,COc1ccc2ncc(=O)n(CCN3CC[C@@H](NCc4cc5c(cn4)OCCO5)[C@@H](O)C3)c2c1,85.77,ppbr_az,TDC
CHEMBL1460615,O=S1(=O)CC(O)C(N2CCC(c3ccccc3)CC2)C1,43.14,ppbr_az,TDC
CHEMBL2059872,Cc1ccc(-c2ncc(CN3CCOCC3)s2)cc1NC(=O)c1ccc(OCc2ccccn2)cc1,96.72,ppbr_az,TDC
CHEMBL74355,COc1cccc([C@H](O)C2CCN(CCc3ccc(F)cc3)CC2)c1OC,34.94,ppbr_az,TDC
CHEMBL1241590,CS(=O)(=O)c1ccc([C@@H](O)[C@@H](CF)NC(=O)C(Cl)Cl)cc1,32.37,ppbr_az,TDC
CHEMBL398338,CC(C)(C)c1ccc2c(c1)CC[C@H]2NC(=O)Nc1cccc2[nH]ncc12,99.78,ppbr_az,TDC
CHEMBL1824040,CC(=O)c1ccc2c(c1)N(CCN1CCC(NCc3ccc4c(n3)NC(=O)CO4)CC1)C(=O)CO2,88.11,ppbr_az,TDC
CHEMBL1922055,C[C@@](C(=O)O[C@H]1C[N+]2(Cc3cc(-c4ccccc4)on3)CCC1CC2)(c1ccccc1)N1CCCCC1,98.0,ppbr_az,TDC
CHEMBL1683028,COc1cc2nnc(C(N)=O)c(Nc3cccc(Cl)c3F)c2cc1OC,97.81,ppbr_az,TDC
CHEMBL1904775,COc1ccc(Cl)cc1NC(=O)CCS(=O)(=O)c1ccc(C)cc1,97.81,ppbr_az,TDC
CHEMBL1486109,COc1ccc(-c2nc(-c3ccccn3)no2)cc1,97.6,ppbr_az,TDC
CHEMBL2338406,CC(C)(C)NC(=O)NCCN1CCC(CNC(=O)c2cc(Cl)cc(Cl)c2)CC1,89.05,ppbr_az,TDC
CHEMBL1689126,C[C@H]1CN(Cc2cc(Cl)ccc2OCC(=O)O)CCN1C(=O)Cc1ccccc1,97.38,ppbr_az,TDC
CHEMBL1069,CCCCC(=O)N(Cc1ccc(-c2ccccc2-c2nnn[nH]2)cc1)[C@H](C(=O)O)C(C)C,99.78,ppbr_az,TDC
CHEMBL1631095,NC(=O)c1cc(C(N)=O)n(-c2cccc(-c3cc(C(F)(F)F)ccc3C(F)(F)F)c2)n1,96.72,ppbr_az,TDC
CHEMBL1077458,CC(=O)Nc1ccc(-c2ccnc(Nc3ccc(N4CCOCC4)cc3)n2)cc1,93.24,ppbr_az,TDC
CHEMBL2011112,CC(=O)N1CCN(c2nc(NC(C)(C)Cc3ccc(Cl)cc3)c3c(n2)C(=O)N(C(C)C)C3)CC1,96.79,ppbr_az,TDC
CHEMBL2059863,Cc1ccc(-c2ncc(C(F)(F)F)[nH]2)cc1NC(=O)c1ccc(OCc2ccccn2)cc1,98.81,ppbr_az,TDC
CHEMBL516601,COc1cc2ncc(C(N)=O)c(Nc3ccc(C)cc3F)c2cc1OC,98.81,ppbr_az,TDC
CHEMBL787,CC(C)(O)c1ccccc1CC[C@@H](SCC1(CC(=O)O)CC1)c1cccc(/C=C/c2ccc3ccc(Cl)cc3n2)c1,99.95,ppbr_az,TDC
CHEMBL2171036,COc1ccc(S(=O)(=O)NC(=O)N2CCC(N3CCC(Oc4ccc(Cl)c(Cl)c4)CC3)CC2)cc1,98.73,ppbr_az,TDC
CHEMBL480924,CCOc1cc2ncc(C(N)=O)c(Nc3ccc(F)cc3F)c2cc1N1CCCN(C2CC2)CC1,97.81,ppbr_az,TDC
CHEMBL2361579,Cc1cc2cc(C)c3nnc(SCC(=O)N4CCN(C(=O)c5ccco5)CC4)n3c2cc1C,97.91,ppbr_az,TDC
CHEMBL1201753,O=C(O)C[C@H](O)C[C@H](O)/C=C/c1c(C2CC2)nc2ccccc2c1-c1ccc(F)cc1,98.0,ppbr_az,TDC
CHEMBL103482,CCOC(=O)c1cnc2c(N)cccc2c1O,79.92,ppbr_az,TDC
CHEMBL1086310,CC(C)c1ccc(NC(=O)Cn2cnc3c2c(=O)n(C)c(=O)n3C)cc1,87.37,ppbr_az,TDC
CHEMBL2322164,COc1ccc(-c2cc(O)nc(N)n2)cc1C#N,87.37,ppbr_az,TDC
CHEMBL1402150,O=C(CSc1nccn(-c2ccc(F)c(F)c2)c1=O)NC1CCCC1,71.99,ppbr_az,TDC
CHEMBL321758,C[C@H]([C@H](O)c1ccc(O)cc1)N1CCC(O)(c2ccccc2)CC1,31.87,ppbr_az,TDC
CHEMBL2165059,CO[C@@H]1CN(CCn2c(=O)ccc3ccc(C#N)cc32)CC[C@H]1NCc1ccc2c(n1)NC(=O)CO2,72.45,ppbr_az,TDC
CHEMBL2335889,CC(=O)Nc1ccc(Nc2ncc3cc(-c4ccncc4)ccc3n2)cc1,99.4,ppbr_az,TDC
CHEMBL455920,CC(C)Oc1cc(Nc2nc(N[C@@H](C)c3ncc(F)cn3)ncc2Cl)n[nH]1,88.82,ppbr_az,TDC
CHEMBL1496905,COc1ccc2c(c1)C(=O)C(=O)N2CC1COc2ccccc2O1,99.34,ppbr_az,TDC
CHEMBL2178939,Cc1nc(C)c(-c2ccc([C@H]3CC[C@H](CC(=O)NS(C)(=O)=O)CC3)cc2)nc1C(N)=O,89.05,ppbr_az,TDC
CHEMBL1526610,O=C(Cc1cccs1)Nc1ccon1,43.7,ppbr_az,TDC
CHEMBL2325635,N#Cc1cc(S(=O)(=O)Nc2ncc(Cl)s2)ccc1Oc1ccc(Cl)cc1-c1ccnn1C1CNC1,99.19,ppbr_az,TDC
CHEMBL1197658,Cc1cccc(Nc2nc(NCc3ccco3)c3ccccc3n2)c1,99.93,ppbr_az,TDC
CHEMBL578288,N#CN=C(N)c1sc(Nc2ccccc2)nc1N,89.7,ppbr_az,TDC
CHEMBL559696,O=c1[nH]cnc2scc(-c3cccs3)c12,98.89,ppbr_az,TDC
CHEMBL1288164,NC(=O)c1cnc(N[C@H]2CCCNC2)c2cc(-c3ccc(F)cc3)sc12,97.38,ppbr_az,TDC
CHEMBL1671897,COc1ccc(CC(=O)NCc2ccccc2-c2ccccc2C(=O)NCCc2cccnc2)cc1,99.34,ppbr_az,TDC
CHEMBL1621884,COCCCCC(=NOCCN)c1ccc(C(F)(F)F)cc1,73.36,ppbr_az,TDC
CHEMBL1073,Cc1cnc(C(=O)NCCc2ccc(S(=O)(=O)NC(=O)NC3CCCCC3)cc2)cn1,99.12,ppbr_az,TDC
CHEMBL496929,O=C(Nc1ccc(CCO)cc1)c1cc2cc(Cl)ccc2[nH]1,98.61,ppbr_az,TDC
CHEMBL212432,N/C(=N\C(=O)c1nc(Cl)c(N)nc1N)NCCCCc1ccc(OCC(O)CO)cc1,75.12,ppbr_az,TDC
CHEMBL372205,C[C@H](CN(C(=O)c1ccc(C#N)cc1)c1ccccn1)N1CCN(c2cccc3c2OCCO3)CC1,99.1,ppbr_az,TDC
CHEMBL1431751,COc1cccc(C(=O)N2C(C(=O)O)CSC2c2ccccc2Cl)c1,98.61,ppbr_az,TDC
CHEMBL470591,CNC(=O)c1cc(Oc2ccc3c(c2)nc(Nc2ccc(C(F)(F)F)cc2)n3C)ccn1,99.5,ppbr_az,TDC
CHEMBL1957481,COCCC#Cc1cccc(C2(c3ccc(OC(F)F)cc3)N=C(N)N3CC(F)(F)CN=C32)c1,97.71,ppbr_az,TDC
CHEMBL2165058,CO[C@H]1CN(CCn2c(=O)ccc3ccc(C#N)cc32)CC[C@@H]1NCc1cc2c(cn1)OCCO2,84.0,ppbr_az,TDC
CHEMBL1689115,O=C(O)COc1ccc(Cl)cc1CN1CCCN(S(=O)(=O)Cc2ccccc2)CC1,84.3,ppbr_az,TDC
CHEMBL73048,C[C@@](O)(C(=O)Nc1ccc(S(C)(=O)=O)cc1Cl)C(F)(F)F,60.77,ppbr_az,TDC
CHEMBL1625921,O=C(NC12CC3CC(CC(C3)C1)C2)OCCNC1CCCCC1,89.05,ppbr_az,TDC
CHEMBL1088029,COc1cc(Nc2ncc(C)s2)nc(N[C@@H](C)c2ncc(F)cn2)n1,89.7,ppbr_az,TDC
CHEMBL1308362,Cc1ccc2cc(C)c3nnc(SCC(=O)N4CCN(C(=O)c5ccco5)CC4)n3c2c1,99.05,ppbr_az,TDC
CHEMBL191553,CC(=O)Nc1ccc(CNc2[nH]nc3ccnc(Oc4ccccc4)c23)cc1,89.91,ppbr_az,TDC
CHEMBL2207226,COc1cc(OC)c(S(=O)(=O)N2c3ccccc3Oc3ccccc32)cc1NC(=O)Cc1ccnc(F)c1,99.01,ppbr_az,TDC
CHEMBL1929039,Cc1cc(F)ccc1-n1nc(C(F)(F)F)cc1-c1ccc2c(c1)NC(=O)CO2,73.81,ppbr_az,TDC
CHEMBL2152903,CC#Cc1cncc(-c2cccc([C@@]3(c4cc(C)c(=O)n(CC)c4)N=C(N)c4c(F)cccc43)c2)c1,98.92,ppbr_az,TDC
CHEMBL2331745,COc1ccc(S(=O)(=O)N2CCC[C@H](n3cc(C)c(=O)[nH]c3=O)C2)cc1Oc1cccc(Cl)c1,97.49,ppbr_az,TDC
CHEMBL289330,CCN1CCC[C@H]1CNC(=O)c1cc(Br)cc(OC)c1OC,45.98,ppbr_az,TDC
CHEMBL2017259,N#Cc1ccc(C(=O)Nc2ccc(-n3ccnc3)nc2)cc1,71.05,ppbr_az,TDC
CHEMBL1957266,Cc1sc2c(c1C)C(c1ccc(Cl)cc1)=N[C@@H](CC(=O)OC(C)(C)C)c1nnc(C)n1-2,99.14,ppbr_az,TDC
CHEMBL479445,COc1cc2ncc(C(N)=O)c(Nc3ccc(F)cc3F)c2cc1NCCN(C)C,55.73,ppbr_az,TDC
CHEMBL1934415,Cc1ccc(S(=O)(=O)Nc2c(C(=O)N[C@@H](C)C(C)(C)C)c(C)nn2C2CCCCC2)cc1,97.76,ppbr_az,TDC
CHEMBL2147309,Cc1cnc(-c2c(F)ccc(F)c2CCNC(=O)c2ccc(COCC(F)(F)F)nc2)cn1,91.99,ppbr_az,TDC
CHEMBL430239,CCCC[C@H](NC(C)=O)C(=O)N[C@H]1CC(=O)NCCCC[C@@H](C(N)=O)NC(=O)[C@H](Cc2c[nH]c3ccccc23)NC(=O)[C@H](CCCNC(=N)N)NC(=O)[C@@H](Cc2ccccc2)NC(=O)[C@H](Cc2cnc[nH]2)NC1=O,55.73,ppbr_az,TDC
CHEMBL1823817,COC[C@H](O)Cn1c(=O)cnn(-c2ccc(Cl)c(C(=O)NCC3(O)CCCCCC3)c2)c1=O,58.55,ppbr_az,TDC
CHEMBL2207665,Cn1cc(C(=O)NC[C@@H](O)CN2CCC(Oc3ccc(Cl)c(Cl)c3)CC2)c(C(F)(F)F)cc1=O,93.53,ppbr_az,TDC
CHEMBL2170992,CC(C)c1ccc(NC(=O)NCCCSC[C@H]2O[C@@H](n3cnc4c(N)ncnc43)[C@H](O)[C@@H]2O)cc1,92.16,ppbr_az,TDC
CHEMBL479446,COc1cc2ncc(C(N)=O)c(Nc3ccc(F)cc3F)c2cc1NCCN1CCOCC1,92.16,ppbr_az,TDC
CHEMBL2011932,COc1ccc(-c2nc3c(NCCCNC(=O)C4(CN)CC4)c(Br)cnc3[nH]2)cc1,97.07,ppbr_az,TDC
CHEMBL2158831,O=C(O)c1ccccc1CN1CCC(CN2CCC(Oc3ccc(Cl)c(Cl)c3)CC2)CC1,70.1,ppbr_az,TDC
CHEMBL1923433,Cc1[nH]c(C(=O)NC2CCN(c3ncc(C(=O)O)s3)CC2)c(Cl)c1Cl,97.07,ppbr_az,TDC
CHEMBL621,O=c1n(CCCN2CCN(c3cccc(Cl)c3)CC2)nc2ccccn12,97.0,ppbr_az,TDC
CHEMBL1957841,O=c1cc(N2CCOCC2)nc2n(Cc3cccc4ccccc34)ccn12,96.93,ppbr_az,TDC
CHEMBL1683027,COc1cc2nnc(C(N)=O)c(Nc3cc(C)ccc3F)c2cc1OC,96.87,ppbr_az,TDC
CHEMBL2169920,O=C1COc2c(CCNCCN(C(=O)CCNCCc3ccc(Cl)c(Cl)c3)C3CCCCC3)ccc(O)c2N1,96.87,ppbr_az,TDC
CHEMBL9967,CN1CCN(CC(=O)N2c3ccccc3C(=O)Nc3cccnc32)CC1,24.03,ppbr_az,TDC
CHEMBL1088030,Cc1cnc(Nc2cc(N3CCOCC3)nc(N[C@@H](C)c3ncc(F)cn3)n2)s1,92.64,ppbr_az,TDC
CHEMBL1950725,CN[C@@H](C)C(=O)N[C@H](C(=O)N[C@H]1CCN(C(=O)Cc2ccccc2)C1)C1CCCCC1,32.88,ppbr_az,TDC
CHEMBL2312921,CCCN(c1cccc(S(C)(=O)=O)c1)P(=O)(c1ccccc1)c1ccccc1,96.79,ppbr_az,TDC
CHEMBL375166,Cc1n[nH]c(C)c1Cc1sc2c(c1C(=O)N1C[C@H](O)CO1)c(=O)n(C)c(=O)n2CC(C)C,51.15,ppbr_az,TDC
CHEMBL1934420,Cc1ccc(S(=O)(=O)Nc2c(C(=O)N[C@@H](C)C(C)(C)C)c(C)nn2C2CCN(C)CC2)cc1,54.59,ppbr_az,TDC
CHEMBL1672,COCC1=C(C(=O)O)N2C(=O)[C@@H](NC(=O)/C(=N\OC)c3csc(N)n3)[C@H]2SC1,53.45,ppbr_az,TDC
CHEMBL29384,O=C(O)c1cn(Cc2ccccc2)c2cc(N3CCNCC3)c(F)cc2c1=O,70.1,ppbr_az,TDC
CHEMBL2103840,CCc1cnn2c(NCc3ccc[n+]([O-])c3)cc(N3CCCC[C@H]3CCO)nc12,90.12,ppbr_az,TDC
CHEMBL426658,Clc1cccc(-c2cnc3ccc(NC4CCOCC4)nn23)c1,99.1,ppbr_az,TDC
CHEMBL1950724,CN[C@@H](C)C(=O)N[C@H](C(=O)N[C@H]1CCN(C(=O)c2ccccc2)C1)C1CCCCC1,33.9,ppbr_az,TDC
CHEMBL2171035,O=C(NS(=O)(=O)c1ccc(Cl)cc1)N1CCC(N2CCC(Oc3ccc(Cl)c(Cl)c3)CC2)CC1,67.12,ppbr_az,TDC
CHEMBL1949685,CN[C@@H](C)C(=O)N[C@H](C(=O)N[C@H]1CCCN(CCc2ccccc2)C1)C1CCCCC1,67.12,ppbr_az,TDC
CHEMBL495727,O=C(Nc1c[nH]nc1-c1nc2ccc(CN3CCOCC3)cc2[nH]1)NC1CC1,66.61,ppbr_az,TDC
CHEMBL22,COc1cc(Cc2cnc(N)nc2N)cc(OC)c1OC,66.1,ppbr_az,TDC
CHEMBL894,CC(NC(C)(C)C)C(=O)c1cccc(Cl)c1,45.98,ppbr_az,TDC
CHEMBL2141746,CCCNC(=O)CSc1ccc(S(=O)(=O)N2CCCC2)cn1,65.06,ppbr_az,TDC
CHEMBL1952147,NS(=O)(=O)c1ccc(CCNc2ccc3nnc(-c4ccccc4)n3n2)cc1,96.79,ppbr_az,TDC
CHEMBL2178573,Cc1cnc(C(=O)c2ncnc3[nH]ccc23)c(NS(=O)(=O)c2ccc(Cl)c(C(F)(F)F)c2)c1,99.91,ppbr_az,TDC
CHEMBL637,COc1ccc(C(CN(C)C)C2(O)CCCCC2)cc1,18.64,ppbr_az,TDC
CHEMBL1950721,CN[C@@H](C)C(=O)N[C@H](C(=O)N[C@H]1CCN(Cc2ccccc2)C1)C1CCCCC1,48.85,ppbr_az,TDC
CHEMBL577902,CCCSc1nc(N)c2ncn([C@@H]3O[C@H](CO)[C@@H](O)[C@H]3O)c2n1,51.73,ppbr_az,TDC
CHEMBL1950722,CN[C@@H](C)C(=O)N[C@H](C(=O)N[C@H]1CCN(CCc2ccccc2)C1)C1CCCCC1,55.73,ppbr_az,TDC
CHEMBL2011120,CCOc1ccc([C@@H](C)Nc2nc(N3CCN(C(C)=O)CC3)nc3c2CN(C(C)C)C3=O)cc1,70.1,ppbr_az,TDC
CHEMBL1091291,CCCCCCCC(=O)N[C@@H](CCN)C(=O)N[C@H](C(=O)N[C@@H](CCN)C(=O)N[C@H]1CCNC(=O)[C@H](C)NC(=O)[C@H](CCN)NC(=O)[C@H](CCN)NC(=O)[C@H](CC(C)C)NC(=O)[C@@H](Cc2ccccc2)NC(=O)[C@H](CCN)NC1=O)[C@@H](C)O,94.19,ppbr_az,TDC
CHEMBL2059868,Cc1ccc(-c2[nH]cnc2C)cc1NC(=O)c1ccc(OCc2ccccn2)cc1,93.67,ppbr_az,TDC
CHEMBL218468,CC(C)Cn1c(=O)n(C)c(=O)c2c(C(=O)N3CC[C@@H](O)C3)c(Cc3ccnc4ccc(F)cc34)sc21,54.02,ppbr_az,TDC
CHEMBL95,Nc1c2c(nc3ccccc13)CCCC2,53.45,ppbr_az,TDC
CHEMBL205742,CC(C)Cn1c(=O)n(C)c(=O)c2c(C(=O)N3CC[C@@H](O)C3)c(Cc3ccnc4ccccc34)sc21,64.54,ppbr_az,TDC
CHEMBL214957,COc1cc(-n2cnc3cc(-c4ccc(Cl)cc4)sc3c2=O)ccc1OCCN1CCCC1,98.61,ppbr_az,TDC
CHEMBL481572,CCOc1cc2ncc(C(N)=O)c(Nc3ccc(F)c(Cl)c3)c2cc1N1CCN(C)CC1,96.57,ppbr_az,TDC
CHEMBL2152917,CO[C@H]1CC[C@]2(CC1)Cc1ccc(OCC(C)C)cc1C21N=C(C)C(N)=N1,79.92,ppbr_az,TDC
CHEMBL2207659,Cc1cc(Cl)ccc1OC1CCN(C[C@H](O)CNC(=O)c2c[nH]nc2C(F)(F)F)CC1,96.42,ppbr_az,TDC
CHEMBL2164372,O=C(NCc1ccc(OC(F)(F)F)cc1)C1c2ccccc2C(=O)N1C[C@@H]1CCCO1,96.42,ppbr_az,TDC
CHEMBL460102,Cc1ncc(-c2nc(Nc3ccc(C(=O)N4CC[C@H](N(C)C)C4)cc3)ncc2F)n1C(C)C,74.25,ppbr_az,TDC
CHEMBL2325642,O=S(=O)(Nc1ncns1)c1cc(F)c(Oc2ccc(Cl)cc2-c2ccnn2C2CNC2)cc1F,98.0,ppbr_az,TDC
CHEMBL219861,CC(C)Cn1c(=O)n(C)c(=O)c2c(C(=O)N3C[C@H](O)CO3)c(Cc3ccnc4ccccc34)sc21,75.12,ppbr_az,TDC
CHEMBL1916271,CCN(C(=O)c1cnn(-c2ccccc2)c1NS(=O)(=O)c1ccc(-c2cnco2)cc1)C1CCCCC1,98.7,ppbr_az,TDC
CHEMBL1934413,Cc1ccc(S(=O)(=O)Nc2c(C(=O)N[C@@H](C)C(C)(C)C)c(C)nn2C2CCC2)cc1,98.17,ppbr_az,TDC
CHEMBL2059876,Cc1ccc(-c2ccncc2)cc1NC(=O)c1ccc(OCc2ccccn2)cc1,98.21,ppbr_az,TDC
CHEMBL1299757,Nc1nc(-c2ccccn2)nc(N)c1Cc1ccc(Cl)cc1Cl,98.61,ppbr_az,TDC
CHEMBL1914480,COc1ccc2ncc(=O)n(CCN3CCC(NCc4cc5c(cn4)OCCO5)CC3)c2n1,53.45,ppbr_az,TDC
CHEMBL1403871,CNC(=O)c1[nH]cnc1C(=O)Nc1ccc(Cl)cc1,97.32,ppbr_az,TDC
CHEMBL1289545,Cc1nc(C(=O)N2CCOC3(CCN(Cc4ccc(Cl)cc4)CC3)C2)cs1,56.86,ppbr_az,TDC
CHEMBL389792,CC(CO)(CO)Nc1nc(SCc2cccc(F)c2F)nc2nc(N)sc12,87.11,ppbr_az,TDC
CHEMBL1077827,CCOc1ccc(-n2c([C@@H](C)N(CC3CCN(C)CC3)C(=O)Cc3ccc(F)c(C(F)(F)F)c3)nc3ncccc3c2=O)cc1,87.11,ppbr_az,TDC
CHEMBL1091289,CCCCCCCC(=O)N[C@@H](CCN)C(=O)N[C@H](C(=O)N[C@@H](CCN)C(=O)N[C@H]1CCNC(=O)[C@H]([C@@H](C)O)NC(=O)[C@H](C)NC(=O)[C@H](CCN)NC(=O)[C@H](CC(C)C)NC(=O)[C@@H](Cc2ccccc2)NC(=O)[C@H](CCN)NC1=O)[C@@H](C)O,86.85,ppbr_az,TDC
CHEMBL2164045,O=C(NCc1ccc(OC(F)(F)F)cc1)C1c2cccc(O)c2C(=O)N1CCc1ncc(F)cn1,98.21,ppbr_az,TDC
CHEMBL1526762,Cc1cc(C)nc(SCC(N)=O)n1,21.21,ppbr_az,TDC
CHEMBL403656,C[C@H](CO)Nc1nc(SCc2cccc(F)c2F)nc2[nH]c(=O)c(C#N)cc12,98.29,ppbr_az,TDC
CHEMBL2207663,Cc1cc(Cl)ccc1OC1CCN(C[C@H](O)CNC(=O)c2c[nH]c(=O)cc2C(F)(F)F)CC1,86.59,ppbr_az,TDC
CHEMBL2331743,Cc1cn([C@H]2CCCN(S(=O)(=O)c3ccc(C(N)=O)c(Oc4cccc(Cl)c4)c3)C2)c(=O)[nH]c1=O,96.42,ppbr_az,TDC
CHEMBL2326624,COc1cccc2c1c(NS(=O)(=O)c1ccc(Cl)s1)nn2Cc1cccc(CNC(=O)[C@@H]2COCCN2)c1,98.4,ppbr_az,TDC
CHEMBL2158436,O=c1cc(N2CCOCC2)nc(NCc2cccc3ccccc23)[nH]1,96.79,ppbr_az,TDC
CHEMBL504813,CC(C)Cc1c(C(=O)C(N)=O)c2c(OCC(=O)O)cccc2n1Cc1ccccc1,96.87,ppbr_az,TDC
CHEMBL1645105,COc1ccc(-c2ccc3nc(N)sc3c2)cn1,96.17,ppbr_az,TDC
CHEMBL1683036,COc1cc2nnc(C(N)=O)c(Nc3ccc(C)cc3F)c2cc1N1CCN(C)CC1,93.67,ppbr_az,TDC
CHEMBL1934268,CCn1nc(C)c(C(=O)N[C@@H](C)C(C)(C)C)c1NS(=O)(=O)c1ccc(C)cc1,98.37,ppbr_az,TDC
CHEMBL2180037,CC#Cc1cncc(-c2cccc(C3(C4CC4)N=C(C)C(N)=N3)c2)c1,95.01,ppbr_az,TDC
CHEMBL2029729,CNC(=O)CCCN(C)C(=O)c1ccc2c(c1)c1c(n2C)CC[C@@H](C2CCOCC2)C1,96.34,ppbr_az,TDC
CHEMBL205245,Cc1nc(Cl)c(Cl)n1Cc1sc2c(c1C(=O)N1CC[C@@H](O)C1)c(=O)n(C)c(=O)n2CC(C)C,91.1,ppbr_az,TDC
CHEMBL1235773,COc1ccc2ncc(C#N)c(CCN3CCC(NCc4cc5c(cn4)OCS5)CC3)c2c1,91.1,ppbr_az,TDC
CHEMBL2207284,CNS(=O)(=O)c1ccc2c(C(=O)NC[C@@H](O)CN3CCC(Oc4ccc(Cl)c(Cl)c4)CC3)c[nH]c(=O)c2c1,91.46,ppbr_az,TDC
CHEMBL217899,CCc1nn(C2CCCC2)c2c1CCn1c(-c3cccs3)nnc1-2,96.26,ppbr_az,TDC
CHEMBL1604571,CCOC(=O)C(CCc1ccccc1)NC1CCc2ccccc2N(CC(=O)O)C1=O,95.91,ppbr_az,TDC
CHEMBL1916277,Cc1ccc(S(=O)(=O)Nc2c(C(=O)NC3CCCCC3C)c(C)nn2-c2ccccc2)cc1,99.34,ppbr_az,TDC
CHEMBL1360603,CCOc1ccccc1C(=O)NCc1ccco1,95.82,ppbr_az,TDC
CHEMBL2062583,CC(=O)Nc1ccc2c(c1)c(-c1cc(NC3CC3)n3ncc(C#N)c3n1)cn2CCCO,98.81,ppbr_az,TDC
CHEMBL2113096,Cc1nccn1-c1sc(Nc2cnccn2)nc1-c1cccc(C#N)c1,95.63,ppbr_az,TDC
CHEMBL2158829,O=C(O)COc1cccc(N2CCC(CN3CCC(Oc4ccc(Cl)c(Cl)c4)CC3)CC2)c1,97.32,ppbr_az,TDC
CHEMBL1951073,COc1cc(OC)c(S(=O)(=O)N2c3ccccc3CCC2C)cc1NC(C)=O,97.2,ppbr_az,TDC
CHEMBL157101,CC(=O)N1CCN(c2ccc(OCC3COC(Cn4ccnc4)(c4ccc(Cl)cc4Cl)O3)cc2)CC1,97.2,ppbr_az,TDC
CHEMBL1950859,CN[C@@H](C)C(=O)N[C@H](C(=O)N[C@H]1CCCN(CCc2ccc([N+](=O)[O-])cc2)C1)C(C)(C)C,73.81,ppbr_az,TDC
CHEMBL1289283,O=c1cc(OCc2ccccc2)ccn1-c1ccc2c(cnn2CCN2CCCC2)c1,83.04,ppbr_az,TDC
CHEMBL2069411,O=C(N[C@@H]1COc2cccc(-c3ccc(CO)nc3)c2C1)c1ccc(OCC(F)(F)F)nc1,96.26,ppbr_az,TDC
CHEMBL2011927,COc1ccc(-c2nc3c(OCC4CCNCC4)c(Br)cnc3[nH]2)cc1,86.59,ppbr_az,TDC
CHEMBL2164746,COc1ccc2ncc(=O)n(CCN3CC[C@H](NCc4ccc5c(n4)NC(=O)CO5)[C@H](O)C3)c2c1,86.32,ppbr_az,TDC
CHEMBL1921919,Cc1cc(CCC[N+]23CCC(CC2)[C@@H](OC(=O)[C@](C)(c2ccccc2)N2CCCCC2)C3)ccn1,23.19,ppbr_az,TDC
CHEMBL457,Cc1ccc(C)c(OCCCC(C)(C)C(=O)O)c1,99.77,ppbr_az,TDC
CHEMBL121,CN(CCOc1ccc(CC2SC(=O)NC2=O)cc1)c1ccccn1,99.74,ppbr_az,TDC
CHEMBL319136,CN(C)C(=O)[C@H](O)[C@H](Cc1ccccc1)NC(=O)c1cc2cc(Cl)ccc2[nH]1,97.81,ppbr_az,TDC
CHEMBL251701,COc1ccc2c(C)cc(N[C@H]3CC[C@H](NCc4cn(C)c5cccnc45)C3)nc2c1,97.38,ppbr_az,TDC
CHEMBL247828,CC(C)N1C(=O)[C@H](NC(=O)[C@@H](Cc2ccccc2OC(F)(F)F)NC(=O)OC(C)(C)C)CCc2ccccc21,99.7,ppbr_az,TDC
CHEMBL139,O=C(O)Cc1ccccc1Nc1c(Cl)cccc1Cl,99.68,ppbr_az,TDC
CHEMBL1077979,COc1cc(O)c2c(c1)/C=C/C[C@H](O)[C@H](O)C(=O)/C=C\C[C@H](C)OC2=O,98.61,ppbr_az,TDC
CHEMBL2335867,COCCNC(=O)c1ccc(Nc2ncc3cc(-c4ccncc4C)ccc3n2)cc1,98.61,ppbr_az,TDC
CHEMBL1950844,CN[C@@H](C)C(=O)N[C@H](C(=O)N[C@H]1CCCN(CC(c2ccccc2)c2ccccc2)C1)C1CCCCC1,97.38,ppbr_az,TDC
CHEMBL1539841,Cc1nc2ccc(NS(=O)(=O)c3ccc4c(c3)OCCO4)cc2s1,99.67,ppbr_az,TDC
CHEMBL471412,COc1ccc(N(C(=O)c2ccccc2)C(C(=O)NC2CCCC2)c2ccccc2F)c(OC)c1,99.67,ppbr_az,TDC
CHEMBL392559,O=C(NCC12CC3CC(CC(C3)C1)C2)c1cc(CN2C[C@@H]3C[C@H]2CN3)ccc1Cl,90.32,ppbr_az,TDC
CHEMBL2062577,CC(=O)N(C)c1ccc2ccn(-c3cc(NC4CC4)n4ncc(C#N)c4n3)c2c1,97.49,ppbr_az,TDC
CHEMBL480221,COCCOc1cc2ncc(C(N)=O)c(Nc3cccc(Cl)c3Cl)c2cc1N1CCN(C)CC1,89.7,ppbr_az,TDC
CHEMBL2331744,Cc1cn([C@H]2CCCN(S(=O)(=O)c3ccc(C#N)c(Oc4cccc(Cl)c4)c3)C2)c(=O)[nH]c1=O,97.71,ppbr_az,TDC
CHEMBL477548,CC(C)Cc1c(C(=O)C(N)=O)c2c(OCC(=O)NS(C)(=O)=O)cccc2n1Cc1ccccc1,97.49,ppbr_az,TDC
CHEMBL335744,CC(C)C(=O)Nc1nc(-c2ccccn2)cc2ccccc12,97.55,ppbr_az,TDC
CHEMBL2335896,CC(=O)N[C@H](C)c1ccc(Nc2ncc3cc(-c4ccncc4)ccc3n2)cc1,97.55,ppbr_az,TDC
CHEMBL1916289,Cc1nn(-c2ccc(F)cc2)c(NS(=O)(=O)c2ccc(C(F)(F)F)cc2)c1C(=O)N[C@@H](C)C(C)(C)C,98.64,ppbr_az,TDC
CHEMBL898,O=C(O)c1cc(-c2ccc(F)cc2F)ccc1O,99.79,ppbr_az,TDC
CHEMBL282479,O=C1Nc2cc(C(F)(F)F)ccc2C1(O)c1cc(Cl)ccc1O,98.51,ppbr_az,TDC
CHEMBL1503948,Cc1ccc(S(=O)(=O)Nc2ccc3nc(C)sc3c2)cc1,99.79,ppbr_az,TDC
CHEMBL2335866,COCCNC(=O)c1ccc(Nc2ncc3cc(-c4ccncc4OC)ccc3n2)cc1,99.8,ppbr_az,TDC
CHEMBL480830,CCOc1cc2ncc(C(N)=O)c(Nc3ccc(F)cc3F)c2cc1N1CCN(C(C)C)CC1,85.77,ppbr_az,TDC
CHEMBL178737,O=C1NC(=O)C(c2cnc3ccccn23)=C1c1cn2c3c(cccc13)CN(C(=O)N1CCOCC1)CC2,85.77,ppbr_az,TDC
CHEMBL2070121,COc1cnc(-c2ccccn2)nc1N1CCOCC1,66.1,ppbr_az,TDC
CHEMBL507700,NC(=O)Nc1sc(-c2ccc(CN3CCCCC3)cc2)cc1C(N)=O,66.61,ppbr_az,TDC
CHEMBL562318,Cn1cc(-c2ccncc2)c(-c2ccc(OCc3ccc4ccccc4n3)cc2)n1,99.88,ppbr_az,TDC
CHEMBL384903,O=c1[nH]c2cc(C(F)(F)F)ccc2n1-c1cc(C(F)(F)F)ccc1O,99.87,ppbr_az,TDC
CHEMBL2158437,O=c1cc(N2CCOCC2)nc(NCc2cccc(Cl)c2Cl)[nH]1,97.91,ppbr_az,TDC
CHEMBL1950728,CN[C@@H](C)C(=O)N[C@H](C(=O)N[C@H]1CCCN(CCCc2ccccc2)C1)C1CCCCC1,66.61,ppbr_az,TDC
CHEMBL541944,O=C(CN1CCN(Cc2ccn(-c3ccc(C(F)(F)F)cn3)c2)CC1)NC(c1ccc(F)cc1)c1ccc(F)cc1,99.86,ppbr_az,TDC
CHEMBL2021721,COc1ccc2cc(S(=O)(=O)N[C@H](CC(=O)N[C@H](Cc3ccc(CN4[C@@H](C)CCC[C@H]4C)cc3)C(=O)N(C)C(C)C)c3ccc4c(c3)OCO4)ccc2c1,96.0,ppbr_az,TDC
CHEMBL249789,OC[C@H]1C[C@@H](n2nnc3c(N[C@@H]4C[C@H]4c4ccc(F)c(F)c4)nc(SCCC(F)(F)F)nc32)[C@H](O)[C@@H]1O,99.85,ppbr_az,TDC
CHEMBL1488371,O=C(Nc1ccc(Cl)cc1)Nc1nnc(-c2ccncc2)s1,99.83,ppbr_az,TDC
CHEMBL1381989,CC1(C)CNC(=O)c2sc(N3CCOCC3)nc2C1,29.9,ppbr_az,TDC
CHEMBL2062584,COC(=O)CCn1cc(-c2cc(NC3CC3)n3ncc(C#N)c3n2)c2cc(NC(C)=O)ccc21,98.4,ppbr_az,TDC
CHEMBL2062559,N#Cc1cnn2c(NC3CC3)cc(-c3cccs3)nc12,98.4,ppbr_az,TDC
CHEMBL571526,Cc1cc(Nc2nc(O[C@H](C)c3ccc(F)cn3)c(C#N)nc2C)n[nH]1,97.81,ppbr_az,TDC
CHEMBL190243,C[C@@H](C(=O)NCCN1CCCC1)c1ccc(OS(=O)(=O)C(F)(F)F)cc1,67.63,ppbr_az,TDC
CHEMBL742,CNC1(c2ccccc2Cl)CCCCC1=O,42.01,ppbr_az,TDC
CHEMBL190,Cn1c(=O)c2nc[nH]c2n(C)c1=O,43.7,ppbr_az,TDC
CHEMBL1916286,Cc1nn(-c2ccccc2)c(NS(=O)(=O)C2CCCCC2)c1C(=O)N[C@@H](C)C(C)(C)C,98.51,ppbr_az,TDC
CHEMBL7662,COc1ccc(Cl)cc1C1(F)C(=O)Nc2cc(C(F)(F)F)ccc21,99.83,ppbr_az,TDC
CHEMBL481612,CCOc1cc2ncc(C(N)=O)c(Nc3cccc(Cl)c3Cl)c2cc1N1CCN(C(=O)CO)CC1,83.68,ppbr_az,TDC
CHEMBL2153581,O=C(CCCc1ccc2cccnc2n1)NCc1cc(-c2ccc(F)c(C(F)(F)F)c2)no1,99.91,ppbr_az,TDC
CHEMBL2158769,N#Cc1ccccc1C[C@@H](C(=O)O)N1CCC(CN2CCC(Oc3ccc(Cl)c(Cl)c3)CC2)CC1,90.91,ppbr_az,TDC
CHEMBL255044,CCOC(=O)Nc1ccc(NCc2ccc(F)cc2)nc1N,84.0,ppbr_az,TDC
CHEMBL522460,Cc1ccccc1CN1CCC(N2CCC(n3c(=O)[nH]c4ccccc43)CC2)CC1,64.54,ppbr_az,TDC
CHEMBL1924029,CC(C(=O)OC1CC[N+](C)(C)CC1)(c1ccccc1)N1CCCCC1,21.99,ppbr_az,TDC
CHEMBL8088,NC1=NC(c2ccc(F)cc2)Cc2ccccc21,64.01,ppbr_az,TDC
CHEMBL1630742,NCCCCCc1c[nH]c2ccc(F)cc12,64.01,ppbr_az,TDC
CHEMBL1309562,Cc1nc(N2CCOCC2)c2cc(-c3ccccc3)sc2n1,99.58,ppbr_az,TDC
CHEMBL267144,CC(C)[C@H]1C(=O)N[C@H](CO)Cc2ccccc2N1C,62.94,ppbr_az,TDC
CHEMBL208825,C[C@@H](CC(=O)OC(C)(C)C)NC(=O)C1=NOC(C(O)(C(F)(F)F)C(F)(F)F)C1,84.0,ppbr_az,TDC
CHEMBL646,Cc1nnc2n1-c1ccc(Cl)cc1C(c1ccccc1Cl)=NC2,85.48,ppbr_az,TDC
CHEMBL429,CC(CCc1ccccc1)NCC(O)c1ccc(O)c(C(N)=O)c1,62.4,ppbr_az,TDC
CHEMBL461573,Cc1cc(C)cc(C(=O)Nc2ccc(Cl)c(C(=O)Nc3cncs3)c2)c1,99.6,ppbr_az,TDC
CHEMBL204825,O=C(c1cccc(Cc2nnc(O)c3ccccc23)c1)N1CCOCC1,58.55,ppbr_az,TDC
CHEMBL513588,Cc1ncc(NC(=O)c2cc(NC(=O)c3cc(F)cc(Cl)c3)ccc2Cl)s1,99.6,ppbr_az,TDC
CHEMBL130,O=C(N[C@H](CO)[C@H](O)c1ccc([N+](=O)[O-])cc1)C(Cl)Cl,56.3,ppbr_az,TDC
CHEMBL2151321,CC(C)Oc1cc(-n2cnc3ccc(N[C@@H](C)c4ccc(F)cn4)nc32)n[nH]1,94.19,ppbr_az,TDC
CHEMBL1378202,CNC(=O)c1[nH]cnc1C(=O)Nc1ccc(OC)cc1,86.59,ppbr_az,TDC
CHEMBL325041,CC(C)C[C@H](NC(=O)[C@H](Cc1ccccc1)NC(=O)c1cnccn1)B(O)O,86.85,ppbr_az,TDC
CHEMBL213494,Cc1ccc2c(c1)c(-c1ccnc3c(S(C)(=O)=O)cccc13)c(C)n2CC(=O)O,93.94,ppbr_az,TDC
CHEMBL1288221,NC(=O)c1cnc(N[C@H]2CCCNC2)c2cc(-c3ccc(F)c(Cl)c3)sc12,99.61,ppbr_az,TDC
CHEMBL95804,CCN(CC)CCNC(=O)c1ccc(NS(C)(=O)=O)cc1,15.1,ppbr_az,TDC
CHEMBL1671971,COc1cc(/C=C2\SC(=O)NC2=O)ccc1Oc1ccc(C#N)cc1C(F)(F)F,99.95,ppbr_az,TDC
CHEMBL1789187,N#Cc1ccc(C(F)(F)F)nc1O[C@H](CCN)c1ccno1,44.27,ppbr_az,TDC
CHEMBL274737,CC[C@H](CO)Nc1nc(SCc2ccccc2)nc2nc(N)sc12,98.7,ppbr_az,TDC
CHEMBL277474,Cc1cc(=O)n(-c2ccccc2)n1C,19.35,ppbr_az,TDC
CHEMBL1956334,CC(=O)c1ncccc1NC(=O)[C@H]1CC[C@H](N2C(=O)[C@H]3[C@H]4CC[C@H](C4)[C@H]3C2=O)CC1,98.7,ppbr_az,TDC
CHEMBL1282,CC(C)Cn1cnc2c(N)nc3ccccc3c21,85.19,ppbr_az,TDC
CHEMBL2326623,COc1cccc2c1c(NS(=O)(=O)c1ccc(Cl)s1)nn2Cc1cccc(CNC(=O)[C@H]2COCCN2)c1,98.44,ppbr_az,TDC
CHEMBL279898,CCCn1c(=O)[nH]c(=O)c2[nH]cnc21,67.12,ppbr_az,TDC
CHEMBL2335864,COCCNC(=O)c1ccc(Nc2ncc3cc(-c4ccncc4)ccc3n2)cc1,98.29,ppbr_az,TDC
CHEMBL452861,CC(C)NC[C@H](O)COc1cccc2ccccc12,86.05,ppbr_az,TDC
CHEMBL523829,CN1CCN(C(=O)c2cccc(Cc3n[nH]c(=O)c4ccccc34)c2)CC1,65.06,ppbr_az,TDC
CHEMBL1188966,CN(C)c1nc(NC[C@H]2CC[C@H](CNS(=O)(=O)c3ccc(Br)cc3OC(F)(F)F)CC2)nc2ccccc12,99.95,ppbr_az,TDC
CHEMBL1880028,O=C(Cc1ccc(Oc2ccccc2)cc1)NO,98.0,ppbr_az,TDC
CHEMBL206200,COCCNc1nc(N)c2nc(O)n(Cc3ccccc3)c2n1,79.17,ppbr_az,TDC
CHEMBL1924047,C[C@@](C(=O)O[C@H]1C[N+]2(CCc3ccccc3)CCC1CC2)(c1ccccc1)N1CCCCC1,97.6,ppbr_az,TDC
CHEMBL25554,COc1cccc(OC)c1OCCNCC1COc2ccccc2O1,97.6,ppbr_az,TDC
CHEMBL1778652,CCS(=O)(=O)c1ccc(-c2cc(C(F)(F)F)ccc2CCC(=O)O)c(C)c1,97.44,ppbr_az,TDC
CHEMBL2071498,CC(C)C(NC(=O)c1ccccc1)C(=O)c1ccc(C#N)cc1,90.72,ppbr_az,TDC
CHEMBL1092926,Fc1cc(-c2cccc3ncc(-c4cnn(C5CCNCC5)c4)nc23)cc(F)c1CN1CCOCC1,91.46,ppbr_az,TDC
CHEMBL2335895,CC(=O)NC(C)c1ccc(Nc2ncc3cc(-c4ccncc4)ccc3n2)cc1,98.7,ppbr_az,TDC
CHEMBL480825,COc1cc2ncc(C(N)=O)c(Nc3cc(F)ccc3F)c2cc1OC,94.56,ppbr_az,TDC
CHEMBL256963,Clc1ccc2ncc(-c3cccc(NC4CNC4)n3)n2c1,83.68,ppbr_az,TDC
CHEMBL2338020,CCc1[nH]c2nc(Sc3cnc4ccc[n+]([O-])c4c3)nc(N3C[C@H]4[C@H](N)[C@H]4C3)c2c1Cl,93.39,ppbr_az,TDC
CHEMBL2325503,CS(=O)(=O)c1ccc(-c2nnc(/C=C/c3nnc(-c4ccc(C#N)cc4)o3)n2-c2ccccc2Cl)nc1,93.67,ppbr_az,TDC
CHEMBL1829174,Cc1cc(OCCCS(C)(=O)=O)cc(C)c1-c1cccc(COc2ccc3c(c2)OC[C@H]3CC(=O)O)c1,99.64,ppbr_az,TDC
CHEMBL741,Nc1nnc(-c2cccc(Cl)c2Cl)c(N)n1,55.73,ppbr_az,TDC
CHEMBL2062566,CC(=O)Nc1ccc2c(c1)N(c1cc(NC3CC3)n3ncc(C#N)c3n1)CC2,97.49,ppbr_az,TDC
CHEMBL1779503,O=C(NCCc1ccccc1)c1cc(-n2ncc(=O)[nH]c2=O)ccc1Cl,97.49,ppbr_az,TDC
CHEMBL49247,c1ccc2c(c1)CC(N1CCN(c3cccc4c3OCCO4)CC1)C2,97.38,ppbr_az,TDC
CHEMBL1454310,Cc1cc(I)cc2c1NC(C(=O)O)C1CC=CC21,99.8,ppbr_az,TDC
CHEMBL2030402,O=c1[nH]c([C@@H]2CCCN2)nc2c1oc1ccc(Cl)cc12,92.8,ppbr_az,TDC
CHEMBL2021706,CCC[C@@H](CNC(=O)c1nc(Cl)c(N)nc1N)[N+](C)(C)CCCc1ccc(OC)cc1,48.85,ppbr_az,TDC
CHEMBL1684954,C[C@@H](NC(=O)Cc1ccc(C2CC2)cc1)c1ccc(OCC(F)(F)F)cn1,99.59,ppbr_az,TDC
CHEMBL1916539,COc1ccc2ccc(=O)n(CCN3CCC(NCc4cc5c(cn4)OCCO5)CC3)c2c1,69.12,ppbr_az,TDC
CHEMBL1352372,N#Cc1c(N)nc2c(c1N)CC(COc1ccccc1)O2,89.05,ppbr_az,TDC
CHEMBL1087399,C[C@H](Nc1nc(Nc2ncc(C#N)s2)cc(N2CCOCC2)n1)c1ncc(F)cn1,88.35,ppbr_az,TDC
CHEMBL2338400,CC(C)(C)NC(=O)NCCN1CCN(CC(=O)NC23CC4CC(CC(C4)C2)C3)CC1,69.12,ppbr_az,TDC
CHEMBL521096,CCOc1cc2ncc(C(N)=O)c(Nc3ccc(C)cc3F)c2cc1N1CCN(C)CC1,94.32,ppbr_az,TDC
CHEMBL2151325,CCOc1cc(Nc2nc3c(cc2F)ncn3[C@@H](CO)c2ccc(F)cn2)n[nH]1,86.85,ppbr_az,TDC
CHEMBL2165066,N#Cc1ccc2ccc(=O)n(CCN3CC[C@@H](NCc4ccc5c(n4)NC(=O)CO5)[C@@H](F)C3)c2c1,79.55,ppbr_az,TDC
CHEMBL47298,CCN(CC)CCOc1ccc2c(c1)C(=O)c1cc(OCCN(CC)CC)ccc1-2,48.27,ppbr_az,TDC
CHEMBL569720,Cc1cc(Nc2nc(N[C@@H](C)c3ncc(F)cn3)c(C#N)nc2C)n[nH]1,69.61,ppbr_az,TDC
CHEMBL2107366,Cc1cccc([C@H](C)c2c[nH]c(=S)[nH]2)c1C,83.04,ppbr_az,TDC
CHEMBL1489087,O=C(Nc1ccc(Cl)c(Cl)c1)Nc1ccccc1C(=O)O,47.7,ppbr_az,TDC
CHEMBL1774056,Cc1cc(Nc2nc(N[C@@H](C)c3ccc(F)cn3)c(C#N)cc2F)n[nH]1,94.68,ppbr_az,TDC
CHEMBL2062567,CC(=O)Nc1ccc2c(c1)N(c1cc(NC3CC3)n3ncc(C#N)c3n1)CCO2,92.48,ppbr_az,TDC
CHEMBL1090940,CCCCCCCC(=O)N[C@@H](CCN)C(=O)N[C@@H](C)C(=O)N[C@@H](CCN)C(=O)N[C@H]1CCNC(=O)[C@H]([C@@H](C)O)NC(=O)[C@H](CCN)NC(=O)[C@H](CCN)NC(=O)[C@H](CC(C)C)NC(=O)[C@@H](Cc2ccccc2)NC(=O)[C@H](CCN)NC1=O,92.32,ppbr_az,TDC
CHEMBL2208428,CS(=O)(=O)c1ccccc1C(=O)NC[C@@H](O)CN1CCC(Oc2ccc(Cl)c(Cl)c2)CC1,91.28,ppbr_az,TDC
CHEMBL15023,O=C(CCCN1CCC(O)(c2cccc(C(F)(F)F)c2)CC1)c1ccc(F)cc1,92.32,ppbr_az,TDC
CHEMBL1309980,N=c1c(S(=O)(=O)c2ccc(Cl)cc2)cc2c(=O)n3ccccc3nc2n1C1CCCC1,50.0,ppbr_az,TDC
CHEMBL2107834,COC(=O)N(C)c1c(N)nc(-c2nn(Cc3ccccc3F)c3ncccc23)nc1N,91.46,ppbr_az,TDC
CHEMBL284237,C[C@]12N[C@H](Cc3ccccc31)c1ccccc12,47.12,ppbr_az,TDC
CHEMBL2170994,Nc1ncnc2c1ncn2[C@@H]1O[C@H](CSCCCNC(=O)Nc2ccc(Cl)cc2)[C@@H](O)[C@H]1O,91.64,ppbr_az,TDC
CHEMBL809,CN[C@H]1CC[C@@H](c2ccc(Cl)c(Cl)c2)c2ccccc21,98.54,ppbr_az,TDC
CHEMBL1957460,Cc1nccc(-c2ccc(-c3nc4ccncc4c(O)c3C#N)cc2)c1Cl,99.86,ppbr_az,TDC
CHEMBL320876,COc1cc([C@@H]2c3cc4c(cc3C(O[C@@H]3O[C@@H]5CO[C@@H](C)O[C@H]5[C@H](O)[C@H]3O)C3COC(=O)[C@@H]32)OCO4)cc(OC)c1O,98.17,ppbr_az,TDC
CHEMBL2164364,O=C(NCc1ccc(OC(F)(F)F)cc1)C1c2ccccc2C(=O)N1CCc1ncccn1,91.82,ppbr_az,TDC
CHEMBL2177736,NC(=O)c1cnc(N[C@@H]2CCCC[C@@H]2N)nc1Nc1cccc(-n2nccn2)c1,91.82,ppbr_az,TDC
CHEMBL2069413,O=C(N[C@@H]1COc2cccc(-c3ccc(CO)nc3)c2C1)c1ccc(OCCOCC(F)(F)F)nc1,95.91,ppbr_az,TDC
CHEMBL2062578,N#Cc1cnn2c(NC3CC3)cc(-n3ccc4ccc(CO)cc43)nc12,98.09,ppbr_az,TDC
CHEMBL440498,O=C(NO)C1(CS(=O)(=O)c2ccc(Oc3ccc(Cl)cc3)cc2)CCOCC1,98.0,ppbr_az,TDC
CHEMBL2312933,CCCN(c1cccnc1)P(=O)(c1ccccc1)c1ccccc1,97.95,ppbr_az,TDC
CHEMBL27890,COc1ccc2c(O)cc(=O)n(Cc3ccc(-c4ccccc4-c4nn[nH]n4)cc3)c2c1,99.89,ppbr_az,TDC
CHEMBL575448,C[C@@]1(C(=O)Nc2ccc(F)nc2)CCCN1c1nc(Nc2cc(C3CC3)n[nH]2)c2cccn2n1,97.91,ppbr_az,TDC
CHEMBL2171278,Cc1ccc(NC(=O)[C@@H]2CCCN2S(=O)(=O)c2cccc3cccnc23)c(C)c1,97.76,ppbr_az,TDC
CHEMBL2349312,CC(C)C[C@H](CO)Nc1nc(S[C@@H](C)c2ccccc2)nc2[nH]c(=O)sc12,99.9,ppbr_az,TDC
CHEMBL257006,C[C@H](CO)Nc1nc(SCc2cccc(F)c2F)nc2[nH]c(N)nc12,97.71,ppbr_az,TDC
CHEMBL1950856,CN[C@@H](C)C(=O)N[C@H](C(=O)N[C@H]1CCCN(CCc2ccc(Br)cc2)C1)C(C)(C)C,97.71,ppbr_az,TDC
CHEMBL2036958,CC1(CCCc2cc(=O)oc3[nH]c(=O)[nH]c(=O)c23)CC1,98.51,ppbr_az,TDC
CHEMBL2335888,CC(=O)N(C)c1ccc(Nc2ncc3cc(-c4ccncc4)ccc3n2)cc1,98.09,ppbr_az,TDC
CHEMBL1824045,O=C1COc2ccc(CNC3CCN(CCN4C(=O)COc5ccc(-c6ccco6)cc54)CC3)nc2N1,99.4,ppbr_az,TDC
CHEMBL1090488,C[C@H]1CN(C(=O)[C@@H]2CN(C(C)(C)C)C[C@H]2c2ccc(F)cc2F)C[C@@H](C)[C@]1(O)c1ccccc1,76.81,ppbr_az,TDC
CHEMBL550637,Cc1ccc(C(=O)N2CC3CNCC(C2)O3)cc1NC(=O)CC12CC3CC(CC(C3)C1)C2,71.99,ppbr_az,TDC
CHEMBL1916263,CCC(CC)NC(=O)c1cn(-c2ccccc2)nc1NS(=O)(=O)c1ccc(C)cc1,99.87,ppbr_az,TDC
CHEMBL1957462,Cc1nn(C)c(C)c1-c1ccc(-c2nc3ccncc3c(O)c2C#N)cc1,99.64,ppbr_az,TDC
CHEMBL296419,COc1ccc(CCN2CCC(Nc3nc4ccccc4n3Cc3ccc(F)cc3)CC2)cc1,97.38,ppbr_az,TDC
CHEMBL2331738,Cc1cn([C@H]2CCCN(S(=O)(=O)c3cccc(Oc4ccccc4)c3)C2)c(=O)[nH]c1=O,97.38,ppbr_az,TDC
CHEMBL2312113,COc1cc(O)c(C(CC(=O)N2CC(C)CC(C)C2)c2ccc3c(c2)OCO3)c(OC)c1,99.76,ppbr_az,TDC
CHEMBL1605684,CC(=O)c1cn(Cc2ccccc2)c(=O)n(Cc2ccc(F)cc2)c1=O,97.55,ppbr_az,TDC
CHEMBL2179270,Cc1cn([C@H]2CCCN([C@@H](C)c3ccc(C(=O)O)c(Oc4cccc(Cl)c4)c3)C2)c(=O)[nH]c1=O,97.71,ppbr_az,TDC
CHEMBL2071491,CC(C)C(NC(=O)c1ccccc1)C(=O)c1ccc([N+](=O)[O-])cc1,95.82,ppbr_az,TDC
CHEMBL140684,CN(c1ccccc1)S(=O)(=O)c1ccc(NC(=O)C(C)(O)C(F)(F)F)cc1,97.71,ppbr_az,TDC
CHEMBL1650723,COc1cc(Nc2nc(N[C@@H](C)c3ncc(F)cn3)ncc2Cl)n[nH]1,87.87,ppbr_az,TDC
CHEMBL2171014,Cc1c(Cl)ccc(OC2CCN(C3CCN(C(=O)NS(=O)(=O)c4ccc(N(C)C)cc4)CC3)CC2)c1Cl,97.76,ppbr_az,TDC
CHEMBL1962896,COc1ccc(CCC[N+](C)(CCCc2ccc(OC)cc2)CCNC(=O)c2nc(Cl)c(N)nc2N)cc1,83.68,ppbr_az,TDC
CHEMBL714,CC(C)(C)NCC(O)c1ccc(O)c(CO)c1,22.79,ppbr_az,TDC
CHEMBL1071,O=C(O)CCc1nc(-c2ccccc2)c(-c2ccccc2)o1,99.95,ppbr_az,TDC
CHEMBL112,CC(=O)Nc1ccc(O)cc1,26.64,ppbr_az,TDC
CHEMBL435,NS(=O)(=O)c1cc2c(cc1Cl)NCNS2(=O)=O,71.99,ppbr_az,TDC
CHEMBL2349318,CCC[C@H](CO)Nc1nc(S[C@@H](C)c2cccc(C#N)c2)nc2[nH]c(=O)sc12,99.93,ppbr_az,TDC
CHEMBL2164395,O=C(NCc1ccc(OCC(F)(F)F)nc1)C1c2ccccc2C(=O)N1CCc1ccccn1,90.72,ppbr_az,TDC
CHEMBL1950849,CN[C@@H](C)C(=O)N[C@H](C(=O)N[C@H]1CCCN(CCc2cccc(F)c2)C1)C1CCCCC1,71.99,ppbr_az,TDC
CHEMBL259081,O=c1nc(NCc2ccccc2)sn1Cc1ccccc1,99.88,ppbr_az,TDC
CHEMBL24646,COc1ccc(-c2nc3cc(C4=NNC(=O)CC4C)ccc3[nH]2)cc1,89.05,ppbr_az,TDC
CHEMBL247471,C[C@H](c1ccc(F)cc1CCCC(=O)O)N(c1cc(F)ccc1F)S(=O)(=O)c1ccc(Cl)cc1,99.9,ppbr_az,TDC
CHEMBL33899,CC/C(=C(\c1ccccc1)c1ccc(/C=C/C(=O)O)cc1)c1ccccc1,99.67,ppbr_az,TDC
CHEMBL1287892,NC(=O)c1cnc(N[C@H]2CCCNC2)c2cc(-c3ccc(F)c(F)c3)sc12,98.09,ppbr_az,TDC
CHEMBL907,CCCCc1nc(Cl)c(C(=O)O)n1Cc1ccc(-c2ccccc2-c2nn[nH]n2)cc1,99.51,ppbr_az,TDC
CHEMBL2180015,CC#Cc1ccnc(-c2cc(C3(C4CC4)N=C(C)C(N)=N3)ccc2O)c1,99.4,ppbr_az,TDC
CHEMBL2216839,C[C@H]1CN(Cc2nnc(-c3cc(-c4cccc5[nH]ccc45)cc4[nH]ncc34)o2)C[C@@H](C)O1,98.09,ppbr_az,TDC
CHEMBL2208434,O=C(NC[C@@H](O)CN1CCC(Oc2ccc(Cl)c(Cl)c2)CC1)c1cc(=O)[nH]c2ccccc12,98.17,ppbr_az,TDC
CHEMBL655,Cc1ncc2n1-c1ccc(Cl)cc1C(c1ccccc1F)=NC2,98.25,ppbr_az,TDC
CHEMBL2103875,CC(=O)Nc1cccc(-n2c(=O)n(C3CC3)c(=O)c3c(Nc4ccc(I)cc4F)n(C)c(=O)c(C)c32)c1,99.05,ppbr_az,TDC
CHEMBL1933593,C[C@H]1O[C@@H](n2cnc3c(N)nc(OC(C4CC4)C(F)(F)F)nc32)[C@H](O)[C@@H]1O,65.06,ppbr_az,TDC
CHEMBL2151176,COc1cc(Nc2nc3c(c(COC4CCCC4)n2)COCC3)ccc1-n1cnc(C)c1,99.01,ppbr_az,TDC
CHEMBL2165187,CN(C)CCN(Cc1cccc2ccccc12)c1cc(N2CCOCC2)nc(=O)[nH]1,66.1,ppbr_az,TDC
CHEMBL38182,N#Cc1ccc(NC(=O)Nc2ccccc2Br)c2nn[nH]c12,99.58,ppbr_az,TDC
CHEMBL254497,CC(C)(C)OC(=O)N[C@H](Cc1ccccc1C(F)(F)F)C(=O)NCc1nc2cccnc2n1Cc1ccccc1,98.89,ppbr_az,TDC
CHEMBL1257491,Oc1ccc2cc(CNCCc3ccc(Br)cc3)c(-c3ccsc3)nc2c1,99.85,ppbr_az,TDC
CHEMBL1309788,Cc1ccc(-n2c(C)cc(/C=C3\SC(=O)NC3=O)c2C)cc1,99.84,ppbr_az,TDC
CHEMBL461950,O=C(Nc1ccc(Cl)c(C(=O)Nc2cccnc2)c1)c1cccc(Cl)c1,98.29,ppbr_az,TDC
CHEMBL574059,Cn1c(=O)c(-c2c(Cl)cccc2Cl)cc2cnc(Nc3ccc(F)cc3)nc21,99.6,ppbr_az,TDC
CHEMBL1359777,Cc1cc(C(=O)Cn2cc(C(F)(F)F)ccc2=O)c(C)n1Cc1ccccc1,98.4,ppbr_az,TDC
CHEMBL1957363,N#Cc1c(-c2ccc(-c3ccccc3O)cc2)nc2ccncc2c1O,99.74,ppbr_az,TDC
CHEMBL1683031,CCOc1cc2nnc(C(N)=O)c(Nc3ccc(C)cc3F)c2cc1N1CCN(C)CC1,98.4,ppbr_az,TDC
CHEMBL708,O=C1Cc2cc(CCN3CCN(c4nsc5ccccc45)CC3)c(Cl)cc2N1,99.9,ppbr_az,TDC
CHEMBL2204344,O=C(CCCN1CC[Si](O)(c2cccc(C(F)(F)F)c2)CC1)c1ccc(F)cc1,95.91,ppbr_az,TDC
CHEMBL408,Cc1c(C)c2c(c(C)c1O)CCC(C)(COc1ccc(CC3SC(=O)NC3=O)cc1)O2,99.91,ppbr_az,TDC
CHEMBL589586,COC(=O)/C=C/C(=O)O,86.05,ppbr_az,TDC
CHEMBL2094588,O=C(CN1C2=NCCN2c2ccccc21)c1ccc(Cl)cc1,66.1,ppbr_az,TDC
CHEMBL232656,C[C@@H]1CN(Cc2ccc(F)cc2)CCN1C(=O)COc1ccc(Cl)cc1NC(N)=O,97.95,ppbr_az,TDC
CHEMBL2059866,Cc1ccc(-c2cn(C)cn2)cc1NC(=O)c1ccc(OCc2ccccn2)cc1,90.52,ppbr_az,TDC
CHEMBL2164373,O=C(NCc1ccc(OC(F)(F)F)cc1)C1c2ccccc2C(=O)N1C1CCC(F)(F)CC1,98.0,ppbr_az,TDC
CHEMBL2057372,CC(C)(C)NS(=O)(=O)c1cncc(-c2ccc3nc(NC(=O)NCC(=O)N4CCOCC4)nn3c2)c1,54.02,ppbr_az,TDC
CHEMBL412142,Cc1c[nH]c(-c2cnc(NCCNc3ccc(C#N)cn3)nc2-c2ccc(Cl)cc2Cl)n1,98.13,ppbr_az,TDC
CHEMBL35,NS(=O)(=O)c1cc(C(=O)O)c(NCc2ccco2)cc1Cl,98.37,ppbr_az,TDC
CHEMBL1090090,NC(=O)c1ccc(N(C(N)=O)c2c(F)cccc2F)nc1-c1ccc(F)cc1F,60.77,ppbr_az,TDC
CHEMBL506,COc1cc(NC(C)CCCN)c2ncccc2c1,59.66,ppbr_az,TDC
CHEMBL481,CCc1c2c(nc3ccc(OC(=O)N4CCC(N5CCCCC5)CC4)cc13)-c1cc3c(c(=O)n1C2)COC(=O)[C@]3(O)CC,57.99,ppbr_az,TDC
CHEMBL1078411,N#C[C@@]1(NC(=O)[C@@H](N)Cc2cccs2)C[C@@H]1c1ccccc1,54.02,ppbr_az,TDC
CHEMBL1957370,N#Cc1c(-c2ccc(-c3ccncc3Cl)cc2)nc2ccncc2c1O,99.45,ppbr_az,TDC
CHEMBL2333941,C[C@@]1(c2cc(-c3cncnc3)c(F)cc2F)CCSC(N)=N1,54.02,ppbr_az,TDC
CHEMBL210884,COCCOc1nc(N)c2[nH]c(=O)n(Cc3ccccc3)c2n1,89.49,ppbr_az,TDC
CHEMBL141157,C#CC[C@@H](C(=O)N[C@H](/C=C/C(=O)OCC)C[C@@H]1CCNC1=O)n1cccc(NC(=O)c2cc(C)on2)c1=O,55.73,ppbr_az,TDC
CHEMBL1807823,O=c1[nH]c2c(O)ccc([C@@H](O)CNCCSCCCNCCc3ccccc3)c2s1,52.88,ppbr_az,TDC
CHEMBL1950842,CN[C@@H](C)C(=O)N[C@H](C(=O)N[C@H]1CCCN(CCc2ccccc2)C1)C(C)(C)C,49.42,ppbr_az,TDC
CHEMBL1917431,Cc1c(Sc2ccc(Cl)cc2)c2cc(S(C)(=O)=O)ccc2n1CC(=O)O,98.73,ppbr_az,TDC
CHEMBL2335878,CN(C)CCNC(=O)c1ccc(Nc2ncc3cc(-c4ccncc4)ccc3n2)cc1,98.89,ppbr_az,TDC
CHEMBL60066,O=C(Nc1ccc(F)cc1)c1ccc(Cl)[n+]([O-])c1,53.45,ppbr_az,TDC
CHEMBL558,Cc1cccc(C)c1OCC(C)N,36.53,ppbr_az,TDC
CHEMBL2062569,CC(=O)Nc1cc2c(ccn2-c2cc(NC3CC3)n3ncc(C#N)c3n2)cc1C,97.91,ppbr_az,TDC
CHEMBL480,Cc1c(OCC(F)(F)F)ccnc1C[S+]([O-])c1nc2ccccc2[nH]1,98.4,ppbr_az,TDC
CHEMBL2152918,CO[C@H]1CC[C@]2(CC1)Cc1ccc(-c3cncc(Br)c3)cc1C21N=C(C)C(N)=N1,86.05,ppbr_az,TDC
CHEMBL98406,Nc1nc2ccc(F)cc2s1,84.0,ppbr_az,TDC
CHEMBL1470371,NC(=O)c1cccc2c3c([nH]c12)CCCC3,71.99,ppbr_az,TDC
CHEMBL2018969,COc1cccc2c1c(NS(=O)(=O)c1ccc(Cl)s1)nn2Cc1cccc(CNC(=O)C(C)(C)O)c1,98.67,ppbr_az,TDC
CHEMBL1934426,Cc1nn(C2CCOCC2)c(NS(=O)(=O)c2ccc(C3CC3)cc2)c1C(=O)N[C@@H](C)C(C)(C)C,92.64,ppbr_az,TDC
CHEMBL2164670,COc1ccccc1C(C#N)NC(=O)[C@@H]1CCCC[C@H]1C(=O)N1CCN(Cc2ccc(F)cc2)CC1,94.9,ppbr_az,TDC
CHEMBL2048864,O=C1NC(=O)/C(=C/c2cccc(Cl)c2N2CCNCC2)S1,92.16,ppbr_az,TDC
CHEMBL2177173,CN1CCN(S(=O)(=O)c2ccc(-c3cnc(N)c(C(=O)Nc4cnccc4CN4CCCC4)n3)cc2)CC1,92.16,ppbr_az,TDC
CHEMBL2158839,O=C(O)[C@H](Cc1ccccc1F)N1CCC(CN2CCC(Oc3ccc(Cl)c(Cl)c3)CC2)CC1,88.59,ppbr_az,TDC
CHEMBL2178388,Cc1nc(C(F)F)c(C(N)=O)nc1-c1ccc([C@H]2CC[C@H](CC(=O)O)CC2)cc1,94.56,ppbr_az,TDC
CHEMBL315708,c1ccc(-c2[nH]nc3ccccc23)cc1,96.93,ppbr_az,TDC
CHEMBL1818300,CC(C)(C)OC(=O)NC[C@H]1CC[C@H](CNC(=O)c2cc(N3CCC(CCN4CC(O)C4)CC3)nc3ccccc23)CC1,97.0,ppbr_az,TDC
CHEMBL2313230,CCCN(c1cncnc1)P(=O)(c1ccccc1)c1ccccc1,88.11,ppbr_az,TDC
CHEMBL62,CN1CCc2cc(Cl)c(O)cc2[C@@H](c2ccccc2)C1,91.99,ppbr_az,TDC
CHEMBL2177908,NC1=NC(c2ccnc(C(F)(F)F)c2)(c2ccc(F)c(-c3cncnc3)c2)c2cccc(F)c21,97.07,ppbr_az,TDC
CHEMBL1778643,CCc1ccc(OCC(=O)O)c(-c2ccc(S(C)(=O)=O)cc2)c1,94.32,ppbr_az,TDC
CHEMBL1444,N#Cc1ccc(C(c2ccc(C#N)cc2)n2cncn2)cc1,51.73,ppbr_az,TDC
CHEMBL1650733,Cc1cc(Nc2nc(N[C@@H](C)c3ncc(F)cn3)nc(N3CCOCC3)c2F)n[nH]1,91.64,ppbr_az,TDC
CHEMBL1934414,Cc1ccc(S(=O)(=O)Nc2c(C(=O)N[C@@H](C)C(C)(C)C)c(C)nn2C2CCCC2)cc1,97.86,ppbr_az,TDC
CHEMBL182380,CCN(C(=O)NCc1ccc(S(C)(=O)=O)cc1)C1CCN(CCC(c2ccccc2)c2ccccc2)CC1,67.12,ppbr_az,TDC
CHEMBL378730,Cc1ccc2c(c1)c(-c1ccnc3c(Cl)cccc13)c(C)n2CC(=O)O,99.44,ppbr_az,TDC
CHEMBL65693,CS(=O)(=O)Nc1ccc2[nH]c(Cc3ccc(Oc4ccccc4)cc3)nc2c1,99.45,ppbr_az,TDC
CHEMBL2335898,C[C@@H](NC(=O)C1CCCCN1C)c1ccc(Nc2ncc3cc(-c4ccncc4)ccc3n2)cc1,96.17,ppbr_az,TDC
CHEMBL1230662,CN[C@@H](C)C(=O)N[C@H](C(=O)N1CCC[C@H]1C(=O)N[C@@H]1CCCc2ccccc21)C(C)(C)C,91.99,ppbr_az,TDC
CHEMBL1762530,Cc1ccc(CO)cc1N(C)c1ccnc(Nc2cc(N3CCOCC3)cc(N3CCOCC3)c2)n1,91.82,ppbr_az,TDC
CHEMBL2158819,O=C(O)C(c1ccccc1)N1CCC(CN2CCC(Oc3ccc(Cl)c(Cl)c3)CC2)CC1,91.46,ppbr_az,TDC
CHEMBL2207603,COc1cc(OC)c(S(=O)(=O)N2c3ccccc3Oc3ccccc32)cc1NC(=O)CCC(=O)O,97.6,ppbr_az,TDC
CHEMBL1801504,O=c1cc(Cn2c(C3CCC3)nc3nccnc32)c2ccc(F)c(F)c2[nH]1,79.92,ppbr_az,TDC
CHEMBL1087268,Cc1cnc(Nc2cc(N3CCN(C)CC3)nc(N[C@@H](C)c3ccc(F)cn3)n2)s1,95.33,ppbr_az,TDC
CHEMBL1981917,NC1=Nc2ccccc2Sc2cccc(F)c21,94.32,ppbr_az,TDC
CHEMBL2177911,COc1cc(C2(c3cccc(-c4cncnc4)c3)N=C(N)c3c(F)cccc32)ccn1,95.33,ppbr_az,TDC
CHEMBL2017291,COc1cc2c(cc1-c1c(C)noc1C)ncc1[nH]c(=O)n([C@H](C)c3ccccn3)c12,97.66,ppbr_az,TDC
CHEMBL1587607,O=C(Nc1ccccc1Cl)c1cc[nH]n1,93.39,ppbr_az,TDC
CHEMBL1778638,CCS(=O)(=O)c1ccc(-c2cc(C(F)(F)F)ccc2OCC(=O)O)c(Cl)c1,97.66,ppbr_az,TDC
CHEMBL2062576,CC(=O)Nc1ccc2ccn(-c3cc(NCCCN4CCCC4)n4ncc(C#N)c4n3)c2c1,93.24,ppbr_az,TDC
CHEMBL122,CS(=O)(=O)c1ccc(C2=C(c3ccccc3)C(=O)OC2)cc1,93.1,ppbr_az,TDC
CHEMBL439871,CC(C)Cn1c(=O)n(C)c(=O)c2c(C(=O)N3CC(C)(O)C3)c(Cc3ccccc3C(F)(F)F)sc21,93.1,ppbr_az,TDC
CHEMBL1944693,COc1ccccc1CCNCc1cccc(CCNC[C@H](O)c2ccc(O)c3[nH]c(=O)sc23)c1,94.06,ppbr_az,TDC
CHEMBL2070125,COc1cnc(-c2ccccn2)nc1NC1CCCC1,93.94,ppbr_az,TDC
CHEMBL1778639,CCS(=O)(=O)c1ccc(-c2cc(C(F)(F)F)ccc2OCC(=O)O)c(C)c1,95.72,ppbr_az,TDC
CHEMBL2031562,Nc1cc(C(=O)Nc2cccc(-c3nnn[nH]3)c2)cc(C(F)(F)F)c1,97.81,ppbr_az,TDC
CHEMBL162203,Cc1cccc(-c2nc3cc(Cl)ccc3[nH]2)n1,98.89,ppbr_az,TDC
CHEMBL669,CN(C)CCC=C1c2ccccc2C=Cc2ccccc21,92.16,ppbr_az,TDC
CHEMBL550902,O=C(O)c1cncc(-c2ccc(Cl)c(C(=O)NCC34CC5CC(CC(C5)C3)C4)c2)c1,99.01,ppbr_az,TDC
CHEMBL1995703,Cc1cnc(Nc2ccc(N3CCN(C)CC3)cc2)nc1Nc1cccc(S(=O)(=O)NC(C)(C)C)c1,92.48,ppbr_az,TDC
CHEMBL550496,O=C(O)CNCCNc1ccc(Cl)c(C(=O)NCC23CC4CC(CC(C4)C2)C3)c1,92.8,ppbr_az,TDC
CHEMBL380732,CC[C@H](CO)Nc1nc(SCc2cccc(F)c2F)nc2nc(N)sc12,98.51,ppbr_az,TDC
CHEMBL2011928,COc1ccc(-c2nc3c(NCCCNC(C)=O)c(Br)cnc3[nH]2)cc1,97.38,ppbr_az,TDC
CHEMBL2171021,Cc1c(Cl)ccc(OC2CCN(C3CCN(C(=O)c4cccc(S(C)(=O)=O)c4)CC3)CC2)c1Cl,96.5,ppbr_az,TDC
CHEMBL567,OCCN1CCN(CCCN2c3ccccc3Sc3ccc(Cl)cc32)CC1,98.51,ppbr_az,TDC
CHEMBL2070117,COc1cnc(-c2ccccn2)nc1N1CCCCC1,95.12,ppbr_az,TDC
CHEMBL1489548,O=C(CCS(=O)(=O)c1ccc(Br)cc1)NCCc1ccccc1,96.0,ppbr_az,TDC
CHEMBL195309,Cc1nccn1-c1ccc(Sc2cccc(C3(C(N)=O)CCOCC3)c2)cc1,93.1,ppbr_az,TDC
CHEMBL2062555,N#Cc1cnn2c(N)cc(-c3cccs3)nc12,95.12,ppbr_az,TDC
CHEMBL580,O=C1Nc2ccc(Cl)cc2C(c2ccccc2Cl)=NC1O,92.8,ppbr_az,TDC
CHEMBL416,COc1c2occc2cc2ccc(=O)oc12,92.32,ppbr_az,TDC
CHEMBL391565,COc1ccc(NC(=O)c2ccnc(N)n2)cc1,71.05,ppbr_az,TDC
CHEMBL1087269,Cc1cnc(Nc2cc(N3CCOCC3)nc(N[C@@H](C)c3ccc(F)cn3)n2)s1,97.38,ppbr_az,TDC
CHEMBL1256967,CC1(C)[C@H](NC(=O)/C(=N\OCc2cc(=O)c(O)cn2O)c2csc(N)n2)C(=O)N1OS(=O)(=O)O,69.12,ppbr_az,TDC
CHEMBL2335876,COCCNC(=O)c1ccc(Nc2ncc3cc(-c4ccncc4)ccc3n2)cc1C,99.6,ppbr_az,TDC
CHEMBL2335901,C[C@@H](NC(=O)C1CCNCC1)c1ccc(Nc2ncc3cc(-c4ccncc4)ccc3n2)cc1,95.23,ppbr_az,TDC
CHEMBL2062568,CC(=O)Nc1ccc2c(c1)N(c1cc(NC3CC3)n3ncc(C#N)c3n1)CCC2,97.38,ppbr_az,TDC
CHEMBL1770298,Cc1ccc(C(NC(=O)c2ccccc2O)C(=O)Nc2c(C)cccc2C)s1,99.57,ppbr_az,TDC
CHEMBL1689133,C[C@H](Oc1ccc(Cl)cc1CN1CCN(C(=O)Cc2ccc(Cl)cc2)[C@@H](C)C1)C(=O)O,97.44,ppbr_az,TDC
CHEMBL2164044,O=C(NCc1ccc(F)c(C(F)(F)F)c1)C1c2ccccc2C(=O)N1CCc1ncc(F)cn1,95.23,ppbr_az,TDC
CHEMBL2207606,COc1cc(OC)c(S(=O)(=O)N2c3ccccc3Oc3ccccc32)cc1NC(=O)/C=C/C(=O)O,97.6,ppbr_az,TDC
CHEMBL1557771,O=C(c1ccccc1)N1CCC(c2nc3ccccc3o2)CC1,95.43,ppbr_az,TDC
CHEMBL493677,CC(C)(C)CCN1CC[C@H](CNC(=O)c2cc(Cl)cc(Cl)c2)[C@H](F)C1,95.53,ppbr_az,TDC
CHEMBL2207664,Cc1c(Cl)ccc(OC2CCN(C[C@H](O)CNC(=O)c3c[nH]c(=O)cc3C(F)(F)F)CC2)c1Cl,96.65,ppbr_az,TDC
CHEMBL560993,Cc1c(Cc2ccc3ccccc3n2)c2cc(F)ccc2n1CC(=O)O,99.36,ppbr_az,TDC
CHEMBL1916535,O=C1COc2ccccc2N1CCN1CCC(NCc2cc3c(cn2)OCCO3)CC1,74.69,ppbr_az,TDC
CHEMBL2059865,Cc1ccc(-c2ncc[nH]2)cc1NC(=O)c1ccc(OCc2ccccn2)cc1,94.06,ppbr_az,TDC
CHEMBL2147475,COc1cc(-n2cnc3cc(-c4ccc(Cl)cc4)sc3c2=O)ccc1OC[C@H](OP(=O)(O)O)C1CC1,99.39,ppbr_az,TDC
CHEMBL1957840,O=c1cc(N2CCOCC2)nc2n(Cc3cccc(Cl)c3Cl)ccn12,96.34,ppbr_az,TDC
CHEMBL1950852,CN[C@@H](C)C(=O)N[C@H](C(=O)N[C@H]1CCCN(CCc2ccccc2OC)C1)C(C)(C)C,74.25,ppbr_az,TDC
CHEMBL1917449,CC(=O)Nc1cccc2c1c(S(=O)(=O)c1ccc(Cl)cc1)c(C)n2CC(=O)O,95.72,ppbr_az,TDC
CHEMBL1609717,O=C(CCS(=O)(=O)c1ccc(Br)cc1)NCc1ccc(F)cc1,95.72,ppbr_az,TDC
CHEMBL1950841,CN[C@@H](C)C(=O)N[C@H](C(=O)N[C@H]1CCCCN(CCc2ccccc2)C1)C1CCCCC1,73.81,ppbr_az,TDC
CHEMBL228814,Cc1ccc(C(=O)N(CCCN)[C@@H](c2nc3cc(Cl)ccc3c(=O)n2Cc2ccccc2)C(C)C)cc1,99.4,ppbr_az,TDC
CHEMBL1951077,COc1cc(OC)c(S(=O)(=O)N2c3ccccc3CCC2C)cc1NC(=O)COCC(=O)O,73.36,ppbr_az,TDC
CHEMBL1448843,O=C(CSc1ccccc1)N1CCN(C(=O)c2ccco2)CC1,73.36,ppbr_az,TDC
CHEMBL972,C#CCN(C)[C@H](C)Cc1ccccc1,72.91,ppbr_az,TDC
CHEMBL1213085,Cc1ccccc1-n1c(Cn2nc(-c3ccc(O)c(F)c3)c3c(N)ncnc32)nc2cccc(C)c2c1=O,98.0,ppbr_az,TDC
CHEMBL2165057,COc1ccc2ncc(=O)n(CCN3CC[C@@H](NCc4ccc5c(n4)NC(=O)CO5)[C@@H](OC)C3)c2c1,71.99,ppbr_az,TDC
CHEMBL2158825,O=C(O)Cc1ccccc1N1CCC(CN2CCC(Oc3ccc(Cl)c(Cl)c3)CC2)CC1,99.4,ppbr_az,TDC
CHEMBL402831,Cc1nc(-c2c(F)cc(Cl)cc2-c2cnc([C@@H](C)NC(=O)[C@@](C)(O)C(F)(F)F)c(F)c2)no1,98.0,ppbr_az,TDC
CHEMBL1951075,COc1cc(OC)c(S(=O)(=O)N2c3ccccc3CCC2C)cc1NC(=O)NCC(=O)O,71.99,ppbr_az,TDC
CHEMBL2325021,N#Cc1cc(S(=O)(=O)Nc2ncns2)ccc1Oc1ccc(C(F)(F)F)cc1-c1ccnnc1,99.41,ppbr_az,TDC
CHEMBL480445,COc1cc2ncc(C(N)=O)c(Nc3ccc(F)cc3F)c2cc1N1CCN(C)CC1,74.69,ppbr_az,TDC
CHEMBL559968,O=C(NCCc1ccccc1Cl)c1cc(-n2ncc(=O)[nH]c2=O)ccc1Cl,97.2,ppbr_az,TDC
CHEMBL109980,CC(C)(N)C(=O)N[C@H](COCc1ccc(F)cc1F)C(=O)N1CCC2=NN(CC(F)(F)F)C(=O)[C@]2(Cc2ccccn2)C1,74.69,ppbr_az,TDC
CHEMBL23,COc1ccc([C@@H]2Sc3ccccc3N(CCN(C)C)C(=O)[C@@H]2OC(C)=O)cc1,75.97,ppbr_az,TDC
CHEMBL1917443,Cc1ccc2c(c1)c(Sc1ccc(S(C)(=O)=O)cc1)c(C)n2CC(=O)O,99.19,ppbr_az,TDC
CHEMBL481905,CCOc1cc2ncc(C(N)=O)c(Nc3ccc(Cl)c(Cl)c3)c2cc1N1CCN(C)CC1,99.19,ppbr_az,TDC
CHEMBL2180028,COc1c(C)cc(C2(c3cccc(-c4cncnc4)c3)N=C(C)C(N)=N2)cc1C,95.63,ppbr_az,TDC
CHEMBL208943,O=C(c1c2ccccc2cc2ccccc12)N1CCC(N2CCC[C@@H](C(=O)N3CCOCC3)C2)CC1,93.39,ppbr_az,TDC
CHEMBL2144069,Cc1ccc(NC(=O)c2cccc(C(C)(C)C#N)c2)cc1Nc1ccc2ncn(C)c(=O)c2c1,99.61,ppbr_az,TDC
CHEMBL250687,CCCSc1nc(N[C@@H]2C[C@H]2c2ccccc2)c2nnn([C@@H]3C[C@H](CO)[C@@H](O)[C@H]3O)c2n1,99.23,ppbr_az,TDC
CHEMBL1352569,CC(C)(Oc1ccc(Cl)cc1)C(=O)N1CCN(c2ccccn2)CC1,99.23,ppbr_az,TDC
CHEMBL1956163,O=C1[C@H]2[C@H]3CC[C@H](C3)[C@H]2C(=O)N1[C@H]1CC[C@H](C(=O)Nc2cccc3cccnc23)CC1,98.4,ppbr_az,TDC
CHEMBL1916532,COc1ccc2ncc(F)c(CCN3CCC(NCc4cc5c(cn4)OCCO5)CC3)c2n1,82.72,ppbr_az,TDC
CHEMBL149434,CCc1c(C(=O)C(N)=O)c2c(OCC(N)=O)cccc2n1Cc1ccccc1,84.9,ppbr_az,TDC
CHEMBL1818296,CN(C)CCC1CCN(c2cc(C(=O)NC[C@H]3CC[C@H](CNC(=O)OC(C)(C)C)CC3)c3ccccc3n2)CC1,96.65,ppbr_az,TDC
CHEMBL2171033,O=C(NS(=O)(=O)c1ccccc1)N1CCC(N2CCC(Oc3ccc(Cl)c(Cl)c3)CC2)CC1,81.36,ppbr_az,TDC
CHEMBL1346,NC(=O)C(c1ccccc1)(c1ccccc1)[C@@H]1CCN(CCc2ccc3c(c2)CCO3)C1,95.12,ppbr_az,TDC
CHEMBL1778636,N#Cc1cccc(-c2cc(Cl)ccc2OCC(=O)O)c1,99.25,ppbr_az,TDC
CHEMBL2207654,O=C(NC[C@@H](O)CN1CCC(Oc2ccc(Cl)c(Cl)c2)CC1)c1c[nH]c(=O)c2cc(S(=O)(=O)N3CCC3)ccc12,95.01,ppbr_az,TDC
CHEMBL406,CC1Cc2ccccc2N1NC(=O)c1ccc(Cl)c(S(N)(=O)=O)c1,79.55,ppbr_az,TDC
CHEMBL509032,COc1cc(N2CCC(N3CCN(C)CC3)CC2)ccc1Nc1ncc(Cl)c(Nc2ccccc2S(=O)(=O)C(C)C)n1,96.72,ppbr_az,TDC
CHEMBL13817,CC(C)(N)C(=O)N[C@H](COCc1ccccc1)C(=O)N1CCC2(CC1)CN(S(C)(=O)=O)c1ccccc12,76.81,ppbr_az,TDC
CHEMBL1027,Cc1ccsc1C(=CCCN1CCC[C@@H](C(=O)O)C1)c1sccc1C,94.9,ppbr_az,TDC
CHEMBL1950720,CN[C@@H](C)C(=O)N[C@H](C(=O)N1CC[C@H]2CCN(CCc3ccccc3)C[C@H]21)C1CCCCC1,94.32,ppbr_az,TDC
CHEMBL2171047,Cc1ccc(S(=O)(=O)NC(=O)N2CCC(N3CCC(Oc4ccc(Cl)c(C)c4Cl)CC3)CC2)cc1,82.05,ppbr_az,TDC
CHEMBL331372,CCNC(=O)[C@H]1O[C@@H](n2cnc3c(N)nc(NCCc4ccc(CCC(=O)O)cc4)nc32)[C@H](O)[C@@H]1O,57.99,ppbr_az,TDC
CHEMBL479441,COCCOc1cc2ncc(C(N)=O)c(Nc3ccc(F)cc3F)c2cc1N1CCN(C)CC1,54.59,ppbr_az,TDC
CHEMBL1818303,CN(C)CCC1CCN(c2cc(C(=O)NC[C@H]3CC[C@H](CNC(=O)OCC(C)(C)C)CC3)c3ccccc3n2)CC1,98.61,ppbr_az,TDC
CHEMBL1921936,C[C@@](C(=O)O[C@H]1C[N+]2(CCCOc3ccc(F)cc3)CCC1CC2)(c1ccccc1)N1CCCCC1,96.87,ppbr_az,TDC
CHEMBL1090630,CCCCCCCC(=O)N[C@@H](C)C(=O)N[C@H](C(=O)N[C@@H](CCN)C(=O)N[C@H]1CCNC(=O)[C@H]([C@@H](C)O)NC(=O)[C@H](CCN)NC(=O)[C@H](CCN)NC(=O)[C@H](CC(C)C)NC(=O)[C@@H](Cc2ccccc2)NC(=O)[C@H](CCN)NC1=O)[C@@H](C)O,89.27,ppbr_az,TDC
CHEMBL1873475,C=CC(=O)N1CCC[C@@H](n2nc(-c3ccc(Oc4ccccc4)cc3)c3c(N)ncnc32)C1,96.57,ppbr_az,TDC
CHEMBL2335907,COc1cc(-c2ccncc2)cc2cnc(Nc3ccc([C@@H](C)NC(C)=O)cc3)nc12,96.57,ppbr_az,TDC
CHEMBL168634,Cc1ccc(S(=O)(=O)N2N=Cc3ccccc3B2O)cc1,91.64,ppbr_az,TDC
CHEMBL814,COCCCC/C(=N\OCCN)c1ccc(C(F)(F)F)cc1,75.55,ppbr_az,TDC
CHEMBL2011908,CNc1c(Br)cnc2[nH]c(-c3ccc(S(C)(=O)=O)cc3)nc12,95.23,ppbr_az,TDC
CHEMBL603584,COc1ccc(C2Sc3ccccc3N(CCN(C)C)C(=O)C2OC(C)=O)cc1,35.46,ppbr_az,TDC
CHEMBL217943,O=C(NCc1ccccc1)c1ccc2cccnc2c1O,96.93,ppbr_az,TDC
CHEMBL2335885,COCCC(=O)N(C)c1ccc(Nc2ncc3cc(-c4ccncc4)ccc3n2)cc1,97.38,ppbr_az,TDC
CHEMBL2059910,CNC(=O)Nc1nc2ccc(-c3cncc(S(=O)(=O)NC(C)(C)C)c3)cn2n1,64.54,ppbr_az,TDC
CHEMBL1824031,O=C1COc2ccc(CNC3CCN(CCN4C(=O)COc5ccc(Br)cc54)CC3)nc2N1,97.38,ppbr_az,TDC
CHEMBL2178931,Cc1nc(C(C)C)c(-c2ccc([C@H]3CC[C@H](CC(=O)O)CC3)cc2)nc1C(N)=O,97.81,ppbr_az,TDC
CHEMBL271013,C[C@H](CO)Nc1nc(SCc2ccccc2)nc2nc(N)sc12,95.43,ppbr_az,TDC
CHEMBL1608462,Cc1cc(C)c(CNC(=O)c2cc(C3CC3)nc3c2cnn3C(C)C)c(O)n1,96.5,ppbr_az,TDC
CHEMBL271703,C[C@H](CO)Nc1nc(SCc2cccc(F)c2F)nc2nc(N)cnc12,95.53,ppbr_az,TDC
CHEMBL2059375,CCNC(=O)c1cc2c(-n3ccc(C(F)(F)F)n3)c(-c3cncc(C(N)=O)c3)cnc2[nH]1,64.01,ppbr_az,TDC
CHEMBL2164042,O=C(NCc1cccc(OC(F)(F)F)c1)C1c2ccccc2C(=O)N1CCc1ncc(F)cn1,95.53,ppbr_az,TDC
CHEMBL481230,COc1cc2c(Nc3ccc(F)c(Cl)c3)c(C(N)=O)cnc2cc1OCCN(C)CCO,67.12,ppbr_az,TDC
CHEMBL1789941,N#CC[C@H](C1CCCC1)n1cc(-c2ncnc3[nH]ccc23)cn1,94.68,ppbr_az,TDC
CHEMBL1734492,NC(=O)NC(=O)C(Nc1ccc2c(c1)CCC2)c1ccccc1,97.0,ppbr_az,TDC
CHEMBL2164747,COc1ccc2ncc(=O)n(CCN3CC[C@@H](NCc4ccc5c(n4)NC(=O)CO5)[C@@H](O)C3)c2c1,94.68,ppbr_az,TDC
CHEMBL2331742,Cc1cn([C@H]2CCCN(S(=O)(=O)c3ccc(C(=O)O)c(Oc4cccc(Cl)c4)c3)C2)c(=O)[nH]c1=O,96.0,ppbr_az,TDC
CHEMBL2181928,C[C@@H]1CN(c2ccc3c(n2)NC(=O)CO3)[C@H](c2ccccc2)CO1,93.67,ppbr_az,TDC
CHEMBL192307,CCCCc1nc2c(N)nc3ccccc3c2n1CC(C)C,93.8,ppbr_az,TDC
CHEMBL1600099,O=C1CN(C(=O)c2ccccc2)C(c2ccccc2)c2cc(Cl)ccc2N1,93.94,ppbr_az,TDC
CHEMBL2062572,CC(=O)Nc1ccc2ccn(-c3cc(NCCCCO)n4ncc(C#N)c4n3)c2c1,95.91,ppbr_az,TDC
CHEMBL2338408,CC(C)(C)NC(=O)NCCN1CCOC(CNC(=O)c2cc(Cl)cc(Cl)c2)C1,93.94,ppbr_az,TDC
CHEMBL2179287,Cc1cn(C2CCCN(Cc3cccc(Oc4ccccc4)c3)C2)c(=O)[nH]c1=O,98.89,ppbr_az,TDC
CHEMBL1916537,COc1ccc2c(c1)N(CCN1CCC(NCc3ccc4c(n3)NC(=O)CO4)CC1)C(=O)CC2,95.82,ppbr_az,TDC
CHEMBL553,C#Cc1cccc(Nc2ncnc3cc(OCCOC)c(OCCOC)cc23)c1,95.82,ppbr_az,TDC
CHEMBL2171024,O=C(O)c1cccc(C(=O)N2CCC(N3CCC(Oc4ccc(Cl)c(Cl)c4)CC3)CC2)c1,95.01,ppbr_az,TDC
CHEMBL2164565,CCN(CCO)C(=O)c1cc2cccnn2c1-c1cccc(C(F)(F)F)c1,95.72,ppbr_az,TDC
CHEMBL2207669,N#Cc1ccc(OC2CCN(C[C@H](O)CNC(=O)c3c[nH]c(=O)c4ccccc34)CC2)cc1Cl,80.29,ppbr_az,TDC
CHEMBL1951072,COc1cc(OC)c(S(=O)(=O)N2c3ccccc3CC2C)cc1NC(C)=O,95.63,ppbr_az,TDC
CHEMBL1645496,O=c1cc(-c2cccnc2)[nH]c2cc(C(O)c3ccccc3)ccc12,97.32,ppbr_az,TDC
CHEMBL2179275,Cc1cn([C@H]2CCCN([C@H](CC(C)C)c3ccc(C(=O)O)c(Oc4cccc(Cl)c4)c3)C2)c(=O)[nH]c1=O,97.26,ppbr_az,TDC
CHEMBL644,CC(CN(C)C)CN1c2ccccc2CCc2ccccc21,93.1,ppbr_az,TDC
CHEMBL1800658,CC(C)N(CCNCCc1ccc(O)c2[nH]c(=O)sc12)C(=O)CCOCCc1ccccc1,97.2,ppbr_az,TDC
CHEMBL123798,COc1cccc2c(O)nc(-c3ccc(C(F)(F)F)cc3)nc12,94.56,ppbr_az,TDC
CHEMBL2179277,Cc1cn([C@H]2CCCN([C@H](CC(C)(C)C)c3ccc(C(=O)O)c(Oc4cccc(Br)c4)c3)C2)c(=O)[nH]c1=O,97.13,ppbr_az,TDC
CHEMBL494505,CCC(=O)N1CCN(C(=O)c2cc(Cc3n[nH]c(=O)c4ccccc34)ccc2F)CC1,62.94,ppbr_az,TDC
CHEMBL572016,Cc1cnc(-c2cc(NC(=O)c3ccc(C(F)(F)F)nc3C)ccc2Cl)[nH]1,96.09,ppbr_az,TDC
CHEMBL2059909,CC(C)(C)NS(=O)(=O)c1cncc(-c2ccc3nc(N)nn3c2)c1,62.94,ppbr_az,TDC
CHEMBL2335887,COCCC(=O)Nc1ccc(Nc2ncc3cc(-c4ccncc4)ccc3n2)cc1,98.21,ppbr_az,TDC
CHEMBL2171022,O=C(O)COc1cccc(C(=O)N2CCC(N3CCC(Oc4ccc(Cl)c(Cl)c4)CC3)CC2)c1,98.7,ppbr_az,TDC
CHEMBL957,COc1ccccc1Oc1c(NS(=O)(=O)c2ccc(C(C)(C)C)cc2)nc(-c2ncccn2)nc1OCCO,98.7,ppbr_az,TDC
CHEMBL214350,Cc1ccc2c(c1)c(-c1ccnc3c(C(F)(F)F)cccc13)c(C)n2CC(=O)O,99.62,ppbr_az,TDC
CHEMBL1916272,CCC(CC)NC(=O)c1c(C)nn(-c2ccccc2)c1NS(=O)(=O)c1ccc(C)cc1,99.51,ppbr_az,TDC
CHEMBL1689123,CC[C@H]1CN(Cc2cc(Cl)ccc2OCC(=O)O)CCN1S(=O)(=O)c1ccccc1,99.31,ppbr_az,TDC
CHEMBL2171013,Cc1ccc(S(=O)(=O)N(C)C(=O)N2CCC(N3CCC(Oc4ccc(Cl)c(Cl)c4)CC3)CC2)cc1,98.29,ppbr_az,TDC
CHEMBL1916280,CCC(C)NC(=O)c1c(C)nn(-c2ccccc2)c1NS(=O)(=O)c1ccc(C)cc1,99.41,ppbr_az,TDC
CHEMBL480031,CCOc1cc2ncc(C(N)=O)c(Nc3cccc(Cl)c3Cl)c2cc1N1CCN(C(C)C)CC1,98.54,ppbr_az,TDC
CHEMBL17157,CC(C)(C)c1ccc(C(O)CCCN2CCC(C(O)(c3ccccc3)c3ccccc3)CC2)cc1,99.16,ppbr_az,TDC
CHEMBL426851,CNc1nc2ccccc2n1Cc1sc2c(c1C(=O)N1CC[C@@H](O)C1)c(=O)n(C)c(=O)n2CC(C)C,68.13,ppbr_az,TDC
CHEMBL275742,CC(C)NC[C@@H](O)COc1cccc2ccccc12,82.39,ppbr_az,TDC
CHEMBL661,Cc1nnc2n1-c1ccc(Cl)cc1C(c1ccccc1)=NC2,71.05,ppbr_az,TDC
CHEMBL209689,Cc1ccc2c(c1)c(-c1ccnc3c(C)cccc13)c(C)n2CC(=O)O,99.51,ppbr_az,TDC
CHEMBL87543,CC(C)N1CCC(N(C(=O)Cc2ccccc2)c2ccc(Cl)cc2)CC1,71.05,ppbr_az,TDC
CHEMBL1650725,Cc1cc(Nc2nc(N[C@@H](C)c3ncc(F)cn3)ncc2C)n[nH]1,71.99,ppbr_az,TDC
CHEMBL1709327,CC1CN2c3ccc([N+](=O)[O-])cc3CC3(C(=O)N(C)C(=O)N(C)C3=O)C2C(C)O1,81.36,ppbr_az,TDC
CHEMBL407960,COc1ccc(OC)c(CNc2n[nH]c3ccnc(Oc4ccccc4)c23)c1,98.58,ppbr_az,TDC
CHEMBL1300857,Cc1[nH]c2ccc(-c3nnc(SCC(=O)N4CCCc5ccccc54)o3)cc2c1C,99.48,ppbr_az,TDC
CHEMBL464081,CC1(C)[C@@H]2CC[C@@]1(CS(=O)(=O)N1CCN(c3ccc(C(F)(F)F)cn3)CC1)C(=O)C2,99.08,ppbr_az,TDC
CHEMBL2220442,CC(C)n1c(/C=C/C(O)CC(O)CC(=O)O)c(-c2ccc(F)cc2)c2ccccc21,99.52,ppbr_az,TDC
CHEMBL1624302,Nc1nc(-c2ccc(Cl)c(Cl)c2)c(-c2ccncc2)s1,99.26,ppbr_az,TDC
CHEMBL1290383,O=c1c2cc(-c3ccc(Cl)cc3)oc2ccn1-c1ccc2c(cnn2CCN2CCCC2)c1,99.34,ppbr_az,TDC
CHEMBL550410,O=C(NCc1cccc(F)c1)NC1CCN(Cc2ccn(-c3ccc(C(F)(F)F)cc3)c2)CC1,97.32,ppbr_az,TDC
CHEMBL66089,Nc1ncnc2nc(-c3ccc(N4CCOCC4)nc3)cc(-c3cccc(Br)c3)c12,96.57,ppbr_az,TDC
CHEMBL2171039,O=C(NS(=O)(=O)c1ccccc1Cl)N1CCC(N2CCC(Oc3ccc(Cl)c(Cl)c3)CC2)CC1,96.93,ppbr_az,TDC
CHEMBL393717,O=C(NCC12CC3CC(CC(C3)C1)C2)c1cc(N2CCNCC2)ccc1Cl,97.32,ppbr_az,TDC
CHEMBL397983,CCOc1ccc(-n2c([C@@H](C)N(Cc3cccnc3)C(=O)Cc3ccc(OC(F)(F)F)cc3)nc3ncccc3c2=O)cc1,95.23,ppbr_az,TDC
CHEMBL2179665,Cc1cn([C@H]2CCCN(Cc3ccc(C(=O)O)c(Oc4cccc(Cl)c4)c3)C2)c(=O)[nH]c1=O,97.32,ppbr_az,TDC
CHEMBL2164748,COc1ccc2ncc(=O)n(CCN3CC[C@@H](NCc4cc5c(cn4)OCCO5)[C@H](O)C3)c2c1,82.05,ppbr_az,TDC
CHEMBL1916281,Cc1ccc(S(=O)(=O)Nc2c(C(=O)NC(C)C(C)(C)C)c(C)nn2-c2ccccc2)cc1,98.73,ppbr_az,TDC
CHEMBL475865,Cc1ccc(NC(=O)c2ccc(Cl)c(C(F)(F)F)c2)cc1C(=O)Nc1cccnc1,98.81,ppbr_az,TDC
CHEMBL2110569,COC(=O)[C@@H]1C2CCC(C[C@@H]1c1ccc(I)cc1)N2CCCF,79.92,ppbr_az,TDC
CHEMBL2335911,CC(=O)N[C@H](C)c1ccc(Nc2ncc3cc(-c4ccncc4)c(C)cc3n2)cc1,98.09,ppbr_az,TDC
CHEMBL1477,COCc1c(C(C)C)nc(C(C)C)c(/C=C/[C@@H](O)C[C@@H](O)CC(=O)O)c1-c1ccc(F)cc1,99.01,ppbr_az,TDC
CHEMBL2348651,CNc1nc(C)c(-c2nc(Nc3cccc(N4CCCN(C(C)=O)CC4)c3)ncc2C#N)s1,98.21,ppbr_az,TDC
CHEMBL1934419,Cc1ccc(S(=O)(=O)Nc2c(C(=O)N[C@@H](C)C(C)(C)C)c(C)nn2C2CCS(=O)(=O)CC2)cc1,79.17,ppbr_az,TDC
CHEMBL257991,O=C(Nc1ccccc1-c1cn2c(CN3CCNCC3)csc2n1)c1cnc2ccccc2n1,99.01,ppbr_az,TDC
CHEMBL564607,O=C(O)c1ccc(-c2ccc(Cl)c(C(=O)NCC34CC5CC(CC(C5)C3)C4)c2)cc1,99.23,ppbr_az,TDC
CHEMBL1921931,C[C@@](C(=O)O[C@H]1C[N+]2(CCOc3ccc(Cl)cc3)CCC1CC2)(c1ccccc1)N1CCCCC1,99.25,ppbr_az,TDC
CHEMBL2071592,CC(C)(C)C(NC(=O)c1ccccc1)C(=O)c1ccc(Cl)cc1,99.4,ppbr_az,TDC
CHEMBL480813,COc1cc2c(Nc3cccc(Cl)c3Cl)c(C(N)=O)cnc2cc1NCCN1CCCCC1,99.4,ppbr_az,TDC
CHEMBL71,CN(C)CCCN1c2ccccc2Sc2ccc(Cl)cc21,98.64,ppbr_az,TDC
CHEMBL1191,Cc1nnc(NS(=O)(=O)c2ccc(N)cc2)s1,93.53,ppbr_az,TDC
CHEMBL601882,Cc1onc(-c2ccccc2)c1C(=O)N(C)c1ccc(Cl)cc1,95.82,ppbr_az,TDC
CHEMBL2062575,CC(=O)Nc1ccc2ccn(-c3cc(NCCCN(C)C)n4ncc(C#N)c4n3)c2c1,89.91,ppbr_az,TDC
CHEMBL401874,CC(C)Cn1c(=O)n(C)c(=O)c2c(-c3ccncc3)n(Cc3cccc4ccccc34)nc21,98.76,ppbr_az,TDC
CHEMBL1950851,CN[C@@H](C)C(=O)N[C@H](C(=O)N[C@H]1CCCN(CCc2ccc(F)cc2)C1)C(C)(C)C,92.16,ppbr_az,TDC
CHEMBL518760,COc1cc2ncc(C(N)=O)c(Nc3ccc(F)cc3F)c2cc1NCCN1CCCCC1,79.92,ppbr_az,TDC
CHEMBL2057336,Cc1ccc(-c2ccc(N)nn2)cc1NC(=O)c1ccc(OCc2ccccn2)cc1,94.79,ppbr_az,TDC
CHEMBL2062558,N#Cc1cnn2c(N)cc(-c3ccc(F)cc3)nc12,94.56,ppbr_az,TDC
CHEMBL521809,O=C(c1cccc(Cc2n[nH]c(=O)c3ccccc23)c1)N1CCN(c2ncccn2)CC1,94.56,ppbr_az,TDC
CHEMBL581893,COc1ccc2c(C)nc(NC(=N)N)nc2c1,78.79,ppbr_az,TDC
CHEMBL1800656,CCN(CCNCCc1ccc(O)c2[nH]c(=O)sc12)C(=O)CCOCCc1ccccc1,94.56,ppbr_az,TDC
CHEMBL2059197,CCCNC(=O)c1cc2c(-n3ccc(C(F)(F)F)n3)c(-c3cncc(C(=O)O)c3)cnc2[nH]1,92.32,ppbr_az,TDC
CHEMBL1778635,N#Cc1ccc(F)c(-c2cc(C(F)(F)F)ccc2OCC(=O)O)c1,97.07,ppbr_az,TDC
CHEMBL1689127,C[C@H]1CN(Cc2cc(Cl)ccc2OCC(=O)O)CCN1C(=O)Cc1ccc(F)cc1,97.13,ppbr_az,TDC
CHEMBL1952329,CN1CCC(CNc2ccc3ncc(-c4cccc(OC(F)(F)F)c4)n3n2)CC1,96.09,ppbr_az,TDC
CHEMBL570899,Cc1cc(Nc2cncc(N[C@@H](C)c3ncc(F)cn3)n2)n[nH]1,91.46,ppbr_az,TDC
CHEMBL2164360,CC(Cc1ccccn1)N1C(=O)c2ccccc2C1C(=O)NCc1ccc(OC(F)(F)F)cc1,98.89,ppbr_az,TDC
CHEMBL1287979,COc1cccc(-c2cc3c(N[C@H]4CCCNC4)ncc(C(N)=O)c3s2)c1,95.63,ppbr_az,TDC
CHEMBL2011942,NC(=O)c1cnc2[nH]c(-c3ccc(OCCN4CCCCC4)cc3)nc2c1NCCCNC(=O)C1CCC1,78.41,ppbr_az,TDC
CHEMBL2098183,COc1ccc2nc(C)cc(OCC(=O)NCc3ccccc3)c2c1,99.01,ppbr_az,TDC
CHEMBL1515447,CN1CCCN(C(c2ccccc2)c2ccc(Cl)cc2)CC1,93.94,ppbr_az,TDC
CHEMBL2335905,C[C@@H](NC1=CC(=O)NCC1)c1ccc(Nc2ncc3cc(-c4ccncc4)ccc3n2)cc1,97.13,ppbr_az,TDC
CHEMBL841,CN(C)C(=O)C(CCN1CCC(O)(c2ccc(Cl)cc2)CC1)(c1ccccc1)c1ccccc1,92.64,ppbr_az,TDC
CHEMBL1945033,O=c1[nH]c2c(O)ccc([C@@H](O)CNCCc3cccc(CNCCc4ccccn4)c3)c2s1,82.39,ppbr_az,TDC
CHEMBL2207280,O=C(NC[C@@H](O)CN1CCC(Oc2ccc(Cl)c(Cl)c2)CC1)c1c[nH]c(=O)c2ccc(F)cc12,95.01,ppbr_az,TDC
CHEMBL549,CN(C)CCCC1(c2ccc(F)cc2)OCc2cc(C#N)ccc21,59.66,ppbr_az,TDC
CHEMBL398748,COc1ccc2c(C)cc(N[C@H]3CC[C@H](NCc4cn(C)c5ccc(C#N)cc45)C3)nc2c1,98.61,ppbr_az,TDC
CHEMBL2151320,Cc1cc(-n2cnc3ccc(N[C@@H](C)c4ncc(F)cn4)nc32)n[nH]1,61.31,ppbr_az,TDC
CHEMBL1921942,C[C@@](C(=O)O[C@H]1C[N+]2(CC(=O)Nc3ccccc3)CCC1CC2)(c1ccccc1)N1CCCCC1,98.58,ppbr_az,TDC
CHEMBL1097062,CC(C)NC(=O)c1nn(-c2ccc(Cl)cc2)c(=O)c2c(N)scc12,99.01,ppbr_az,TDC
CHEMBL115,CC(C)(C)NC(=O)[C@@H]1CN(Cc2cccnc2)CCN1C[C@@H](O)C[C@@H](Cc1ccccc1)C(=O)N[C@H]1c2ccccc2C[C@H]1O,62.94,ppbr_az,TDC
CHEMBL1263,OCc1cc(C(O)CNCCCCCCOCCCCc2ccccc2)ccc1O,93.39,ppbr_az,TDC
CHEMBL2177113,NC1=NC(c2cccc(-c3cncnc3)c2)(c2ccnc(C3CC3)c2)c2cccc(F)c21,98.51,ppbr_az,TDC
CHEMBL387125,CON(C)C(=O)c1c(Cn2c(C)nc(Cl)c2Cl)sc2c1c(=O)n(C)c(=O)n2CC(C)C,64.01,ppbr_az,TDC
CHEMBL2335504,CC(=O)N[C@@H](C)c1ccc(Nc2ncc3cc(-c4ccncc4)ccc3n2)cc1,98.51,ppbr_az,TDC
CHEMBL189963,CC(=O)c1c(C)c2cnc(Nc3ccc(N4CCNCC4)cn3)nc2n(C2CCCC2)c1=O,77.21,ppbr_az,TDC
CHEMBL2313309,Cc1csc(N)c1C(N)=O,67.63,ppbr_az,TDC
CHEMBL13976,Cc1[nH]c(/C=C2\C(=O)Nc3ccc(F)cc32)c(C)c1C(=O)NCCN(C)C,82.72,ppbr_az,TDC
CHEMBL178835,CC(C)[C@H](NC(=O)C[C@H](NC(=O)/C=C/c1ccccc1)c1ccccc1)C(=O)[C@@H]1C(=O)NC(=O)[C@H]1C,98.4,ppbr_az,TDC
CHEMBL1778621,CS(=O)(=O)c1ccc(-c2cc(C(F)(F)F)ccc2OCC(=O)O)cc1,93.24,ppbr_az,TDC
CHEMBL578194,C[C@H](Nc1nc(Nc2cc(C3CC3)[nH]n2)cnc1C#N)c1ccc(F)cn1,95.12,ppbr_az,TDC
CHEMBL1080151,Cc1cnc(Nc2nc(N[C@@H](C)c3ncc(F)cn3)nc(N3CCOCC3)c2F)s1,93.1,ppbr_az,TDC
CHEMBL481423,COc1cc2ncc(C(N)=O)c(Nc3ccc(Cl)c(Cl)c3)c2cc1N1CCN(C)CC1,96.42,ppbr_az,TDC
CHEMBL2071614,CC(C)(O)c1ccc(Nc2nc3ccc(C#N)cc3[nH]2)cc1,92.8,ppbr_az,TDC
CHEMBL2059869,Cc1ccc(-c2cn(C)c(C)n2)cc1NC(=O)c1ccc(OCc2ccccn2)cc1,94.44,ppbr_az,TDC
CHEMBL2335900,C[C@@H](NC(=O)[C@H]1CCCNC1)c1ccc(Nc2ncc3cc(-c4ccncc4)ccc3n2)cc1,94.56,ppbr_az,TDC
CHEMBL1924046,CC(C)=CCC[N+]12CCC(CC1)[C@@H](OC(=O)[C@](C)(c1ccccc1)N1CCCCC1)C2,91.46,ppbr_az,TDC
CHEMBL1740000,O=C(CN1CCCC1)N1c2ccccc2Sc2ccc(C(F)(F)F)cc21,97.71,ppbr_az,TDC
CHEMBL148674,CCc1c(C(=O)C(N)=O)c2c(OCC(=O)O)cccc2n1Cc1ccccc1,87.62,ppbr_az,TDC
CHEMBL1689120,C[C@@H]1CN(Cc2cc(Cl)ccc2OCC(=O)O)CCN1S(=O)(=O)c1ccccc1,99.49,ppbr_az,TDC
CHEMBL563498,N#Cc1c(O)nc(N)nc1-c1ccccc1,96.34,ppbr_az,TDC
CHEMBL223402,O=C(Nc1ccccc1F)N[C@H]1N=C(c2ccccc2)c2ccccc2NC1=O,96.34,ppbr_az,TDC
CHEMBL1472189,COc1ccc(CC(=O)Nc2nc3ccccc3[nH]2)cc1,96.26,ppbr_az,TDC
CHEMBL168899,O=C1Nc2ccccc2B(O)N1c1ccccc1,82.05,ppbr_az,TDC
CHEMBL1922048,C[C@@](C(=O)O[C@H]1C[N+]2(CC(=O)Nc3ccncn3)CCC1CC2)(c1ccccc1)N1CCCCC1,87.11,ppbr_az,TDC
CHEMBL2011918,CNc1c(Br)cnc2[nH]c(-c3ccc(OCCN4CCN(C)CC4)cc3)nc12,96.17,ppbr_az,TDC
CHEMBL2147222,COc1ncc(-c2cccc(F)c2CCNC(=O)c2ccc(OCCC(F)(F)F)nc2)cn1,99.5,ppbr_az,TDC
CHEMBL1481866,NC(=O)c1ccc(Oc2cccc3cccnc23)c([N+](=O)[O-])c1,96.17,ppbr_az,TDC
CHEMBL2059870,Cc1ccc(-c2c(C)nn(C)c2C)cc1NC(=O)c1ccc(OCc2ccccn2)cc1,98.21,ppbr_az,TDC
CHEMBL193,COC(=O)C1=C(C)NC(C)=C(C(=O)OC)C1c1ccccc1[N+](=O)[O-],96.17,ppbr_az,TDC
CHEMBL2147226,COc1ncc(-c2cccc(C#N)c2CCNC(=O)c2ccc(OCCC(F)(F)F)nc2)cn1,88.11,ppbr_az,TDC
CHEMBL510780,c1ccc2c(c1)CCC[C@H]2Nc1nc2ccccc2[nH]1,99.3,ppbr_az,TDC
CHEMBL1698351,Cc1cnc(NC(=O)C2C(=O)c3ccccc3S(=O)(=O)N2C)s1,99.57,ppbr_az,TDC
CHEMBL472363,O=C(COc1cccc(Cl)c1)NC1CCN(Cc2ccn(-c3ccc(C(F)(F)F)cc3)c2)CC1,99.28,ppbr_az,TDC
CHEMBL1487253,O=C(CCS(=O)(=O)c1ccc(Br)cc1)NCc1cccs1,91.46,ppbr_az,TDC
CHEMBL1017,CCCc1nc2c(C)cc(-c3nc4ccccc4n3C)cc2n1Cc1ccc(-c2ccccc2C(=O)O)cc1,99.23,ppbr_az,TDC
CHEMBL1797410,Cc1onc(-c2c(Cl)cccc2Cl)c1CC(=O)NCc1ccc(OCC(F)(F)F)nc1,99.1,ppbr_az,TDC
CHEMBL569185,COc1ccc(CCN2C(=O)N(NS(C)(=O)=O)C[C@H]2c2ccc(OC)cc2)cc1,93.67,ppbr_az,TDC
CHEMBL2171038,Cc1ccccc1S(=O)(=O)NC(=O)N1CCC(N2CCC(Oc3ccc(Cl)c(Cl)c3)CC2)CC1,89.49,ppbr_az,TDC
CHEMBL1800659,CCCCN(CCNCCc1ccc(O)c2[nH]c(=O)sc12)C(=O)CCOCCc1ccccc1,94.68,ppbr_az,TDC
