{
  "windows": [
    [
      1,
      12
    ],
    [
      12,
      24
    ],
    [
      24,
      48
    ],
    [
      48,
      100
    ]
  ],
  "model_linear": {
    "1:12": {
      "mse": 1.4811814708082238e-06,
      "mae": 0.0005057012313045561,
      "r2": 0.9999927956990774
    },
    "12:24": {
      "mse": 5.200362451773799e-08,
      "mae": 0.00015558084123767912,
      "r2": 0.9999893734285655
    },
    "24:48": {
      "mse": 1.4804172110416403e-08,
      "mae": 8.76218473422341e-05,
      "r2": 0.9999875352841819
    },
    "48:49": {
      "mse": 8.797215400591085e-09,
      "mae": 5.991398938931525e-05,
      "r2": 0.9999921029095155
    }
  },
  "model_log1p": {
    "1:12": {
      "mse": 4.2369711650280806e-07,
      "mae": 0.0002659203892108053,
      "r2": 0.999993097643315
    },
    "12:24": {
      "mse": 2.7125555135398827e-08,
      "mae": 0.00011085854202974588,
      "r2": 0.9999892771172464
    },
    "24:48": {
      "mse": 7.458760720169266e-09,
      "mae": 6.205648242030293e-05,
      "r2": 0.9999880278818691
    },
    "48:49": {
      "mse": 4.41520286997843e-09,
      "mae": 4.2449813918210566e-05,
      "r2": 0.999992458599645
    }
  },
  "baseline_mean_linear": {
    "1:12": {
      "mse": 0.02505294233560562,
      "mae": 0.08979149907827377,
      "r2": 0.8781452911197529
    },
    "12:24": {
      "mse": 4.2595922423060983e-05,
      "mae": 0.0048223212361335754,
      "r2": 0.991295826184479
    },
    "24:48": {
      "mse": 4.005557002528803e-06,
      "mae": 0.0017227950738742948,
      "r2": 0.9966274285332055
    },
    "48:49": {
      "mse": 3.473514198049088e-06,
      "mae": 0.0016582920216023922,
      "r2": 0.9968818932558016
    }
  },
  "baseline_mean_log1p": {
    "1:12": {
      "mse": 0.006941268686205149,
      "mae": 0.04410216584801674,
      "r2": 0.8869213125683497
    },
    "12:24": {
      "mse": 2.200289054599125e-05,
      "mae": 0.003431430784985423,
      "r2": 0.9913021352476109
    },
    "24:48": {
      "mse": 2.0135537397436565e-06,
      "mae": 0.0012175770243629813,
      "r2": 0.9967680282446941
    },
    "48:49": {
      "mse": 1.7372271940985229e-06,
      "mae": 0.001170280622318387,
      "r2": 0.9970327238275934
    }
  },
  "baseline_zero_linear": {
    "1:12": {
      "mse": 0.9408817887306213,
      "mae": 0.8574875593185425,
      "r2": -3.5763439138270865
    },
    "12:24": {
      "mse": 0.18088729679584503,
      "mae": 0.41951584815979004,
      "r2": -35.963034661480776
    },
    "24:48": {
      "mse": 0.17658542096614838,
      "mae": 0.41880515217781067,
      "r2": -147.68018975472373
    },
    "48:49": {
      "mse": 0.17691324651241302,
      "mae": 0.41928425431251526,
      "r2": -157.8116072556687
    }
  },
  "baseline_zero_log1p": {
    "1:12": {
      "mse": 0.408152312040329,
      "mae": 0.5888699889183044,
      "r2": -5.64911987242178
    },
    "12:24": {
      "mse": 0.1243784949183464,
      "mae": 0.34906846284866333,
      "r2": -48.16751104644679
    },
    "24:48": {
      "mse": 0.12277966737747192,
      "mae": 0.34950920939445496,
      "r2": -196.07465371506595
    },
    "48:49": {
      "mse": 0.12299130856990814,
      "mae": 0.34986546635627747,
      "r2": -209.07568208158906
    }
  },
  "group_split": {
    "num_groups": 201,
    "train_idx": 6400,
    "val_idx": 151
  }
}