{
  "train_doses": {
    "min": 50.001976013183594,
    "max": 199.97288513183594,
    "mean": 126.03218841552734
  },
  "exp_doses": {
    "min": 0.10000000149011612,
    "max": 20000.0,
    "mean": 315.8043212890625
  },
  "train_cl_hepatic": {
    "min": 0.06664738059043884,
    "max": 134.6237335205078,
    "mean": 23.135244369506836
  },
  "exp_cl_hepatic": {
    "min": 0.0014899499947205186,
    "max": 441.0,
    "mean": 19.967382431030273
  },
  "train_cmax": {
    "min": 10.000394821166992,
    "max": 39.99457550048828,
    "mean": 25.206439971923828
  },
  "pred_cmax_mean": 43.587432777881624,
  "obs_cmax_mean": 4.7734000000000005,
  "cmax_ratio_mean": 296.21961169367034,
  "dose_correlation": -0.3931078084541351
}