{
  "count": 1213,
  "mean": 42.90037098103874,
  "median": 19.0,
  "std": 49.847322385005484,
  "min": 3.0,
  "max": 150.0,
  "quantiles": {
    "0.1": 3.0,
    "0.25": 6.0,
    "0.5": 19.0,
    "0.75": 64.0,
    "0.9": 150.0
  }
}