chembl_id,bioavailability_frac,caco2_log_permeability,caco2_permeability_cm_s,clearance_cell_uL_min_1e6,clearance_hepatic_l_h,clearance_l_h,fu_frac,half_life_h,microsome_clearance_uL_min_mg,microsome_clint_l_h,microsome_hepatic_l_h,vd_l_kg,smiles
(+)dOTC,,,,,,,,,,,,0.84,
(-)-Epicatechin (36),,-6.4311924000000005,,,,,,,,,,,
(-)-epicatechin,,-6.2199998,,,,,,,,,,,
(-)dOTC,,,,,,,,,,,,1.18,
"(2E,4Z,8Z)-N-isobutyldodeca-2,4,10-triene-8 -ynamide",,-3.8599999,,,,,,,,,,,
"(2E,4Z,8Z)-N-isobutyldodeca-2,4,10-triene-8 -ynamide (4) mw = 245",,-4.0,,,,,,,,,,,
"(2E,9Z)-N-(2-methylbutyl)pentadeca-2,9-diene-12,14-diynamide",,-4.4299998,,,,,,,,,,,
"(E)-4-(3,4-dimethoxyphenyl)but-3-en-1-yl linoleate (1)",,-4.8498521,,,,,,,,,,,
"(E)-4-(3,4-dimethoxyphenyl)but-3-en-1-yl oleate (2)",,-5.0101638,,,,,,,,,,,
(E-Z)-19a,,-5.1399999,,,,,,,,,,,
(Z)-19b,,-5.4000001,,,,,,,,,,,
(Z)-19c,,-5.0700002,,,,,,,,,,,
(Z)-19d,,-5.420000099999998,,,,,,,,,,,
(Z)-19e,,-4.829999900000002,,,,,,,,,,,
(Z)-19f,,-5.3200002,,,,,,,,,,,
(Z)-19g,,-5.1599998,,,,,,,,,,,
-,,-4.158266966666667,,,,,,,,,,,
014-Ampicillin,,-6.1023731,,,,,,,,,,,
016-Ceftibuten,,-6.0604806,,,,,,,,,,,
061-Amiloride,,-5.5642352,,,,,,,,,,,
1,,-5.357343033333333,,,,,,,,,,,
1-Aminocyclopropanecarboxylic Acid,,,,,,,,,,,,0.73,
1-naphthol,,-4.4899998,,,,,,,,,,,
10,,-5.776903633333333,,,,,,,,,,,
1029-Dihydrotetrabenazine isomer,,-4.598685700000001,,,,,,,,,,,
1033-Dextromethorphan (DEM),,-4.628932,,,,,,,,,,,
107-zidovudine,,-5.1850867,,,,,,,,,,,
10b,,-5.3289509000000015,,,,,,,,,,,
10c,,-5.6999998,,,,,,,,,,,
10d,,-5.0,,,,,,,,,,,
11,,-5.703978566666667,,,,,,,,,,,
11-keto-beta-boswellic acid (KBA),,-5.8000002,,,,,,,,,,,
11b,,-5.521439099999999,,,,,,,,,,,
11c,,-4.9204097,,,,,,,,,,,
11d,,-4.3886080000000005,,,,,,,,,,,
11e,,-4.4308991,,,,,,,,,,,
11f,,-4.7979398,,,,,,,,,,,
12,,-5.7702575,,,,,,,,,,,
12c,,-5.521439099999999,,,,,,,,,,,
12d,,-5.503591050000001,,,,,,,,,,,
12g,,-5.5514212,,,,,,,,,,,
12q,,-5.8219547,,,,,,,,,,,
13,,-5.3152216800000005,,,,,,,,,,,
13c,,-5.52,,,,,,,,,,,
13d,,-5.8000002,,,,,,,,,,,
13e,,-5.7199998,,,,,,,,,,,
13g,,-5.5,,,,,,,,,,,
13h,,-5.3600001,,,,,,,,,,,
13i,,-5.5900002,,,,,,,,,,,
13j,,-5.2450004,,,,,,,,,,,
14,,-5.643190625,,,,,,,,,,,
14c,,-4.9723473,,,,,,,,,,,
15,,-5.7979398,,,,,,,,,,,
150-Artesunate,,-5.4001169,,,,,,,,,,,
15f,,-4.5917602,,,,,,,,,,,
15j,,-4.856985099999998,,,,,,,,,,,
16,,-6.057347766666667,,,,,,,,,,,
16-acetyl gitoxin,,,,,,,,,,,,0.78,
167-cephradine,,-5.6925039,,,,,,,,,,,
17,,-6.188375,,,,,,,,,,,
170-Grepafloxacin hydrochloride (GRX),,-4.9825492,,,,,,,,,,,
174-Guanabenz,,-4.363411900000001,,,,,,,,,,,
17d,,-4.9186072,,,,,,,,,,,
"18 (5R,S)",,-5.6319547,,,,,,,,,,,
187-Saquinavir,,-5.8616972,,,,,,,,,,,
19,,-5.0116143,,,,,,,,,,,
2,,-5.9381936,,,,,,,,,,,
"2',3'-dideoxyinosine (ddI)",,-5.6708102,,,,,,,,,,,
"2-Amino-1-methyl-6-phenylimidazo-[4,5-b]pyridine (PhIP)",,-4.820511799999999,,,,,,,,,,,
20,,-4.6636983999999995,,,,,,,,,,,
20(S)-camptothecin (CPT),,-4.3318486,,,,,,,,,,,
20-Hydroxyecdysone (25),,-4.79,,,,,,,,,,,
205-Fluoxetine,,-4.9299622,,,,,,,,,,,
20E 22-allyl ether (7),,-4.6900001,,,,,,,,,,,
20E 22-ethyl ether (5),,-4.8600001,,,,,,,,,,,
20E 22-methyl ether (4),,-4.79,,,,,,,,,,,
20E 25-methyl ether (10),,-4.7600002,,,,,,,,,,,
21,,-5.0,,,,,,,,,,,
21b,,-5.9593034000000005,,,,,,,,,,,
21c,,-5.8519359,,,,,,,,,,,
21d,,-5.8000002,,,,,,,,,,,
21e,,-5.54,,,,,,,,,,,
22,,-5.404981725,,,,,,,,,,,
228-Raffinose,,-7.309804,,,,,,,,,,,
23,,-5.737847833333333,,,,,,,,,,,
234-Cortisone,,-4.5086384000000015,,,,,,,,,,,
24,,-5.529712833333334,,,,,,,,,,,
243-Famotidine,,-5.9488473,,,,,,,,,,,
247-Lobucavir,,-6.0555172,,,,,,,,,,,
25,,-5.123333266666666,,,,,,,,,,,
25a,,-5.769775900000001,,,,,,,,,,,
25c,,-5.6994848,,,,,,,,,,,
25e,,-5.5693183,,,,,,,,,,,
25f,,-5.8880281,,,,,,,,,,,
26,,-4.6900001,,,,,,,,,,,
263-Amrinone,,-4.7544875,,,,,,,,,,,
27,,-4.9099998,,,,,,,,,,,
28,,-5.2600002,,,,,,,,,,,
285-Ephedrine,,-4.9913998,,,,,,,,,,,
29,,-5.29,,,,,,,,,,,
2c,,-7.0,,,,,,,,,,,
2d,,-4.5086384000000015,,,,,,,,,,,
2e,,-4.5528421,,,,,,,,,,,
2f,,-4.7447276,,,,,,,,,,,
2g,,-4.5686364,,,,,,,,,,,
2h,,-4.6020598,,,,,,,,,,,
2i,,-4.6382723,,,,,,,,,,,
2j,,-4.5528421,,,,,,,,,,,
2k,,-4.6382723,,,,,,,,,,,
2l,,-4.6020598,,,,,,,,,,,
2m,,-4.5376019,,,,,,,,,,,
2n,,-4.5528421,,,,,,,,,,,
2o,,-4.6020598,,,,,,,,,,,
3,,-5.52575978,,,,,,,,,,,
"3',4''-diCl BZT",,-5.5975828000000005,,,,,,,,,,,
3'-Cl BZT,,-4.662271,,,,,,,,,,,
3'-L-Ile-FUdR,,-5.5599999,,,,,,,,,,,
3-O-demethylfortimicin A,,,,,,,,,,,,0.27,
"3-[5-(4-hydroxyphenyl)-1,3-oxazol-2-yl]phenol (18)",,-5.1011863,,,,,,,,,,,
30,,-5.1100001,,,,,,,,,,,
30d,,-5.7979398,,,,,,,,,,,
31,,-4.8202834,,,,,,,,,,,
32,,-5.099535800000001,,,,,,,,,,,
32b,,-4.8880281,,,,,,,,,,,
32f,,-5.238286,,,,,,,,,,,
32g,,-4.8219547,,,,,,,,,,,
32h,,-4.9204097,,,,,,,,,,,
34,,-5.589919433333333,,,,,,,,,,,
341908,,-4.331273599999999,,,,,,,,,,,
35,,-4.6493707,,,,,,,,,,,
353462,,-4.1700001,,,,,,,,,,,
354400,,-4.5388007,,,,,,,,,,,
36,,-4.988223300000001,,,,,,,,,,,
366094,,-5.0,,,,,,,,,,,
366853,,-5.187450900000001,,,,,,,,,,,
368177,,-4.907450700000001,,,,,,,,,,,
4,,-5.810210733333332,,,,,,,,,,,
4'-Cl BZT,,-4.9114642,,,,,,,,,,,
4-(Pyridin-4-ylmethylamino)-N-(3-(trifluoromethyl)phenyl)isothiazole-3-carboxamide (3),,-5.158072,,,,,,,,,,,
4-(quinolin-4-ylmethylamino)-N-(3-(trifluoromethyl)phenyl)isothiazole-3-carboxamide (30),,-5.5700002,,,,,,,,,,,
403-Atorvastatin,,-5.309804,,,,,,,,,,,
"453-(2E,4E,8Z,10Z)-N-Isobutyldodeca-2,4,8,10-tetraenamide (5) mw=247",,-4.2441254,,,,,,,,,,,
45a,,-4.8899999,,,,,,,,,,,
45b,,-5.2199998,,,,,,,,,,,
45c,,-4.6999998,,,,,,,,,,,
48,,-5.3665314,,,,,,,,,,,
48d,,-5.1919103,,,,,,,,,,,
48e,,-5.9593034000000005,,,,,,,,,,,
49,,-5.7447276,,,,,,,,,,,
4b,,-5.5,,,,,,,,,,,
4c,,-5.6600000999999995,,,,,,,,,,,
4d,,-5.5,,,,,,,,,,,
4f,,-6.0,,,,,,,,,,,
4g,,-5.5,,,,,,,,,,,
4h,,-5.3000002,,,,,,,,,,,
5,,-5.647924400000001,,,,,,,,,,,
5'-L-Asp-FUdR,,-6.4899998,,,,,,,,,,,
5'-L-Leu-FUdR,,-6.0100002,,,,,,,,,,,
5'-L-Val-FUdR,,-5.29,,,,,,,,,,,
5'-L-glycyl-L-leucyl-floxuridine,,-5.2006745,,,,,,,,,,,
5'-L-isoleucyl-floxuridine,,-5.5908804000000005,,,,,,,,,,,
5'-L-leucyl-L-glycyl-floxuridine,,-5.4206805000000005,,,,,,,,,,,
5'-L-phenylalanyl-cytarabine (5),,-5.6999998,,,,,,,,,,,
5'-L-phenylalanyl-floxuridine,,-5.3891382000000005,,,,,,,,,,,
5'-L-valyl-L-phenylalanyl-floxuridine,,-6.080461,,,,,,,,,,,
5'-L-valyl-cytarabine (2),,-5.23,,,,,,,,,,,
"5,7,4'-TMF",,-4.5595455000000005,,,,,,,,,,,
"5,7-DMF",,-4.6313224,,,,,,,,,,,
5-Hydroxymethyl tolterodine,,,,,,,,,,,,2.41,
5-aminolevulinic acid,,-5.3400002,,,,,,,,,,,
5-chlorosalicylic acid,,-4.98,,,,,,,,,,,
51a,,-4.8899999,,,,,,,,,,,
51d,,-5.3000002,,,,,,,,,,,
51e,,-5.0500002,,,,,,,,,,,
5d,,-6.0999999,,,,,,,,,,,
5m,,-6.3000002,,,,,,,,,,,
6,,-5.570015239999999,,,,,,,,,,,
60a,,-4.5900002,,,,,,,,,,,
60c,,-4.4899998,,,,,,,,,,,
619C89,,,,,,,,,,,,15.31,
"643-(2E,4E,8Z)-N-isobutyldodeca-2,4,8-trienamide (6) mw = 249",,-4.6989698,,,,,,,,,,,
65,,-5.221849,,,,,,,,,,,
659-Harmane,,-5.223299,,,,,,,,,,,
677-Prednisolone,,-5.4436975,,,,,,,,,,,
679-Captopril (Cap),,-4.8153086,,,,,,,,,,,
67c,,-4.4899998,,,,,,,,,,,
6MAQH (W2),,-4.8496218,,,,,,,,,,,
6b,,-5.7209244,,,,,,,,,,,
7,,-5.63885665,,,,,,,,,,,
"7,4'-DHF",,-5.2123351,,,,,,,,,,,
"7,4'-DMF",,-4.6010299,,,,,,,,,,,
7-MF,,-4.6479459,,,,,,,,,,,
732-Amitriptyline,,-3.9006648,,,,,,,,,,,
74,,-5.6989698,,,,,,,,,,,
795-Coptisine chloride (COP),,-4.9574246,,,,,,,,,,,
7d,,-5.3000002,,,,,,,,,,,
8,,-5.929649366666666,,,,,,,,,,,
"8-Hydroxy-pentadeca-(9E,13Z)-dien-11-yn-2-one (2)",,-4.3099017,,,,,,,,,,,
801-Yohimbine (YOH),,-4.8124795,,,,,,,,,,,
808-Asn-Ala-NH2,,-6.5885487000000005,,,,,,,,,,,
852A,,,,,,,,,,,,3.1,
"877-(2S,4S,5R)-2-[(4'-Chlorophenyl)-4-methyl-1,3-dioxan-5-yl]amine (5h)",,-4.9279342,,,,,,,,,,,
"878-(2S,4S,5R)-2-[(4'-Nitrophenyl)-4-methyl-1,3-dioxan-5-yl]amine (5i)",,-4.8885694000000015,,,,,,,,,,,
"879-(cis)-[2-(E-Phenylvinyl)-1,3-dioxan-5-yl]amine (6a)",,-4.9913998,,,,,,,,,,,
"880-(2S,4S,5R)-[2-(E-Phenylvinyl)-4-methyl-1,3-dioxan-5-yl]amine (6b)",,-4.9880071,,,,,,,,,,,
881-13h,,-4.9920392,,,,,,,,,,,
882-13i,,-4.9846401,,,,,,,,,,,
"883-(cis)-[2-(E-Phenylvinyl)-1,3-dioxan-5-yl]phenylacetamide (14a)",,-5.0498786,,,,,,,,,,,
884-14b,,-5.050365900000001,,,,,,,,,,,
9,,-5.59722805,,,,,,,,,,,
9-Nitrocamptothecin (9-NC),,-5.198543099999998,,,,,,,,,,,
943-Ketotifen fumarate (38),,-3.9546771,,,,,,,,,,,
AACV,,-5.6900001,,,,,,,,,,,
ACHT 4-10,,,,,,,,,,,,0.73,
AFN-1252,,,,,,,,,,,,0.43,
AMP579,,,,,,,,,,,,0.84,
AP1903,,,,,,,,,,,,0.62,
AZD4877,,,,,,,,,,,,6.74,
Abacavir,1.0,,,,,,,,,,,0.84,
Abanoquil,,,,,,,,,,,,6.3,
Ac-(NMe-D-phe)3-NH2,,-4.6937804000000005,,,,,,,,,,,
Ac-(NMe-D-phe)3-NHMe,,-4.494889700000001,,,,,,,,,,,
Ac-C8-Enk-NH (3),,-5.9699998,,,,,,,,,,,
Ac-D-phe-(NMe-D-phe)2-NH2 {[14C]-Acf(N-Mef)2NH2 },,-4.922927400000002,,,,,,,,,,,
Ac-D-phe-NH2,,-5.10009,,,,,,,,,,,
Ac-D-phe2-(NMe-D-phe)-NH2,,-5.3484769,,,,,,,,,,,
Ac-D-phe2-NH2,,-5.6994848,,,,,,,,,,,
Ac-D-phe3-NH2,,-5.764868700000001,,,,,,,,,,,
Ac-Gly-Asn-Ala-NH2,,-6.5900002,,,,,,,,,,,
Ac-Gly-Lys-Ala-NH2,,-7.0100002,,,,,,,,,,,
Ac-Trp-Ala-Gly-Gly-Asp-Ala-NH2,,-7.4981046,,,,,,,,,,,
Ac-Trp-Ala-Gly-Gly-Lys-Ala-NH2,,-7.309999900000001,,,,,,,,,,,
Acamprosate,0.0,,,,,,,,,,,0.3,
Acarbose,0.0,,,,,,,,,,,0.32,
Acebutolol,1.0,,,,,,,,,,,1.7,
Acecainide (N-acetylprocainamide),,,,,,,,,,,,1.9,
Acenocoumarol,,,,,,,,,,,,0.24,
Acetaminophen,1.0,,,,,,,,,,,1.0,
Acetazolamide,1.0,,,,,,,,,,,0.37,
Acetyl-Trp-Ala-Gly-Gly-Asn-Ala-Amide,,-7.29,,,,,,,,,,,
Acetylcysteine,0.0,,,,,,,,,,,,
"Acetylcysteine, N-",,,,,,,,,,,,0.55,
"Acetylmethadol, L-",,,,,,,,,,,,8.3,
Acetylsalicylic Acid,,,,,,,,,,,,0.22,
Acipimox,1.0,,,,,,,,,,,,
Acitretin,1.0,,,,,,,,,,,,
Acivicin,,,,,,,,,,,,0.5,
Aclidinium bromide,,,,,,,,,,,,4.3,
Acrivastine,,-5.720623000000002,,,,,,,,,,,
Acrylamide,,-4.5693183,,,,,,,,,,,
Actisomide,,,,,,,,,,,,0.58,
Acyclovir,0.0,-5.9899998,,,,,,,,,,0.71,
Adefovir,0.0,,,,,,,,,,,0.42,
Adinazolam,1.0,,,,,,,,,,,0.98,
Ajmalicine (AMC),,-4.8187928,,,,,,,,,,,
Ajmaline,,,,,,,,,,,,4.0,
Ajmaline (AML),,-4.9387093,,,,,,,,,,,
Albuterol (salbutamol),,,,,,,,,,,,1.9,
Alcuronium,0.0,,,,,,,,,,,0.32,
Alendronate,,,,,,,,,,,,0.33,
Alfentanil,0.0,,,,,,,,,,,0.45,
Alfuzosin,1.0,-5.6399999,,,,,,,,,,1.5,
Alizapride,1.0,,,,,,,,,,,1.6,
Allopurinol,1.0,,,,,,,,,,,0.58,
Almitrine,1.0,,,,,,,,,,,35.37,
Almokalant,,,,,,,,,,,,1.8,
Almorexant,,,,,,,,,,,,9.75,
Almotriptan,1.0,,,,,,,,,,,2.2,
Alosetron,1.0,,,,,,,,,,,1.1,
Alpiropride,,,,,,,,,,,,2.3,
Alprazolam,1.0,,,,,,,,,,,0.8,
Alprenolol,0.0,,,,,,,,,,,3.2,
Alprenolol ester,,-4.1507826,,,,,,,,,,,
Alprostadil,0.0,,,,,,,,,,,2.4,
Amantadine,1.0,,,,,,,,,,,6.6,
Ambroxol,1.0,,,,,,,,,,,,
Amdinocillin,0.0,,,,,,,,,,,0.37,
Amezinium,,,,,,,,,,,,4.0,
Amfenac,,-4.52,,,,,,,,,,,
Amifostine,,,,,,,,,,,,0.09,
Amikacin,0.0,,,,,,,,,,,0.16,
Amiloride,1.0,-6.251812,,,,,,,,,,,
"Aminocamptothecin, 9-",,,,,,,,,,,,2.2,
"Aminohexanoic acid, 6-",,,,,,,,,,,,0.39,
Aminolevulinic acid,,,,,,,,,,,,0.12,
Aminopyrine,,-4.389419599999999,,,,,,,,,,,
"Aminosalicylic acid, 5-",,,,,,,,,,,,0.33,
Amiodarone,1.0,,,,,,,,,,,60.0,
Amisulpride,1.0,,,,,,,,,,,,
Amitriptyline,1.0,-4.2600002,,,,,,,,,,8.7,
Amlodipine,1.0,-4.670000099999998,,,,,,,,,,17.0,
Amobarbital,1.0,,,,,,,,,,,,
Amonafide,,,,,,,,,,,,7.33,
Amoxapine,1.0,,,,,,,,,,,,
Amoxicillin,1.0,,,,,,,,,,,0.25,
Amphetamine (-d),,,,,,,,,,,,6.1,
Amphetamine sulfate,,-4.3899999,,,,,,,,,,,
Amphotericin B,,,,,,,,,,,,0.62,
Ampicillin,1.0,-6.0700002,,,,,,,,,,0.22,
Amrinone,1.0,,,,,,,,,,,1.3,
Amsacrine,,,,,,,,,,,,1.6,
Amsalog,,,,,,,,,,,,0.3,
Amygdalin,,,,,,,,,,,,0.21,
Anastrozole,1.0,,,,,,,,,,,,
Angelol-A,,-4.8123703,,,,,,,,,,,
Angelol-B,,-4.8499289,,,,,,,,,,,
Anhydrovinblastine,,,,,,,,,,,,12.0,
Anidulafungin,,,,,,,,,,,,0.57,
Antipyrine,1.0,,,,,,,,,,,0.77,
Antofloxacin,,,,,,,,,,,,2.42,
Apalcillin,,,,,,,,,,,,0.16,
"Apigenin (5,7,4'-THF)",,-4.9821801,,,,,,,,,,,
Apixaban,,,,,,,,,,,,0.3,
Aplidine,,,,,,,,,,,,13.3,
Apometzgerin (2),,-4.9499998,,,,,,,,,,,
Apomorphine,0.0,,,,,,,,,,,1.6,
Aprepitant,1.0,,,,,,,,,,,0.94,
Aprindine,1.0,,,,,,,,,,,,
Arbekacin,0.0,,,,,,,,,,,0.21,
Argatroban,,,,,,,,,,,,0.17,
Aripiprazole,,,,,,,,,,,,4.9,
Artemether,1.0,,,,,,,,,,,,
Artesunate,,-5.4000001,,,,,,,,,,15.0,
Articaine,,,,,,,,,,,,7.7,
Arzanol,,-4.71,,,,,,,,,,,
Asarone,,,,,,,,,,,,1.0,
Ascorbic acid,,,,,,,,,,,,0.35,
Asenapine,,,,,,,,,,,,23.0,
Aspoxicillin,,,,,,,,,,,,0.27,
Astemizole,0.0,-5.1500001,,,,,,,,,,,
Astilbin,,-6.820000200000001,,,,,,,,,,,
Astromicin,,,,,,,,,,,,0.23,
Atenolol,1.0,,,,,,,,,,,0.95,
Atipamizole,,,,,,,,,,,,2.7,
Atomoxetine,1.0,,,,,,,,,,,0.85,
Atorvastatin,0.0,-5.3099999,,,,,,,,,,,
Atovaquone,0.0,,,,,,,,,,,0.6,
Atracurium,,,,,,,,,,,,0.1,
Atropine,1.0,-4.7016673,,,,,,,,,,3.3,
Auranofin,0.0,,,,,,,,,,,,
Avibactam,,,,,,,,,,,,0.24,
Avosentan,,,,,,,,,,,,0.27,
Azacitidine,,,,,,,,,,,,0.47,
Azapropazone,,,,,,,,,,,,0.12,
Azathioprine,1.0,,,,,,,,,,,,
Azelastine,1.0,,,,,,,,,,,15.0,
Azidocillin,1.0,,,,,,,,,,,,
Azimilide,,,,,,,,,,,,13.0,
Azithromycin,1.0,,,,,,,,,,,33.0,
Azlocillin,0.0,,,,,,,,,,,0.26,
Azosemide,0.0,,,,,,,,,,,,
Aztreonam,0.0,,,,,,,,,,,0.18,
BB 83698,,,,,,,,,,,,1.1,
BI2536,,,,,,,,,,,,31.2,
BILN-2061,,-5.6599998,,,,,,,,,,,
BLP1654,,,,,,,,,,,,0.24,
BMS 189664,,-6.561124799999999,,,,,,,,,,,
BMS-214662,,,,,,,,,,,,0.84,
BVaraU,,-5.3989701,,,,,,,,,,,
Baclofen,1.0,,,,,,,,,,,0.65,
Bambuterol,,,,,,,,,,,,1.6,
Baohuoside I,,-5.8378239,,,,,,,,,,,
Barnidipine,0.0,,,,,,,,,,,,
Bazedoxifene,,,,,,,,,,,,15.4,
Becatecarin,,,,,,,,,,,,8.9,
Beclomethasone dipropionate,,,,,,,,,,,,0.29,
Belinostat,,,,,,,,,,,,0.8,
Benazepril,1.0,,,,,,,,,,,,
Bencyclane,1.0,,,,,,,,,,,,
Bendamustine,1.0,,,,,,,,,,,0.22,
Bendroflumethiazide,1.0,-5.8899999,,,,,,,,,,,
Benperidol,1.0,,,,,,,,,,,3.8,
Benzthiazide,0.0,,,,,,,,,,,,
Benzydamine,1.0,,,,,,,,,,,1.53,
Bepridil,1.0,,,,,,,,,,,10.1,
Berberrubine (BRB),,-4.8815303,,,,,,,,,,,
Berubicin,,,,,,,,,,,,48.0,
Beta-colubrine (Col),,-4.5717444,,,,,,,,,,,
Betamethasone,1.0,,,,,,,,,,,1.3,
Betamipron,,,,,,,,,,,,0.28,
Betaxolol,1.0,-4.3156309,,,,,,,,,,4.8,
Betaxolol ester,,-4.1300812,,,,,,,,,,,
Bevantolol,1.0,,,,,,,,,,,0.67,
Bezafibrate,1.0,,,,,,,,,,,,
Biapenem,,,,,,,,,,,,0.2,
Bicalutamide,,-4.6599998,,,,,,,,,,,
Bicyclol,,-4.7979398,,,,,,,,,,,
Bidisomide,,,,,,,,,,,,2.6,
Bifemelane,0.0,,,,,,,,,,,,
Bilirubin,,-6.1314831,,,,,,,,,,,
Bilirubin ditaurate,,-6.0594678,,,,,,,,,,,
Biliverdin,,-5.6290045,,,,,,,,,,,
Bilobalide,,,,,,,,,,,,2.5,
Bimatoprost,,,,,,,,,,,,0.67,
Binodenoson,,,,,,,,,,,,0.4,
Biolimus A9,,,,,,,,,,,,44.5,
Biotin,1.0,,,,,,,,,,,,
Biotin-Saquinavir,,-6.4094677,,,,,,,,,,,
Biperiden,1.0,,,,,,,,,,,12.0,
Biricodar,,,,,,,,,,,,1.34,
Bis(7)-tacrine (B7T),,-5.441246499999999,,,,,,,,,,,
Bisaramil,,,,,,,,,,,,9.0,
Bisoprolol,1.0,-4.7600002,,,,,,,,,,2.4,
Bivalirudin,,,,,,,,,,,,0.27,
Bizelesin,,,,,,,,,,,,0.05,
Bleomycin,,,,,,,,,,,,9.43,
Bortezomib,,,,,,,,,,,,10.0,
Bosentan,1.0,,,,,,,,,,,0.29,
Bretylium,1.0,,,,,,,,,,,,
Bromazepam,,-4.4000001,,,,,,,,,,0.85,
Bromfenac,1.0,,,,,,,,,,,0.11,
Bromocriptine,0.0,,,,,,,,,,,,
Bromopride,1.0,,,,,,,,,,,3.1,
Bromotetrandrine,,,,,,,,,,,,51.0,
Brostallicin,,,,,,,,,,,,0.36,
Brotizolam,1.0,,,,,,,,,,,0.75,
Brucine (Bru),,-4.7786422,,,,,,,,,,,
Brucine N-oxide (B-N),,-5.46,,,,,,,,,,,
Bucindolol,1.0,,,,,,,,,,,,
Budesonide,0.0,,,,,,,,,,,3.9,
Buflomedil,1.0,,,,,,,,,,,1.3,
Bufuralol,1.0,,,,,,,,,,,1.7,
Bumetanide,1.0,,,,,,,,,,,0.16,
Bunazosin,,,,,,,,,,,,0.72,
Bupivacaine,,,,,,,,,,,,0.84,
Buprenorphine,1.0,,,,,,,,,,,4.9,
Bupropion,1.0,-3.9519544,,,,,,,,,,,
Buspirone,0.0,,,,,,,,,,,,
Busulfan,1.0,,,,,,,,,,,,
Busulphan,,,,,,,,,,,,0.55,
Buthionine sulfoximine,,,,,,,,,,,,0.26,
Butorphanol,,,,,,,,,,,,12.0,
Butylparaben,,-4.4899998,,,,,,,,,,,
Byankangelicol,,-4.3000002,,,,,,,,,,,
C,,-5.1890359,,,,,,,,,,,
CA-DADLE,,-5.880000099999998,,,,,,,,,,,
CA-Leu-Enk,,-6.4699998,,,,,,,,,,,
CB 10-277,,,,,,,,,,,,0.25,
CD1,,-3.51,,,,,,,,,,,
CD21,,-4.1199999,,,,,,,,,,,
CD27,,-3.8199999,,,,,,,,,,,
CEP-18770,,,,,,,,,,,,0.87,
CF 1517 (p-Br),,-5.6954093,,,,,,,,,,,
CF 1523 (p-Cl),,-5.7328787000000005,,,,,,,,,,,
CF 1525 (p-Me),,-5.8474512,,,,,,,,,,,
CF 1526 (p-OMe),,-5.9819288,,,,,,,,,,,
CF 1572 (p-I),,-5.130000099999998,,,,,,,,,,,
CFPN-PI,,-5.1100001,,,,,,,,,,,
CG200745,,,,,,,,,,,,0.45,
CGP15720A,,,,,,,,,,,,0.35,
CGP31608,,,,,,,,,,,,0.23,
CHEMBL1000,,,42.0,,,,0.18989999999999996,,3.0,10.799999999999999,5.094339622641509,,O=C(O)COCCN1CCN(C(c2ccccc2)c2ccc(Cl)cc2)CC1
CHEMBL100391,,,,,,,,,5.0,18.0,8.181818181818182,,
CHEMBL1005,,,,,,,,0.8,,,,,
CHEMBL1009,,,1.076,,,,,1.3,,,,,N[C@@H](Cc1ccc(O)c(O)c1)C(=O)O
CHEMBL100979,,,,21.38,89.99992984102757,,,,50.12,180.432,45.053935277666795,,
CHEMBL101,,,,8.71,89.99982778448567,,,,,,,,
CHEMBL1013,,,,3.0,89.99950000277776,,,,,,,,
CHEMBL1016,,,,3.0,89.99950000277776,,,,3.0,10.799999999999999,5.094339622641509,,
CHEMBL1017,,,,3.98,89.99962311715612,,0.007699999999999929,20.0,3.0,10.799999999999999,5.094339622641509,,
CHEMBL1020,,,,8.225,89.9998154443048,,0.0028000000000000247,,4.0,14.399999999999999,6.666666666666665,,
CHEMBL1024,,,,,,,,6.6,,,,,
CHEMBL1027,,,,,,,0.050999999999999934,10.0,,,,,
CHEMBL10271,,,0.09,,,,,,,,,,CCN(CC)CCN(Cc1ccc(-c2ccc(C(F)(F)F)cc2)cc1)C(=O)Cn1cc(Br)c(=O)nc1SCc1ccc(F)cc1
CHEMBL103,,,14.925,,,,,,,,,,CC(=O)[C@H]1CC[C@H]2[C@@H]3CCC4=CC(=O)CC[C@]4(C)[C@H]3CC[C@]12C
CHEMBL10316,,,,,,,,4.2,,,,,
CHEMBL103355,,,,,,,,,18.0,64.80000000000001,23.82352941176471,,
CHEMBL103482,,,,150.0,89.9999900000011,,0.20079999999999998,,20.42,73.512,26.09769951718262,,
CHEMBL10352,,,0.005,,,,,,,,,,CCN(CC)CCN(Cc1ccc(-c2ccc(C(F)(F)F)cc2)cc1)C(=O)Cn1cc(CCNS(C)(=O)=O)c(=O)nc1SCc1ccc(F)cc1
CHEMBL103667,,,,55.92,89.99997157785387,,0.0034000000000000696,,124.0,446.40000000000003,64.13793103448275,,Cc1ccc(-n2nc(C(C)(C)C)cc2NC(=O)Nc2ccc(OCCN3CCOCC3)c3ccccc23)cc1
CHEMBL1043,,,,,,,,22.0,3.0,10.799999999999999,5.094339622641509,,
CHEMBL10440,,,0.1,,,,,,,,,,CCN(CC)CCN(Cc1ccc(-c2ccc(Cl)cc2)cc1)C(=O)Cn1cc(C)c(=O)nc1SCc1ccc(F)cc1
CHEMBL10441,,,0.06,,,,,,,,,,CCN(CC)CCN(Cc1ccc(-c2ccc(C(F)(F)F)cc2)cc1)C(=O)Cn1c(SCc2ccc(F)cc2)nc(=O)c2c1CCCC2
CHEMBL1046,,,,,,,,4.9,,,,,
CHEMBL10502,,,0.003,,,,,,,,,,CCN(CC)CCN(Cc1ccc(-c2ccc(C(F)(F)F)cc2)cc1)C(=O)Cn1cc(CCO)c(=O)nc1SCc1ccc(F)cc1
CHEMBL10532,,,0.08,,,,,,,,,,CCN(CC)CCN(Cc1ccc(-c2ccc(C(F)(F)F)cc2)cc1)C(=O)Cn1cc(C)c(=O)nc1SCc1ccc(F)cc1
CHEMBL105442,,,8.1,,,,,,,,,,O=C(NOCC1CC1)c1ccc(F)c(F)c1Nc1ccc(I)cc1Cl
CHEMBL105462,,,,,,,,,61.66,221.97599999999997,49.69908651262761,,
CHEMBL1055,,,,,,,,36.0,,,,,
CHEMBL106,,,,,,,0.8577,30.0,,,,,OC(Cn1cncn1)(Cn1cncn1)c1ccc(F)cc1F
CHEMBL10600,,,0.03,,,,,,,,,,CCN(CC)CCN(Cc1ccc(-c2ccc(C(F)(F)F)cc2)cc1)C(=O)Cn1cc(SC)c(=O)nc1SCc1ccc(F)cc1
CHEMBL10604,,,0.1,,,,,,,,,,CCc1cn(CC(=O)N(CCN(CC)CC)Cc2ccc(-c3ccc(C(F)(F)F)cc3)cc2)c(SCc2ccc(F)cc2)nc1=O
CHEMBL10612,,,0.025,,,,,,,,,,CCN(CC)CCN(Cc1ccc(-c2ccc(C(F)(F)F)cc2)cc1)C(=O)Cn1cc(OC)c(=O)nc1SCc1ccc(F)cc1
CHEMBL106309,,,,150.0,89.9999900000011,,,,5.37,19.332,8.728553368249957,,
CHEMBL10659,,,0.003,,,,,,,,,,CCN(CC)CCN(Cc1ccc(-c2ccc(C(F)(F)F)cc2)cc1)C(=O)Cn1cc(CCNC(C)=O)c(=O)nc1SCc1ccc(F)cc1
CHEMBL10663,,,0.14,,,,,,,,,,CCN(CC)CCN(Cc1ccc(-c2ccc(Cl)cc2)cc1)C(=O)Cn1c(SCc2ccc(F)cc2)nc(=O)c2c1CCC2
CHEMBL1069,,,,3.0,89.99950000277776,,0.0021999999999999797,9.5,3.0,10.799999999999999,5.094339622641509,,
CHEMBL107,,,415.0,,,,,58.0,,,,,COc1cc2c(c(OC)c1OC)-c1ccc(OC)c(=O)cc1[C@@H](NC(C)=O)CC2
CHEMBL1071,,,,6.46,89.99976780245665,,0.0004999999999999449,,3.0,10.799999999999999,5.094339622641509,,
CHEMBL1072,,,,144.54,89.99998962225109,,0.015600000000000058,1.2,4.0,14.399999999999999,6.666666666666665,,
CHEMBL1073,,,,4.27,89.99964871331494,,0.008799999999999919,3.3,,,,,
CHEMBL107313,,,,,,,0.05680000000000007,,,,,,
CHEMBL107552,,,18.306666666666665,,,,,,,,,,CC(=O)OCOC(=O)N(CC(O)COc1nsnc1N1CCOCC1)C(C)(C)C
CHEMBL10759,,,0.03,,,,,,,,,,CCN(CC)CCN(Cc1ccc(-c2ccc(C(F)(F)F)cc2)cc1)C(=O)Cn1c(SCc2ccc(F)cc2)nc(=O)c(C)c1C
CHEMBL1076,,,,3.0,89.99950000277776,,0.7801,,,,,,
CHEMBL1076259,,,25.6,,,,,,,,,,CCCCCCOC(=O)[C@H](CCC(=O)NCCC1CCN(Cc2ccccc2)CC1)NC(=O)c1cc2ccccc2s1
CHEMBL1076260,,,18.8,,,,,,,,,,CCCCCCOC(=O)[C@H](CCC(=O)NCCC1CCN(Cc2ccccc2)CC1)NC(=O)c1cc2cccnc2s1
CHEMBL1076563,,,40.0,,,,,,,,,,O=c1[nH]c2cc(-c3ccncn3)c(-c3ccco3)nc2[nH]1
CHEMBL10769,,,0.11,,,,,,,,,,CCN(CC)CCN(Cc1ccc(-c2ccc(C(F)(F)F)cc2)cc1)C(=O)Cn1cc(Cl)c(=O)nc1SCc1ccc(F)cc1
CHEMBL1077,,,,,,,,2.6,,,,,
CHEMBL107708,,,9.24,,,,,,,,,,CC(=O)OC(C)OC(=O)N(CC(O)COc1cccc2ccccc12)C(C)C
CHEMBL1077218,,,12.3,,,,,,,,,,CCCC(=O)Nc1n[nH]c2cc(Cl)c(-c3ccoc3)cc12
CHEMBL1077334,,,3.9,,,,,,,,,,O=C(O)/C=C/c1ccc(NC(=O)C2(NC(=O)c3ccc4c(c3)nc(-c3ccoc3)n4C3CCCCC3)CCCC2)cc1
CHEMBL1077335,,,9.5,,,,,,,,,,O=C(O)/C=C/c1ccc(NC(=O)C2(NC(=O)c3ccc4c(c3)nc(-c3ccccn3)n4C3CCCCC3)CCCC2)cc1
CHEMBL1077381,,,8.9,,,,,,,,,,Cc1ncn2c1Cn1ncnc1-c1cc(Cl)ccc1-2
CHEMBL1077391,,,6.5,,,,,,,,,,Clc1ccc2c(c1)-c1ncnn1Cc1c(Cl)ncn1-2
CHEMBL1077458,,,,,,,0.0676000000000001,,,,,,
CHEMBL1077779,,,14.0,,,,,,,,,,CCCCC1N(CC2CCCCC2)C(=O)OC12CCN(C1(C)CCN(C(=O)c3c(C)cccc3C)CC1)CC2
CHEMBL1077827,,,,19.95,89.99992481209289,,0.12890000000000001,,21.38,76.96799999999999,26.957130848977304,,
CHEMBL1077896,,,,15.49,89.99990316343538,,,2.2,,,,,
CHEMBL1077908,,,2.2,,,,,,,,,,CCOc1cc(CN2CCC(Nc3nc4cc(NS(=O)(=O)c5ccccc5)ccc4o3)CC2)ccc1OC
CHEMBL1077979,,,,,,,0.013900000000000023,,,,,,
CHEMBL1078178,,,,5.13,89.99970760328914,,0.10299999999999998,,,,,,
CHEMBL1078240,,,1.1,,,,,,,,,,CCOc1cc(CN2CCC(Nc3nc4cc(Cl)c(S(N)(=O)=O)cc4o3)CC2)ccc1OC
CHEMBL1078411,,,,,,,0.4598,,,,,,
CHEMBL1078580,,,7.6,,,,,,,,,,Cc1ncn2c1Cn1ncnc1-c1cc(Br)ccc1-2
CHEMBL1078659,,,0.6,,,,,,,,,,CCCCC1N(CC2CCOCC2)C(=O)OC12CCN(C1(C)CCN(C(=O)c3c(C)ncnc3C)CC1)CC2
CHEMBL1078685,,,,3.0,89.99950000277776,,0.1509999999999999,,5.0,18.0,8.181818181818182,,
CHEMBL1078745,,,2.05,,,,,,,,,,CCOc1cc(CN2CCC(Nc3nc4ccccc4o3)CC2)cc(OC2CCOCC2)c1
CHEMBL1078896,,,1.1,,,,,,,,,,CCOc1cc(CN2CCC(Nc3nc4cc(NC(=O)C5CCC5)ccc4o3)CC2)ccc1OC
CHEMBL1078985,,,7.0,,,,,,,,,,Clc1ncn2c1Cn1ncnc1-c1cc(Br)ccc1-2
CHEMBL1079,,,,,,,,2.4,,,,,
CHEMBL1079180,,,2.45,,,,,,,,,,CCOc1cc(CN2CCC(Nc3nc4cc(Cl)c(S(N)(=O)=O)cc4o3)CC2)ccc1F
CHEMBL1079313,,,1.63,,,,,,,,,,CCOc1cc(CN2CCC(Nc3nc4cc(S(=O)(=O)CC)ccc4o3)CC2)ccc1OC
CHEMBL1079686,,,1.31,,,,,,,,,,CCOc1cc(CN2CCC(Nc3nc4cc(S(=O)(=O)N(C)C)ccc4o3)CC2)cc(OCC)c1-n1cccc1
CHEMBL1079874,,,2.89,,,,,,,,,,CCOc1cc(CN2CCC(Nc3nc4ccc(C(=O)O)cc4o3)CC2)cc(OCC)c1F
CHEMBL1079894,,,33.0,,,,,,,,,,C[C@H](Nc1nc(C(=O)N2CCCC2)c2sccc2n1)c1cccnc1
CHEMBL108,,,35.78333333333333,12.6,89.9998195493571,,0.2942,,7.0,25.2,11.05263157894737,,NC(=O)N1c2ccccc2C=Cc2ccccc21
CHEMBL1080002,,,,150.0,89.9999900000011,,,,,,,,
CHEMBL1080151,,,,,,,0.06900000000000006,,,,,,
CHEMBL1080274,,,28.5,,,,,,,,,,CCCCCCOC(=O)[C@H](CCC(=O)NCCC1CCN(Cc2ccccc2)CC1)NC(=O)c1cc2ccsc2s1
CHEMBL1080327,,,23.0,,,,,,,,,,c1coc(-c2nc3[nH]cnc3cc2-c2ccncn2)c1
CHEMBL1080412,,,6.3,,,,,,,,,,FC(F)c1ncn2c1Cn1ncnc1-c1cc(Cl)ccc1-2
CHEMBL1080497,,,3.5,,,,,,,,,,O=c1[nH][nH]c2nc(-c3ccco3)c(-c3ccncn3)cc12
CHEMBL1080512,,,40.0,,,,,,,,,,c1coc(-c2nc3[nH]ccc3cc2-c2ccncn2)c1
CHEMBL1080513,,,20.0,,,,,,,,,,O=c1[nH]c(=O)c2cc(-c3ccncn3)c(-c3ccco3)nc2[nH]1
CHEMBL1080575,,,1.5,,,,,,,,,,Cc1ncn2c1Cn1nc(CN3CCCC3=O)nc1-c1cc(Br)ccc1-2
CHEMBL1080576,,,3.3,,,,,,,,,,Cc1cc(Cc2nc3n(n2)Cc2c(C)ncn2-c2ccc(Br)cc2-3)on1
CHEMBL1080584,,,1.61,,,,,,,,,,CCOc1cc(CN2CCC(Nc3nc4cc(C(N)=O)ccc4o3)CC2)cc(OCC)c1F
CHEMBL1080585,,,2.09,,,,,,,,,,CCOc1cc(CN2CCC(Nc3nc4cc(C(=O)O)ccc4o3)CC2)cc(OCC)c1Cl
CHEMBL1080586,,,3.6,,,,,,,,,,CCOc1cc(CN2CCC(Nc3nc4ccc(C(=O)O)cc4o3)CC2)ccc1Cl
CHEMBL1080588,,,7.0,,,,,,,,,,FC(F)c1ncn2c1Cn1ncnc1-c1cc(Br)ccc1-2
CHEMBL1080631,,,18.7,,,,,,,,,,CCCCCCOC(=O)[C@H](CCC(=O)NCCC1CCN(Cc2ccccc2)CC1)NC(=O)c1ccccc1
CHEMBL1080786,,,,136.0,89.99998897058958,,,,41.0,147.6,40.54945054945055,,
CHEMBL1080813,,,20.9,,,,,,,,,,CCCCCCOC(=O)[C@H](CCC(=O)NCCC1CCN(Cc2ccccc2)CC1)NC(=O)c1cccs1
CHEMBL1080950,,,2.45,,,,,,,,,,CCOc1cc(CN2CCC(Nc3nc4cc(Cl)c(S(N)(=O)=O)cc4o3)CC2)cc(OCC)c1F
CHEMBL1080951,,,4.81,,,,,,,,,,CCOc1cc(CN2CCC(Nc3nc4ccc(Cl)cc4o3)CC2)ccc1Cl
CHEMBL108111,,,,,,,,2.1,,,,,
CHEMBL1081133,,,0.49,,,,,,,,,,CCOc1cc(CN2CCC(Nc3nc4cc(NS(=O)(=O)c5cn(C)cn5)ccc4o3)CC2)ccc1OC
CHEMBL1081841,,,32.0,,,,,,,,,,Cn1c(=O)[nH]c2nc(-c3ccco3)c(-c3ccncn3)cc21
CHEMBL1081862,,,3.1,,,,,,,,,,Cc1cc(Cc2nc3n(n2)Cc2c(C)ncn2-c2ccc(Cl)cc2-3)on1
CHEMBL1081913,,,,,,,0.008400000000000074,,,,,,
CHEMBL1081917,,,,43.43,89.9999654616757,,,,101.0,363.6,60.19867549668874,,
CHEMBL1081971,,,45.0,,,,,,,,,,O=C(Nc1ccc(-c2ccncn2)c(-c2ccco2)n1)C1CC1
CHEMBL1082,,,,3.0,89.99950000277776,,,1.1,,,,,
CHEMBL1082001,,,24.0,,,,,,,,,,Nc1n[nH]c2nc(-c3ccco3)c(-c3ccncn3)cc12
CHEMBL1082002,,,39.0,,,,,,,,,,c1coc(-c2nc3[nH]ncc3cc2-c2ccncn2)c1
CHEMBL1082036,,,1.75,,,,,,,,,,CCOc1cc(CN2CCC(Nc3nc4cc(S(=O)(=O)CC)ccc4o3)CC2)cc(OC2CCOCC2)c1
CHEMBL1082081,,,11.6,,,,,,,,,,CCCCCCOC(=O)[C@H](CCC(=O)NCCC1CCN(Cc2ccccc2)CC1)NC(=O)OC(C)(C)C
CHEMBL1082152,,,,41.0,89.99996341464902,,,,29.0,104.4,33.037974683544306,,
CHEMBL1082237,,,15.25,,,,,,,,,,CCCC(=O)Nc1n[nH]c2cc(-c3ccc(O)cc3)ccc12
CHEMBL1082376,,,,,,,0.0036000000000000476,,3.0,10.799999999999999,5.094339622641509,,
CHEMBL108246,,,,,,,,,150.0,539.9999999999999,67.5,,
CHEMBL1082723,,,,8.71,89.99982778448567,,,,,,,,
CHEMBL1082724,,,,7.24,89.9997928181565,,,,,,,,
CHEMBL1082811,,,,,,,,,6.0,21.599999999999998,9.642857142857142,,
CHEMBL1082812,,,,,,,,,49.0,176.4,44.54545454545455,,
CHEMBL1082983,,,,,,,,,3.0,10.799999999999999,5.094339622641509,,
CHEMBL108358,,,,,,,,5.9,,,,,
CHEMBL1083637,,,,,,,,,3.0,10.799999999999999,5.094339622641509,,
CHEMBL1084102,,,,17.38,89.9999136939838,,,,,,,,
CHEMBL1084411,,,0.39,,,,,,,,,,Cc1c(Nc2c(C#N)cncc2/C=C/c2cccc(CN3CCN(C)CC3)n2)ccc2[nH]ccc12
CHEMBL1084863,,,,,,,,,3.0,10.799999999999999,5.094339622641509,,
CHEMBL108546,,,,144.0,89.99998958333454,,,,21.0,75.6,26.619718309859152,,
CHEMBL1086155,,,185.0,,,,,,,,,,CC(=O)N(C)CCc1cc(Br)c(OCCCNc2ncn(C)c3ncnc2-3)c(Br)c1
CHEMBL1086218,,,,,,,,10.0,,,,,
CHEMBL1086310,,,,16.6,89.99990963864494,,0.12629999999999997,,18.2,65.52,24.017595307917887,,
CHEMBL1086473,,,,,,,0.017099999999999893,,6.0,21.599999999999998,9.642857142857142,,
CHEMBL1086580,,,,,,,0.02400000000000002,,,,,,
CHEMBL1087,,,,,,,,2.0,,,,,
CHEMBL1087268,,,,,,,0.046699999999999964,,,,,,
CHEMBL1087269,,,,,,,0.0262,,,,,,
CHEMBL1087398,,,,,,,0.05940000000000001,,,,,,
CHEMBL1087399,,,,,,,0.11650000000000005,,,,,,
CHEMBL1087898,,,,,,,0.17280000000000006,,,,,,
CHEMBL1088,,,,,,,0.07680000000000009,,,,,,
CHEMBL1088029,,,,,,,0.10299999999999998,,,,,,
CHEMBL1088030,,,,,,,0.0736,,,,,,
CHEMBL108821,,,,,,,,6.6,,,,,
CHEMBL108869,,,7.38,,,,,,,,,,C=O.CC(C)(C)NC[C@H](O)COc1nsnc1N1CCOCC1
CHEMBL1088751,,,,3.0,89.99950000277776,,0.06469999999999998,,,,,,
CHEMBL1088752,,,,5.055,89.99968377380449,,0.1189,,6.92,24.912,10.941672522839072,,
CHEMBL1088866,,,1.1,,,,,,,,,,CCn1cnc(CN2CCN(c3cccn4cc(-c5ccc(C(C)(C)C)cc5)nc34)CC2)c1C
CHEMBL1088913,,,,30.72,89.9999511719015,,,,39.25,141.3,39.57983193277311,,
CHEMBL1088930,,,15.0,,,,,,,,,,CC(C)N(C)[C@@H]1CC[C@H](N2CC(C)(C)[C@H](NC(=O)c3cccc(C(F)(F)F)c3)C2=O)[C@H](CS(=O)(=O)c2ccccc2)C1
CHEMBL1088996,,,50.0,,,,,,,,,,CCOC(=O)c1c(-c2ccc(OC)cc2)[nH]c2cc(OC)ccc2c1=O
CHEMBL108915,,,2.04,,,,,,,,,,CC(=O)OC(C)OC(=O)N(CC(O)COc1ccc(CC(N)=O)cc1)C(C)C
CHEMBL108922,,,,26.0,89.99994230772928,,0.0028000000000000247,,15.0,53.99999999999999,20.769230769230766,,
CHEMBL1089267,,,0.0,,,,,,,,,,COc1ccc2c(=O)c(C(N)=O)c(-c3ccc4c(c3)OCO4)[nH]c2c1
CHEMBL1089268,,,50.0,,,,,,,,,,COc1ccc2c(=O)c(C(C)=O)c(-c3ccc4c(c3)OCO4)[nH]c2c1
CHEMBL1089340,,,500.0,,,,,,,,,,CCOC(=O)c1c(-c2ccc(C(C)(C)C)cc2)[nH]c2cc(OC)ccc2c1=O
CHEMBL1089341,,,500.0,,,,,,,,,,CCOC(=O)c1c(-c2ccc(Cl)cc2)[nH]c2cc(OC)ccc2c1=O
CHEMBL1089354,,,0.0,,,,,,,,,,CCOC(=O)c1c(-c2ccccc2)[nH]c2cccc(OC)c2c1=O
CHEMBL1089360,,,50.0,,,,,,,,,,COc1cccc2[nH]c(-c3ccc4c(c3)OCO4)cc(=O)c12
CHEMBL1089361,,,500.0,,,,,,,,,,CCOC(=O)C1=C(c2ccc3c(c2)OCO3)Nc2cc(OC)ccc2C1OC
CHEMBL1089362,,,1500.0,,,,,,,,,,CCOC(=O)C1=C(c2ccc3c(c2)OCO3)Nc2cc(OC)ccc2C1NC
CHEMBL1089363,,,0.0,,,,,,,,,,CCOC(=O)C1=C(c2ccc3c(c2)OCO3)Nc2cc(OC)ccc2C1
CHEMBL1089517,,,,125.0,89.9999880000016,,,,,,,,
CHEMBL1089518,,,,3.0,89.99950000277776,,,,3.0,10.799999999999999,5.094339622641509,,
CHEMBL1089677,,,500.0,,,,,,,,,,CCOC(=O)c1c(-c2ccc(C(C)(C)C)cc2)[nH]c2cccc(OC)c2c1=O
CHEMBL1089678,,,50.0,,,,,,,,,,CCOC(=O)c1c(-c2ccc(C(F)(F)F)cc2)[nH]c2cccc(OC)c2c1=O
CHEMBL1089679,,,50.0,,,,,,,,,,CCOC(=O)c1c(-c2ccc(Cl)cc2)[nH]c2cccc(OC)c2c1=O
CHEMBL1089684,,,500.0,,,,,,,,,,CCOC(=O)c1c(-c2ccc(Cl)c(Cl)c2)[nH]c2cc(OC)ccc2c1=O
CHEMBL1089696,,,50.0,,,,,,,,,,CCOC(=O)c1c(-c2cccc(OC)c2)[nH]c2cccc(OC)c2c1=O
CHEMBL1089697,,,500.0,,,,,,,,,,CCOC(=O)c1c(-c2cccc(C)c2)[nH]c2cccc(OC)c2c1=O
CHEMBL1089722,,,17.25,,,,,,,,,,CCCC(=O)Nc1n[nH]c2cc(Cl)c(Br)cc12
CHEMBL1089773,,,,14.45,89.99989619389136,,,,,,,,
CHEMBL109,,,,,,,,12.0,,,,,
CHEMBL1090,,,0.083,,,,,,,,,,Nc1ncnc2c1ncn2[C@@H]1O[C@H](CO)[C@@H](O)[C@@H]1O
CHEMBL1090071,,,50.0,,,,,,,,,,CCOC(=O)C1=C(c2ccc3c(c2)OCO3)Nc2cccc(OC)c2C1NC
CHEMBL1090072,,,500.0,,,,,,,,,,CCOC(=O)C1=C(c2ccc3c(c2)OCO3)Nc2cccc(OC)c2C1
CHEMBL1090089,,,,3.0,89.99950000277776,,,,4.57,16.451999999999998,7.53710830126443,,
CHEMBL1090090,,,,3.0,89.99950000277776,,0.3923,,5.13,18.468,8.37475058951569,,
CHEMBL1090377,,,50.0,,,,,,,,,,CCOC(=O)c1c(-c2ccccc2C)[nH]c2cccc(OC)c2c1=O
CHEMBL1090488,,,,25.12,89.99994028666383,,0.2319,,,,,,
CHEMBL1090562,,,22.0,,,,,,,,,,CC(C)N(C)[C@@H]1CC[C@H](N2C(=O)C[C@H](NC(=O)c3cccc(C(F)(F)F)c3)C2=O)[C@H](CS(=O)(=O)c2ccccc2)C1
CHEMBL1090630,,,,3.0,89.99950000277776,,0.10730000000000006,,,,,,
CHEMBL1090725,,,50.0,,,,,,,,,,CCOC(=O)c1c(-c2cccc(Cl)c2)[nH]c2cccc(OC)c2c1=O
CHEMBL1090726,,,110.0,,,,,,,,,,CCOC(=O)c1c(-c2cccc([N+](=O)[O-])c2)[nH]c2cccc(OC)c2c1=O
CHEMBL1090727,,,50.0,,,,,,,,,,CCOC(=O)c1c(-c2ccc(OC)cc2)[nH]c2cccc(OC)c2c1=O
CHEMBL1090771,,,,,,,0.016700000000000048,,,,,,
CHEMBL1090893,,,15.0,,,,,,,,,,CCN(C(C)C)[C@@H]1CC[C@H](N2CC[C@H](NC(=O)c3cccc(C(F)(F)F)c3)C2=O)[C@H](CS(=O)(=O)c2ccccc2)C1
CHEMBL1090940,,,,3.0,89.99950000277776,,0.07680000000000009,,,,,,
CHEMBL1090941,,,,3.0,89.99950000277776,,0.11180000000000012,,,,,,
CHEMBL1090974,,,50.0,,,,,,,,,,CCOC(=O)c1c(-c2ccccc2)[nH]c2cc(OC)ccc2c1=O
CHEMBL1091100,,,50.0,,,,,,,,,,COc1ccc2c(c1)NC(c1ccc3c(c1)OCO3)=C(CO)C2
CHEMBL1091101,,,50.0,,,,,,,,,,CCOCC1=C(c2ccc3c(c2)OCO3)Nc2cc(OC)ccc2C1Cl
CHEMBL1091102,,,50.0,,,,,,,,,,CCOC(=O)C1=C(c2ccc3c(c2)OCO3)Nc2cccc(OC)c2C1OC
CHEMBL1091109,,,0.0,,,,,,,,,,COc1ccc2c(=O)c(C(=O)O)c(-c3ccc4c(c3)OCO4)[nH]c2c1
CHEMBL1091137,,,,62.065000000000005,89.99997550995153,,,,33.88,121.96799999999999,36.351931330472105,,
CHEMBL1091289,,,,3.0,89.99950000277776,,0.13150000000000006,,,,,,
CHEMBL1091291,,,,3.0,89.99950000277776,,0.05810000000000004,,,,,,
CHEMBL1091444,,,50.0,,,,,,,,,,CCOC(=O)c1c(-c2ccccc2C)[nH]c2cc(OC)ccc2c1=O
CHEMBL1091445,,,500.0,,,,,,,,,,CCOC(=O)c1c(-c2ccccc2Cl)[nH]c2cc(OC)ccc2c1=O
CHEMBL1091579,,,1.2,,,,,,,,,,CCn1cc(CN2CCN(c3cccn4cc(-c5ccc(C(C)(C)C)cc5)nc34)CC2)c(=O)[nH]c1=O
CHEMBL1091604,,,15.0,,,,,,,,,,CC(C)N(C)[C@@H]1CC[C@H](NC(=O)CNC(=O)c2cccc(C(F)(F)F)c2)[C@H](CS(=O)(=O)c2ccccc2)C1
CHEMBL1091605,,,15.0,,,,,,,,,,CC(C)N(C)[C@@H]1CC[C@H](N2CC[C@H](NC(=O)c3cccc(C(F)(F)F)c3)C2=O)[C@H](CS(=O)(=O)c2ccccc2)C1
CHEMBL1091644,,,,16.98,89.9999116608641,,,,17.38,62.568,23.21460373998219,,
CHEMBL1091678,,,,3.0,89.99950000277776,,0.3545999999999999,,,,,,
CHEMBL1091789,,,16.33,,,,,,,,,,CCCC(=O)Nc1n[nH]c2c(F)c(F)ccc12
CHEMBL1092030,,,50.0,,,,,,,,,,CCOC(=O)c1c(-c2ccc(C(F)(F)F)cc2)[nH]c2cc(OC)ccc2c1=O
CHEMBL10921,,,0.017,,,,,,,,,,CCN(CC)CCN(Cc1ccc(-c2ccc(C(F)(F)F)cc2)cc1)C(=O)Cn1cc(Cc2cnn(C)c2)c(=O)nc1SCc1ccc(F)cc1
CHEMBL1092106,,,72.0,,,,,,,,,,CCN1CCC(N(C(=O)NCc2ccc(F)cc2)c2ccc(Cl)cn2)CC1
CHEMBL1092109,,,269.0,,,,,,,,,,O=C(NCc1ccccc1)N(c1ccc(Br)cc1)C1CCN(Cc2ccnnc2)CC1
CHEMBL1092131,,,50.0,,,,,,,,,,CCOC(=O)c1c(-c2cccc(C(F)(F)F)c2)[nH]c2cccc(OC)c2c1=O
CHEMBL1092240,,,,,,,0.0017000000000000348,,,,,,
CHEMBL109244,,,,98.0,89.99998469388015,,,,11.0,39.599999999999994,16.22950819672131,,
CHEMBL1092479,,,500.0,,,,,,,,,,COc1cccc2c1CC(CO)=C(c1ccc3c(c1)OCO3)N2
CHEMBL1092526,,,50.0,,,,,,,,,,COc1ccc2c(=O)cc(-c3ccc4c(c3)OCO4)[nH]c2c1
CHEMBL1092638,,,0.2,,,,,,,,,,CCc1nc(CN2CCN(c3cccn4cc(-c5ccc(C(C)(C)C)cc5)nc34)CC2)c(C)[nH]1
CHEMBL1092678,,,15.0,,,,,,,,,,Cc1ccc(S(=O)(=O)C[C@@H]2C[C@H](N(C)C(C)C)CC[C@@H]2N2CC[C@H](NC(=O)c3cccc(C(F)(F)F)c3)C2=O)cc1
CHEMBL1092719,,,50.0,,,,,,,,,,CCOC(=O)c1c(-c2cccc(F)c2)[nH]c2cccc(OC)c2c1=O
CHEMBL1092748,,,15.0,,,,,,,,,,CC(C)N(C)[C@@H]1CC[C@H](N2CC[C@H](NC(=O)c3cc(C(F)(F)F)cc(C(F)(F)F)c3)C2=O)[C@H](CS(=O)(=O)c2ccccc2)C1
CHEMBL1092772,,,50.0,,,,,,,,,,CCOCC1=C(c2ccc3c(c2)OCO3)Nc2cccc(OC)c2C1
CHEMBL1092773,,,1500.0,,,,,,,,,,CCOC(=O)c1c(-c2cccs2)[nH]c2cc(OC)ccc2c1=O
CHEMBL1092774,,,50.0,,,,,,,,,,CCOC(=O)c1c(-c2cccc(OC)c2)[nH]c2cc(OC)ccc2c1=O
CHEMBL1092926,,,,,,,0.08540000000000003,,3.0,10.799999999999999,5.094339622641509,,
CHEMBL1092941,,,15.0,,,,,,,,,,CC(C)N(C)[C@@H]1CC[C@H](N2CC[C@H](NC(=O)c3cc(F)cc(C(F)(F)F)c3)C2=O)[C@H](CS(=O)(=O)c2ccccc2)C1
CHEMBL1093151,,,470.0,,,,,,,,,,CCCS(=O)(=O)N1CCN(c2ccc(OCC3CCN(C(=O)OC(C)C)CC3)cn2)CC1
CHEMBL1093319,,,15.0,,,,,,,,,,CSc1ccc(S(=O)(=O)C[C@@H]2C[C@H](N(C)C(C)C)CC[C@@H]2N2CCC(C)(NC(=O)c3cccc(C(F)(F)F)c3)C2=O)cc1
CHEMBL1093370,,,50.0,,,,,,,,,,CCOC(=O)c1c(-c2cccc(C)c2)[nH]c2cc(OC)ccc2c1=O
CHEMBL1093371,,,500.0,,,,,,,,,,CCOC(=O)c1c(-c2cccc(C(F)(F)F)c2)[nH]c2cc(OC)ccc2c1=O
CHEMBL1093604,,,500.0,,,,,,,,,,CCOC(=O)c1c(-c2ccc(Cl)c(Cl)c2)[nH]c2cccc(OC)c2c1=O
CHEMBL1093723,,,500.0,,,,,,,,,,CCOC(=O)C1=C(c2ccc3c(c2)OCO3)Nc2cc(OC)ccc2C1Cl
CHEMBL1093726,,,500.0,,,,,,,,,,CCOC(=O)c1c(-c2cccc(Cl)c2)[nH]c2cc(OC)ccc2c1=O
CHEMBL1093727,,,50.0,,,,,,,,,,CCOC(=O)c1c(-c2cccc(F)c2)[nH]c2cc(OC)ccc2c1=O
CHEMBL1093728,,,50.0,,,,,,,,,,CCOC(=O)c1c(-c2cccc([N+](=O)[O-])c2)[nH]c2cc(OC)ccc2c1=O
CHEMBL1093943,,,50.0,,,,,,,,,,CCOC(=O)c1c(-c2ccccc2Cl)[nH]c2cccc(OC)c2c1=O
CHEMBL1094030,,,116.0,,,,,,,,,,O=C(NCc1ccc(F)cc1)N(c1ccc(Br)cc1)C1CCN(C2CCCC2)CC1
CHEMBL1094168,,,,35.48,89.9999577226805,,,,43.65,157.14,41.948745328350235,,
CHEMBL1094250,,,,,,,,,34.67,124.81199999999998,36.85248612259359,,
CHEMBL1095040,,,3.9,,,,,,,,,,CCCC(=O)Nc1n[nH]c2cc(Cl)c(-c3ccccc3)cc12
CHEMBL1095284,,,,,,,,1.2,,,,,
CHEMBL1095366,,,8.02,,,,,,,,,,CCCC(=O)Nc1n[nH]c2cc(Cl)c(-c3ccc(O)cc3)cc12
CHEMBL1096237,,,,,,,,31.0,,,,,
CHEMBL1096418,,,,,,,0.017900000000000027,,,,,,
CHEMBL1096435,,,,20.89,89.99992819536604,,,,29.51,106.236,33.403345491133194,,
CHEMBL1096896,,,,,,,0.009000000000000008,,,,,,
CHEMBL1097,,,,,,,,6.4,,,,,
CHEMBL1097062,,,,,,,0.009899999999999909,,,,,,
CHEMBL1098,,,,,,,,3.1,,,,,
CHEMBL109980,,,,15.49,89.99990316343538,,0.2531,,,,,,
CHEMBL11,,,15.24,77.81,89.99986154843901,,0.12129999999999996,16.0,13.49,48.564,19.12269648763585,,CN(C)CCCN1c2ccccc2CCc2ccccc21
CHEMBL1101,,,,,,,,24.0,,,,,
CHEMBL110739,,,6.0600000000000005,,,,,,,,,,C[C@]12C[C@H](O)[C@H]3[C@@H](CCC4=CC(=O)CC[C@@]43C)[C@@H]1CC[C@@H]2C(=O)CO
CHEMBL110861,,,,150.0,89.9999900000011,,,,56.0,201.6,47.54716981132075,,
CHEMBL1109,,,,,,,0.005900000000000016,,,,,,
CHEMBL110999,,,,150.0,89.9999900000011,,0.0988,,35.0,125.99999999999997,37.05882352941176,,
CHEMBL1110,,,,,,,,1.6,,,,,
CHEMBL1112,,,,,,,,75.0,,,,,
CHEMBL1113,,,,,,,0.10950000000000004,,,,,,
CHEMBL111402,,,,,,,,,36.0,129.60000000000002,37.674418604651166,,
CHEMBL1115,,,,,,,,1.5,,,,,
CHEMBL1117,,,,,,,,16.0,,,,,
CHEMBL111732,,,,150.0,89.9999900000011,,,,150.0,539.9999999999999,67.5,,
CHEMBL111775,,,,71.99,89.99997916377757,,,,25.0,90.0,30.0,,
CHEMBL112,,,0.51,8.555,89.99981169702262,,0.7336,2.5,3.0,10.799999999999999,5.094339622641509,,CC(=O)Nc1ccc(O)cc1
CHEMBL112246,,,,,,,,,4.0,14.399999999999999,6.666666666666665,,
CHEMBL112273,,,,117.49,89.9999872329578,,,,,,,,
CHEMBL112747,,,,,,,,,3.0,10.799999999999999,5.094339622641509,,
CHEMBL113,,,2.9444444444444446,3.0,89.99950000277776,,0.7555000000000001,4.9,,,,,Cn1c(=O)c2c(ncn2C)n(C)c1=O
CHEMBL1130,,,,,,,,0.35,,,,,
CHEMBL113278,,,,,,,,11.0,,,,,
CHEMBL1136,,,,,,,,12.0,,,,,CC[C@H]1OC(=O)[C@H](C)C(=O)[C@H](C)[C@@H](O[C@@H]2O[C@H](C)C[C@H](N(C)C)[C@H]2O)[C@](C)(OC)C[C@@H](C)C(=O)[C@H](C)[C@H]2N(CCCCn3cnc(-c4cccnc4)c3)C(=O)O[C@]12C
CHEMBL114,,,254.0,87.85,89.9999658171401,,0.011399999999999966,13.0,150.0,539.9999999999999,67.5,,CC(C)(C)NC(=O)[C@@H]1C[C@@H]2CCCC[C@@H]2CN1C[C@@H](O)[C@H](Cc1ccccc1)NC(=O)[C@H](CC(N)=O)NC(=O)c1ccc2ccccc2n1
CHEMBL1144,,,,14.99,89.9997222030369,,,0.78,3.0,10.799999999999999,5.094339622641509,,
CHEMBL114500,,,,,,,,,3.0,10.799999999999999,5.094339622641509,,
CHEMBL1146,,,,,,,,0.75,,,,,
CHEMBL1148,,,22.0,,,,,5.1,,,,,Cc1cccc(Nc2ccncc2S(=O)(=O)NC(=O)NC(C)C)c1
CHEMBL1149,,,1.3,,,,,,,,,,C[N+](C)(C)C[C@H](O)CC(=O)[O-]
CHEMBL115,,,,31.965000000000003,89.99991271986033,,0.37060000000000004,1.0,,,,,
CHEMBL1161,,,,,,,0.0023000000000000798,,,,,,
CHEMBL1163492,,,,,,,,,105.0,378.0,60.96774193548387,,
CHEMBL1163803,,,,,,,,,6.0,21.599999999999998,9.642857142857142,,
CHEMBL116381,,,7.9e-06,,,,,,,,,,CCC(c1ccccn1)n1[nH]c(=O)c2nc3cc(Cl)ccc3c(O)c2c1=O.CS(=O)(=O)O
CHEMBL1164033,,,,12.88,89.99988354052337,,0.0029000000000000137,,14.13,50.868,19.830032745984717,,
CHEMBL1164165,,,,,,,,,53.7,193.31999999999996,46.60559305689488,,
CHEMBL1164184,,,,5.5,89.99972727355372,,,,33.11,119.196,35.85489110816989,,
CHEMBL1164729,,,,9.865,89.99983394152852,,,,3.0,10.799999999999999,5.094339622641509,,
CHEMBL1166,,,,,,,,0.4,,,,,
CHEMBL1167,,,,,,,,1.8,,,,,
CHEMBL11672,,,,,,,,31.0,,,,,
CHEMBL1171837,,,,3.84,89.99958974554934,,,,,,,,
CHEMBL1172,,,,26.92,89.99994427938071,,,,,,,,
CHEMBL1173055,,,,12.02,89.99987520815972,,0.2319,,5.5,19.799999999999997,8.918918918918918,,
CHEMBL1174,,,,,,,,4.2,,,,,
CHEMBL118,,,,25.7,89.9999416342791,,0.010600000000000054,,,,,,
CHEMBL1180293,,,,,,,,3.6,,,,,
CHEMBL118147,,,5e-06,,,,,,,,,,CCC(c1cccnc1)n1[nH]c(=O)c2nc3cc(Cl)ccc3c(O)c2c1=O.CS(=O)(=O)O
CHEMBL118218,,,,,,,,0.3,,,,,
CHEMBL118267,,,2e-07,,,,,,,,,,CS(=O)(=O)O.O=c1[nH]n(Cc2cccnc2)c(=O)c2c(=O)c3ccc(Cl)cc3[nH]c12
CHEMBL1182833,,,,,,,,0.83,,,,,
CHEMBL1185,,,,,,,,3.6,,,,,
CHEMBL1186579,,,,,,,,2.5,,,,,
CHEMBL118658,,,9.8e-06,,,,,,,,,,CS(=O)(=O)O.O=c1[nH]n(C(c2ccccn2)C2CC2)c(=O)c2c(O)c3ccc(Cl)cc3nc12
CHEMBL118755,,,2e-07,,,,,,,,,,O=c1[nH]n(Cc2ccncc2)c(=O)c2c(=O)c3ccc(Cl)cc3[nH]c12
CHEMBL118769,,,1.3e-05,,,,,,,,,,CS(=O)(=O)O.C[C@H](c1ccccn1)n1[nH]c(=O)c2[nH]c3cc(Cl)ccc3c(=O)c2c1=O
CHEMBL1187846,,,,,,,,4.5,,,,,
CHEMBL118821,,,4e-06,,,,,,,,,,CS(=O)(=O)O.O=c1[nH]n(C(c2ccccc2)c2ccncc2)c(=O)c2c(O)c3ccc(Cl)cc3nc12
CHEMBL1188966,,,,50.12,89.99997007183757,,0.0004999999999999449,,117.49,422.964,63.132724341751754,,
CHEMBL1189679,,,,,,,,39.0,,,,,
CHEMBL118984,,,1.1e-05,,,,,,,,,,CCC(c1ccncc1)n1[nH]c(=O)c2[nH]c3cc(Cl)ccc3c(=O)c2c1=O.CS(=O)(=O)O
CHEMBL119,,,,,,,,17.0,,,,,
CHEMBL1191,,,,,,,0.06469999999999998,,,,,,
CHEMBL119254,,,2.1e-06,,,,,,,,,,CC(c1ccccn1)n1[nH]c(=O)c2nc3cc(Cl)ccc3c(O)c2c1=O.CS(=O)(=O)O
CHEMBL119385,,,,,,,,,3.0,10.799999999999999,5.094339622641509,,
CHEMBL1194,,,,,,,,1.8,,,,,
CHEMBL1194325,,,,71.995,89.999978905083,,,,140.0,503.9999999999999,66.3157894736842,,
CHEMBL1194385,,,,,,,0.20829999999999993,,,,,,
CHEMBL1194759,,,,,,,,,3.0,10.799999999999999,5.094339622641509,,
CHEMBL119625,,,,,,,,0.78,,,,,
CHEMBL119642,,,9.4e-06,,,,,,,,,,CCCCC(c1ccncc1)n1[nH]c(=O)c2nc3cc(Cl)ccc3c(O)c2c1=O.CS(=O)(=O)O
CHEMBL119754,,,1.6e-05,,,,,,,,,,CCCCC(c1ccccn1)n1[nH]c(=O)c2nc3cc(Cl)ccc3c(O)c2c1=O.CS(=O)(=O)O
CHEMBL1197658,,,,,,,0.0006999999999999229,,,,,,
CHEMBL1198335,,,,150.0,89.9999900000011,,0.011900000000000022,,112.2,403.91999999999996,62.25647348951911,,
CHEMBL12,,,,6.17,89.99975688882526,,0.013900000000000023,42.0,5.75,20.700000000000003,9.282511210762333,,CN1C(=O)CN=C(c2ccccc2)c2cc(Cl)ccc21
CHEMBL1200455,,,,,,,,1.5,,,,,
CHEMBL1200490,,,,,,,,12.0,,,,,
CHEMBL1200500,,,,,,,,0.5,,,,,
CHEMBL1200622,,,,,,,,5.3,,,,,
CHEMBL1200629,,,,,,,,1.4,,,,,
CHEMBL1200649,,,,,,,,0.87,,,,,
CHEMBL1200699,,,20.0,,,,,,,,,,C[C@H]1c2cccc(O)c2C(=O)C2=C(O)[C@]3(O)C(=O)C(C(N)=O)=C(O)[C@@H](N(C)C)[C@@H]3[C@@H](O)[C@@H]21.O
CHEMBL1200826,,,,,,,,7.8,,,,,
CHEMBL1200932,,,,,,,,2.1,,,,,
CHEMBL1200937,,,,,,,,0.74,,,,,
CHEMBL1201016,,,,114.82,89.99998693607576,,,,150.0,539.9999999999999,67.5,,
CHEMBL1201046,,,,,,,,3.0,,,,,
CHEMBL1201112,,,,,,,,0.5,,,,,
CHEMBL1201129,,,,,,,,0.58,,,,,
CHEMBL1201182,,,,150.0,89.9999900000011,,,18.0,,,,,
CHEMBL1201195,,,,,,,0.1934999999999999,1.5,,,,,
CHEMBL1201199,,,,,,,,2.9,,,,,
CHEMBL1201201,,,,,,,,12.0,,,,,
CHEMBL1201212,,,,3.0,89.99950000277776,,,,,,,,
CHEMBL1201220,,,,,,,,1.8,,,,,
CHEMBL1201244,,,,,,,,1.6,,,,,
CHEMBL1201248,,,,,,,,0.42,,,,,
CHEMBL1201288,,,,,,,,10.0,,,,,
CHEMBL1201300,,,,,,,,1.3,,,,,
CHEMBL1201335,,,,91.0,89.99998351648654,,0.7105,,3.0,10.799999999999999,5.094339622641509,,
CHEMBL1201368,,,,,,,,29.0,,,,,
CHEMBL1201391,,,,46.28,89.99996758860286,,,,17.5,62.999999999999986,23.33333333333333,,
CHEMBL1201752,,,,,,,,17.0,,,,,
CHEMBL1201753,,,,10.805,89.99984279093673,,0.020000000000000018,,3.0,10.799999999999999,5.094339622641509,,
CHEMBL120231,,,6.3e-06,,,,,,,,,,CS(=O)(=O)O.O=c1[nH]n(C(c2ccncc2)C2CC2)c(=O)c2c(O)c3ccc(Cl)cc3nc12
CHEMBL1203925,,,55.9,,,,,,,,,,Cl.O=C(O)c1ccc2c(C3CCCCC3)c3n(c2c1)CCNc1ccccc1-3
CHEMBL1203926,,,18.6,,,,,,,,,,Cl.Cl.O=C(O)c1ccc2c(C3CCCCC3)c3n(c2c1)CCN(CCN1CCCCC1)c1ccccc1-3
CHEMBL1204014,,,0.0,,,,,,,,,,CN1CCN(C(=O)c2ccc(NC(=O)Nc3ccc(-c4nc(N5CCOCC5)nc(N5CCOCC5)n4)cc3)cc2)CC1.Cl
CHEMBL1204015,,,0.03,,,,,,,,,,CN(C)CCN(C)C(=O)c1ccc(NC(=O)Nc2ccc(-c3nc(N4CCOCC4)nc(N4CCOCC4)n3)cc2)cc1.Cl
CHEMBL1204059,,,29.5,,,,,,,,,,C[C@@H]1CN(C(=O)[C@@H]2CN(C(C)(C)C)C[C@H]2c2ccc(F)cc2F)C[C@H](C)[C@@]1(O)c1ccccc1.Cl
CHEMBL1204061,,,24.0,,,,,,,,,,C[C@@H]1CN(C(=O)[C@@H]2CN(C(C)(C)C)C[C@H]2c2ccc(F)cc2F)C[C@H](C)[C@@]1(O)c1ccc(F)cc1.Cl
CHEMBL1204385,,,19.2,,,,,,,,,,CN(C)CCN1CCn2c(c(C3CCCCC3)c3ccc(C(=O)O)cc32)-c2ccccc21.Cl.Cl
CHEMBL1204759,,,,12.235,89.9997150689521,,,,3.0,10.799999999999999,5.094339622641509,,
CHEMBL120498,,,9.1e-06,,,,,,,,,,CS(=O)(=O)O.C[C@@H](c1ccccn1)n1[nH]c(=O)c2[nH]c3cc(Cl)ccc3c(=O)c2c1=O
CHEMBL120646,,,3e-07,,,,,,,,,,CS(=O)(=O)O.O=c1[nH]n(Cc2ccccn2)c(=O)c2c(=O)c3ccc(Cl)cc3[nH]c12
CHEMBL1208,,,,,,,,,3.0,10.799999999999999,5.094339622641509,,
CHEMBL1209914,,,,30.9,89.99995145633686,,,,41.69,150.084,40.92158359690261,,
CHEMBL1209915,,,,16.6,89.99990963864494,,,,12.3,44.28000000000001,17.76886035313002,,
CHEMBL121,,,,,,,0.0026000000000000467,3.9,,,,,CN(CCOc1ccc(CC2SC(=O)NC2=O)cc1)c1ccccn1
CHEMBL1210207,,,,,,,0.014899999999999913,,,,,,
CHEMBL1213082,,,,17.475,89.99990030644258,,0.013599999999999945,,,,,,
CHEMBL1213085,,,,42.24,89.99996437073477,,0.020000000000000018,,,,,,
CHEMBL1213118,,,,44.295,89.99989192673038,,,,72.0,259.20000000000005,53.114754098360656,,
CHEMBL1213252,,,,,,,,2.4,,,,,
CHEMBL1213351,,,,,,,,18.0,,,,,
CHEMBL1213583,,,,,,,,10.0,,,,,
CHEMBL1214,,,,3.39,89.99955752429929,,0.5459,1.1,6.92,24.912,10.941672522839072,,
CHEMBL1214827,,,,23.44,89.99993600687144,,,,,,,,
CHEMBL121893,,,2130.0,,,,,,,,,,CCCCCCOc1ccc(C(=O)CCN2CCCCC2)cc1
CHEMBL1219,,,,,,,,1.0,,,,,
CHEMBL122,,,,,,,0.06900000000000006,,,,,,
CHEMBL1220,,,,,,,,13.0,,,,,
CHEMBL1221660,,,,,,,,,34.0,122.4,36.42857142857143,,
CHEMBL1221681,,,,108.0,89.99998611111326,,0.06900000000000006,,26.0,93.6,30.789473684210524,,
CHEMBL1221702,,,,,,,0.48850000000000005,,7.0,25.2,11.05263157894737,,
CHEMBL1222381,,,,,,,0.07680000000000009,,38.9,140.03999999999996,39.38132733408323,,
CHEMBL1229517,,,,6.61,89.99977307167657,,,,,,,,
CHEMBL1229592,,,,41.370000000000005,89.99976397276396,,,,,,,,
CHEMBL1230227,,,,,,,,21.0,,,,,
CHEMBL1230662,,,,,,,0.08010000000000006,,,,,,
CHEMBL1231,,,,,,,0.029300000000000104,7.2,,,,,
CHEMBL1231101,,,,,,,,9.9,,,,,
CHEMBL1231206,,,,6.92,89.99978323751628,,0.1509999999999999,,,,,,
CHEMBL1231530,,,,,,,,0.59,,,,,
CHEMBL1231533,,,,4.17,89.99964028920748,,,,19.5,70.19999999999999,25.251798561151077,,
CHEMBL1231626,,,,,,,0.008099999999999996,,,,,,
CHEMBL1232461,,,,6.615,89.99967668772533,,0.24029999999999996,,14.13,50.868,19.830032745984717,,
CHEMBL1234354,,,,6.86,89.99968003881109,,,,,,,,
CHEMBL123558,,,,,,,,79.0,,,,,
CHEMBL1235773,,,,72.44,89.99997929321293,,0.08900000000000008,,,,,,
CHEMBL1236539,,,,,,,,790.0,,,,,
CHEMBL1237,,,0.6,,,,,42.0,,,,,NCCCC[C@H](N[C@@H](CCc1ccccc1)C(=O)O)C(=O)N1CCC[C@H]1C(=O)O
CHEMBL1237044,,,,,,,,5.8,,,,,
CHEMBL1237046,,,,,,,,8.8,,,,,
CHEMBL1237123,,,,,,,,1.7,,,,,
CHEMBL1237132,,,,,,,,0.3,,,,,
CHEMBL123798,,,,,,,0.054400000000000004,,,,,,
CHEMBL1240967,,,,37.0,89.99995945947772,,0.005299999999999971,,99.0,356.40000000000003,59.7986577181208,,
CHEMBL1241590,,,,69.18,89.999978317438,,0.6763,,8.71,31.356000000000005,13.352069494123661,,
CHEMBL1241982,,,,5.13,89.99970760328914,,,,,,,,
CHEMBL1254945,,,,,,,0.009500000000000064,,,,,,
CHEMBL1256568,,,,,,,0.2319,,,,,,
CHEMBL1256734,,,,,,,,1.2,,,,,
CHEMBL1256967,,,,7.24,89.99968467047327,,0.30879999999999996,,7.94,28.584000000000003,12.333448394891269,,
CHEMBL1257491,,,,,,,0.0015000000000000568,,,,,,
CHEMBL1257599,,,,41.69,89.99996402016309,,,,,,,,
CHEMBL126,,,,,,,0.7721,4.5,,,,,CC(=O)NC[C@H]1CN(c2ccc(N3CCOCC3)c(F)c2)C(=O)O1
CHEMBL12610,,,,78.88,89.9998983507236,,,,17.78,64.008,23.608734139864264,,
CHEMBL1263,,,119.0,85.0,89.99998235294464,,0.06610000000000005,,58.0,208.8,48.33333333333333,,OCc1cc(C(O)CNCCCCCCOCCCCc2ccccc2)ccc1O
CHEMBL1269858,,,,51.29,89.99997075454255,,,,,,,,
CHEMBL127,,,,,,,,1.0,,,,,
CHEMBL127066,,,,,,,0.011900000000000022,,150.0,539.9999999999999,67.5,,
CHEMBL1272,,,,29.51,89.99994916980167,,0.009000000000000008,0.87,,,,,
CHEMBL1276308,,,,26.92,89.99994427938071,,0.0015000000000000568,,79.0,284.4,55.11627906976744,,
CHEMBL1276946,,,,3.0,89.99950000277776,,,,3.0,10.799999999999999,5.094339622641509,,
CHEMBL1277809,,,,,,,0.013000000000000012,,,,,,
CHEMBL1278,,,,,,,,6.6,,,,,
CHEMBL1279,,,,,,,,24.0,,,,,
CHEMBL128,,,0.0129,8.0,89.99981250039062,,,1.7,3.0,10.799999999999999,5.094339622641509,,CNS(=O)(=O)Cc1ccc2[nH]cc(CCN(C)C)c2c1
CHEMBL1282,,,,,,,0.1481,,,,,,
CHEMBL12856,,,,,,,,2.0,,,,,
CHEMBL128599,,,2.1e-06,,,,,,,,,,O=C(Nc1cc(C(F)(F)F)cc(C(F)(F)F)c1)c1cnc(Cl)nc1-c1cccs1
CHEMBL128613,,,,,,,,,20.5,73.8,26.170212765957444,,
CHEMBL1287892,,,,,,,0.019100000000000006,,,,,,
CHEMBL1287979,,,,,,,0.04370000000000007,,,,,,
CHEMBL1288009,,,,,,,0.06610000000000005,,,,,,
CHEMBL1288102,,,,,,,0.046699999999999964,,,,,,
CHEMBL1288103,,,,,,,0.010600000000000054,,,,,,
CHEMBL1288164,,,,,,,0.0262,,,,,,
CHEMBL1288221,,,,,,,0.0039000000000000146,,,,,,
CHEMBL1288278,,,,,,,0.2619,,,,,,
CHEMBL1288306,,,,,,,0.1795,,,,,,
CHEMBL1289283,,,,,,,0.16959999999999997,,,,,,
CHEMBL1289545,,,,47.0,89.9999680851177,,0.4314,,11.0,39.599999999999994,16.22950819672131,,
CHEMBL1289717,,,,,,,0.16959999999999997,,,,,,
CHEMBL129,,,,,,,,1.3,,,,,Cc1cn([C@H]2C[C@H](N=[N+]=[N-])[C@@H](CO)O2)c(=O)[nH]c1=O
CHEMBL1290183,,,,3.0,89.99950000277776,,,,5.0,18.0,8.181818181818182,,
CHEMBL1290184,,,,10.2,89.99985294141676,,,,13.5,48.6,19.133858267716537,,
CHEMBL1290284,,,,138.04,89.99998913358579,,0.6186,,3.0,10.799999999999999,5.094339622641509,,
CHEMBL1290353,,,,22.91,89.9999345264553,,,,7.41,26.676,11.616443128374847,,
CHEMBL1290383,,,,,,,0.006599999999999939,,,,,,
CHEMBL1290746,,,,,,,,,3.0,10.799999999999999,5.094339622641509,,
CHEMBL129198,,,,,,,,,19.25,69.3,25.018050541516246,,
CHEMBL1294,,,,39.305,89.9998680910191,,0.1452,6.6,,,,,C=C[C@H]1CN2CC[C@H]1C[C@@H]2[C@@H](O)c1ccnc2ccc(OC)cc12
CHEMBL12952,,,,,,,0.0030000000000000027,,,,,,
CHEMBL129542,,,2.34,,,,,,,,,,c1cc(OCCCN2CCCCC2)ccc1CN1CCCCC1
CHEMBL129660,,,,,,,,,10.67,38.412,15.828251194989285,,
CHEMBL1297,,,,,,,,,10.23,36.828,15.286402125186786,,
CHEMBL1299757,,,,,,,0.013900000000000023,,37.15,133.73999999999998,38.36488812392426,,
CHEMBL129982,,,,,,,,,19.0,68.39999999999999,24.782608695652172,,Nc1ccc(Cl)c(C(=O)NCC23CC4CC(CC(C4)C2)C3)c1
CHEMBL1299863,,,,66.07,89.99997729681215,,,,66.07,237.852,51.23029206513311,,
CHEMBL13,,,29.8,,,,,3.6,,,,,COCCc1ccc(OCC(O)CNC(C)C)cc1
CHEMBL130,,,,69.18,89.999978317438,,0.43700000000000006,4.6,,,,,O=C(N[C@H](CO)[C@H](O)c1ccc([N+](=O)[O-])cc1)C(Cl)Cl
CHEMBL1300857,,,,150.0,89.9999900000011,,0.005199999999999982,,150.0,539.9999999999999,67.5,,
CHEMBL1302675,,,,150.0,89.9999900000011,,,,32.36,116.49599999999998,35.36182612918892,,
CHEMBL1304332,,,,,,,0.006299999999999972,,,,,,
CHEMBL1308362,,,,87.1,89.99998277841891,,0.009500000000000064,,79.43,285.94800000000004,55.232171830333,,
CHEMBL1309562,,,,,,,0.0041999999999999815,,,,,,
CHEMBL1309609,,,,,,,0.029300000000000104,,,,,,
CHEMBL1309788,,,,17.78,89.99991563562463,,0.0015999999999999348,,,,,,
CHEMBL1309895,,,,,,,0.0948,,,,,,
CHEMBL1309980,,,,35.48,89.9999577226805,,0.5,,,,,,
CHEMBL131,,,,,,,,3.4,,,,,C[C@]12C=CC(=O)C=C1CC[C@@H]1[C@@H]2[C@@H](O)C[C@@]2(C)[C@H]1CC[C@]2(O)C(=O)CO
CHEMBL131006,,,1.9e-06,,,,,,,,,,O=C(Nc1cc(C(F)(F)F)cc(C(F)(F)F)c1)c1cnc(F)nc1C(F)(F)F
CHEMBL131087,,,,12.88,89.99988354052337,,,,,,,,
CHEMBL1311,,,,,,,,3.0,,,,,
CHEMBL1312533,,,,,,,0.02090000000000003,,,,,,
CHEMBL1313956,,,,,,,0.0676000000000001,,,,,,
CHEMBL1320158,,,,,,,0.026800000000000046,,,,,,
CHEMBL13209,,,,,,,,26.0,,,,,
CHEMBL132227,,,,,,,0.16959999999999997,,38.9,140.03999999999996,39.38132733408323,,
CHEMBL1322390,,,,150.0,89.9999900000011,,0.0006000000000000449,,104.71,376.956,60.91332169866201,,
CHEMBL1322893,,,,54.95,89.99997270246506,,0.5911,,,,,,
CHEMBL1324,,,,,,,,1.1,,,,,Cc1ccc(C(=O)c2cc(O)c(O)c([N+](=O)[O-])c2)cc1
CHEMBL132495,,,6.2e-06,,,,,,,,,,Cc1nc(Cl)ncc1C(=O)Nc1cc(C(F)(F)F)cc(C(F)(F)F)c1
CHEMBL1327979,,,,,,,0.20079999999999998,,,,,,
CHEMBL13280,,,,5.01,89.9997005997984,,,25.0,,,,,
CHEMBL1330,,,,,,,,1.4,,,,,
CHEMBL133266,,,,,,,,3.2,,,,,
CHEMBL134,,,8.66,,,,,7.6,,,,,Clc1cccc(Cl)c1NC1=NCCN1
CHEMBL1340633,,,,31.62,89.99995256169484,,,,6.61,23.796000000000003,10.508744038155806,,
CHEMBL134074,,,,,,,,,79.43,285.94800000000004,55.232171830333,,
CHEMBL1345333,,,,111.0,89.99998648648851,,,,119.0,428.3999999999999,63.37278106508876,,
CHEMBL1346,,,,28.005,89.99983676821805,,0.048799999999999955,3.6,9.5,34.199999999999996,14.369747899159663,,
CHEMBL13470,,,23.0,,,,,,,,,,C=CCN1C[C@H](C)N([C@H](c2ccc(C(=O)N(CC)CC)cc2)c2cccc(OC)c2)C[C@H]1C
CHEMBL134713,,,0.3,,,,,,,,,,COc1ccc(/C=C2\CCCN=C2c2cccnc2)c(OC)c1
CHEMBL13485,,,,,,,0.10510000000000008,,,,,,
CHEMBL135,,,,,,,,1.7,,,,,C[C@]12CC[C@@H]3c4ccc(O)cc4CC[C@H]3[C@@H]1CC[C@@H]2O
CHEMBL1351332,,,,138.04,89.99998913358579,,,,70.79,254.844,52.745260369235865,,
CHEMBL1352372,,,,,,,0.10950000000000004,,,,,,
CHEMBL1352569,,,,,,,0.007699999999999929,,,,,,
CHEMBL135339,,,73.5,,,,,,,,,,O=C(C(=O)N1CCN(C(=O)c2ccccc2)CC1)c1c[nH]c2cccc(F)c12
CHEMBL1353474,,,,,,,0.13950000000000007,,,,,,
CHEMBL135400,,,,,,,,5.2,,,,,
CHEMBL1354035,,,,,,,0.5,,,,,,
CHEMBL1355736,,,9.410000000000002,,,,,,,,,,Cn1c(=O)c2nc[nH]c2n(C)c1=O.O
CHEMBL135626,,,,150.0,89.9999900000011,,,,,,,,
CHEMBL1358402,,,,,,,0.16000000000000003,,,,,,
CHEMBL1359,,,,,,,,3.8,,,,,
CHEMBL1359777,,,,150.0,89.9999900000011,,0.015999999999999903,,40.74,146.664,40.40775843068106,,
CHEMBL1359986,,,,,,,0.006099999999999994,,,,,,
CHEMBL1360,,,,,,,,0.31,,,,,
CHEMBL1360603,,,,,,,0.04180000000000006,,,,,,
CHEMBL1363,,,,3.91,89.9996163699217,,0.6813,,9.0,32.400000000000006,13.728813559322036,,
CHEMBL1363924,,,,75.86,89.99998022673779,,,,7.76,27.936,12.09141274238227,,
CHEMBL1364767,,,,13.8,89.9998913044791,,0.04469999999999996,,,,,,
CHEMBL1367530,,,,150.0,89.9999900000011,,0.0018000000000000238,,150.0,539.9999999999999,67.5,,
CHEMBL1369722,,,,,,,0.13680000000000003,,,,,,
CHEMBL137,,,,3.0,89.99950000277776,,,7.1,,,,,Cc1ncc([N+](=O)[O-])n1CCO
CHEMBL1370,,,,,,,,2.8,,,,,
CHEMBL1371,,,,10.96,89.99986313889426,,,,30.13,108.468,33.84125795582179,,
CHEMBL1378202,,,,,,,0.1341,,,,,,
CHEMBL1380,,,,,,,,1.0,,,,,
CHEMBL1381135,,,,,,,0.1631999999999999,,,,,,
CHEMBL1381233,,,,25.12,89.99994028666383,,0.06900000000000006,,60.26,216.936,49.18737529475784,,
CHEMBL13817,,,,14.45,89.99989619389136,,0.2319,,,,,,
CHEMBL1381989,,,,,,,0.7010000000000001,,,,,,
CHEMBL1382,,,,,,,,2.4,,,,,Cc1ccc(O)c([C@H](CCN(C(C)C)C(C)C)c2ccccc2)c1
CHEMBL138225,,,,,,,,27.0,,,,,
CHEMBL1384,,,,,,,,2.1,,,,,
CHEMBL1384203,,,,,,,,,30.5,109.8,34.099378881987576,,
CHEMBL1385850,,,,,,,0.10089999999999999,,,,,,
CHEMBL1387923,,,,,,,0.0020000000000000018,,,,,,
CHEMBL1389,,,,,,,,9.4,,,,,
CHEMBL1389370,,,,26.3,89.9999429658156,,0.07840000000000003,,9.55,34.38,14.43324937027708,,
CHEMBL139,,,,83.55,89.99998201421141,,0.0031999999999999806,1.4,66.5,239.4,51.37339055793991,,
CHEMBL139036,,,,,,,0.24029999999999996,,,,,,
CHEMBL13960,,,,,,,,0.65,,,,,
CHEMBL13976,,,,,,,0.17280000000000006,,,,,,
CHEMBL1397672,,,,3.0,89.99950000277776,,,,15.0,53.99999999999999,20.769230769230766,,
CHEMBL1399574,,,,4.17,89.99964028920748,,0.1795,,3.0,10.799999999999999,5.094339622641509,,
CHEMBL1402150,,,,,,,0.2801,,,,,,
CHEMBL1403871,,,,,,,0.026800000000000046,,,,,,
CHEMBL1405150,,,,150.0,89.9999900000011,,,,21.38,76.96799999999999,26.957130848977304,,
CHEMBL1405928,,,,91.0,89.99998351648654,,,,28.0,100.8,32.30769230769231,,
CHEMBL140684,,,,,,,0.02290000000000003,,,,,,
CHEMBL1409708,,,,,,,,,3.0,10.799999999999999,5.094339622641509,,
CHEMBL141,,,,,,,,9.1,,,,,
CHEMBL141157,,,,94.01,89.99997527354944,,0.4427,,20.89,75.204,26.521371138383408,,
CHEMBL1411979,,,,,,,,1.6,,,,,
CHEMBL1412343,,,,150.0,89.9999900000011,,,,46.77,168.372,43.49798491267955,,
CHEMBL1412533,,,,,,,0.005999999999999894,,,,,,
CHEMBL1416617,,,,32.36,89.99995364650101,,0.013000000000000012,,,,,,
CHEMBL1417725,,,,,,,0.0030000000000000027,,,,,,
CHEMBL1420171,,,,,,,,,3.0,10.799999999999999,5.094339622641509,,
CHEMBL1421,,,,28.18,89.99994677079088,,,,,,,,
CHEMBL1422,,,,,,,0.7681,12.0,,,,,
CHEMBL1423878,,,,52.48,89.99997141769201,,,,60.26,216.936,49.18737529475784,,
CHEMBL1425,,,0.0038,,,,,1.0,,,,,Sc1ncnc2nc[nH]c12
CHEMBL1425658,,,,150.0,89.9999900000011,,,,99.0,356.40000000000003,59.7986577181208,,
CHEMBL1426782,,,,,,,0.026800000000000046,,,,,,
CHEMBL1427554,,,,,,,0.03909999999999991,,,,,,
CHEMBL1427959,,,,71.095,89.99997872224573,,,,150.0,539.9999999999999,67.5,,
CHEMBL1428,,,,,,,0.018299999999999983,1.3,,,,,
CHEMBL1429296,,,,150.0,89.9999900000011,,,,150.0,539.9999999999999,67.5,,
CHEMBL1431,,,,,,,,1.7,,,,,
CHEMBL1431112,,,,,,,0.10089999999999999,,,,,,
CHEMBL1431692,,,,,,,0.0041999999999999815,,,,,,
CHEMBL1431736,,,,5.25,89.99971428662131,,0.3599,,,,,,
CHEMBL1431751,,,,,,,0.013900000000000023,,,,,,
CHEMBL1433,,,,,,,,14.0,,,,,
CHEMBL143305,,,,150.0,89.9999900000011,,0.0034000000000000696,,66.07,237.852,51.23029206513311,,
CHEMBL1434,,,50.0,,,,,17.0,,,,,CN(C)c1ccc(O)c2c1C[C@H]1C[C@H]3[C@H](N(C)C)C(O)=C(C(N)=O)C(=O)[C@@]3(O)C(O)=C1C2=O
CHEMBL1435,,,,,,,0.09680000000000011,1.7,,,,,
CHEMBL1436,,,,,,,,1.1,,,,,
CHEMBL14370,,,,,,,,10.0,,,,,
CHEMBL1439884,,,,150.0,89.9999900000011,,,,150.0,539.9999999999999,67.5,,
CHEMBL1440,,,3.8,,,,,9.4,,,,,CN(C)[C@@H]1C(O)=C(C(N)=O)C(=O)[C@@]2(O)C(O)=C3C(=O)c4c(O)cccc4[C@@](C)(O)[C@H]3C[C@@H]12
CHEMBL1443,,,,,,,,0.7,,,,,
CHEMBL1444,,,,3.0,89.99950000277776,,0.4827,45.0,,,,,
CHEMBL1447,,,,,,,,5.6,,,,,
CHEMBL1447076,,,,,,,0.10510000000000008,,,,,,
CHEMBL1448843,,,,64.57,89.99997676940356,,0.26639999999999997,,12.3,44.28000000000001,17.76886035313002,,
CHEMBL1449,,,,,,,,1.0,,,,,
CHEMBL1450,,,,,,,,63.0,,,,,
CHEMBL1450473,,,,,,,0.10089999999999999,,,,,,
CHEMBL1454310,,,,,,,0.0020000000000000018,,,,,,
CHEMBL1455229,,,,150.0,89.9999900000011,,,,13.8,49.68,19.46708463949843,,
CHEMBL1458025,,,,102.33,89.99998534154446,,0.023400000000000087,,77.62,279.432,54.73906911142454,,
CHEMBL1458496,,,,150.0,89.9999900000011,,,,150.0,539.9999999999999,67.5,,
CHEMBL1459588,,,,,,,0.017099999999999893,,5.5,19.799999999999997,8.918918918918918,,
CHEMBL1460,,,,,,,,1.4,,,,,
CHEMBL1460615,,,,75.86,89.99998022673779,,0.5686,,5.25,18.9,8.55203619909502,,
CHEMBL1461208,,,,,,,0.0034999999999999476,,,,,,
CHEMBL1463,,,,,,,,4.2,,,,,Nc1nc(=O)[nH]cc1F
CHEMBL1463345,,,,26.16,89.99987012805605,,0.05940000000000001,,14.45,52.019999999999996,20.178432893716057,,
CHEMBL1464,,,,3.0,89.99950000277776,,0.006900000000000017,29.0,5.25,18.9,8.55203619909502,,
CHEMBL1465276,,,,46.77,89.9999679281705,,,,83.18,299.448,56.211142814236375,,
CHEMBL1467,,,,,,,,0.8,,,,,Oc1ncnc2[nH]ncc12
CHEMBL1468264,,,,,,,0.11180000000000012,,,,,,
CHEMBL1468936,,,,147.91,89.999989858699,,,,150.0,539.9999999999999,67.5,,
CHEMBL1470371,,,,,,,0.2801,,,,,,
CHEMBL1470412,,,,95.5,89.99998429319646,,,,,,,,
CHEMBL1471,,,,,,,,13.0,,,,,
CHEMBL1472189,,,,12.88,89.99988354052337,,0.03739999999999999,,11.22,40.391999999999996,16.494609604704344,,
CHEMBL1473,,,,128.575,89.99998800046828,,0.019100000000000006,6.0,,,,,
CHEMBL14762,,,,107.15,89.99998600093545,,0.07200000000000006,,123.03,442.90799999999996,63.99294919956077,,
CHEMBL1477,,,15.0,10.36,89.9998550375472,,0.009899999999999909,1.8,,,,,COCc1c(C(C)C)nc(C(C)C)c(/C=C/[C@@H](O)C[C@@H](O)CC(=O)O)c1-c1ccc(F)cc1
CHEMBL1478592,,,,150.0,89.9999900000011,,,,5.0,18.0,8.181818181818182,,
CHEMBL148,,,,,,,,0.95,,,,,
CHEMBL1480,,,,,,,,10.0,,,,,CCOC(=O)C1=C(C)NC(C)=C(C(=O)OC)C1c1cccc(Cl)c1Cl
CHEMBL1481,,,,23.2,89.99993534487403,,,9.95,,,,,
CHEMBL1481866,,,,,,,0.0383,,,,,,
CHEMBL1483,,,,47.885000000000005,89.99993141240198,,0.04569999999999996,,34.67,124.81199999999998,36.85248612259359,,
CHEMBL1484,,,,150.0,89.9999900000011,,,4.1,,,,,COC(=O)C1=C(C)NC(C)=C(C(=O)OCCN(C)Cc2ccccc2)C1c1cccc([N+](=O)[O-])c1
CHEMBL1486109,,,,,,,0.02400000000000002,,,,,,
CHEMBL1486510,,,,150.0,89.9999900000011,,,,150.0,539.9999999999999,67.5,,
CHEMBL1486517,,,,50.12,89.99997007183757,,0.04469999999999996,,150.0,539.9999999999999,67.5,,
CHEMBL148674,,,,,,,0.12379999999999991,,,,,,
CHEMBL1487253,,,,,,,0.08540000000000003,,,,,,
CHEMBL1488371,,,,,,,0.0017000000000000348,,,,,,
CHEMBL1489,,,,,,,,0.36,,,,,
CHEMBL1489087,,,,,,,0.5229999999999999,,,,,,
CHEMBL1489548,,,,,,,0.040000000000000036,,,,,,
CHEMBL1489611,,,,89.13,89.99998317065275,,0.032099999999999906,,67.61,243.39600000000002,51.737947453447845,,
CHEMBL1490317,,,,141.25,89.99998938053223,,,,150.0,539.9999999999999,67.5,,
CHEMBL1491,,,,,,,0.019100000000000006,34.0,,,,,
CHEMBL149434,,,,,,,0.1509999999999999,,,,,,
CHEMBL1496,,,,,,,,2.0,,,,,
CHEMBL1496905,,,,,,,0.006599999999999939,,,,,,
CHEMBL1498024,,,,3.0,89.99950000277776,,,,,,,,
CHEMBL1499,,,,17.38,89.9999136939838,,,,,,,,
CHEMBL1502,,,,,,,,1.9,,,,,
CHEMBL15023,,,,,,,0.07680000000000009,,,,,,
CHEMBL1502752,,,,46.77,89.9999679281705,,,,,,,,
CHEMBL1503,,,,,,,,0.58,,,,,COc1ccc2[nH]c([S+]([O-])Cc3ncc(C)c(OC)c3C)nc2c1
CHEMBL1503415,,,,,,,0.018299999999999983,,,,,,
CHEMBL1503948,,,,,,,0.0020999999999999908,,,,,,
CHEMBL1504,,,,,,,,2.4,,,,,
CHEMBL1505,,,,,,,,3.4,,,,,
CHEMBL1509029,,,,,,,0.0009999999999998899,,,,,,
CHEMBL1510,,,,,,,,4.2,,,,,
CHEMBL1513,,,,9.74,89.99984512618667,,,14.0,17.78,64.008,23.608734139864264,,
CHEMBL1514,,,,,,,,18.0,,,,,
CHEMBL1515,,,,,,,0.8101,2.4,,,,,
CHEMBL1515178,,,,,,,0.0010999999999999899,,,,,,
CHEMBL1515447,,,,,,,0.06059999999999999,,,,,,
CHEMBL151592,,,,,,,0.4484,,,,,,
CHEMBL1517,,,,,,,,10.0,,,,,
CHEMBL1518,,,,,,,0.5911,1.3,3.0,10.799999999999999,5.094339622641509,,
CHEMBL1519272,,,,3.31,89.99954683007638,,,,3.0,10.799999999999999,5.094339622641509,,
CHEMBL152,,,,,,,,2.6,,,,,
CHEMBL1520,,,,,,,,4.5,,,,,
CHEMBL152067,,,,,,,,11.0,,,,,
CHEMBL1521,,,,,,,,1.1,,,,,
CHEMBL1523918,,,,,,,,,16.0,57.599999999999994,21.818181818181817,,
CHEMBL1525826,,,,,,,0.2319,,,,,,
CHEMBL152640,,,,,,,0.040000000000000036,,,,,,
CHEMBL1526610,,,,,,,0.563,,,,,,
CHEMBL1526668,,,,150.0,89.9999900000011,,0.0928,,117.49,422.964,63.132724341751754,,
CHEMBL1526762,,,,3.0,89.99950000277776,,0.7879,,3.0,10.799999999999999,5.094339622641509,,
CHEMBL1528356,,,,,,,0.007399999999999962,,,,,,
CHEMBL1529080,,,,150.0,89.9999900000011,,,,,,,,
CHEMBL1529362,,,,,,,,,3.0,10.799999999999999,5.094339622641509,,
CHEMBL1530127,,,,,,,0.013000000000000012,,,,,,
CHEMBL153064,,,,150.0,89.9999900000011,,0.014899999999999913,,28.18,101.448,32.44052187260169,,
CHEMBL1531134,,,,,,,,3.9,,,,,
CHEMBL1531981,,,,66.07,89.99997729681215,,0.0020000000000000018,,4.17,15.011999999999999,6.928189034520952,,
CHEMBL1532611,,,,150.0,89.9999900000011,,0.03430000000000011,,57.54,207.144,48.15510507718058,,
CHEMBL153370,,,,,,,,,3.0,10.799999999999999,5.094339622641509,,
CHEMBL1534781,,,,150.0,89.9999900000011,,0.040000000000000036,,104.0,374.4,60.77922077922078,,
CHEMBL1535,,,,,,,,850.0,,,,,
CHEMBL1536083,,,,150.0,89.9999900000011,,,,94.0,338.4,58.74999999999999,,
CHEMBL1537,,,,,,,,1.2,,,,,
CHEMBL1537460,,,,103.2,89.99998546511863,,0.0023999999999999577,,7.0,25.2,11.05263157894737,,
CHEMBL153774,,,,,,,,45.0,,,,,
CHEMBL1539037,,,,3.09,89.99951456572511,,0.17610000000000003,,3.98,14.328,6.635791033716191,,
CHEMBL1539841,,,,,,,0.0032999999999999696,,,,,,
CHEMBL154,,,0.015,,,,,,3.0,10.799999999999999,5.094339622641509,,COc1ccc2cc([C@H](C)C(=O)O)ccc2c1
CHEMBL1540,,,,,,,,2.1,,,,,
CHEMBL1541,,,,,,,,3.2,,,,,
CHEMBL1542,,,,,,,0.3237000000000001,,,,,,
CHEMBL154709,,,,,,,0.062000000000000055,,,,,,
CHEMBL1549615,,,,150.0,89.9999900000011,,,,,,,,
CHEMBL1550191,,,,,,,0.050999999999999934,,,,,,
CHEMBL1557771,,,,,,,0.04569999999999996,,,,,,
CHEMBL1560,,,,57.11,89.99997373490524,,0.0988,2.0,,,,,
CHEMBL1561,,,,,,,,2.3,,,,,
CHEMBL1565476,,,,,,,,17.0,,,,,
CHEMBL1566,,,,,,,,2.7,,,,,
CHEMBL1568,,,,,,,,11.0,,,,,
CHEMBL157101,,,,,,,0.028000000000000025,,,,,,
CHEMBL1572,,,,,,,,3.2,,,,,
CHEMBL1573309,,,,77.0,89.99998051948474,,0.10089999999999999,,71.0,255.6,52.8099173553719,,
CHEMBL1575409,,,,105.13,89.99998255393695,,,,150.0,539.9999999999999,67.5,,
CHEMBL15770,,,,,,,,,3.0,10.799999999999999,5.094339622641509,,
CHEMBL158,,,,,,,,1.5,,,,,
CHEMBL1583280,,,,15.49,89.99990316343538,,,,,,,,
CHEMBL1586565,,,,,,,0.03500000000000003,,,,,,
CHEMBL1587607,,,,150.0,89.9999900000011,,0.06610000000000005,,138.04,496.94399999999996,66.06892150606254,,
CHEMBL159,,,14.01,,,,,67.0,,,,,CC[C@]1(O)C[C@@H]2CN(CCc3c([nH]c4ccccc34)[C@@](C(=O)OC)(c3cc4c(cc3OC)N(C)[C@H]3[C@@](O)(C(=O)OC)[C@H](OC(C)=O)[C@]5(CC)C=CCN6CC[C@]43[C@@H]65)C2)C1
CHEMBL1591,,,3.8,,,,,12.0,,,,,CN(C)[C@@H]1C(O)=C(C(N)=O)C(=O)[C@@]2(O)C(O)=C3C(=O)c4c(O)ccc(Cl)c4[C@@H](O)[C@H]3C[C@@H]12
CHEMBL1592,,,,,,,0.04180000000000006,,,,,,
CHEMBL1596896,,,,91.2,89.99998355263459,,,,70.79,254.844,52.745260369235865,,
CHEMBL1598315,,,,,,,0.563,,,,,,
CHEMBL1598817,,,,,,,0.011099999999999999,,,,,,
CHEMBL1599,,,,,,,,1.2,,,,,
CHEMBL16,,,0.0129,,,,0.12890000000000001,,,,,,O=C1NC(=O)C(c2ccccc2)(c2ccccc2)N1
CHEMBL160,,,32.75,,,,,7.3,,,,,C/C=C/C[C@@H](C)[C@@H](O)[C@H]1C(=O)N[C@@H](CC)C(=O)N(C)CC(=O)N(C)[C@@H](CC(C)C)C(=O)N[C@@H](C(C)C)C(=O)N(C)[C@@H](CC(C)C)C(=O)N[C@@H](C)C(=O)N[C@H](C)C(=O)N(C)[C@@H](CC(C)C)C(=O)N(C)[C@@H](CC(C)C)C(=O)N(C)[C@@H](C(C)C)C(=O)N1C
CHEMBL1600099,,,,,,,0.06059999999999999,,,,,,
CHEMBL1600648,,,,64.34,89.99997668635979,,,,150.0,539.9999999999999,67.5,,
CHEMBL1604,,,,,,,,0.85,,,,,
CHEMBL1604571,,,,,,,0.04090000000000005,,,,,,
CHEMBL1605684,,,,150.0,89.9999900000011,,0.024500000000000077,,33.11,119.196,35.85489110816989,,
CHEMBL160629,,,,,,,,1.1,,,,,
CHEMBL16073,,,,26.92,89.99994427938071,,0.6506000000000001,0.92,24.55,88.38000000000001,29.637826961770628,,
CHEMBL1608462,,,,128.82,89.99998835584688,,0.03500000000000003,,97.72,351.7919999999999,59.536961819658806,,
CHEMBL1609026,,,,,,,0.011900000000000022,,,,,,
CHEMBL1609158,,,,81.0,89.99998148148529,,,,150.0,539.9999999999999,67.5,,
CHEMBL1609717,,,,,,,0.04280000000000006,,,,,,
CHEMBL161,,,,,,,,8.6,,,,,
CHEMBL1610495,,,,,,,0.013900000000000023,,,,,,
CHEMBL1610669,,,,150.0,89.9999900000011,,0.0676000000000001,,51.29,184.64399999999998,45.57310692072267,,
CHEMBL1614636,,,,,,,,0.65,,,,,
CHEMBL1614637,,,,,,,,0.91,,,,,
CHEMBL1614639,,,,,,,,5.9,,,,,
CHEMBL1614640,,,,,,,,730.0,,,,,
CHEMBL1614644,,,,,,,,1.8,,,,,
CHEMBL1614647,,,,,,,,9.3,,,,,
CHEMBL1614648,,,,,,,,8.4,,,,,
CHEMBL1614650,,,,,,,,6.7,,,,,
CHEMBL1614651,,,,,,,,32.0,,,,,
CHEMBL1614652,,,,,,,,1.2,,,,,
CHEMBL1614654,,,,,,,,4.4,,,,,
CHEMBL1614655,,,,,,,,11.0,,,,,
CHEMBL1614656,,,,,,,,34.0,,,,,
CHEMBL1614658,,,,,,,,1.6,,,,,
CHEMBL1614659,,,,,,,,1.6,,,,,
CHEMBL1614660,,,,,,,,1.3,,,,,
CHEMBL1614662,,,,,,,,9.4,,,,,
CHEMBL1614663,,,,,,,,1.9,,,,,
CHEMBL1614664,,,,,,,,20.0,,,,,
CHEMBL1614667,,,,,,,,20.0,,,,,
CHEMBL1614705,,,,3.0,89.99950000277776,,0.2531,,3.0,10.799999999999999,5.094339622641509,,
CHEMBL1619,,,,,,,,16.0,,,,,
CHEMBL1621884,,,,,,,0.26639999999999997,,,,,,
CHEMBL162203,,,,,,,0.011099999999999999,,,,,,
CHEMBL1622829,,,,36.31,89.99995868908535,,,,,,,,
CHEMBL1624302,,,,19.05,89.9999212599114,,0.007399999999999962,,,,,,
CHEMBL1625921,,,,,,,0.10950000000000004,,,,,,
CHEMBL1628227,,,,,,,0.23609999999999998,15.0,,,,,
CHEMBL1628691,,,,150.0,89.9999900000011,,,,150.0,539.9999999999999,67.5,,
CHEMBL1630742,,,,74.13,89.99997976528176,,0.3599,,,,,,
CHEMBL1631095,,,,,,,0.03280000000000005,,,,,,
CHEMBL1631889,,,,,,,,,35.0,125.99999999999997,37.05882352941176,,
CHEMBL163870,,,,,,,0.10089999999999999,,,,,,
CHEMBL1643,,,,,,,,45.0,,,,,
CHEMBL1643194,,,,15.0,89.99990000011111,,0.0012999999999999678,,6.0,21.599999999999998,9.642857142857142,,
CHEMBL1643199,,,,20.0,89.9999250000625,,,,15.0,53.99999999999999,20.769230769230766,,
CHEMBL1643200,,,,31.0,89.99995161292924,,,,11.0,39.599999999999994,16.22950819672131,,
CHEMBL1643349,,,,3.0,89.99950000277776,,,,,,,,
CHEMBL1644,,,,3.0,89.99950000277776,,,1.1,,,,,
CHEMBL1644331,,,,,,,,,61.0,219.6,49.45945945945946,,
CHEMBL1644374,,,,150.0,89.9999900000011,,,,150.0,539.9999999999999,67.5,,
CHEMBL1645105,,,,,,,0.0383,,7.76,27.936,12.09141274238227,,
CHEMBL1645107,,,,29.51,89.99994916980167,,0.1189,,20.42,73.512,26.09769951718262,,
CHEMBL1645135,,,,13.18,89.9998861913427,,0.013299999999999979,,15.85,57.06,21.662870159453306,,
CHEMBL1645392,,,,19.05,89.9999212599114,,0.07519999999999993,,60.26,216.936,49.18737529475784,,
CHEMBL1645462,,,214.0,,,,,,,,,,Cc1c(NC(=O)OC[C@@H]2COCCN2)cn2ncnc(Nc3ccc4c(cnn4Cc4cccc(F)c4)c3)c12
CHEMBL1645494,,,,3.0,89.99950000277776,,,,3.0,10.799999999999999,5.094339622641509,,
CHEMBL1645495,,,,50.0,89.99997000001001,,0.0051000000000001044,,,,,,
CHEMBL1645496,,,,46.0,89.99996739131616,,0.026800000000000046,,,,,,
CHEMBL1646,,,,,,,,0.065,,,,,
CHEMBL1648,,,,,,,,3.3,,,,,
CHEMBL1650697,,,,,,,0.47119999999999995,,,,,,
CHEMBL1650698,,,,,,,0.2238,,,,,,
CHEMBL1650723,,,,,,,0.12129999999999996,,,,,,
CHEMBL1650724,,,,,,,0.05680000000000007,,,,,,
CHEMBL1650725,,,,,,,0.2801,,,,,,
CHEMBL1650726,,,,,,,0.2487999999999999,,,,,,
CHEMBL1650728,,,,,,,0.12379999999999991,,,,,,
CHEMBL1650729,,,,,,,0.08540000000000003,,,,,,
CHEMBL1650730,,,,,,,0.10510000000000008,,,,,,
CHEMBL1650731,,,,,,,0.21989999999999998,,,,,,
CHEMBL1650732,,,,,,,0.5402,,,,,,
CHEMBL1650733,,,,,,,0.08360000000000001,,,,,,
CHEMBL1650734,,,,,,,0.2279000000000001,,,,,,
CHEMBL1650735,,,,,,,0.27549999999999997,,,,,,
CHEMBL1650736,,,,,,,0.2531,,,,,,
CHEMBL1650737,,,,,,,0.07840000000000003,,,,,,
CHEMBL1652621,,,,,,,0.054400000000000004,,,,,,
CHEMBL165330,,,,,,,0.37060000000000004,,,,,,
CHEMBL165790,,,,109.65,89.99998632011152,,0.005299999999999971,,,,,,
CHEMBL165840,,,0.002,,,,,,,,,,CCN(CC)CCN(Cc1ccc(-c2ccc(C(F)(F)F)cc2)cc1)C(=O)Cn1cc(CO)c(=O)nc1SCc1ccc(F)cc1
CHEMBL166175,,,18800000.0,,,,,,,,,,CCC(C)[C@H](NC(=O)[C@@H](C[C@H](O)[C@H](CC1CCCCC1)NC(=O)OC(C)(C)C)C(C)C)C(=O)NCc1ccccn1
CHEMBL1668935,,,,,,,0.2895,,,,,,
CHEMBL1669154,,,,95.5,89.99998429319646,,,,,,,,
CHEMBL1669155,,,,95.5,89.99998429319646,,,,,,,,
CHEMBL1669156,,,,27.54,89.99994553380202,,,,,,,,
CHEMBL1669157,,,,18.62,89.9999194415329,,,,,,,,
CHEMBL1669158,,,,51.29,89.99997075454255,,,,,,,,
CHEMBL1669159,,,,87.1,89.99998277841891,,,,,,,,
CHEMBL1669160,,,,150.0,89.9999900000011,,,,,,,,
CHEMBL1669161,,,,83.18,89.99998196682256,,,,,,,,
CHEMBL1669162,,,,3.0,89.99950000277776,,,,,,,,
CHEMBL1669163,,,,43.65,89.99996563575195,,,,,,,,
CHEMBL1669164,,,,5.5,89.99972727355372,,,,,,,,
CHEMBL1669170,,,,123.03,89.9999878078534,,,,,,,,
CHEMBL166937,,,,,,,,1.0,,,,,
CHEMBL1671897,,,,,,,0.006599999999999939,,,,,,
CHEMBL1671971,,,,,,,0.0004999999999999449,,,,,,
CHEMBL1672,,,,3.0,89.99950000277776,,0.4655,,,,,,
CHEMBL1672434,,,,39.0,89.99996153847798,,,,16.0,57.599999999999994,21.818181818181817,,
CHEMBL1679,,,,,,,,1.3,,,,,
CHEMBL1681882,,,,38.0,89.9999605263331,,,,11.0,39.599999999999994,16.22950819672131,,
CHEMBL1683025,,,,,,,0.04469999999999996,,,,,,
CHEMBL1683026,,,,,,,0.03280000000000005,,,,,,
CHEMBL1683027,,,,,,,0.031299999999999994,,,,,,
CHEMBL1683028,,,,,,,0.02190000000000003,,,,,,
CHEMBL1683029,,,,,,,0.011900000000000022,,,,,,
CHEMBL1683030,,,,,,,0.0383,,,,,,
CHEMBL1683031,,,,,,,0.015999999999999903,,,,,,
CHEMBL1683032,,,,,,,0.10730000000000006,,,,,,
CHEMBL1683033,,,,,,,0.019100000000000006,,,,,,
CHEMBL1683035,,,,16.0,89.99990625009765,,0.0948,,33.0,118.79999999999998,35.78313253012048,,
CHEMBL1683036,,,,,,,0.06330000000000002,,,,,,
CHEMBL1683037,,,,,,,0.07050000000000001,,,,,,
CHEMBL1683038,,,,,,,0.07840000000000003,,,,,,
CHEMBL1683934,,,,25.33,89.99994078172077,,0.1189,,19.5,70.19999999999999,25.251798561151077,,
CHEMBL1684954,,,,,,,0.0040999999999999925,,,,,,
CHEMBL1684984,,,,4.1850000000000005,89.99961033701788,,,,,,,,
CHEMBL168634,,,,6.17,89.99975688882526,,0.08360000000000001,,14.13,50.868,19.830032745984717,,
CHEMBL1687,,,,,,,,2.0,,,,,
CHEMBL1688458,,,,123.86,89.99998732501209,,,,4.9,17.64,8.032786885245903,,
CHEMBL168899,,,,7.94,89.99981108351997,,0.1795,,5.13,18.468,8.37475058951569,,
CHEMBL1689109,,,,3.0,89.99950000277776,,0.0383,,3.6,12.959999999999999,6.044776119402984,,
CHEMBL1689110,,,,3.0,89.99950000277776,,,,6.33,22.787999999999997,10.113616190307116,,
CHEMBL1689111,,,,6.0,89.99966666820987,,0.006700000000000039,,5.0,18.0,8.181818181818182,,
CHEMBL1689112,,,,3.0,89.99950000277776,,,,4.7,16.919999999999998,7.7330895795246795,,
CHEMBL1689114,,,,5.0,89.999700001,,,,3.0,10.799999999999999,5.094339622641509,,
CHEMBL1689115,,,,18.0,89.99991666674383,,0.15700000000000003,,5.0,18.0,8.181818181818182,,
CHEMBL1689116,,,,3.0,89.99950000277776,,,,3.0,10.799999999999999,5.094339622641509,,
CHEMBL1689117,,,,3.0,89.99950000277776,,0.010099999999999998,,11.0,39.599999999999994,16.22950819672131,,
CHEMBL1689119,,,,3.0,89.99950000277776,,0.02739999999999998,,5.0,18.0,8.181818181818182,,
CHEMBL1689120,,,,7.48,89.99979946568746,,0.0051000000000001044,,8.0,28.799999999999997,12.413793103448272,,
CHEMBL1689122,,,,7.0,89.99978571479592,,,,3.0,10.799999999999999,5.094339622641509,,
CHEMBL1689123,,,,4.0,89.99962500156249,,0.006900000000000017,,9.0,32.400000000000006,13.728813559322036,,
CHEMBL1689124,,,,10.0,89.99985000025,,,,11.0,39.599999999999994,16.22950819672131,,
CHEMBL1689125,,,,20.0,89.9999250000625,,,,3.0,10.799999999999999,5.094339622641509,,
CHEMBL1689126,,,,3.5,89.99956250217014,,0.0262,,3.0,10.799999999999999,5.094339622641509,,
CHEMBL1689127,,,,3.0,89.99950000277776,,0.02870000000000006,,3.0,10.799999999999999,5.094339622641509,,
CHEMBL1689128,,,,3.0,89.99950000277776,,0.01870000000000005,,3.0,10.799999999999999,5.094339622641509,,
CHEMBL1689129,,,,13.0,89.99988461553255,,,,7.0,25.2,11.05263157894737,,
CHEMBL1689130,,,,12.0,89.99987500017362,,,,3.0,10.799999999999999,5.094339622641509,,
CHEMBL1689133,,,,3.85,89.99959042748665,,0.025600000000000067,,3.0,10.799999999999999,5.094339622641509,,
CHEMBL1689134,,,,17.0,89.99991176479239,,,,3.0,10.799999999999999,5.094339622641509,,
CHEMBL1689135,,,,8.25,89.99969444590192,,,,3.0,10.799999999999999,5.094339622641509,,
CHEMBL1689136,,,,3.0,89.99950000277776,,,,3.0,10.799999999999999,5.094339622641509,,
CHEMBL1689137,,,,8.85,89.99983046008958,,,,3.0,10.799999999999999,5.094339622641509,,
CHEMBL169526,,,,,,,0.022399999999999975,,,,,,
CHEMBL1698351,,,,,,,0.0043000000000000815,,,,,,
CHEMBL169901,,,,3.98,89.99962311715612,,,,,,,,
CHEMBL170,,,,,,,,11.0,,,,,
CHEMBL1703518,,,,150.0,89.9999900000011,,0.0034999999999999476,,150.0,539.9999999999999,67.5,,
CHEMBL170551,,,1200000.0,,,,,,,,,,CC[C@H](C)[C@H](NC(=O)[C@@H](C[C@H](O)[C@H](CC1CCCCC1)NC(C)=O)C(C)C)C(=O)NCc1ccccn1
CHEMBL1709327,,,,,,,0.1864,,,,,,
CHEMBL17157,,,,60.885,89.99996975668452,,0.008400000000000074,,95.5,343.79999999999995,59.072164948453604,,
CHEMBL1718800,,,,,,,0.0030999999999999917,,,,,,
CHEMBL171951,,,,3.0,89.99950000277776,,0.16959999999999997,,9.77,35.172,14.711393675757067,,
CHEMBL1724416,,,,,,,0.02090000000000003,,,,,,
CHEMBL1725,,,,,,,,2.6,,,,,
CHEMBL1726,,,,,,,,11.0,,,,,
CHEMBL1727,,,,,,,,0.57,,,,,
CHEMBL172714,,,,,,,0.050999999999999934,,,,,,
CHEMBL1730,,,,,,,,1.2,,,,,
CHEMBL1731,,,,,,,,1.2,,,,,
CHEMBL1733,,,,,,,,2.3,,,,,
CHEMBL1734,,,,,,,,52.0,,,,,
CHEMBL1734492,,,,34.375,89.99993200347208,,0.030000000000000027,,27.54,99.14399999999999,31.96543719370647,,
CHEMBL1735,,,826.5,,,,,,,,,,CC(C)(C)NC(=O)[C@@H]1CN(Cc2cccnc2)CCN1C[C@@H](O)C[C@@H](Cc1ccccc1)C(=O)N[C@H]1c2ccccc2C[C@H]1O.O=S(=O)(O)O
CHEMBL17350,,,,,,,,3.7,,,,,
CHEMBL1735467,,,,,,,0.13150000000000006,,,,,,
CHEMBL17357,,,,150.0,89.9999900000011,,,,,,,,
CHEMBL1736,,,,,,,,1.3,,,,,
CHEMBL173706,,,,77.285,89.99983088681351,,0.5966,,,,,,
CHEMBL1738,,,,,,,,2.5,,,,,
CHEMBL1738761,,,,,,,,,4.0,14.399999999999999,6.666666666666665,,
CHEMBL1738764,,,,53.7,89.99997206704778,,0.04090000000000005,,150.0,539.9999999999999,67.5,,
CHEMBL1738797,,,,5.01,89.9997005997984,,,,,,,,
CHEMBL1738840,,,,18.89,89.99992059297637,,,,3.0,10.799999999999999,5.094339622641509,,
CHEMBL1739,,,,,,,,5.1,,,,,
CHEMBL1739708,,,,,,,,,19.0,68.39999999999999,24.782608695652172,,
CHEMBL174,,,,,,,,1.4,,,,,
CHEMBL1740000,,,,,,,0.02290000000000003,,,,,,
CHEMBL1741,,,,,,,,2.8,,,,,
CHEMBL174107,,,,70.79,89.99997881057146,,0.6660999999999999,,11.48,41.327999999999996,16.805465191932335,,
CHEMBL174310,,,,,,,0.28469999999999995,,,,,,
CHEMBL1743245,,,,51.0,89.9999705882449,,,,4.0,14.399999999999999,6.666666666666665,,
CHEMBL1747,,,,,,,,2.0,,,,,
CHEMBL1751,,,,,,,,38.0,,,,,
CHEMBL1752,,,,,,,,1.7,,,,,
CHEMBL1753,,,,,,,,2.1,,,,,
CHEMBL1754,,,,,,,,4.1,,,,,
CHEMBL175449,,,7.41e-06,,,,,,,,,,Cc1nccn1-c1ccc(NC(=O)c2cc(C(F)(F)F)nn2-c2ccc3onc(N)c3c2)c(F)c1
CHEMBL1755,,,,,,,,6.7,,,,,
CHEMBL1756,,,,,,,,2.4,,,,,
CHEMBL1757,,,,,,,,1.9,,,,,
CHEMBL1760,,,1.4,,,,,15.0,,,,,CC(C)(C)NCC(O)c1cc(O)cc(O)c1
CHEMBL1761322,,,,3.0,89.99950000277776,,,,3.0,10.799999999999999,5.094339622641509,,
CHEMBL1761870,,,,10.72,89.99986007484442,,0.07680000000000009,,,,,,
CHEMBL1762,,,,,,,,12.0,,,,,
CHEMBL1762528,,,,,,,0.09680000000000011,,,,,,
CHEMBL1762530,,,,31.62,89.99995256169484,,0.0818000000000001,,,,,,
CHEMBL1762538,,,,,,,0.05559999999999998,,,,,,
CHEMBL1763,,,,,,,,5.2,,,,,
CHEMBL1764,,,,,,,,30.0,,,,,COc1ccc2c(c1)N(C[C@H](C)CN(C)C)c1ccccc1S2
CHEMBL176494,,,3.32e-06,,,,,,,,,,CCc1nccn1-c1ccc(NC(=O)c2cc(C(F)(F)F)nn2-c2ccc3onc(N)c3c2)c(F)c1
CHEMBL1766081,,,,,,,0.007900000000000018,,,,,,
CHEMBL1766779,,,,19.05,89.9999212599114,,,,4.17,15.011999999999999,6.928189034520952,,
CHEMBL1766793,,,,20.89,89.99992819536604,,,,10.0,36.0,15.0,,
CHEMBL177,,,,,,,,2.4,,,,,
CHEMBL1770297,,,,27.0,89.99994444447874,,,,37.0,133.2,38.275862068965516,,
CHEMBL1770298,,,,70.0,89.99997857143367,,0.0043000000000000815,,43.0,154.79999999999998,41.61290322580645,,
CHEMBL1770464,,,,,,,0.007000000000000006,,,,,,
CHEMBL1770469,,,,74.0,89.99997972973429,,0.39780000000000004,,31.0,111.60000000000001,34.44444444444444,,
CHEMBL1770471,,,,150.0,89.9999900000011,,,,63.0,226.8,50.176991150442475,,
CHEMBL1770475,,,,150.0,89.9999900000011,,,,150.0,539.9999999999999,67.5,,
CHEMBL1770476,,,,21.0,89.99992857148526,,,,17.0,61.2,22.83582089552239,,
CHEMBL1770477,,,,46.0,89.99996739131616,,,,150.0,539.9999999999999,67.5,,
CHEMBL1771,,,,137.0,89.99998905109622,,0.013599999999999945,,150.0,539.9999999999999,67.5,,
CHEMBL1773082,,,,6.17,89.99975688882526,,0.03579999999999994,,,,,,
CHEMBL1773254,,,,139.41,89.999989177924,,,,3.0,10.799999999999999,5.094339622641509,,
CHEMBL1774056,,,,,,,0.053199999999999914,,,,,,
CHEMBL1775161,,,,,,,0.019100000000000006,,,,,,
CHEMBL177756,,,,,,,0.18989999999999996,1.6,,,,,
CHEMBL1777822,,,,,,,,,3.0,10.799999999999999,5.094339622641509,,
CHEMBL1778612,,,,,,,0.0040999999999999925,,3.0,10.799999999999999,5.094339622641509,,
CHEMBL1778616,,,,,,,,,3.0,10.799999999999999,5.094339622641509,,
CHEMBL1778617,,,,,,,,,9.0,32.400000000000006,13.728813559322036,,
CHEMBL1778618,,,,,,,,,6.0,21.599999999999998,9.642857142857142,,
CHEMBL1778620,,,,,,,,,3.0,10.799999999999999,5.094339622641509,,
CHEMBL1778621,,,,,,,0.0676000000000001,,3.0,10.799999999999999,5.094339622641509,,
CHEMBL1778622,,,,,,,,,134.0,482.40000000000003,65.54347826086956,,
CHEMBL1778623,,,,,,,0.012199999999999989,,9.0,32.400000000000006,13.728813559322036,,
CHEMBL1778624,,,,,,,,,11.0,39.599999999999994,16.22950819672131,,
CHEMBL1778625,,,,,,,,,12.0,43.199999999999996,17.419354838709676,,
CHEMBL1778627,,,,,,,,,13.0,46.8,18.57142857142857,,
CHEMBL1778628,,,,3.0,89.99950000277776,,0.013900000000000023,,3.0,10.799999999999999,5.094339622641509,,
CHEMBL1778629,,,,,,,,,12.0,43.199999999999996,17.419354838709676,,
CHEMBL1778630,,,,,,,,,3.0,10.799999999999999,5.094339622641509,,
CHEMBL1778633,,,,,,,,,3.0,10.799999999999999,5.094339622641509,,
CHEMBL1778635,,,,,,,0.029300000000000104,,3.0,10.799999999999999,5.094339622641509,,
CHEMBL1778636,,,,5.0,89.999700001,,0.007499999999999951,,3.0,10.799999999999999,5.094339622641509,,
CHEMBL1778637,,,,,,,0.04180000000000006,,3.0,10.799999999999999,5.094339622641509,,
CHEMBL1778638,,,,,,,0.023400000000000087,,3.0,10.799999999999999,5.094339622641509,,
CHEMBL1778639,,,,3.5,89.99956250217014,,0.04280000000000006,,3.0,10.799999999999999,5.094339622641509,,
CHEMBL1778641,,,,,,,0.02739999999999998,,3.0,10.799999999999999,5.094339622641509,,
CHEMBL1778642,,,,,,,0.02510000000000001,,10.0,36.0,15.0,,
CHEMBL1778643,,,,,,,0.05680000000000007,,3.0,10.799999999999999,5.094339622641509,,
CHEMBL1778644,,,,3.62,89.99957311529174,,0.048799999999999955,,3.0,10.799999999999999,5.094339622641509,,
CHEMBL1778645,,,,,,,0.0029000000000000137,,3.0,10.799999999999999,5.094339622641509,,
CHEMBL1778646,,,,,,,0.026800000000000046,,3.0,10.799999999999999,5.094339622641509,,
CHEMBL1778647,,,,,,,0.01529999999999998,,4.0,14.399999999999999,6.666666666666665,,
CHEMBL1778649,,,,,,,0.04180000000000006,,3.0,10.799999999999999,5.094339622641509,,
CHEMBL1778652,,,,,,,0.025600000000000067,,3.0,10.799999999999999,5.094339622641509,,
CHEMBL1778653,,,,,,,,,3.0,10.799999999999999,5.094339622641509,,
CHEMBL1779497,,,,,,,,,8.5,30.6,13.076923076923077,,
CHEMBL1779503,,,,,,,0.02510000000000001,,3.0,10.799999999999999,5.094339622641509,,
CHEMBL1779512,,,,5.5,89.99965625158418,,0.5854999999999999,,7.5,26.999999999999996,11.739130434782606,,
CHEMBL178,,,0.3,,,,,,,,,,COc1cccc2c1C(=O)c1c(O)c3c(c(O)c1C2=O)C[C@@](O)(C(C)=O)C[C@@H]3O[C@H]1C[C@H](N)[C@H](O)[C@H](C)O1
CHEMBL1782167,,,,21.0,89.99992857148526,,,,3.0,10.799999999999999,5.094339622641509,,
CHEMBL1783112,,,,6.76,89.99977810705595,,,,7.08,25.488,11.163279607568326,,
CHEMBL1783119,,,,13.8,89.9998913044791,,,,64.57,232.45199999999997,50.72270227808326,,
CHEMBL1783287,,,,4.88,89.9996926240006,,,,,,,,
CHEMBL178720,,,1.6e-05,,,,,,,,,,CNc1cccc(CCOc2ccc3c(CCC(=O)O)csc3c2)n1
CHEMBL178737,,,,38.0,89.9999605263331,,0.1423000000000001,,42.0,151.2,41.086956521739125,,
CHEMBL178835,,,,,,,0.015999999999999903,,,,,,
CHEMBL178859,,,6e-06,,,,,,,,,,O=C(O)CCn1ccc2cc(OCCCNc3ccccn3)ccc21
CHEMBL1789148,,,,,,,,,3.0,10.799999999999999,5.094339622641509,,
CHEMBL1789155,,,,150.0,89.9999900000011,,0.5854999999999999,,,,,,
CHEMBL1789178,,,,150.0,89.9999900000011,,,,,,,,
CHEMBL1789186,,,,,,,0.2895,,3.0,10.799999999999999,5.094339622641509,,
CHEMBL1789187,,,,,,,0.5572999999999999,,3.0,10.799999999999999,5.094339622641509,,
CHEMBL1789224,,,,,,,,,3.0,10.799999999999999,5.094339622641509,,
CHEMBL1789274,,,,142.0,89.99998943662095,,,,26.0,93.6,30.789473684210524,,
CHEMBL1789327,,,,,,,,,3.0,10.799999999999999,5.094339622641509,,
CHEMBL1789328,,,,,,,,,3.0,10.799999999999999,5.094339622641509,,
CHEMBL1789941,,,,,,,0.053199999999999914,,,,,,
CHEMBL1790041,,,2.9499999999999997,3.0,89.99950000277776,,,2.1,3.0,10.799999999999999,5.094339622641509,,CNC(=C[N+](=O)[O-])NCCSCc1ccc(CN(C)C)o1
CHEMBL1790519,,,6.3,,,,,,,,,,CC[C@@H](C)[C@H](C(=O)N[C@@H](Cc1c[nH]c2ccccc12)C(=O)O)N(C)C(=O)[C@@H](NC(=O)[C@@H](CC(=O)O)NC(=O)[C@H](CC(C)C)NC(=O)[C@H](NC(C)=O)C1c2ccccc2CCc2ccccc21)[C@@H](C)CC
CHEMBL179400,,,1.7e-05,,,,,,,,,,CNc1cccc(CCOc2ccc3c(CCC(=O)O)coc3c2)n1
CHEMBL179410,,,0.1,,,,,,,,,,Cc1nccn1-c1ccc(NC(=O)c2cc(C(F)(F)F)nn2-c2ccc3onc(N)c3c2)c(C#N)c1
CHEMBL179665,,,23.0,,,,,,,,,,Nc1noc2ccc(-n3nc(C(F)(F)F)cc3C(=O)Nc3ccc(-n4ccnc4CN4CCCC4)cc3F)cc12
CHEMBL1797387,,,,,,,0.0020000000000000018,,,,,,
CHEMBL1797410,,,,,,,0.009000000000000008,,,,,,
CHEMBL179964,,,4.69e-06,,,,,,,,,,Cn1ccnc1-c1ccc(NC(=O)c2cc(C(F)(F)F)nn2-c2ccc3onc(N)c3c2)c(F)c1
CHEMBL18,,,0.0129,,,,,,,,,,CCOc1ccc2nc(S(N)(=O)=O)sc2c1
CHEMBL1800472,,,,43.0,89.99996511629259,,,,35.0,125.99999999999997,37.05882352941176,,
CHEMBL180049,,,34.0,,,,,,,,,,CCOC1CCN(C2CN(CC[C@]3(c4ccc(Cl)c(Cl)c4)CCC(=O)N(CC4CC4)C3)C2)CC1
CHEMBL1800526,,,,16.1,89.9997397641666,,0.04090000000000005,,23.5,84.6,28.775510204081627,,
CHEMBL1800528,,,,3.0,89.99950000277776,,0.19709999999999994,,3.0,10.799999999999999,5.094339622641509,,
CHEMBL1800656,,,,135.0,89.99998888889026,,0.054400000000000004,,82.0,295.2,55.909090909090914,,
CHEMBL1800657,,,,107.0,89.9999859813106,,0.06059999999999999,,150.0,539.9999999999999,67.5,,
CHEMBL1800658,,,,99.0,89.9999848484874,,0.028000000000000025,,60.0,215.99999999999997,49.09090909090908,,
CHEMBL1800659,,,,87.96000000000001,89.99996606483397,,0.053199999999999914,,141.0,507.59999999999997,66.43979057591623,,
CHEMBL1800660,,,,150.0,89.9999900000011,,,,150.0,539.9999999999999,67.5,,
CHEMBL1801504,,,,,,,0.20079999999999998,,,,,,
CHEMBL180155,,,,,,,,,10.0,36.0,15.0,,C=CCN(C(=O)Cc1ccc(S(C)(=O)=O)cc1)C1CCN(CCC(c2ccccc2)c2ccccc2)CC1
CHEMBL180184,,,,,,,,,4.0,14.399999999999999,6.666666666666665,,
CHEMBL1801962,,,,150.0,89.9999900000011,,0.0009000000000000119,,150.0,539.9999999999999,67.5,,
CHEMBL180334,,,,,,,,,3.0,10.799999999999999,5.094339622641509,,
CHEMBL1807817,,,,150.0,89.9999900000011,,,,75.0,269.99999999999994,54.0,,
CHEMBL1807818,,,,113.0,89.99998672566568,,,,33.0,118.79999999999998,35.78313253012048,,
CHEMBL1807820,,,,49.89,89.99994043228057,,0.006700000000000039,,70.0,251.99999999999994,52.5,,
CHEMBL1807821,,,,30.5,89.99973707035812,,,,9.0,32.400000000000006,13.728813559322036,,
CHEMBL1807822,,,,118.0,89.99998728813739,,,,35.0,125.99999999999997,37.05882352941176,,
CHEMBL1807823,,,,6.0,89.99966666820987,,0.47119999999999995,,5.0,18.0,8.181818181818182,,
CHEMBL1807824,,,,,,,,,68.0,244.8,51.86440677966102,,
CHEMBL1807825,,,,8.0,89.99981250039062,,,,75.0,269.99999999999994,54.0,,
CHEMBL1807826,,,,6.0,89.99975000069445,,,,13.0,46.8,18.57142857142857,,
CHEMBL1807827,,,,5.0,89.99964285878684,,0.15700000000000003,,8.0,28.799999999999997,12.413793103448272,,
CHEMBL1807829,,,,11.22,89.99971142117505,,0.05940000000000001,,10.5,37.8,15.619834710743799,,
CHEMBL1807849,,,,,,,0.2279000000000001,,,,,,
CHEMBL1807851,,,,,,,0.2487999999999999,,,,,,
CHEMBL1807860,,,,,,,0.04469999999999996,,,,,,
CHEMBL1807869,,,,,,,,,20.0,72.0,25.714285714285715,,
CHEMBL1807870,,,,12.0,89.99987500017362,,,,11.0,39.599999999999994,16.22950819672131,,
CHEMBL1807871,,,,,,,,,35.0,125.99999999999997,37.05882352941176,,
CHEMBL1807872,,,,3.0,89.99950000277776,,,,3.0,10.799999999999999,5.094339622641509,,
CHEMBL1809045,,,,23.99,89.99993747399091,,,,,,,,
CHEMBL1809057,,,,19.95,89.99992481209289,,,,,,,,
CHEMBL1809058,,,,13.8,89.9998913044791,,,,,,,,
CHEMBL1809069,,,,12.3,89.99987804894573,,,,,,,,
CHEMBL1809071,,,,12.59,89.9998808579814,,,,,,,,
CHEMBL181,,,,,,,,48.0,,,,,
CHEMBL18116,,,,,,,,1.6,,,,,
CHEMBL1813048,,,,,,,0.011900000000000022,,,,,,
CHEMBL1818187,,,,,,,0.0008000000000000229,,,,,,
CHEMBL1818218,,,,89.13,89.99998317065275,,,,95.5,343.79999999999995,59.072164948453604,,
CHEMBL1818291,,,,,,,0.013900000000000023,,,,,,
CHEMBL1818294,,,,,,,0.06059999999999999,,,,,,
CHEMBL1818295,,,,,,,0.007000000000000006,,,,,,
CHEMBL1818296,,,,,,,0.033499999999999974,,,,,,
CHEMBL1818300,,,,,,,0.030000000000000027,,,,,,
CHEMBL1818302,,,,,,,0.1795,,,,,,
CHEMBL1818303,,,,,,,0.013900000000000023,,,,,,
CHEMBL181913,,,,,,,,,12.0,43.199999999999996,17.419354838709676,,
CHEMBL182,,,0.7,,,,,3.7,,,,,Nc1nc2c(ncn2COC(CO)CO)c(=O)[nH]1
CHEMBL182380,,,,,,,0.3288,,3.0,10.799999999999999,5.094339622641509,,
CHEMBL1823817,,,,4.0,89.99960000188888,,0.4145,,,,,,
CHEMBL1824029,,,,,,,0.11180000000000012,,,,,,
CHEMBL1824030,,,,,,,0.1341,,,,,,
CHEMBL1824031,,,,,,,0.0262,,,,,,
CHEMBL1824035,,,,,,,0.0928,,,,,,
CHEMBL1824036,,,,,,,0.1452,,,,,,
CHEMBL1824037,,,,,,,0.2487999999999999,,,,,,
CHEMBL1824038,,,,,,,0.30390000000000006,,,,,,
CHEMBL1824039,,,,,,,0.02090000000000003,,,,,,
CHEMBL1824040,,,,,,,0.1189,,,,,,
CHEMBL1824041,,,,8.51,89.99982373712547,,0.2279000000000001,,,,,,
CHEMBL1824042,,,,,,,0.07200000000000006,,,,,,
CHEMBL1824043,,,,,,,0.16959999999999997,,,,,,
CHEMBL1824044,,,,,,,0.11180000000000012,,,,,,
CHEMBL1824045,,,,,,,0.005999999999999894,,,,,,
CHEMBL1824832,,,,,,,,,11.48,41.327999999999996,16.805465191932335,,
CHEMBL182600,,,35.0,,,,,,,,,,O=C1CC[C@](CCN2CC(N3CCC(F)CC3)C2)(c2ccc(Cl)c(Cl)c2)CN1CC1CCC(F)(F)CC1
CHEMBL182614,,,6.7,,,,,,,,,,C[C@H](Cc1c[nH]c2c(OS(C)(=O)=O)cccc12)NC[C@H](O)c1cccc(OCc2ccccc2)c1
CHEMBL182682,,,,,,,,,112.0,403.2,62.222222222222214,,
CHEMBL182708,,,0.9,,,,,,,,,,C[C@H](Cc1c[nH]c2c(OS(C)(=O)=O)cccc12)NC[C@H](O)c1cccc(NC(=O)c2ccccc2)c1
CHEMBL182878,,,,,,,,,26.0,93.6,30.789473684210524,,
CHEMBL1829173,,,,15.49,89.99990316343538,,,,,,,,
CHEMBL1829174,,,,7.625,89.99978214343565,,0.0036000000000000476,,5.5,19.799999999999997,8.918918918918918,,
CHEMBL1829763,,,,3.3600000000000003,89.99954838938893,,,,14.13,50.868,19.830032745984717,,
CHEMBL1829783,,,,64.57,89.99997676940356,,,,3.0,10.799999999999999,5.094339622641509,,
CHEMBL1829876,,,,74.13,89.99997976528176,,,,128.82,463.75199999999995,64.83502963874287,,
CHEMBL182997,,,,,,,0.5799000000000001,,,,,,
CHEMBL1830707,,,,36.31,89.99995868908535,,,,,,,,
CHEMBL1831078,,,,,,,,,45.0,161.99999999999997,42.63157894736842,,
CHEMBL1831130,,,,19.5,89.99992307698882,,0.3237000000000001,,8.91,32.076,13.612289933797319,,
CHEMBL1831214,,,,,,,,,27.0,97.2,31.558441558441558,,
CHEMBL1834184,,,,6.08,89.99973707280068,,,,10.96,39.456,16.181102362204726,,
CHEMBL1835918,,,,16.205,89.99984660203118,,0.062000000000000055,,26.33,94.78799999999998,31.04546050045853,,
CHEMBL183630,,,,20.0,89.9999250000625,,,,23.0,82.80000000000001,28.356164383561644,,
CHEMBL184,,,0.2733333333333334,,,,,2.5,,,,,Nc1nc2c(ncn2COCCO)c(=O)[nH]1
CHEMBL184012,,,,,,,0.014899999999999913,,7.0,25.2,11.05263157894737,,
CHEMBL184412,,,,,,,0.0009000000000000119,,,,,,
CHEMBL184584,,,7.0,,,,,,,,,,C[C@H](Cc1c[nH]c2c(OS(C)(=O)=O)cccc12)NC[C@H](O)c1cccc(OS(=O)(=O)c2ccccc2)c1
CHEMBL184721,,,,,,,,,30.33,109.18799999999997,33.98107805303124,,
CHEMBL185,,,,,,,,0.12,,,,,
CHEMBL185073,,,,,,,,1.9,,,,,
CHEMBL1852508,,,,3.0,89.99950000277776,,0.30390000000000006,,3.0,10.799999999999999,5.094339622641509,,
CHEMBL1852688,,,,57.97,89.99996538367662,,,,,,,,
CHEMBL185452,,,10.0,,,,,,,,,,CS(=O)(=O)N1CCN(C2CN(CC[C@]3(c4ccc(Cl)c(Cl)c4)CCC(=O)N(CC4CC4)C3)C2)CC1
CHEMBL185658,,,,,,,,,75.0,269.99999999999994,54.0,,
CHEMBL1857945,,,,23.99,89.99993747399091,,,,11.22,40.391999999999996,16.494609604704344,,
CHEMBL186,,,,,,,,1.9,,,,,
CHEMBL1865796,,,,150.0,89.9999900000011,,,,150.0,539.9999999999999,67.5,,
CHEMBL1868114,,,,147.91,89.999989858699,,0.028000000000000025,,150.0,539.9999999999999,67.5,,
CHEMBL1868126,,,,16.0,89.99990625009765,,,,74.0,266.4,53.70967741935483,,
CHEMBL186995,,,,,,,0.1341,,36.0,129.60000000000002,37.674418604651166,,
CHEMBL1870384,,,,,,,,,19.0,68.39999999999999,24.782608695652172,,
CHEMBL1871428,,,,,,,0.6347,,,,,,
CHEMBL1873475,,,,,,,0.03430000000000011,,150.0,539.9999999999999,67.5,,
CHEMBL1874317,,,,150.0,89.9999900000011,,,,150.0,539.9999999999999,67.5,,
CHEMBL187857,,,,,,,,,83.0,298.8,56.16541353383459,,
CHEMBL1880028,,,,,,,0.020000000000000018,,,,,,
CHEMBL188185,,,,,,,,2.0,,,,,
CHEMBL188705,,,,,,,,,103.0,370.79999999999995,60.58823529411764,,
CHEMBL188921,,,,,,,,3.3,,,,,
CHEMBL189,,,,,,,,0.8,,,,,
CHEMBL1890087,,,,144.54,89.99998962225109,,0.0029000000000000137,,150.0,539.9999999999999,67.5,,
CHEMBL1891338,,,,150.0,89.9999900000011,,0.0026999999999999247,,112.2,403.91999999999996,62.25647348951911,,
CHEMBL189181,,,,,,,,,28.0,100.8,32.30769230769231,,
CHEMBL1892766,,,,,,,,,3.0,10.799999999999999,5.094339622641509,,
CHEMBL189475,,,,3.0,89.99950000277776,,,,3.0,10.799999999999999,5.094339622641509,,
CHEMBL1896341,,,,150.0,89.9999900000011,,,,150.0,539.9999999999999,67.5,,
CHEMBL189963,,,,,,,0.2279000000000001,,,,,,
CHEMBL190,,,,4.375,89.99961956698434,,0.563,7.2,4.79,17.244,7.868224128490601,,
CHEMBL1900528,,,,69.0,89.99974444583401,,0.5229999999999999,,3.0,10.799999999999999,5.094339622641509,,
CHEMBL19019,,,,,,,,1.9,,,,,
CHEMBL190243,,,,6.0,89.99975000069445,,0.3237000000000001,,3.0,10.799999999999999,5.094339622641509,,
CHEMBL1904754,,,,129.0,89.99998837209453,,,,150.0,539.9999999999999,67.5,,
CHEMBL1904775,,,,,,,0.02190000000000003,,,,,,
CHEMBL190558,,,12.8,,,,,,,,,,CN(C)C(=O)Cn1c(-c2ccoc2)c(C2CCCCC2)c2ccc(C(=O)O)cc21
CHEMBL190747,,,,,,,0.0020000000000000018,,43.5,156.6,41.87165775401069,,
CHEMBL1908301,,,,,,,,2.1,,,,,
CHEMBL1908351,,,,,,,,19.0,,,,,
CHEMBL1908353,,,,,,,,150.0,,,,,
CHEMBL1908354,,,,,,,,1.0,,,,,
CHEMBL191,,,1.15,,,,,1.8,,,,,CCCCc1nc(Cl)c(CO)n1Cc1ccc(-c2ccccc2-c2nnn[nH]2)cc1
CHEMBL191003,,,,,,,0.18989999999999996,,,,,,
CHEMBL1914480,,,,,,,0.4655,,,,,,
CHEMBL191528,,,,50.02499999999999,89.99996724604203,,,,,,,,
CHEMBL191553,,,,,,,0.10089999999999999,,12.0,43.199999999999996,17.419354838709676,,
CHEMBL1916024,,,,,,,0.07680000000000009,,,,,,
CHEMBL1916082,,,,47.91,89.99996869130707,,0.013900000000000023,,54.5,196.2,46.9377990430622,,
CHEMBL1916083,,,,64.0,89.9999765625061,,,,14.0,50.4,19.6875,,
CHEMBL1916084,,,,27.0,89.99994444447874,,,,60.0,215.99999999999997,49.09090909090908,,
CHEMBL1916085,,,,48.44,89.99996903386698,,0.017099999999999893,,94.0,338.4,58.74999999999999,,
CHEMBL1916086,,,,40.0,89.99996250001563,,,,150.0,539.9999999999999,67.5,,
CHEMBL1916260,,,,5.29,89.99971644701813,,0.0021999999999999797,,3.0,10.799999999999999,5.094339622641509,,
CHEMBL1916261,,,,56.0,89.99997321429369,,0.007199999999999984,,35.0,125.99999999999997,37.05882352941176,,
CHEMBL1916263,,,,7.0,89.99978571479592,,0.0012999999999999678,,9.0,32.400000000000006,13.728813559322036,,
CHEMBL1916264,,,,56.0,89.99997321429369,,,,72.0,259.20000000000005,53.114754098360656,,
CHEMBL1916266,,,,9.95,89.99984924648368,,,,3.0,10.799999999999999,5.094339622641509,,
CHEMBL1916267,,,,12.0,89.99987500017362,,,,59.0,212.4,48.71559633027523,,
CHEMBL1916269,,,,27.0,89.99994444447874,,,,13.0,46.8,18.57142857142857,,
CHEMBL1916270,,,,52.0,89.9999711538554,,,,27.0,97.2,31.558441558441558,,
CHEMBL1916271,,,,22.25,89.99989962420885,,0.013000000000000012,,137.0,493.19999999999993,65.93582887700535,,
CHEMBL1916272,,,,8.245000000000001,89.99969440471925,,0.004899999999999904,,23.6,84.96000000000001,28.85869565217391,,
CHEMBL1916273,,,,51.0,89.9999705882449,,,,12.0,43.199999999999996,17.419354838709676,,
CHEMBL1916274,,,,12.0,89.99987500017362,,0.0013999999999999568,,38.0,136.79999999999998,38.86363636363637,,
CHEMBL1916275,,,,21.0,89.99992857148526,,,,53.0,190.79999999999998,46.31067961165049,,
CHEMBL1916276,,,,5.0,89.999700001,,,,59.0,212.4,48.71559633027523,,
CHEMBL1916277,,,,17.0,89.99991176479239,,0.006599999999999939,,58.0,208.8,48.33333333333333,,
CHEMBL1916278,,,,14.0,89.99989285727041,,0.0262,,6.0,21.599999999999998,9.642857142857142,,
CHEMBL1916279,,,,18.0,89.99991666674383,,0.008199999999999985,,27.0,97.2,31.558441558441558,,
CHEMBL1916280,,,,17.32,89.99991339500251,,0.005900000000000016,,15.67,56.412,21.475559616263133,,
CHEMBL1916281,,,,7.0,89.99978571479592,,0.012699999999999934,,31.0,111.60000000000001,34.44444444444444,,
CHEMBL1916282,,,,9.57,89.99983097580811,,0.011099999999999999,,39.83,143.38799999999998,39.905376822887675,,
CHEMBL1916283,,,,8.0,89.99981250039062,,0.008099999999999996,,42.0,151.2,41.086956521739125,,
CHEMBL1916284,,,,18.84,89.99992038223603,,0.0043000000000000815,,120.0,431.99999999999994,63.52941176470587,,
CHEMBL1916285,,,,10.0,89.99985000025,,,,9.0,32.400000000000006,13.728813559322036,,
CHEMBL1916286,,,,15.0,89.99990000011111,,0.014899999999999913,,14.0,50.4,19.6875,,
CHEMBL1916287,,,,12.0,89.99987500017362,,,,3.0,10.799999999999999,5.094339622641509,,
CHEMBL1916288,,,,4.5,89.9996250017361,,0.04370000000000007,,5.0,18.0,8.181818181818182,,
CHEMBL1916289,,,,4.005,89.99960030128808,,0.013599999999999945,,10.0,36.0,15.0,,
CHEMBL1916532,,,,138.04,89.99998913358579,,0.17280000000000006,,,,,,
CHEMBL1916533,,,,39.81,89.99996232104064,,,,,,,,
CHEMBL1916534,,,,,,,0.17610000000000003,,,,,,
CHEMBL1916535,,,,,,,0.2531,,,,,,
CHEMBL1916536,,,,,,,0.0948,,,,,,
CHEMBL1916537,,,,,,,0.04180000000000006,,,,,,
CHEMBL1916538,,,,,,,0.25749999999999995,,,,,,
CHEMBL1916539,,,,,,,0.30879999999999996,,,,,,
CHEMBL1916540,,,,,,,0.11409999999999998,,,,,,
CHEMBL1916541,,,,,,,0.4034,,,,,,
CHEMBL1916542,,,,150.0,89.9999900000011,,,,,,,,
CHEMBL1916543,,,,,,,0.27549999999999997,,,,,,
CHEMBL1916545,,,,,,,0.3137000000000001,,,,,,
CHEMBL1916546,,,,35.48,89.9999577226805,,0.1663,,,,,,
CHEMBL1916547,,,,,,,0.4427,,,,,,
CHEMBL1917418,,,,,,,,,7.0,25.2,11.05263157894737,,
CHEMBL1917419,,,,,,,,,3.0,10.799999999999999,5.094339622641509,,
CHEMBL1917421,,,,,,,,,3.0,10.799999999999999,5.094339622641509,,
CHEMBL1917422,,,,,,,,,11.0,39.599999999999994,16.22950819672131,,
CHEMBL1917423,,,,,,,,,3.0,10.799999999999999,5.094339622641509,,
CHEMBL1917424,,,,,,,,,3.0,10.799999999999999,5.094339622641509,,
CHEMBL1917425,,,,,,,,,3.0,10.799999999999999,5.094339622641509,,
CHEMBL1917426,,,,34.0,89.99995588237456,,,,3.0,10.799999999999999,5.094339622641509,,
CHEMBL1917427,,,,,,,,,3.0,10.799999999999999,5.094339622641509,,
CHEMBL1917428,,,,,,,,,4.0,14.399999999999999,6.666666666666665,,
CHEMBL1917430,,,,,,,,,3.0,10.799999999999999,5.094339622641509,,
CHEMBL1917431,,,,,,,0.012699999999999934,,3.0,10.799999999999999,5.094339622641509,,
CHEMBL1917432,,,,,,,0.03500000000000003,,3.0,10.799999999999999,5.094339622641509,,
CHEMBL1917433,,,,4.88,89.99969243802647,,0.010400000000000076,,,,,,
CHEMBL1917434,,,,,,,,,32.0,115.19999999999999,35.12195121951219,,
CHEMBL1917435,,,,,,,,,3.0,10.799999999999999,5.094339622641509,,
CHEMBL1917436,,,,,,,,,36.0,129.60000000000002,37.674418604651166,,
CHEMBL1917438,,,,,,,0.0031999999999999806,,3.0,10.799999999999999,5.094339622641509,,
CHEMBL1917439,,,,,,,,,16.0,57.599999999999994,21.818181818181817,,
CHEMBL1917440,,,,,,,0.012399999999999967,,8.0,28.799999999999997,12.413793103448272,,
CHEMBL1917441,,,,,,,0.0036000000000000476,,12.0,43.199999999999996,17.419354838709676,,
CHEMBL1917442,,,,,,,,,3.0,10.799999999999999,5.094339622641509,,
CHEMBL1917443,,,,3.0,89.99950000277776,,0.008099999999999996,,3.0,10.799999999999999,5.094339622641509,,
CHEMBL1917444,,,,,,,,,3.0,10.799999999999999,5.094339622641509,,
CHEMBL1917445,,,,,,,,,3.0,10.799999999999999,5.094339622641509,,
CHEMBL1917446,,,,,,,0.005199999999999982,,7.0,25.2,11.05263157894737,,
CHEMBL1917447,,,,,,,0.0043000000000000815,,3.0,10.799999999999999,5.094339622641509,,
CHEMBL1917448,,,,,,,0.006299999999999972,,3.0,10.799999999999999,5.094339622641509,,
CHEMBL1917449,,,,,,,0.04280000000000006,,3.0,10.799999999999999,5.094339622641509,,
CHEMBL1917450,,,,3.0,89.99950000277776,,,,3.0,10.799999999999999,5.094339622641509,,
CHEMBL1917454,,,,,,,,,3.0,10.799999999999999,5.094339622641509,,
CHEMBL1917456,,,,3.0,89.99950000277776,,0.03739999999999999,,3.0,10.799999999999999,5.094339622641509,,
CHEMBL1917457,,,,,,,0.12379999999999991,,,,,,
CHEMBL1917458,,,,3.0,89.99950000277776,,,,3.0,10.799999999999999,5.094339622641509,,
CHEMBL1917459,,,,3.0,89.99950000277776,,,,3.0,10.799999999999999,5.094339622641509,,
CHEMBL1917461,,,,,,,,,5.0,18.0,8.181818181818182,,
CHEMBL192,,,,83.3,89.99994981932302,,0.04469999999999996,3.9,131.83,474.588,65.25160864543805,,
CHEMBL1921913,,,,53.0,89.99997169812211,,0.0019000000000000128,,66.0,237.59999999999997,51.206896551724135,,
CHEMBL1921917,,,,82.0,89.99998170732079,,0.4827,,45.0,161.99999999999997,42.63157894736842,,
CHEMBL1921919,,,,36.08,89.99995842573982,,0.7681,,81.0,291.59999999999997,55.64885496183206,,
CHEMBL1921922,,,,,,,0.13950000000000007,,,,,,
CHEMBL1921923,,,,66.0,89.99997727273302,,0.7762,,79.0,284.4,55.11627906976744,,
CHEMBL1921925,,,,65.0,89.99997692308284,,0.0031999999999999806,,72.0,259.20000000000005,53.114754098360656,,
CHEMBL1921926,,,,66.0,89.99997727273302,,0.04280000000000006,,38.0,136.79999999999998,38.86363636363637,,
CHEMBL1921931,,,,60.0,89.99997500000696,,0.007499999999999951,,100.0,360.0,60.0,,
CHEMBL1921936,,,,66.0,89.99997727273302,,0.031299999999999994,,66.0,237.59999999999997,51.206896551724135,,
CHEMBL1921939,,,,77.0,89.99998051948474,,0.02510000000000001,,102.0,367.2,60.39473684210526,,
CHEMBL1921942,,,,64.0,89.9999765625061,,0.01419999999999999,,62.0,223.20000000000002,49.82142857142856,,
CHEMBL1921944,,,,67.0,89.99997761194587,,0.0040000000000000036,,34.0,122.4,36.42857142857143,,
CHEMBL1921946,,,,64.0,89.9999765625061,,0.11650000000000005,,66.0,237.59999999999997,51.206896551724135,,
CHEMBL1922048,,,,39.0,89.99996153847798,,0.12890000000000001,,37.0,133.2,38.275862068965516,,
CHEMBL1922054,,,,150.0,89.9999900000011,,0.07050000000000001,,150.0,539.9999999999999,67.5,,
CHEMBL1922055,,,,110.0,89.99998636363844,,0.020000000000000018,,150.0,539.9999999999999,67.5,,
CHEMBL1922056,,,,55.0,89.99997272728099,,0.023400000000000087,,53.0,190.79999999999998,46.31067961165049,,
CHEMBL1922094,,,,3.0,89.99950000277776,,,,10.96,39.456,16.181102362204726,,
CHEMBL19224,,,,,,,,1.8,,,,,
CHEMBL192244,,,37.449999999999996,,,,,,,,,,Cn1cncc1CN1CC(N(Cc2ccccn2)S(=O)(=O)c2ccccn2)Cc2cc(C#N)ccc21
CHEMBL1922660,,,,6.92,89.99978323751628,,,,9.77,35.172,14.711393675757067,,
CHEMBL192307,,,,,,,0.062000000000000055,,3.0,10.799999999999999,5.094339622641509,,
CHEMBL1923433,,,,,,,0.029300000000000104,,,,,,
CHEMBL19236,,,,3.0,89.99950000277776,,,2.2,,,,,
CHEMBL1924029,,,,,,,0.7801,,,,,,
CHEMBL1924032,,,,38.0,89.9999605263331,,,,41.0,147.6,40.54945054945055,,
CHEMBL1924034,,,,16.0,89.99990625009765,,,,3.0,10.799999999999999,5.094339622641509,,
CHEMBL1924046,,,,101.0,89.9999851485173,,0.08540000000000003,,56.0,201.6,47.54716981132075,,
CHEMBL1924047,,,,76.0,89.99998026316221,,0.02400000000000002,,85.0,306.0,56.666666666666664,,
CHEMBL1924049,,,,130.0,89.99998846153994,,0.008099999999999996,,88.0,316.79999999999995,57.391304347826086,,
CHEMBL1927039,,,,,,,,,45.0,161.99999999999997,42.63157894736842,,
CHEMBL192704,,,59.0,,,,,,,,,,O=C1O[C@]2(CN3CCC2CC3)CN1c1ccc(Cl)s1
CHEMBL1927707,,,,,,,,,30.0,107.99999999999999,33.74999999999999,,
CHEMBL1928257,,,7.0,,,,,,,,,,CCCOc1ccc(S(=O)(=O)N2CCN(CC)CC2)cc1-c1nc2c(CC)n(Cc3ccccn3)nc2c(=O)[nH]1
CHEMBL1929039,,,,19.45,89.99990342281765,,0.2619,,14.45,52.019999999999996,20.178432893716057,,
CHEMBL193,,,,86.195,89.99996150292857,,0.0383,1.9,150.0,539.9999999999999,67.5,,COC(=O)C1=C(C)NC(C)=C(C(=O)OC)C1c1ccccc1[N+](=O)[O-]
CHEMBL193016,,,0.76,,,,,,,,,,O=C1NC[C@@]2(CN3CCC2CC3)O1
CHEMBL193240,,,,150.0,89.9999900000011,,0.0050000000000000044,,5.0,18.0,8.181818181818182,,
CHEMBL1933593,,,,,,,0.34939999999999993,,,,,,
CHEMBL1934266,,,,59.87,89.9999749457227,,0.03500000000000003,,7.5,26.999999999999996,11.739130434782606,,
CHEMBL1934267,,,,6.5,89.99967500151388,,0.04569999999999996,,,,,,
CHEMBL1934268,,,,5.5,89.99972727355372,,0.01629999999999998,,4.2,15.120000000000001,6.974169741697418,,
CHEMBL1934269,,,,18.0,89.99991666674383,,0.01419999999999999,,17.0,61.2,22.83582089552239,,
CHEMBL1934270,,,,53.0,89.99997169812211,,,,37.0,133.2,38.275862068965516,,
CHEMBL1934271,,,,15.0,89.99990000011111,,0.020000000000000018,,43.0,154.79999999999998,41.61290322580645,,
CHEMBL1934413,,,,17.0,89.99991176479239,,0.018299999999999983,,11.0,39.599999999999994,16.22950819672131,,
CHEMBL1934414,,,,8.0,89.99981250039062,,0.021399999999999975,,21.0,75.6,26.619718309859152,,
CHEMBL1934415,,,,8.0,89.99981250039062,,0.022399999999999975,,33.0,118.79999999999998,35.78313253012048,,
CHEMBL1934416,,,,3.0,89.99950000277776,,0.08360000000000001,,6.0,21.599999999999998,9.642857142857142,,
CHEMBL1934417,,,,9.9,89.99984848510356,,0.10089999999999999,,3.9,14.04,6.512059369202226,,
CHEMBL1934418,,,,5.0,89.999700001,,0.053199999999999914,,25.0,90.0,30.0,,
CHEMBL1934419,,,,4.0,89.99962500156249,,0.20829999999999993,,3.0,10.799999999999999,5.094339622641509,,
CHEMBL1934420,,,,3.0,89.99950000277776,,0.45409999999999995,,5.0,18.0,8.181818181818182,,
CHEMBL1934421,,,,3.0,89.99950000277776,,0.11650000000000005,,3.0,10.799999999999999,5.094339622641509,,
CHEMBL1934422,,,,3.0,89.99950000277776,,0.20829999999999993,,7.0,25.2,11.05263157894737,,
CHEMBL1934423,,,,3.0,89.99950000277776,,0.0736,,,,,,
CHEMBL1934426,,,,3.0,89.99950000277776,,0.0736,,3.0,10.799999999999999,5.094339622641509,,
CHEMBL193544,,,,11.0,89.99986363657025,,,,22.0,79.19999999999999,27.499999999999996,,CN1CCC(Oc2cccc3ncnc(Nc4ccc(OCc5ccccn5)c(Cl)c4)c23)CC1
CHEMBL193836,,,,,,,0.05680000000000007,,,,,,
CHEMBL1938400,,,,47.955000000000005,89.99995954861765,,,,150.0,539.9999999999999,67.5,,
CHEMBL1938680,,,,3.0,89.99950000277776,,0.026800000000000046,,,,,,
CHEMBL1938681,,,,,,,0.026800000000000046,,,,,,
CHEMBL1939414,,,,,,,0.3545999999999999,,16.0,57.599999999999994,21.818181818181817,,
CHEMBL1939418,,,,,,,,,15.0,53.99999999999999,20.769230769230766,,
CHEMBL1939560,,,,6.105,89.99974786969055,,0.10950000000000004,,5.25,18.9,8.55203619909502,,
CHEMBL1940652,,,,25.7,89.9999416342791,,,,54.95,197.82,47.122439256788944,,
CHEMBL1940832,,,,3.0,89.99950000277776,,0.28469999999999995,,,,,,
CHEMBL1944690,,,,42.0,89.99996428572845,,,,19.0,68.39999999999999,24.782608695652172,,
CHEMBL1944691,,,,12.5,89.99971591050561,,,,17.0,61.2,22.83582089552239,,
CHEMBL1944692,,,,14.0,89.99989285727041,,,,22.0,79.19999999999999,27.499999999999996,,
CHEMBL1944693,,,,29.0,89.9999482758918,,0.05940000000000001,,19.0,68.39999999999999,24.782608695652172,,
CHEMBL1944694,,,,29.0,89.9999482758918,,0.04469999999999996,,25.0,90.0,30.0,,
CHEMBL1945031,,,,24.0,89.9999375000434,,,,16.0,57.599999999999994,21.818181818181817,,
CHEMBL1945033,,,,6.5,89.99967500151388,,0.17610000000000003,,25.0,90.0,30.0,,
CHEMBL1945034,,,,3.0,89.99950000277776,,,,,,,,
CHEMBL1945035,,,,107.0,89.9999859813106,,,,27.5,98.99999999999999,31.935483870967737,,
CHEMBL1945037,,,,19.0,89.99992105270083,,,,9.0,32.400000000000006,13.728813559322036,,
CHEMBL1945040,,,,,,,,,22.0,79.19999999999999,27.499999999999996,,
CHEMBL1945041,,,,60.0,89.99997500000696,,,,47.0,169.2,43.60824742268041,,
CHEMBL1945044,,,,,,,0.13680000000000003,,35.0,125.99999999999997,37.05882352941176,,
CHEMBL1945289,,,,13.0,89.99988461553255,,,,62.0,223.20000000000002,49.82142857142856,,
CHEMBL1945290,,,,,,,,,44.0,158.39999999999998,42.12765957446808,,
CHEMBL1945291,,,,33.0,89.99995454547751,,,,45.0,161.99999999999997,42.63157894736842,,
CHEMBL1945298,,,,23.0,89.99993478265596,,,,14.0,50.4,19.6875,,
CHEMBL1945299,,,,,,,,,56.0,201.6,47.54716981132075,,
CHEMBL1945883,,,,139.0,89.99998920863439,,,,150.0,539.9999999999999,67.5,,
CHEMBL1947153,,,,29.0,89.9999482758918,,,,27.0,97.2,31.558441558441558,,
CHEMBL1947155,,,,108.0,89.99998611111326,,,,104.5,376.2,60.873786407766985,,
CHEMBL1947157,,,,41.585,89.99984531738684,,,,63.0,226.8,50.176991150442475,,
CHEMBL19490,,,,3.0,89.99950000277776,,,,,,,,
CHEMBL1949685,,,,,,,0.3288,,,,,,
CHEMBL1950720,,,,10.47,89.99985673375241,,0.05680000000000007,,21.38,76.96799999999999,26.957130848977304,,
CHEMBL1950721,,,,,,,0.5115000000000001,,,,,,
CHEMBL1950722,,,,,,,0.4427,,,,,,
CHEMBL1950723,,,,,,,0.3599,,,,,,
CHEMBL1950724,,,,,,,0.661,,,,,,
CHEMBL1950725,,,,,,,0.6712,,,,,,
CHEMBL1950727,,,,,,,0.36529999999999996,,,,,,
CHEMBL1950728,,,,,,,0.3339,,,,,,
CHEMBL1950729,,,,,,,0.5516,,,,,,
CHEMBL1950730,,,,,,,0.376,,,,,,
CHEMBL1950732,,,,,,,0.19709999999999994,,,,,,
CHEMBL1950841,,,,,,,0.2619,,,,,,
CHEMBL1950842,,,,,,,0.5058,,,,,,
CHEMBL1950843,,,,,,,0.26639999999999997,,,,,,
CHEMBL1950844,,,,,,,0.0262,,,,,,
CHEMBL1950845,,,,,,,0.0676000000000001,,,,,,
CHEMBL1950846,,,,,,,0.40890000000000004,,,,,,
CHEMBL1950847,,,,,,,0.5115000000000001,,,,,,
CHEMBL1950848,,,,,,,0.2619,,,,,,
CHEMBL1950849,,,,,,,0.2801,,,,,,
CHEMBL1950850,,,,,,,0.26639999999999997,,,,,,
CHEMBL1950851,,,,,,,0.07840000000000003,,,,,,
CHEMBL1950852,,,,,,,0.25749999999999995,,,,,,
CHEMBL1950855,,,,,,,0.029300000000000104,,,,,,
CHEMBL1950856,,,,,,,0.02290000000000003,,,,,,
CHEMBL1950859,,,,,,,0.2619,,,,,,
CHEMBL1950860,,,,,,,0.0928,,,,,,
CHEMBL1950864,,,,19.95,89.99992481209289,,,,,,,,
CHEMBL1951032,,,,6.31,89.9997622827198,,,,19.95,71.82,25.66833452466047,,
CHEMBL1951072,,,,,,,0.04370000000000007,,,,,,
CHEMBL1951073,,,,,,,0.028000000000000025,,,,,,
CHEMBL1951074,,,,,,,0.30879999999999996,,,,,,
CHEMBL1951075,,,,,,,0.2801,,,,,,
CHEMBL1951077,,,,,,,0.26639999999999997,,,,,,
CHEMBL1951079,,,,,,,0.1864,,,,,,
CHEMBL1951080,,,,,,,0.12629999999999997,,,,,,
CHEMBL1951081,,,,,,,0.029300000000000104,,,,,,
CHEMBL1951164,,,,,,,0.1795,,,,,,
CHEMBL1951165,,,,,,,0.0050000000000000044,,,,,,
CHEMBL1951181,,,,,,,0.12629999999999997,,,,,,
CHEMBL1951182,,,,,,,0.30390000000000006,,,,,,
CHEMBL1951183,,,,,,,0.4034,,,,,,
CHEMBL1951184,,,,,,,0.1509999999999999,,,,,,
CHEMBL1951186,,,,,,,0.1934999999999999,,,,,,
CHEMBL1951187,,,,,,,0.08719999999999994,,,,,,
CHEMBL1951444,,,,67.61,89.99997781393832,,,,,,,,
CHEMBL1951575,,,,6.0,89.99975000069445,,0.0015000000000000568,,3.0,10.799999999999999,5.094339622641509,,
CHEMBL1951893,,,,,,,,,26.33,94.78799999999998,31.04546050045853,,
CHEMBL1951898,,,,,,,,,18.0,64.80000000000001,23.82352941176471,,
CHEMBL1951902,,,,,,,,,21.0,75.6,26.619718309859152,,
CHEMBL1951904,,,,,,,,,150.0,539.9999999999999,67.5,,
CHEMBL1951906,,,,,,,,,30.5,109.8,34.099378881987576,,
CHEMBL1951908,,,,,,,,,27.5,98.99999999999999,31.935483870967737,,
CHEMBL1951909,,,,,,,,,7.5,26.999999999999996,11.739130434782606,,
CHEMBL1951916,,,,,,,,,150.0,539.9999999999999,67.5,,
CHEMBL1951918,,,,,,,,,17.33,62.38799999999999,23.165008168721222,,
CHEMBL1952100,,,,,,,,,17.5,62.999999999999986,23.33333333333333,,
CHEMBL1952147,,,,,,,0.032099999999999906,,,,,,
CHEMBL1952329,,,,,,,0.03909999999999991,,,,,,
CHEMBL195309,,,,,,,0.06900000000000006,,,,,,
CHEMBL1956112,,,,40.74,89.9999631811638,,,,9.33,33.58800000000001,14.153042305747515,,
CHEMBL1956129,,,,3.0,89.99950000277776,,,,,,,,
CHEMBL1956163,,,,150.0,89.9999900000011,,0.015999999999999903,,24.55,88.38000000000001,29.637826961770628,,
CHEMBL1956334,,,,150.0,89.9999900000011,,0.013000000000000012,,16.6,59.76,22.43243243243243,,
CHEMBL1957266,,,,16.6,89.99990963864494,,0.008599999999999941,,,,,,
CHEMBL1957361,,,,,,,0.0006999999999999229,,,,,,
CHEMBL1957363,,,,,,,0.0026000000000000467,,,,,,
CHEMBL1957367,,,,,,,0.0010999999999999899,,,,,,
CHEMBL1957369,,,,,,,0.0008000000000000229,,,,,,
CHEMBL1957370,,,,,,,0.005499999999999949,,,,,,
CHEMBL1957380,,,,,,,0.007000000000000006,,,,,,
CHEMBL1957381,,,,,,,0.0040999999999999925,,,,,,
CHEMBL1957460,,,,,,,0.0013999999999999568,,,,,,
CHEMBL1957462,,,,,,,0.0036000000000000476,,,,,,
CHEMBL1957480,,,,,,,0.011099999999999999,,,,,,
CHEMBL1957481,,,,,,,0.02290000000000003,,,,,,
CHEMBL1957840,,,,24.55,89.99993890024514,,0.036599999999999966,,,,,,
CHEMBL1957841,,,,,,,0.03069999999999995,,,,,,
CHEMBL1957845,,,,,,,0.21989999999999998,,,,,,
CHEMBL1957848,,,,,,,0.10089999999999999,,,,,,
CHEMBL1957851,,,,,,,0.1189,,,,,,
CHEMBL1962788,,,,3.0,89.99950000277776,,,,32.36,116.49599999999998,35.36182612918892,,
CHEMBL1962896,,,,,,,0.1631999999999999,,,,,,
CHEMBL1963131,,,,,,,0.21209999999999996,,,,,,
CHEMBL1963231,,,,119.0,89.99998739495976,,0.2279000000000001,,42.0,151.2,41.086956521739125,,
CHEMBL1963249,,,,26.92,89.99994427938071,,,,,,,,
CHEMBL1963462,,,,128.0,89.99998828125153,,0.42010000000000003,,35.0,125.99999999999997,37.05882352941176,,
CHEMBL196707,,,,5.45,89.9996550648803,,0.07680000000000009,,5.0,18.0,8.181818181818182,,
CHEMBL196945,,,,38.9,89.99996143960522,,,,,,,,O=C(O)C1(c2ccc(-c3ccc(Cl)c(Cl)c3)c(F)c2)CC1
CHEMBL1972466,,,,,,,0.053199999999999914,,,,,,
CHEMBL1975242,,,,150.0,89.9999900000011,,,,3.0,10.799999999999999,5.094339622641509,,
CHEMBL197538,,,3.78,,,,,,,,,,N#Cc1cnc2cnc(NCCN3CCOCC3)cc2c1Nc1ccc(F)c(Cl)c1
CHEMBL197714,,,,,,,,,66.0,237.59999999999997,51.206896551724135,,
CHEMBL197815,,,30.0,,,,,,,,,,CCOC(=O)c1c(NC(=O)NS(=O)(=O)c2ccccc2C(F)(F)F)sc2c1CCC(C)(C)C2
CHEMBL198083,,,30.0,,,,,,,,,,CCOC(=O)c1c(NC(=O)NS(=O)(=O)c2ccccc2OC(F)(F)F)sc2c1CCC(C)(C)C2
CHEMBL198114,,,,,,,,,3.0,10.799999999999999,5.094339622641509,,
CHEMBL198150,,,,,,,,,18.5,66.6,24.30656934306569,,
CHEMBL1981917,,,,13.18,89.9998861913427,,0.05680000000000007,,,,,,
CHEMBL1984039,,,,61.66,89.99997567305232,,,,,,,,
CHEMBL198497,,,,,,,,,3.0,10.799999999999999,5.094339622641509,,
CHEMBL198758,,,,,,,,,3.0,10.799999999999999,5.094339622641509,,
CHEMBL1987793,,,,123.03,89.9999878078534,,,,,,,,
CHEMBL198876,,,239.0,,,,,,,,,,Cc1ccc(C(=O)Nc2ccon2)cc1Nc1ncnc(NC(C)C)c1C#N
CHEMBL199210,,,0.01,,,,,,,,,,N#Cc1cnc2cnc(NCCN3CCOCC3)cc2c1Nc1ccc(Sc2ccccc2)cc1
CHEMBL199403,,,30.0,,,,,,,,,,CCOC(=O)c1c(NC(=O)NS(=O)(=O)c2ccnn2C)sc2c1CCC(C)(C)C2
CHEMBL199454,,,7.7,,,,,,,,,,COc1ccc2[nH]cc(CCNC(=O)CCCCCNc3c4c(nc5ccccc35)CCCC4)c2c1
CHEMBL1994944,,,,,,,0.0676000000000001,,,,,,
CHEMBL199538,,,8.4,,,,,,,,,,O=C(CCCCCNc1c2c(nc3cc(Cl)cc(Cl)c13)CCCC2)NCCc1c[nH]c2ccccc12
CHEMBL1995703,,,,,,,0.07519999999999993,,,,,,
CHEMBL199646,,,30.0,,,,,,,,,,CCOC(=O)c1c(NC(=O)NS(=O)(=O)c2ccccc2)sc2c1CCC(C)(C)C2
CHEMBL199670,,,9.2,,,,,,,,,,O=C(CCCCCCNc1c2c(nc3ccccc13)CCCC2)NCCc1c[nH]c2ccccc12
CHEMBL199748,,,8.0,,,,,,,,,,COc1ccc2[nH]cc(CCNC(=O)CCCCCNc3c4c(nc5cc(Cl)ccc35)CCCC4)c2c1
CHEMBL199861,,,11.0,,,,,,,,,,O=C(CCCCCNc1c2c(nc3ccccc13)CCCC2)NCCc1c[nH]c2ccccc12
CHEMBL199961,,,30.0,,,,,,,,,,CCOC(=O)c1c(NC(=O)NS(=O)(=O)c2nccn2C)sc2c1CCC(C)(C)C2
CHEMBL2,,,,8.695,89.99979793970886,,0.040000000000000036,2.0,,,,,
CHEMBL20,,,0.08145,,,,,13.0,,,,,CC(=O)Nc1nnc(S(N)(=O)=O)s1
CHEMBL2000014,,,,7.94,89.99981108351997,,,,,,,,
CHEMBL200008,,,8.9,,,,,,,,,,COc1ccc2[nH]cc(CCNC(=O)CCCCCNc3c4c(nc5cccc(Cl)c35)CCCC4)c2c1
CHEMBL200381,,,0.1,,,,,,,,,,N#Cc1cnc2cnc(NCc3cccnc3)cc2c1Nc1ccc(F)c(Cl)c1
CHEMBL2010831,,,,,,,0.18989999999999996,,,,,,
CHEMBL2010836,,,,,,,0.08719999999999994,,,,,,
CHEMBL2011112,,,,,,,0.032099999999999906,,,,,,
CHEMBL2011120,,,,,,,0.29900000000000004,,,,,,
CHEMBL2011123,,,,,,,0.3339,,,,,,
CHEMBL2011440,,,,,,,0.0008000000000000229,,10.0,36.0,15.0,,
CHEMBL2011441,,,,3.0,89.99950000277776,,0.0012999999999999678,,3.0,10.799999999999999,5.094339622641509,,
CHEMBL2011895,,,,,,,0.11180000000000012,,,,,,
CHEMBL2011908,,,,,,,0.047699999999999965,,,,,,
CHEMBL2011910,,,,,,,0.0988,,,,,,
CHEMBL2011912,,,,,,,0.026800000000000046,,,,,,
CHEMBL2011917,,,,,,,0.014899999999999913,,,,,,
CHEMBL2011918,,,,,,,0.0383,,,,,,
CHEMBL2011920,,,,,,,0.2279000000000001,,,,,,
CHEMBL2011923,,,,,,,0.21209999999999996,,,,,,
CHEMBL2011924,,,,,,,0.019100000000000006,,,,,,
CHEMBL2011927,,,,,,,0.1341,,,,,,
CHEMBL2011928,,,,,,,0.0262,,,,,,
CHEMBL2011932,,,,,,,0.029300000000000104,,,,,,
CHEMBL2011934,,,,138.04,89.99998913358579,,0.0021999999999999797,,150.0,539.9999999999999,67.5,,
CHEMBL2011938,,,,,,,0.013000000000000012,,,,,,
CHEMBL2011942,,,,,,,0.21589999999999998,,,,,,
CHEMBL2012204,,,,,,,0.03280000000000005,,15.85,57.06,21.662870159453306,,
CHEMBL2016681,,,,5.75,89.99973913119092,,0.04090000000000005,,,,,,
CHEMBL2017259,,,,20.42,89.99992654266525,,0.2895,,6.31,22.716,10.08524240809803,,
CHEMBL2017291,,,,3.3150000000000004,89.99954728185891,,0.023400000000000087,,7.59,27.323999999999995,11.861434276784163,,
CHEMBL2017459,,,,3.0,89.99950000277776,,0.04180000000000006,,,,,,
CHEMBL2017974,,,,9.425,89.99970268282665,,,,,,,,
CHEMBL201799,,,,,,,,,18.0,64.80000000000001,23.82352941176471,,
CHEMBL201816,,,14.0,,,,,,,,,,C[C@@H]1CN([C@@H](c2cccc(F)c2)c2ccc3c(c2)CN(C(=O)CC(=O)O)CC3)[C@@H](C)CN1Cc1ccccc1
CHEMBL2018953,,,,9.88,89.99984817839376,,0.1189,,24.0,86.39999999999999,29.18918918918919,,
CHEMBL2018954,,,,31.0,89.99995161292924,,0.0032999999999999696,,7.0,25.2,11.05263157894737,,
CHEMBL2018964,,,,81.5,89.99993730776683,,0.006599999999999939,,44.0,158.39999999999998,42.12765957446808,,
CHEMBL2018969,,,,32.5,89.9999512500278,,0.013299999999999979,,50.0,180.0,45.0,,
CHEMBL20210,,,,95.37,89.99997659058246,,0.16959999999999997,,104.71,376.956,60.91332169866201,,
CHEMBL2021696,,,,,,,0.04469999999999996,,,,,,
CHEMBL2021706,,,,23.99,89.99993747399091,,0.5115000000000001,,87.1,313.55999999999995,57.17724288840262,,
CHEMBL2021721,,,,,,,0.040000000000000036,,,,,,
CHEMBL2023265,,,,,,,,,3.0,10.799999999999999,5.094339622641509,,
CHEMBL2023489,,,,23.44,89.99993600687144,,0.011099999999999999,,24.55,88.38000000000001,29.637826961770628,,
CHEMBL2023704,,,,,,,,,41.0,147.6,40.54945054945055,,
CHEMBL202478,,,5.0,,,,,,,,,,COc1cccc([C@@H](c2ccc3c(c2)CN(CC(=O)O)CC3)N2C[C@@H](C)N(Cc3ccccc3)C[C@@H]2C)c1
CHEMBL202557,,,30.0,,,,,,,,,,C[C@@H]1CN([C@@H](c2cccc(F)c2)c2ccc3c(c2)CN(CCC(=O)O)CC3)[C@@H](C)CN1Cc1ccccc1
CHEMBL202578,,,1.0,,,,,,,,,,C[C@@H]1CN([C@@H](c2cccc(O)c2)c2ccc3c(c2)CN(CC(=O)O)CC3)[C@@H](C)CN1Cc1ccccc1
CHEMBL202585,,,1.0,,,,,,,,,,C[C@@H]1CN([C@@H](c2cccc(O)c2)c2ccc3c(c2)CN(C(=O)CC(=O)O)CC3)[C@@H](C)CN1Cc1ccccc1
CHEMBL202626,,,,16.22,89.99990752167332,,0.0262,,,,,,O=C(Nc1ccccc1F)NC1N=C(c2ccccc2)c2ccccc2NC1=O
CHEMBL202661,,,5.2,,,,,,,,,,O=C(CCCCCNc1c2c(nc3cccc(Cl)c13)CCCC2)NCCc1c[nH]c2ccccc12
CHEMBL202668,,,6.15,,,,,,,,,,CC(C)C[C@H](NC(=O)c1cc2ccccc2o1)C(=O)N[C@@H]1C(=O)CN(S(=O)(=O)c2ccccn2)CC[C@@H]1C
CHEMBL2028899,,,2.775e-07,,,,,,,,,,O=C(N[C@@H](Cc1ccccc1)C(=O)NCCC(O)(P(=O)(O)O)P(=O)(O)O)[C@@H]1CCCN1
CHEMBL2028900,,,4.925e-07,,,,,,,,,,O=C(N[C@@H](Cc1ccccc1)C(=O)NCCCC(O)(P(=O)(O)O)P(=O)(O)O)[C@@H]1CCCN1
CHEMBL2029721,,,,,,,0.03280000000000005,,,,,,
CHEMBL2029729,,,,,,,0.036599999999999966,,,,,,
CHEMBL2030393,,,,,,,0.050999999999999934,,,,,,
CHEMBL2030402,,,,,,,0.07200000000000006,,,,,,
CHEMBL2030560,,,,3.0,89.99950000277776,,,,3.0,10.799999999999999,5.094339622641509,,
CHEMBL203059,,,,83.11,89.99994876083721,,,,12.59,45.324,18.103530915481706,,
CHEMBL2031221,,,,6.0,89.99975000069445,,,,14.0,50.4,19.6875,,
CHEMBL2031224,,,,,,,,,7.0,25.2,11.05263157894737,,
CHEMBL2031225,,,,,,,,,16.0,57.599999999999994,21.818181818181817,,
CHEMBL2031227,,,,,,,0.3187000000000001,,7.0,25.2,11.05263157894737,,
CHEMBL2031229,,,,,,,,,3.0,10.799999999999999,5.094339622641509,,
CHEMBL2031233,,,,,,,,,4.0,14.399999999999999,6.666666666666665,,
CHEMBL2031235,,,,,,,,,3.0,10.799999999999999,5.094339622641509,,
CHEMBL2031236,,,,,,,,,3.0,10.799999999999999,5.094339622641509,,
CHEMBL2031237,,,,,,,,,3.0,10.799999999999999,5.094339622641509,,
CHEMBL2031238,,,,3.0,89.99950000277776,,,,6.0,21.599999999999998,9.642857142857142,,
CHEMBL2031241,,,,,,,,,7.0,25.2,11.05263157894737,,
CHEMBL203125,,,,3.0,89.99950000277776,,,,3.02,10.872,5.126367408525085,,
CHEMBL2031464,,,,,,,,,5.0,18.0,8.181818181818182,,
CHEMBL2031466,,,,,,,,,3.0,10.799999999999999,5.094339622641509,,
CHEMBL2031467,,,,3.0,89.99950000277776,,,,,,,,
CHEMBL2031556,,,,44.67,89.9999664204289,,,,,,,,
CHEMBL2031559,,,,17.38,89.9999136939838,,,,4.47,16.092,7.38571690838994,,
CHEMBL2031561,,,,29.51,89.99994916980167,,,,,,,,
CHEMBL2031562,,,,23.44,89.99993600687144,,0.02190000000000003,,,,,,
CHEMBL2031563,,,,67.61,89.99997781393832,,,,,,,,
CHEMBL203290,,,28.6,,,,,,,,,,CN(C(=O)COc1ccccc1)c1ccc(C(O)(C(F)(F)F)C(F)(F)F)cc1
CHEMBL2035017,,,,80.7,89.99993933267987,,,,,,,,
CHEMBL2035019,,,,78.88,89.9998983507236,,,,,,,,
CHEMBL2035021,,,,84.1,89.99995379124708,,,,,,,,
CHEMBL2035022,,,,3.72,89.9995967760001,,,,,,,,
CHEMBL2035024,,,,3.0,89.99950000277776,,,,,,,,
CHEMBL2035025,,,,9.61,89.99970376222555,,,,,,,,
CHEMBL2035029,,,,150.0,89.9999900000011,,,,,,,,
CHEMBL2035031,,,,19.5,89.99992307698882,,,,,,,,
CHEMBL2035032,,,,10.23,89.9998533726729,,,,,,,,
CHEMBL2035033,,,,79.56,89.99991276330873,,,,,,,,
CHEMBL2035035,,,,3.0,89.99950000277776,,,,,,,,
CHEMBL2035037,,,,3.31,89.99954683007638,,,,,,,,
CHEMBL2035040,,,,4.0649999999999995,89.99960380303345,,,,,,,,
CHEMBL203535,,,29.9,,,,,,,,,,O=C(Nc1cc(-c2ccnc(Nc3ccccc3)c2)ccn1)C1CCOC1
CHEMBL203567,,,,3.0,89.99950000277776,,,,3.0,10.799999999999999,5.094339622641509,,Nc1c(C(=O)c2cccc(OC[C@@H](O)CO)c2)cnn1-c1ccc(F)cc1
CHEMBL203665,,,4.7,,,,,,,,,,CC(C)C[C@H](NC(=O)c1cc2ccccc2o1)C(=O)N[C@H]1CC[C@@H](C)N(S(=O)(=O)c2ccccn2)CC1=O
CHEMBL2036958,,,,22.83,89.99973242052374,,0.014899999999999913,,3.0,10.799999999999999,5.094339622641509,,
CHEMBL203991,,,38.7,,,,,,,,,,CCN(C(=O)c1ccc(C#N)cc1)c1ccc(C(O)(C(F)(F)F)C(F)(F)F)cc1
CHEMBL204021,,,0.1,,,,,,,,,,CCN(CC)CCN(Cc1ccc(-c2ccc(C(F)(F)F)cc2)cc1)C(=O)Cn1c(SCc2ccc(F)cc2)nc(=O)c2c1CCC2
CHEMBL204109,,,52.0,,,,,,,,,,CC(C)C(=O)N(CCO)c1ccc(C(O)(C(F)(F)F)C(F)(F)F)cc1
CHEMBL204136,,,3.0,,,,,,,,,,C[C@@H]1CN([C@H](c2ccc(-c3ccccc3C(=O)O)cc2)c2cccc(O)c2)[C@@H](C)CN1Cc1ccccc1
CHEMBL2041980,,,,4.79,89.99968684868875,,0.1934999999999999,,6.17,22.212,9.886060174470359,,
CHEMBL2042018,,,,,,,0.18989999999999996,,,,,,
CHEMBL204416,,,8.89,,,,,,,,,,Nc1noc2ccc(-n3nc(C(F)(F)F)cc3C(=O)Nc3ccc(-c4ccccc4CN4CCCCC4)cc3F)cc12
CHEMBL204480,,,1.0,,,,,,,,,,C[C@@H]1CN([C@@H](c2cccc(O)c2)c2ccc3c(c2)CN(CCC(=O)O)CC3)[C@@H](C)CN1Cc1ccccc1
CHEMBL2046990,,,,123.03,89.9999878078534,,,,39.81,143.316,39.89422113350406,,
CHEMBL204716,,,1.0,,,,,,,,,,C[C@@H]1CN([C@@H](c2cccc(O)c2)c2ccc3c(c2)CN(C(=O)C(=O)O)CC3)[C@@H](C)CN1Cc1ccccc1
CHEMBL204825,,,,,,,0.4145,,,,,,
CHEMBL2048500,,,,,,,0.17610000000000003,,,,,,
CHEMBL2048863,,,,,,,0.023400000000000087,,,,,,
CHEMBL2048864,,,,,,,0.07840000000000003,,,,,,
CHEMBL2048865,,,,5.13,89.99970760328914,,,,,,,,
CHEMBL2048866,,,,,,,0.022399999999999975,,,,,,
CHEMBL2048868,,,,,,,0.08360000000000001,,,,,,
CHEMBL2048869,,,,,,,0.052099999999999924,,,,,,
CHEMBL2048870,,,,,,,0.011900000000000022,,,,,,
CHEMBL2048873,,,,8.91,89.99983165014655,,,,8.51,30.635999999999996,13.09007007349171,,
CHEMBL204994,,,3.48,,,,,,,,,,CNCc1ccccc1-c1ccc(NC(=O)c2cc(C(F)(F)F)nn2-c2ccc3onc(N)c3c2)c(F)c1
CHEMBL205078,,,,82.395,89.99994429011855,,,,6.03,21.708000000000002,9.685882562912727,,
CHEMBL205092,,,,,,,0.3137000000000001,,,,,,
CHEMBL205133,,,,,,,,,3.0,10.799999999999999,5.094339622641509,,
CHEMBL205172,,,5.25,,,,,,,,,,CC(C)C[C@H](NC(=O)c1cc2ccccc2o1)C(=O)N[C@H]1C[C@H](C)CN(S(=O)(=O)c2ccccn2)CC1=O
CHEMBL2051955,,,,,,,,1.1,,,,,
CHEMBL2051956,,,,,,,,22.0,,,,,
CHEMBL205245,,,,,,,0.08900000000000008,,,,,,
CHEMBL205288,,,4.64,,,,,,,,,,Nc1noc2ccc(-n3nc(C(F)(F)F)cc3C(=O)Nc3ccc(-c4ccccc4CN4CC[C@H](N)C4)cc3F)cc12
CHEMBL205383,,,0.25,,,,,,,,,,C[N+](C)(C)Cc1ccccc1-c1ccc(NC(=O)c2cc(C(F)(F)F)nn2-c2ccc3onc(N)c3c2)c(F)c1.[Br-]
CHEMBL205462,,,49.7,,,,,,,,,,CCN(CCCCO)C(=O)N(CC)c1ccc(C(O)(C(F)(F)F)C(F)(F)F)cc1
CHEMBL205526,,,,,,,0.0009999999999998899,,33.0,118.79999999999998,35.78313253012048,,
CHEMBL205653,,,2.32,,,,,,,,,,CN1CCN(Cc2ccccc2-c2ccc(NC(=O)c3cc(C(F)(F)F)nn3-c3ccc4onc(N)c4c3)c(F)c2)CC1
CHEMBL2057336,,,,,,,0.052099999999999924,,,,,,
CHEMBL2057371,,,,3.895,89.99959342573325,,0.3288,,5.0,18.0,8.181818181818182,,
CHEMBL2057372,,,,4.195,89.99962876264965,,0.4598,,5.0,18.0,8.181818181818182,,
CHEMBL205742,,,,,,,0.3545999999999999,,39.0,140.39999999999998,39.43820224719101,,
CHEMBL205798,,,3.0,,,,,,,,,,CC(=O)Nc1cccc(C#Cc2cncnc2Nc2ccc(OCc3cccc(F)c3)c(Cl)c2)c1
CHEMBL205807,,,,,,,0.08540000000000003,,107.0,385.2,61.33757961783439,,
CHEMBL2058280,,,,,,,0.06900000000000006,,,,,,
CHEMBL2058529,,,,17.59,89.99991057275334,,0.0020000000000000018,,3.0,10.799999999999999,5.094339622641509,,
CHEMBL2058631,,,,3.0,89.99950000277776,,,,,,,,
CHEMBL2059195,,,,,,,0.02190000000000003,,,,,,
CHEMBL2059196,,,,,,,0.11650000000000005,,,,,,
CHEMBL2059197,,,,,,,0.07680000000000009,,,,,,
CHEMBL2059198,,,,,,,0.2279000000000001,,,,,,
CHEMBL205931,,,68.2,,,,,,,,,,CCN(C(=O)N1CCOCC1)c1ccc(C(O)(C(F)(F)F)C(F)(F)F)cc1
CHEMBL2059374,,,,,,,0.45409999999999995,,,,,,
CHEMBL2059375,,,,,,,0.3599,,,,,,
CHEMBL2059376,,,,,,,0.1481,,,,,,
CHEMBL2059377,,,,,,,0.08900000000000008,,,,,,
CHEMBL2059378,,,,,,,0.04370000000000007,,,,,,
CHEMBL2059859,,,,10.23,89.9998533726729,,,,,,,,
CHEMBL2059860,,,,,,,0.050999999999999934,,,,,,
CHEMBL2059861,,,,,,,0.050999999999999934,,,,,,
CHEMBL2059862,,,,,,,0.02190000000000003,,,,,,
CHEMBL2059863,,,,,,,0.011900000000000022,,,,,,
CHEMBL2059865,,,,,,,0.05940000000000001,,,,,,
CHEMBL2059866,,,,,,,0.0948,,,,,,
CHEMBL2059867,,,,,,,0.032099999999999906,,,,,,
CHEMBL2059868,,,,,,,0.06330000000000002,,,,,,
CHEMBL2059869,,,,,,,0.05559999999999998,,,,,,
CHEMBL2059870,,,,,,,0.017900000000000027,,,,,,
CHEMBL2059872,,,,,,,0.03280000000000005,,,,,,
CHEMBL2059875,,,,,,,0.011099999999999999,,,,,,
CHEMBL2059876,,,,,,,0.017900000000000027,,,,,,
CHEMBL2059909,,,,20.0,89.9999250000625,,0.37060000000000004,,3.0,10.799999999999999,5.094339622641509,,
CHEMBL2059910,,,,3.0,89.99950000277776,,0.3545999999999999,,3.0,10.799999999999999,5.094339622641509,,
CHEMBL206025,,,,,,,,5.2,,,,,
CHEMBL206200,,,,,,,0.20829999999999993,,5.5,19.799999999999997,8.918918918918918,,
CHEMBL206201,,,0.4,,,,,,,,,,O=C(O)CN(C(=O)CCc1ccccc1)c1ccc(C(O)(C(F)(F)F)C(F)(F)F)cc1
CHEMBL206229,,,,,,,,,6.67,24.011999999999997,10.592906299629433,,
CHEMBL2062555,,,,,,,0.048799999999999955,,,,,,
CHEMBL2062556,,,,,,,0.049899999999999944,,,,,,
CHEMBL2062557,,,,,,,0.0676000000000001,,,,,,
CHEMBL2062558,,,,,,,0.054400000000000004,,,,,,
CHEMBL2062559,,,,,,,0.015999999999999903,,,,,,
CHEMBL2062561,,,,,,,0.017900000000000027,,,,,,
CHEMBL2062563,,,,,,,0.013900000000000023,,,,,,
CHEMBL2062564,,,,,,,0.019100000000000006,,,,,,
CHEMBL2062565,,,,,,,0.02510000000000001,,,,,,
CHEMBL2062566,,,,,,,0.02510000000000001,,,,,,
CHEMBL2062567,,,,,,,0.07519999999999993,,,,,,
CHEMBL2062568,,,,,,,0.0262,,,,,,
CHEMBL2062569,,,,,,,0.02090000000000003,,,,,,
CHEMBL2062570,,,,42.66,89.99996483826972,,0.01629999999999998,,,,,,
CHEMBL2062571,,,,21.88,89.99993144429354,,0.12379999999999991,,,,,,
CHEMBL2062572,,,,,,,0.04090000000000005,,,,,,
CHEMBL2062573,,,,,,,0.11180000000000012,,,,,,
CHEMBL2062574,,,,,,,0.05559999999999998,,,,,,
CHEMBL2062575,,,,,,,0.10089999999999999,,,,,,
CHEMBL2062576,,,,,,,0.0676000000000001,,,,,,
CHEMBL2062577,,,,,,,0.02510000000000001,,,,,,
CHEMBL2062578,,,,,,,0.019100000000000006,,,,,,
CHEMBL2062579,,,,,,,0.017900000000000027,,,,,,
CHEMBL2062580,,,,,,,0.013599999999999945,,,,,,
CHEMBL2062582,,,,,,,0.017900000000000027,,,,,,
CHEMBL2062583,,,,12.3,89.99987804894573,,0.011900000000000022,,,,,,
CHEMBL2062584,,,,,,,0.015999999999999903,,,,,,
CHEMBL2062774,,,,18.82,89.99988233416744,,0.0013999999999999568,,30.2,108.71999999999998,33.890274314214466,,
CHEMBL206335,,,5.56,,,,,,,,,,CN(C)Cc1nccn1-c1ccc(NC(=O)c2cc(C(F)(F)F)nn2-c2ccc3onc(N)c3c2)c(F)c1
CHEMBL2064327,,,,,,,0.011900000000000022,,,,,,
CHEMBL206467,,,33.0,,,,,,,,,,COC(=O)N[C@H](C(=O)NN(Cc1ccc(-c2cccnc2)cc1)C[C@@](O)(Cc1ccccc1)C(=O)N[C@H]1c2ccccc2C[C@H]1O)C(C)(C)C
CHEMBL206562,,,32.9,,,,,,,,,,COC(=O)CCCCN(C(=O)N1CCOCC1)c1ccc(C(O)(C(F)(F)F)C(F)(F)F)cc1
CHEMBL206756,,,1.7,,,,,,,,,,O=C(O)CCCCN(C(=O)N1CCOCC1)c1ccc(C(O)(C(F)(F)F)C(F)(F)F)cc1
CHEMBL2068817,,,,,,,0.06900000000000006,,,,,,
CHEMBL2069403,,,,,,,0.04180000000000006,,,,,,
CHEMBL2069411,,,,,,,0.03739999999999999,,,,,,
CHEMBL2069413,,,,,,,0.04090000000000005,,,,,,
CHEMBL2069422,,,,,,,0.013299999999999979,,,,,,
CHEMBL2069423,,,,,,,0.036599999999999966,,,,,,
CHEMBL2069623,,,,150.0,89.9999900000011,,0.047699999999999965,,46.77,168.372,43.49798491267955,,
CHEMBL2070117,,,,,,,0.048799999999999955,,,,,,
CHEMBL207012,,,12.8,,,,,,,,,,NC(=O)c1sc2ncccc2c1N
CHEMBL2070121,,,,,,,0.3390000000000001,,,,,,
CHEMBL2070125,,,,,,,0.06059999999999999,,,,,,
CHEMBL2070137,,,,24.55,89.99993890024514,,0.0010999999999999899,,14.45,52.019999999999996,20.178432893716057,,
CHEMBL2070241,,,,,,,0.7291000000000001,,,,,,
CHEMBL207028,,,9.3,,,,,,,,,,NC(=O)c1sc(-c2ccccc2)cc1N
CHEMBL207071,,,19.3,,,,,,,,,,NC(=O)c1sc(-c2ccc(F)cc2)cc1N
CHEMBL2070938,,,,36.31,89.99995868908535,,,,6.92,24.912,10.941672522839072,,
CHEMBL2070942,,,,150.0,89.9999900000011,,,,150.0,539.9999999999999,67.5,,
CHEMBL2070946,,,,5.25,89.99971428662131,,,,6.76,24.336,10.718816067653275,,
CHEMBL2070947,,,,3.0,89.99950000277776,,,,,,,,
CHEMBL2070950,,,,5.755000000000001,89.9997334751344,,,,17.78,64.008,23.608734139864264,,
CHEMBL2070951,,,,3.0,89.99950000277776,,,,,,,,
CHEMBL2071097,,,,3.0,89.99950000277776,,,,,,,,
CHEMBL2071491,,,,,,,0.04180000000000006,,,,,,
CHEMBL2071493,,,,,,,0.049899999999999944,,,,,,
CHEMBL2071498,,,,,,,0.0928,,,,,,
CHEMBL2071507,,,,,,,0.0262,,,,,,
CHEMBL2071592,,,,,,,0.005999999999999894,,,,,,
CHEMBL2071601,,,,,,,0.011900000000000022,,,,,,
CHEMBL2071614,,,,4.79,89.99968684868875,,0.07200000000000006,,3.0,10.799999999999999,5.094339622641509,,
CHEMBL207197,,,,,,,,2.5,,,,,
CHEMBL207584,,,13.0,,,,,,,,,,COc1cc2ncnc(Nc3cccc(Cl)c3F)c2cc1CN1CCC[C@H]1C(N)=O
CHEMBL207687,,,13.0,,,,,,,,,,COc1cc2ncnc(Nc3cccc(Cl)c3F)c2cc1CN(C)[C@@H](C)C(N)=O
CHEMBL207881,,,599.0,,,,,,,,,,O=C(O)CCc1ccc(NCc2cccc(Oc3ccccc3)c2)cc1
CHEMBL207987,,,6.4,,,,,,,,,,NC(=O)c1nc(-c2ccccc2)oc1N
CHEMBL208114,,,0.2,,,,,,,,,,O=C1CC(c2ccc(C[C@H](NS(=O)(=O)c3ccccc3)c3nc4ccccc4[nH]3)cc2F)S(=O)(=O)[N-]1.[Na+]
CHEMBL208118,,,13.0,,,,,,,,,,COc1cc2ncnc(Nc3cccc(Cl)c3F)c2cc1CN(C)[C@H](C)C(N)=O
CHEMBL208487,,,,,,,,,27.0,97.2,31.558441558441558,,
CHEMBL208604,,,0.1,,,,,,,,,,O=C1C[C@@H](c2ccc(C[C@H](NS(=O)(=O)c3ccccc3)c3nc4ccccc4[nH]3)cc2Cl)S(=O)(=O)[N-]1.[Na+]
CHEMBL2086472,,,,20.51,89.99973027493778,,,,,,,,
CHEMBL2086477,,,,31.63,89.99995255141894,,,,,,,,
CHEMBL2086478,,,,54.239999999999995,89.99995630972325,,,,,,,,
CHEMBL2086675,,,,,,,0.009700000000000042,,,,,,
CHEMBL2087361,,,,12.715,89.99975445553301,,,,,,,,
CHEMBL2087421,,,,,,,0.5799000000000001,,,,,,
CHEMBL2087433,,,,,,,0.4827,,,,,,
CHEMBL208825,,,,,,,0.16000000000000003,,,,,,
CHEMBL2088393,,,,,,,0.050999999999999934,,,,,,
CHEMBL2088413,,,,96.33,89.9999774191354,,0.029300000000000104,,,,,,
CHEMBL2088414,,,,24.55,89.99993890024514,,0.006900000000000017,,,,,,
CHEMBL2088415,,,,15.49,89.99990316343538,,0.0026999999999999247,,,,,,
CHEMBL2089276,,,,52.48,89.99997141769201,,,,,,,,
CHEMBL2089277,,,,8.13,89.99981549853321,,,,,,,,
CHEMBL2089280,,,,19.5,89.99992307698882,,,,,,,,
CHEMBL2089383,,,,26.689999999999998,89.99991245655707,,,,,,,,
CHEMBL208943,,,,,,,0.06610000000000005,,,,,,
CHEMBL20921,,,,,,,0.2619,,59.0,212.4,48.71559633027523,,
CHEMBL2092739,,,,,,,,5.7,,,,,
CHEMBL2094588,,,,,,,0.3390000000000001,,4.0,14.399999999999999,6.666666666666665,,
CHEMBL209573,,,,,,,,,,,,4.0,COc1ccc(N2CC=C(c3ccc(Cl)c(Cl)c3)C2=O)cc1OCCN1CCC(C)CC1
CHEMBL209689,,,,,,,0.004899999999999904,,5.0,18.0,8.181818181818182,,Cc1ccc2c(c1)c(-c1ccnc3c(C)cccc13)c(C)n2CC(=O)O
CHEMBL2097971,,,,150.0,89.9999900000011,,,,138.04,496.94399999999996,66.06892150606254,,
CHEMBL2098096,,,,51.29,89.99997075454255,,,,125.89,453.20400000000006,64.41582807436467,,
CHEMBL2098183,,,,120.23,89.99998752391423,,0.009899999999999909,,150.0,539.9999999999999,67.5,,
CHEMBL2098332,,,,150.0,89.9999900000011,,,,123.03,442.90799999999996,63.99294919956077,,
CHEMBL209918,,,1.0,,,,,,,,,,O=[N+]([O-])c1ccccc1-c1nc2ccccc2[nH]1
CHEMBL2103764,,,,,,,,2.1,,,,,
CHEMBL2103780,,,,,,,,8.6,,,,,
CHEMBL2103828,,,,,,,0.0041999999999999815,,,,,,
CHEMBL2103840,,,,150.0,89.9999900000011,,0.0988,,150.0,539.9999999999999,67.5,,
CHEMBL2103846,,,,150.0,89.9999900000011,,0.004899999999999904,,,,,,
CHEMBL2103856,,,,,,,0.0020999999999999908,,,,,,
CHEMBL2103875,,,,,,,0.009500000000000064,,,,,,
CHEMBL2103876,,,,50.12,89.99997007183757,,,,150.0,539.9999999999999,67.5,,
CHEMBL2105659,,,,50.12,89.99997007183757,,,,,,,,
CHEMBL2105717,,,,4.96,89.99965171300761,,,,,,,,
CHEMBL210597,,,0.21000000000000002,,,,,,,,,,O=C(O)[C@@H]1CCCN1S(=O)(=O)c1cc(Cl)c(Cl)c(Cl)c1O
CHEMBL210730,,,,150.0,89.9999900000011,,,,64.0,230.39999999999998,50.52631578947368,,
CHEMBL2107366,,,,25.7,89.9999416342791,,0.16959999999999997,,24.55,88.38000000000001,29.637826961770628,,
CHEMBL2107486,,,,150.0,89.9999900000011,,,,150.0,539.9999999999999,67.5,,
CHEMBL2107729,,,,,,,,,3.0,10.799999999999999,5.094339622641509,,
CHEMBL2107834,,,,,,,0.08540000000000003,,,,,,
CHEMBL210836,,,0.4,,,,,,,,,,O=C1C[C@@H](c2ccc(C[C@H](NS(=O)(=O)c3ccccc3)c3nc4ccccc4[nH]3)cc2)S(=O)(=O)[N-]1.[Na+]
CHEMBL210884,,,,,,,0.10510000000000008,,3.0,10.799999999999999,5.094339622641509,,
CHEMBL210887,,,,85.11,89.99998237575248,,0.08010000000000006,,112.2,403.91999999999996,62.25647348951911,,
CHEMBL210952,,,,,,,,4.7,,,,,
CHEMBL2110372,,,1.2,,,,,,,,,,CNC(=C[N+](=O)[O-])NCCSCc1ccc(CN(C)C)o1.Cl
CHEMBL2110569,,,,,,,0.20079999999999998,,,,,,
CHEMBL2110579,,,,8.91,89.99983165014655,,,,,,,,
CHEMBL2110732,,,,6.385,89.99967323591082,,0.017900000000000027,,,,,,
CHEMBL2111112,,,,6.46,89.99976780245665,,0.6294,,,,,,
CHEMBL211175,,,,,,,,,18.0,64.80000000000001,23.82352941176471,,
CHEMBL211177,,,,,,,0.1795,,,,,,
CHEMBL211262,,,0.015,,,,,,,,,,COC(=O)N(C)CSc1[nH]cnc2ncnc1-2
CHEMBL2113096,,,,,,,0.04370000000000007,,,,,,Cc1nccn1-c1sc(Nc2cnccn2)nc1-c1cccc(C#N)c1
CHEMBL211352,,,0.1,,,,,,,,,,Cc1cc(C[C@H](NS(=O)(=O)c2ccccc2C#N)c2nc3ccccc3[nH]2)ccc1[C@@H]1CC(=O)[N-]S1(=O)=O.[Na+]
CHEMBL211631,,,,,,,0.017900000000000027,,5.0,18.0,8.181818181818182,,
CHEMBL211655,,,0.1,,,,,,,,,,CC(=O)N[C@@H](Cc1ccccc1)C(=O)N[C@@H](Cc1ccc([C@@H]2CC(=O)NS2(=O)=O)cc1)c1nc2ccccc2[nH]1
CHEMBL211677,,,,,,,0.0040000000000000036,,3.0,10.799999999999999,5.094339622641509,,
CHEMBL211866,,,,,,,,,4.0,14.399999999999999,6.666666666666665,,CCN(C(=O)Cc1ccc(S(C)(=O)=O)cc1)C1CCN(CC[C@@H](c2ccccc2)c2ccc(S(C)(=O)=O)cc2)CC1
CHEMBL212258,,,1.11,,,,,,,,,,COC(=O)N(C)COc1ccc(NC(C)=O)cc1
CHEMBL212319,,,0.1,,,,,,,,,,O=C1CC(c2ccc(C[C@H](NS(=O)(=O)c3ccccc3)c3nc4ccccc4[nH]3)cc2Br)S(=O)(=O)[N-]1.[Na+]
CHEMBL212432,,,,,,,0.2487999999999999,,,,,,
CHEMBL212521,,,,91.0,89.99998351648654,,0.08010000000000006,,28.67,103.21200000000002,32.79903393923987,,
CHEMBL212689,,,,5.79,89.99974093338821,,,,,,,,CCN(C(=O)Cc1ccc(S(C)(=O)=O)cc1)C1CCN(CC[C@H](c2ccc(S(C)(=O)=O)cc2)c2cc(F)cc(F)c2)CC1
CHEMBL212731,,,,,,,,,3.0,10.799999999999999,5.094339622641509,,CCN(C(=O)Cc1ccc(S(C)(=O)=O)cc1)C1CCN(CC[C@H](c2ccc(S(C)(=O)=O)cc2)c2cccc(F)c2)CC1
CHEMBL212766,,,41.0,,,,,,,,,,CC(=O)N[C@H](Cc1ccccc1)C(=O)N1C[C@H](OCc2ccc3ccccc3c2)C[C@@H]1CCCN=C(N)N
CHEMBL212777,,,,,,,0.0018000000000000238,,4.0,14.399999999999999,6.666666666666665,,Cc1ccc2c(c1)c(-c1ccnc3cc(Cl)ccc13)c(C)n2CC(=O)O
CHEMBL213029,,,,,,,0.009899999999999909,,3.0,10.799999999999999,5.094339622641509,,COc1ccc2c(c1)c(CC(=O)O)c(C)n2-c1ccnc2cc(Cl)ccc12
CHEMBL213100,,,,35.48,89.9999577226805,,0.0017000000000000348,,27.54,99.14399999999999,31.96543719370647,,
CHEMBL2132954,,,,10.47,89.99985673375241,,,,,,,,
CHEMBL213494,,,,,,,0.06059999999999999,,3.0,10.799999999999999,5.094339622641509,,
CHEMBL213495,,,,,,,0.017099999999999893,,3.0,10.799999999999999,5.094339622641509,,
CHEMBL213556,,,,,,,0.1934999999999999,,,,,,CC(CC(=O)OC(C)(C)C)NC(=O)C1=NOC(C(O)(C(F)(F)F)C(F)(F)F)C1
CHEMBL213566,,,0.2,,,,,,,,,,CNC(=O)[C@H](Cc1ccc2ccccc2c1)N1CCN(C(=O)[C@H](N)Cc2ccc(F)cc2)[C@@H](CCNC(=N)N)C1=O
CHEMBL2137046,,,,56.23,89.99997332385638,,,,,,,,
CHEMBL2137199,,,,10.505,89.9998529167157,,,,48.98,176.328,44.53626995352597,,
CHEMBL213854,,,,,,,0.009000000000000008,,3.0,10.799999999999999,5.094339622641509,,
CHEMBL213987,,,,,,,,,,,,10.7,COc1ccc(N2CC=C(c3ccc(Cl)c(Cl)c3)C2=O)cc1OCCN1CCCCC1
CHEMBL2139925,,,,150.0,89.9999900000011,,0.0034999999999999476,,150.0,539.9999999999999,67.5,,
CHEMBL2141746,,,,28.975,89.99973635262141,,0.34939999999999993,,12.59,45.324,18.103530915481706,,
CHEMBL214304,,,,,,,0.0036000000000000476,,3.0,10.799999999999999,5.094339622641509,,
CHEMBL214350,,,,,,,0.0037999999999999146,,5.6,20.16,9.06474820143885,,
CHEMBL2144069,,,,,,,0.0039000000000000146,,,,,,
CHEMBL2144205,,,,,,,0.4484,,,,,,
CHEMBL214629,,,12.649999999999999,,,,,,,,,,CCN(CC)Cc1ccc2c(c1)CC[C@H](N1CCN(CCc3ccc(F)cc3)CC1=O)C2
CHEMBL2147032,,,,49.125,89.99990934863456,,,,56.23,202.42799999999997,47.63908500423609,,
CHEMBL2147033,,,,150.0,89.9999900000011,,0.0018000000000000238,,114.82,413.3519999999999,62.69748816891154,,
CHEMBL2147221,,,,,,,0.0050000000000000044,,,,,,
CHEMBL2147222,,,,,,,0.0050000000000000044,,,,,,
CHEMBL2147226,,,,,,,0.1189,,,,,,
CHEMBL2147303,,,,,,,0.009899999999999909,,,,,,
CHEMBL2147306,,,,,,,0.0020000000000000018,,,,,,
CHEMBL2147307,,,,,,,0.02400000000000002,,,,,,
CHEMBL2147309,,,,,,,0.08010000000000006,,,,,,
CHEMBL2147316,,,,,,,0.006900000000000017,,,,,,
CHEMBL2147317,,,,,,,0.03280000000000005,,,,,,
CHEMBL2147474,,,,16.34,89.99989049774959,,0.0020999999999999908,,,,,,
CHEMBL2147475,,,,12.3,89.99987804894573,,0.006099999999999994,,3.0,10.799999999999999,5.094339622641509,,
CHEMBL2147569,,,,52.48,89.99997141769201,,0.032099999999999906,,104.71,376.956,60.91332169866201,,
CHEMBL214957,,,,,,,0.013900000000000023,,,,,,
CHEMBL2151138,,,,,,,0.08360000000000001,,,,,,
CHEMBL2151141,,,,,,,0.1189,,,,,,
CHEMBL2151176,,,,,,,0.009899999999999909,,,,,,
CHEMBL2151177,,,,,,,0.019100000000000006,,,,,,
CHEMBL2151319,,,,,,,0.21209999999999996,,,,,,
CHEMBL2151320,,,,,,,0.3869,,,,,,
CHEMBL2151321,,,,,,,0.05810000000000004,,150.0,539.9999999999999,67.5,,
CHEMBL2151322,,,,,,,0.0818000000000001,,,,,,
CHEMBL2151323,,,,,,,0.30879999999999996,,,,,,
CHEMBL2151324,,,,,,,0.050999999999999934,,,,,,
CHEMBL2151325,,,,30.2,89.99995033115324,,0.13150000000000006,,,,,,
CHEMBL2151326,,,,27.54,89.99994553380202,,0.21589999999999998,,7.24,26.064,11.383647798742139,,
CHEMBL2152252,,,,19.95,89.99992481209289,,,,51.29,184.64399999999998,45.57310692072267,,
CHEMBL2152522,,,,,,,0.0988,,,,,,
CHEMBL2152523,,,,12.02,89.99987520815972,,0.06059999999999999,,13.8,49.68,19.46708463949843,,
CHEMBL2152524,,,,,,,0.16959999999999997,,,,,,
CHEMBL2152525,,,,,,,0.16959999999999997,,,,,,
CHEMBL2152903,,,,,,,0.010800000000000032,,,,,,
CHEMBL2152914,,,,,,,0.08010000000000006,,,,,,
CHEMBL2152915,,,,12.59,89.9998808579814,,0.02090000000000003,,,,,,
CHEMBL2152917,,,,7.24,89.9997928181565,,0.20079999999999998,,,,,,
CHEMBL2152918,,,,,,,0.13950000000000007,,,,,,
CHEMBL2152920,,,,,,,0.0383,,,,,,
CHEMBL215295,,,,,,,0.5402,,,,,,
CHEMBL2153435,,,,6.31,89.9997622827198,,0.06900000000000006,,11.48,41.327999999999996,16.805465191932335,,
CHEMBL2153439,,,,60.26,89.9999751078728,,,,,,,,
CHEMBL2153581,,,,19.95,89.99992481209289,,0.0009000000000000119,,,,,,
CHEMBL2153595,,,,24.55,89.99993890024514,,0.0008000000000000229,,,,,,
CHEMBL2158051,,,,16.98,89.9999116608641,,0.2531,,,,,,
CHEMBL2158390,,,,,,,0.26639999999999997,,,,,,
CHEMBL2158436,,,,,,,0.032099999999999906,,,,,,
CHEMBL2158437,,,,,,,0.02090000000000003,,,,,,
CHEMBL2158438,,,,,,,0.07050000000000001,,,,,,
CHEMBL2158441,,,,,,,0.040000000000000036,,,,,,
CHEMBL2158769,,,,,,,0.09089999999999998,,6.0,21.599999999999998,9.642857142857142,,
CHEMBL2158770,,,,,,,,,3.0,10.799999999999999,5.094339622641509,,
CHEMBL2158771,,,,3.0,89.99950000277776,,0.052099999999999924,,3.0,10.799999999999999,5.094339622641509,,
CHEMBL2158772,,,,,,,0.08360000000000001,,3.0,10.799999999999999,5.094339622641509,,
CHEMBL2158773,,,,3.0,89.99950000277776,,,,3.0,10.799999999999999,5.094339622641509,,
CHEMBL2158774,,,,3.0,89.99950000277776,,,,14.0,50.4,19.6875,,
CHEMBL2158775,,,,,,,,,8.0,28.799999999999997,12.413793103448272,,
CHEMBL2158778,,,,3.0,89.99950000277776,,,,3.0,10.799999999999999,5.094339622641509,,
CHEMBL2158779,,,,3.0,89.99950000277776,,,,3.0,10.799999999999999,5.094339622641509,,
CHEMBL2158780,,,,3.0,89.99950000277776,,,,3.0,10.799999999999999,5.094339622641509,,
CHEMBL2158781,,,,3.0,89.99950000277776,,,,3.0,10.799999999999999,5.094339622641509,,
CHEMBL2158782,,,,3.87,89.99961240477,,,,3.0,10.799999999999999,5.094339622641509,,
CHEMBL2158783,,,,13.78,89.99989114672091,,0.03739999999999999,,3.0,10.799999999999999,5.094339622641509,,
CHEMBL2158785,,,,3.0,89.99950000277776,,0.05940000000000001,,5.5,19.799999999999997,8.918918918918918,,
CHEMBL2158790,,,,3.0,89.99950000277776,,0.032099999999999906,,3.0,10.799999999999999,5.094339622641509,,
CHEMBL2158792,,,,3.0,89.99950000277776,,0.21209999999999996,,3.0,10.799999999999999,5.094339622641509,,
CHEMBL2158793,,,,6.815,89.99967944646659,,0.4655,,3.0,10.799999999999999,5.094339622641509,,
CHEMBL2158815,,,,,,,,,6.0,21.599999999999998,9.642857142857142,,
CHEMBL2158816,,,,,,,,,3.0,10.799999999999999,5.094339622641509,,
CHEMBL2158817,,,,,,,,,3.0,10.799999999999999,5.094339622641509,,
CHEMBL2158818,,,,,,,0.006399999999999961,,,,,,
CHEMBL2158819,,,,,,,0.08540000000000003,,3.0,10.799999999999999,5.094339622641509,,
CHEMBL2158821,,,,,,,0.1663,,3.0,10.799999999999999,5.094339622641509,,
CHEMBL2158822,,,,,,,0.1795,,8.0,28.799999999999997,12.413793103448272,,
CHEMBL2158823,,,,,,,,,6.0,21.599999999999998,9.642857142857142,,
CHEMBL2158824,,,,,,,,,3.0,10.799999999999999,5.094339622641509,,
CHEMBL2158825,,,,3.0,89.99950000277776,,0.005999999999999894,,3.0,10.799999999999999,5.094339622641509,,
CHEMBL2158826,,,,3.0,89.99950000277776,,0.03280000000000005,,3.0,10.799999999999999,5.094339622641509,,
CHEMBL2158827,,,,9.0,89.99983333364197,,0.020000000000000018,,3.0,10.799999999999999,5.094339622641509,,
CHEMBL2158828,,,,3.0,89.99950000277776,,0.011399999999999966,,8.5,30.6,13.076923076923077,,
CHEMBL2158829,,,,3.0,89.99950000277776,,0.026800000000000046,,12.0,43.199999999999996,17.419354838709676,,
CHEMBL2158831,,,,,,,0.29900000000000004,,3.0,10.799999999999999,5.094339622641509,,
CHEMBL2158832,,,,,,,,,3.0,10.799999999999999,5.094339622641509,,
CHEMBL2158833,,,,,,,,,3.0,10.799999999999999,5.094339622641509,,
CHEMBL2158834,,,,,,,,,4.0,14.399999999999999,6.666666666666665,,
CHEMBL2158835,,,,,,,,,3.0,10.799999999999999,5.094339622641509,,
CHEMBL2158836,,,,,,,0.3137000000000001,,3.0,10.799999999999999,5.094339622641509,,
CHEMBL2158838,,,,,,,,,3.0,10.799999999999999,5.094339622641509,,
CHEMBL2158839,,,,3.0,89.99950000277776,,0.11409999999999998,,4.0,14.399999999999999,6.666666666666665,,
CHEMBL2158840,,,,,,,,,8.0,28.799999999999997,12.413793103448272,,
CHEMBL2158841,,,,,,,0.11409999999999998,,,,,,
CHEMBL2163360,,,,3.0,89.99950000277776,,,,7.0,25.2,11.05263157894737,,
CHEMBL216389,,,15.1,,,,,,,,,,CN1CCCCC1c1nc(C(=O)NCc2ccc(F)cc2)c(O)c(=O)n1C
CHEMBL2164042,,,,,,,0.04469999999999996,,,,,,
CHEMBL2164043,,,,,,,0.032099999999999906,,,,,,
CHEMBL2164044,,,,,,,0.047699999999999965,,,,,,
CHEMBL2164045,,,,,,,0.017900000000000027,,,,,,
CHEMBL2164360,,,,,,,0.011099999999999999,,,,,,
CHEMBL2164364,,,,,,,0.0818000000000001,,,,,,
CHEMBL2164366,,,,,,,0.047699999999999965,,,,,,
CHEMBL2164371,,,,,,,0.0948,,,,,,
CHEMBL2164372,,,,,,,0.03579999999999994,,,,,,
CHEMBL2164373,,,,,,,0.020000000000000018,,,,,,
CHEMBL2164377,,,,10.0,89.99985000025,,,,,,,,
CHEMBL2164389,,,,,,,0.03579999999999994,,,,,,
CHEMBL2164395,,,,,,,0.0928,,,,,,
CHEMBL2164564,,,,,,,0.10950000000000004,,,,,,
CHEMBL2164565,,,,,,,0.04280000000000006,,,,,,
CHEMBL2164566,,,,,,,0.08719999999999994,,,,,,
CHEMBL2164567,,,,,,,0.0928,,,,,,
CHEMBL2164670,,,,,,,0.050999999999999934,,127.0,457.19999999999993,64.57627118644068,,
CHEMBL2164678,,,,41.41,89.99996377688008,,,,12.5,45.0,18.0,,
CHEMBL2164741,,,,,,,0.20829999999999993,,,,,,
CHEMBL2164742,,,,,,,0.20829999999999993,,,,,,
CHEMBL2164744,,,,,,,0.1934999999999999,,,,,,
CHEMBL2164745,,,,,,,0.1423000000000001,,,,,,
CHEMBL2164746,,,,,,,0.13680000000000003,,,,,,
CHEMBL2164747,,,,,,,0.053199999999999914,,,,,,
CHEMBL2164748,,,,,,,0.1795,,,,,,
CHEMBL2164850,,,,150.0,89.9999900000011,,0.02870000000000006,,19.05,68.58,24.82983345401883,,
CHEMBL2165054,,,,,,,0.4827,,,,,,
CHEMBL2165055,,,,,,,0.5345,,,,,,
CHEMBL2165057,,,,,,,0.2801,,,,,,
CHEMBL2165058,,,,,,,0.16000000000000003,,,,,,
CHEMBL2165059,,,,,,,0.27549999999999997,,,,,,
CHEMBL2165060,,,,,,,0.1663,,,,,,
CHEMBL2165061,,,,,,,0.1795,,,,,,
CHEMBL2165066,,,,16.6,89.99990963864494,,0.20450000000000002,,,,,,
CHEMBL2165067,,,,,,,0.24450000000000005,,,,,,
CHEMBL2165175,,,,,,,0.0024999999999999467,,,,,,
CHEMBL2165177,,,,,,,0.05680000000000007,,,,,,
CHEMBL2165178,,,,,,,0.03579999999999994,,,,,,
CHEMBL2165180,,,,,,,0.13950000000000007,,,,,,
CHEMBL2165187,,,,,,,0.3390000000000001,,,,,,
CHEMBL2165189,,,,,,,0.16000000000000003,,,,,,
CHEMBL2165192,,,,,,,0.013000000000000012,,,,,,
CHEMBL216959,,,9.75,,,,,,,,,,O=C1CN(CCc2ccc(F)cc2)CCN1[C@H]1CCc2cc(CN3CCS(=O)(=O)CC3)ccc2C1
CHEMBL216981,,,,75.93,89.9999802449668,,0.017900000000000027,,3.0,10.799999999999999,5.094339622641509,,
CHEMBL2169908,,,,19.765,89.99989477986813,,,,,,,,
CHEMBL2169919,,,,33.88,89.99995572611387,,0.20079999999999998,,150.0,539.9999999999999,67.5,,
CHEMBL2169920,,,,22.0,89.99993181823348,,0.031299999999999994,,38.0,136.79999999999998,38.86363636363637,,
CHEMBL217053,,,10.85,,,,,,,,,,O=C(O)COc1ccc(Br)cc1C(=O)c1cnn(-c2ccccc2)c1
CHEMBL2170837,,,,17.38,89.9999136939838,,,,15.14,54.504,20.91802272029475,,
CHEMBL217090,,,1.0,,,,,,,,,,Clc1ccc2c(c1Nc1ncnc3cc(OCCCN4CCCC4)cc(OC4CCOCC4)c13)OCO2
CHEMBL217092,,,30.0,,,,,,,,,,CN1CCN(CCOc2cc(OC3CCOCC3)c3c(Nc4c(Cl)ccc5c4OCO5)ncnc3c2)CC1
CHEMBL2170975,,,,,,,0.23609999999999998,,,,,,
CHEMBL2170979,,,,,,,0.3390000000000001,,,,,,
CHEMBL2170985,,,,14.45,89.99989619389136,,0.15400000000000003,,21.38,76.96799999999999,26.957130848977304,,
CHEMBL2170989,,,,28.18,89.99994677079088,,0.1864,,9.77,35.172,14.711393675757067,,
CHEMBL2170992,,,,109.65,89.99998632011152,,0.07840000000000003,,125.89,453.20400000000006,64.41582807436467,,
CHEMBL2170994,,,,93.33,89.9999839280003,,0.08360000000000001,,21.38,76.96799999999999,26.957130848977304,,
CHEMBL2171013,,,,,,,0.017099999999999893,,10.0,36.0,15.0,,
CHEMBL2171014,,,,,,,0.022399999999999975,,9.0,32.400000000000006,13.728813559322036,,
CHEMBL2171015,,,,,,,,,12.0,43.199999999999996,17.419354838709676,,
CHEMBL2171017,,,,,,,,,50.5,181.8,45.223880597014926,,
CHEMBL2171018,,,,,,,0.0008000000000000229,,9.0,32.400000000000006,13.728813559322036,,
CHEMBL2171020,,,,,,,0.08900000000000008,,,,,,
CHEMBL2171021,,,,,,,0.03500000000000003,,13.5,48.6,19.133858267716537,,
CHEMBL2171022,,,,,,,0.013000000000000012,,3.0,10.799999999999999,5.094339622641509,,
CHEMBL2171023,,,,,,,,,3.0,10.799999999999999,5.094339622641509,,
CHEMBL2171024,,,,,,,0.049899999999999944,,3.0,10.799999999999999,5.094339622641509,,
CHEMBL2171025,,,,,,,,,3.0,10.799999999999999,5.094339622641509,,
CHEMBL2171026,,,,,,,,,28.0,100.8,32.30769230769231,,
CHEMBL2171033,,,,,,,0.1864,,3.0,10.799999999999999,5.094339622641509,,
CHEMBL2171034,,,,,,,0.1934999999999999,,11.0,39.599999999999994,16.22950819672131,,
CHEMBL2171035,,,,,,,0.3288,,5.0,18.0,8.181818181818182,,
CHEMBL2171036,,,,,,,0.012699999999999934,,3.0,10.799999999999999,5.094339622641509,,
CHEMBL2171037,,,,,,,0.0017000000000000348,,10.5,37.8,15.619834710743799,,
CHEMBL2171038,,,,,,,0.10510000000000008,,3.0,10.799999999999999,5.094339622641509,,
CHEMBL2171039,,,,,,,0.03069999999999995,,3.0,10.799999999999999,5.094339622641509,,
CHEMBL2171040,,,,,,,0.04090000000000005,,3.0,10.799999999999999,5.094339622641509,,
CHEMBL2171041,,,,,,,0.01749999999999996,,33.0,118.79999999999998,35.78313253012048,,
CHEMBL2171043,,,,,,,,,6.0,21.599999999999998,9.642857142857142,,
CHEMBL2171044,,,,,,,,,3.0,10.799999999999999,5.094339622641509,,
CHEMBL2171046,,,,,,,,,3.0,10.799999999999999,5.094339622641509,,
CHEMBL2171047,,,,,,,0.1795,,3.0,10.799999999999999,5.094339622641509,,
CHEMBL2171048,,,,,,,,,6.0,21.599999999999998,9.642857142857142,,
CHEMBL2171050,,,,,,,,,3.0,10.799999999999999,5.094339622641509,,
CHEMBL2171169,,,,26.92,89.99994427938071,,0.28469999999999995,,112.2,403.91999999999996,62.25647348951911,,
CHEMBL2171215,,,,,,,,,3.0,10.799999999999999,5.094339622641509,,
CHEMBL2171277,,,,150.0,89.9999900000011,,0.021399999999999975,,150.0,539.9999999999999,67.5,,
CHEMBL2171278,,,,150.0,89.9999900000011,,0.022399999999999975,,150.0,539.9999999999999,67.5,,
CHEMBL2171999,,,,3.0,89.99950000277776,,,,,,,,
CHEMBL2172000,,,,7.7700000000000005,89.99980653491936,,,,,,,,
CHEMBL2172001,,,,7.24,89.99968467047327,,,,,,,,
CHEMBL2172005,,,,3.0,89.99950000277776,,,,,,,,
CHEMBL21731,,,,,,,0.12629999999999997,51.0,,,,,CNCCCC12CCC(c3ccccc31)c1ccccc12
CHEMBL217354,,,,3.0,89.99950000277776,,,,,,,,
CHEMBL2177110,,,,16.98,89.9999116608641,,,,,,,,
CHEMBL2177113,,,,,,,0.014899999999999913,,,,,,
CHEMBL2177162,,,,3.0,89.99950000277776,,,,,,,,
CHEMBL2177173,,,,,,,0.07840000000000003,,,,,,
CHEMBL2177305,,,,,,,0.017099999999999893,,,,,,
CHEMBL2177390,,,,3.0,89.99950000277776,,,,,,,,
CHEMBL2177601,,,,3.0,89.99950000277776,,,,,,,,
CHEMBL2177621,,,,12.3,89.99987804894573,,,,,,,,
CHEMBL2177736,,,,,,,0.0818000000000001,,,,,,
CHEMBL2177757,,,,,,,,,20.42,73.512,26.09769951718262,,
CHEMBL2177906,,,,,,,0.04569999999999996,,,,,,
CHEMBL2177908,,,,,,,0.029300000000000104,,,,,,
CHEMBL2177911,,,,,,,0.046699999999999964,,,,,,
CHEMBL2177916,,,,,,,0.026800000000000046,,,,,,
CHEMBL2177917,,,,,,,0.03430000000000011,,,,,,
CHEMBL2177919,,,,,,,0.18989999999999996,,,,,,
CHEMBL2178384,,,,,,,0.028000000000000025,,,,,,
CHEMBL2178385,,,,,,,0.026800000000000046,,,,,,
CHEMBL2178388,,,,,,,0.054400000000000004,,,,,,
CHEMBL2178390,,,,,,,0.0262,,,,,,
CHEMBL2178393,,,,72.44,89.99997929321293,,,,54.95,197.82,47.122439256788944,,
CHEMBL2178573,,,,,,,0.0009000000000000119,,,,,,
CHEMBL2178579,,,,22.175,89.99973186354856,,0.0029000000000000137,,,,,,
CHEMBL2178931,,,,,,,0.02190000000000003,,,,,,
CHEMBL2178933,,,,,,,0.030000000000000027,,,,,,
CHEMBL2178934,,,,,,,0.028000000000000025,,,,,,
CHEMBL2178935,,,,,,,0.12890000000000001,,,,,,
CHEMBL2178937,,,,,,,0.07840000000000003,,,,,,
CHEMBL2178939,,,,,,,0.10950000000000004,,,,,,
CHEMBL2178951,,,,,,,0.05680000000000007,,,,,,
CHEMBL2178952,,,,,,,0.03500000000000003,,,,,,
CHEMBL217899,,,,39.5,89.99986472637697,,0.03739999999999999,,22.0,79.19999999999999,27.499999999999996,,CCc1nn(C2CCCC2)c2c1CCn1c(-c3cccs3)nnc1-2
CHEMBL2179269,,,,3.39,89.99955752429929,,0.015600000000000058,,,,,,
CHEMBL2179270,,,,,,,0.02290000000000003,,,,,,
CHEMBL2179271,,,,,,,0.017900000000000027,,,,,,
CHEMBL2179272,,,,,,,0.0383,,,,,,
CHEMBL2179273,,,,,,,0.011900000000000022,,,,,,
CHEMBL2179274,,,,,,,0.007000000000000006,,,,,,
CHEMBL2179275,,,,9.12,89.99983552661635,,0.02739999999999998,,,,,,
CHEMBL2179276,,,,9.55,89.9998429322113,,0.011099999999999999,,,,,,
CHEMBL2179277,,,,48.98,89.99996937526562,,0.02870000000000006,,,,,,
CHEMBL2179278,,,,3.0,89.99950000277776,,0.009899999999999909,,,,,,
CHEMBL2179279,,,,117.49,89.9999872329578,,0.01629999999999998,,,,,,
CHEMBL2179280,,,,36.31,89.99995868908535,,0.011900000000000022,,,,,,
CHEMBL2179281,,,,30.2,89.99995033115324,,,,,,,,
CHEMBL2179282,,,,69.18,89.999978317438,,,,,,,,
CHEMBL2179283,,,,52.48,89.99997141769201,,0.009899999999999909,,,,,,
CHEMBL2179284,,,,42.66,89.99996483826972,,,,,,,,
CHEMBL2179285,,,,19.05,89.9999212599114,,0.10730000000000006,,,,,,
CHEMBL2179287,,,,,,,0.011099999999999999,,,,,,
CHEMBL2179291,,,,,,,0.017900000000000027,,,,,,
CHEMBL217943,,,,22.77,89.99993412389539,,0.03069999999999995,,49.0,176.4,44.54545454545455,,
CHEMBL2179665,,,,,,,0.026800000000000046,,,,,,
CHEMBL2179666,,,,,,,0.019100000000000006,,,,,,
CHEMBL2179667,,,,,,,0.0383,,,,,,
CHEMBL2179668,,,,,,,0.0818000000000001,,,,,,
CHEMBL2179669,,,,,,,0.029300000000000104,,,,,,
CHEMBL2180015,,,,,,,0.005999999999999894,,,,,,
CHEMBL2180024,,,,,,,0.048799999999999955,,,,,,
CHEMBL2180027,,,,,,,0.062000000000000055,,,,,,
CHEMBL2180028,,,,,,,0.04370000000000007,,,,,,
CHEMBL2180031,,,,,,,0.0020000000000000018,,,,,,
CHEMBL2180033,,,,,,,0.06469999999999998,,,,,,
CHEMBL2180037,,,,,,,0.049899999999999944,,,,,,
CHEMBL2180273,,,,117.49,89.9999872329578,,0.0017000000000000348,,150.0,539.9999999999999,67.5,,
CHEMBL2180612,,,,12.3,89.99987804894573,,,,9.12,32.832,13.88362652232747,,
CHEMBL2181247,,,,,,,0.006299999999999972,,,,,,
CHEMBL2181753,,,,21.66,89.99992893457843,,0.017099999999999893,,67.61,243.39600000000002,51.737947453447845,,
CHEMBL2181808,,,,,,,0.016700000000000048,,3.0,10.799999999999999,5.094339622641509,,
CHEMBL2181926,,,,75.21,89.99997642957922,,0.1481,,150.0,539.9999999999999,67.5,,
CHEMBL2181927,,,,15.8,89.99981188385081,,0.07519999999999993,,97.72,351.7919999999999,59.536961819658806,,
CHEMBL2181928,,,,52.48,89.99997141769201,,0.06330000000000002,,11.75,42.3,17.12550607287449,,
CHEMBL218362,,,0.0,,,,,,,,,,O=C(O)c1c(O)c(Cc2c[nH]c3ccc(Cl)cc23)nc2c3c(ccc12)CCCC3
CHEMBL218468,,,,,,,0.4598,,,,,,
CHEMBL218573,,,,,,,0.052099999999999924,,,,,,
CHEMBL218628,,,,,,,0.5229999999999999,,20.0,72.0,25.714285714285715,,
CHEMBL218939,,,12.6,,,,,,,,,,CCOC(=O)C1=C(C)Nc2nc3c(c(N)c2C1c1ccccc1)CCCC3
CHEMBL218940,,,5.5,,,,,,,,,,CCOC(=O)C1=C(C)Nc2nc3c(c(N)c2C1c1cccc(OC)c1)CCCC3
CHEMBL219046,,,,,,,0.0006999999999999229,,,,,,
CHEMBL219098,,,,,,,0.007199999999999984,,,,,,
CHEMBL219172,,,9.6,,,,,,,,,,CCOC(=O)C1=C(C)Nc2nc3c(c(N)c2C1c1ccc(F)cc1)CCCC3
CHEMBL219400,,,8.6,,,,,,,,,,CCOC(=O)C1=C(C)Nc2nc3c(c(N)c2C1c1ccccc1[N+](=O)[O-])CCCC3
CHEMBL219405,,,5.8,,,,,,,,,,CCOC(=O)C1=C(C)Nc2nc3c(c(N)c2C1c1ccc([N+](=O)[O-])cc1)CCCC3
CHEMBL219406,,,1.8,,,,,,,,,,CCOC(=O)C1=C(C)Nc2nc3c(c(N)c2C1c1ccc(C)cc1)CCCC3
CHEMBL219410,,,,,,,,35.0,,,,,
CHEMBL219557,,,2.0,,,,,,,,,,COc1cc(Nc2c(C#N)cnc3cc(-c4coc(CN5CCN(C)CC5)c4)c(OC)cc23)c(Cl)cc1Cl
CHEMBL219861,,,,,,,0.2487999999999999,,30.0,107.99999999999999,33.74999999999999,,
CHEMBL219916,,,,,,,0.033499999999999974,7.5,,,,,O=c1[nH]c2ccccc2n1CCCN1CCC(n2c(=O)[nH]c3cc(Cl)ccc32)CC1
CHEMBL22,,,,,,,0.3390000000000001,9.6,3.0,10.799999999999999,5.094339622641509,,COc1cc(Cc2cnc(N)nc2N)cc(OC)c1OC
CHEMBL220294,,,7.0,,,,,,,,,,CCOC(=O)C1=C(C)Nc2nc3c(c(N)c2C1c1cccc([N+](=O)[O-])c1)CCCC3
CHEMBL2204343,,,,,,,0.054400000000000004,,,,,,
CHEMBL2204344,,,,,,,0.04090000000000005,,,,,,
CHEMBL220492,,,0.27645000000000003,,,,,,,,,,CC1(C)O[C@@H]2[C@@H](CO[C@@]3(COS(N)(=O)=O)OC(C)(C)O[C@@H]23)O1
CHEMBL2205498,,,,,,,0.03739999999999999,,,,,,
CHEMBL2205509,,,,,,,0.04090000000000005,,,,,,
CHEMBL2206784,,,,,,,0.008199999999999985,,,,,,
CHEMBL2206789,,,,,,,0.13950000000000007,,,,,,
CHEMBL2206790,,,,,,,0.04569999999999996,,,,,,
CHEMBL2207225,,,,,,,0.054400000000000004,,,,,,
CHEMBL2207226,,,,,,,0.009899999999999909,,,,,,
CHEMBL2207276,,,,,,,,,14.0,50.4,19.6875,,
CHEMBL2207278,,,,,,,0.010800000000000032,,9.0,32.400000000000006,13.728813559322036,,
CHEMBL2207280,,,,,,,0.049899999999999944,,8.0,28.799999999999997,12.413793103448272,,
CHEMBL2207281,,,,,,,0.12379999999999991,,6.0,21.599999999999998,9.642857142857142,,
CHEMBL2207282,,,,,,,,,3.0,10.799999999999999,5.094339622641509,,
CHEMBL2207283,,,,,,,0.07680000000000009,,3.0,10.799999999999999,5.094339622641509,,
CHEMBL2207284,,,,,,,0.08540000000000003,,14.0,50.4,19.6875,,
CHEMBL2207285,,,,,,,,,21.0,75.6,26.619718309859152,,
CHEMBL2207286,,,,,,,,,86.0,309.59999999999997,56.91176470588235,,
CHEMBL2207596,,,,,,,0.04370000000000007,,,,,,
CHEMBL2207599,,,,,,,0.0928,,,,,,
CHEMBL2207600,,,,,,,0.048799999999999955,,,,,,
CHEMBL2207603,,,,,,,0.02400000000000002,,,,,,
CHEMBL2207606,,,,,,,0.02400000000000002,,,,,,
CHEMBL2207607,,,,,,,0.06469999999999998,,,,,,
CHEMBL2207654,,,,3.0,89.99950000277776,,0.049899999999999944,,48.0,172.79999999999998,44.08163265306123,,
CHEMBL2207655,,,,,,,,,18.33,65.988,24.14312893311869,,
CHEMBL2207656,,,,,,,,,6.0,21.599999999999998,9.642857142857142,,
CHEMBL2207658,,,,,,,0.021399999999999975,,3.0,10.799999999999999,5.094339622641509,,
CHEMBL2207659,,,,,,,0.03579999999999994,,3.0,10.799999999999999,5.094339622641509,,
CHEMBL2207660,,,,,,,,,3.0,10.799999999999999,5.094339622641509,,
CHEMBL2207661,,,,,,,0.031299999999999994,,9.0,32.400000000000006,13.728813559322036,,
CHEMBL2207662,,,,,,,0.11180000000000012,,6.0,21.599999999999998,9.642857142857142,,
CHEMBL2207663,,,,,,,0.1341,,3.0,10.799999999999999,5.094339622641509,,
CHEMBL2207664,,,,,,,0.033499999999999974,,6.0,21.599999999999998,9.642857142857142,,
CHEMBL2207665,,,,,,,0.06469999999999998,,4.0,14.399999999999999,6.666666666666665,,
CHEMBL2207666,,,,,,,0.018299999999999983,,17.25,62.099999999999994,23.085501858736055,,
CHEMBL2207667,,,,,,,0.21209999999999996,,10.0,36.0,15.0,,
CHEMBL2207669,,,,9.0,89.99970000144444,,0.19709999999999994,,21.5,77.39999999999999,27.062937062937063,,
CHEMBL2207670,,,,,,,0.3187000000000001,,3.0,10.799999999999999,5.094339622641509,,
CHEMBL2207671,,,,,,,0.09680000000000011,,6.0,21.599999999999998,9.642857142857142,,
CHEMBL2207672,,,,,,,,,13.0,46.8,18.57142857142857,,
CHEMBL2208422,,,,,,,,,7.0,25.2,11.05263157894737,,
CHEMBL2208423,,,,,,,0.06469999999999998,,4.0,14.399999999999999,6.666666666666665,,
CHEMBL2208427,,,,,,,0.0031999999999999806,,,,,,
CHEMBL2208428,,,,,,,0.08719999999999994,,,,,,
CHEMBL2208429,,,,,,,,,3.0,10.799999999999999,5.094339622641509,,
CHEMBL2208430,,,,,,,0.019100000000000006,,3.0,10.799999999999999,5.094339622641509,,
CHEMBL2208431,,,,,,,0.03500000000000003,,3.0,10.799999999999999,5.094339622641509,,
CHEMBL2208432,,,,,,,,,3.0,10.799999999999999,5.094339622641509,,
CHEMBL2208434,,,,,,,0.018299999999999983,,3.0,10.799999999999999,5.094339622641509,,
CHEMBL2208435,,,,,,,,,8.0,28.799999999999997,12.413793103448272,,
CHEMBL22097,,,,,,,,4.9,,,,,CN1C(=O)C(O)N=C(c2ccccc2Cl)c2cc(Cl)ccc21
CHEMBL221113,,,212.0,,,,,,,,,,CCc1cc2c(c(C(F)(F)F)c1)C(=O)N1CCNC[C@@H]21
CHEMBL221572,,,,,,,,2.5,,,,,
CHEMBL2216830,,,,39.81,89.99996232104064,,0.020000000000000018,,87.1,313.55999999999995,57.17724288840262,,
CHEMBL2216839,,,,54.95,89.99997270246506,,0.019100000000000006,,107.15,385.73999999999995,61.36493795736557,,
CHEMBL2216859,,,,9.07,89.9997004637948,,0.030000000000000027,,35.48,127.72799999999998,37.35610669162377,,
CHEMBL2216870,,,,12.375,89.99981868180507,,,,21.88,78.768,27.39565943238731,,
CHEMBL2216902,,,,10.0,89.99985000025,,0.21989999999999998,,20.42,73.512,26.09769951718262,,
CHEMBL22183,,,,,,,0.10950000000000004,,,,,,
CHEMBL221886,,,,,,,,2.4,,,,,
CHEMBL2219422,,,,7.08,89.99978813609196,,,,,,,,
CHEMBL2220384,,,,,,,,5.0,,,,,
CHEMBL2220442,,,,3.0,89.99950000277776,,0.0048000000000000265,0.7,8.33,29.988,12.852734441968114,,
CHEMBL222333,,,,,,,0.013599999999999945,,,,,,
CHEMBL22242,,,,,,,,5.5,,,,,CCN1CCC[C@H]1CNC(=O)c1c(OC)ccc(Br)c1OC
CHEMBL222645,,,,,,,,1.4,,,,,
CHEMBL222659,,,,,,,,,146.0,525.6,67.04081632653062,,
CHEMBL222813,,,,,,,,1.7,,,,,CC(=O)N[C@H]1[C@H]([C@H](O)[C@H](O)CO)OC(C(=O)O)=C[C@@H]1NC(=N)N
CHEMBL222989,,,,26.92,89.99994427938071,,,,,,,,
CHEMBL223166,,,,,,,0.30879999999999996,,,,,,
CHEMBL223228,,,,8.51,89.99982373712547,,,,,,,,
CHEMBL223402,,,,9.12,89.99983552661635,,0.036599999999999966,,11.22,40.391999999999996,16.494609604704344,,O=C(Nc1ccccc1F)N[C@H]1N=C(c2ccccc2)c2ccccc2NC1=O
CHEMBL223713,,,,150.0,89.9999900000011,,,,44.67,160.81199999999998,42.466462448505325,,
CHEMBL22442,,,,,,,,,20.42,73.512,26.09769951718262,,
CHEMBL225519,,,1.84,,,,0.5854999999999999,,,,,,O=C1NCCc2[nH]c(-c3ccncc3)cc21
CHEMBL226471,,,9.45,,,,,,,,,,O=C1NCCc2[nH]c(-c3ccnc(-c4ccccc4F)c3)cc21
CHEMBL226646,,,,,,,0.017900000000000027,,,,,,Cc1nnc(-c2ccc(N3CCC(Oc4cc(F)ccc4Cl)CC3)nn2)o1
CHEMBL227497,,,0.07,,,,,,,,,,O=C(NCc1ccc(F)cc1)c1nc(C2CCCCN2)nc(O)c1O
CHEMBL228814,,,,,,,0.005999999999999894,,,,,,
CHEMBL229008,,,320.0,,,,,,,,,,CCN1CCN(c2ccc(C(C)(C)NC(=O)c3cc4[nH]c5ccccc5c(=O)c4cc3F)cn2)CC1
CHEMBL229402,,,31.3,,,,,,,,,,Cc1cc(-c2ccc(N(C)C)cc2)cc(-c2ccc(N(C)C)cc2)[s+]1.[I-]
CHEMBL229404,,,71.41666666666667,,,,,,,,,,CCCc1cc(-c2ccc(N(C)C)cc2)cc(-c2ccc(N(C)C)cc2)[s+]1.[I-]
CHEMBL229430,,,,,,,0.0009999999999998899,,,,,,CC(=O)Nc1nc2c(Oc3cc(-c4ccc(C(F)(F)F)cc4)ncn3)cccc2s1
CHEMBL229938,,,87.38333333333333,,,,,,,,,,CN(C)c1ccc(-c2cc(-c3ccc(N(C)C)cc3)[s+]c(C(C)(C)C)c2)cc1.[I-]
CHEMBL23,,,,79.665,89.99991461429207,,0.24029999999999996,5.6,43.65,157.14,41.948745328350235,,COc1ccc([C@@H]2Sc3ccccc3N(CCN(C)C)C(=O)[C@@H]2OC(C)=O)cc1
CHEMBL230034,,,0.4,,,,,,,,,,N=C(N)NCCC[C@H](NC(=O)c1ccc(C(c2ccccc2)c2ccccc2)o1)C(=O)O
CHEMBL230232,,,2.5,,,,,,,,,,N#Cc1cnc2c(Br)cc(NCc3c[nH]nn3)cc2c1Nc1ccc(F)c(Cl)c1
CHEMBL230245,,,,,,,0.04469999999999996,,,,,,CC(C)S(=O)(=O)N(C)c1cc(C(=O)N[C@@H](Cc2ccccc2)[C@@H](N)CF)cc(NC[C@H]2C[C@@H]2C)n1
CHEMBL2303613,,,,,,,,4.2,,,,,
CHEMBL230654,,,5.0,,,,,,,,,,CCCc1[nH]cnc1CNc1cc(Cl)c2ncc(C#N)c(Nc3ccc(F)c(Cl)c3)c2c1
CHEMBL230761,,,5.0,,,,,,,,,,Cn1cnc(CNc2cc(Br)c3ncc(C#N)c(Nc4ccc(F)c(Cl)c4)c3c2)c1
CHEMBL2312113,,,,150.0,89.9999900000011,,0.0023999999999999577,,150.0,539.9999999999999,67.5,,
CHEMBL2312185,,,,19.5,89.99992307698882,,0.11409999999999998,,27.54,99.14399999999999,31.96543719370647,,
CHEMBL2312918,,,,,,,0.03739999999999999,,,,,,
CHEMBL2312920,,,,,,,0.005600000000000049,,,,,,
CHEMBL2312921,,,,,,,0.032099999999999906,,,,,,
CHEMBL2312933,,,,,,,0.020499999999999963,,,,,,
CHEMBL2313226,,,,,,,0.023400000000000087,,,,,,
CHEMBL2313227,,,,,,,0.08719999999999994,,,,,,
CHEMBL2313229,,,,,,,0.004899999999999904,,,,,,
CHEMBL2313230,,,,,,,0.1189,,,,,,
CHEMBL2313309,,,,,,,0.3237000000000001,,,,,,
CHEMBL2314383,,,,30.9,89.99995145633686,,,,150.0,539.9999999999999,67.5,,
CHEMBL2316109,,,,,,,0.013000000000000012,,,,,,
CHEMBL2316382,,,,,,,0.054400000000000004,,,,,,
CHEMBL2316386,,,,,,,0.049899999999999944,,,,,,
CHEMBL231662,,,15.5,,,,,,,,,,Cn1cncc1CN1CC(N(CC2CCN(C(=O)OC(C)(C)C)CC2)S(=O)(=O)c2ccccn2)Cc2cc(C#N)ccc21
CHEMBL231805,,,0.6,,,,,,,,,,CC(C)NC(=O)N1CCC(CN(C2Cc3cc(C#N)ccc3N(Cc3cncn3C)C2)S(=O)(=O)c2ccccn2)CC1
CHEMBL231898,,,0.6,,,,,,,,,,Cn1cncc1CN1CC(N(CC2CCN(C(=O)NC(C)(C)C)CC2)S(=O)(=O)c2ccccn2)Cc2cc(C#N)ccc21
CHEMBL232104,,,1.1,,,,,,,,,,COC(=O)N1CCC(CN(C2Cc3cc(C#N)ccc3N(Cc3cncn3C)C2)S(=O)(=O)c2ccccn2)CC1
CHEMBL232122,,,0.5,,,,,,,,,,Cn1cncc1CN1CC(N(CC2CCN(C(=O)CC(F)(F)F)CC2)S(=O)(=O)c2ccccn2)Cc2cc(C#N)ccc21
CHEMBL2322164,,,,,,,0.12629999999999997,,,,,,
CHEMBL2323231,,,,150.0,89.9999900000011,,0.0017000000000000348,,150.0,539.9999999999999,67.5,,
CHEMBL2323239,,,,128.82,89.99998835584688,,0.0023000000000000798,,150.0,539.9999999999999,67.5,,
CHEMBL232418,,,6.3,,,,,,,,,,O=C(NC1CCN(C(=O)CCc2cccnc2)CC1)C(c1ccc(Cl)cc1)c1ccc(Cl)cc1
CHEMBL2324355,,,,74.13,89.99997976528176,,0.015999999999999903,,3.0,10.799999999999999,5.094339622641509,,
CHEMBL2324423,,,,,,,0.0040999999999999925,,,,,,
CHEMBL232484,,,0.6,,,,,,,,,,CN(C)C(=O)N1CCC(CN(C2Cc3cc(C#N)ccc3N(Cc3cncn3C)C2)S(=O)(=O)c2ccccn2)CC1
CHEMBL2325014,,,,5.62,89.99973309687694,,0.0023999999999999577,,,,,,
CHEMBL2325021,,,,,,,0.005900000000000016,,,,,,
CHEMBL232523,,,2.6,,,,,,,,,,CCOC(=O)N1CCC(CN(C2Cc3cc(C#N)ccc3N(Cc3cncn3C)C2)S(=O)(=O)c2ccccn2)CC1
CHEMBL232526,,,25.150000000000002,,,,,,,,,,Cn1cncc1CN1CC(N(Cc2ccc(S(C)(=O)=O)cc2)S(=O)(=O)c2ccccn2)Cc2cc(C#N)ccc21
CHEMBL2325503,,,,,,,0.06330000000000002,,3.0,10.799999999999999,5.094339622641509,,
CHEMBL2325601,,,,,,,0.0034000000000000696,,,,,,
CHEMBL2325622,,,,,,,0.015999999999999903,,,,,,
CHEMBL2325635,,,,,,,0.008099999999999996,,,,,,
CHEMBL2325642,,,,,,,0.020000000000000018,,,,,,
CHEMBL2325697,,,,,,,,,7.41,26.676,11.616443128374847,,
CHEMBL2325699,,,,,,,,,8.91,32.076,13.612289933797319,,
CHEMBL2325704,,,,,,,,,11.22,40.391999999999996,16.494609604704344,,
CHEMBL2325716,,,,3.0,89.99950000277776,,,,,,,,
CHEMBL2325719,,,,,,,,,5.75,20.700000000000003,9.282511210762333,,
CHEMBL232604,,,59.0,,,,,,,,,,CCS(=O)(=O)CCCn1c(Cn2c(=O)n(C(F)F)c3ccncc32)nc2ccccc21
CHEMBL2326523,,,,,,,0.008099999999999996,,,,,,
CHEMBL232656,,,,,,,0.020499999999999963,,21.0,75.6,26.619718309859152,,C[C@@H]1CN(Cc2ccc(F)cc2)CCN1C(=O)COc1ccc(Cl)cc1NC(N)=O
CHEMBL2326623,,,,22.0,89.99992633935048,,0.015600000000000058,,58.5,210.60000000000002,48.52534562211982,,
CHEMBL2326624,,,,23.0,89.9999336538959,,0.015999999999999903,,40.5,145.79999999999998,40.27624309392265,,
CHEMBL2326864,,,,12.88,89.99988354052337,,0.4655,,3.98,14.328,6.635791033716191,,
CHEMBL232846,,,,12.375,89.99983009194588,,,,8.13,29.268,12.587304317908137,,
CHEMBL232978,,,21.0,,,,,,,,,,O=c1n(Cc2nc3ccccc3n2CCCS(=O)(=O)C2CC2)c2cnccc2n1C1CC1
CHEMBL232979,,,245.0,,,,,,,,,,O=c1n(Cc2nc3ccccc3n2CCCCF)c2cnccc2n1CC(F)(F)F
CHEMBL233028,,,16.0,,,,,,,,,,O=C(NC1CCN(C(=O)CCc2cccnc2)CC1)C(c1ccccc1)C1CCC(F)(F)CC1
CHEMBL2331738,,,,,,,0.0262,,,,,,
CHEMBL2331741,,,,,,,0.05680000000000007,,,,,,
CHEMBL2331742,,,,,,,0.040000000000000036,,,,,,
CHEMBL2331743,,,,,,,0.03579999999999994,,,,,,
CHEMBL2331744,,,,,,,0.02290000000000003,,,,,,
CHEMBL2331745,,,,,,,0.02510000000000001,,,,,,
CHEMBL2331746,,,,,,,0.062000000000000055,,,,,,
CHEMBL2331748,,,,,,,0.04569999999999996,,,,,,
CHEMBL2331749,,,,89.13,89.99998317065275,,0.013900000000000023,,,,,,
CHEMBL2331750,,,,20.42,89.99992654266525,,,,,,,,
CHEMBL2331751,,,,38.02,89.99996054709777,,0.013900000000000023,,,,,,
CHEMBL2331752,,,,74.13,89.99997976528176,,0.011900000000000022,,,,,,
CHEMBL2331753,,,,,,,0.013900000000000023,,,,,,
CHEMBL2331754,,,,,,,0.0736,,,,,,
CHEMBL2331843,,,,112.2,89.99998663101803,,0.20450000000000002,,51.29,184.64399999999998,45.57310692072267,,
CHEMBL233263,,,,,,,0.11650000000000005,,5.0,18.0,8.181818181818182,,
CHEMBL2332935,,,,,,,,,8.0,28.799999999999997,12.413793103448272,,
CHEMBL2332936,,,,,,,,,3.0,10.799999999999999,5.094339622641509,,
CHEMBL2333941,,,,,,,0.4598,,,,,,
CHEMBL2334144,,,,18.62,89.9999194415329,,,,,,,,
CHEMBL2335504,,,,,,,0.014899999999999913,,,,,,
CHEMBL2335864,,,,,,,0.017099999999999893,,,,,,
CHEMBL2335866,,,,,,,0.0020000000000000018,,,,,,
CHEMBL2335867,,,,,,,0.013900000000000023,,,,,,
CHEMBL2335871,,,,,,,0.0262,,,,,,
CHEMBL2335876,,,,,,,0.0040000000000000036,,,,,,
CHEMBL2335878,,,,,,,0.011099999999999999,,,,,,
CHEMBL2335879,,,,,,,0.008099999999999996,,,,,,
CHEMBL2335881,,,,,,,0.10299999999999998,,42.66,153.57599999999996,41.43535506151521,,
CHEMBL2335883,,,,,,,0.049899999999999944,,,,,,
CHEMBL2335884,,,,,,,0.028000000000000025,,,,,,
CHEMBL2335885,,,,,,,0.0262,,,,,,
CHEMBL2335887,,,,,,,0.017900000000000027,,,,,,
CHEMBL2335888,,,,,,,0.019100000000000006,,,,,,
CHEMBL2335889,,,,,,,0.005999999999999894,,,,,,
CHEMBL2335890,,,,40.74,89.9999631811638,,,,75.86,273.096,54.2459876052757,,
CHEMBL2335892,,,,,,,0.013900000000000023,,,,,,
CHEMBL2335893,,,,,,,0.018299999999999983,,,,,,
CHEMBL2335895,,,,,,,0.013000000000000012,,,,,,
CHEMBL2335896,,,,,,,0.024500000000000077,,,,,,
CHEMBL2335897,,,,,,,0.048799999999999955,,,,,,
CHEMBL2335898,,,,,,,0.0383,,,,,,
CHEMBL2335900,,,,,,,0.054400000000000004,,,,,,
CHEMBL2335901,,,,3.0,89.99950000277776,,0.047699999999999965,,4.17,15.011999999999999,6.928189034520952,,
CHEMBL2335903,,,,,,,0.013599999999999945,,,,,,
CHEMBL2335904,,,,,,,0.020000000000000018,,,,,,
CHEMBL2335905,,,,,,,0.02870000000000006,,,,,,
CHEMBL2335906,,,,,,,0.03579999999999994,,,,,,
CHEMBL2335907,,,,,,,0.03430000000000011,,,,,,
CHEMBL2335908,,,,,,,0.0262,,,,,,
CHEMBL2335911,,,,,,,0.019100000000000006,,,,,,
CHEMBL233629,,,0.7,,,,,,,,,,C#CCN1C[C@H](C(=O)NO)[C@H](NC(=O)c2ccc(Cc3cc(C)nc4ccccc34)cc2)C1
CHEMBL2336319,,,,38.02,89.99996054709777,,,,,,,,
CHEMBL2336322,,,,4.27,89.99964871331494,,,,,,,,
CHEMBL2336324,,,,150.0,89.9999900000011,,,,,,,,
CHEMBL2336326,,,,10.0,89.99985000025,,,,,,,,
CHEMBL233675,,,10.0,,,,,,,,,,O=C(NC1CCN(C(=O)CCc2cccnc2)CC1)C(c1ccc(Cl)cc1)C1CCCCC1
CHEMBL233717,,,0.1,,,,,,,,,,CC(C)S(=O)(=O)N1CCC(CN(C2Cc3cc(C#N)ccc3N(Cc3cncn3C)C2)S(=O)(=O)c2ccccn2)CC1
CHEMBL233718,,,0.1,,,,,,,,,,Cn1cncc1CN1CC(N(CC2CCN(S(=O)(=O)c3ccccc3)CC2)S(=O)(=O)c2ccccn2)Cc2cc(C#N)ccc21
CHEMBL233719,,,0.1,,,,,,,,,,Cn1cnc(S(=O)(=O)N2CCC(CN(C3Cc4cc(C#N)ccc4N(Cc4cncn4C)C3)S(=O)(=O)c3ccccn3)CC2)c1
CHEMBL2337977,,,,3.31,89.99954683007638,,0.0928,,,,,,
CHEMBL2337979,,,,,,,0.028000000000000025,,,,,,
CHEMBL2337980,,,,,,,0.2319,,,,,,
CHEMBL2337981,,,,7.08,89.99978813609196,,0.1795,,,,,,
CHEMBL2337982,,,,,,,0.5288,,,,,,
CHEMBL2337984,,,,,,,0.29900000000000004,,,,,,
CHEMBL2338020,,,,58.88,89.99997452446374,,0.06610000000000005,,33.88,121.96799999999999,36.351931330472105,,
CHEMBL233823,,,27.6,,,,,,,,,,O=C(Nc1ccc(C(F)(F)F)c(Cl)c1)c1ccnn1CCc1ccncc1
CHEMBL2338400,,,,33.88,89.99995572611387,,0.30879999999999996,,,,,,
CHEMBL2338403,,,,,,,0.34939999999999993,,,,,,
CHEMBL2338404,,,,,,,0.13950000000000007,,,,,,
CHEMBL2338405,,,,,,,0.052099999999999924,,,,,,
CHEMBL2338406,,,,,,,0.10950000000000004,,,,,,
CHEMBL2338408,,,,,,,0.06059999999999999,,,,,,
CHEMBL2338409,,,,,,,0.09680000000000011,,,,,,
CHEMBL233842,,,1.9,,,,,,,,,,CC#CCN1C[C@H](C(=O)NO)[C@H](NC(=O)c2ccc(Cc3cc(C)nc4ccccc34)cc2)C1
CHEMBL233843,,,0.3,,,,,,,,,,CCCCS(=O)(=O)N1C[C@H](C(=O)NO)[C@H](NC(=O)c2ccc(Cc3cc(C)nc4ccccc34)cc2)C1
CHEMBL233844,,,0.1,,,,,,,,,,COC(=O)N1C[C@H](C(=O)NO)[C@H](NC(=O)c2ccc(Cc3cc(C)nc4ccccc34)cc2)C1
CHEMBL233892,,,214.0,,,,,,,,,,CC(C)(C)n1c(=O)n(Cc2nc3ccccc3n2CCCC#N)c2cnccc21
CHEMBL233893,,,168.0,,,,,,,,,,N#CCCCn1c(Cn2c(=O)n(C3CCC3)c3ccncc32)nc2ccccc21
CHEMBL233921,,,0.1,,,,,,,,,,Cn1cncc1CN1CC(N(CC2CCN(S(C)(=O)=O)CC2)S(=O)(=O)c2ccccn2)Cc2cc(C#N)ccc21
CHEMBL233922,,,0.1,,,,,,,,,,CCS(=O)(=O)N1CCC(CN(C2Cc3cc(C#N)ccc3N(Cc3cncn3C)C2)S(=O)(=O)c2ccccn2)CC1
CHEMBL233941,,,0.5,,,,,,,,,,CC(=O)N1CCC(CN(C2Cc3cc(C#N)ccc3N(Cc3cncn3C)C2)S(=O)(=O)c2ccccn2)CC1
CHEMBL233992,,,92.0,,,,,,,,,,O=C(N[C@H]1CCC[C@H]1NC(=O)c1ccc(Cl)s1)c1ccc(-n2ccccc2=O)cc1
CHEMBL234027,,,230.0,,,,,,,,,,C=C(C)n1c(=O)n(Cc2nc3ccccc3n2CCCC#N)c2ncccc21
CHEMBL234033,,,0.1,,,,,,,,,,Cc1cc(Cc2cccc(C(=O)N[C@@H]3COC[C@@H]3C(=O)NO)c2)c2ccccc2n1
CHEMBL234034,,,0.6,,,,,,,,,,Cc1cc(Cc2ccc(C(=O)N[C@@H]3CCOC[C@@H]3C(=O)NO)cc2)c2ccccc2n1
CHEMBL234053,,,0.3,,,,,,,,,,CC(C)C[C@@]1(C(=O)O)C[C@H](C(=O)NS(C)(=O)=O)[C@H](c2nccs2)N1C(=O)c1ccc(C(C)(C)C)cc1
CHEMBL234151,,,0.5,,,,,,,,,,CCCC(=O)N1CCC(CN(C2Cc3cc(C#N)ccc3N(Cc3cncn3C)C2)S(=O)(=O)c2ccccn2)CC1
CHEMBL234199,,,9.3,,,,,,,,,,Cc1cc(Cc2ccc(C(=O)N[C@@H]3CN(CC(C)(C)C)C[C@@H]3C(=O)NO)cc2)c2ccccc2n1
CHEMBL234237,,,0.0,,,,,,,,,,Cn1cc(C(=O)O)c(Nc2ccc(I)cc2F)cc1=O
CHEMBL234346,,,5.2,,,,,,,,,,CC[C@H](C)[C@H](NC(=O)[C@@H]1CCCN1C(=O)[C@@H](NC(=O)[C@H](C)N)C(C)C)C(=O)O
CHEMBL234359,,,0.5,,,,,,,,,,Cn1cncc1CN1CC(N(CC2CCN(C(=O)c3ccc(Cl)cc3)CC2)S(=O)(=O)c2ccccn2)Cc2cc(C#N)ccc21
CHEMBL234412,,,2.5,,,,,,,,,,CCCC[C@H]1CN2CCc3cc(OC)c(OC)cc3[C@@H]2C[C@@H]1N
CHEMBL234522,,,19.0,,,,,,,,,,O=C(NC1CCN(C(=O)CCc2ccc(F)nc2)CC1)C(c1ccccc1)C1CCCCC1
CHEMBL234523,,,8.5,,,,,,,,,,O=C(NC1CCN(C(=O)/C=C/c2cccnc2)CC1)C(c1ccccc1)C1CCCCC1
CHEMBL234578,,,26.65,,,,,,,,,,Cn1cnc(S(=O)(=O)N(CCn2cccc2)C2Cc3cc(C#N)ccc3N(Cc3cncn3C)C2)c1
CHEMBL234579,,,36.6,,,,,,,,,,Cn1cnc(S(=O)(=O)N(Cc2ccc(C(F)(F)F)o2)C2Cc3cc(C#N)ccc3N(Cc3cncn3C)C2)c1
CHEMBL2346974,,,,,,,,,150.0,539.9999999999999,67.5,,
CHEMBL2346975,,,,,,,,,89.13,320.86799999999994,57.65614892546539,,
CHEMBL234729,,,7.9,,,,,,,,,,Cc1cncc(/C=C/C(=O)N2CCC(NC(=O)C(c3ccccc3)C3CCCCC3)CC2)c1
CHEMBL2347404,,,,44.67,89.9999664204289,,,,63.1,227.16000000000003,50.212201591511935,,
CHEMBL234796,,,1.0,,,,,,,,,,Cn1cncc1CN1CC(N(CC2CCN(C(=O)OCc3ccccc3)CC2)S(=O)(=O)c2ccccn2)Cc2cc(C#N)ccc21
CHEMBL2348176,,,,,,,,,112.0,403.2,62.222222222222214,,
CHEMBL234849,,,197.0,,,,,,,,,,O=c1n(Cc2nc3ccccc3n2CCCCO)c2cnccc2n1C(F)F
CHEMBL2348642,,,,12.3,89.99987804894573,,0.13950000000000007,,17.78,64.008,23.608734139864264,,
CHEMBL2348645,,,,150.0,89.9999900000011,,0.0019000000000000128,,95.5,343.79999999999995,59.072164948453604,,
CHEMBL2348651,,,,150.0,89.9999900000011,,0.017900000000000027,,150.0,539.9999999999999,67.5,,
CHEMBL234887,,,0.0,,,,,,,,,,Cn1cc(C(=O)NOCCO)c(Nc2ccc(I)cc2F)cc1=O
CHEMBL234890,,,0.0,,,,,,,,,,Cn1cc(C(=O)NCCCO)c(Nc2ccc(I)cc2F)cc1=O
CHEMBL234900,,,239.0,,,,,,,,,,O=c1n(Cc2nc3ccccc3n2CCCC(F)(F)F)c2cnccc2n1C1CC1
CHEMBL2349312,,,,,,,0.0009999999999998899,,,,,,
CHEMBL2349316,,,,30.9,89.99995145633686,,0.0010999999999999899,,,,,,
CHEMBL2349318,,,,22.39,89.99993300585604,,0.0006999999999999229,,52.48,188.92799999999997,46.08899297423887,,
CHEMBL2349321,,,,13.49,89.99988880666073,,0.0020000000000000018,,,,,,
CHEMBL2349329,,,,,,,0.008599999999999941,,,,,,
CHEMBL2349334,,,,10.0,89.99985000025,,0.0015999999999999348,,,,,,
CHEMBL2349335,,,,20.42,89.99992654266525,,0.0043999999999999595,,,,,,
CHEMBL234975,,,0.6,,,,,,,,,,Cn1cncc1CN1CC(N(CC2CCN(C(=O)N3CCCCC3)CC2)S(=O)(=O)c2ccccn2)Cc2cc(C#N)ccc21
CHEMBL235252,,,57.0,,,,,,,,,,CCCCCCc1ccc(C(=O)CCN(C)CCc2ccccc2)cc1
CHEMBL235276,,,14.0,,,,,,,,,,CCCCCCc1ccc(NC(=O)/C=C/c2ccccc2)cc1
CHEMBL235357,,,,,,,0.054400000000000004,,,,,,
CHEMBL235392,,,,9.0,89.99983333364197,,0.046699999999999964,,15.0,53.99999999999999,20.769230769230766,,
CHEMBL235427,,,10000000.0,,,,,,,,,,CC(C(=O)NCc1cc(F)cc(F)c1)C(=O)N[C@@H]1C(=O)N(C)c2ccccc2-c2ccccc21
CHEMBL235489,,,57.0,,,,,,,,,,C=C(CC(=O)Nc1ccc(CCCCCC)cc1)C(=O)O
CHEMBL235491,,,621.0,,,,,,,,,,C#CC(=O)Nc1ccc(CCCCCC)cc1
CHEMBL235510,,,40.0,,,,,,,,,,NC(=O)[C@H](Cc1ccccc1)N1CCNC(=O)CCN[C@@H](Cc2ccccc2)C(=O)NCC(=O)NCC(=O)NCC(=O)NCC1=O
CHEMBL235579,,,,,,,0.054400000000000004,,,,,,
CHEMBL235581,,,,,,,0.08719999999999994,,,,,,
CHEMBL235646,,,10000000.0,,,,,,,,,,CC(C(=O)NCc1cc(F)cc(F)c1)C(=O)N[C@H]1C(=O)N(C)c2ccccc2-c2ccccc21
CHEMBL235648,,,10000000.0,,,,,,,,,,C[C@@H](C(=O)NCc1cc(F)cc(F)c1)C(=O)N[C@@H]1C(=O)N(C)c2ccccc2-c2ccccc21
CHEMBL235789,,,,4.23,89.99964433997468,,0.08719999999999994,,18.0,64.80000000000001,23.82352941176471,,O=C(NCC12CC3CC(CC(C3)C1)C2)c1cc(CN2CCNCC2)ccc1Cl
CHEMBL235904,,,29.0,,,,,,,,,,CCCCCCc1ccc(NC(=O)/C=C\C(=O)O)cc1
CHEMBL235922,,,965.0,,,,,,,,,,CCCCCCc1ccc(C(=O)CCN(C)CCO)cc1
CHEMBL236033,,,2323.0,,,,,,,,,,CCCCCCc1ccc(C(=O)CCN(C)C)cc1
CHEMBL2361207,,,,18.2,89.99991758249305,,,,50.12,180.432,45.053935277666795,,
CHEMBL236131,,,747.0,,,,,,,,,,CCCCCCc1ccc(C(=O)CCN(C(C)C)C(C)C)cc1
CHEMBL236132,,,1210.0,,,,,,,,,,CCCCCCc1ccc(C(=O)CCN2CCOCC2)cc1
CHEMBL236133,,,145.0,,,,,,,,,,CCCCCCc1ccc(C(=O)CCN2CCC(C(=O)OC)CC2)cc1
CHEMBL236134,,,681.0,,,,,,,,,,CCCCCCc1ccc(C(=O)CCN(C)Cc2ccco2)cc1
CHEMBL2361579,,,,57.54,89.99997393118586,,0.02090000000000003,,150.0,539.9999999999999,67.5,,
CHEMBL236205,,,42.2,,,,,,,,,,O=C(Nc1ccc(OC(F)(F)F)cc1)c1ccnn1CCc1ccncc1
CHEMBL236307,,,58.0,,,,,,,,,,CCCCCCc1ccc(C(=O)CCCBr)cc1
CHEMBL236338,,,21.0,,,,,,,,,,C#CC(=O)Oc1ccc(CCCCCC)cc1
CHEMBL236339,,,1029.0,,,,,,,,,,CCCCCCc1ccc(C(=O)CCl)cc1
CHEMBL236341,,,974.0,,,,,,,,,,CCCCCCc1ccc(C(=O)CF)cc1
CHEMBL236419,,,28.4,,,,,,,,,,O=C(Nc1cccc(OC(F)(F)Cl)c1)c1ccnn1CCc1ccncc1
CHEMBL236420,,,49.1,,,,,,,,,,CC(C)c1ccc(NC(=O)c2ccnn2CCc2ccncc2)cc1
CHEMBL2364624,,,,7.24,89.99968467047327,,,,3.0,10.799999999999999,5.094339622641509,,
CHEMBL236543,,,1117.0,,,,,,,,,,CCCCCCc1ccc(C(=O)C2CO2)cc1
CHEMBL236587,,,4.4350000000000005,,,,,,,,,,CCOc1cc(CN2CCC(Nc3nc4ccccc4o3)CC2)ccc1OC
CHEMBL236610,,,0.49,,,,,,,,,,CCOc1cc(CN2CCC(Nc3nc4ccccc4o3)CC2)ccc1Cl
CHEMBL236788,,,0.0,,,,0.29900000000000004,,,,,,CCOc1cc(CN2CCC(Nc3nc4cc(S(N)(=O)=O)ccc4o3)CC2)cc(OCC)c1N
CHEMBL2368925,,,,,,,,0.13,,,,,
CHEMBL2369736,,,2.0,,,,,,,,,,CC[C@H](C)[C@H](NC(=O)[C@H](CC(=O)O)NC(=O)[C@H](CC(C)C)NC(=O)[C@@H](NC(C)=O)C(c1ccccc1)c1ccccc1)C(=O)N(C)[C@H](C(=O)N[C@@H](Cc1c[nH]c2ccccc12)C(=O)O)[C@@H](C)CC
CHEMBL237600,,,38.0,,,,,,,,,,C=CC(=O)c1ccc(CCCCCC)cc1
CHEMBL237601,,,66.0,,,,,,,,,,CCCCCCc1ccc(C(=O)/C=C\C(=O)O)cc1
CHEMBL237605,,,43.0,,,,,,,,,,C=C(C)C(=O)c1ccc(CCCCCCC)cc1
CHEMBL237820,,,0.0,,,,,,,,,,C/C=C(\C)C(=O)c1ccc(CCCCCCC)cc1
CHEMBL237821,,,0.0,,,,,,,,,,CCCCCCc1ccc(C(=O)CC)cc1
CHEMBL238071,,,,,,,,35.0,,,,,
CHEMBL238103,,,178.0,,,,,,,,,,COc1ncc(OC)c2c(C(=O)C(=O)N3CCN(C(=O)c4ccccc4)CC3)c[nH]c12
CHEMBL238538,,,0.19,,,,,,,,,,Cc1c(N2CC(=O)NS2(=O)=O)csc1-c1cccc(NC2CCN(S(=O)(=O)Cc3ccccc3)CC2)c1
CHEMBL238678,,,6.3,,,,,,,,,,CCc1nc(N)nc(N)c1-c1ccc2c(c1)N(CCO)C(=O)C(C)(c1cc(F)cc(F)c1)O2
CHEMBL238866,,,17.0,,,,,,,,,,CCc1nc(N)nc(N)c1-c1ccc2c(c1)N(CCCOC)C(=O)C(C)(c1ccc(F)c(F)c1)O2
CHEMBL239074,,,34.0,,,,,,,,,,CCc1nc(N)nc(N)c1-c1ccc2c(c1)N(CCNC(C)=O)C(=O)C(C)(c1ccc(Cl)cc1)O2
CHEMBL239085,,,1.9,,,,,,,,,,CCc1nc(N)nc(N)c1-c1ccc2c(c1)N(CCNC(C)=O)C(=O)[C@@](C)(c1ccccc1)O2
CHEMBL239336,,,,,,,0.026800000000000046,,,,,,
CHEMBL239495,,,32.0,,,,,,,,,,CCc1nc(N)nc(N)c1-c1ccc2c(c1)N(CCCOC)C(=O)C(CC)(CC)O2
CHEMBL239496,,,29.5,,,,,,,,,,CCc1nc(N)nc(N)c1-c1ccc2c(c1)N(CCCOC)C(=O)C(C)(c1cc(F)cc(F)c1)O2
CHEMBL239497,,,17.0,,,,,,,,,,CCc1nc(N)nc(N)c1-c1ccc2c(c1)N(CCCOC)C(=O)C(CC)(c1cc(F)cc(F)c1)O2
CHEMBL239767,,,,,,,0.0026999999999999247,,3.0,10.799999999999999,5.094339622641509,,
CHEMBL24,,,0.13066666666666668,,,,,6.1,,,,,CC(C)NCC(O)COc1ccc(CC(N)=O)cc1
CHEMBL240317,,,,150.0,89.9999900000011,,,,20.0,72.0,25.714285714285715,,
CHEMBL240355,,,1.7,,,,,,,,,,CCc1nc(N)nc(N)c1-c1ccc2c(c1)N(CCNC(C)=O)C(=O)C(C)(C)O2
CHEMBL240364,,,0.3,,,,,,,,,,Cc1ccc(N2CCN(C(=O)[C@H](C)Cc3ccc(Cl)cc3)CC2)c([C@@H](NC(=O)CCN)C(C)C)c1
CHEMBL240391,,,1.5,,,,,,,,,,CCc1nc(N)nc(N)c1-c1ccc2c(c1)N(CCNC(=O)CO)C(=O)C(C)(c1cc(F)cc(F)c1)O2
CHEMBL240566,,,14.0,,,,,,,,,,CCc1nc(N)nc(N)c1-c1ccc2c(c1)N(CCCOC)C(=O)C(C)(CC)O2
CHEMBL240568,,,0.3,,,,,,,,,,CNCCN[C@H](c1cc(C)ccc1N1CCN(C(=O)[C@H](C)Cc2ccc(Cl)cc2F)CC1)C(C)C
CHEMBL240571,,,0.8,,,,,,,,,,CNCC(=O)N[C@H](c1cc(C)ccc1N1CCN(C(=O)[C@H](C)Cc2ccc(Cl)cc2F)CC1)C(C)C
CHEMBL240572,,,1.9,,,,,,,,,,Cc1ccc(N2CCN(C(=O)[C@H](C)Cc3ccc(Cl)cc3C)CC2)c([C@@H](NC(=O)CCN(C)C)C(C)C)c1
CHEMBL240598,,,5.1,,,,,,,,,,CCc1nc(N)nc(N)c1-c1ccc2c(c1)N(CCC(=O)NC)C(=O)C(C)(c1cc(F)cc(F)c1)O2
CHEMBL240780,,,1.2,,,,,,,,,,CNCCC(=O)N[C@H](c1cc(C)ccc1N1CCN(C(=O)[C@H](C)Cc2ccc(Cl)cc2)CC1)C(C)C
CHEMBL240813,,,1.8,,,,,,,,,,CCc1nc(N)nc(N)c1-c1ccc2c(c1)N(CCNS(C)(=O)=O)C(=O)C(C)(c1cc(F)cc(F)c1)O2
CHEMBL241032,,,2.1,,,,,,,,,,CCc1nc(N)nc(N)c1-c1ccc2c(c1)N(CCNC(=O)OC)C(=O)C(C)(c1cc(F)cc(F)c1)O2
CHEMBL241457,,,2.8,,,,,,,,,,CCc1nc(N)nc(N)c1-c1ccc2c(c1)N(CCOCC(F)(F)F)C(=O)C(C)(c1cc(F)cc(F)c1)O2
CHEMBL241458,,,9.0,,,,,,,,,,CCc1nc(N)nc(N)c1-c1ccc2c(c1)N(CCCC(F)(F)F)C(=O)C(C)(c1cc(F)cc(F)c1)O2
CHEMBL241970,,,,17.38,89.9999136939838,,,,,,,,
CHEMBL242403,,,,9.33,89.99983922858301,,,,,,,,
CHEMBL243001,,,,10.47,89.99985673375241,,,,7.41,26.676,11.616443128374847,,Cc1nc2ccc(Oc3ccc(F)cc3)cc2c(=O)n1C[C@H]1CCCN(C(C)C)C1
CHEMBL243027,,,145.0,,,,,,,,,,CC(C)(O)CCCn1c(Cn2c(=O)n(C3CC3)c3ccncc32)nc2ccccc21
CHEMBL243028,,,137.0,,,,,,,,,,O=c1n(Cc2nc3ccccc3n2CCC2(O)CC2)c2cnccc2n1C1CC1
CHEMBL243029,,,33.0,,,,,,,,,,CS(=O)(=O)CCCn1c(Cn2c(=O)n(C3CC3)c3ccncc32)nc2ccccc21
CHEMBL243031,,,36.0,,,,,,,,,,CS(=O)(=O)CCCn1c(Cn2c(=O)n(CC(F)(F)F)c3ccncc32)nc2ccccc21
CHEMBL243032,,,92.0,,,,,,,,,,CCS(=O)(=O)CCCn1c(Cn2c(=O)n(CC(F)(F)F)c3ccncc32)nc2ccccc21
CHEMBL243150,,,2.4,,,,,,,,,,CN1CCN(S(C)(=O)=O)CC1c1nc(C(=O)NCc2ccc(F)cc2)c(O)c(=O)n1C
CHEMBL243365,,,3.2,,,,,,,,,,CN1CCN(S(=O)(=O)N(C)C)CC1c1nc(C(=O)NCc2ccc(F)cc2)c(O)c(=O)n1C
CHEMBL243875,,,115.0,,,,,,,,,,O=c1n(Cc2nc3ccccc3n2CCCO)c2cnccc2n1C1CC1
CHEMBL243876,,,131.66666666666666,,,,,,,,,,O=c1n(Cc2nc3ccccc3n2CCCCO)c2cnccc2n1C1CC1
CHEMBL243877,,,161.0,,,,,,,,,,O=c1n(Cc2nc3ccccc3n2CCCCO)c2cnccc2n1C1CCC1
CHEMBL243878,,,160.0,,,,,,,,,,O=c1n(Cc2nc3ccccc3n2CCCCO)c2cnccc2n1C1CCCC1
CHEMBL243978,,,,,,,,,13.0,46.8,18.57142857142857,,
CHEMBL244131,,,,4.79,89.99968684868875,,,,,,,,
CHEMBL244183,,,,,,,,,13.0,46.8,18.57142857142857,,
CHEMBL244184,,,,,,,,,3.0,10.799999999999999,5.094339622641509,,
CHEMBL244347,,,1.83,,,,,,,,,,CN(C(=O)CC[C@@H](C1CCCCC1)N1Cc2cc(Oc3ccccc3)ccc2N=C1N)C1CCCCC1
CHEMBL244488,,,43.4,,,,,,,,,,O=C(NOCCO)c1ccc(F)c(F)c1Nc1ccc(I)cc1F
CHEMBL244521,,,,29.51,89.99994916980167,,,,12.88,46.368,18.435114503816795,,CC(C)c1nc2ccc(-c3ccc(F)cc3)cc2c(=O)n1C[C@H]1CCCN(C(C)C)C1
CHEMBL244564,,,0.0,,,,,,,,,,O=C(O)COc1c(C(=O)O)sc(-c2cccc(OC3CCN(S(=O)(=O)Cc4ccccc4)CC3)c2)c1Br
CHEMBL2448076,,,10.6,,,,,,,,,,Cl.Cl.O=C(CCc1ccc2nc(-c3ccccc3)c3c(c2c1)OCCC3)NCCCCCNc1c2c(nc3cc(Cl)ccc13)CCCC2
CHEMBL244877,,,24.6,,,,,,,,,,Cc1cc(O)no1
CHEMBL244936,,,,3.8,89.9996052648892,,,,3.0,10.799999999999999,5.094339622641509,,
CHEMBL245196,,,,13.49,89.99988880666073,,,,,,,,
CHEMBL245425,,,0.1,,,,,,,,,,O=C1CC(c2ccc(C[C@H](Nc3nc4ccc(C(F)(F)F)cc4s3)c3nc4ccccc4[nH]3)cc2)S(=O)(=O)N1
CHEMBL245831,,,0.1,,,,,,,,,,O=C1CC(c2ccc(C[C@H](Nc3nc4c(C(F)(F)F)cccc4s3)c3nc4ccccc4[nH]3)cc2)S(=O)(=O)N1
CHEMBL246036,,,1.3,,,,,,,,,,O=C1CC(c2ccc(C[C@H](Nc3nc4cc(F)ccc4s3)c3nc4ccccc4[nH]3)cc2)S(=O)(=O)N1
CHEMBL246038,,,1.7,,,,,,,,,,O=C1CC(c2ccc(C[C@H](Nc3nc4c(F)cccc4s3)c3nc4ccccc4[nH]3)cc2)S(=O)(=O)N1
CHEMBL246052,,,19.6,,,,,,,,,,O=C1Nc2c(C(F)(F)F)cccc2C1(c1ccc(O)cc1)c1ccc(O)cc1
CHEMBL246160,,,10.399999999999999,,,,,,,,,,CN(C)CC1CCC(CNc2nc(NCc3ccccc3Cl)ncc2[N+](=O)[O-])CC1
CHEMBL246161,,,9.35,,,,,,,,,,O=[N+]([O-])c1cnc(NCc2ccccc2Cl)nc1NCC1CCNCC1
CHEMBL246247,,,0.8,,,,,,,,,,O=C1CC(c2ccc(C[C@H](Nc3nc4ccc(Cl)cc4s3)c3nc4ccccc4[nH]3)cc2)S(=O)(=O)N1
CHEMBL246252,,,25.5,,,,,,,,,,C[C@H]1CC[C@H](NC(=O)c2cnc(N3CCC(CO)CC3)cn2)CC1
CHEMBL246270,,,238.0,,,,,,,,,,Cc1oc(-c2ccccc2)nc1CCOc1cccc(CN(CC(=O)O)Cc2ccccc2)c1
CHEMBL246284,,,64.0,,,,,,,,,,Fc1cccc(Cn2ncc3cc(Nc4ncnn5ccc(COC[C@@H]6CNCCO6)c45)ccc32)c1
CHEMBL246452,,,0.8,,,,,,,,,,O=C1CC(c2ccc(C[C@H](Nc3nc4cc(Cl)ccc4s3)c3nc4ccccc4[nH]3)cc2)S(=O)(=O)N1
CHEMBL24646,,,,,,,0.10950000000000004,1.8,14.0,50.4,19.6875,,
CHEMBL246659,,,0.5,,,,,,,,,,COc1ccc2nc(N[C@@H](Cc3ccc(C4CC(=O)NS4(=O)=O)cc3)c3nc4ccccc4[nH]3)sc2c1
CHEMBL246869,,,0.2,,,,,,,,,,O=C1CC(c2ccc(C[C@H](Nc3nc4ccc(Br)cc4s3)c3nc4ccccc4[nH]3)cc2)S(=O)(=O)N1
CHEMBL246970,,,5.45,,,,,,,,,,NCC1CCC(CNc2nc(NCc3ccccc3Cl)ncc2[N+](=O)[O-])CC1
CHEMBL247035,,,3.43,,,,,,,,,,COc1cccc(CN(c2c(Cl)c(Cl)cc3[nH]c(=O)c(=O)[nH]c23)S(C)(=O)=O)c1
CHEMBL247074,,,0.4,,,,,,,,,,O=C1CC(c2ccc(C[C@H](Nc3nc4ccccc4s3)c3nc4cc(C(F)(F)F)ccc4[nH]3)cc2)S(=O)(=O)N1
CHEMBL247075,,,0.8,,,,,,,,,,O=C1CC(c2ccc(C[C@H](Nc3nc4ccccc4s3)c3nc4ccccc4[nH]3)cc2F)S(=O)(=O)N1
CHEMBL247278,,,0.5,,,,,,,,,,Cc1cc(C[C@H](Nc2nc3ccccc3s2)c2nc3ccccc3[nH]2)ccc1C1CC(=O)NS1(=O)=O
CHEMBL247438,,,29.6,,,,,,,,,,Cc1nc2c(cnn2-c2ccccc2)c(=O)n1-c1ccc(Cl)cc1
CHEMBL247471,,,,,,,0.0009999999999998899,,,,,,
CHEMBL247496,,,43.1,,,,,,,,,,O=C1Nc2c(ccc(F)c2F)C1(c1ccc(O)cc1)c1ccc(O)cc1
CHEMBL247828,,,,,,,0.0030000000000000027,,,,,,
CHEMBL247925,,,15.0,,,,,,,,,,Cc1oc(-c2ccccc2)nc1CCOc1ccc(CN(CC(=O)O)Cc2ccc(Oc3ccccc3)cc2)cc1
CHEMBL248052,,,5.49,,,,,,,,,,Cc1nc2c(cnn2-c2ccccc2)c(=O)n1N1CCCCC1
CHEMBL248208,,,19.4,,,,,,,,,,Cc1nc2c(cnn2-c2ccccc2)c(=O)n1-c1ccc(Br)cc1
CHEMBL248233,,,17.6,,,,,,,,,,Cc1nc2c(cnn2-c2cccc(S(N)(=O)=O)c2)c(=O)n1-c1ccc(Cl)cc1
CHEMBL248291,,,0.4,,,,,,,,,,Cc1cc(C[C@H](NS(=O)(=O)c2ccccc2)c2nc3ccccc3[nH]2)ccc1[C@@H]1CC(=O)NS1(=O)=O
CHEMBL248436,,,1.75,,,,,,,,,,CS(=O)(=O)N(Cc1cccc(F)c1)c1c(Cl)c(Cl)cc2[nH]c(=O)c(=O)[nH]c12
CHEMBL248438,,,1.52,,,,,,,,,,CS(=O)(=O)N(CC1CCCO1)c1c(Cl)c(Cl)cc2[nH]c(=O)c(=O)[nH]c12
CHEMBL248439,,,0.01,,,,,,,,,,COCCN(c1c(Cl)c(Cl)cc2[nH]c(=O)c(=O)[nH]c12)S(C)(=O)=O
CHEMBL248442,,,10.0,,,,,,,,,,CCOCCN(c1c(Cl)c(Cl)cc2[nH]c(=O)c(=O)[nH]c12)S(C)(=O)=O
CHEMBL248443,,,0.41,,,,,,,,,,CS(=O)(=O)N(CCC(F)(F)F)c1c(Cl)c(Cl)cc2[nH]c(=O)c(=O)[nH]c12
CHEMBL248444,,,0.14,,,,,,,,,,COCCN(c1c(Cl)c(C)cc2[nH]c(=O)c(=O)[nH]c12)S(C)(=O)=O
CHEMBL248445,,,0.01,,,,,,,,,,COCCN(c1c(C)c(Cl)cc2[nH]c(=O)c(=O)[nH]c12)S(C)(=O)=O
CHEMBL248446,,,0.01,,,,,,,,,,CCc1cc2[nH]c(=O)c(=O)[nH]c2c(N(CCCOC)S(C)(=O)=O)c1Cl
CHEMBL248490,,,1.3,,,,,,,,,,O=C1CC(c2ccc(C[C@H](Nc3nc4ccccc4s3)c3nc4ccccc4[nH]3)cc2)S(=O)(=O)N1
CHEMBL24850,,,,25.7,89.9999416342791,,,,,,,,
CHEMBL248702,,,,,,,,14.0,,,,,
CHEMBL248849,,,15.0,,,,,,,,,,O=C(C1CCN(c2ccncc2)CC1)N1CC[C@@H](CNS(=O)(=O)/C=C/c2ccc(-c3ccc(Cl)s3)s2)C1
CHEMBL249584,,,,,,,,,3.0,10.799999999999999,5.094339622641509,,
CHEMBL249789,,,,,,,0.0015000000000000568,,,,,,OC[C@H]1C[C@@H](n2nnc3c(N[C@@H]4C[C@H]4c4ccc(F)c(F)c4)nc(SCCC(F)(F)F)nc32)[C@H](O)[C@@H]1O
CHEMBL249790,,,,,,,0.0015000000000000568,,,,,,OCCO[C@H]1C[C@@H](n2nnc3c(N[C@@H]4C[C@H]4c4ccc(F)c(F)c4)nc(SCCC(F)(F)F)nc32)[C@H](O)[C@@H]1O
CHEMBL249856,,,,,,,,1.0,,,,,
CHEMBL25,,,,,,,,0.26,,,,,
CHEMBL250512,,,2.6,,,,,,,,,,C=CC[C@]1(O)CC[C@H]2[C@@H]3CCC4=CC(=O)CCC4=C3[C@@H](c3ccc(P(=O)(c4ccccc4)c4ccccc4)cc3)C[C@@]21C
CHEMBL250687,,,,,,,0.007699999999999929,,,,,,CCCSc1nc(N[C@@H]2C[C@H]2c2ccccc2)c2nnn([C@@H]3C[C@H](CO)[C@@H](O)[C@H]3O)c2n1
CHEMBL250750,,,14.5,,,,,,,,,,C=CC[C@]1(O)CC[C@H]2[C@@H]3CCC4=CC(=O)CCC4=C3[C@@H](c3ccc(P(=O)(OCC)OCC)cc3)C[C@@]21C
CHEMBL250774,,,,,,,0.013000000000000012,,,,,,
CHEMBL250961,,,,150.0,89.9999900000011,,,,144.54,520.3439999999999,66.86851033206538,,
CHEMBL251073,,,,3.47,89.99956772541918,,,,,,,,
CHEMBL251074,,,,3.0,89.99950000277776,,,,,,,,
CHEMBL251701,,,,,,,0.0262,,,,,,COc1ccc2c(C)cc(N[C@H]3CC[C@H](NCc4cn(C)c5cccnc45)C3)nc2c1
CHEMBL252124,,,,,,,,,,,,0.432,CCNC(=O)c1noc(-c2cc(Cl)c(O)cc2O)c1-c1ccc(OC)cc1
CHEMBL252164,,,,,,,,,,,,0.478,CCNC(=O)c1noc(-c2cc(C(C)C)c(O)cc2O)c1-c1ccc(CN2CCOCC2)cc1
CHEMBL253641,,,,,,,0.011900000000000022,,,,,,
CHEMBL253881,,,15.0,,,,,,,,,,NC1CCN(Cc2ccn3ncnc(Oc4ccc(NC(=O)NC(=O)Cc5ccc(F)cc5)cc4F)c23)CC1
CHEMBL254129,,,,,,,0.0676000000000001,,,,,,
CHEMBL254193,,,,,,,,5.6,,,,,
CHEMBL254219,,,,,,,,180.0,,,,,
CHEMBL254328,,,,54.95,89.99997270246506,,,,,,,,
CHEMBL254370,,,,65.0,89.99997692308284,,,,3.0,10.799999999999999,5.094339622641509,,
CHEMBL254497,,,,,,,0.011099999999999999,,,,,,
CHEMBL254832,,,,,,,0.011599999999999944,,,,,,
CHEMBL255044,,,,,,,0.16000000000000003,8.5,,,,,
CHEMBL255536,,,,26.0,89.99994230772928,,,,150.0,539.9999999999999,67.5,,
CHEMBL25554,,,,,,,0.02400000000000002,,,,,,
CHEMBL255858,,,34.5,,,,,,,,,,Cc1cc[n+]([O-])c(C)c1C(=O)N1CCC(C)(N2CCC(N(c3ccccc3)c3cccnc3)CC2)CC1
CHEMBL256418,,,30.0,,,,,,,,,,O=C(O)c1ccc(-c2ccc(CCNC[C@H](O)c3cccc(Cl)c3)cc2)cc1OC1CCCCC1
CHEMBL256467,,,0.2,,,,,,,,,,O=C(NCCN1CCCCC1)c1nc(NCC(c2ccccc2)c2ccccc2)c2ncn([C@@H]3O[C@H](CO)[C@@H](O)[C@H]3O)c2n1
CHEMBL256668,,,,32.61,89.9999498431458,,0.011399999999999966,,6.18,22.247999999999998,9.900320398718405,,
CHEMBL256794,,,280.0,,,,,,,,,,COc1ccc(CN([C@@H]2CC(F)(F)CCNC2=O)S(=O)(=O)c2ccc(Cl)cc2)cn1
CHEMBL256907,,,5.5,,,,,,,,,,Cc1nnc(C(C)C)n1[C@H]1C[C@H]2CC[C@@H](C1)N2CC[C@H](NC(=O)C1CCC(F)(F)CC1)c1ccccc1
CHEMBL256963,,,,19.05,89.9999212599114,,0.1631999999999999,,3.0,10.799999999999999,5.094339622641509,,
CHEMBL256982,,,18.0,,,,,,,,,,CS(=O)(=O)Nc1c(Cl)ccc2c1CCCC2c1ncc[nH]1
CHEMBL257006,,,,,,,0.02290000000000003,,,,,,
CHEMBL257025,,,,17.78,89.99991563562463,,0.03500000000000003,,14.0,50.4,19.6875,,
CHEMBL257027,,,,,,,,,3.0,10.799999999999999,5.094339622641509,,
CHEMBL257167,,,,,,,,,3.0,10.799999999999999,5.094339622641509,,
CHEMBL257178,,,,9.8,89.99984693903582,,,,40.4,145.44,40.2212389380531,,
CHEMBL257269,,,,,,,,,9.0,32.400000000000006,13.728813559322036,,
CHEMBL257830,,,,19.6,89.99992346945284,,0.014599999999999946,,3.0,10.799999999999999,5.094339622641509,,
CHEMBL257991,,,,,,,0.009899999999999909,,,,,,
CHEMBL258202,,,83.0,,,,,,,,,,CC[C@@H](C)Nc1ncc(C(=O)Nc2cc(C(=O)NC)ccc2C)s1
CHEMBL258282,,,,13.49,89.99988880666073,,0.11650000000000005,,30.2,108.71999999999998,33.890274314214466,,CN1CCN(CCOc2n[nH]c3ncnc(Nc4ccc(OCc5ccccn5)c(Cl)c4)c23)CC1
CHEMBL258539,,,10.6,,,,,,,,,,O=C(c1cc2c(cc1F)O[C@](c1ccc(F)cc1)(c1ccc(Cl)cc1Cl)O2)N1CCOCC1
CHEMBL258806,,,3.0,,,,,,,,,,COc1cc(-c2ccc(-n3cc(NC(N)=O)c(C(N)=O)n3)cc2F)ccc1O
CHEMBL258807,,,3.0,,,,,,,,,,Cc1cc(-c2ccc(-n3cc(NC(N)=O)c(C(N)=O)n3)cc2F)cc(C)c1O
CHEMBL258943,,,3.0,,,,,,,,,,COc1ccc(-c2ccc(-n3cc(NC(N)=O)c(C(N)=O)n3)cc2F)cc1C
CHEMBL259074,,,3.0,,,,,,,,,,NC(=O)Nc1cn(-c2ccc(-c3ccc(O)c(F)c3)c(O)c2)nc1C(N)=O
CHEMBL259081,,,,19.95,89.99992481209289,,0.0012000000000000899,,150.0,539.9999999999999,67.5,,
CHEMBL259114,,,1.78,,,,,,,,,,CCCCn1c(=O)c2cccnc2n1Cc1ccc(-c2ccccc2-c2nn[nH]n2)cc1
CHEMBL259145,,,3.0,,,,,,,,,,Cc1cc(-c2ccc(-n3cc(NC(N)=O)c(C(N)=O)n3)cc2)cc(C)c1O
CHEMBL259287,,,3.0,,,,,,,,,,CCOc1cc(-n2cc(NC(N)=O)c(C(N)=O)n2)ccc1-c1ccc(O)c(F)c1
CHEMBL259353,,,3.6,,,,,,,,,,CCCCn1c2ncccc2c(=O)n1Cc1ccc(-c2ccccc2-c2nn[nH]n2)cc1
CHEMBL259850,,,,91.0,89.99998351648654,,0.0031999999999999806,,56.0,201.6,47.54716981132075,,
CHEMBL259927,,,3.0,,,,,,,,,,NC(=O)Nc1cn(-c2ccc(-c3ccc(O)c(O)c3)cc2)nc1C(N)=O
CHEMBL260015,,,28.0,,,,,,,,,,c1ccc(-c2nn3c(c2-c2ccnc4cc(OCCN5CCOCC5)ccc24)CCC3)nc1
CHEMBL260091,,,,27.02,89.99993118220853,,0.03579999999999994,,,,,,
CHEMBL260367,,,26.7,,,,,,,,,,COc1cc(-c2nnc([S+]([O-])Cc3ccccc3)o2)cc(OC)c1OC
CHEMBL261012,,,3.0,,,,,,,,,,COc1ccc(-c2ccc(-n3cc(NC(N)=O)c(C(N)=O)n3)cc2C)cc1C
CHEMBL261410,,,3.0,,,,,,,,,,Cc1cc(-n2cc(NC(N)=O)c(C(N)=O)n2)ccc1-c1ccc(O)c(F)c1
CHEMBL261454,,,76.0,,,,,,,,,,c1ccc(-c2n[nH]cc2-c2ccnc3ccccc23)nc1
CHEMBL261531,,,7.3,,,,,,,,,,COc1cc(Nc2c(C#N)cnc3cc(NCCCN(C)C)c(OC)cc23)c(Cl)cc1Cl
CHEMBL261615,,,3.0,,,,,,,,,,Cc1cc(O)ccc1-c1ccc(-n2cc(NC(N)=O)c(C(N)=O)n2)cc1
CHEMBL261629,,,3.0,,,,,,,,,,COc1cc(F)c(-c2ccc(-n3cc(NC(N)=O)c(C(N)=O)n3)cc2C)c(F)c1
CHEMBL261674,,,13.0,,,,,,,,,,CN1CCN(CCCOc2ccc3c(-c4c(-c5ccccn5)nn5c4CCC5)ccnc3c2)CC1
CHEMBL261762,,,54.0,,,,,,,,,,ClCCOc1ccc2c(-c3c(-c4ccccn4)nn4c3CCC4)ccnc2c1
CHEMBL262085,,,3.0,,,,,,,,,,NC(=O)Nc1cn(-c2ccc(-c3ccc(O)cc3)c(F)c2)nc1C(N)=O
CHEMBL262098,,,10.8,,,,,,,,,,CCCCn1c(=O)c2cc(Cl)cnc2n1Cc1ccc(-c2ccccc2-c2nn[nH]n2)cc1
CHEMBL262273,,,,,,,0.21989999999999998,,,,,,
CHEMBL262514,,,3.1e-06,,,,,,,,,,CCCc1nc(Cl)ncc1C(=O)Nc1cc(C(F)(F)F)cc(C(F)(F)F)c1
CHEMBL262614,,,3.0,,,,,,,,,,NC(=O)Nc1cn(-c2ccc(-c3ccc(O)cc3)c(Cl)c2)nc1C(N)=O
CHEMBL262777,,,,,,,,6.5,,,,,CN[C@H](CC(C)C)C(=O)N[C@H]1C(=O)N[C@@H](CC(N)=O)C(=O)N[C@H]2C(=O)N[C@H]3C(=O)N[C@H](C(=O)N[C@H](C(=O)O)c4cc(O)cc(O)c4-c4cc3ccc4O)[C@H](O)c3ccc(c(Cl)c3)Oc3cc2cc(c3O[C@@H]2O[C@H](CO)[C@@H](O)[C@H](O)[C@H]2O[C@H]2C[C@](C)(N)[C@H](O)[C@H](C)O2)Oc2ccc(cc2Cl)[C@H]1O
CHEMBL262993,,,4.7,,,,,,,,,,CC[C@H](C)[C@H](NC(=O)[C@H](CC(=O)O)NC(=O)[C@H](CC(C)C)NC(=O)[C@@H](NC(C)=O)C1c2ccccc2CCc2ccccc21)C(=O)N[C@H](C(=O)N[C@@H](Cc1c[nH]c2ccccc12)C(=O)O)[C@@H](C)CC
CHEMBL263252,,,0.35,,,,,,,,,,Nc1noc2ccc(-n3nc(C(F)(F)F)cc3C(=O)Nc3ccc(-c4ccccc4C[n+]4ccccc4)cc3F)cc12.[Br-]
CHEMBL263499,,,,,,,,60.0,,,,,
CHEMBL263892,,,3.0,,,,,,,,,,COc1cc(-c2ccc(-n3cc(NC(N)=O)c(C(N)=O)n3)cc2C)ccc1O
CHEMBL263894,,,3.0,,,,,,,,,,Cc1cc(-n2cc(NC(N)=O)c(C(N)=O)n2)ccc1-c1cc(C)c(O)c(Br)c1
CHEMBL264241,,,,,,,,40.0,,,,,
CHEMBL264405,,,3.0,,,,,,,,,,Cc1cc(O)ccc1-c1ccc(-n2cc(NC(N)=O)c(C(N)=O)n2)cc1C
CHEMBL265208,,,8.7,,,,,,,,,,CCCCn1c2nc(C)ccc2c(=O)n1Cc1ccc(-c2ccccc2-c2nn[nH]n2)cc1
CHEMBL265502,,,,,,,,1200.0,,,,,
CHEMBL265603,,,0.5,,,,,,,,,,Cn1cncc1CN1CC(N(CC2CCN(C(=O)C3CC3)CC2)S(=O)(=O)c2ccccn2)Cc2cc(C#N)ccc21
CHEMBL266195,,,,81.59,89.9999380956719,,,2.5,,,,,C=CCc1ccccc1OCC(O)CNC(C)C
CHEMBL266349,,,,,,,,1.6,,,,,
CHEMBL266510,,,,,,,,37.0,,,,,
CHEMBL267144,,,,144.54,89.99998962225109,,0.37060000000000004,,30.9,111.24,34.37577255871446,,
CHEMBL267648,,,23.0,,,,,11.0,,,,,CCn1cc(C(=O)O)c(=O)c2cc(F)c(N3CCN(C)CC3)cc21
CHEMBL267744,,,,61.0,89.99997540984279,,,,82.0,295.2,55.909090909090914,,
CHEMBL267894,,,,11.75,89.99987234060661,,0.3923,,,,,,
CHEMBL267959,,,10000000.0,,,,,,,,,,C[C@H](C(=O)NCc1cc(F)cc(F)c1)C(=O)N[C@@H]1C(=O)N(C)c2ccccc2-c2ccccc21
CHEMBL268254,,,,,,,,200.0,,,,,O=C1CN=C(c2ccccc2Cl)c2cc(Cl)ccc2N1
CHEMBL268764,,,0.05,,,,,,,,,,CCN(CC)CCN(Cc1ccc(-c2ccc(C(F)(F)F)cc2)cc1)C(=O)Cn1c(C)cc(=O)nc1SCc1ccc(F)cc1
CHEMBL269732,,,,,,,,26.0,,,,,
CHEMBL27,,,21.522222222222222,,,,,3.4,,,,,CC(C)NCC(O)COc1cccc2ccccc12
CHEMBL270026,,,26.0,,,,,,,,,,CC(C)Cc1cc(-c2ccc(CCNC[C@H](O)c3ccccc3)cc2)ccc1C(=O)O
CHEMBL270548,,,4.6,,,,,,,,,,COc1cc2nccc(Oc3ccc4c(c3)OCCN4C(=O)Nc3ccc(Cl)cc3)c2cc1OC
CHEMBL270591,,,5.1,,,,,,,,,,CCS(=O)(=O)CCN(C(=O)Cc1ccc(F)c(C(F)(F)F)c1)[C@H](C)c1nc(C2CC2)cn1-c1ccc(C#N)cc1
CHEMBL271012,,,,29.060000000000002,89.99994831391703,,0.0013999999999999568,,3.0,10.799999999999999,5.094339622641509,,
CHEMBL271013,,,,,,,0.04569999999999996,,,,,,
CHEMBL271023,,,,150.0,89.9999900000011,,,,150.0,539.9999999999999,67.5,,
CHEMBL271574,,,10.0,,,,,,,,,,CC(C)Sc1cc(-c2ccc(CCNC[C@H](O)c3ccccc3)cc2)ccc1C(=O)O
CHEMBL271703,,,,,,,0.04469999999999996,,12.0,43.199999999999996,17.419354838709676,,
CHEMBL27193,,,,,,,,3.3,,,,,
CHEMBL271945,,,18.0,,,,,,,,,,CC(C)Oc1cc(-c2ccc(CCNC[C@H](O)c3ccccc3)cc2)ccc1C(=O)O
CHEMBL272080,,,,,,,,24.0,,,,,
CHEMBL272282,,,,,,,,,3.0,10.799999999999999,5.094339622641509,,
CHEMBL272383,,,3.3,,,,,,,,,,COc1cc(-c2ccc(CCNC[C@H](O)c3cccc(Cl)c3)cc2)ccc1C(=O)O
CHEMBL272551,,,,150.0,89.9999900000011,,,,64.0,230.39999999999998,50.52631578947368,,
CHEMBL272584,,,30.0,,,,,,,,,,CC(C)Oc1cc(-c2ccc(CCNC[C@H](O)c3cccc(Cl)c3)cc2)ccc1C(=O)O
CHEMBL272705,,,,44.15,89.9999602324107,,0.015999999999999903,,8.28,29.807999999999993,12.786547700754973,,
CHEMBL272761,,,0.7,,,,,,,,,,CCNC(=O)[C@H]1O[C@@H](n2cnc3c(NCC(c4ccccc4)c4ccccc4)nc(CNC(=O)NCCN(C(C)C)C4CCCC4)nc32)[C@H](O)[C@@H]1O
CHEMBL272842,,,,28.0,89.99994642860332,,,,3.0,10.799999999999999,5.094339622641509,,
CHEMBL273453,,,0.6,,,,,,,,,,C[C@]12CCC(=O)C=C1CC[C@@H]1[C@@H]2[C@@H](O)C[C@]2(C=O)[C@@H](C(=O)CO)CC[C@@H]12
CHEMBL273503,,,0.12,,,,,,,,,,CCc1cn(CC(=O)N(CCN(CC)CC)Cc2ccc(-c3ccc(Cl)cc3)cc2)c(SCc2ccc(F)cc2)nc1=O
CHEMBL273575,,,,,,,,6.5,,,,,
CHEMBL274070,,,,,,,,7.0,,,,,
CHEMBL274551,,,0.13,,,,,,,,,,CCCc1cn(CC(=O)N(CCN(CC)CC)Cc2ccc(-c3ccc(C(F)(F)F)cc3)cc2)c(SCc2ccc(F)cc2)nc1=O
CHEMBL274713,,,,,,,,,3.0,10.799999999999999,5.094339622641509,,
CHEMBL274737,,,,,,,0.013000000000000012,,8.71,31.356000000000005,13.352069494123661,,CC[C@H](CO)Nc1nc(SCc2ccccc2)nc2nc(N)sc12
CHEMBL275128,,,0.006,,,,,,,,,,CCN(CC)CCN(Cc1ccc(-c2ccc(C(F)(F)F)cc2)cc1)C(=O)Cn1cc([S+](C)[O-])c(=O)nc1SCc1ccc(F)cc1
CHEMBL275224,,,,,,,,,89.0,320.4,57.62589928057554,,
CHEMBL275528,,,,,,,,16.0,,,,,
CHEMBL275742,,,,,,,0.17610000000000003,,,,,,
CHEMBL275955,,,,,,,0.3288,,,,,,
CHEMBL276832,,,,,,,,0.96,,,,,
CHEMBL276856,,,0.002,,,,,,,,,,Cn1cc(Cc2cn(CC(=O)N(CCO)Cc3ccc(-c4ccc(Cl)cc4)cc3)c(SCc3ccc(F)cc3)nc2=O)cn1
CHEMBL277062,,,,,,,,21.0,,,,,O=C1CN=C(c2ccccn2)c2cc(Br)ccc2N1
CHEMBL277474,,,1.18,3.735,89.99958221677957,,0.8065,12.0,,,,,Cc1cc(=O)n(-c2ccccc2)n1C
CHEMBL277498,,,0.0,,,,,,,,,,O=C(O)C1CCCNC1
CHEMBL277556,,,3.0,,,,,,,,,,Cc1cc(-c2ccc(-n3cc(NC(N)=O)c(C(N)=O)n3)cc2F)ccc1O
CHEMBL278255,,,,,,,,5.4,,,,,
CHEMBL278390,,,,10.96,89.99986313889426,,,,,,,,
CHEMBL27890,,,,,,,0.0010999999999999899,,,,,,
CHEMBL279229,,,,,,,,3.5,,,,,
CHEMBL279516,,,,,,,,4.3,,,,,
CHEMBL279898,,,,,,,0.3288,1.8,,,,,
CHEMBL280148,,,,3.0,89.99950000277776,,,,11.0,39.599999999999994,16.22950819672131,,
CHEMBL280481,,,,,,,,2.3,,,,,
CHEMBL280503,,,4.25,,,,,,,,,,COc1ccc(C[C@H](NC(=O)N2CCOCC2)C(=O)N[C@@H](Cc2c[nH]cn2)C(=O)N[C@H](CC2CCCCC2)[C@H](O)[C@H](O)CN=[N+]=[N-])cc1
CHEMBL281436,,,0.79,,,,,,,,,,COc1ccc(C[C@H](NC(=O)C(C)C)C(=O)N[C@@H](Cc2c[nH]cn2)C(=O)N[C@H](CC2CCCCC2)[C@H](O)[C@H](O)CN=[N+]=[N-])cc1
CHEMBL282479,,,,,,,0.014899999999999913,,,,,,
CHEMBL282625,,,,,,,,,7.0,25.2,11.05263157894737,,
CHEMBL282686,,,,,,,,45.0,,,,,
CHEMBL284237,,,,,,,0.5288,,,,,,
CHEMBL284275,,,,3.63,89.99958677875675,,0.1934999999999999,,5.37,19.332,8.728553368249957,,
CHEMBL285347,,,,,,,,1.1,,,,,
CHEMBL285831,,,,18.2,89.99991758249305,,,,,,,,
CHEMBL286364,,,5.5,,,,,,,,,,CC(C)C[C@H](NC(=O)c1cc2ccccc2o1)C(=O)N[C@H]1CCCN(S(=O)(=O)c2ccccn2)CC1=O
CHEMBL286494,,,,,,,,42.0,,,,,
CHEMBL288470,,,,3.47,89.99956772541918,,,,,,,,
CHEMBL289125,,,8.0,,,,,,,,,,CSc1nc(NCCc2ccccc2)c2cnn(CC(Cl)c3ccccc3)c2n1
CHEMBL289330,,,,,,,0.5402,,,,,,
CHEMBL289469,,,,,,,,5.2,,,,,
CHEMBL29,,,,,,,,0.7,,,,,
CHEMBL290194,,,,,,,,2.8,,,,,
CHEMBL290548,,,,,,,,,17.0,61.2,22.83582089552239,,
CHEMBL291784,,,7.05,,,,,,,,,,CN1C(=O)C(c2ccccc2)(c2ccccc2)N=C1N
CHEMBL29384,,,,,,,0.29900000000000004,,,,,,
CHEMBL294099,,,,3.0,89.99950000277776,,,,,,,,
CHEMBL295467,,,,,,,0.4827,,3.0,10.799999999999999,5.094339622641509,,
CHEMBL296035,,,,79.355,89.99990889224338,,0.08010000000000006,2.3,,,,,
CHEMBL29609,,,,13.49,89.99988880666073,,,,14.45,52.019999999999996,20.178432893716057,,
CHEMBL296419,,,6.1,,,,0.0262,,66.0,237.59999999999997,51.206896551724135,,COc1ccc(CCN2CCC(Nc3nc4ccccc4n3Cc3ccc(F)cc3)CC2)cc1
CHEMBL296468,,,1.0,,,,,,,,,,CC(C)(C)c1cnc(CSc2cnc(NC(=O)C3CCNCC3)s2)o1
CHEMBL297302,,,,,,,,5.8,,,,,
CHEMBL297685,,,,,,,0.1189,,,,,,
CHEMBL298019,,,,150.0,89.9999900000011,,,,150.0,539.9999999999999,67.5,,
CHEMBL3,,,,,,,,2.0,,,,,CN1CCC[C@H]1c1cccnc1
CHEMBL30,,,,,,,,2.2,,,,,CN/C(=N\CCSCc1nc[nH]c1C)NC#N
CHEMBL300138,,,,6.0,89.99975000069445,,0.0017000000000000348,,,,,,
CHEMBL30054,,,,,,,0.2801,,,,,,
CHEMBL301523,,,3.57,,,,,,,,,,N[C@@H](Cc1ccccc1)C(=O)O
CHEMBL301554,,,,,,,0.1423000000000001,,,,,,
CHEMBL301856,,,,,,,0.047699999999999965,,,,,,
CHEMBL302795,,,,,,,,67.0,,,,,
CHEMBL3039597,,,,,,,,4.7,,,,,
CHEMBL304087,,,,13.0,89.99988461553255,,0.013000000000000012,,120.0,431.99999999999994,63.52941176470587,,
CHEMBL305513,,,,,,,,,3.0,10.799999999999999,5.094339622641509,,
CHEMBL306700,,,,,,,,4.1,,,,,
CHEMBL306713,,,,,,,,0.8,,,,,
CHEMBL3085107,,,18.5,,,,,,,,,,Cc1nc(C(C)C)n([C@@H]2C[C@H]3CC[C@@H](C2)N3CC[C@H](NC(=O)C2CCC(F)(F)CC2)c2ccccc2)n1
CHEMBL309339,,,,,,,,,3.0,10.799999999999999,5.094339622641509,,
CHEMBL31,,,20.0,,,,,10.0,,,,,COc1c(N2CCNC(C)C2)c(F)cc2c(=O)c(C(=O)O)cn(C3CC3)c12
CHEMBL312421,,,,3.0,89.99950000277776,,,,,,,,
CHEMBL313907,,,,,,,,,5.0,18.0,8.181818181818182,,
CHEMBL314010,,,,,,,,1.9,,,,,
CHEMBL314034,,,,,,,,,116.0,417.6,62.89156626506024,,
CHEMBL314437,,,,,,,,1.7,,,,,
CHEMBL3144574,,,,4.37,89.99965675188119,,,,,,,,
CHEMBL314768,,,0.068,,,,,,,,,,Cn1cc(Cc2cn(CC(=O)N(CCN3CCCCC3)Cc3ccc(-c4ccc(C(F)(F)F)cc4)cc3)c(SCc3ccc(F)cc3)nc2=O)cn1
CHEMBL315708,,,,,,,0.03069999999999995,,3.0,10.799999999999999,5.094339622641509,,
CHEMBL315766,,,0.001,,,,,,,,,,CCN(CC)CCCN(Cc1ccc(-c2ccc(Cl)cc2)cc1)C(=O)Cn1cc(Cc2cnn(C)c2)c(=O)nc1SCc1ccc(F)cc1
CHEMBL315795,,,,,,,,4.5,,,,,
CHEMBL315838,,,,,,,,2.6,,,,,
CHEMBL315970,,,,,,,,,14.0,50.4,19.6875,,
CHEMBL316157,,,,,,,,1.5,,,,,
CHEMBL31656,,,70.4,,,,,,,,,,C=CC(=O)Nc1nc2c(Nc3ccc(F)c(Cl)c3)ncnc2cc1OCCCN1CCOCC1
CHEMBL318021,,,,104.71,89.99998567472294,,,,6.17,22.212,9.886060174470359,,
CHEMBL31815,,,,82.745,89.99994658171823,,,,,,,,
CHEMBL3183075,,,,,,,,1.5,,,,,CNC(=C[N+](=O)[O-])NCCSCc1csc(CN(C)C)n1
CHEMBL318457,,,0.0,,,,,,,,,,CC(C)c1onc(-c2c(Cl)cccc2Cl)c1COc1ccc(/C=C/c2cccc(C(=O)O)c2)c(Cl)c1
CHEMBL319111,,,,,,,0.0040000000000000036,,,,,,
CHEMBL319136,,,,,,,0.02190000000000003,,,,,,
CHEMBL31965,,,54.2,,,,,,,,,,C=CC(=O)Nc1cc2c(Nc3ccc(F)c(Cl)c3)ncnc2cc1OCCCN1CCOCC1
CHEMBL32,,,,,,,0.6912,8.2,,,,,
CHEMBL320714,,,,88.0,89.99998295454868,,,,29.0,104.4,33.037974683544306,,
CHEMBL320876,,,,,,,0.018299999999999983,,,,,,
CHEMBL3215572,,,17.7,,,,,,,,,,Cl.Cl.Cl.Cl.O=C(NCCCCCCCNc1c2c(nc3cc(Cl)ccc13)CCCC2)c1ccc2nc(-c3ccc(Cl)cc3)c3c(c2c1)OCCC3
CHEMBL3215573,,,13.2,,,,,,,,,,Cl.Cl.Cl.O=C(CCc1ccc2nc(-c3ccccc3)c3c(c2c1)OCCC3)NCCCCCCNc1c2c(nc3cc(Cl)ccc13)CCCC2
CHEMBL3215574,,,10.1,,,,,,,,,,Cl.Cl.Cl.O=C(CCc1ccc2nc(-c3ccccc3)c3c(c2c1)OCCC3)NCCCCCCCCNc1c2c(nc3cc(Cl)ccc13)CCCC2
CHEMBL321590,,,,,,,0.08360000000000001,,,,,,
CHEMBL3216018,,,15.1,,,,,,,,,,Cl.Cl.Cl.O=C(CCc1ccc2nc(-c3ccccc3)c3c(c2c1)OCCC3)NCCCCNc1c2c(nc3cc(Cl)ccc13)CCCC2
CHEMBL3216221,,,10.2,,,,,,,,,,Cl.Cl.Cl.O=C(CCc1ccc2nc(-c3ccccc3)c3c(c2c1)OCCC3)NCCCCCCCNc1c2c(nc3cc(Cl)ccc13)CCCC2
CHEMBL3216429,,,14.9,,,,,,,,,,Cl.Cl.Cl.Cl.O=C(NCCCCCCNc1c2c(nc3cc(Cl)ccc13)CCCC2)c1ccc2nc(-c3ccc(Cl)cc3)c3c(c2c1)OCCC3
CHEMBL321758,,,,,,,0.6813,,,,,,
CHEMBL322308,,,23.815,,,,,,,,,,CC(=O)OC(C)OC(=O)N(CC(O)COc1cccc2[nH]ccc12)C(C)C
CHEMBL322479,,,,93.03,89.99998387617187,,,,48.67,175.212,44.39343265430222,,
CHEMBL323776,,,,140.0,89.99998928571556,,0.10730000000000006,,35.0,125.99999999999997,37.05882352941176,,
CHEMBL324090,,,,,,,,5.9,,,,,
CHEMBL32479,,,,,,,,4.8,,,,,
CHEMBL324875,,,,150.0,89.9999900000011,,,,150.0,539.9999999999999,67.5,,
CHEMBL325041,,,,,,,0.13150000000000006,18.0,,,,,CC(C)C[C@H](NC(=O)[C@H](Cc1ccccc1)NC(=O)c1cnccn1)B(O)O
CHEMBL325166,,,,,,,,1.9,,,,,
CHEMBL325438,,,1.6e-05,,,,,,,,,,CCCC(c1ccncc1)n1[nH]c(=O)c2nc3cc(Cl)ccc3c(O)c2c1=O.CS(=O)(=O)O
CHEMBL327705,,,0.001,,,,,,,,,,CN1CCN(CCCN(Cc2ccc(-c3ccc(Cl)cc3)cc2)C(=O)Cn2cc(Cc3cnn(C)c3)c(=O)nc2SCc2ccc(F)cc2)CC1
CHEMBL32800,,,,,,,,0.87,,,,,
CHEMBL328250,,,,,,,,2.1,,,,,
CHEMBL328942,,,2.0,,,,,,,,,,CC[C@H](C)[C@H](NC(=O)[C@H](CC(=O)O)NC(=O)[C@H](CC(C)C)NC(=O)[C@@H](NC(C)=O)C(c1ccccc1)c1ccccc1)C(=O)N[C@H](C(=O)N[C@@H](Cc1c[nH]c2ccccc12)C(=O)O)[C@@H](C)CC
CHEMBL329785,,,,,,,,,17.78,64.008,23.608734139864264,,
CHEMBL33,,,,3.0,89.99950000277776,,,8.8,,,,,
CHEMBL3301669,,,,,,,,170.0,,,,,
CHEMBL3301673,,,,,,,,22.0,,,,,
CHEMBL3301800,,,,,,,,1.2,,,,,
CHEMBL330758,,,1.1e-05,,,,,,,,,,CC(C)CC(c1ccncc1)n1[nH]c(=O)c2nc3cc(Cl)ccc3c(O)c2c1=O.CS(=O)(=O)O
CHEMBL331372,,,0.2,,,,0.42010000000000003,,,,,,CCNC(=O)[C@H]1O[C@@H](n2cnc3c(N)nc(NCCc4ccc(CCC(=O)O)cc4)nc32)[C@H](O)[C@@H]1O
CHEMBL333056,,,5.8e-06,,,,,,,,,,CC(c1ccncc1)n1[nH]c(=O)c2[nH]c3cc(Cl)ccc3c(=O)c2c1=O.CS(=O)(=O)O
CHEMBL333554,,,9.1e-06,,,,,,,,,,CC(C)CC(c1ccccn1)n1[nH]c(=O)c2nc3cc(Cl)ccc3c(O)c2c1=O.CS(=O)(=O)O
CHEMBL333654,,,5.6e-06,,,,,,,,,,CS(=O)(=O)O.O=c1[nH]n(C(c2ccccn2)C2CCCC2)c(=O)c2c(O)c3ccc(Cl)cc3nc12
CHEMBL333697,,,5e-07,,,,,,,,,,O=c1[nH]n(Cc2cc[n+]([O-])cc2)c(=O)c2c(O)c3ccc(Cl)cc3nc12
CHEMBL334167,,,,22.46,89.9999296138929,,,,,,,,
CHEMBL335744,,,,61.66,89.99997567305232,,0.024500000000000077,,104.71,376.956,60.91332169866201,,
CHEMBL336293,,,228.0,,,,,,,,,,O=C(C(=O)N1CCN(C(=O)c2ccccc2)CC1)c1c[nH]c2ccccc12
CHEMBL336546,,,1.1e-06,,,,,,,,,,O=C(Nc1cc(C(F)(F)F)cc(C(F)(F)F)c1)c1cnc(Cl)nc1C(F)(F)F
CHEMBL336619,,,,,,,,,69.0,248.39999999999998,52.184873949579824,,O=C(NCC12CC3CC(CC(C3)C1)C2)c1ccccc1Cl
CHEMBL336718,,,,150.0,89.9999900000011,,,,150.0,539.9999999999999,67.5,,
CHEMBL337301,,,51.0,,,,,,,,,,COc1ccnc2[nH]cc(C(=O)C(=O)N3CCN(C(=O)c4ccccc4)C[C@H]3C)c12
CHEMBL337656,,,6.1e-06,,,,,,,,,,O=C(Nc1cc(C(F)(F)F)cc(C(F)(F)F)c1)c1cnc(Cl)nc1
CHEMBL337962,,,,,,,,,14.0,50.4,19.6875,,
CHEMBL33899,,,,107.15,89.99998600093545,,0.0032999999999999696,,31.62,113.832,34.866454300416564,,
CHEMBL339053,,,,34.14,89.99995435748292,,0.007000000000000006,,,,,,O=C(N[C@H](Cc1ccc(Cl)cc1)C(=O)N1CCC(Cn2cncn2)(C2CCCCC2)CC1)[C@H]1Cc2ccccc2CN1
CHEMBL339323,,,,,,,,0.96,,,,,
CHEMBL339462,,,5.8e-06,,,,,,,,,,CCc1nc(Cl)ncc1C(=O)Nc1cc(C(F)(F)F)cc(C(F)(F)F)c1
CHEMBL33986,,,,,,,,4.8,,,,,Oc1ccc2c(c1)[C@@]13CCCC[C@@]1(O)[C@@H](C2)N(CC1CCC1)CC3
CHEMBL340779,,,3.1e-06,,,,,,,,,,O=C(Nc1cc(C(F)(F)F)cc(C(F)(F)F)c1)c1cnc(Cl)nc1Cl
CHEMBL340978,,,,,,,0.0023999999999999577,,,,,,
CHEMBL341087,,,,,,,,,8.0,28.799999999999997,12.413793103448272,,
CHEMBL341103,,,10.0,,,,,,,,,,COC(=O)c1c(O)cccc1OCCCCNC(=O)[C@H](Cc1ccc(OCC(=O)O)c(O)c1)NC(C)=O
CHEMBL341226,,,,,,,,,150.0,539.9999999999999,67.5,,COc1cccc(NC(=O)CC23CC4CC(CC(C4)C2)C3)c1C
CHEMBL34139,,,,,,,,49.0,,,,,
CHEMBL34259,,,,,,,0.5345,3.9,,,,,CN(Cc1cnc2nc(N)nc(N)c2n1)c1ccc(C(=O)N[C@@H](CCC(=O)O)C(=O)O)cc1
CHEMBL343118,,,,,,,,32.0,,,,,
CHEMBL343199,,,,,,,0.054400000000000004,,66.07,237.852,51.23029206513311,,
CHEMBL343448,,,,,,,,11.0,,,,,
CHEMBL344478,,,,,,,,14.0,,,,,
CHEMBL345083,,,,18.2,89.99991758249305,,,,,,,,
CHEMBL345937,,,,3.0,89.99950000277776,,,,13.8,49.68,19.46708463949843,,
CHEMBL346886,,,,45.71,89.9999671844355,,,,,,,,
CHEMBL347164,,,,,,,0.06469999999999998,,,,,,
CHEMBL34894,,,1.68,,,,,,,,,,CC(C)C[C@H](O)[C@H](O)[C@H](CC1CCCCC1)NC(=O)[C@H](Cc1csc(N)n1)NC(=O)[C@H](Cc1ccccc1)NS(=O)(=O)N1CCOCC1
CHEMBL349803,,,,,,,,1.3,,,,,
CHEMBL35,,,,3.0,89.99950000277776,,0.01629999999999998,2.5,6.31,22.716,10.08524240809803,,
CHEMBL350563,,,,,,,,,4.0,14.399999999999999,6.666666666666665,,
CHEMBL35107,,,1.28,,,,,,,,,,CC(C)C[C@H](O)[C@H](O)[C@@H](N)CC1CCCCC1
CHEMBL351706,,,,,,,,1.6,,,,,N#Cc1ccc2c(c1)CN(S(=O)(=O)c1cccs1)[C@H](Cc1ccccc1)CN2Cc1c[nH]cn1
CHEMBL352967,,,11500000.0,,,,,,,,,,CCC(C)[C@H](NC(=O)[C@@H](C[C@H](O)[C@H](CC1CCCCC1)NC(=O)CC(C)(C)C)C(C)C)C(=O)NCc1ccccn1
CHEMBL3545252,,,,,,,,11.0,,,,,
CHEMBL356687,,,,,,,0.0013999999999999568,,,,,,
CHEMBL359164,,,,,,,,82.0,,,,,
CHEMBL359695,,,2.49e-05,,,,,,,,,,Nc1noc2ccc(-n3nc(C(F)(F)F)cc3C(=O)Nc3ccc(C(=O)N4CCCC4)cc3F)cc12
CHEMBL359806,,,,,,,,,11.0,39.599999999999994,16.22950819672131,,
CHEMBL359864,,,,19.24,89.99972886272914,,,,,,,,
CHEMBL36,,,,,,,0.0736,140.0,,,,,
CHEMBL360033,,,147.0,,,,,,,,,,O=C(O)c1cnc(N(C(=O)c2ccc(OCc3cccc(C(F)(F)F)c3)cc2)C2CCCCC2)s1
CHEMBL360106,,,,,,,,,13.0,46.8,18.57142857142857,,
CHEMBL360227,,,,33.855,89.99992133101259,,0.2895,,93.33,335.98799999999994,58.6039210214191,,
CHEMBL360232,,,6e-06,,,,,,,,,,CNc1cccc(CCOc2ccc3c(ccn3CCC(=O)O)c2)n1
CHEMBL361431,,,,,,,,,54.0,194.4,46.73076923076923,,
CHEMBL361497,,,,,,,,0.22,,,,,
CHEMBL361546,,,,74.845,89.99994373044484,,,,3.0,10.799999999999999,5.094339622641509,,
CHEMBL361577,,,4.7,,,,,,,,,,C[C@H](Cc1c[nH]c2c(OS(C)(=O)=O)cccc12)NC[C@H](O)c1cccc(N(C)S(=O)(=O)c2ccccc2)c1
CHEMBL361812,,,,4.905,89.99967815081463,,0.02739999999999998,,3.0,10.799999999999999,5.094339622641509,,
CHEMBL362293,,,9.0,,,,,,,,,,C[C@H](Cc1c[nH]c2c(OS(C)(=O)=O)cccc12)NC[C@H](O)c1cccc(NCc2ccccc2)c1
CHEMBL363295,,,,,,,,56.0,,,,,
CHEMBL364714,,,,3.0,89.99950000277776,,0.1341,,3.0,10.799999999999999,5.094339622641509,,
CHEMBL365123,,,,,,,,,20.0,72.0,25.714285714285715,,
CHEMBL365669,,,0.9,,,,,,,,,,C[C@H](Cc1c[nH]c2c(OS(C)(=O)=O)cccc12)NC[C@H](O)c1cccc(CS(=O)(=O)c2ccccc2)c1
CHEMBL36633,,,,,,,,7.5,,,,,
CHEMBL367954,,,2e-07,,,,,,,,,,CNCc1nccn1-c1ccc(NC(=O)c2cc(C(F)(F)F)nn2-c2ccc3onc(N)c3c2)c(F)c1
CHEMBL368285,,,5.4e-07,,,,,,,,,,Nc1noc2ccc(-n3nc(C(F)(F)F)cc3C(=O)Nc3ccc(-c4ccncc4S(N)(=O)=O)cc3F)cc12
CHEMBL369274,,,,,,,,,36.0,129.60000000000002,37.674418604651166,,
CHEMBL369311,,,,,,,,,16.0,57.599999999999994,21.818181818181817,,
CHEMBL369533,,,,15.14,89.99990092481184,,,,,,,,
CHEMBL370387,,,,,,,,,3.0,10.799999999999999,5.094339622641509,,Nc1nc2nc(SCc3cccc(F)c3F)nc(O)c2s1
CHEMBL370492,,,,70.615,89.99997339057484,,0.005600000000000049,,11.22,40.391999999999996,16.494609604704344,,
CHEMBL370552,,,,,,,,,3.0,10.799999999999999,5.094339622641509,,
CHEMBL370657,,,,7.94,89.99981108351997,,,,3.0,10.799999999999999,5.094339622641509,,
CHEMBL3707182,,,,,,,,6.7,,,,,
CHEMBL370805,,,,,,,,0.76,,,,,COC(=O)[C@H]1[C@@H](OC(=O)c2ccccc2)C[C@@H]2CC[C@H]1N2C
CHEMBL370807,,,2.0,,,,,,,,,,O=C(CCCCCNc1c2c(nc3ccccc13)CCCC2)NCCc1c[nH]c2ccc(O)cc12
CHEMBL370826,,,,,,,,,23.5,84.6,28.775510204081627,,
CHEMBL371648,,,30.0,,,,,,,,,,CCOC(=O)c1c(NC(=O)NS(=O)(=O)c2ccc(C)cn2)sc2c1CCC(C)(C)C2
CHEMBL371888,,,,,,,,,15.0,53.99999999999999,20.769230769230766,,
CHEMBL372052,,,,21.3,89.9999295775199,,,,3.0,10.799999999999999,5.094339622641509,,
CHEMBL372205,,,,,,,0.009000000000000008,,,,,,
CHEMBL372795,,,,,,,,4.3,,,,,
CHEMBL373067,,,,,,,,,3.0,10.799999999999999,5.094339622641509,,
CHEMBL373180,,,30.0,,,,,,,,,,CCOC(=O)c1c(NC(=O)NS(=O)(=O)c2ccc(F)cc2)sc2c1CCC(C)(C)C2
CHEMBL373351,,,,,,,,,3.0,10.799999999999999,5.094339622641509,,
CHEMBL373751,,,,,,,0.011099999999999999,,,,,,
CHEMBL373869,,,90.0,,,,,,,,,,O=C(/C=C/c1ccc(Cl)c(Cl)c1)NCCCCCN1CCC(C(=O)Nc2ccc(Cl)c(Cl)c2)CC1
CHEMBL374184,,,12.8,,,,,,,,,,CCOC(=O)C1=C(C)Nc2nc3c(c(N)c2C1c1ccc(OC)cc1)CCCC3
CHEMBL374478,,,,,,,,3.8,,,,,
CHEMBL375166,,,,,,,0.48850000000000005,,4.0,14.399999999999999,6.666666666666665,,
CHEMBL375293,,,,,,,0.13950000000000007,,,,,,c1cncc(Nc2ncc(-c3ccncn3)c(-c3ccco3)n2)c1
CHEMBL375671,,,15.4,,,,,,,,,,Cc1cc(Nc2ncnc3cnc(N4CCOCC4)cc23)ccc1Oc1ccc(C(=O)NCC(C)(C)C)cc1
CHEMBL376140,,,,,,,,48.0,,,,,
CHEMBL376408,,,,9.55,89.9998429322113,,,,,,,,
CHEMBL376488,,,,14.13,89.99989384301269,,,,19.95,71.82,25.66833452466047,,
CHEMBL376632,,,,,,,0.18989999999999996,,150.0,539.9999999999999,67.5,,
CHEMBL376685,,,,,,,,3.0,,,,,
CHEMBL377085,,,13.6,,,,,,,,,,Cc1cc(C)c2c(N)c(C(N)=O)sc2n1
CHEMBL377141,,,0.3,,,,,,,,,,O=C1CC(c2ccc(C[C@H](NS(=O)(=O)c3cccc(C(F)(F)F)c3)c3nc4cc(Cl)ccc4[nH]3)cc2F)S(=O)(=O)[N-]1.[Na+]
CHEMBL377441,,,0.2,,,,,,,,,,Cc1cc(C[C@H](NS(=O)(=O)c2cccc(Cl)c2)c2nc3ccccc3[nH]2)ccc1[C@@H]1CC(=O)[N-]S1(=O)=O.[Na+]
CHEMBL377753,,,0.16,,,,,,,,,,COC(=O)N(C)Cn1cnc2c1c(=O)n(C)c(=O)n2C
CHEMBL377928,,,18.9,,,,,,,,,,NC(=O)c1nc(-c2ccc(C(F)(F)F)cc2)oc1N
CHEMBL377957,,,,92.755,89.99998365418351,,,,,,,,
CHEMBL377989,,,0.4,,,,,,,,,,Cc1cc(C[C@H](NS(=O)(=O)c2ccccc2)c2nc3ccccc3[nH]2)ccc1[C@@H]1CC(=O)[N-]S1(=O)=O.[Na+]
CHEMBL378293,,,4.5,,,,,,,,,,CC(=O)N[C@@H](Cc1c[nH]cn1)C(=O)N[C@H](Cc1ccccc1)C(=O)N1C[C@H](OCc2ccc3ccccc3c2)C[C@@H]1C(=O)NCCN=C(N)N
CHEMBL378379,,,18.5,,,,,,,,,,CNC(=O)c1ccc2c(c1)[C@@H](NC)CC[C@H]2c1ccc(Cl)c(Cl)c1
CHEMBL378614,,,0.1,,,,,,,,,,Cc1cc(C[C@H](NS(=O)(=O)c2ccc(Br)c(C(F)(F)F)c2)c2nc3ccccc3[nH]2)ccc1[C@@H]1CC(=O)[N-]S1(=O)=O.[Na+]
CHEMBL378730,,,,,,,0.005600000000000049,,7.0,25.2,11.05263157894737,,
CHEMBL378997,,,,,,,0.0034000000000000696,,,,,,
CHEMBL379036,,,3.84,,,,,,,,,,Nc1noc2ccc(-n3nc(C(F)(F)F)cc3C(=O)Nc3ccc(-c4ccccc4CN4CCCC4)cc3F)cc12
CHEMBL379082,,,,,,,,,12.0,43.199999999999996,17.419354838709676,,
CHEMBL379350,,,,150.0,89.9999900000011,,0.07200000000000006,,120.23,432.828,63.56517652587675,,
CHEMBL379787,,,,150.0,89.9999900000011,,,,56.23,202.42799999999997,47.63908500423609,,
CHEMBL379828,,,,,,,0.0030999999999999917,,4.0,14.399999999999999,6.666666666666665,,
CHEMBL379866,,,,3.0,89.99950000277776,,0.1864,,3.0,10.799999999999999,5.094339622641509,,CC(C)c1nnc2ccc(-c3ocnc3-c3cc(F)ccc3F)cn12
CHEMBL380005,,,,,,,,,8.5,30.6,13.076923076923077,,
CHEMBL380192,,,,,,,0.0026999999999999247,,,,,,
CHEMBL380364,,,41.0,,,,,,,,,,CN(C(=O)c1ccncc1)c1ccc(C(O)(C(F)(F)F)C(F)(F)F)cc1
CHEMBL38043,,,,39.81,89.99996232104064,,,,,,,,
CHEMBL380430,,,4.86,,,,,,,,,,Nc1noc2ccc(-n3nc(C(F)(F)F)cc3C(=O)Nc3ccc(-c4ccccc4CN4CC[C@@H](N)C4)cc3F)cc12
CHEMBL380617,,,0.83,,,,,,,,,,Nc1noc2ccc(-n3nc(C(F)(F)F)cc3C(=O)Nc3ccc(-c4ccccc4CNC4CCC4)cc3F)cc12
CHEMBL380732,,,,5.16,89.99970930326452,,0.014899999999999913,,62.0,223.20000000000002,49.82142857142856,,
CHEMBL380737,,,6.0,,,,,,,,,,C[C@@H]1CN([C@H](c2ccc(CC(=O)O)cc2)c2cccc(O)c2)[C@@H](C)CN1Cc1ccccc1
CHEMBL380749,,,11.0,,,,,,,,,,COc1cccc([C@@H](c2ccc3c(c2)CN(CCC(=O)O)CC3)N2C[C@@H](C)N(Cc3ccccc3)C[C@@H]2C)c1
CHEMBL380936,,,,,,,,,11.0,39.599999999999994,16.22950819672131,,
CHEMBL380947,,,3.6,5.88,89.99974489868227,,,,31.0,111.60000000000001,34.44444444444444,,CC(C)(CO)Nc1nc(SCc2cccc(F)c2F)nc2nc(N)sc12
CHEMBL381169,,,11.0,,,,,,,,,,COC(=O)N[C@H](C(=O)NN(Cc1cccc(-c2cccnc2)c1)C[C@@](O)(Cc1ccccc1)C(=O)N[C@H]1c2ccccc2C[C@H]1O)C(C)(C)C
CHEMBL381584,,,0.1,,,,,,,,,,O=C1C[C@@H](c2ccc(C[C@H](NS(=O)(=O)c3cccc(F)c3)c3nc4ccccc4[nH]3)cc2F)S(=O)(=O)[N-]1.[Na+]
CHEMBL381660,,,30.0,,,,,,,,,,CCOC(=O)c1c(NC(=O)NS(=O)(=O)c2ccc(C)cc2)sc2c1CCC(C)(C)C2
CHEMBL38182,,,,69.0,89.99997826087481,,0.0041999999999999815,,23.0,82.80000000000001,28.356164383561644,,
CHEMBL381949,,,4.2,,,,,,,,,,CN(C)Cc1ccccc1-c1ccc(NC(=O)c2cc(C(F)(F)F)nn2-c2ccc3onc(N)c3c2)c(F)c1
CHEMBL382024,,,23.0,,,,,,,,,,C[C@@H]1CN([C@H](c2ccc(CCC(=O)O)cc2)c2cccc(O)c2)[C@@H](C)CN1Cc1ccccc1
CHEMBL382260,,,8.6,,,,,,,,,,COc1ccc2[nH]cc(CCNC(=O)CCCCCCNc3c4c(nc5ccccc35)CCCC4)c2c1
CHEMBL382435,,,,,,,,,6.5,23.4,10.353982300884956,,CCN(C(=O)Cc1ccc(S(C)(=O)=O)cc1)C1CCN(CC[C@H](c2ccc(S(C)(=O)=O)cc2)c2cc(F)cc(Cl)c2)CC1
CHEMBL382773,,,5.0,,,,,,,,,,Cc1ccn(CCCCN2CCN(c3cc(C(F)(F)F)nc(C(C)(C)C)n3)CC2)c(=O)c1
CHEMBL382794,,,54.4,,,,,,,,,,CCN(C(=O)c1ccncc1)c1ccc(C(O)(C(F)(F)F)C(F)(F)F)cc1
CHEMBL383235,,,,,,,0.033499999999999974,,,,,,
CHEMBL383322,,,,,,,,,3.0,10.799999999999999,5.094339622641509,,
CHEMBL383478,,,69.1,,,,,,,,,,CCN(C(=O)C(C)C)c1ccc(C(O)(C(F)(F)F)C(F)(F)F)cc1
CHEMBL383663,,,7.7,,,,,,,,,,O=C(CCCCCNc1c2c(nc3cc(Cl)ccc13)CCCC2)NCCc1c[nH]c2ccccc12
CHEMBL383669,,,,,,,,,150.0,539.9999999999999,67.5,,
CHEMBL383696,,,,,,,,,7.0,25.2,11.05263157894737,,
CHEMBL383706,,,12.5,,,,,,,,,,CN[C@H]1CC[C@@H](c2ccc(Cl)c(Cl)c2)c2ccc(S(N)(=O)=O)cc21
CHEMBL38380,,,,150.0,89.9999900000011,,,,10.0,36.0,15.0,,
CHEMBL384030,,,8.4,,,,,,,,,,CS(=O)(=O)N1CCN(Cc2ccc3c(c2)CC[C@H](N2CCN(CCc4ccc(F)cc4)CC2=O)C3)CC1
CHEMBL384260,,,,,,,0.02090000000000003,,,,,,
CHEMBL384467,,,,31.0,89.99995161292924,,0.28469999999999995,3.7,,,,,C[C@@H]1C[C@H]2[C@@H]3CCC4=CC(=O)C=C[C@]4(C)[C@@]3(F)[C@@H](O)C[C@]2(C)[C@@]1(O)C(=O)CO
CHEMBL384536,,,,,,,0.24450000000000005,,,,,,
CHEMBL384903,,,,,,,0.0012999999999999678,,,,,,
CHEMBL384962,,,,,,,,,23.0,82.80000000000001,28.356164383561644,,
CHEMBL385374,,,,,,,0.0040000000000000036,,,,,,
CHEMBL385407,,,51.9,,,,,,,,,,CN(C)C(=O)CN1CCn2c(c(C3CCCCC3)c3ccc(C(=O)O)cc32)-c2ccccc21
CHEMBL386630,,,21.205714285714286,150.0,89.9999900000011,,,,,,,,C[C@]12CC[C@H]3[C@@H](CCC4=CC(=O)CC[C@@]43C)[C@@H]1CC[C@@H]2O
CHEMBL386717,,,6.25,,,,,,,,,,CC(=O)N1CCN(Cc2ccc3c(c2)CC[C@H](N2CCN(CCc4ccc(F)cc4)CC2=O)C3)CC1
CHEMBL387125,,,,,,,0.3599,,41.0,147.6,40.54945054945055,,
CHEMBL387574,,,21.2,,,,,,,,,,O=C(NCCO)c1ccc(F)c(F)c1Nc1ccc(I)cc1F
CHEMBL387675,,,,,,,,8.1,,,,,
CHEMBL388039,,,173.5,,,,,,,,,,N#CCCCn1c(Cn2c(=O)n(C3CC3)c3ccncc32)nc2ccccc21
CHEMBL389338,,,233.0,,,,,,,,,,O=c1n(Cc2nc3ccccc3n2CCCC2(O)CC2)c2cnccc2n1C1CC1
CHEMBL389339,,,34.0,,,,,,,,,,CCS(=O)(=O)CCCn1c(Cn2c(=O)n(C3CC3)c3ccncc32)nc2ccccc21
CHEMBL389621,,,3.5799999999999996,,,,,1.6,,,,,C[C@]12CCC(=O)C=C1CC[C@@H]1[C@@H]2[C@@H](O)C[C@@]2(C)[C@H]1CC[C@]2(O)C(=O)CO
CHEMBL389792,,,,5.96,89.99974041888996,,0.12890000000000001,,,,,,
CHEMBL389847,,,,,,,,1.7,,,,,C[C@@H](O)[C@H]1C(=O)N2C(C(=O)O)=C(S[C@H]3C[C@@H](C(=O)N4CC[C@H](NC(=O)CNC(=N)N)C4)N(C)C3)[C@H](C)[C@H]12
CHEMBL390034,,,182.0,,,,,,,,,,CC(C)(O)CCn1c(Cn2c(=O)n(C3CC3)c3ccncc32)nc2ccccc21
CHEMBL390036,,,12.0,,,,,,,,,,O=C(NC1CCN(C(=O)CCc2cccnc2)CC1)C(c1ccccc1)C1CCCCC1
CHEMBL390191,,,,,,,,,3.0,10.799999999999999,5.094339622641509,,
CHEMBL390633,,,96.0,,,,,,,,,,O=c1n(Cc2nc3ccccc3n2CCCCCO)c2cnccc2n1C1CC1
CHEMBL390674,,,,,,,,,3.0,10.799999999999999,5.094339622641509,,
CHEMBL391056,,,3.7,,,,,,,,,,Cc1ccc(N2CCN(C(=O)[C@H](C)Cc3ccc(Cl)cc3F)CC2)c([C@@H](NC(=O)CCN(C)C)C(C)C)c1
CHEMBL391070,,,3.4,,,,,,,,,,COc1cc2c(cc1OC)[C@@H]1C[C@H](N)[C@@H](c3cccc(C)c3)CN1CC2
CHEMBL391379,,,,54.95,89.99997270246506,,,,,,,,
CHEMBL391420,,,10000000.0,,,,,,,,,,CC(C(=O)NCc1cc(F)cc(F)c1)C(=O)NC1C(=O)N(C)c2ccccc2-c2ccccc21
CHEMBL391463,,,2.1,,,,,,,,,,CCc1nc(N)nc(N)c1-c1ccc2c(c1)N(CCNC(C)=O)C(=O)[C@](C)(c1ccccc1)O2
CHEMBL391529,,,63.0,,,,,,,,,,CC(C)S(=O)(=O)CCCn1c(Cn2c(=O)n(C3CC3)c3ccncc32)nc2ccccc21
CHEMBL391565,,,,,,,0.2895,,,,,,
CHEMBL391738,,,6.8,,,,,,,,,,COc1cc(Nc2c(C#N)cnc3cc(C#CCCN4CCN(C)CC4)c(OC)cc23)c(Cl)cc1Cl
CHEMBL391785,,,48.0,,,,,,,,,,CCCCCCc1ccc(NC(=O)CCC(=O)O)cc1
CHEMBL391816,,,0.9,,,,,,,,,,O=C1CC(c2ccc(C[C@H](Nc3nc4ccc(F)cc4s3)c3nc4ccccc4[nH]3)cc2)S(=O)(=O)N1
CHEMBL391994,,,35.0,,,,,,,,,,CN1CC(=O)NCC(=O)NCC(=O)NCC(=O)N([C@@H](Cc2ccccc2)C(N)=O)CCNC(=O)CCN[C@@H](Cc2ccccc2)C1=O
CHEMBL392233,,,7.199999999999999,,,,,,,,,,Cn1cncc1CN1CC(N(Cc2cccc(-n3cccc3)c2)S(=O)(=O)c2ccccn2)Cc2cc(C#N)ccc21
CHEMBL392235,,,0.5,,,,,,,,,,Cn1cncc1CN1CC(N(CC2CCN(C(=O)c3cccs3)CC2)S(=O)(=O)c2ccccn2)Cc2cc(C#N)ccc21
CHEMBL392236,,,1.0,,,,,,,,,,CC(C)OC(=O)N1CCC(CN(C2Cc3cc(C#N)ccc3N(Cc3cncn3C)C2)S(=O)(=O)c2ccccn2)CC1
CHEMBL392237,,,7.5,,,,,,,,,,CC(C)COC(=O)N1CCC(CN(C2Cc3cc(C#N)ccc3N(Cc3cncn3C)C2)S(=O)(=O)c2ccccn2)CC1
CHEMBL392297,,,15.0,,,,,,,,,,CCS(=O)(=O)N1C[C@H](NC(=O)c2ccc(-n3ccccc3=O)cc2)[C@H](NC(=O)c2ccc(Cl)s2)C1
CHEMBL392312,,,1.5,,,,,,,,,,Cc1cc(Cc2ccc(C(=O)N[C@@H]3CN(CC(C)C)C[C@@H]3C(=O)NO)cc2)c2ccccc2n1
CHEMBL392396,,,3.54,,,,,,,,,,O=C1CN(c2c(Cl)sc(-c3ccccc3)c2Cl)S(=O)(=O)N1
CHEMBL392559,,,,,,,0.09680000000000011,,13.0,46.8,18.57142857142857,,
CHEMBL392642,,,1.75,,,,,,,,,,CSc1ccccc1CNc1ncc([N+](=O)[O-])c(NCC2CCC(CN)CC2)n1
CHEMBL392760,,,13.6,,,,,,,,,,NCCc1cn(S(=O)(=O)c2c(Cl)nc3sccn23)c2ccccc12
CHEMBL392934,,,38.5,,,,,,,,,,O=C(Nc1ccc(C(F)(F)F)cc1)c1ccnn1CCc1ccncc1
CHEMBL392935,,,58.2,,,,,,,,,,CCc1ccc(NC(=O)c2ccnn2CCc2ccncc2)cc1
CHEMBL393109,,,13.0,,,,,,,,,,CCOCCCN1C(=O)C(C)(c2cc(F)cc(F)c2)Oc2ccc(-c3c(N)nc(N)nc3CC)cc21
CHEMBL393218,,,10.0,,,,,,,,,,CCc1nc(N)nc(N)c1-c1ccc2c(c1)N(CCCO)C(=O)C(C)(c1cc(F)cc(F)c1)O2
CHEMBL393307,,,188.0,,,,,,,,,,N#CCCCn1c(Cn2c(=O)n(C(F)F)c3ccncc32)nc2ccccc21
CHEMBL393326,,,12.049999999999999,,,,,,,,,,Cn1cnc(S(=O)(=O)N(Cc2ccccn2)C2Cc3cc(C#N)ccc3N(Cc3cncn3C)C2)c1
CHEMBL393363,,,8.8,,,,,,,,,,CCc1nc(N)nc(N)c1-c1ccc2c(c1)N(CCNC(C)=O)C(=O)C(C)(c1cccc(C(F)(F)F)c1)O2
CHEMBL393371,,,0.5,,,,,,,,,,C=C(C)C(=O)N1CCC(CN(C2Cc3cc(C#N)ccc3N(Cc3cncn3C)C2)S(=O)(=O)c2ccccn2)CC1
CHEMBL393384,,,,,,,,,28.0,100.8,32.30769230769231,,
CHEMBL393436,,,4.33,,,,,,,,,,CCOc1cc(CN2CCC(Nc3nc4ccccc4o3)CC2)ccc1F
CHEMBL393576,,,6.7,,,,,,,,,,CC(C)C[C@H](NCCN)c1cccc(F)c1N1CCN(C(=O)[C@@H](Cc2ccc(Cl)cc2Cl)N2CCCC2=O)CC1
CHEMBL393582,,,40.0,,,,,,,,,,CN[C@@H](Cc1ccccc1)C(=O)NCC(=O)NCC(=O)NCC(=O)NCC(=O)N(C)[C@@H](Cc1ccccc1)C(N)=O
CHEMBL393717,,,,,,,0.026800000000000046,,11.0,39.599999999999994,16.22950819672131,,
CHEMBL393718,,,1.64,,,,,,,,,,CCOc1cc(CN2CCC(Nc3nc4cc(S(N)(=O)=O)ccc4o3)CC2)ccc1OC
CHEMBL393754,,,,,,,0.30879999999999996,,,,,,
CHEMBL393970,,,0.6,,,,,,,,,,CCNC(=O)N1CCC(CN(C2Cc3cc(C#N)ccc3N(Cc3cncn3C)C2)S(=O)(=O)c2ccccn2)CC1
CHEMBL394016,,,2.4,,,,,,,,,,CCc1nc(N)nc(N)c1-c1ccc2c(c1)N(CCNC(C)=O)C(=O)C(C)(C(F)(F)F)O2
CHEMBL394061,,,98.0,,,,,,,,,,CCCCCCc1ccc(NC(=O)C=C(C)C)cc1
CHEMBL394085,,,0.5,,,,,,,,,,Cn1cncc1CN1CC(N(CC2CCN(C(=O)C(C)(C)C)CC2)S(=O)(=O)c2ccccn2)Cc2cc(C#N)ccc21
CHEMBL394086,,,0.5,,,,,,,,,,Cn1cncc1CN1CC(N(CC2CCN(C(=O)CC(C)(C)C)CC2)S(=O)(=O)c2ccccn2)Cc2cc(C#N)ccc21
CHEMBL394129,,,15.0,,,,,,,,,,CC(=O)N1C[C@H](NC(=O)c2ccc(-n3ccccc3=O)cc2)[C@H](NC(=O)c2ccc(Cl)s2)C1
CHEMBL394147,,,37.55,,,,,,,,,,Cc1noc(C)c1CN(C1Cc2cc(C#N)ccc2N(Cc2cncn2C)C1)S(=O)(=O)c1ccccn1
CHEMBL394382,,,1.3,,,,,,,,,,O=C1CC(c2ccc(C[C@H](Nc3nc4cc(Br)ccc4s3)c3nc4ccccc4[nH]3)cc2)S(=O)(=O)N1
CHEMBL394407,,,0.5,,,,,,,,,,Cn1cncc1CN1CC(N(CC2CCN(C(=O)c3ccccc3)CC2)S(=O)(=O)c2ccccn2)Cc2cc(C#N)ccc21
CHEMBL394696,,,0.5,,,,,,,,,,Cn1cncc1CN1CC(N(CC2CCN(C(=O)c3ccco3)CC2)S(=O)(=O)c2ccccn2)Cc2cc(C#N)ccc21
CHEMBL394786,,,2.3,,,,,,,,,,CC(=O)N1CCN(C)C(c2nc(C(=O)NCc3ccc(F)cc3)c(O)c(=O)n2C)C1
CHEMBL394859,,,,6.0,89.99975000069445,,,,,,,,
CHEMBL395001,,,197.0,,,,,,,,,,N#CCCCn1c(Cn2c(=O)n(CC(F)(F)F)c3ccncc32)nc2ccccc21
CHEMBL395034,,,38.0,,,,,,,,,,CN(C)C(=O)N1CC(c2cc(F)ccc2F)=C[C@@]1(CC[C@H](N)C(F)F)c1ccccc1
CHEMBL395217,,,0.6,,,,,,,,,,Cn1cncc1CN1CC(N(CC2CCN(C(=O)N3CCCC3)CC2)S(=O)(=O)c2ccccn2)Cc2cc(C#N)ccc21
CHEMBL395231,,,0.0,,,,,,,,,,Cn1cc(C(=O)NCCO)c(Nc2ccc(I)cc2F)cc1=O
CHEMBL395233,,,8.5,,,,,,,,,,O=C(NC1CCN(C(=O)CCc2cccnc2)CC1)C(c1ccccc1)c1ccccc1
CHEMBL395332,,,4.0,,,,,,,,,,CN(C)C(=O)N1CC(c2cc(F)ccc2F)=C[C@@]1(CCCN)c1ccccc1
CHEMBL395340,,,,,,,0.0040000000000000036,,42.0,151.2,41.086956521739125,,
CHEMBL395386,,,0.5,,,,,,,,,,N#Cc1cc(C[C@H](Nc2nc3ccccc3s2)c2nc3ccccc3[nH]2)ccc1C1CC(=O)NS1(=O)=O
CHEMBL395573,,,5.0,,,,,,,,,,N#Cc1cnc2c(Cl)cc(NCc3cccc[n+]3[O-])cc2c1Nc1ccc(F)c(Cl)c1
CHEMBL395602,,,1190.0,,,,,,,,,,CCCCCCc1ccc(C(=O)CCBr)cc1
CHEMBL396043,,,,,,,0.012199999999999989,,66.0,237.59999999999997,51.206896551724135,,
CHEMBL396086,,,1957.0,,,,,,,,,,CCCCCCc1ccc(C(=O)CCN(CCCC)CCCC)cc1
CHEMBL396089,,,7.0,,,,,,,,,,C/C=C/C(=O)c1ccc(CCCCCCC)cc1
CHEMBL396162,,,0.019,,,,,,,,,,COC(=O)N(C)COC(=O)[C@@H](C)c1ccc2cc(OC)ccc2c1
CHEMBL396264,,,210.0,,,,,,,,,,COc1ccc(CNC(=O)c2ccc(C3c4nc[nH]c4CCN3Cc3cccc(Cl)c3)cc2)cc1
CHEMBL396437,,,0.0,,,,,,,,,,CCCCCCCc1ccc(C(=O)C=C(C)C)cc1
CHEMBL396440,,,35.0,,,,,,,,,,CN[C@@H](Cc1ccccc1)C(=O)N(C)CC(=O)NCC(=O)NCC(=O)NCC(=O)N(C)[C@@H](Cc1ccccc1)C(N)=O
CHEMBL396548,,,0.0,,,,,,,,,,NC(=O)c1ccc(F)c(F)c1Nc1ccc(I)cc1F
CHEMBL396583,,,0.8,,,,,,,,,,O=C1CC(c2ccc(C[C@H](Nc3nc4ccccc4s3)c3nc4cc(Cl)ccc4[nH]3)cc2)S(=O)(=O)N1
CHEMBL396584,,,0.4,,,,,,,,,,N#Cc1ccc2[nH]c([C@H](Cc3ccc(C4CC(=O)NS4(=O)=O)cc3)Nc3nc4ccccc4s3)nc2c1
CHEMBL396873,,,254.0,,,,,,,,,,CCCCCCc1ccc(C(=O)CCNCCC)cc1
CHEMBL397229,,,,10.72,89.99986007484442,,,,,,,,
CHEMBL397230,,,,14.79,89.99989858023599,,,,,,,,
CHEMBL397237,,,8.075,12.375,89.99985747973648,,0.01959999999999995,,,,,,C[C@H](CO)Nc1nc(SCc2cccc(F)c2F)nc2nc(N)sc12
CHEMBL397323,,,41.7,,,,,,,,,,O=C(Nc1ccc(Cl)cc1)c1ccnn1CCc1ccncc1
CHEMBL397647,,,,,,,0.1795,,,,,,
CHEMBL397983,,,,20.0,89.9999250000625,,0.047699999999999965,,,,,,
CHEMBL398020,,,0.4,,,,,,,,,,N#Cc1ccc2nc(N[C@@H](Cc3ccc(C4CC(=O)NS4(=O)=O)cc3)c3nc4ccccc4[nH]3)sc2c1
CHEMBL398057,,,0.6,,,,,,,,,,Cn1cncc1CN1CC(N(CC2CCN(C(=O)Nc3ccc(Br)cc3)CC2)S(=O)(=O)c2ccccn2)Cc2cc(C#N)ccc21
CHEMBL398106,,,833.0,,,,,,,,,,C=CC(=O)Nc1ccc(CCCCCC)cc1
CHEMBL398107,,,432.0,,,,,,,,,,C/C=C/C(=O)Nc1ccc(CCCCCC)cc1
CHEMBL398126,,,14.899999999999999,,,,,,,,,,O=C(O)COc1ccc(Cl)cc1C1CCCCCC1
CHEMBL398149,,,,,,,0.10730000000000006,,,,,,
CHEMBL398295,,,,,,,,,3.0,10.799999999999999,5.094339622641509,,
CHEMBL398338,,,,20.42,89.99992654266525,,0.0021999999999999797,,8.32,29.952,12.839506172839508,,
CHEMBL398387,,,5.4,,,,,,,,,,CCc1nc(N)nc(N)c1-c1ccc2c(c1)N(CCNC(C)=O)C(=O)C1(CC1)O2
CHEMBL398584,,,1.4,,,,,,,,,,CCc1nc(N)nc(N)c1-c1ccc2c(c1)N(CCNC(C)=O)C(=O)C(C)(c1cc(F)cc(F)c1)O2
CHEMBL398707,,,,,,,,2.3,,,,,
CHEMBL398748,,,,,,,0.013900000000000023,,,,,,
CHEMBL398805,,,247.0,,,,,,,,,,O=c1n(Cc2nc3ccccc3n2CCCCF)c2cnccc2n1C1CC1
CHEMBL398811,,,21.0,,,,,,,,,,CCNC(=O)CN1C(=O)C(C)(c2cc(F)cc(F)c2)Oc2ccc(-c3c(N)nc(N)nc3CC)cc21
CHEMBL399075,,,0.01,,,,,,,,,,CS(=O)(=O)N(CC1CCCCO1)c1c(Cl)c(Cl)cc2[nH]c(=O)c(=O)[nH]c12
CHEMBL3991199,,,,,,,,1.5,,,,,
CHEMBL399121,,,36.6,,,,,,,,,,COc1ccc([C@@H]2CC(=O)c3c(O)cc(O)cc3O2)cc1O
CHEMBL399128,,,21.4,,,,,,,,,,Cc1nc2c(cnn2-c2cccnc2)c(=O)n1-c1ccc(Cl)cc1
CHEMBL399274,,,0.97,,,,,,,,,,CCOCCOCCN(c1c(Cl)c(Cl)cc2[nH]c(=O)c(=O)[nH]c12)S(C)(=O)=O
CHEMBL399275,,,2.06,,,,,,,,,,COCCCN(c1c(Cl)c(Cl)cc2[nH]c(=O)c(=O)[nH]c12)S(C)(=O)=O
CHEMBL399309,,,5.6,,,,,,,,,,Cc1nc2c(cnn2-c2cccc(Cl)c2)c(=O)n1-c1ccc(Cl)cc1
CHEMBL399510,,,,,,,,2.9,,,,,
CHEMBL399539,,,,137.945,89.99998904241932,,,,,,,,
CHEMBL399583,,,,,,,,,,,,0.809,CCNC(=O)c1noc(-c2cc(C(C)(C)C)c(O)cc2O)c1-c1ccc(CN2CCOCC2)cc1
CHEMBL399605,,,44.6,,,,,,,,,,CC(C)(C)c1ccc(NC(=O)c2ccnn2CCc2ccncc2)cc1
CHEMBL399700,,,0.01,,,,,,,,,,COCCCN(c1cc(Cl)cc2[nH]c(=O)c(=O)[nH]c12)S(C)(=O)=O
CHEMBL399827,,,0.5,,,,,,,,,,CC(C)C(=O)N1CCC(CN(C2Cc3cc(C#N)ccc3N(Cc3cncn3C)C2)S(=O)(=O)c2ccccn2)CC1
CHEMBL4,,,2.3000000000000003,,,,,8.9,,,,,CC1COc2c(N3CCN(C)CC3)c(F)cc3c(=O)c(C(=O)O)cn1c23
CHEMBL40,,,,,,,,99.0,,,,,
CHEMBL400307,,,13.4,,,,,,,,,,Cc1cccc(-n2ncc3c(=O)n(-c4ccc(Cl)cc4)c(C)nc32)c1
CHEMBL400431,,,19.0,,,,,,,,,,CCc1nc(N)nc(N)c1-c1ccc2c(c1)N(CCCOC)C(=O)C(C)(C)O2
CHEMBL400508,,,0.44,,,,,,,,,,CCOCCCN(c1c(Cl)c(Cl)cc2[nH]c(=O)c(=O)[nH]c12)S(C)(=O)=O
CHEMBL400585,,,,,,,0.013900000000000023,,,,,,
CHEMBL400778,,,,,,,,,,,,0.652,CCNC(=O)c1noc(-c2cc(-c3ccccc3)c(O)cc2O)c1-c1ccc(CN2CCCCC2)cc1
CHEMBL401158,,,,,,,0.02400000000000002,,6.0,21.599999999999998,9.642857142857142,,CCCCNc1nc(SCCC)nc2c1nnn2[C@@H]1C[C@H](CO)[C@@H](O)[C@H]1O
CHEMBL401240,,,0.22,,,,,,,,,,Cc1c(-c2cccc(OC3CCN(S(=O)(=O)Cc4ccccc4)CC3)c2)sc(-c2nn[nH]n2)c1OCC(=O)O
CHEMBL401250,,,5.0,,,,,,,,,,Cc1ccc(N2CCN(C(=O)[C@H](C)Cc3ccc(Cl)cc3)CC2)c([C@@H](N)C(C)C)c1
CHEMBL401370,,,,,,,,,,,,0.736,CCNC(=O)c1noc(-c2cc(-c3ccccc3)c(O)cc2O)c1-c1ccc(CN(CC)CC)cc1
CHEMBL401453,,,0.0,,,,,,,,,,Cc1cc(Cc2ccc(C(=O)N[C@@H]3CN(C(=O)C(C)(C)C)C[C@@H]3C(=O)NO)cc2)c2ccccc2n1
CHEMBL401454,,,1.2,,,,,,,,,,Cc1cc(Cc2ccc(C(=O)N[C@@H]3CCC[C@@H]3C(=O)NO)cc2)c2ccccc2n1
CHEMBL401874,,,,,,,0.012399999999999967,,,,,,
CHEMBL402146,,,,,,,0.0928,,,,,,
CHEMBL402478,,,3.0,,,,,,,,,,NC(=O)Nc1cn(-c2ccc(-c3ccc(O)cc3)cc2)nc1C(N)=O
CHEMBL402501,,,,32.45,89.99994831159701,,0.10089999999999999,,129.0,464.4,64.86033519553072,,
CHEMBL402728,,,,3.3,89.99954545684113,,0.008599999999999941,,3.0,10.799999999999999,5.094339622641509,,
CHEMBL402818,,,4.6,,,,,,,,,,Cc1c(Nc2c(C#N)cnc3sc(-c4cccc(CN(C)C)c4)cc23)ccc2[nH]ccc12
CHEMBL402831,,,,,,,0.020000000000000018,,,,,,Cc1nc(-c2c(F)cc(Cl)cc2-c2cnc([C@@H](C)NC(=O)[C@@](C)(O)C(F)(F)F)c(F)c2)no1
CHEMBL402986,,,,11.225,89.99971144101062,,0.0029000000000000137,,4.0,14.399999999999999,6.666666666666665,,
CHEMBL403,,,,3.0,89.99950000277776,,,1.1,,,,,
CHEMBL403036,,,0.9,,,,,,,,,,CCS(=O)(=O)CCN(C(=O)Cc1ccc(F)c(C(F)(F)F)c1)[C@H](C)c1nc(-c2ccccc2)cn1-c1ccc(C#N)cc1
CHEMBL403225,,,,18.455,89.99991821291492,,,,8.67,31.212,13.299812510652805,,
CHEMBL403313,,,,23.5,89.9997329559408,,0.0040999999999999925,,8.86,31.895999999999997,13.547400611620795,,
CHEMBL403656,,,,,,,0.017099999999999893,,,,,,
CHEMBL403963,,,,3.0,89.99950000277776,,,,3.0,10.799999999999999,5.094339622641509,,
CHEMBL404520,,,3.7,,,,,7.0,,,,,CN(C)[C@@H]1C(O)=C(C(N)=O)C(=O)[C@@]2(O)C(O)=C3C(=O)c4c(O)ccc(Cl)c4[C@@](C)(O)[C@H]3C[C@@H]12
CHEMBL404609,,,,,,,,,21.0,75.6,26.619718309859152,,
CHEMBL405,,,,,,,,7.3,,,,,
CHEMBL405981,,,0.004,,,,,,,,,,Cn1cc(Cc2cn(CC(=O)N(CCN3CCCC3)Cc3ccc(-c4ccc(Cl)cc4)cc3)c(SCc3ccc(F)cc3)nc2=O)cn1
CHEMBL406,,,,9.04,89.99979003496748,,0.20450000000000002,,,,,,
CHEMBL406366,,,,,,,0.009700000000000042,,17.78,64.008,23.608734139864264,,
CHEMBL406852,,,,10.47,89.99985673375241,,,,42.66,153.57599999999996,41.43535506151521,,
CHEMBL407,,,,,,,0.4427,0.78,,,,,CCOC(=O)c1ncn2c1CN(C)C(=O)c1cc(F)ccc1-2
CHEMBL407451,,,0.7,,,,,,,,,,CN1CCCCC1c1nc(O)c(O)c(C(=O)NCc2ccc(F)cc2)n1
CHEMBL407960,,,,,,,0.01419999999999999,,74.0,266.4,53.70967741935483,,
CHEMBL408,,,,89.09,89.99996838539599,,0.0009000000000000119,,48.98,176.328,44.53626995352597,,
CHEMBL408194,,,,22.39,89.99993300585604,,,,,,,,
CHEMBL409158,,,42.0,,,,,,,,,,c1ccc(-c2nn3c(c2-c2ccnc4cc(OCC5CCCO5)ccc24)CCC3)nc1
CHEMBL409525,,,28.0,,,,,,,,,,CN(C)CCOc1ccc2c(-c3c(-c4ccccn4)nn4c3CCC4)ccnc2c1
CHEMBL409718,,,30.0,,,,,,,,,,O=C(O)c1ccc(-c2ccc(CCNC[C@H](O)c3ccccc3)cc2)cc1OC1CCCCC1
CHEMBL409810,,,3.0,,,,,,,,,,NC(=O)Nc1cn(-c2ccc(-c3ccc(O)c(F)c3)c(Cl)c2)nc1C(N)=O
CHEMBL41,,,,,,,0.04280000000000006,,,,,,
CHEMBL410325,,,5.6,,,,,,,,,,CCCCC1c2ncccc2C(=O)N1Cc1ccc(-c2ccccc2-c2nn[nH]n2)cc1
CHEMBL411297,,,27.0,,,,,,,,,,CCN(C)CCOc1ccc2c(-c3c(-c4ccccn4)nn4c3CCC4)ccnc2c1
CHEMBL411329,,,,,,,0.021399999999999975,,,,,,
CHEMBL411503,,,3.0,,,,,,,,,,Cc1cc(-n2cc(NC(N)=O)c(C(N)=O)n2)ccc1-c1cc(C)c(O)c(C)c1
CHEMBL411668,,,3.0,,,,,,,,,,Cc1cc(-n2cc(NC(N)=O)c(C(N)=O)n2)ccc1-c1ccc(O)c(C)c1C
CHEMBL411803,,,0.5,,,,,,,,,,Cn1cncc1CN1CC(N(CC2CCN(C(=O)C3CCCC3)CC2)S(=O)(=O)c2ccccn2)Cc2cc(C#N)ccc21
CHEMBL411875,,,3.0,,,,,,,,,,Cc1cc(-n2cc(NC(N)=O)c(C(N)=O)n2)ccc1-c1c(F)cc(O)cc1F
CHEMBL412142,,,,108.0,89.99998611111326,,0.01870000000000005,,96.0,345.59999999999997,59.178082191780824,,
CHEMBL413,,,,100.06,89.99998003591934,,,,,,,,
CHEMBL413065,,,,,,,0.11650000000000005,,3.0,10.799999999999999,5.094339622641509,,
CHEMBL41355,,,,,,,0.13950000000000007,,,,,,
CHEMBL414017,,,,,,,,,35.0,125.99999999999997,37.05882352941176,,
CHEMBL415,,,,,,,0.03739999999999999,26.0,,,,,CN(C)CCCN1c2ccccc2CCc2ccc(Cl)cc21
CHEMBL415274,,,0.002,,,,,,,,,,CN(C)CCN(Cc1ccc(-c2ccc(Cl)cc2)cc1)C(=O)Cn1cc(Cc2cnn(C)c2)c(=O)nc1SCc1ccc(F)cc1
CHEMBL415506,,,,125.89,89.99998808483754,,,,150.0,539.9999999999999,67.5,,
CHEMBL416,,,,52.0,89.9999711538554,,0.07680000000000009,,6.0,21.599999999999998,9.642857142857142,,
CHEMBL416146,,,,,,,,26.0,,,,,
CHEMBL416956,,,17.0,,,,,,,,,,OC(c1cc(C(F)(F)F)nc2c(C(F)(F)F)cccc12)C1CCCCN1
CHEMBL417,,,,,,,,36.0,,,,,
CHEMBL418192,,,,,,,,2.5,,,,,Cc1ccccc1OCC(O)CNCCOc1ccc(C(N)=O)cc1
CHEMBL42,,,,78.38,89.99988405352852,,0.052099999999999924,10.0,15.14,54.504,20.91802272029475,,CN1CCN(C2=Nc3cc(Cl)ccc3Nc3ccccc32)CC1
CHEMBL420715,,,4.95e-05,,,,,,,,,,CC(C)C(c1ccccn1)n1[nH]c(=O)c2nc3cc(Cl)ccc3c(O)c2c1=O.CS(=O)(=O)O
CHEMBL421236,,,,,,,0.009899999999999909,,,,,,
CHEMBL421280,,,9e-07,,,,,,,,,,O=C(Nc1cc(C(F)(F)F)cc(C(F)(F)F)c1)c1cnc(Cl)nc1C(F)(F)C(F)(F)F
CHEMBL421604,,,,105.0,89.99998571428799,,,,28.0,100.8,32.30769230769231,,
CHEMBL422,,,,,,,0.008099999999999996,,,,,,
CHEMBL422037,,,,,,,,2.5,,,,,
CHEMBL422648,,,,69.18,89.999978317438,,,,15.49,55.764,21.287219422812644,,
CHEMBL422649,,,,,,,0.09089999999999998,,,,,,
CHEMBL423,,,,7.5,89.99968750147569,,0.7244999999999999,17.0,3.0,10.799999999999999,5.094339622641509,,CC(C)NCC(O)COc1ccc(CCOCC2CC2)cc1
CHEMBL423150,,,9e-07,,,,,,,,,,O=C(Nc1cc(C(F)(F)F)cc(C(F)(F)F)c1)c1cnc(Cl)nc1-c1ccccc1
CHEMBL424451,,,,,,,,,150.0,539.9999999999999,67.5,,COc1ccc(C)c(NC(=O)CC23CC4CC(CC(C4)C2)C3)c1
CHEMBL424862,,,,,,,,,,,,20.0,CN1CCC(Cn2c3c(c4ccccc42)C(=O)C(N2CCN(C)CC2)C[C@H]3Oc2ccc(Cl)cc2)CC1
CHEMBL425,,,,,,,,0.9,,,,,
CHEMBL425512,,,1e-07,,,,,,,,,,Nc1noc2ccc(-n3nc(C(F)(F)F)cc3C(=O)Nc3ccc(-c4ccccc4S(N)(=O)=O)cc3F)cc12
CHEMBL426298,,,30.0,,,,,,,,,,CCOC(=O)c1c(NC(=O)NS(=O)(=O)c2ncccn2)sc2c1CCC(C)(C)C2
CHEMBL426658,,,,14.79,89.99989858023599,,0.009000000000000008,,9.12,32.832,13.88362652232747,,
CHEMBL426823,,,,4.0,89.99962500156249,,0.0028000000000000247,,6.0,21.599999999999998,9.642857142857142,,
CHEMBL426851,,,,,,,0.3187000000000001,,,,,,
CHEMBL426957,,,1e-07,,,,,,,,,,Nc1noc2ccc(-n3nc(C(F)(F)F)cc3C(=O)Nc3ccc(-n4ccnc4CO)cc3F)cc12
CHEMBL427851,,,,,,,0.1481,,,,,,
CHEMBL427860,,,6.2,,,,,,,,,,Cc1ccc(N2CCN(C(=O)[C@H](C)Cc3ccc(Cl)cc3)CC2)c([C@@H](NC(=O)CCN(C)C)C(C)C)c1
CHEMBL428,,,57.0,,,,,11.0,,,,,N[C@@H]1[C@H]2CN(c3nc4c(cc3F)c(=O)c(C(=O)O)cn4-c3ccc(F)cc3F)C[C@@H]12
CHEMBL428077,,,3.0,,,,,,,,,,COc1cc(-c2ccc(-n3cc(NC(N)=O)c(C(N)=O)n3)cc2)ccc1O
CHEMBL428375,,,104.0,,,,,,,,,,CCCCCCc1ccc(C(=O)CCN(C2CCCCC2)C2CCCCC2)cc1
CHEMBL428647,,,,,,,,11.0,,,,,CC(=O)O[C@H]1C(=O)[C@@]2(C)[C@H]([C@H](OC(=O)c3ccccc3)[C@]3(O)C[C@H](OC(=O)[C@H](O)[C@@H](NC(=O)c4ccccc4)c4ccccc4)C(C)=C1C3(C)C)[C@]1(OC(C)=O)CO[C@@H]1C[C@@H]2O
CHEMBL428690,,,,,,,,5.2,,,,,
CHEMBL428712,,,28.95,,,,,,,,,,Cn1cncc1CN1CC(N(CCn2cccc2)S(=O)(=O)c2ccccn2)Cc2cc(C#N)ccc21
CHEMBL429,,,,,,,0.376,4.4,,,,,CC(CCc1ccccc1)NCC(O)c1ccc(O)c(C(N)=O)c1
CHEMBL429075,,,80.0,,,,,,,,,,COc1ccc(CNC(=O)c2ccc(C3c4nc[nH]c4CCN3Cc3cccc(Cl)c3Cl)cc2)cc1
CHEMBL429139,,,3.0,,,,,,,,,,NC(=O)Nc1cn(-c2ccc(-c3ccc(O)c(F)c3)cc2)nc1C(N)=O
CHEMBL429443,,,0.5,,,,,,,,,,CCC(=O)N1CCC(CN(C2Cc3cc(C#N)ccc3N(Cc3cncn3C)C2)S(=O)(=O)c2ccccn2)CC1
CHEMBL429444,,,0.3,,,,,,,,,,Cc1cc(Cc2ccc(C(=O)N[C@@H]3CN(C)C[C@@H]3C(=O)NO)cc2)c2ccccc2n1
CHEMBL429459,,,10.6,,,,,,,,,,CCc1nc(N)nc(N)c1-c1ccc2c(c1)N(CCCCO)C(=O)C(C)(c1cc(F)cc(F)c1)O2
CHEMBL429682,,,,,,,0.011399999999999966,,,,,,
CHEMBL429712,,,10.7,,,,,,,,,,COc1cc(Nc2c(C#N)cnc3cc(NCCCN4CCN(C)CC4)c(OC)cc23)c(Cl)cc1Cl
CHEMBL429866,,,3.0,,,,,,,,,,Cc1cc(O)ccc1-c1ccc(-n2cc(NC(N)=O)c(C(N)=O)n2)cc1C(F)(F)F
CHEMBL429910,,,150.0,,,,,,,,,,CCOc1ccc(Cc2cc([C@@H]3O[C@H](CO)[C@@H](O)[C@H](O)[C@H]3O)ccc2Cl)cc1
CHEMBL43,,,,,,,,4.7,,,,,
CHEMBL430200,,,0.7,,,,,,,,,,O=C1CC(c2ccc(C[C@H](Nc3nc4ccccc4s3)c3nc4ccccc4[nH]3)cc2Cl)S(=O)(=O)N1
CHEMBL430239,,,,,,,0.4427,,,,,,
CHEMBL430381,,,,,,,0.050999999999999934,,46.0,165.60000000000002,43.125,,
CHEMBL432103,,,,,,,,8.4,,,,,
CHEMBL432672,,,5.76,,,,,,,,,,CC(C)C[C@H](O)[C@H](O)[C@H](CC1CCCCC1)NC(=O)OC(C)(C)C
CHEMBL433729,,,17000000.0,,,,,,,,,,CCC(C)[C@H](NC(=O)[C@@H](C[C@H](O)[C@H](CC1CCCCC1)NC(=O)c1ccccn1)C(C)C)C(=O)NCc1ccccn1
CHEMBL434,,,,,,,,0.41,,,,,
CHEMBL434142,,,1.0,,,,,,,,,,NC1CCN(C2CN(CC[C@]3(c4ccc(Cl)c(Cl)c4)CCC(=O)N(CC4CCC(F)(F)CC4)C3)C2)CC1
CHEMBL434394,,,,,,,,10.0,,,,,OC(CNCC(O)C1CCc2cc(F)ccc2O1)C1CCc2cc(F)ccc2O1
CHEMBL435,,,,,,,0.2801,,,,,,
CHEMBL435859,,,,3.0,89.99950000277776,,,,14.79,53.244,20.544837166229357,,
CHEMBL436099,,,73.55,,,,,,,,,,CN(C)c1ccc(-c2cc(-c3ccc(N(C)C)cc3)[se+]c(C(C)(C)C)c2)cc1.[I-]
CHEMBL436302,,,6.1,,,,,,,,,,CCOC(=O)C1=C(C)Nc2nc3c(c(N)c2C1c1ccccc1OC)CCCC3
CHEMBL436766,,,3.7,,,,,,,,,,Nc1noc2ccc(-n3nc(C(F)(F)F)cc3C(=O)Nc3ccc(-c4ccccc4CN4CC[C@@H](O)C4)cc3F)cc12
CHEMBL436817,,,5.0,,,,,,,,,,N#Cc1cnc2c(Cl)cc(NCc3cnc[nH]3)cc2c1Nc1ccc(F)c(Cl)c1
CHEMBL436826,,,,43.36,89.99996540591735,,0.0047000000000000375,,17.03,61.308,22.865880948828885,,
CHEMBL436839,,,26.2,,,,,,,,,,Cc1nc2cc(C(C)C)c(-c3ccc(Cl)c(OCC4CC4)c3)cc2c(=O)[nH]1
CHEMBL437371,,,1.0,,,,,,,,,,COc1cccc2sc(N[C@@H](Cc3ccc(C4CC(=O)NS4(=O)=O)cc3)c3nc4ccccc4[nH]3)nc12
CHEMBL437526,,,,,,,,,3.0,10.799999999999999,5.094339622641509,,
CHEMBL437555,,,25.0,,,,,,,,,,CCOC(=O)N1C[C@H](NC(=O)c2ccc(-n3ccccc3=O)cc2)[C@H](NC(=O)c2ccc(Cl)s2)C1
CHEMBL437565,,,0.5,,,,,,,,,,Cn1cncc1CN1CC(N(CC2CCN(C(=O)CNC(=O)OC(C)(C)C)CC2)S(=O)(=O)c2ccccn2)Cc2cc(C#N)ccc21
CHEMBL437765,,,,3.0,89.99950000277776,,,,,,,,
CHEMBL437897,,,30.0,,,,,,,,,,CCOC(=O)c1c(NC(=O)NS(=O)(=O)c2ccc(C#N)cc2)sc2c1CCC(C)(C)C2
CHEMBL437987,,,3.0,,,,,,,,,,Cc1cc(-n2cc(NC(N)=O)c(C(N)=O)n2)ccc1-c1ccc(O)cc1
CHEMBL438921,,,64.1,,,,,,,,,,COc1cccc2c1C(=O)c1c(O)c3c(c(O)c1C2=O)C[C@@](O)(C(=O)CO)C[C@@H]3O[C@H]1C[C@H](NC(=O)C2CCC(CN3C(=O)CC(SC[C@H](N)C(=O)NCC(=O)NCC(=O)NCC(=O)N[C@@H](Cc4ccc(O)cc4)C(=O)NCC(=O)N[C@@H](CCCN=C(N)N)C(=O)N[C@@H](CCCCN)C(=O)N[C@@H](CCCCN)C(=O)N[C@@H](CCCN=C(N)N)C(=O)N[C@@H](CCCN=C(N)N)C(=O)N[C@@H](CCC(N)=O)C(=O)N[C@@H](CCCN=C(N)N)C(=O)N[C@@H](CCCN=C(N)N)C(=O)N[C@@H](CCCN=C(N)N)C(=O)O)C3=O)CC2)[C@H](O)[C@H](C)O1
CHEMBL439,,,1.2,,,,,7.0,,,,,Nc1ccc(S(=O)(=O)Nc2ncccn2)cc1
CHEMBL439871,,,,,,,0.06900000000000006,,,,,,
CHEMBL440229,,,60.0,,,,,,,,,,O=C1N/C(=C\c2ccc(CN3CCCC3)cc2)C(=O)N1c1ccc(Oc2ccccc2)cc1
CHEMBL440391,,,30.0,,,,,,,,,,CCOC(=O)c1c(NC(=O)NS(=O)(=O)c2ccccn2)sc2c1CCC(C)(C)C2
CHEMBL440405,,,,14.3,89.99989510501736,,0.013000000000000012,,3.0,10.799999999999999,5.094339622641509,,
CHEMBL440498,,,,,,,0.020000000000000018,,,,,,
CHEMBL440519,,,8e-07,,,,,,,,,,CC(c1cccnc1)n1[nH]c(=O)c2nc3cc(Cl)ccc3c(O)c2c1=O.CS(=O)(=O)O
CHEMBL440955,,,0.7,,,,,,,,,,O=C1C[C@@H](c2ccc(C[C@H](Nc3nc4ccccc4s3)c3nc4ccccc4[nH]3)cc2)S(=O)(=O)N1
CHEMBL441,,,,,,,,2.0,,,,,
CHEMBL441550,,,,,,,,,6.0,21.599999999999998,9.642857142857142,,
CHEMBL441809,,,,,,,,1.5,,,,,
CHEMBL442,,,,,,,,2.1,,,,,CN1C[C@H](C(=O)N[C@]2(C)O[C@@]3(O)[C@@H]4CCCN4C(=O)[C@H](Cc4ccccc4)N3C2=O)C=C2c3cccc4[nH]cc(c34)C[C@H]21
CHEMBL442078,,,168.0,,,,,,,,,,C[C@@H]1CN(C(=O)c2ccccc2)CCN1C(=O)C(=O)c1c[nH]c2ncccc12
CHEMBL442235,,,24.8,,,,,,,,,,Cn1cc(C(N)=O)c(Nc2ccc(I)cc2F)cc1=O
CHEMBL443,,,,3.0,89.99950000277776,,,9.8,3.0,10.799999999999999,5.094339622641509,,
CHEMBL44354,,,0.2,,,,,1.8,,,,,CC(C)(O/N=C(\C(=O)N[C@@H]1C(=O)N2C(C(=O)[O-])=C(C[n+]3ccccc3)CS[C@H]12)c1csc(N)n1)C(=O)O
CHEMBL443684,,,,9.77,89.99984646904389,,,,,,,,
CHEMBL444633,,,,,,,,37.0,,,,,
CHEMBL444684,,,41.0,,,,,,,,,,CC(O)c1nc([C@@H](O)[C@H](O)[C@H](O)CO)c[nH]1
CHEMBL444763,,,1.7,,,,,,,,,,CC(=O)N[C@@H](Cc1ccc(O)cc1)C(=O)N(C)[C@@H](Cc1ccccc1)C(=O)N(C)[C@@H](Cc1ccccc1)C(=O)N(C)[C@@H](Cc1ccccc1)C(N)=O
CHEMBL444884,,,,,,,,,31.0,111.60000000000001,34.44444444444444,,
CHEMBL444929,,,,,,,,9.5,,,,,
CHEMBL444981,,,200.0,,,,,,,,,,CCc1c(C)nc2sc3c(N)ncnc3c2c1C
CHEMBL445,,,,144.0,89.99998958333454,,0.13150000000000006,30.0,3.0,10.799999999999999,5.094339622641509,,CNCCC=C1c2ccccc2CCc2ccccc21
CHEMBL445391,,,0.82,,,,,,,,,,Cc1nccn1-c1ccc(NC(=O)c2cc(C(F)(F)F)nn2-c2ccc3onc(N)c3c2)cc1
CHEMBL445493,,,7.23,,,,,,,,,,CCCCc1ccc(C(=O)NC2(C(=O)N[C@H](Cc3ccccc3)C(=O)NCC3CCN(CC4CCOCC4)CC3)CCCC2)nc1
CHEMBL445663,,,6.48,,,,,,,,,,CCCC1(C(=O)O)CCc2c1[nH]c1c(Cl)ccc(Cl)c21
CHEMBL445706,,,690.5,,,,,,,,,,CC(C)[C@H](N)C(=O)O[C@@H]1Cc2ccccc2[C@@H]1NC(=O)[C@H](Cc1ccccc1)C[C@H](O)CN1CCN(Cc2cccnc2)C[C@H]1C(=O)NC(C)(C)C.O=C(O)C(F)(F)F
CHEMBL446004,,,0.0,,,,,,,,,,CC(=O)N(C)[C@@H](Cc1ccccc1)C(=O)N(C)[C@@H](Cc1ccccc1)C(=O)N(C)[C@@H](Cc1ccccc1)C(=O)N(C)[C@@H](Cc1ccccc1)C(=O)N(C)[C@@H](Cc1ccccc1)C(=O)N(C)[C@@H](Cc1ccccc1)C(=O)N(C)[C@@H](Cc1ccccc1)C(=O)N(C)[C@@H](Cc1ccccc1)C(=O)N(C)[C@@H](Cc1ccccc1)C(=O)N(C)[C@@H](Cc1ccccc1)C(N)=O
CHEMBL446257,,,93.7,,,,,,,,,,CC(=O)c1nc([C@@H](O)[C@H](O)[C@H](O)CO)c(C)[nH]1
CHEMBL44657,,,,,,,,5.7,,,,,
CHEMBL446708,,,169.0,,,,,,,,,,CC(C)n1c(=O)n(Cc2nc3ccccc3n2CCCC#N)c2cnccc21
CHEMBL446765,,,1.1,,,,,,,,,,CC(=O)N(C)[C@H](C(=O)N(C)[C@@H](Cc1ccccc1)C(=O)N(C)[C@@H](Cc1ccccc1)C(=O)N(C)[C@@H](Cc1ccccc1)C(N)=O)c1ccccc1
CHEMBL446978,,,0.05,,,,,,,,,,CC(C)(C)c1ccc(-c2nc3c(N4CCN(Cc5ccc6[nH]c(=O)c(=O)n(Cc7cccnc7)c6c5)CC4)cccc3[nH]2)cc1
CHEMBL447183,,,,,,,0.1341,,,,,,
CHEMBL447452,,,1.1,,,,,,,,,,CC(=O)N(C)CC(=O)N(C)[C@@H](Cc1ccccc1)C(=O)N(C)[C@@H](Cc1ccccc1)C(=O)N(C)[C@@H](Cc1ccccc1)C(N)=O
CHEMBL447619,,,1.0499999999999998,,,,,,,,,,CN(C(=O)[C@H](CC1CCCCC1)NC(=O)[C@@H](N)Cc1ccc(O)c(O)c1)[C@@H](Cc1ccccc1)C(=O)N(C)[C@@H](Cc1ccccc1)C(=O)N(C)[C@@H](Cc1ccccc1)C(N)=O
CHEMBL447664,,,11.0,,,,,,,,,,Cc1cc(Cn2nnc3c(-c4ccco4)nc(N)nc32)ccc1N
CHEMBL447877,,,626.0,,,,,,,,,,CC(C)[C@H](N)C(=O)NCCCCCC(=O)O[C@@H](C[C@@H](Cc1ccccc1)C(=O)N[C@H]1c2ccccc2C[C@H]1OC(=O)CCCCCNC(=O)[C@@H](N)C(C)C)CN1CCN(Cc2cccnc2)C[C@H]1C(=O)NC(C)(C)C.O=C(O)C(F)(F)F.O=C(O)C(F)(F)F
CHEMBL44793,,,,,,,,,3.0,10.799999999999999,5.094339622641509,,
CHEMBL447983,,,,,,,0.1795,,,,,,
CHEMBL448,,,,,,,,22.0,,,,,
CHEMBL448262,,,4.85,,,,,,,,,,CC(=O)N[C@@H](Cc1ccc2ccccc2c1)C(=O)N(C)[C@@H](Cc1ccccc1)C(=O)N(C)[C@@H](Cc1ccccc1)C(=O)N(C)[C@@H](Cc1ccccc1)C(N)=O
CHEMBL448686,,,0.5,,,,,,,,,,CN(C(=O)[C@H](Cc1ccc2ccccc2c1)NC(=O)[C@@H](N)Cc1ccc(O)c(O)c1)[C@@H](Cc1ccccc1)C(=O)N(C)[C@@H](Cc1ccccc1)C(=O)N(C)[C@@H](Cc1ccccc1)C(N)=O
CHEMBL44884,,,,,,,,3.1,,,,,
CHEMBL449015,,,34.0,,,,,,,,,,CSc1ccc(Sc2ccc(NS(C)(=O)=O)cc2CN(C)C)cc1
CHEMBL449354,,,0.0,,,,,,,,,,CCCCCCCc1ccc(C(=O)/C=C/c2ccccc2)cc1
CHEMBL449375,,,1.7,,,,,,,,,,CC(=O)N(C)[C@@H](Cc1ccccc1)C(=O)N[C@@H](Cc1ccccc1)C(=O)N(C)[C@@H](Cc1ccccc1)C(=O)N(C)[C@@H](Cc1ccccc1)C(=O)N(C)[C@@H](Cc1ccccc1)C(N)=O
CHEMBL449600,,,200.0,,,,,,,,,,Cc1nc2sc3c(N)ncnc3c2c(C)c1C
CHEMBL449668,,,0.0,,,,,,,,,,CC(=O)N[C@@H](Cc1ccccc1)C(=O)N[C@@H](Cc1ccccc1)C(=O)N[C@@H](Cc1ccccc1)C(=O)N[C@@H](Cc1ccccc1)C(N)=O
CHEMBL449911,,,3.15,,,,,,,,,,CC(=O)N[C@@H](CCc1ccccc1)C(=O)N(C)[C@@H](Cc1ccccc1)C(=O)N(C)[C@@H](Cc1ccccc1)C(=O)N(C)[C@@H](Cc1ccccc1)C(N)=O
CHEMBL450061,,,27.0,,,,,,,,,,CC(C)CNc1nc(C#N)nc(N2CCOCC2)c1N
CHEMBL450449,,,,,,,,44.0,,,,,
CHEMBL450470,,,,150.0,89.9999900000011,,,,150.0,539.9999999999999,67.5,,
CHEMBL450642,,,13.3,,,,,,,,,,C[N+](C)=c1ccc2c(-c3ccc(C(=S)N4CCCCC4)s3)c3cc4c5c(c3sc-2c1)CCCN5CCC4.F[P-](F)(F)(F)(F)F
CHEMBL450848,,,131.0,,,,,,,,,,CC(=O)c1nc([C@H](O)[C@@H](O)[C@@H](O)CO)c[nH]1
CHEMBL451,,,,3.89,89.999614397539,,0.02290000000000003,8.3,5.75,20.700000000000003,9.282511210762333,,CNC1=Nc2ccc(Cl)cc2C(c2ccccc2)=[N+]([O-])C1
CHEMBL451165,,,29.5,,,,,,,,,,CNCc1cc(C(N)=O)ccc1Cc1ccc(Cl)c(Cl)c1
CHEMBL451533,,,2.35,,,,,,,,,,CC(=O)N1Cc2[nH]c3ccccc3c2C[C@H]1C(=O)N(C)[C@@H](Cc1ccccc1)C(=O)N(C)[C@@H](Cc1ccccc1)C(=O)N(C)[C@@H](Cc1ccccc1)C(N)=O
CHEMBL451653,,,79.3,,,,,,,,,,CCc1[nH]c(C(C)=O)nc1[C@@H](O)[C@H](O)[C@H](O)CO
CHEMBL451917,,,1.85,,,,,,,,,,CC(=O)N[C@@H](Cc1cccnc1)C(=O)N(C)[C@@H](Cc1ccccc1)C(=O)N(C)[C@@H](Cc1ccccc1)C(=O)N(C)[C@@H](Cc1ccccc1)C(N)=O
CHEMBL452,,,,3.72,89.9995967760001,,,38.0,,,,,
CHEMBL452021,,,,,,,,,9.0,32.400000000000006,13.728813559322036,,
CHEMBL452231,,,,,,,,16.0,,,,,
CHEMBL452273,,,,,,,,,3.0,10.799999999999999,5.094339622641509,,
CHEMBL452529,,,,,,,,,6.0,21.599999999999998,9.642857142857142,,
CHEMBL452624,,,3.15,,,,,,,,,,CC(=O)N1Cc2ccccc2C[C@H]1C(=O)N(C)[C@@H](Cc1ccccc1)C(=O)N(C)[C@@H](Cc1ccccc1)C(=O)N(C)[C@@H](Cc1ccccc1)C(N)=O
CHEMBL452664,,,,,,,0.10299999999999998,,,,,,
CHEMBL452861,,,,,,,0.13950000000000007,,,,,,
CHEMBL453,,,,3.0,89.99950000277776,,0.08719999999999994,7.4,3.0,10.799999999999999,5.094339622641509,,
CHEMBL453222,,,,,,,,,20.0,72.0,25.714285714285715,,
CHEMBL453734,,,4.75,,,,,,,,,,CCC[C@H]1C(=O)N([C@@H](Cc2ccc3ccccc3c2)C(=O)NC)CCN1C(=O)[C@@H](Cc1ccc(F)cc1)NC(=O)C(C)(C)N
CHEMBL453779,,,4.05,,,,,,,,,,CC(=O)N[C@@H](CC1CCCCC1)C(=O)N(C)[C@@H](Cc1ccccc1)C(=O)N(C)[C@@H](Cc1ccccc1)C(=O)N(C)[C@@H](Cc1ccccc1)C(N)=O
CHEMBL454616,,,,37.72,89.99973964799534,,,,,,,,
CHEMBL455780,,,2.0999999999999996,,,,,,,,,,CN[C@@H](Cc1ccccc1)C(=O)N(C)[C@@H](Cc1ccccc1)C(=O)N(C)[C@@H](Cc1ccccc1)C(=O)N(C)[C@@H](Cc1ccccc1)C(=O)O
CHEMBL455920,,,,,,,0.11180000000000012,,,,,,
CHEMBL456,,,,,,,,0.5,,,,,
CHEMBL456145,,,,,,,0.10089999999999999,,,,,,
CHEMBL456161,,,9.65,,,,,,,,,,CC(=O)N(C)[C@@H](Cc1ccccc1)C(=O)N(C)[C@@H](Cc1ccccc1)C(=O)N(C)[C@@H](Cc1ccccc1)C(N)=O
CHEMBL456237,,,,,,,0.0006000000000000449,,,,,,
CHEMBL456324,,,,,,,0.03579999999999994,,,,,,
CHEMBL456390,,,,,,,0.03579999999999994,,,,,,
CHEMBL457,,,,108.035,89.99998364840663,,0.0023000000000000798,,29.51,106.236,33.403345491133194,,
CHEMBL457023,,,5.783333333333334,,,,,,,,,,Cc1cc(C)c(-c2cc(-c3ccc(N(C)C)cc3)[te+]c(-c3ccc(N(C)C)cc3)c2)c(C)c1.F[P-](F)(F)(F)(F)F
CHEMBL457061,,,154.25,,,,,,,,,,CCN(CC)C(=O)c1ccc(-c2c3ccc(=[N+](C)C)cc-3[se]c3cc(N(C)C)ccc23)s1.F[P-](F)(F)(F)(F)F
CHEMBL457313,,,200.0,,,,,,,,,,Nc1ncnc2c1sc1ncccc12
CHEMBL457314,,,200.0,,,,,,,,,,CNc1ncnc2c1sc1nc(C)cc(C)c12
CHEMBL457393,,,,,,,0.08010000000000006,,,,,,
CHEMBL457547,,,,,,,,16.0,,,,,
CHEMBL457608,,,,,,,0.03579999999999994,,,,,,
CHEMBL45816,,,,,,,,13.0,,,,,COCC(=O)O[C@]1(CCN(C)CCCc2nc3ccccc3[nH]2)CCc2cc(F)ccc2[C@@H]1C(C)C
CHEMBL458224,,,70.0,,,,,,,,,,COC[C@H]1CCCN1c1cc(NC(C)=O)nc(-n2nc(C)cc2C)n1
CHEMBL458287,,,,,,,0.009000000000000008,,,,,,
CHEMBL458358,,,27.0,,,,,,,,,,CN[C@@H](C)C(=O)Nc1ccc(Oc2ccc(OC)cc2)c(C(=O)NCc2csc(-c3cccs3)n2)c1
CHEMBL458568,,,4.625,,,,,,,,,,O=S(=O)(Nc1cc(F)c(O)c(F)c1)c1ccccc1
CHEMBL458997,,,,16.22,89.99990752167332,,,,,,,,
CHEMBL459,,,,,,,,5.9,,,,,
CHEMBL459059,,,200.0,,,,,,,,,,Cc1cc(C)c2c(n1)sc1c(Nc3ccccc3)ncnc12
CHEMBL459215,,,0.1,,,,,,,,,,CC(C)(C)c1ccc(-c2nc3c(N4CCN(Cc5ccc6[nH]c(=O)c(=O)[nH]c6c5)CC4)cccc3[nH]2)cc1
CHEMBL459353,,,,8.0,89.99981250039062,,,,12.0,43.199999999999996,17.419354838709676,,
CHEMBL459554,,,1.4,,,,,,,,,,CC(=O)N(C)[C@@H](Cc1ccccc1)C(=O)N(C)[C@@H](Cc1ccccc1)C(=O)N(C)[C@@H](Cc1ccccc1)C(=O)N(C)[C@@H](Cc1ccccc1)C(=O)O
CHEMBL459675,,,,,,,0.0034999999999999476,,,,,,
CHEMBL46,,,,3.0,89.99950000277776,,,3.4,6.46,23.256,10.297555791710945,,
CHEMBL460085,,,26.0,,,,,,,,,,CCOc1ncc(S(=O)(=O)N2CCN(CC)CC2)cc1-c1nc2c(CC)n(C)nc2c(=O)[nH]1
CHEMBL460102,,,,,,,0.25749999999999995,,,,,,
CHEMBL460394,,,37.083333333333336,,,,,,,,,,CN(C)c1ccc(-c2cc(-c3ccccc3)[se+]c(-c3ccc(N)cc3)c2)cc1.F[P-](F)(F)(F)(F)F
CHEMBL460395,,,18.566666666666666,,,,,,,,,,CN(C)c1ccc(-c2cc(-c3ccc(N)cc3)[se+]c(-c3ccc(N)cc3)c2)cc1.F[P-](F)(F)(F)(F)F
CHEMBL460472,,,29.5,,,,,,,,,,COc1ccc2c(Oc3ccc(NC(=O)c4c(C)n(CC(C)(C)O)n(-c5ccccc5)c4=O)nc3)ccnc2c1
CHEMBL460522,,,26.150000000000002,,,,,,,,,,Cn1cnc(S(=O)(=O)N(Cc2cccc(-n3cccc3)c2)C2Cc3cc(C#N)ccc3N(Cc3cncn3C)C2)c1
CHEMBL461220,,,3.0,,,,,,,,,,NC(=O)[C@@]1(Cc2ccc(OCc3cc(-c4ccccc4)nc4ccccc34)c(F)c2)C[C@@H]1C(=O)NO
CHEMBL461384,,,,,,,0.009899999999999909,,,,,,
CHEMBL461572,,,,,,,0.0020000000000000018,,,,,,
CHEMBL461573,,,,,,,0.0040000000000000036,,,,,,
CHEMBL461574,,,,,,,0.011900000000000022,,,,,,
CHEMBL461674,,,48.61666666666667,,,,,,,,,,CN(C)c1ccc(-c2cc(-c3ccccc3)[s+]c(-c3ccc(N)cc3)c2)cc1.F[P-](F)(F)(F)(F)F
CHEMBL461950,,,,,,,0.017099999999999893,,,,,,
CHEMBL462044,,,6.5,,,,,,,,,,C=CC[C@H]1C(=O)N([C@@H](Cc2ccc3ccccc3c2)C(=O)NC)CCN1C(=O)[C@H](N)Cc1ccc(F)cc1
CHEMBL462132,,,,,,,0.0040000000000000036,,,,,,
CHEMBL462133,,,,,,,0.0020000000000000018,,,,,,
CHEMBL462360,,,66.0,,,,,,,,,,CC1(CC(=O)NCCNc2ccnc3cc(Cl)ccc23)CC2(CCCCC2)OO1
CHEMBL462522,,,33.666666666666664,,,,,,,,,,CN(C)c1ccc(-c2cc(-c3ccc(N)cc3)[s+]c(-c3ccc(N(C)C)cc3)c2)cc1.F[P-](F)(F)(F)(F)F
CHEMBL463117,,,200.0,,,,,,,,,,Cc1c2c(nc3sc4c(N)ncnc4c13)CCC2
CHEMBL463118,,,200.0,,,,,,,,,,Cc1c2c(nc3sc4c(N)ncnc4c13)CCCC2
CHEMBL463119,,,200.0,,,,,,,,,,C=CCc1c(C)nc2sc3c(N)ncnc3c2c1C
CHEMBL463318,,,200.0,,,,,,,,,,Cc1nc2sc3c(N)ncnc3c2c(C)c1Cc1ccccc1
CHEMBL463981,,,,,,,0.09089999999999998,,,,,,
CHEMBL464037,,,4.2,,,,,,,,,,Cc1ccc(C)c(CNC(=O)C(=O)N[C@@H](C)C(=O)N[C@@H](CC(=O)O)C(=O)COc2c(F)c(F)cc(F)c2F)c1
CHEMBL464038,,,3.7,,,,,,,,,,Cc1ccc(CNC(=O)C(=O)N[C@@H](C)C(=O)N[C@@H](CC(=O)O)C(=O)COc2c(F)c(F)cc(F)c2F)cc1C
CHEMBL464081,,,,141.0,89.99998936170338,,0.009199999999999986,,51.0,183.6,45.445544554455445,,
CHEMBL464178,,,0.0,,,,,,,,,,CC(=O)N[C@@H](Cc1ccccc1)C(=O)N[C@@H](Cc1ccccc1)C(N)=O
CHEMBL464235,,,0.9,,,,,,,,,,C[C@H](NC(=O)C(=O)Nc1c(F)cccc1F)C(=O)N[C@@H](CC(=O)O)C(=O)COc1c(F)c(F)cc(F)c1F
CHEMBL464254,,,3.9,,,,,,,,,,C[C@H](NC(=O)C(=O)NCCC1CCCC1)C(=O)N[C@@H](CC(=O)O)C(=O)COc1c(F)c(F)cc(F)c1F
CHEMBL464259,,,0.3,,,,,,,,,,C[C@H](NC(=O)C(=O)NCc1cc(F)cc(F)c1)C(=O)N[C@@H](CC(=O)O)C(=O)COc1c(F)c(F)cc(F)c1F
CHEMBL464552,,,,21.88,89.99993144429354,,,,,,,,
CHEMBL465,,,,,,,,33.0,,,,,CCCCCc1cc(O)c2c(c1)OC(C)(C)[C@@H]1CCC(C)=C[C@@H]21
CHEMBL465026,,,,,,,,5.0,,,,,
CHEMBL465092,,,2.7,,,,,,,,,,C[C@H](NC(=O)C(=O)NCc1ccc(Cl)cc1Cl)C(=O)N[C@@H](CC(=O)O)C(=O)COc1c(F)c(F)cc(F)c1F
CHEMBL465108,,,1.7,,,,,,,,,,C[C@H](NC(=O)C(=O)NCc1ccc(Cl)cc1)C(=O)N[C@@H](CC(=O)O)C(=O)COc1c(F)c(F)cc(F)c1F
CHEMBL465161,,,,,,,,3.8,,,,,
CHEMBL465305,,,,,,,,,150.0,539.9999999999999,67.5,,
CHEMBL465449,,,4.6,,,,,,,,,,C[C@H](NC(=O)C(=O)NCc1c(Cl)cccc1Cl)C(=O)N[C@@H](CC(=O)O)C(=O)COc1c(F)c(F)cc(F)c1F
CHEMBL465450,,,2.6,,,,,,,,,,C[C@H](NC(=O)C(=O)NCc1cc(Cl)cc(Cl)c1)C(=O)N[C@@H](CC(=O)O)C(=O)COc1c(F)c(F)cc(F)c1F
CHEMBL465473,,,3.7,,,,,,,,,,C[C@H](NC(=O)C(=O)NCC1(c2ccccc2)CC1)C(=O)N[C@@H](CC(=O)O)C(=O)COc1c(F)c(F)cc(F)c1F
CHEMBL465933,,,3.1,,,,,,,,,,C[C@H](NC(=O)C(=O)NCc1cccc(Cl)c1Cl)C(=O)N[C@@H](CC(=O)O)C(=O)COc1c(F)c(F)cc(F)c1F
CHEMBL465957,,,4.5,,,,,,,,,,O=C(Nc1nc(-c2cccc(C(F)(F)F)c2F)cs1)c1ccc(N2CCC(C(=O)O)C2)nc1
CHEMBL466318,,,0.0,,,,,,,,,,CC(C)c1onc(-c2ccc(S(C)(=O)=O)cc2Cl)c1COc1ccc(/C=C/c2cccc(C(=O)O)c2)c(Cl)c1
CHEMBL466323,,,0.19,,,,,,,,,,Cc1cc(OCc2c(-c3c(Cl)cncc3Cl)noc2C(C)C)ccc1-c1ccc2c(C(=O)O)cn(C)c2c1
CHEMBL466408,,,4.3,,,,,,,,,,Cc1ccc(C)c(CCNC(=O)C(=O)N[C@@H](C)C(=O)N[C@@H](CC(=O)O)C(=O)COc2c(F)c(F)cc(F)c2F)c1
CHEMBL466523,,,587.0,,,,,,,,,,Cc1cc(OCc2c(-c3c(Cl)c[n+]([O-])cc3Cl)noc2C(C)C)ccc1-c1ccc2c(C(=O)O)cn(C)c2c1
CHEMBL466547,,,15.0,,,,,,,,,,CC(C)c1nc(N(C)c2nnnn2C)nc(-c2ccc(F)cc2)c1/C=C/[C@@H](O)C[C@@H](O)CC(=O)[O-].[Na+]
CHEMBL466658,,,15.0,,,,,,,,,,C[C@H](N)C(=O)NCc1cccc(-n2nc(C(F)(F)F)cc2C(=O)NCc2ccccc2)c1
CHEMBL466887,,,0.7,,,,,,,,,,COc1ccc(Cl)c(-c2noc(C(C)C)c2COc2ccc(-c3ccc4c(C(=O)O)cn(C)c4c3)c(C)c2)n1
CHEMBL467,,,,,,,,3.4,,,,,
CHEMBL467069,,,0.28,,,,,,,,,,Cc1c(Nc2c(C#N)cncc2-c2ccc(OCCN3CCN(C)CC3)cc2)ccc2[nH]ccc12
CHEMBL467114,,,350.45,,,,,,,,,,O=C([O-])c1cccc(Cc2cc(Cl)ccc2OCc2ccc(Cl)cc2F)n1.[Na+]
CHEMBL46740,,,,26.63,89.99993667915257,,,,38.02,136.87199999999999,38.875255623721884,,
CHEMBL467840,,,2.85,,,,,,,,,,CC(=O)N[C@@H](Cc1c[nH]c2ccccc12)C(=O)N(C)[C@@H](Cc1ccccc1)C(=O)N(C)[C@@H](Cc1ccccc1)C(=O)N(C)[C@@H](Cc1ccccc1)C(N)=O
CHEMBL467916,,,37.5,,,,,,,,,,N#Cc1ccccc1C1Cc2nccn2C1
CHEMBL468,,,,,,,,4.7,,,,,
CHEMBL468297,,,,,,,0.04569999999999996,,,,,,
CHEMBL468927,,,267.0,,,,,,,,,,C[C@H](N)C(=O)NCc1cccc(-n2nc(C(F)(F)F)cc2-c2nnc(-c3cccc4ncsc34)o2)c1
CHEMBL469,,,,,,,,5.1,,,,,
CHEMBL469115,,,6.2,,,,,,,,,,Cc1ccc(CCNC(=O)C(=O)N[C@@H](C)C(=O)N[C@@H](CC(=O)O)C(=O)COc2c(F)c(F)cc(F)c2F)cc1C
CHEMBL469135,,,0.09,,,,,,,,,,CC(C)c1onc(-c2c(Cl)cncc2Cl)c1COc1ccc(/C=C/c2cccc(C(=O)O)c2)c(Cl)c1
CHEMBL469727,,,,34.5,89.99995652176014,,,,76.0,273.59999999999997,54.285714285714285,,
CHEMBL469728,,,,59.0,89.99997457627836,,,,145.0,522.0,66.92307692307692,,
CHEMBL470591,,,,,,,0.0050000000000000044,,,,,,
CHEMBL47072,,,,,,,,2.3,,,,,
CHEMBL471,,,,,,,,6.3,,,,,CC(C)NCC(O)c1ccc(NS(C)(=O)=O)cc1
CHEMBL471412,,,,150.0,89.9999900000011,,0.0032999999999999696,,150.0,539.9999999999999,67.5,,
CHEMBL472,,,,14.45,89.99989619389136,,0.0012000000000000899,2.2,22.0,79.19999999999999,27.499999999999996,,
CHEMBL472363,,,,,,,0.007199999999999984,,,,,,
CHEMBL472455,,,,150.0,89.9999900000011,,,,150.0,539.9999999999999,67.5,,
CHEMBL472524,,,,,,,0.017900000000000027,,,,,,
CHEMBL472658,,,,150.0,89.9999900000011,,,,,,,,
CHEMBL472828,,,1.6,,,,,,,,,,Cc1ccccc1CCNC(=O)C(=O)N[C@@H](C)C(=O)N[C@@H](CC(=O)O)C(=O)COc1c(F)c(F)cc(F)c1F
CHEMBL47298,,,,,,,0.5173,,,,,,
CHEMBL473,,,,8.93,89.9997828398318,,0.3390000000000001,8.1,,,,,
CHEMBL473032,,,1.7,,,,,,,,,,Cc1cccc(CCNC(=O)C(=O)N[C@@H](C)C(=O)N[C@@H](CC(=O)O)C(=O)COc2c(F)c(F)cc(F)c2F)c1
CHEMBL473033,,,7.4,,,,,,,,,,Cc1ccc(CCNC(=O)C(=O)N[C@@H](C)C(=O)N[C@@H](CC(=O)O)C(=O)COc2c(F)c(F)cc(F)c2F)c(C)c1
CHEMBL473384,,,22.0,,,,,,,,,,CC1(C)Oc2ncnc(N)c2N=C1c1ccc(C23CCC(CC(=O)O)(CC2)CC3)cc1
CHEMBL473622,,,,,,,0.02510000000000001,,,,,,
CHEMBL473807,,,0.1,,,,,,,,,,CC(C)(C)c1ccc(-c2nc3c(N4CCN(Cc5cnc6[nH]c(=O)c(=O)[nH]c6c5)CC4)cccc3[nH]2)cc1
CHEMBL474055,,,0.668,,,,,,,,,,Nc1ncnc2c1ncn2[C@@H]1O[C@H](COC(=O)[C@@H](N)Cc2ccccc2)[C@@H](O)[C@@H]1O
CHEMBL474056,,,4.0,,,,,,,,,,Cc1ccc(CNC(=O)C(=O)N[C@@H](C)C(=O)N[C@@H](CC(=O)O)C(=O)COc2c(F)c(F)cc(F)c2F)c(C)c1
CHEMBL4740983,,,,,,0.35,,,,,,,CC(C)c1nc2cnc(-c3ccc(F)c(C(F)(F)F)c3)cn2c1-c1ccc2[nH]ncc2c1
CHEMBL4742068,,,,,,0.375,,,,,,,CC(C)c1nn2cnc(-c3ccc(F)c(C(F)(F)F)c3)cc2c1-c1ccc2[nH]ncc2c1F
CHEMBL4743467,,,,,,0.578,,,,,,,Oc1cc(F)c(-c2cnc3cnc(-c4cccc(C(F)(F)F)c4)cn23)c(F)c1
CHEMBL4744740,,,,,,5.16,,,,,,,Cc1nc2cnc(-c3cccc(C(F)(F)F)c3)cn2c1-c1c(F)cc(O)cc1F
CHEMBL474484,,,2.0,,,,,,,,,,CC(C)CNc1nc(C#N)nc(N2CCNCC2)c1N
CHEMBL4745081,,,,,,0.241,,,,,,,CCc1nc2cnc(-c3ccc(F)c(C(F)(F)F)c3)cn2c1-c1ccc2[nH]ncc2c1F
CHEMBL474579,,,,,,,,4.5,,,,,
CHEMBL4745965,,,,,,10.6,,,,,,,Oc1ccc(-c2cnc3cnc(C4=COCCC4)cn23)cc1
CHEMBL4746624,,,,,,4.75,,,,,,,COc1ccc(-c2c(C(C)C)nc3cnc(-c4cccc(C(F)(F)F)c4)cn23)cc1O
CHEMBL4747246,,,,,,9.5,,,,,,,Oc1ccc(-c2cnn3ccc(-c4cccc(C(F)(F)F)c4)cc23)c(F)c1
CHEMBL4747424,,,,,,0.133,,,,,,,Fc1ccc(-c2cn3c(-c4ccc5[nH]ncc5c4F)c(C(F)(F)F)nc3cn2)cc1C(F)(F)F
CHEMBL4748653,,,,,,10.4,,,,,,,COc1ccc(-c2c(C(C)C)nc3cnc(-c4ccnc(N(C)C)c4)cn23)cc1O
CHEMBL4749880,,,,,,0.213,,,,,,,Fc1ccc(-c2cn3c(-c4ccc5[nH]ncc5c4F)c(C(F)(F)F)nc3cn2)cc1C(F)(F)C(F)(F)F
CHEMBL474991,,,0.23,,,,,,,,,,CC(C)(C)c1ccc(-c2nc3c(N4CCN(Cc5ccc6nccnc6c5)CC4)cccc3[nH]2)cc1
CHEMBL474992,,,0.4,,,,,,,,,,CC(C)(C)c1ccc(-c2nc3c(N4CCN(Cc5ccc6ncccc6c5)CC4)cccc3[nH]2)cc1
CHEMBL475035,,,0.601,,,,,,,,,,CC(C)[C@@H](N)C(=O)OC[C@H]1O[C@@H](n2cnc3c(N)ncnc32)[C@@H](O)[C@@H]1O
CHEMBL4750431,,,,,,0.206,,,,,,,Fc1ccc(-c2cn3c(-c4ccc5[nH]ncc5c4F)c(C4CC4)nc3cn2)cc1C(F)(F)F
CHEMBL4750741,,,,,,0.549,,,,,,,CC(C)c1nc2cnc(-c3cccc(C(F)(F)F)c3)cn2c1-c1ccc2[nH]ncc2c1F
CHEMBL4750891,,,,,,0.956,,,,,,,CC1(c2nc3cnc(-c4ccc(F)c(C(F)(F)F)c4)cn3c2-c2c(F)cc(O)cc2F)CC1
CHEMBL4751019,,,,,,1.08,,,,,,,CCc1nc2cnc(-c3ccc(F)c(C(F)(F)F)c3)cn2c1-c1c(F)cc(O)cc1F
CHEMBL4751459,,,,,,2.91,,,,,,,Cc1nc2cnc(-c3ccc(F)c(C(F)(F)F)c3)cn2c1-c1ccc(O)cc1F
CHEMBL4751691,,,,,,0.258,,,,,,,Cc1c(-c2c(C(F)(F)F)nc3cnc(-c4ccc(F)c(C(F)(F)F)c4)cn23)ccc2[nH]ncc12
CHEMBL4752925,,,,,,0.901,,,,,,,CC(C)c1cc(-c2cn3c(-c4ccc5[nH]ncc5c4F)c(C(C)C)nc3cn2)ccc1F
CHEMBL475534,,,,75.0,89.99998000000444,,0.009000000000000008,8.2,85.0,306.0,56.666666666666664,,CCOC(=O)C1=C(C)NC(C)=C(C(=O)OC)C1c1cccc([N+](=O)[O-])c1
CHEMBL4755363,,,,,,2.47,,,,,,,Oc1ccc(-c2c(C(F)(F)F)nc3cnc(-c4cccc(C(F)(F)F)c4)cn23)c(F)c1
CHEMBL4755643,,,,,,0.263,,,,,,,CC(C)c1nc2cnc(-c3ccc(F)c(C(F)(F)F)c3)cn2c1-c1ccc2[nH]ncc2c1F
CHEMBL4755956,,,,,,2.57,,,,,,,CC(C)c1nn2cnc(-c3cccc(C(F)(F)F)c3)cc2c1-c1c(F)cc(O)cc1F
CHEMBL475650,,,0.05,,,,,,,,,,CC(C)(C)c1ccc(-c2nc3c(N4CCN(Cc5ccc6c(c5)NCC(=O)N6)CC4)cccc3[nH]2)cc1
CHEMBL475660,,,1.5,,,,,,,,,,CC(C)(C)c1ccc(-c2nc3c(N4CCN(Cc5ccc6cccnc6c5)CC4)cccc3[nH]2)cc1
CHEMBL475689,,,134.0,,,,,,,,,,CC(=O)c1cccc([C@@H](O)[C@H](O)[C@H](O)CO)n1
CHEMBL4757098,,,,,,1.53,,,,,,,Fc1ccc(-c2cn3c(-c4ccc5[nH]ncc5c4F)c(C(F)(F)F)nc3cn2)cc1CC(F)(F)F
CHEMBL4757105,,,,,,3.53,,,,,,,COc1ccc(-c2c(C(C)C)nc3cnc(-c4ccc(F)c(C(F)(F)F)c4)cn23)cc1O
CHEMBL4757884,,,,,,8.4,,,,,,,Cc1noc(C)c1-c1cn2c(-c3ccc(O)cc3)cnc2cn1
CHEMBL475799,,,,,,,0.03909999999999991,,,,,,
CHEMBL4758053,,,,,,10.1,,,,,,,Oc1ccc(-c2cnc3cnc(-c4cccc(C(F)(F)F)c4)cn23)c(F)c1
CHEMBL4758070,,,,,,1.88,,,,,,,CC(C)c1cc(-c2cn3c(-c4ccc5[nH]ncc5c4F)c(C(F)(F)F)nc3cn2)ccc1F
CHEMBL475865,,,,,,,0.011900000000000022,,,,,,
CHEMBL4759099,,,,,,0.194,,,,,,,Fc1ccc(-c2cn3c(-c4ccc5[nH]ncc5c4F)c(C(F)(F)F)nc3cn2)cc1OC(F)(F)F
CHEMBL4759569,,,,,,0.0856,,,,,,,Fc1c(-c2c(C(F)(F)F)nc3cnc(-c4cccc(C(F)(F)C(F)(F)F)c4)cn23)ccc2[nH]ncc12
CHEMBL476,,,,,,,,6.2,,,,,
CHEMBL4761377,,,,,,0.135,,,,,,,Oc1cc(F)c(-c2c(C3CC3)nc3cnc(-c4ccc(F)c(C(F)(F)F)c4)cn23)c(F)c1
CHEMBL4762116,,,,,,0.185,,,,,,,Fc1ccc(-c2cn3c(-c4ccc5[nH]ncc5c4)c(C(F)(F)F)nc3cn2)cc1C(F)(F)F
CHEMBL4763712,,,,,,3.26,,,,,,,COc1ccc(-c2c(C(F)(F)F)nc3cnc(-c4cccc(C(F)(F)C(F)(F)F)c4)cn23)cc1O
CHEMBL4764061,,,,,,0.474,,,,,,,Oc1cc(F)c(-c2c(C3CCC3)nc3cnc(-c4ccc(F)c(C(F)(F)F)c4)cn23)c(F)c1
CHEMBL4764170,,,,,,9.48,,,,,,,COc1ccc(-c2c(C)nc3ccc(-c4cccc(C(F)(F)F)c4)cn23)cc1O
CHEMBL4764292,,,,,,4.14,,,,,,,CC(C)c1nc2cnc(-c3cccc(C(F)(F)F)c3)cn2c1-c1ccc(OP(=O)(O)O)cc1F
CHEMBL4764900,,,,,,1.89,,,,,,,Fc1ccc(-c2cn3c(-c4ccc5[nH]ncc5c4F)c(C(F)(F)F)nc3cn2)cc1C1CC1
CHEMBL4765012,,,,,,4.52,,,,,,,Cc1nc2cnc(-c3ccc(F)c(C(F)(F)F)c3)cn2c1-c1c(F)cc(OP(=O)(O)O)cc1F
CHEMBL476954,,,23.5,,,,,,,,,,CC(C)C(=O)N(Cc1cccc(Cl)c1Cl)[C@H]1CCNC1
CHEMBL477,,,,3.0,89.99950000277776,,,,,,,,
CHEMBL477374,,,16.5,,,,,,,,,,CC(C)C(=O)N(Cc1ccc(Cl)c(Cl)c1Cl)[C@H]1CCNC1
CHEMBL477548,,,,,,,0.02510000000000001,,,,,,
CHEMBL4779352,,,,,,0.345,,,,,,,CC(C)c1nc2cnc(-c3ccc(F)c(S(F)(F)(F)(F)F)c3)cn2c1-c1ccc2[nH]ncc2c1F
CHEMBL478,,,,,,,,4.7,,,,,
CHEMBL4781298,,,,,,3.49,,,,,,,CCc1nc2cnc(-c3cccc(C(F)(F)F)c3)cn2c1-c1ccc(O)cc1F
CHEMBL4782059,,,,,,11.7,,,,,,,COc1ccc(-c2c(C)nn3cnc(-c4cccc(C(F)(F)F)c4)cc23)cc1O
CHEMBL4783028,,,,,,1.16,,,,,,,Fc1c(-c2c(C(F)(F)F)nc3cnc(-c4cccc(OC(F)(F)F)c4)cn23)ccc2[nH]ncc12
CHEMBL4784780,,,,,,1.08,,,,,,,CC(C)c1nc2cnc(-c3ccc(F)c(C(F)(F)F)c3)cn2c1-c1c(F)cc(O)cc1F
CHEMBL4785344,,,,,,1.4,,,,,,,CC(C)c1nc2cnc(-c3ccc(F)c(C(F)(F)F)c3)nc2n1-c1c(F)cc(O)cc1F
CHEMBL4787321,,,,,,1.47,,,,,,,CC(C)Oc1cc(-c2cn3c(-c4ccc5[nH]ncc5c4F)c(C(F)(F)F)nc3cn2)ccc1F
CHEMBL4788935,,,,,,1.51,,,,,,,CC(C)c1nn2cnc(-c3ccc(F)c(C(F)(F)F)c3)cc2c1-c1c(F)cc(O)cc1F
CHEMBL4789183,,,,,,1.02,,,,,,,COc1cc(-c2c(C(C)C)nc3cnc(-c4cccc(C(F)(F)F)c4)cn23)cc2cn[nH]c12
CHEMBL4789333,,,,,,2.17,,,,,,,CC(C)c1nc2cnc(-c3cccc(S(F)(F)(F)(F)F)c3)cn2c1-c1c(F)cc(O)cc1F
CHEMBL4789829,,,,,,0.94,,,,,,,CC(C)c1cc(-c2cn3c(-c4ccc5[nH]ncc5c4F)c(C4CC4)nc3cn2)ccc1F
CHEMBL479,,,,114.0,89.99998684210719,,0.0037000000000000366,,50.0,180.0,45.0,,
CHEMBL4790973,,,,,,3.51,,,,,,,CCc1nn2cnc(-c3ccc(F)c(C(F)(F)F)c3)cc2c1-c1c(F)cc(O)cc1F
CHEMBL479383,,,,,,,0.0383,,,,,,
CHEMBL479410,,,29.0,,,,,,,,,,CN(C)Cc1cc(NS(C)(=O)=O)ccc1Oc1ccc(C(F)(F)F)cc1
CHEMBL479411,,,21.5,,,,,,,,,,CNCc1cc(NS(C)(=O)=O)ccc1Sc1ccc(SC)cc1
CHEMBL479441,,,,,,,0.45409999999999995,,,,,,
CHEMBL479445,,,,,,,0.4427,,,,,,
CHEMBL479446,,,,,,,0.07840000000000003,,,,,,
CHEMBL479447,,,,,,,0.4427,,,,,,
CHEMBL479621,,,0.3,,,,,,,,,,C[C@H](NC(=O)C(=O)NCc1ccccc1F)C(=O)N[C@@H](CC(=O)O)C(=O)COc1c(F)c(F)cc(F)c1F
CHEMBL4797125,,,,,,1.57,,,,,,,Cc1nc2cnc(-c3cccc(C(F)(F)C(F)(F)F)c3)cn2c1-c1c(F)cc(O)cc1F
CHEMBL4797622,,,,,,2.14,,,,,,,Fc1ccc(-c2cn3c(-c4ccc5[nH]ncc5c4F)c(C(F)(F)F)nc3cn2)cc1C1CCC1
CHEMBL4798002,,,,,,9.16,,,,,,,CC(C)c1nc2cnc(-c3ccc(F)c(C(F)(F)F)c3)cn2c1-c1c(F)cc(OP(=O)(O)O)cc1F
CHEMBL4798182,,,,,,20.7,,,,,,,COc1ccc(-c2c(C(C)C)nc3cnc(-c4cccc(C(F)(F)F)c4)cn23)cc1OP(=O)(O)O
CHEMBL479835,,,1.04,,,,,,,,,,COc1ccc(CN(C)C)c(-c2cc3c(Nc4ccc5[nH]ccc5c4C)c(C#N)cnc3s2)c1
CHEMBL479840,,,,,,,0.018299999999999983,,,,,,
CHEMBL479848,,,,,,,0.0736,,,,,,
CHEMBL4798797,,,,,,6.46,,,,,,,COc1ccc(-c2c(C3CC3)nc3cnc(-c4cccc(C(F)(F)F)c4)cn23)cc1O
CHEMBL4799333,,,,,,0.613,,,,,,,Cc1nc2cnc(-c3ccc(F)c(C(F)(F)F)c3)cn2c1-c1c(F)cc(O)cc1F
CHEMBL4799745,,,,,,0.229,,,,,,,CCc1nc2cnc(-c3ccc(F)c(C(F)(F)C(F)(F)F)c3)cn2c1-c1c(F)cc(O)cc1F
CHEMBL479999,,,42.0,,,,,,,,,,CN(C)Cc1cc(C(N)=O)ccc1Cc1ccc(Cl)c(Cl)c1
CHEMBL480,,,,,,,0.015999999999999903,1.0,,,,,
CHEMBL480016,,,352.0,,,,,,,,,,C[C@H]1CN(S(=O)(=O)C[C@]23CC[C@H](CC2=O)C3(C)C)CCN1c1ncc(C(F)(F)F)cc1F
CHEMBL480027,,,,,,,0.048799999999999955,,,,,,
CHEMBL480031,,,,,,,0.014599999999999946,,,,,,
CHEMBL480032,,,,,,,0.01629999999999998,,,,,,
CHEMBL480057,,,,,,,0.008099999999999996,,,,,,
CHEMBL480208,,,,150.0,89.9999900000011,,,,103.0,370.79999999999995,60.58823529411764,,
CHEMBL480221,,,,,,,0.10299999999999998,,,,,,
CHEMBL480250,,,,,,,0.04469999999999996,,,,,,
CHEMBL480401,,,1.2,,,,,,,,,,Cc1cccc(CNC(=O)C(=O)N[C@@H](C)C(=O)N[C@@H](CC(=O)O)C(=O)COc2c(F)c(F)cc(F)c2F)c1
CHEMBL480402,,,1.1,,,,,,,,,,Cc1ccc(CNC(=O)C(=O)N[C@@H](C)C(=O)N[C@@H](CC(=O)O)C(=O)COc2c(F)c(F)cc(F)c2F)cc1
CHEMBL480445,,,,,,,0.2531,,,,,,
CHEMBL480456,,,,,,,0.05810000000000004,,,,,,
CHEMBL480457,,,,,,,0.04569999999999996,,,,,,
CHEMBL480558,,,12.5,,,,0.07840000000000003,,,,,,CCC(CC)[C@@H](CO)NS(=O)(=O)c1ccc(Cl)s1
CHEMBL480601,,,,,,,,,75.0,269.99999999999994,54.0,,
CHEMBL480789,,,318.0,,,,,,,,,,CNCc1ccc(NC(=O)c2cc(C)n(Cc3cc(Cl)ccc3OCc3ccccc3)n2)cc1.Cl
CHEMBL480813,,,,,,,0.005999999999999894,,,,,,
CHEMBL480814,,,,,,,0.04180000000000006,,,,,,
CHEMBL480822,,,,,,,0.09680000000000011,,,,,,
CHEMBL480825,,,,,,,0.054400000000000004,,,,,,
CHEMBL480830,,,,,,,0.1423000000000001,,,,,,
CHEMBL480924,,,,,,,0.02190000000000003,,,,,,
CHEMBL480989,,,1.3,,,,,,,,,,Cc1ccccc1CNC(=O)C(=O)N[C@@H](C)C(=O)N[C@@H](CC(=O)O)C(=O)COc1c(F)c(F)cc(F)c1F
CHEMBL481,,,,3.0,89.99950000277776,,0.42010000000000003,9.0,13.49,48.564,19.12269648763585,,
CHEMBL481196,,,560.0,,,,,,,,,,CC1(C)[C@@H]2CC[C@@]1(CS(=O)(=O)N1CCN(c3ncc(C(F)(F)F)cc3F)[C@H](CO)C1)C(=O)C2
CHEMBL481205,,,,,,,0.1509999999999999,,,,,,
CHEMBL481206,,,,,,,0.1631999999999999,,,,,,
CHEMBL481212,,,,,,,0.06059999999999999,,,,,,
CHEMBL481220,,,,,,,0.017099999999999893,,,,,,
CHEMBL481223,,,,,,,0.032099999999999906,,,,,,
CHEMBL481230,,,,12.59,89.9998808579814,,0.3288,,27.54,99.14399999999999,31.96543719370647,,
CHEMBL481306,,,33.5,,,,,,,,,,CNCc1cc(S(N)(=O)=O)ccc1Cc1ccc(Cl)c(Cl)c1
CHEMBL481322,,,38.0,,,,,,,,,,COCc1c(Cl)ccc2c1CC[C@H]2c1ncc[nH]1
CHEMBL481400,,,,,,,0.25749999999999995,,,,,,
CHEMBL481401,,,,,,,0.04370000000000007,,,,,,
CHEMBL481423,,,,,,,0.03579999999999994,,,,,,
CHEMBL481557,,,,,,,0.08360000000000001,,,,,,
CHEMBL481564,,,,,,,0.013900000000000023,,,,,,
CHEMBL481572,,,,,,,0.03430000000000011,,,,,,
CHEMBL481595,,,,,,,0.02090000000000003,,,,,,
CHEMBL481596,,,,,,,0.24450000000000005,,,,,,
CHEMBL481605,,,,,,,0.047699999999999965,,,,,,
CHEMBL481606,,,,,,,0.017099999999999893,,,,,,
CHEMBL481611,,,,,,,0.06059999999999999,,,,,,CC(C)(F)C[C@H](N[C@@H](c1ccc(-c2ccc(S(C)(=O)=O)cc2)cc1)C(F)(F)F)C(=O)NC1(C#N)CC1
CHEMBL481612,,,,,,,0.1631999999999999,,,,,,
CHEMBL481689,,,360.0,,,,,,,,,,Cc1cc(NC(=O)c2ccc(CN3CCCC3)cc2)nn1Cc1cc(Cl)ccc1OCC(C)C.Cl
CHEMBL481695,,,27.0,,,,,,,,,,CN(C)Cc1cc(C(N)=O)ccc1Oc1ccc(OC(F)(F)F)cc1
CHEMBL481697,,,27.0,,,,,,,,,,CN(C)Cc1cc(CNS(C)(=O)=O)ccc1Oc1ccc(OC(F)(F)F)cc1
CHEMBL481717,,,,,,,0.08900000000000008,,,,,,
CHEMBL481807,,,,,,,0.04569999999999996,,,,,,
CHEMBL481870,,,521.0,,,,,,,,,,CCNCc1ccc(C(=O)Nc2cc(C)n(Cc3cc(Cl)ccc3OCC(C)C)n2)cc1.Cl
CHEMBL481905,,,,,,,0.008099999999999996,,,,,,
CHEMBL481975,,,0.3,,,,,,,,,,C[C@H](NC(=O)C(=O)NCc1cccc(F)c1)C(=O)N[C@@H](CC(=O)O)C(=O)COc1c(F)c(F)cc(F)c1F
CHEMBL481976,,,0.4,,,,,,,,,,C[C@H](NC(=O)C(=O)NCc1ccc(F)cc1)C(=O)N[C@@H](CC(=O)O)C(=O)COc1c(F)c(F)cc(F)c1F
CHEMBL482292,,,16.0,,,,,,,,,,CN(C)Cc1cc(S(N)(=O)=O)ccc1Cc1ccc(Cl)c(Cl)c1
CHEMBL482552,,,,,,,0.0009000000000000119,,,,,,
CHEMBL482562,,,1.6,,,,,,,,,,O=C(Nc1ccc2cnn(S(=O)(=O)c3cccc4ccccc34)c2c1)C1CCNCC1
CHEMBL483,,,,,,,,5.8,,,,,
CHEMBL483058,,,198.0,,,,,,,,,,OC[C@@H](O)[C@@H](O)[C@H](O)c1c[nH]c(-c2cnccn2)n1
CHEMBL483201,,,4.5,,,,,,,,,,NS(=O)(=O)c1cccc(CCCCOCCCCCCNC[C@H](O)c2ccc(O)c(CO)c2)c1
CHEMBL48361,,,,,,,0.5288,,,,,,
CHEMBL483879,,,0.0,,,,,,,,,,OC[C@@H](O)[C@@H](O)[C@H](O)c1c[nH]c(-c2cscn2)n1
CHEMBL483880,,,9.0,,,,,,,,,,OC[C@@H](O)[C@@H](O)[C@H](O)c1c[nH]c(-c2cocn2)n1
CHEMBL484,,,,,,,,1.6,,,,,
CHEMBL484077,,,10.0,,,,,,,,,,OC[C@@H](O)[C@@H](O)[C@H](O)c1c[nH]c(-c2nc[nH]n2)n1
CHEMBL484078,,,109.0,,,,,,,,,,OC[C@@H](O)[C@@H](O)[C@H](O)c1c[nH]c(-c2ncccn2)n1
CHEMBL484340,,,10.0,,,,,,,,,,CC(Oc1ccc(CN2C[C@@H](C)OC2=O)cc1)C1CCCCC1
CHEMBL484341,,,6.75,,,,,,,,,,C[C@H](CC(=O)O)Nc1nccc(-c2c[nH]nc2-c2ccc(Cl)cc2)n1
CHEMBL484345,,,4.3,,,,,,,,,,NCCC(=O)Nc1cccc2c1cnn2S(=O)(=O)c1cccc2ccccc12
CHEMBL484480,,,99.0,,,,,,,,,,CN(C)C(=O)c1nc([C@@H](O)[C@H](O)[C@H](O)CO)c[nH]1
CHEMBL484690,,,49.0,,,,,,,,,,Cc1scnc1-c1nc([C@@H](O)[C@H](O)[C@H](O)CO)c[nH]1
CHEMBL485,,,,,,,,4.0,,,,,COc1ccc2c3c1O[C@H]1[C@@H](O)C=C[C@H]4[C@@H](C2)N(C)CC[C@@]341
CHEMBL485108,,,31.1,,,,,,,,,,CC(=O)c1nc([C@@H](O)[C@H](O)[C@H](O)CO)c(-c2ccccc2)[nH]1
CHEMBL485328,,,15.35,,,,,,,,,,CC[C@H](C)CN1C(=O)c2ccccc2[C@@H](C(=O)O)[C@@H]1c1cc2ccccc2o1
CHEMBL485818,,,0.84225,,,,,,,,,,O=C(O)[C@H]1O[C@@H](Oc2cc3oc(-c4ccccc4)cc(=O)c3c(O)c2O)[C@H](O)[C@@H](O)[C@@H]1O
CHEMBL486162,,,154.0,,,,,,,,,,CC(=O)Nc1cc(-c2cccc(N3CCN(C)CC3)n2)nc(-n2nc(C)cc2C)n1
CHEMBL486698,,,19.8,,,,,,,,,,Cl.Nc1c2c(nc3cc(Cl)ccc13)CCCC2
CHEMBL486745,,,260.0,,,,,,,,,,COc1cccc(-c2cc(NC(C)=O)nc(-n3nc(C)cc3C)n2)c1F
CHEMBL487569,,,24.0,,,,,,,,,,COc1cc(OC)cc(-c2cc(NC(C)=O)nc(-n3nc(C)cc3C)n2)c1
CHEMBL488248,,,2.0,,,,,,,,,,Cn1c(-c2ccc(OCCCN3CCCC3)cc2)nc2ccccc2c1=O
CHEMBL488265,,,17.3,,,,,,,,,,COc1ccc(CNc2ncnc3c(CCO)c(OC)c(NC(C)=O)cc23)cc1Cl
CHEMBL488336,,,110.0,,,,,,,,,,CC(=O)c1nc([C@@H](O)[C@H](O)[C@H](O)CO)c[nH]1
CHEMBL488545,,,139.0,,,,,,,,,,CC(=O)c1ncc([C@@H](O)[C@H](O)[C@H](O)CO)s1
CHEMBL48880,,,,,,,,2.4,,,,,
CHEMBL488937,,,,,,,0.049899999999999944,,,,,,
CHEMBL489058,,,0.45,,,,,,,,,,CCN1CCN(CC/C=C/c2ccc3c(Nc4ccc(Sc5nccn5C)c(Cl)c4)c(C#N)cnc3c2)CC1
CHEMBL48966,,,,,,,0.16000000000000003,,,,,,
CHEMBL49,,,,38.9,89.99996143960522,,0.2238,,116.0,417.6,62.89156626506024,,
CHEMBL490,,,,,,,0.10089999999999999,13.0,,,,,Fc1ccc([C@@H]2CCNC[C@H]2COc2ccc3c(c2)OCO3)cc1
CHEMBL490121,,,72.75,,,,,,,,,,C[N+](C)=c1ccc2c(-c3ccccc3)c3cc4c5c(c3[se]c-2c1)CCCN5CCC4.F[P-](F)(F)(F)(F)F
CHEMBL490462,,,103.0,,,,,,,,,,CC(=O)c1nc([C@@H](O)[C@H](O)[C@H](O)C(=O)N(C)C)c[nH]1
CHEMBL490657,,,99.0,,,,,,,,,,CC(=O)c1nc([C@@H](O)[C@@H](O)[C@H](O)CO)c[nH]1
CHEMBL490868,,,4.7,,,,,,,,,,O[C@@H](CN1c2cccc(-c3cccc(OC(F)(F)F)c3)c2CC[C@@H]1c1cccc(OC(F)(F)F)c1)C(F)(F)F
CHEMBL490909,,,175.75,,,,,,,,,,COc1ccc(-c2c3ccc(=[N+](C)C)cc-3sc3cc(N(C)C)ccc23)cc1.F[P-](F)(F)(F)(F)F
CHEMBL491100,,,237.75,,,,,,,,,,COc1cccc(-c2c3ccc(=[N+](C)C)cc-3sc3cc(N(C)C)ccc23)c1.[Br-]
CHEMBL491113,,,129.25,,,,,,,,,,COc1ccc(-c2c3ccc(=[N+](C)C)cc-3[se]c3cc(N(C)C)ccc23)cc1OC.F[P-](F)(F)(F)(F)F
CHEMBL491358,,,9.4,,,,,,,,,,CCOC(=O)C1=C(C)Nc2nc3c(c(N)c2C1c1ccc(OC)c(OC)c1)CCCC3
CHEMBL491359,,,7.2,,,,,,,,,,CCOC(=O)C1=C(C)Nc2nc3c(c(N)c2C1c1cccnc1)CCCC3
CHEMBL491360,,,6.2,,,,,,,,,,CCOC(=O)C1=C(C)Nc2nc3c(c(N)c2C1c1ccncc1)CCCC3
CHEMBL491561,,,1.4,,,,,,,,,,CCOC(=O)C1=C(C)Nc2nc3c(c(N)c2C1c1ccccc1C(F)(F)F)CCCC3
CHEMBL491758,,,,,,,,,7.0,25.2,11.05263157894737,,
CHEMBL491928,,,72.25,,,,,,,,,,CN(C)c1ccc2c(-c3ccc(C(=O)O)s3)c3ccc(=[N+](C)C)cc-3[se]c2c1.F[P-](F)(F)(F)(F)F
CHEMBL491942,,,211.25,,,,,,,,,,COc1ccc(-c2c3ccc(=[N+](C)C)cc-3sc3cc(N(C)C)ccc23)cc1OC.F[P-](F)(F)(F)(F)F
CHEMBL492112,,,,,,,,,21.0,75.6,26.619718309859152,,
CHEMBL492234,,,,150.0,89.9999900000011,,,,,,,,
CHEMBL49247,,,,,,,0.0262,,,,,,
CHEMBL492602,,,11.575,,,,,,,,,,CN(C)c1ccc2c(-c3ccc(C(=S)N4CCCCC4)s3)c3ccc(=[N+](C)C)cc-3[se]c2c1.F[P-](F)(F)(F)(F)F
CHEMBL493279,,,12.5,,,,,,,,,,COc1ccc(-c2nsc(/C=[N+](\[O-])C(C)(C)C)n2)cc1
CHEMBL493677,,,,,,,0.04469999999999996,,,,,,
CHEMBL493937,,,2.87,,,,,,,,,,CN1CCCN(c2cncc(-c3cccc(/C=C/C(=O)O)c3)n2)CC1
CHEMBL494,,,,,,,,0.57,,,,,
CHEMBL494097,,,4.5,,,,,,,,,,CC(C)(C)c1cc(-c2nsc(/C=[N+](\[O-])C(C)(C)C)n2)cc(C(C)(C)C)c1O
CHEMBL494225,,,219.0,,,,,,,,,,O=C(C(=O)N1CCN(C(=O)c2ccccc2)CC1)c1c[nH]c2c(F)ccc(F)c12
CHEMBL494505,,,,,,,0.37060000000000004,,,,,,
CHEMBL495196,,,28.0,,,,,,,,,,CN(c1ccc(NC(=O)C(C)(O)C(F)(F)F)c(Cl)c1)S(=O)(=O)c1ccc(C#N)cc1
CHEMBL495383,,,,150.0,89.9999900000011,,0.007399999999999962,,10.0,36.0,15.0,,
CHEMBL495469,,,21.8,,,,,,,,,,CN(C)c1ccc2c(-c3ccc(C(=S)N4CCCCC4)s3)c3ccc(=[N+](C)C)cc-3sc2c1.F[P-](F)(F)(F)(F)F
CHEMBL495575,,,,,,,0.07519999999999993,,,,,,
CHEMBL495584,,,0.04,,,,,,,,,,N#Cc1cnc2c(Cl)cc(NCc3cn(CC(=O)O)nn3)cc2c1Nc1ccc(F)c(Cl)c1
CHEMBL495585,,,0.57,,,,,,,,,,N#Cc1cnc2c(Cl)cc(NCc3cn(CCC4CCCN4)nn3)cc2c1Nc1ccc(F)c(Cl)c1
CHEMBL495597,,,16.0,,,,,,,,,,CCN(CC)C(=O)Cc1cccc(NS(=O)(=O)c2cccc(Cl)c2C)n1
CHEMBL495617,,,0.48,,,,,,,,,,CCCN1CCC(n2cc(CNc3cc(Cl)c4ncc(C#N)c(Nc5ccc(F)c(Cl)c5)c4c3)nn2)CC1
CHEMBL495727,,,,3.0,89.99950000277776,,0.3339,,8.32,29.952,12.839506172839508,,
CHEMBL495867,,,1.8,,,,,,,,,,N#Cc1cnc2c(Br)cc(NCc3cn(CC(=O)O)nn3)cc2c1Nc1ccc(F)c(Cl)c1
CHEMBL496110,,,3.3,,,,,,,,,,CC(=O)c1ccc(N2CCN(C(=O)c3cc(S(N)(=O)=O)ccc3N3CCOCC3)CC2)c(F)c1
CHEMBL496388,,,0.0,,,,,,,,,,N#Cc1cnc2c(Cl)cc(NCc3c[nH]nn3)cc2c1Nc1ccc(F)c(Cl)c1
CHEMBL496567,,,5.8,,,,,,,,,,CC(C)(C)c1cnc(CSc2cnc(N[C@H]3CC[C@H](N)CC3)s2)o1
CHEMBL496590,,,0.1,,,,,,,,,,CC(C)(C)n1cc(CNc2cc(Cl)c3ncc(C#N)c(Nc4ccc(F)c(Cl)c4)c3c2)nn1
CHEMBL496591,,,0.0,,,,,,,,,,N#Cc1cnc2c(Cl)cc(NCc3cn(-c4ccccc4)nn3)cc2c1Nc1ccc(F)c(Cl)c1
CHEMBL496818,,,41.0,,,,,,,,,,Cc1cccc(NS(=O)(=O)c2cccc(Cl)c2C)n1
CHEMBL496929,,,,63.1,89.99997622821547,,0.013900000000000023,,10.72,38.592,15.889328063241107,,
CHEMBL497171,,,470.0,,,,,,,,,,CCCCNc1nccc2[nH]c3ccccc3c12
CHEMBL497766,,,6.1,,,,,,,,,,CC(=O)c1ccc(N2CCN(C(=O)c3cc(C#N)ccc3N3CCOCC3)CC2)c(F)c1
CHEMBL497853,,,7.9,,,,,,,,,,CC(=O)N(C)[C@@H](Cc1ccccc1)C(=O)N(C)[C@@H](Cc1ccccc1)C(N)=O
CHEMBL497883,,,0.72,,,,,,,,,,N#Cc1cnc2c(Br)cc(NCc3cn(CCC4CCCN4)nn3)cc2c1Nc1ccc(F)c(Cl)c1
CHEMBL497963,,,,,,,0.030000000000000027,,,,,,
CHEMBL497970,,,5.3,,,,,,,,,,CNS(=O)(=O)c1ccc(N2CCOCC2)c(C(=O)N2CCN(c3ccc(C(C)=O)cc3F)CC2)c1
CHEMBL497999,,,3.2,,,,,,,,,,CS(=O)(=O)c1ccc(OCC2CC2)c(C(=O)N2CCN(c3ccc(C#N)cc3F)CC2)c1
CHEMBL498,,,,,,,0.040000000000000036,46.0,,,,,
CHEMBL498028,,,0.03,,,,,,,,,,N#Cc1cnc2c(Cl)cc(NCc3cn(C4CCNCC4)nn3)cc2c1Nc1ccc(F)c(Cl)c1
CHEMBL498029,,,0.39,,,,,,,,,,CN1CCC(n2cc(CNc3cc(Cl)c4ncc(C#N)c(Nc5ccc(F)c(Cl)c5)c4c3)nn2)CC1
CHEMBL498222,,,0.18,,,,,,,,,,N#Cc1cnc2c(Cl)cc(NCc3cn(Cc4cccnc4)nn3)cc2c1Nc1ccc(F)c(Cl)c1
CHEMBL499,,,72.95333333333333,,,,,2.2,,,,,CC(C)(C)NC[C@H](O)COc1nsnc1N1CCOCC1
CHEMBL499808,,,,,,,,27.0,,,,,
CHEMBL5,,,,3.46,89.99956647607671,,,,4.0,14.399999999999999,6.666666666666665,,
CHEMBL50,,,,,,,,0.6,,,,,
CHEMBL500,,,2.865,78.795,89.99989618598829,,,2.2,,,,,CC(C)NCC(O)COc1cccc2[nH]ccc12
CHEMBL500204,,,2.15,,,,,,,,,,CC(=O)N(C)[C@@H](Cc1c[nH]c2ccccc12)C(=O)N(C)[C@@H](Cc1ccccc1)C(=O)N(C)[C@@H](Cc1ccccc1)C(=O)N(C)[C@@H](Cc1ccccc1)C(N)=O
CHEMBL500260,,,0.0,,,,,,,,,,CC(=O)N(C)[C@@H](Cc1ccccc1)C(=O)N(C)[C@@H](Cc1ccccc1)C(=O)N(C)[C@@H](Cc1ccccc1)C(=O)N(C)[C@@H](Cc1ccccc1)C(=O)N(C)[C@@H](Cc1ccccc1)C(=O)N(C)[C@@H](Cc1ccccc1)C(N)=O
CHEMBL500578,,,10.0,,,,,,,,,,COc1cc2c(c(OC)c1OC)-c1ccc(OC)c(=O)cc1[C@@H](NC(=O)CCCCCNC(=O)COc1ccc(/C=C/C3=[N+]4C(=Cc5ccc(-c6ccc[nH]6)n5[B-]4(F)F)C=C3)cc1)CC2
CHEMBL500629,,,42.0,,,,,,,,,,CN(C)Cc1cc(S(N)(=O)=O)ccc1Sc1ccc(C(F)(F)F)cc1
CHEMBL500792,,,0.0,,,,,,,,,,CC(=O)N[C@H](C(=O)N(C)[C@@H](Cc1ccccc1)C(=O)N(C)[C@@H](Cc1ccccc1)C(=O)N(C)[C@@H](Cc1ccccc1)C(N)=O)c1ccccc1
CHEMBL501030,,,0.95,,,,,,,,,,CN(C(=O)[C@@H]1Cc2c([nH]c3ccccc23)CN1)[C@@H](Cc1ccccc1)C(=O)N(C)[C@@H](Cc1ccccc1)C(=O)N(C)[C@@H](Cc1ccccc1)C(N)=O
CHEMBL501052,,,111.0,,,,,,,,,,CC(F)(F)c1nc([C@@H](O)[C@H](O)[C@H](O)CO)c[nH]1
CHEMBL501063,,,1.75,,,,,,,,,,CN(C(=O)[C@@H](N)Cc1ccc(O)c(O)c1)[C@@H](Cc1ccccc1)C(=O)N(C)[C@@H](Cc1ccccc1)C(=O)N(C)[C@@H](Cc1ccccc1)C(=O)N(C)[C@@H](Cc1ccccc1)C(N)=O
CHEMBL501259,,,,,,,,51.0,,,,,
CHEMBL501570,,,287.5,,,,,,,,,,CC(C)[C@H](N)C(=O)O[C@H](CN1C[C@H]2CCCC[C@H]2C[C@H]1C(=O)NC(C)(C)C)[C@H](Cc1ccccc1)NC(=O)[C@H](CC(N)=O)NC(=O)c1ccc2ccccc2n1.O=C(O)C(F)(F)F
CHEMBL501709,,,0.43,,,,,,,,,,N#Cc1cnc2c(Cl)cc(NCc3cn(C4CCN(C5CCC5)CC4)nn3)cc2c1Nc1ccc(F)c(Cl)c1
CHEMBL502,,,,,,,0.10510000000000008,,,,,,
CHEMBL502080,,,90.0,,,,,,,,,,CC(=O)N/N=C(\C)c1nc([C@@H](O)[C@H](O)[C@H](O)CO)c[nH]1
CHEMBL502226,,,0.0,,,,,,,,,,CC(=O)N(C)[C@@H](Cc1ccccc1)C(=O)N(C)[C@@H](Cc1ccccc1)C(=O)N(C)[C@@H](Cc1ccccc1)C(=O)N(C)[C@@H](Cc1ccccc1)C(=O)N(C)[C@@H](Cc1ccccc1)C(=O)N(C)[C@@H](Cc1ccccc1)C(=O)N(C)[C@@H](Cc1ccccc1)C(N)=O
CHEMBL503,,,,,,,,1.4,,,,,
CHEMBL503199,,,3.6,,,,,,,,,,CC(=O)N[C@@H](Cc1ccccc1)C(=O)N(C)[C@@H](Cc1ccccc1)C(=O)N(C)[C@@H](Cc1ccccc1)C(=O)N(C)[C@@H](Cc1ccccc1)C(N)=O
CHEMBL503960,,,26.76,,,,,,,,,,O=C1CC2(CCN(C(=O)c3cc(-c4ccccc4)nc(-c4ccccc4)c3)CC2)Oc2ccc(N3CCCC3=O)cc21
CHEMBL503986,,,2.95,,,,,,,,,,CC(=O)N(C)[C@@H](CC1CCCCC1)C(=O)N(C)[C@@H](Cc1ccccc1)C(=O)N(C)[C@@H](Cc1ccccc1)C(=O)N(C)[C@@H](Cc1ccccc1)C(N)=O
CHEMBL504646,,,122.5,,,,,,,,,,CC(C)[C@@H](N)C(=O)NCCCCCC(=O)O[C@H](CN1C[C@H]2CCCC[C@H]2C[C@H]1C(=O)NC(C)(C)C)[C@H](Cc1ccccc1)NC(=O)[C@H](CC(N)=O)NC(=O)c1ccc2ccccc2n1.O=C(O)C(F)(F)F.O=C(O)C(F)(F)F.O=C(O)C(F)(F)F
CHEMBL504735,,,0.0,,,,,,,,,,CC(=O)N(C)[C@@H](Cc1ccccc1)C(=O)N(C)[C@@H](Cc1ccccc1)C(=O)N(C)[C@@H](Cc1ccccc1)C(=O)N(C)[C@@H](Cc1ccccc1)C(=O)N(C)[C@@H](Cc1ccccc1)C(=O)N(C)[C@@H](Cc1ccccc1)C(=O)N(C)[C@@H](Cc1ccccc1)C(=O)N(C)[C@@H](Cc1ccccc1)C(=O)N(C)[C@@H](Cc1ccccc1)C(N)=O
CHEMBL504765,,,10.4,,,,,,,,,,CN[C@@H](Cc1ccccc1)C(=O)N(C)[C@@H](Cc1ccccc1)C(=O)N(C)[C@@H](Cc1ccccc1)C(=O)N(C)[C@@H](Cc1ccccc1)C(N)=O
CHEMBL504813,,,,,,,0.031299999999999994,,,,,,
CHEMBL504950,,,200.0,,,,,,,,,,Cc1cc(C)c2c(n1)sc1c(N)ncnc12
CHEMBL505,,,,23.0,89.99993478265596,,,22.0,3.0,10.799999999999999,5.094339622641509,,CN(C)CCC(c1ccc(Cl)cc1)c1ccccn1
CHEMBL505144,,,108.0,,,,,,,,,,COc1cc2c(c(OC)c1OC)-c1ccc(OC)c(=O)cc1[C@@H](NC(=O)CCC1=[N+]3C(=Cc4cccn4[B-]3(F)F)C=C1)CC2
CHEMBL505147,,,40.5,,,,,,,,,,CSc1ccc(Oc2ccc(S(N)(=O)=O)cc2CN(C)C)cc1
CHEMBL505372,,,200.0,,,,,,,,,,Cc1nc2sc3c(N)ncnc3c2c2c1CCCC2
CHEMBL505494,,,292.0,,,,,,,,,,CC(C)[C@H](N)C(=O)NCCCCCC(=O)O[C@@H]1Cc2ccccc2[C@@H]1NC(=O)[C@H](Cc1ccccc1)C[C@H](O)CN1CCN(Cc2cccnc2)C[C@H]1C(=O)NC(C)(C)C.O=C(O)C(F)(F)F
CHEMBL505930,,,0.95,,,,,,,,,,CC(=O)NCC(=O)N(C)[C@@H](Cc1ccccc1)C(=O)N(C)[C@@H](Cc1ccccc1)C(=O)N(C)[C@@H](Cc1ccccc1)C(N)=O
CHEMBL506,,,,,,,0.4034,7.1,3.0,10.799999999999999,5.094339622641509,,
CHEMBL506295,,,610.5,,,,,,,,,,CC(C)[C@H](N)C(=O)O[C@@H](C[C@@H](Cc1ccccc1)C(=O)N[C@H]1c2ccccc2C[C@H]1O)CN1CCN(Cc2cccnc2)C[C@H]1C(=O)NC(C)(C)C.O=C(O)C(F)(F)F
CHEMBL506857,,,199.0,,,,,,,,,,Cc1nc(-c2nc([C@@H](O)[C@H](O)[C@H](O)CO)c[nH]2)cs1
CHEMBL506886,,,0.0,,,,,,,,,,CC(=O)N(C)[C@@H](Cc1ccccc1)C(=O)N(C)[C@@H](Cc1ccccc1)C(=O)N(C)[C@@H](Cc1ccccc1)C(=O)N(C)[C@@H](Cc1ccccc1)C(=O)N(C)[C@@H](Cc1ccccc1)C(=O)N(C)[C@@H](Cc1ccccc1)C(=O)N(C)[C@@H](Cc1ccccc1)C(=O)N(C)[C@@H](Cc1ccccc1)C(N)=O
CHEMBL507077,,,1.6,,,,,,,,,,CCCCc1ccc(C(=O)NC2(C(=O)N[C@H](Cc3ccccc3)C(=O)NCC3CCN(CC4CCOCC4)CC3)CCCC2)cc1
CHEMBL507361,,,72.7,,,,,,,,,,O=C(NOC[C@H](O)CO)c1ccc(F)c(F)c1Nc1ccc(I)cc1F
CHEMBL507635,,,200.0,,,,,,,,,,Nc1ncnc2c1sc1ncc(-c3ccccc3)cc12
CHEMBL507674,,,,3.0,89.99950000277776,,0.0988,1.8,,,,,
CHEMBL507700,,,,,,,0.3339,,,,,,
CHEMBL507785,,,200.0,,,,,,,,,,Nc1ncnc2c1sc1nc(C3CC3)cc(C(F)(F)F)c12
CHEMBL507870,,,,,,,,6.7,,,,,
CHEMBL508280,,,5.5,,,,,,,,,,O=[N+]([O-])c1cnc(Sc2nnc(O)n2-c2ccc3c(c2)OCCO3)s1
CHEMBL508502,,,2.75,,,,,,,,,,CC(=O)N(C)[C@@H](CCc1ccccc1)C(=O)N(C)[C@@H](Cc1ccccc1)C(=O)N(C)[C@@H](Cc1ccccc1)C(=O)N(C)[C@@H](Cc1ccccc1)C(N)=O
CHEMBL50882,,,,,,,,0.78,,,,,
CHEMBL509032,,,,,,,0.03280000000000005,,,,,,
CHEMBL509973,,,,,,,0.02190000000000003,,,,,,
CHEMBL51,,,,27.375,89.99994461569919,,0.09680000000000011,12.0,,,,,
CHEMBL510193,,,,,,,0.0009000000000000119,,,,,,
CHEMBL510238,,,200.0,,,,,,,,,,Cc1nc2sc3c(N)ncnc3c2c2c1CCC2
CHEMBL510335,,,11.525,,,,,,,,,,CC(=O)N(C)[C@@H](Cc1ccccc1)C(=O)N(C)[C@@H](Cc1ccccc1)C(=O)N(C)[C@@H](Cc1ccccc1)C(=O)N(C)[C@@H](Cc1ccccc1)C(N)=O
CHEMBL510386,,,,,,,0.0030000000000000027,,,,,,
CHEMBL510624,,,243.75,,,,,,,,,,CN(C)c1ccc2c(-c3ccccc3)c3ccc(=[N+](C)C)cc-3sc2c1.[Br-]
CHEMBL510780,,,,,,,0.007000000000000006,,,,,,
CHEMBL510802,,,3.4,,,,,,,,,,CN(C(=O)[C@@H]1Cc2ccccc2CN1)[C@@H](Cc1ccccc1)C(=O)N(C)[C@@H](Cc1ccccc1)C(=O)N(C)[C@@H](Cc1ccccc1)C(N)=O
CHEMBL511002,,,2.05,,,,,,,,,,CC(=O)N(C)[C@@H](Cc1ccc2ccccc2c1)C(=O)N(C)[C@@H](Cc1ccccc1)C(=O)N(C)[C@@H](Cc1ccccc1)C(=O)N(C)[C@@H](Cc1ccccc1)C(N)=O
CHEMBL511058,,,,51.29,89.99997075454255,,,,,,,,
CHEMBL511115,,,,28.0,89.99994642860332,,0.011599999999999944,7.9,13.0,46.8,18.57142857142857,,
CHEMBL511142,,,,,,,,3.2,,,,,
CHEMBL511444,,,,12.02,89.99987520815972,,0.015999999999999903,,85.11,306.39599999999996,56.69380504773888,,
CHEMBL511550,,,106.0,,,,,,,,,,C[C@H](N)C(=O)NCc1cccc(-n2nc(C(F)(F)F)cc2-c2nnc(-c3ccccc3)o2)c1
CHEMBL511782,,,,150.0,89.9999900000011,,,,104.0,374.4,60.77922077922078,,
CHEMBL511896,,,15.0,,,,,,,,,,COc1ccccc1Nc1nnc(-c2cc(C(F)(F)F)nn2-c2cccc(CNC(=O)[C@H](C)N)c2)o1
CHEMBL512504,,,,52.48,89.99997141769201,,,,3.0,10.799999999999999,5.094339622641509,,
CHEMBL512769,,,200.0,,,,,,,,,,CCOC(=O)c1cc2c(nc1C)sc1c(N)ncnc12
CHEMBL513,,,,,,,,0.37,,,,,
CHEMBL513086,,,200.0,,,,,,,,,,Cc1cc(C)c2c(n1)sc1c(N(C)C)ncnc12
CHEMBL513139,,,20.0,,,,,,,,,,CC(C)C(=O)N(Cc1ccc(Cl)cc1Cl)[C@H]1CCNC1
CHEMBL513301,,,,,,,,3.1,,,,,
CHEMBL513370,,,,33.0,89.99995454547751,,,,48.0,172.79999999999998,44.08163265306123,,
CHEMBL513412,,,,87.0,89.99998275862399,,,,126.0,453.6,64.43181818181817,,
CHEMBL513588,,,,,,,0.0040000000000000036,,,,,,
CHEMBL514164,,,1.0,,,,,,,,,,O=C(/N=c1\sc(CCNc2ncnc3ccsc23)cn1COP(=O)(O)O)Nc1cccc(Cl)c1
CHEMBL514257,,,,,,,0.04370000000000007,,,,,,
CHEMBL514432,,,,,,,,5.2,,,,,
CHEMBL514670,,,,,,,0.015999999999999903,,,,,,
CHEMBL51478,,,,150.0,89.9999900000011,,,,86.0,309.59999999999997,56.91176470588235,,
CHEMBL514980,,,,,,,,,150.0,539.9999999999999,67.5,,
CHEMBL515,,,,,,,,1.1,,,,,
CHEMBL515062,,,,,,,0.17610000000000003,,,,,,
CHEMBL515278,,,1.026,,,,,,,,,,CC[C@H](C)[C@H](N)C(=O)OC[C@H]1O[C@@H](n2cnc3c(N)ncnc32)[C@@H](O)[C@@H]1O
CHEMBL515568,,,3.0,,,,,,,,,,Cc1cccc(CNC(=O)C(=O)N[C@@H](C)C(=O)N[C@@H](CC(=O)O)C(=O)COc2c(F)c(F)cc(F)c2F)c1C
CHEMBL51594,,,,,,,0.4314,,,,,,
CHEMBL51628,,,,123.03,89.9999878078534,,,,,,,,
CHEMBL516342,,,37.0,,,,,,,,,,CCS(=O)(=O)N1CCC(c2ccccn2)([C@H](C)NC(=O)c2ccc(Cl)cc2Cl)CC1
CHEMBL516479,,,0.6,,,,,,,,,,CC(C)(C)c1ccc(-c2nc3c(N4CCN(Cc5c[nH]c(=O)[nH]c5=O)CC4)cccc3[nH]2)cc1
CHEMBL516601,,,,,,,0.011900000000000022,,,,,,
CHEMBL516758,,,,,,,0.013900000000000023,,,,,,
CHEMBL517,,,,,,,0.6660999999999999,7.0,,,,,
CHEMBL517437,,,,,,,0.0040000000000000036,,,,,,
CHEMBL517712,,,,,,,,4.1,,,,,CN1[C@@H]2CC[C@H]1C[C@@H](OC(=O)C(CO)c1ccccc1)C2
CHEMBL518084,,,3.1,,,,,,,,,,C[C@H](NC(=O)C(=O)NCC1CCCCC1)C(=O)N[C@@H](CC(=O)O)C(=O)COc1c(F)c(F)cc(F)c1F
CHEMBL518096,,,3.2,,,,,,,,,,C[C@H](NC(=O)C(=O)NCc1cc(Cl)ccc1Cl)C(=O)N[C@@H](CC(=O)O)C(=O)COc1c(F)c(F)cc(F)c1F
CHEMBL518760,,,,,,,0.20079999999999998,,,,,,
CHEMBL518770,,,,,,,0.009899999999999909,,,,,,
CHEMBL518871,,,1.0,,,,,,,,,,C[C@H](NC(=O)C(=O)NCCc1ccccc1)C(=O)N[C@@H](CC(=O)O)C(=O)COc1c(F)c(F)cc(F)c1F
CHEMBL518924,,,,30.51,89.9999508358184,,,,46.0,165.60000000000002,43.125,,
CHEMBL518958,,,19.0,,,,,,,,,,Cc1cc(Cc2ccc(Cl)c(Oc3cc(C#N)cc(C#N)c3)c2F)n[nH]c1=O
CHEMBL519442,,,,,,,0.3923,,,,,,
CHEMBL519499,,,51.0,,,,,,,,,,OC[C@@H](O)[C@@H](O)[C@H](O)c1c[nH]c(-c2ncn(Cc3ccccc3)n2)n1
CHEMBL520129,,,3.8,,,,,,,,,,O=C(Nc1ccc2cnn(S(=O)(=O)c3cccc4ccccc34)c2c1)C1CCCNC1
CHEMBL520278,,,,,,,0.07050000000000001,,,,,,
CHEMBL520431,,,,,,,0.30390000000000006,,,,,,
CHEMBL520642,,,,,,,,3.3,,,,,
CHEMBL520733,,,,,,,0.8029,,,,,,
CHEMBL520964,,,141.0,,,,,,,,,,OC[C@@H](O)[C@@H](O)[C@H](O)c1c[nH]c(-c2ncon2)n1
CHEMBL520987,,,259.0,,,,,,,,,,OC[C@@H](O)[C@@H](O)[C@H](O)c1c[nH]c(-c2ncc[nH]2)n1
CHEMBL521,,,,,,,,1.6,,,,,
CHEMBL521075,,,46.9,,,,,,,,,,CCC(=O)Nc1cc2c(NCc3ccc(OC)c(Cl)c3)ncnc2c(CCO)c1OC
CHEMBL521096,,,,12.0,89.99987500017362,,0.05680000000000007,,26.0,93.6,30.789473684210524,,
CHEMBL521248,,,,,,,0.03579999999999994,,,,,,
CHEMBL521262,,,,,,,0.054400000000000004,,,,,,
CHEMBL521407,,,,,,,0.017900000000000027,,,,,,
CHEMBL521509,,,,29.0,89.9999482758918,,0.016700000000000048,,7.0,25.2,11.05263157894737,,
CHEMBL521523,,,3.0,,,,,,,,,,C[C@H]1CN(Cc2cccc(-c3cc(CNC(=O)c4cccc(CC5CCNCC5)c4)ccc3F)c2)CCN1
CHEMBL521589,,,,,,,,2.6,,,,,
CHEMBL521674,,,2.7,,,,,,,,,,CCn1cnc(CN2CCN(c3cccc4[nH]c(-c5ccc(C(C)(C)C)cc5)nc34)CC2)c1C
CHEMBL521809,,,,100.0,89.99998500000251,,0.054400000000000004,,150.0,539.9999999999999,67.5,,
CHEMBL521815,,,,,,,0.2895,,,,,,
CHEMBL521851,,,,33.11,89.99995469648913,,,,14.79,53.244,20.544837166229357,,
CHEMBL522217,,,1.2,,,,,,,,,,N#Cc1cnc2c(Br)cc(NCc3cn(-c4ccccc4)nn3)cc2c1Nc1ccc(F)c(Cl)c1
CHEMBL522295,,,30.0,,,,,,,,,,O=C(NC1CC2CCC(C1)N2Cc1ccc2cc(F)ccc2c1)c1ccccc1-c1ccccc1
CHEMBL522460,,,,19.0,89.99992105270083,,0.3545999999999999,,24.0,86.39999999999999,29.18918918918919,,
CHEMBL522771,,,,,,,0.02090000000000003,,,,,,
CHEMBL522826,,,6.525,,,,,,,,,,CN(C)c1ccc2c(-c3ccc(C(=S)N4CCCCC4)s3)c3ccc(=[N+](C)C)cc-3[te]c2c1.F[P-](F)(F)(F)(F)F
CHEMBL523,,,,,,,,46.0,,,,,O=C1CN=C(c2ccccc2)c2cc(Cl)ccc2N1
CHEMBL523281,,,93.775,,,,,,,,,,C[N+](C)=c1ccc2c(-c3ccccc3)c3cc4c5c(c3sc-2c1)CCCN5CCC4.F[P-](F)(F)(F)(F)F
CHEMBL523315,,,12.0,,,,,,,,,,CNCc1cc(S(=O)(=O)N(C)CCO)ccc1Oc1ccc([S+](C)[O-])cc1
CHEMBL523829,,,,,,,0.34939999999999993,,,,,,
CHEMBL523864,,,43.0,,,,,,,,,,COc1cccc2[nH]cc(C(=O)C(=O)N3CCN(C(=O)c4ccccc4)CC3)c12
CHEMBL524129,,,28.5,,,,,,,,,,CN(C)c1ccc2c(-c3ccc(C(N)=O)s3)c3ccc(=[N+](C)C)cc-3sc2c1.F[P-](F)(F)(F)(F)F
CHEMBL524638,,,0.13,,,,,,,,,,N#Cc1cnc2c(Br)cc(NCc3cn(Cc4cccnc4)nn3)cc2c1Nc1ccc(F)c(Cl)c1
CHEMBL525188,,,156.0,,,,,,,,,,CC(C)c1nc(N(C)c2ccnn2C)nc(-c2ccc(F)cc2)c1/C=C/[C@@H](O)C[C@@H](O)CC(=O)[O-].[Na+]
CHEMBL526,,,,,,,,3.2,,,,,CC(C)c1cccc(C(C)C)c1O
CHEMBL52606,,,1.79,,,,,,,,,,C=C[C@@]1(C)CC(=O)[C@]2(O)[C@@]3(C)[C@@H](O)CCC(C)(C)[C@@H]3[C@H](O)[C@H](OC(C)=O)[C@@]2(C)O1
CHEMBL526280,,,4.7,,,,,,,,,,CC(=O)c1ccc(N2CCN(C(=O)c3cc([N+](=O)[O-])ccc3N3CCOCC3)CC2)c(F)c1
CHEMBL526307,,,,,,,0.046699999999999964,,,,,,
CHEMBL526648,,,3.1,,,,,,,,,,CC(=O)c1ccc(N2CCN(C(=O)c3cc(S(C)(=O)=O)ccc3N3CCOCC3)CC2)c(F)c1
CHEMBL526715,,,262.0,,,,,,,,,,Cn1cnc(-c2nc([C@@H](O)[C@H](O)[C@H](O)CO)c[nH]2)c1
CHEMBL527,,,5.3500000000000005,,,,,,,,,,CN1C(C(=O)Nc2ccccn2)=C(O)c2ccccc2S1(=O)=O
CHEMBL527026,,,0.36,,,,,,,,,,CCN1CCC(n2cc(CNc3cc(Cl)c4ncc(C#N)c(Nc5ccc(F)c(Cl)c5)c4c3)nn2)CC1
CHEMBL528,,,,,,,,1.5,,,,,
CHEMBL529,,,,,,,,69.0,,,,,CC[C@H]1OC(=O)[C@H](C)[C@@H](O[C@H]2C[C@@](C)(OC)[C@@H](O)[C@H](C)O2)[C@H](C)[C@@H](O[C@@H]2O[C@H](C)C[C@H](N(C)C)[C@H]2O)[C@](C)(O)C[C@@H](C)CN(C)[C@H](C)[C@@H](O)[C@]1(C)O
CHEMBL52922,,,1.715e-06,,,,,,,,,,O=C(O)[C@H](Cc1ccccc1)NC(=O)[C@@H]1CCCN1
CHEMBL529441,,,55.7,,,,,,,,,,CC(=O)c1nc([C@@H](O)[C@H](O)[C@H](O)CO)cn1C
CHEMBL53,,,,,,,,0.68,,,,,
CHEMBL530,,,0.9,,,,,1.1,,,,,CC1(C)S[C@@H]2[C@H](/N=C/N3CCCCCC3)C(=O)N2[C@H]1C(=O)O
CHEMBL532,,,,,,,,2.0,,,,,
CHEMBL53292,,,,,,,,33.0,,,,,
CHEMBL533,,,,,,,,7.0,,,,,
CHEMBL53366,,,,46.0,89.99996739131616,,,,3.0,10.799999999999999,5.094339622641509,,
CHEMBL53463,,,34.9,,,,,32.0,,,,,COc1cccc2c1C(=O)c1c(O)c3c(c(O)c1C2=O)C[C@@](O)(C(=O)CO)C[C@@H]3O[C@H]1C[C@H](N)[C@H](O)[C@H](C)O1
CHEMBL538150,,,1420.0,,,,,,,,,,CCCCCCOc1ccc2cc(C(=O)CCN(C)C)ccc2c1
CHEMBL538432,,,4.5,,,,,,,,,,CSc1ccc2c(=O)n(C(c3ccccc3)c3ccccc3)c(=O)n(C/C=C/COc3ccc(C(=O)O)cc3)c2c1
CHEMBL538616,,,-7.51,,,,,,,,,,Cc1cc2c(C(=O)NCC(C)c3ccccc3)c(O)c(O)cc2c(O)c1-c1c(C)cc2c(C(=O)NCC(C)c3ccccc3)c(O)c(O)cc2c1O
CHEMBL538635,,,14.0,,,,,,,,,,CC(C)n1c(=O)c(C(=O)N[C@H]2C[C@H]3CC[C@@H](C2)N3C[C@@H](O)CN2CCN(S(C)(=O)=O)CC2)cc2ccccc21
CHEMBL538864,,,3.0,,,,,,,,,,C[C@H]1CN(Cc2cccc(-c3cc(CNC(=O)c4cccc(CN5CC[N+](C)(C)CC5)c4)ccc3F)c2)CCN1.[I-]
CHEMBL538936,,,,,,,0.005299999999999971,,,,,,
CHEMBL538956,,,14.0,,,,,,,,,,CCOC(=O)N1CCN(CCCCCCCN2[C@@H]3CC[C@H]2C[C@@H](NC(=O)c2cc4ccccc4n(C(C)C)c2=O)C3)CC1
CHEMBL539139,,,160.0,,,,,,,,,,CCOCCOc1ccc(C(=O)CCN(C)C)cc1
CHEMBL539163,,,,,,,0.017900000000000027,,,,,,
CHEMBL539164,,,13.0,,,,,,,,,,COc1ccccc1COCCCOc1ccc(N2C(=O)CNC[C@@H]2COCc2cccnc2)cc1
CHEMBL539216,,,,,,,,1.4,,,,,
CHEMBL539393,,,1230.0,,,,,,,,,,CCCCCCOc1ccc(C(=O)CCN(C)C)cc1C
CHEMBL539456,,,,,,,,10.0,,,,,
CHEMBL539481,,,-7.92,,,,,,,,,,Cc1cc2c(C(=O)NC(C)c3ccc(Cl)cc3)c(O)c(O)cc2c(O)c1-c1c(C)cc2c(C(=O)NC(C)c3ccc(Cl)cc3)c(O)c(O)cc2c1O
CHEMBL539651,,,20.0,,,,,,,,,,CC(C)n1c(=O)c(C(=O)N[C@H]2C[C@H]3CC[C@@H](C2)N3CCCCCCCN2CCN(c3ccccc3)CC2)cc2ccccc21
CHEMBL539704,,,0.0,,,,,,,,,,O=C(O)c1ccc(OC/C=C/Cn2c(=O)n(C(c3ccccc3)c3ccccc3)c(=O)c3ccc(Sc4ccccc4)cc32)cc1
CHEMBL539713,,,9.0,,,,,,,,,,CC(C)n1c(=O)c(C(=O)N[C@H]2C[C@H]3CC[C@@H](C2)N3CCCCCCCN2CCC[C@@H]2C(N)=O)cc2ccccc21
CHEMBL539718,,,610.0,,,,,,,,,,CCCCCCSc1ccc(C(=O)CCN(C)C)c(Cl)c1
CHEMBL54,,,,14.24,89.99989466304464,,0.1452,35.0,8.0,28.799999999999997,12.413793103448272,,O=C(CCCN1CCC(O)(c2ccc(Cl)cc2)CC1)c1ccc(F)cc1
CHEMBL540227,,,2.0,,,,,,,,,,CCCCCCOc1ccc(C(=O)CCNc2cccc(Cl)c2)cc1
CHEMBL540359,,,3.0,,,,,,,,,,CC(C)OC(=O)c1ccc(NC(=O)N[C@@H](Cc2ccc(O)cc2)C(=O)N[C@H]2CCC[N+](C)(Cc3cccc(O)c3)C2)cc1.[I-]
CHEMBL540471,,,1770.0,,,,,,,,,,CCCCCCOc1cc(Cl)c(C(=O)CCN2CCOCC2)cc1Cl
CHEMBL540980,,,31.0,,,,,,,,,,CCOC(=O)N1CCN(CCCN2[C@@H]3CC[C@H]2C[C@@H](NC(=O)c2cc4ccccc4n(C(C)C)c2=O)C3)CC1
CHEMBL540981,,,2.0,,,,,,,,,,CC(C)n1c(=O)c(C(=O)N[C@H]2C[C@H]3CC[C@@H](C2)N3CCCCCCCN2CCC(CNS(C)(=O)=O)CC2)cc2ccccc21
CHEMBL541004,,,-6.67,,,,,,,,,,Cc1cc2c(C(=O)NCC3CCCCC3)c(O)c(O)cc2c(O)c1-c1c(C)cc2c(C(=O)NCC3CCCCC3)c(O)c(O)cc2c1O
CHEMBL541167,,,262.0,,,,,,,,,,CN(C)c1ccc2c(-c3ccc(CCl)cc3)c3ccc(=[N+](C)C)cc-3oc2c1.[Br-]
CHEMBL541214,,,1.0,,,,,,,,,,O=C(O)COc1c(C(=O)O)sc(-c2cccc(NC3CCN(S(=O)(=O)Cc4ccccc4)CC3)c2)c1Br
CHEMBL54126,,,,,,,,1.3,,,,,
CHEMBL541436,,,1.0,,,,,,,,,,O=C(O)c1ccc(OC/C=C/Cn2c(=O)n(C(c3ccccc3)c3ccccc3)c(=O)c3ccc(N4CCOCC4)cc32)cc1
CHEMBL541478,,,480.0,,,,,,,,,,CCCCCCS(=O)(=O)c1cc(C)c(C(=O)CCN2CCNC(=O)C2)c(C)c1
CHEMBL541481,,,2050.0,,,,,,,,,,CCCCCCSc1ccc(C(=O)CCN2CCOCC2)c(Cl)c1
CHEMBL541483,,,2.5,,,,,,,,,,CC(C)N1CCC(Oc2ccc3cc(C(=O)N4CCOCC4)ccc3c2)CC1
CHEMBL541496,,,-8.15,,,,,,,,,,CCc1ccc(CCNC(=O)c2c(O)c(O)cc3c(O)c(-c4c(C)cc5c(C(=O)NCCc6ccc(CC)cc6)c(O)c(O)cc5c4O)c(C)cc23)cc1
CHEMBL541944,,,,,,,0.0013999999999999568,,,,,,
CHEMBL541968,,,20.0,,,,,,,,,,CC(C)n1c(=O)c(C(=O)N[C@H]2C[C@H]3CC[C@@H](C2)N3C[C@H](O)CN2CCN(S(C)(=O)=O)CC2)cc2ccccc21
CHEMBL54429,,,,,,,0.06330000000000002,,,,,,
CHEMBL549,,,,,,,0.4034,33.0,,,,,CN(C)CCCC1(c2ccc(F)cc2)OCc2cc(C#N)ccc21
CHEMBL549309,,,2.2,,,,,,,,,,CN1CCCCC1(C)c1nc(C(=O)NCc2ccc(F)cc2)c(O)c(=O)[nH]1
CHEMBL549344,,,,,,,0.3339,,,,,,
CHEMBL549449,,,20.0,,,,,,,,,,CC(C)n1c(=O)c(C(=O)N[C@H]2C[C@H]3CC[C@@H](C2)N3CCCN2CCN(S(C)(=O)=O)CC2)cc2ccccc21
CHEMBL549482,,,730.0,,,,,,,,,,CCCCCCOc1c(C)cc(C(=O)CCN(C)C)cc1C
CHEMBL549483,,,650.0,,,,,,,,,,CCCCCCOc1cc(C)c(C(=O)CCN(C)C)c(C)c1
CHEMBL549557,,,730.0,,,,,,,,,,CCCCCCOc1ccc(C(=O)CCN(C)C)cc1S(C)(=O)=O
CHEMBL549561,,,1010.0,,,,,,,,,,CCCCCCS(=O)(=O)c1cc(C)c(C(=O)CCN2CCN(S(=O)(=O)CC)CC2)c(C)c1
CHEMBL549562,,,220.0,,,,,,,,,,CCCCCCS(=O)(=O)c1ccc(C(=O)CCN(C)C)c(Cl)c1Cl
CHEMBL549588,,,188.0,,,,,,,,,,COCCCn1c(CN2C(=O)/C(=N/OC)c3ccccc32)nc2ccccc21
CHEMBL549592,,,5.7,,,,,,,,,,CC(=O)N1CCN(C)C(C)(c2nc(C(=O)NCc3ccc(F)cc3)c(O)c(=O)n2C)C1
CHEMBL549620,,,,,,,,,79.5,286.2,55.25096525096525,,
CHEMBL549650,,,22.0,,,,,,,,,,CC(C)n1c(=O)c(C(=O)N[C@H]2C[C@H]3CC[C@@H](C2)N3CCCN2CCOCC2)cc2ccccc21
CHEMBL549685,,,230.0,,,,,,,,,,CCCCCCOc1ccc(C(=O)CCN(C)C)cc1Cc1ccccc1
CHEMBL549889,,,480.0,,,,,,,,,,CCCCCCS(=O)(=O)c1cc(Cl)c(C(=O)CCN2CCN(C(C)=O)CC2)c(Cl)c1
CHEMBL549918,,,10.0,,,,,,,,,,CS(=O)(=O)CCCn1c(CN2C(=O)/C(=N/OCCF)c3ccncc32)nc2ccccc21
CHEMBL55,,,,,,,,25.0,,,,,
CHEMBL550056,,,16.0,,,,,,,,,,CS(=O)(=O)CCCn1c(CN2C(=O)/C(=N/OCc3ccccn3)c3ccncc32)nc2ccccc21
CHEMBL550090,,,1140.0,,,,,,,,,,CCCCCCS(=O)(=O)c1cc(C)c(C(=O)CCN2CCOCC2)c(C)c1
CHEMBL550094,,,700.0,,,,,,,,,,CCCCCCOc1ccc2c(c1)OCC(CN(C)C)C2=O
CHEMBL550167,,,,,,,,,27.0,97.2,31.558441558441558,,
CHEMBL550175,,,,63.1,89.99997622821547,,,,6.31,22.716,10.08524240809803,,
CHEMBL550187,,,0.4,,,,,,,,,,Nc1ccc2c(=O)n(C(c3ccccc3)c3ccccc3)c(=O)n(C/C=C/COc3ccc(C(=O)O)cc3)c2c1
CHEMBL550202,,,40.5,,,,,,,,,,Cc1nc(C)c(C(=O)N2CCCCC2(C)c2nc(C(=O)NCc3ccc(F)cc3)c(O)c(=O)[nH]2)s1
CHEMBL550295,,,1100.0,,,,,,,,,,CCCCCCS(=O)(=O)c1ccc(C(=O)CCN2CCNC(=O)C2)c(Cl)c1Cl
CHEMBL550410,,,,,,,0.026800000000000046,,,,,,
CHEMBL550436,,,,29.0,89.9999482758918,,,,3.0,10.799999999999999,5.094339622641509,,
CHEMBL550438,,,,,,,,,38.0,136.79999999999998,38.86363636363637,,
CHEMBL550496,,,,,,,0.07200000000000006,,,,,,
CHEMBL550497,,,930.0,,,,,,,,,,CCCCCCOc1ccc(C(=O)CCN2CCOCC2)c(Cl)c1Cl
CHEMBL550637,,,,16.25,89.99990769240237,,0.2801,,71.25,256.5,52.88659793814433,,
CHEMBL550674,,,12.2,,,,,,,,,,CC(=O)N1CCC[C@@]1(C)c1nc(C(=O)NCc2ccc(F)cc2)c(O)c(=O)[nH]1
CHEMBL550752,,,1060.0,,,,,,,,,,CCCCCCSc1cc(Cl)c(C(=O)CCN2CCN(C(C)=O)CC2)c(Cl)c1
CHEMBL550758,,,700.0,,,,,,,,,,CCCCCCOc1cc(Cl)c(C(=O)CCN(C)C)c(Cl)c1
CHEMBL550760,,,160.0,,,,,,,,,,CCCCCCSc1cc(C)c(C(=O)CCN2CCN(S(=O)(=O)CC)CC2)c(C)c1
CHEMBL550761,,,380.0,,,,,,,,,,CCCCCCS(=O)(=O)c1ccc(C(=O)CCN(C)C)c(Cl)c1
CHEMBL550765,,,1260.0,,,,,,,,,,CCCCCCOc1ccc(C(=O)C(CN(C)C)C(C)C)cc1
CHEMBL550766,,,910.0,,,,,,,,,,CCCCCCOc1ccc(C(=O)C(CN(C)C)c2ccccc2)cc1
CHEMBL550767,,,760.0,,,,,,,,,,CCCCCCS(=O)(=O)c1ccc(C(=O)CCN2CCOCC2)c(Cl)c1
CHEMBL550768,,,360.0,,,,,,,,,,CCCCCCS(=O)(=O)c1ccc(C(=O)CCN2CCN(C(C)=O)CC2)c(Cl)c1
CHEMBL550777,,,,,,,,,41.0,147.6,40.54945054945055,,
CHEMBL550781,,,,,,,,1.2,,,,,
CHEMBL550841,,,0.2,,,,,,,,,,CCCCCCOc1ccc(C(=O)CCNc2ccccc2)cc1
CHEMBL550845,,,1040.0,,,,,,,,,,CCCCCCOc1cc(Cl)c(C(=O)CCN(C)C)cc1Cl
CHEMBL550902,,,,7.0,89.99978571479592,,0.009899999999999909,,66.0,237.59999999999997,51.206896551724135,,
CHEMBL550905,,,1.0,,,,,,,,,,CCCCCCOc1cc(Cl)c(C(=O)CCN2CCOCC2)c(Cl)c1
CHEMBL550929,,,71.0,,,,,,,,,,CS(=O)(=O)c1ccc(CO/N=C2/C(=O)N(Cc3nc4ccccc4n3CCCCO)c3ncccc32)cc1
CHEMBL550954,,,560.0,,,,,,,,,,CCCCCCS(=O)(=O)c1ccc(C(=O)CCN2CCOCC2)c(Cl)c1Cl
CHEMBL551013,,,23.0,,,,,,,,,,CC(C)n1c(=O)c(C(=O)N[C@H]2C[C@H]3CC[C@@H](C2)N3CCCCCCCN2CCCCC2)cc2ccccc21
CHEMBL551046,,,1300.0,,,,,,,,,,CCCCCCOc1ccc(C(=O)CCN2C(=O)CCC2=O)cc1
CHEMBL551073,,,53.0,,,,,,,,,,O=C1/C(=N/OCCF)c2ccncc2N1Cc1nc2ccccc2n1CCCCO
CHEMBL551106,,,1550.0,,,,,,,,,,CCCCCCOc1cc(C)c(C(=O)CCN2CCN(C(C)=O)CC2)c(C)c1
CHEMBL551170,,,,26.15,89.99993071018442,,0.01870000000000005,,83.83,301.788,56.37525218560861,,
CHEMBL551184,,,950.0,,,,,,,,,,CCCCCCOc1ccc(C(=O)CCN(C)C)cc1OC
CHEMBL551185,,,1040.0,,,,,,,,,,CCCCCCOc1ccc(C(=O)CCN(C)C)c(OC)c1
CHEMBL551244,,,140.0,,,,,,,,,,CCN1CCC(Cc2ccc(C(=O)CCN(C)C)cc2)CC1
CHEMBL551288,,,-7.16,,,,,,,,,,Cc1cc2c(C(C)C)c(O)c(O)cc2c(O)c1-c1c(C)cc2c(C(C)C)c(O)c(O)cc2c1O
CHEMBL551336,,,152.0,,,,,,,,,,CS(=O)(=O)c1ccc(CO/N=C2/C(=O)N(Cc3nc4ccccc4n3CCCCO)c3ccccc32)cc1
CHEMBL551360,,,,19.0,89.99992105270083,,,,42.0,151.2,41.086956521739125,,
CHEMBL551385,,,30.0,,,,,,,,,,CCCCCCSc1ccc(C(=O)CCN2CCN(S(=O)(=O)CC)CC2)c(Cl)c1Cl
CHEMBL551450,,,2300.0,,,,,,,,,,CCCCCCOc1ccc(C(=O)CCN2CCN(C)CC2)cc1
CHEMBL551674,,,15.0,,,,,,,,,,COCCCn1c(CN2C(=O)/C(=N/OCC(N)=O)c3ccccc32)nc2ccccc21
CHEMBL551707,,,,13.0,89.99988461553255,,,,15.0,53.99999999999999,20.769230769230766,,
CHEMBL551710,,,830.0,,,,,,,,,,CCCCCCOc1cccc(C(=O)CCN(C)C)c1
CHEMBL551765,,,,15.0,89.99990000011111,,,,24.0,86.39999999999999,29.18918918918919,,
CHEMBL551786,,,,,,,,5.0,,,,,
CHEMBL551791,,,80.0,,,,,,,,,,CCCCCCOc1ccc(C(=O)CCN(C)C)c(Br)c1
CHEMBL551813,,,,11.545,89.99979193615715,,0.0039000000000000146,,3.0,10.799999999999999,5.094339622641509,,
CHEMBL551924,,,,,,,0.013000000000000012,,,,,,
CHEMBL551942,,,5.4,,,,,,,,,,CN1CCN(C(=O)c2cnccn2)C(C)(c2nc(C(=O)NCc3ccc(F)cc3)c(O)c(=O)[nH]2)C1
CHEMBL551962,,,1.0,,,,,,,,,,CCCCCCOc1cc(Cl)c(C(=O)CCN2CC2C)c(Cl)c1
CHEMBL551975,,,1360.0,,,,,,,,,,CCCCCCSc1ccc(C(=O)CCN2CCNC(=O)C2)c(Cl)c1
CHEMBL551976,,,740.0,,,,,,,,,,CCCCCCSc1ccc(C(=O)CCN2CCN(S(=O)(=O)CC)CC2)c(Cl)c1
CHEMBL551978,,,,,,,,9.3,,,,,
CHEMBL551979,,,190.0,,,,,,,,,,CCCCCCOc1ccc(C(=O)CCN(C)C)cc1C(C)(C)C
CHEMBL551984,,,,8.0,89.99981250039062,,,,30.0,107.99999999999999,33.74999999999999,,
CHEMBL552048,,,1540.0,,,,,,,,,,CCCCCCOc1cc(Cl)c(C(=O)CCN2CCN(C(C)=O)CC2)cc1Cl
CHEMBL552105,,,1270.0,,,,,,,,,,CCCCCCOc1ccc(C(=O)CCN(C)C)cc1SC
CHEMBL552106,,,1450.0,,,,,,,,,,CCCCCCOc1ccc(C(=O)CCN(C)C)c(SC)c1
CHEMBL552158,,,700.0,,,,,,,,,,CCCCCCOc1ccc(C(=O)CCN(C)C)cc1F
CHEMBL552185,,,660.0,,,,,,,,,,CCCCCCOc1ccc(C(=O)CCN(C)C)c2ccccc12
CHEMBL552275,,,214.0,,,,,,,,,,COCCCn1c(CN2C(=O)/C(=N/OCc3ccncc3)c3ccccc32)nc2ccccc21
CHEMBL552287,,,-6.49,,,,,,,,,,Cc1cc2c(C(=O)NCCc3ccccc3)c(O)c(O)cc2c(O)c1-c1c(C)cc2c(C(=O)NCCc3ccccc3)c(O)c(O)cc2c1O
CHEMBL552392,,,710.0,,,,,,,,,,CCCCCCOc1ccc2c(c1)CCC(CN(C)C)C2=O
CHEMBL552416,,,128.0,,,,,,,,,,CO/N=C1/C(=O)N(Cc2nc3ccccc3n2CCCCF)c2cnccc21
CHEMBL552512,,,,3.2,89.9995294142349,,,,3.0,10.799999999999999,5.094339622641509,,
CHEMBL552513,,,,3.0,89.99950000277776,,,,8.0,28.799999999999997,12.413793103448272,,
CHEMBL552517,,,140.0,,,,,,,,,,CCCCCCSc1cc(Cl)c(C(=O)CCN2CC2C)cc1Cl
CHEMBL552704,,,1.6,,,,,,,,,,O=C(O)c1ccc(OC/C=C/Cn2c(=O)n(C(c3ccccc3)c3ccccc3)c(=O)c3ccc(-n4cncn4)cc32)cc1
CHEMBL552735,,,-6.61,,,,,,,,,,Cc1cc2c(CCc3ccccc3)c(O)c(O)cc2c(O)c1-c1c(C)cc2c(CCc3ccccc3)c(O)c(O)cc2c1O
CHEMBL552742,,,170.0,,,,,,,,,,CCCCCCOc1ccc(C(=O)CCN(C)C)c(N(C)C)c1
CHEMBL553,,,,8.59,89.99982202017469,,0.04180000000000006,,18.62,67.03200000000001,24.421451471874093,,
CHEMBL553025,,,,,,,,22.0,,,,,
CHEMBL553190,,,1470.0,,,,,,,,,,CCCCCCSc1ccc(C(=O)CCN(C)C)cc1
CHEMBL553404,,,3.0,,,,,,,,,,CC(C)n1c(=O)c(C(=O)N[C@H]2C[C@H]3CC[C@@H](C2)N3CCCCCCCN(C)CCCN(C)S(C)(=O)=O)cc2ccccc21
CHEMBL553405,,,19.0,,,,,,,,,,CC(C)n1c(=O)c(C(=O)N[C@H]2C[C@H]3CC[C@@H](C2)N3CC(O)CN2CCN(S(C)(=O)=O)CC2)cc2ccccc21
CHEMBL553474,,,-7.71,,,,,,,,,,Cc1cc2c(C(=O)NCCc3cccc(Cl)c3)c(O)c(O)cc2c(O)c1-c1c(C)cc2c(C(=O)NCCc3cccc(Cl)c3)c(O)c(O)cc2c1O
CHEMBL553624,,,930.0,,,,,,,,,,CCCCCCOc1cc(C)c(C(=O)CCN2CC2C)c(C)c1
CHEMBL553652,,,1280.0,,,,,,,,,,CCCCCCOc1ccc(C(=O)CCN2CCCC2)cc1
CHEMBL553702,,,1.8,,,,,,,,,,COc1ccc2c(=O)n(C(c3ccccc3)c3ccccc3)c(=O)n(C/C=C/COc3ccc(C(=O)O)cc3)c2c1
CHEMBL554,,,,91.2,89.99998355263459,,0.0026000000000000467,,36.31,130.716,37.86235662148071,,
CHEMBL554267,,,0.1,,,,,,,,,,Cc1cc(C)c(S(=O)(=O)N[C@H](CNC(=O)c2coc(C)n2)C(=O)O)c(C)c1
CHEMBL554365,,,0.3,,,,,,,,,,CS(=O)(=O)c1ccc2c(=O)n(C(c3ccccc3)c3ccccc3)c(=O)n(C/C=C/COc3ccc(C(=O)O)cc3)c2c1
CHEMBL554522,,,6.4,,,,,,,,,,C[C@@]1(c2nc(C(=O)NCc3ccc(F)cc3)c(O)c(=O)[nH]2)CCCN1
CHEMBL554901,,,21.4,,,,,,,,,,COC(=O)CCc1ccc2nc(-c3ccccc3)c3c(c2c1)OCCC3.Cl
CHEMBL554926,,,1e-07,,,,,,,,,,CS(=O)(=O)c1ccccc1-c1ccc(NC(=O)c2cc(C(F)(F)F)nn2-c2ccc3onc(N)c3c2)c(F)c1
CHEMBL555033,,,,,,,,,25.0,90.0,30.0,,
CHEMBL555065,,,810.0,,,,,,,,,,CCCCCCOc1cc(Cl)c(C(=O)CCN2CC2C)cc1Cl
CHEMBL555222,,,22.0,,,,,,,,,,CC(C)n1c(=O)c(C(=O)N[C@H]2C[C@H]3CC[C@@H](C2)N3CCCN2CCN(c3ccccc3)CC2)cc2ccccc21
CHEMBL555223,,,3.0,,,,,,,,,,CC(C)n1c(=O)c(C(=O)N[C@H]2C[C@H]3CC[C@@H](C2)N3CCCN2CCC(CNS(C)(=O)=O)CC2)cc2ccccc21
CHEMBL555487,,,2.27,,,,,,,,,,OCC12C3C4C1N(Cc1ccccc1)C1(CO)C(CO)(C4c4ccccc4)C(N3Cc3ccccc3)C1(CO)C2c1ccccc1
CHEMBL555693,,,22.0,,,,,,,,,,CC(C)n1c(=O)c(C(=O)N[C@H]2C[C@H]3CC[C@@H](C2)N3CCCCCCCN2CCN(S(C)(=O)=O)CC2)cc2ccccc21
CHEMBL555726,,,50.0,,,,,,,,,,CCCCCS(=O)(=O)Nc1ccc(C(=O)CCN(C)C)cc1
CHEMBL555745,,,2.6,,,,,,,,,,O=C(O)c1ccc(OC/C=C/Cn2c(=O)n(C(c3ccccc3)c3ccccc3)c(=O)c3ccc([N+](=O)[O-])cc32)cc1
CHEMBL555749,,,230.0,,,,,,,,,,CCCCCCOc1ccc2c(c1)CC(CN(C)C)C2=O
CHEMBL556086,,,30.0,,,,,,,,,,N#CCCCn1c(CN2C(=O)/C(=N/OCC(N)=O)c3ccccc32)nc2ccccc21
CHEMBL556270,,,1.0,,,,,,,,,,CCCCCCOc1ccc(C(=O)CCN2CCN(S(=O)(=O)CC)CC2)c(Cl)c1Cl
CHEMBL556646,,,12.0,,,,,,,,,,CC(=O)OCCCCn1c(CN2C(=O)/C(=N/O)c3cccnc32)nc2ccccc21
CHEMBL556667,,,,150.0,89.9999900000011,,,,,,,,
CHEMBL556680,,,,43.0,89.99996511629259,,,,15.0,53.99999999999999,20.769230769230766,,
CHEMBL557322,,,98.0,,,,,,,,,,CO/N=C1/C(=O)N(Cc2nc3ccccc3n2CCCCO)c2cnccc21
CHEMBL557461,,,2.6,,,,,,,,,,CC1CCN(C(=O)c2ccc3cc(OCCCN4CCCCC4)ccc3c2)CC1
CHEMBL557697,,,,,,,,,33.0,118.79999999999998,35.78313253012048,,
CHEMBL557885,,,670.0,,,,,,,,,,COc1ccc(Nc2nc3cc(C(N)=O)ccc3n2Cc2ccccc2C(F)(F)F)cc1
CHEMBL557905,,,850.0,,,,,,,,,,CCCCCCOc1ccc(C(=O)CCN(C)C)c(S(C)(=O)=O)c1
CHEMBL557906,,,10.0,,,,,,,,,,CCCCCCSc1cc(Cl)c(C(=O)CCN2CCOCC2)c(Cl)c1
CHEMBL558,,,,,,,0.6347,9.9,,,,,Cc1cccc(C)c1OCC(C)N
CHEMBL558106,,,500.0,,,,,,,,,,CCCCCCOc1ccc(C(=O)CCN(C)C)c(C(F)(F)F)c1
CHEMBL558107,,,1340.0,,,,,,,,,,CCCCCCOc1ccc(C(=O)CCN(C)C)cc1[N+](=O)[O-]
CHEMBL558125,,,0.0,,,,,,,,,,O=C(O)c1ccc(OC/C=C/Cn2c(=O)n(C(c3ccccc3)c3ccccc3)c(=O)c3ccc(Oc4ccccc4)cc32)cc1
CHEMBL558130,,,0.021,,,,,,,,,,Cc1cc(C)c(S(=O)(=O)N[C@H](CNC(=O)c2ccnn2C)C(=O)O)c(C)c1
CHEMBL558198,,,2.78000278,,,,,,,,,,CN(C)Cc1nccn1-c1ccc(NC(=O)c2cc(C(F)(F)F)nn2-c2ccc3onc(N)c3c2)c(F)c1.Cl
CHEMBL558297,,,380.0,,,,,,,,,,CCCCCCS(=O)(=O)c1ccc(C(=O)CCN2CCN(S(=O)(=O)CC)CC2)c(Cl)c1Cl
CHEMBL558298,,,50.0,,,,,,,,,,CCCCCCSc1cc(Cl)c(C(=O)CCN2CCN(S(=O)(=O)CC)CC2)c(Cl)c1
CHEMBL558637,,,0.4,,,,,,,,,,O=C(CN1C[C@H](NC(=O)c2ccc(Cl)s2)[C@@H](OCCO)C1)Nc1ccc(-n2ccccc2=O)cc1F
CHEMBL558748,,,,,,,,,150.0,539.9999999999999,67.5,,
CHEMBL558855,,,2.0,,,,,,,,,,CC(C)n1c(=O)c(C(=O)N[C@H]2C[C@H]3CC[C@@H](C2)N3CCCN2CCC[C@@H]2C(N)=O)cc2ccccc21
CHEMBL558889,,,560.0,,,,,,,,,,CCCCCC(=O)Nc1ccc(C(=O)CCN(C)C)cc1
CHEMBL558917,,,0.046,,,,,,,,,,O=C(NC[C@@H](NS(=O)(=O)c1cccc(Cl)c1Cl)C(=O)O)c1ccsc1
CHEMBL559044,,,0.7,,,,,,,,,,Cc1c(CC(=O)O)c2cccnc2n1S(=O)(=O)c1ccc(F)c(C#N)c1
CHEMBL559050,,,4.0,,,,,,,,,,CC(C)n1c(=O)c(C(=O)N[C@H]2C[C@H]3CC[C@@H](C2)N3CCCN(C)CCCN(C)S(C)(=O)=O)cc2ccccc21
CHEMBL559078,,,,,,,,,24.0,86.39999999999999,29.18918918918919,,
CHEMBL559288,,,,,,,,8.0,,,,,
CHEMBL559316,,,2.7,,,,,,,,,,Cc1c(CC(=O)O)c2cccnc2n1S(=O)(=O)c1ccc(Cl)c(C#N)c1
CHEMBL559322,,,28.0,,,,,,,,,,CC(C)n1c(=O)c(C(=O)N[C@H]2C[C@H]3CC[C@@H](C2)N3CCCCCCCN2CCOCC2)cc2ccccc21
CHEMBL559347,,,1.0,,,,,,,,,,COC(=O)C1CCN(c2ccc3c(=O)n(C(c4ccccc4)c4ccccc4)c(=O)n(C/C=C/COc4ccc(C(=O)O)cc4)c3c2)CC1
CHEMBL559492,,,21.3,,,,,,,,,,CC(=O)N1CCN(C)CC1(C)c1nc(C(=O)NCc2ccc(F)cc2)c(O)c(=O)[nH]1
CHEMBL559493,,,5.7,,,,,,,,,,Cc1nc(C)c(C(=O)N2CCCCC2c2nc(C(=O)NCc3ccc(F)cc3)c(O)c(=O)[nH]2)s1
CHEMBL559494,,,0.4,,,,,,,,,,CN1CCN(C(=O)c2cnccn2)C(c2nc(C(=O)NCc3ccc(F)cc3)c(O)c(=O)[nH]2)C1
CHEMBL559520,,,750.0,,,,,,,,,,CCCCCCOc1ccc(C(=O)CCN(C)C)c(C)c1
CHEMBL559521,,,70.0,,,,,,,,,,CCCCCCSc1ccc(C(=O)CCN2CC2C)c(Cl)c1Cl
CHEMBL559522,,,170.0,,,,,,,,,,CCCCCCSc1ccc(C(=O)CCN2CCOCC2)c(Cl)c1Cl
CHEMBL559696,,,,,,,0.011099999999999999,,,,,,
CHEMBL559716,,,460.0,,,,,,,,,,CCCCCCOc1ccc(C(=O)CCN(C)C)cc1Br
CHEMBL559717,,,330.0,,,,,,,,,,CCCCCCSc1cc(Cl)c(C(=O)CCN(C)C)cc1Cl
CHEMBL559718,,,810.0,,,,,,,,,,CCCCCCSc1cc(Cl)c(C(=O)CCN2CCNC(=O)C2)cc1Cl
CHEMBL559968,,,,8.0,89.99981250039062,,0.028000000000000025,,,,,,
CHEMBL560108,,,540.0,,,,,,,,,,CCCCCCS(=O)(=O)c1cc(Cl)c(C(=O)CCN2CCNC(=O)C2)cc1Cl
CHEMBL560114,,,860.0,,,,,,,,,,CCCCCCOc1cc(C(C)C)c(C(=O)CCN(C)C)cc1C
CHEMBL560148,,,1100.0,,,,,,,,,,CCCCCCOc1cc(C)ccc1C(=O)CCN(C)C
CHEMBL560167,,,,,,,0.10950000000000004,,,,,,
CHEMBL560172,,,1040.0,,,,,,,,,,CCCCCCOc1ccc(C(=O)CCN(C)C)cc1
CHEMBL560199,,,652.0,,,,,,,,,,COCCCn1c(CN2C(=O)/C(=N/OCC(F)(F)F)c3ccccc32)nc2ccccc21
CHEMBL560219,,,,21.5,89.99990838079734,,0.009700000000000042,,3.0,10.799999999999999,5.094339622641509,,
CHEMBL560241,,,,57.0,89.99997368421822,,,,12.0,43.199999999999996,17.419354838709676,,
CHEMBL560275,,,27.3,,,,,,,,,,Cc1ccc(C(=O)N2CCC(=CC(=O)N[C@@H]3CCN(Cc4ccc5cc(F)ccc5c4)C3)CC2)c(O)c1
CHEMBL560279,,,14.0,,,,,,,,,,Cc1c(CC(=O)O)c2cccnc2n1S(=O)(=O)c1ccc(Cl)c(Cl)c1
CHEMBL560309,,,1490.0,,,,,,,,,,CCCCCCOc1ccc(C(=O)CCn2ccnc2)cc1
CHEMBL560310,,,320.0,,,,,,,,,,CCCN1CCN(c2ccc(C(=O)CCN(C)C)cc2)CC1
CHEMBL560311,,,600.0,,,,,,,,,,CCCCCCOc1ccc(C(=O)CCN(C)C)c(Cl)c1Cl
CHEMBL560369,,,1420.0,,,,,,,,,,CCCCCCSc1ccc(C(=O)CCN2CCN(C(C)=O)CC2)c(Cl)c1
CHEMBL560377,,,,,,,0.0020000000000000018,,,,,,
CHEMBL560423,,,,3.0,89.99950000277776,,0.24029999999999996,,3.0,10.799999999999999,5.094339622641509,,
CHEMBL560478,,,158.0,,,,,,,,,,O=C1/C(=N/OCCF)c2ccncc2N1Cc1nc2ccccc2n1CCCCF
CHEMBL560510,,,780.0,,,,,,,,,,CCCCCCS(=O)(=O)c1ccc(C(=O)CCN(C)C)cc1
CHEMBL560512,,,830.0,,,,,,,,,,CCCCCCOc1ccc(C(=O)CCN(C)C)cc1-c1ccccc1
CHEMBL560568,,,140.0,,,,,,,,,,CCCCCCSc1ccc(C(=O)CCN(C)C)c(Cl)c1Cl
CHEMBL560569,,,2300.0,,,,,,,,,,CCCCCCSc1ccc(C(=O)CCN2CCN(C(C)=O)CC2)c(Cl)c1Cl
CHEMBL560591,,,180.0,,,,,,,,,,N#CCCCn1c(CN2C(=O)/C(=N/OCC(F)(F)F)c3cccnc32)nc2ccccc21
CHEMBL560675,,,10.0,,,,,,,,,,CCCCNC(=O)Nc1ccc(C(=O)CCN(C)C)cc1
CHEMBL560911,,,560.0,,,,,,,,,,CCCCCCOc1ccc(C(=O)CCN(CCCC)CCCC)cc1
CHEMBL560927,,,0.8,,,,,,,,,,Cc1cc(C)c(S(=O)(=O)N[C@H](CN2Cc3ccccc3C2=O)C(=O)O)c(C)c1
CHEMBL560928,,,4.6,,,,,,,,,,COc1ccccc1C(=O)NC[C@@H](NS(=O)(=O)c1c(C)cc(C)cc1C)C(=O)O
CHEMBL560936,,,237.0,,,,,,,,,,COCCCn1c(CN2C(=O)/C(=N/OCc3ccc(C(=O)N(C)C)cc3)c3ccccc32)nc2ccccc21
CHEMBL560944,,,0.4,,,,,,,,,,CC(=O)N1CCN(C)CC1c1nc(C(=O)NCc2ccc(F)cc2)c(O)c(=O)[nH]1
CHEMBL560972,,,930.0,,,,,,,,,,CCCCCCOc1ccc(C(=O)CCN(C)C)cc1C(F)(F)F
CHEMBL560976,,,,,,,,2.4,,,,,
CHEMBL560993,,,,7.02,89.9997393573265,,0.006399999999999961,,3.0,10.799999999999999,5.094339622641509,,
CHEMBL561,,,4.366666666666666,,,,,,,,,,CCn1cc(C(=O)O)c(=O)c2cc(F)c(N3CCNC(C)C3)c(F)c21
CHEMBL561050,,,540.0,,,,,,,,,,CCCCCCOc1ccc(C(=O)CCN(C)C)cc1I
CHEMBL561051,,,20.0,,,,,,,,,,CCCCCCSc1cc(Cl)c(C(=O)CCN2CCN(S(=O)(=O)CC)CC2)cc1Cl
CHEMBL561052,,,350.0,,,,,,,,,,CCCCCCSc1cc(Cl)c(C(=O)CCN(C)C)c(Cl)c1
CHEMBL561137,,,27.0,,,,,,,,,,O=C1/C(=N/O)c2ccncc2N1Cc1nc2ccccc2n1CCCCF
CHEMBL561170,,,190.0,,,,,,,,,,CCCCCCSc1cc(Cl)c(C(=O)CCN2CC2C)c(Cl)c1
CHEMBL561245,,,1790.0,,,,,,,,,,CCCCCCOc1ccc(C(=O)CCN2CCOCC2)cc1
CHEMBL561318,,,1.5,,,,,,,,,,O=C(CN1C[C@H](NC(=O)c2ccc(Cl)s2)[C@@H](O)C1)Nc1ccc(-n2ccccc2=O)cc1F
CHEMBL561368,,,,,,,0.005600000000000049,,,,,,
CHEMBL561398,,,24.0,,,,,,,,,,CC(C)n1c(=O)c(C(=O)N[C@H]2C[C@H]3CC[C@@H](C2)N3CCCN2CCCCC2)cc2ccccc21
CHEMBL561446,,,170.0,,,,,,,,,,CCCCCCS(=O)(=O)c1cc(Cl)c(C(=O)CCN(C)C)c(Cl)c1
CHEMBL561539,,,10.05,,,,,,,,,,Cc1c(CC(=O)O)c2cccnc2n1S(=O)(=O)c1ccc(Cl)cc1
CHEMBL561569,,,90.0,,,,,,,,,,CCCCCCS(=O)(=O)c1cc(Cl)c(C(=O)CCN(C)C)cc1Cl
CHEMBL561570,,,680.0,,,,,,,,,,CCCCCCS(=O)(=O)c1cc(Cl)c(C(=O)CCN2CCOCC2)cc1Cl
CHEMBL561573,,,160.0,,,,,,,,,,CCCCCCS(=O)(=O)c1ccc(C(=O)CCN2CC2C)c(Cl)c1
CHEMBL561574,,,300.0,,,,,,,,,,CCCCCCS(=O)(=O)c1ccc(C(=O)CCN2CCN(S(=O)(=O)CC)CC2)c(Cl)c1
CHEMBL561648,,,770.0,,,,,,,,,,CCCCCCNC(=O)c1ccc(C(=O)CCN(C)C)cc1
CHEMBL561649,,,1880.0,,,,,,,,,,CCCCCCS(=O)(=O)c1cc(C)c(C(=O)CCN(C)C)c(C)c1
CHEMBL561650,,,370.0,,,,,,,,,,CCCCCCOc1ccc(C(=O)CCN2CC2C)c(Cl)c1Cl
CHEMBL561653,,,150.0,,,,,,,,,,CCCCCCOc1ccc(-c2ccc(C(=O)CCN(C)C)cc2)cc1
CHEMBL561696,,,530.0,,,,,,,,,,CSc1ccc(Nc2nc3cc(C(N)=O)ccc3n2Cc2ccccc2C(F)(F)F)cc1
CHEMBL561742,,,160.0,,,,,,,,,,CO/N=C1/C(=O)N(Cc2nc3ccccc3n2CCCC#N)c2ncccc21
CHEMBL561771,,,,150.0,89.9999900000011,,,,146.0,525.6,67.04081632653062,,
CHEMBL561820,,,-6.27,,,,,,,,,,Cc1cc2c(CC3CCCC3)c(O)c(O)cc2c(O)c1-c1c(C)cc2c(CC3CCCC3)c(O)c(O)cc2c1O
CHEMBL561850,,,1550.0,,,,,,,,,,CCCCCCCc1ccc(C(=O)CCN(C)C)cc1
CHEMBL561975,,,770.0,,,,,,,,,,CCCCCCS(=O)(=O)c1ccc(C(=O)CCN2CCN(C(C)=O)CC2)c(Cl)c1Cl
CHEMBL561993,,,2.0,,,,,,,,,,Cc1ccc2c(=O)n(C(c3ccccc3)c3ccccc3)c(=O)n(C/C=C/COc3ccc(C(=O)O)cc3)c2c1
CHEMBL562141,,,115.0,,,,,,,,,,O=C1/C(=N/OCCF)c2cccnc2N1Cc1nc2ccccc2n1CCCCO
CHEMBL562173,,,1200.0,,,,,,,,,,CCCCCCS(=O)(=O)c1cc(C)c(C(=O)CCN2CC2C)c(C)c1
CHEMBL562250,,,1660.0,,,,,,,,,,CCCCCCOc1ccc(C(=O)CCN2CC2C)cc1
CHEMBL562251,,,440.0,,,,,,,,,,CCCCCCS(=O)(=O)c1ccc(C(=O)CCN2CC2C)c(Cl)c1Cl
CHEMBL562308,,,,,,,0.04569999999999996,,,,,,
CHEMBL562310,,,,,,,0.011099999999999999,,,,,,
CHEMBL562318,,,,,,,0.0012000000000000899,,,,,,
CHEMBL562476,,,4.6,,,,,,,,,,CNC[C@@H](O)[C@H](c1ccccc1)n1ccc2ccccc21
CHEMBL562482,,,15.3,,,,,,,,,,CN1CCCCC1(C)c1nc(C(=O)NCc2ccc(F)cc2)c(O)c(=O)n1C
CHEMBL562507,,,500.0,,,,,,,,,,CCCCCCSc1ccc(C(=O)CCN2CC2C)c(Cl)c1
CHEMBL562536,,,154.0,,,,,,,,,,O=C1/C(=N/OCC(F)(F)F)c2cccnc2N1Cc1nc2ccccc2n1CCCCO
CHEMBL562551,,,,150.0,89.9999900000011,,,,,,,,
CHEMBL562595,,,57.6,,,,,,,,,,CN1CCN(S(=O)(=O)N(C)C)CC1(C)c1nc(C(=O)NCc2ccc(F)cc2)c(O)c(=O)n1C
CHEMBL562698,,,,7.2,89.99979166714891,,,,73.0,262.8,53.41463414634146,,
CHEMBL562733,,,42.0,,,,,,,,,,N#CCCCn1c(CN2C(=O)/C(=N/O)c3cccnc32)nc2ccccc21
CHEMBL562897,,,4.7,,,,,,,,,,O=C(NC1CC2CCC(C1)N2Cc1ccc2cc(F)ccc2c1)c1cc[n+]([O-])cc1C(=O)N1CCCCC1
CHEMBL563,,,,,,,,,23.5,84.6,28.775510204081627,,CC(C(=O)O)c1ccc(-c2ccccc2)c(F)c1
CHEMBL563032,,,470.0,,,,,,,,,,CCCCCCS(=O)(=O)c1cc(C)c(C(=O)CCN2CCN(C(C)=O)CC2)c(C)c1
CHEMBL563154,,,1310.0,,,,,,,,,,CCCCCCSc1cc(Cl)c(C(=O)CCN2CCOCC2)cc1Cl
CHEMBL563175,,,670.0,,,,,,,,,,CCCCCCS(=O)(=O)c1cc(Cl)c(C(=O)CCN2CCN(C(C)=O)CC2)cc1Cl
CHEMBL563181,,,1960.0,,,,,,,,,,CCCCCCOc1ccc(C(=O)CCN(C)C)c(Cl)c1
CHEMBL563189,,,19.9,,,,,,,,,,O=C(C=C1CCN(C(=O)c2ccccc2)CC1)N[C@@H]1CCN(Cc2ccc3cc(F)ccc3c2)C1
CHEMBL563264,,,155.0,,,,,,,,,,N#CCCCn1c(CN2C(=O)/C(=N/OCCF)c3cccnc32)nc2ccccc21
CHEMBL56337,,,7.62,,,,,,,,,,CC(/C=C1\SC(=S)N(CC(=O)O)C1=O)=C\c1ccccc1
CHEMBL563498,,,,,,,0.036599999999999966,,,,,,
CHEMBL563566,,,730.0,,,,,,,,,,CCCCCCS(=O)(=O)c1cc(Cl)c(C(=O)CCN2CCN(S(=O)(=O)CC)CC2)cc1Cl
CHEMBL563628,,,3.5,,,,,,,,,,CC(=O)N1CCCC1c1nc(C(=O)NCc2ccc(F)cc2)c(O)c(=O)[nH]1
CHEMBL563757,,,6.3,,,,,,,,,,CC(=O)N1CCCCC1(C)c1nc(C(=O)NCc2ccc(F)cc2)c(O)c(=O)[nH]1
CHEMBL563784,,,,,,,,,10.0,36.0,15.0,,
CHEMBL563804,,,1010.0,,,,,,,,,,CCCCCCSc1cc(Cl)c(C(=O)CCN2CCN(C(C)=O)CC2)cc1Cl
CHEMBL563816,,,470.0,,,,,,,,,,CCCCCCS(=O)(=O)c1cc(Cl)c(C(=O)CCN2CCOCC2)c(Cl)c1
CHEMBL563871,,,860.0,,,,,,,,,,CCCCCCOc1cc(Cl)c(C(=O)CCN2CCN(S(=O)(=O)CC)CC2)c(Cl)c1
CHEMBL563898,,,3.74,,,,,,,,,,CC(=O)N1CCCCC1c1nc(C(=O)NCc2ccc(F)cc2)c(O)c(=O)[nH]1
CHEMBL563943,,,980.0,,,,,,,,,,CCCCCCS(=O)(=O)c1cc(Cl)c(C(=O)CCN2CC2C)c(Cl)c1
CHEMBL563949,,,9.15,,,,,,,,,,Cc1c(CC(=O)O)c2cccnc2n1S(=O)(=O)c1ccc(F)c(F)c1
CHEMBL564,,,13.52,,,,0.10089999999999999,7.9,,,,,CN(C)CCCN1c2ccccc2Sc2ccccc21
CHEMBL564011,,,0.45,,,,,,,,,,Cc1cc(C)c(S(=O)(=O)N[C@H](CNCC(=O)c2ccoc2)C(=O)O)c(C)c1
CHEMBL564112,,,240.0,,,,,,,,,,CCCCCCS(=O)(=O)c1ccc(C(=O)CCN2CCNC(=O)C2)c(Cl)c1
CHEMBL564246,,,141.0,,,,,,,,,,CO/N=C1/C(=O)N(Cc2nc3ccccc3n2CCCCO)c2ncccc21
CHEMBL564248,,,0.9,,,,,,,,,,O=C(Cn1cnc(NC(=O)c2ccc(Cl)s2)n1)Nc1ccc(-n2ccccc2=O)cc1F
CHEMBL564267,,,34.3,,,,,,,,,,CN1CCN(S(C)(=O)=O)CC1(C)c1nc(C(=O)NCc2ccc(F)cc2)c(O)c(=O)n1C
CHEMBL564271,,,20.0,,,,,,,,,,C=C1NC(=O)CC[C@@H](C(=O)O)NC(=O)[C@H](NC(=O)[C@H](CCCCN)NC(=O)[C@@H](N)Cc2c[nH]c3ccccc23)CSC[C@@H](C(=O)N[C@@H]2C(=O)N3CCC[C@H]3C(=O)NCC(=O)N[C@H](C(=O)N[C@H](C(=O)N[C@@H]3C(=O)NCC(=O)N[C@@H](C)C(=O)N[C@@H](CC(C)C)C(=O)N[C@@H](CCC(N)=O)C(=O)N/C(=C/C)C(=O)N[C@H](C(=O)N[C@@H](Cc4ccccc4)C(=O)N[C@@H](CC(C)C)C(=O)N[C@@H](CCC(N)=O)C(=O)N[C@@H]4C(=O)N[C@@H](CC(C)C)C(=O)N[C@H]5C(=O)N[C@@H](CSC4C)C(=O)NC(=O)[C@H](CC(N)=O)N[C@H](C(=O)N[C@@H](CCCCN)C(=O)N[C@H](C(=O)NC(=C)C(=O)N[C@@H](CCCCN)C(=O)O)[C@@H](C)CC)CSC5C)CSC3C)C(C)C)CSC2C)N[C@@H](CC(C)C)C(=O)NC1=O
CHEMBL564363,,,182.0,,,,,,,,,,CS(=O)(=O)CCCn1c(CN2C(=O)/C(=N/OCCF)c3cccnc32)nc2ccccc21
CHEMBL564366,,,,,,,,,33.0,118.79999999999998,35.78313253012048,,
CHEMBL564464,,,430.0,,,,,,,,,,CCCCCCS(=O)(=O)c1cc(Cl)c(C(=O)CCN2CCNC(=O)C2)c(Cl)c1
CHEMBL564535,,,,,,,,,11.0,39.599999999999994,16.22950819672131,,
CHEMBL564607,,,,3.0,89.99950000277776,,0.007699999999999929,,40.0,144.0,40.0,,
CHEMBL564737,,,,12.5,89.99988000016,,0.08900000000000008,,3.0,10.799999999999999,5.094339622641509,,
CHEMBL564885,,,,4.0,89.99962500156249,,,,68.0,244.8,51.86440677966102,,
CHEMBL564984,,,0.7,,,,,,,,,,O=C(NCc1ccc(F)cc1)c1nc(C2CCCN2)[nH]c(=O)c1O
CHEMBL565073,,,,,,,0.031299999999999994,,,,,,
CHEMBL565150,,,270.0,,,,,,,,,,CCCCCCOc1ccc(C(=O)CCN(C)C)c(I)c1
CHEMBL565195,,,18.0,,,,,,,,,,CS(=O)(=O)c1ccc(Nc2nc3cc(C(N)=O)ccc3n2Cc2ccccc2C(F)(F)F)cc1
CHEMBL565220,,,1.9,,,,,,,,,,CC1(c2nc(C(=O)NCc3ccc(F)cc3)c(O)c(=O)[nH]2)CCCCN1
CHEMBL565360,,,77.0,,,,,,,,,,CC1(CC(=O)NCc2ccccc2Sc2ccccc2CO)CC2(CCCCC2)OO1
CHEMBL565361,,,65.0,,,,,,,,,,COc1cccc(CNC(=O)CC2(C)CC3(CCCCC3)OO2)c1
CHEMBL56564,,,,,,,,5.6,,,,,
CHEMBL565755,,,,43.074999999999996,89.99992748672074,,,,19.95,71.82,25.66833452466047,,
CHEMBL567,,,,,,,0.014899999999999913,9.4,,,,,OCCN1CCN(CCCN2c3ccccc3Sc3ccc(Cl)cc32)CC1
CHEMBL567124,,,3.28,,,,,,,,,,Cc1c(Nc2c(C#N)cncc2/C=C/c2cccc(OCCN3CCN(C)CC3)c2)ccc2[nH]ccc12
CHEMBL567243,,,5.59,,,,,,,,,,CCOC(=O)c1ncn2c1Cn1ncnc1-c1cc(Cl)ccc1-2
CHEMBL567376,,,37.0,,,,,,,,,,CC1(CC(=O)NCc2ccccc2N)CC2(CCCCC2)OO1
CHEMBL567470,,,34.0,,,,,,,,,,CCCOCCn1c(=O)c(N[C@H]2CC[C@H](O)CC2)nc2cnc(-c3ccc(OC)nc3)cc21
CHEMBL567570,,,169.0,,,,,,,,,,C[C@@H]1CN(C(=O)c2ccccc2)CCN1C(=O)C(=O)c1c[nH]c2ccccc12
CHEMBL567582,,,55.0,,,,,,,,,,CC1(CC(=O)NCc2ccc3c(c2)OCC=CO3)CC2(CCCCC2)OO1
CHEMBL567850,,,58.0,,,,,,,,,,COc1ccc(OC)c(S(=O)(=O)Nc2cnc3ccccc3c2)c1
CHEMBL568,,,,8.51,89.99982373712547,,0.0383,6.7,,,,,O=C1Nc2ccc(Cl)cc2C(c2ccccc2)=NC1O
CHEMBL568438,,,33.0,,,,,,,,,,CC1(CC(=O)NCc2ccccn2)CC2(CCCCC2)OO1
CHEMBL568444,,,49.0,,,,,,,,,,CC1(CC(=O)NCc2ccc([N+](=O)[O-])cc2)CC2(CCCCC2)OO1
CHEMBL568705,,,0.1,,,,,,,,,,CC(=O)OC[C@H]1O[C@@H](S(N)(=O)=O)[C@H](OC(C)=O)[C@@H](OC(C)=O)[C@@H]1OC(C)=O
CHEMBL568799,,,1.3,,,,,,,,,,CNc1nc(NCc2ccc(NC(=O)c3ccc(F)cc3)cc2)c2cc(C)ccc2n1
CHEMBL568800,,,2.0,,,,,,,,,,Cc1ccc2c(NCc3ccc(NC(=O)c4ccc(F)cc4)cc3)nc(N3CCCCC3)nc2c1
CHEMBL568821,,,0.7,,,,,,,,,,CC(=O)c1ccc2c(NCc3ccc(NC(=O)c4ccc(F)cc4)cc3)nc(N(C)C)nc2c1
CHEMBL568823,,,5.8,,,,,,,,,,CNc1nc(NCc2ccc(NC(=O)c3ccc(C)cc3)cc2)c2ccccc2n1
CHEMBL568825,,,4.4,,,,,,,,,,Cc1ccc2c(NCc3ccc(NC(=O)c4ccc(F)cc4)cc3)nc(N3CCN(C)CC3)nc2c1
CHEMBL568851,,,1.6,,,,,,,,,,Cc1ccc2c(NCc3ccc(NC(=O)c4ccc(F)cc4)cc3)nc(N(C)C)nc2c1
CHEMBL568852,,,0.1,,,,,,,,,,Cc1ccc2c(NCc3ccc(NC(=O)c4ccc(F)cc4)cc3)nc(N3CCNCC3)nc2c1
CHEMBL568853,,,2.4,,,,,,,,,,CNc1nc(NCc2ccc(NC(=O)c3ccc(Cl)cc3)cc2)c2cc(C)ccc2n1
CHEMBL568894,,,1.4,,,,,,,,,,CC(C)(C)[C@H]1C(O)=C(C2=CS(=O)(=O)c3cc(NS(C)(=O)=O)ccc3N2)C(=O)N1Cc1ccc(F)cc1
CHEMBL568904,,,,,,,,,13.0,46.8,18.57142857142857,,
CHEMBL569002,,,0.0,,,,,,,,,,Cc1ccc2c(NCc3ccc(NC(=O)c4ccc(F)cc4)cc3)nc(N3CCOCC3)nc2c1
CHEMBL569004,,,1.5,,,,,,,,,,Cc1ccc2c(NCc3ccc(NC(=O)c4ccc(F)cc4)cc3)nc(N3CCC3)nc2c1
CHEMBL569077,,,0.5,,,,,,,,,,Cc1ccc2c(NCc3ccc(NC(=O)c4ccc(F)cc4)cc3)nc(N3CCCC3)nc2c1
CHEMBL569098,,,0.0,,,,,,,,,,CN(C)c1nc(NCc2ccc(NC(=O)c3ccc(F)cc3)cc2)c2ccc(CO)cc2n1
CHEMBL569099,,,0.4,,,,,,,,,,CN(C)Cc1ccc2c(NCc3ccc(NC(=O)c4ccc(F)cc4)cc3)nc(N(C)C)nc2c1
CHEMBL569102,,,4.2,,,,,,,,,,CNc1nc(NCc2ccc(NC(=O)c3ccc(F)cc3)cc2)c2ccccc2n1
CHEMBL569103,,,0.0,,,,,,,,,,CNc1nc(NCc2ccc(NC(=O)c3ccc(Cl)nc3)cc2)c2ccccc2n1
CHEMBL569131,,,161.0,,,,,,,,,,CC(C)C1CN(C(=O)C(=O)c2c[nH]c3cccc(F)c23)CCN1C(=O)c1ccccc1
CHEMBL569133,,,96.0,,,,,,,,,,C[C@@H]1CN(C(=O)c2ccccc2)[C@H](C)CN1C(=O)C(=O)c1c[nH]c2cccc(F)c12
CHEMBL569168,,,0.5,,,,,,,,,,NS(=O)(=O)[C@@H]1O[C@H](CO)[C@@H](O[C@H]2O[C@H](CO)[C@@H](O)[C@H](O)[C@H]2O)[C@H](O)[C@H]1O
CHEMBL569170,,,0.4,,,,,,,,,,NS(=O)(=O)[C@@H]1O[C@H](CO)[C@@H](O)[C@H](O)[C@H]1O
CHEMBL569184,,,,19.05,89.9999212599114,,0.047699999999999965,,,,,,
CHEMBL569185,,,39.5,21.88,89.99993144429354,,0.06330000000000002,,,,,,COc1ccc(CCN2C(=O)N(NS(C)(=O)=O)C[C@H]2c2ccc(OC)cc2)cc1
CHEMBL569230,,,1.1,,,,,,,,,,C=Cc1ccc2c(NCc3ccc(NC(=O)c4ccc(F)cc4)cc3)nc(N(C)C)nc2c1
CHEMBL569231,,,0.3,,,,,,,,,,CCc1ccc2c(NCc3ccc(NC(=O)c4ccc(F)cc4)cc3)nc(N(C)C)nc2c1
CHEMBL569321,,,0.0,,,,,,,,,,CNc1nc(NCc2ccc(NC(=O)c3ccc(Cl)nc3)cc2)c2cc(C)ccc2n1
CHEMBL569477,,,3.6,,,,,,,,,,CCOC(=O)c1ncn2c1Cc1cnc(C)nc1-c1cc(Br)ccc1-2
CHEMBL569532,,,0.9,,,,,,,,,,CNc1nc(NCc2ccc(NC(=O)c3ccc(Cl)cc3)cc2)c2c(C)cccc2n1
CHEMBL569533,,,0.2,,,,,,,,,,CNc1nc(NCc2ccc(NC(=O)c3ccc(Cl)nc3)cc2)c2c(C)cccc2n1
CHEMBL569639,,,54.0,,,,,,,,,,COc1ccc(Br)cc1S(=O)(=O)Nc1cnc2ccccc2c1
CHEMBL569682,,,0.0,,,,,,,,,,CN(C)c1nc(NCc2ccc(NC(=O)c3ccc(F)cc3)cc2)c2ccc(I)cc2n1
CHEMBL569720,,,,,,,0.30390000000000006,,,,,,
CHEMBL569738,,,,,,,0.21989999999999998,,34.67,124.81199999999998,36.85248612259359,,
CHEMBL569745,,,0.02,,,,,,,,,,Cc1ccc2c(NCc3ccc(NC(=O)c4ccc(F)cc4)cc3)nc(N3CCNC(C)(C)C3)nc2c1
CHEMBL569754,,,0.0,,,,,,,,,,CNc1nc(NCc2ccc(NC(=O)c3ccnc(Cl)c3)cc2)c2ccccc2n1
CHEMBL569792,,,170.0,,,,,,,,,,CC(C)(C)C1CN(C(=O)c2ccccc2)CCN1C(=O)C(=O)c1c[nH]c2cccc(F)c12
CHEMBL569806,,,69.0,,,,,,,,,,CCCCCC1CN(C(=O)C(=O)c2c[nH]c3cccc(F)c23)CCN1C(=O)c1ccccc1
CHEMBL569807,,,172.0,,,,,,,,,,CCCC1CN(C(=O)c2ccccc2)CCN1C(=O)C(=O)c1c[nH]c2cccc(F)c12
CHEMBL569808,,,154.0,,,,,,,,,,CCCCCC1CN(C(=O)c2ccccc2)CCN1C(=O)C(=O)c1c[nH]c2cccc(F)c12
CHEMBL569845,,,1600.0,,,,,,,,,,CCCCCCSc1ccc(C(=O)CCN2CCNC(=O)C2)c(Cl)c1Cl
CHEMBL569962,,,0.0,,,,,,,,,,CNc1nc(NCc2ccc(NC(=O)c3ccc(Cl)cc3)cc2)c2cccc(C)c2n1
CHEMBL57,,,,,,,0.5572999999999999,53.0,,,,,
CHEMBL570002,,,,,,,0.1864,,,,,,
CHEMBL570015,,,,75.025,89.99995682431728,,0.014899999999999913,,150.0,539.9999999999999,67.5,,
CHEMBL570017,,,190.0,,,,,,,,,,CC(C)(C)C1CN(C(=O)C(=O)c2c[nH]c3cccc(F)c23)CCN1C(=O)c1ccccc1
CHEMBL570192,,,,,,,0.05940000000000001,,,,,,
CHEMBL570194,,,0.4,,,,,,,,,,Cc1ccc2c(NCc3ccc(NC(=O)c4ccc(F)cc4)cc3)nc(N3CCN[C@H](C)C3)nc2c1
CHEMBL570307,,,1350.0,,,,,,,,,,CCCCCCOc1ccc(C(=O)C(C)CN(C)C)cc1
CHEMBL570417,,,5.3,,,,,,,,,,CNc1nc(NCc2ccc(NC(=O)c3ccc(C(F)(F)F)cc3)cc2)c2ccccc2n1
CHEMBL570418,,,3.0,,,,,,,,,,CNc1nc(NCc2ccc(NC(=O)c3cccc(Cl)c3)cc2)c2ccccc2n1
CHEMBL570485,,,88.0,,,,,,,,,,C[C@H]1CN(C(=O)c2ccccc2)CCN1C(=O)C(=O)c1c[nH]c2cccc(F)c12
CHEMBL570656,,,4.2,,,,,,,,,,CNc1nc(NCc2ccc(NC(=O)c3ccc(F)cc3)cc2)c2cccc(C)c2n1
CHEMBL570667,,,5.9,,,,,,,,,,NCC1CCN(c2nccc(-c3ccc4ccccc4c3)n2)CC1
CHEMBL570776,,,870.0,,,,,,,,,,CCCCCCOc1ccc(C(=O)CCN2CC2C)c(Cl)c1
CHEMBL570899,,,,,,,0.08540000000000003,,15.85,57.06,21.662870159453306,,
CHEMBL570902,,,0.0,,,,,,,,,,CCCNc1nc(NCc2ccc(NC(=O)c3ccc(F)cc3)cc2)c2ccc(C)cc2n1
CHEMBL570931,,,171.0,,,,,,,,,,CCC1CN(C(=O)C(=O)c2c[nH]c3cccc(F)c23)CCN1C(=O)c1ccccc1
CHEMBL570934,,,0.98,,,,,,,,,,CC(C)(C)[C@H]1C(O)=C(C2=CS(=O)(=O)c3cc(NS(C)(=O)=O)ccc3N2)C(=O)N1Cc1ccc(F)c(Cl)c1
CHEMBL571,,,,28.35,89.99973603491277,,0.012699999999999934,2.1,,,,,
CHEMBL571135,,,72.0,,,,,,,,,,CC1CN(C(=O)c2ccccc2)CCN1C(=O)C(=O)c1c[nH]c2cccc(F)c12
CHEMBL571147,,,154.0,,,,,,,,,,CCCC1CN(C(=O)C(=O)c2c[nH]c3cccc(F)c23)CCN1C(=O)c1ccccc1
CHEMBL571148,,,50.0,,,,,,,,,,C[C@@H]1CN(C(=O)c2ccccc2)[C@@H](C)CN1C(=O)C(=O)c1c[nH]c2cccc(F)c12
CHEMBL571226,,,1380.0,,,,,,,,,,CCCCCCOc1cc(Cl)c(C(=O)CCN2CCNC(=O)C2)c(Cl)c1
CHEMBL571353,,,,,,,0.009899999999999909,,,,,,
CHEMBL571526,,,,,,,0.02190000000000003,,,,,,
CHEMBL571578,,,46.0,,,,,,,,,,COc1cccc2[nH]cc(C(=O)C(=O)N3CCN(C(=O)c4ccccc4)C[C@H]3C)c12
CHEMBL571581,,,3.96,,,,,,,,,,Cc1c(Nc2c(C#N)cncc2-c2cc3cc(CN4CCN(C)CC4)ccc3o2)ccc2[nH]ccc12
CHEMBL571720,,,7.0,,,,,,,,,,COc1ccc(C)cc1S(=O)(=O)Nc1cnc2ccccc2c1
CHEMBL571721,,,11.0,,,,,,,,,,COc1cc([N+](=O)[O-])ccc1S(=O)(=O)Nc1cnc2ccccc2c1
CHEMBL571796,,,150.0,,,,,,,,,,CCC1CN(C(=O)c2ccccc2)CCN1C(=O)C(=O)c1c[nH]c2cccc(F)c12
CHEMBL571810,,,190.0,,,,,,,,,,CC(C)CC1CN(C(=O)C(=O)c2c[nH]c3cccc(F)c23)CCN1C(=O)c1ccccc1
CHEMBL571825,,,1.62,,,,,,,,,,Cc1cc(CN2C(=O)C(C3=CS(=O)(=O)c4cc(NS(C)(=O)=O)ccc4N3)=C(O)[C@@H]2C(C)(C)C)ccc1F
CHEMBL571994,,,1.4,,,,,,,,,,CNc1nc(NCc2ccc(NC(=O)c3ccc(Cl)cc3)cc2)c2ccccc2n1
CHEMBL572,,,,3.0,89.99950000277776,,,0.97,,,,,
CHEMBL572013,,,54.0,,,,,,,,,,C[C@@H]1CN(C(=O)c2ccccc2)CCN1C(=O)C(=O)c1c[nH]c2cccc(F)c12
CHEMBL572016,,,,,,,0.03909999999999991,,,,,,
CHEMBL572035,,,165.0,,,,,,,,,,CC(C)C1CN(C(=O)c2ccccc2)CCN1C(=O)C(=O)c1c[nH]c2cccc(F)c12
CHEMBL572246,,,1.8,,,,,,,,,,CC(C)(C)CCN1C(=O)C(C2=CS(=O)(=O)c3cc(NS(C)(=O)=O)ccc3N2)=C(O)[C@@H]1C(C)(C)C
CHEMBL572341,,,260.0,,,,,,,,,,CCCCCCS(=O)(=O)c1cc(Cl)c(C(=O)CCN2CC2C)cc1Cl
CHEMBL572342,,,770.0,,,,,,,,,,CCCCCCSc1cc(C)c(C(=O)CCN2CC2C)c(C)c1
CHEMBL572348,,,1020.0,,,,,,,,,,CCCCCCOc1ccc(C(=O)CCN(C)C)cc1Cl
CHEMBL572683,,,0.21,,,,,,,,,,Cc1cc(CN2C(=O)C(C3=NS(=O)(=O)c4c(CN(C)S(C)(=O)=O)cccc43)=C(O)[C@@H]2C(C)(C)C)ccc1F
CHEMBL572774,,,83.0,,,,,,,,,,COc1ccc(C)cc1S(=O)(=O)Nc1cccnc1
CHEMBL573,,,,,,,0.5516,,,,,,
CHEMBL573460,,,0.02,,,,,,,,,,CC(=O)OC[C@H]1O[C@@H](S(N)(=O)=O)[C@H](OC(C)=O)[C@@H](OC(C)=O)[C@@H]1O[C@H]1O[C@H](COC(C)=O)[C@@H](OC(C)=O)[C@H](OC(C)=O)[C@H]1OC(C)=O
CHEMBL574059,,,,6.17,89.99975688882526,,0.0040000000000000036,,131.83,474.588,65.25160864543805,,
CHEMBL575,,,,,,,,0.64,,,,,
CHEMBL57531,,,,120.23,89.99998752391423,,0.11409999999999998,,21.88,78.768,27.39565943238731,,
CHEMBL575448,,,264.0,70.79,89.99997881057146,,0.02090000000000003,,,,,,C[C@@]1(C(=O)Nc2ccc(F)nc2)CCCN1c1nc(Nc2cc(C3CC3)n[nH]2)c2cccn2n1
CHEMBL575777,,,0.09,,,,,,,,,,Cc1cc(CN2C(=O)C(C3=NS(=O)(=O)c4c(CNS(C)(=O)=O)cccc43)=C(O)[C@@H]2C(C)(C)C)ccc1F
CHEMBL575934,,,37.85,,,,,,,,,,Cc1cc(=O)oc2cc(OCc3cccc(Cl)c3)ccc12
CHEMBL575966,,,422.0,,,,,,,,,,Cc1onc(-c2ccccc2Cl)c1C(=O)N(C)c1ccc(Cl)cc1
CHEMBL576068,,,,,,,0.16000000000000003,,,,,,
CHEMBL576127,,,,,,,,14.0,,,,,
CHEMBL576138,,,257.0,,,,,,,,,,Cc1ccc(N(C)C(=O)c2c(-c3ccccc3Cl)noc2C)cc1Cl
CHEMBL576257,,,,,,,0.1452,,,,,,
CHEMBL576426,,,6.79,,,,,,,,,,CCc1ncn2c1Cn1ncnc1-c1ccccc1-2
CHEMBL576494,,,51.0,,,,,,,,,,COc1cc([N+](=O)[O-])ccc1S(=O)(=O)Nc1cccnc1
CHEMBL576667,,,2.87,,,,,,,,,,c1ccc2c(c1)-c1ncnn1Cc1cncn1-2
CHEMBL576864,,,0.2,,,,,,,,,,CNc1nc(NCc2ccc(NC(=O)c3ccc(C#N)cc3)cc2)c2ccccc2n1
CHEMBL576981,,,,4.79,89.99968684868875,,,,23.44,84.384,28.725490196078432,,
CHEMBL577,,,,,,,,39.0,,,,,
CHEMBL577072,,,1.4,,,,,,,,,,CNc1nc(NCc2ccc(NC(=O)c3ccc(Cl)nc3)cc2)c2cccc(C)c2n1
CHEMBL577470,,,0.0,,,,,,,,,,CC1(CC(=O)NCc2ccc(C(=O)O)cc2)CC2(CCCCC2)OO1
CHEMBL577512,,,0.0,,,,,,,,,,CNc1nc(NCc2ccc(NC(=O)c3ccc(Cl)cc3)cc2)c2ccc(C)cc2n1
CHEMBL577902,,,,,,,0.4827,,,,,,
CHEMBL578194,,,,5.470000000000001,89.99965554314886,,0.048799999999999955,,17.38,62.568,23.21460373998219,,
CHEMBL578201,,,,,,,0.17280000000000006,,,,,,
CHEMBL578211,,,,,,,,17.0,,,,,
CHEMBL578288,,,,,,,0.10299999999999998,,3.0,10.799999999999999,5.094339622641509,,
CHEMBL578387,,,15.0,,,,,,,,,,C[C@@H]1CN(C(=O)c2ccccc2)C[C@H](C)N1C(=O)C(=O)c1c[nH]c2cccc(F)c12
CHEMBL578547,,,57.0,,,,,,,,,,COC(=O)c1ccc(CNC(=O)CC2(C)CC3(CCCCC3)OO2)cc1
CHEMBL578578,,,62.0,,,,,,,,,,CC1(CC(=O)NCc2ccccc2N2CCCCC2)CC2(CCCCC2)OO1
CHEMBL578588,,,90.0,,,,,,,,,,CN(C)c1ccc(CNC(=O)CC2(C)CC3(CCCCC3)OO2)cc1
CHEMBL578594,,,97.0,,,,,,,,,,CSc1ccc(CNC(=O)CC2(C)CC3(CCCCC3)OO2)cc1
CHEMBL578675,,,,,,,0.2238,,,,,,
CHEMBL57895,,,,3.0,89.99950000277776,,,,,,,,
CHEMBL578968,,,74.0,,,,,,,,,,CCOc1ccccc1CNC(=O)CC1(C)CC2(CCCCC2)OO1
CHEMBL579016,,,18.0,,,,,,,,,,CC1(CC(=O)NCc2ccncc2)CC2(CCCCC2)OO1
CHEMBL579199,,,55.0,,,,,,,,,,COc1cc(CNC(=O)CC2(C)CC3(CCCCC3)OO2)cc(OC)c1
CHEMBL579200,,,54.0,,,,,,,,,,COc1cc(CNC(=O)CC2(C)CC3(CCCCC3)OO2)cc(OC)c1OC
CHEMBL579258,,,70.0,,,,,,,,,,CC1(CC(=O)NCc2ccc(-n3cccc3)cc2)CC2(CCCCC2)OO1
CHEMBL58,,,,,,,,53.0,,,,,
CHEMBL580,,,,10.975,89.99979273380487,,0.07200000000000006,17.0,7.94,28.584000000000003,12.333448394891269,,O=C1Nc2ccc(Cl)cc2C(c2ccccc2Cl)=NC1O
CHEMBL581,,,,,,,,9.4,,,,,
CHEMBL581893,,,,,,,0.21209999999999996,,,,,,
CHEMBL582044,,,4.8,,,,,,,,,,NC1=NC(c2ccccc2)(c2ccccc2)C2=NCCCN12
CHEMBL582392,,,0.0,,,,,,,,,,CCOC(=O)c1c(-c2ccc3c(c2)OCO3)[nH]c2cc(OC)ccc2c1=O
CHEMBL582809,,,1.2,,,,,,,,,,CNc1nc(NCc2ccc(NC(=O)c3ccc(-c4ccccc4)cc3)cc2)c2ccccc2n1
CHEMBL582995,,,0.29,,,,,,,,,,Cc1cc(CN2C(=O)C(C3=NS(=O)(=O)c4c(CNS(N)(=O)=O)cccc43)=C(O)[C@@H]2C(C)(C)C)ccc1F
CHEMBL583042,,,,10.695,89.99985363882442,,,,25.12,90.43199999999999,30.095846645367406,,
CHEMBL583050,,,0.0,,,,,,,,,,CNc1nc(NCc2ccc(NC(=O)c3ccc(F)cc3)cc2)c2ccc(C)cc2n1
CHEMBL583110,,,356.0,,,,,,,,,,CCN(C(=O)c1c(-c2ccccc2Cl)noc1C)c1cccc(Cl)c1
CHEMBL583242,,,0.3,,,,,,,,,,CNc1nc(NCc2ccc(NC(=O)c3ccc(Cl)nc3)cc2)c2ccc(C)cc2n1
CHEMBL583471,,,5.6,,,,,,,,,,CN(C)c1nc(NCc2ccc(NC(=O)c3ccc(F)cc3)cc2)c2ccc(C#N)cc2n1
CHEMBL583538,,,36.0,,,,,,,,,,CC1CN(C(=O)C(=O)c2c[nH]c3cccc(F)c23)CCN1C(=O)c1ccccc1
CHEMBL583544,,,0.0,,,,,,,,,,CN(C)c1nc(NCc2ccc(NC(=O)c3ccc(F)cc3)cc2)c2ccc(C=O)cc2n1
CHEMBL583867,,,15.0,,,,,,,,,,C[C@@H]1CN(C(=O)c2ccccc2)CCN1C(=O)C(=O)c1c[nH]c2cnccc12
CHEMBL584,,,177.0,,,,,,,,,,Cc1c(O)cccc1C(=O)N[C@@H](CSc1ccccc1)[C@H](O)CN1C[C@H]2CCCC[C@H]2C[C@H]1C(=O)NC(C)(C)C
CHEMBL584328,,,171.0,,,,,,,,,,CC(C)CC1CN(C(=O)c2ccccc2)CCN1C(=O)C(=O)c1c[nH]c2cccc(F)c12
CHEMBL584708,,,2.78,,,,,,,,,,C#Cc1ccc2c(c1)-c1nc(C)ncc1Cc1c(C(=O)OCC)ncn1-2
CHEMBL584735,,,2.6,,,,,,,,,,CNc1nc(NCc2ccc(NC(=O)c3ccc(F)cc3)cc2)c2c(C)cccc2n1
CHEMBL584886,,,69.0,,,,,,,,,,CC1(CC(=O)NCc2ccc3c(c2)OCC3)CC2(CCCCC2)OO1
CHEMBL584991,,,36.0,,,,,,,,,,Nc1nonc1/C(=N/O)Nc1ccc(F)c(Cl)c1
CHEMBL585,,,,,,,,4.3,,,,,
CHEMBL585143,,,0.1,,,,,,,,,,CC(O)c1ccc2c(NCc3ccc(NC(=O)c4ccc(F)cc4)cc3)nc(N(C)C)nc2c1
CHEMBL585152,,,73.0,,,,,,,,,,C[C@@H]1CN(C(=O)C(=O)c2c[nH]c3cccc(F)c23)C[C@H](C)N1C(=O)c1ccccc1
CHEMBL585186,,,39.0,,,,,,,,,,Nc1nonc1/C(=N/O)NCc1ccccc1
CHEMBL585191,,,56.0,,,,,,,,,,CC1(CC(=O)NCc2ccc3c(c2)OCCO3)CC2(CCCCC2)OO1
CHEMBL585384,,,1.8,,,,,,,,,,CC(C)(C)[C@H]1C(O)=C(C2=CS(=O)(=O)c3cc(NS(C)(=O)=O)ccc3N2)C(=O)N1Cc1ccccc1
CHEMBL585487,,,76.0,,,,,,,,,,C[C@@H]1CN(C(=O)c2ccccc2)CCN1C(=O)C(=O)c1c[nH]c2cccnc12
CHEMBL585498,,,19.0,,,,,,,,,,C[C@@H]1CN(C(=O)c2ccccc2)CCN1C(=O)C(=O)c1c[nH]c2ccncc12
CHEMBL585640,,,,150.0,89.9999900000011,,,,150.0,539.9999999999999,67.5,,
CHEMBL589163,,,5.3,,,,,,,,,,CN1C(=O)C(C2CCCCC2)(C2CCCCC2)N=C1N
CHEMBL589543,,,,,,,0.3599,,,,,,
CHEMBL589586,,,,,,,0.13950000000000007,,,,,,
CHEMBL589598,,,0.7,,,,,,,,,,COc1cc2c(cc1OC)C1CC(N)C(N3CCCC[S+]3[O-])CN1CC2
CHEMBL589908,,,6.5,,,,,,,,,,O=C(c1ccc(Cn2ccc3cccc(Cl)c32)cc1)N1CC[C@H](N2CCCC2)C1
CHEMBL589973,,,,3.0,89.99950000277776,,0.0020000000000000018,,3.0,10.799999999999999,5.094339622641509,,
CHEMBL59,,,0.0,,,,,,,,,,NCCc1ccc(O)c(O)c1
CHEMBL590086,,,0.5,,,,,,,,,,COc1cc2c(cc1OC)C1CC(N)C(N3CCC(C)CC3=O)CN1CC2
CHEMBL590326,,,0.6,,,,,,,,,,COc1cc2c(cc1OC)C1CC(N)C(N3CCCC3=O)CN1CC2
CHEMBL590329,,,1.1,,,,,,,,,,COc1cc2c(cc1OC)C1CC(N)C(N3CC(C)CCC3=O)CN1CC2
CHEMBL590330,,,0.0,,,,,,,,,,COc1cc2c(cc1OC)C1CC(N)C(N3CCOC3=O)CN1CC2
CHEMBL590582,,,2.6,,,,,,,,,,O=C(O)Cc1sc(C(c2ccccc2)c2ccccc2)nc1-c1ccc(Cl)cc1
CHEMBL590625,,,7.3,,,,,,,,,,O=C(c1ccc(Cn2ccc3ccc(Cl)cc32)cc1)N1CC[C@H](N2CCCC2)C1
CHEMBL590810,,,8.8,,,,,,,,,,N#Cc1ccc(NC(=O)NCc2cccc(C(=O)Nc3ccc4c(c3)CNCC4)c2)cc1
CHEMBL590812,,,0.2,,,,,,,,,,COc1cc2c(cc1OC)C1CC(N)C(N3CC(C)CC3=O)CN1CC2
CHEMBL590830,,,7.55,,,,,,,,,,Cc1ccoc1C(=O)Nc1cccc(C2(C3CCCCC3)N=C(N)N(C)C2=O)c1
CHEMBL591117,,,0.4,,,,,,,,,,COc1cc2c(cc1OC)[C@@H]1C[C@H](N)[C@@H](N3C[C@H](CF)CC3=O)CN1CC2
CHEMBL591118,,,0.13,,,,,,,,,,COc1cc2c(cc1OC)[C@@H]1C[C@H](N)[C@@H](N3C[C@@H](CF)CC3=O)CN1CC2
CHEMBL591266,,,1.0,,,,,,,,,,CN(C(=O)CCC(=O)CN)[C@@H](Cc1ccccc1)C(=O)N(C)[C@@H](Cc1ccccc1)C(=O)N(C)[C@@H](Cc1ccccc1)C(=O)N(C)[C@@H](Cc1ccccc1)C(N)=O
CHEMBL591290,,,0.6,,,,,,,,,,COc1cc2c(cc1OC)[C@@H]1C[C@H](N)[C@@H](N3C[C@@H](C)CC3=O)CN1CC2
CHEMBL591291,,,0.8,,,,,,,,,,COc1cc2c(cc1OC)[C@@H]1C[C@H](N)[C@@H](N3C[C@H](C)CC3=O)CN1CC2
CHEMBL591375,,,1.4,,,,,,,,,,CN(C(=O)C1CCCNC1)[C@@H](Cc1ccccc1)C(=O)N(C)[C@@H](Cc1ccccc1)C(=O)N(C)[C@@H](Cc1ccccc1)C(=O)N(C)[C@@H](Cc1ccccc1)C(N)=O
CHEMBL591718,,,0.0,,,,,,,,,,CC(=O)N1CCC[C@H]1C(=O)N1CCC[C@H]1C(=O)N1CCC[C@H]1C(=O)N1CCC[C@H]1C(N)=O
CHEMBL591867,,,0.4,,,,,,,,,,CN(C(=O)[C@H](CC1CCCCC1)NC(=O)CCCN)[C@@H](Cc1ccccc1)C(=O)N(C)[C@@H](Cc1ccccc1)C(=O)N(C)[C@@H](Cc1ccccc1)C(N)=O
CHEMBL591888,,,0.2,,,,,,,,,,CN(C(=O)[C@H](Cc1ccc2ccccc2c1)NC(=O)CCCN)[C@@H](Cc1ccccc1)C(=O)N(C)[C@@H](Cc1ccccc1)C(=O)N(C)[C@@H](Cc1ccccc1)C(N)=O
CHEMBL591892,,,1.2,,,,,,,,,,CN(C(=O)[C@H](CC1CCCCC1)NC(=O)C1CCCNC1)[C@@H](Cc1ccccc1)C(=O)N(C)[C@@H](Cc1ccccc1)C(=O)N(C)[C@@H](Cc1ccccc1)C(N)=O
CHEMBL591902,,,0.4,,,,,,,,,,CN(C(=O)CCCN)[C@@H](Cc1ccccc1)C(=O)N(C)[C@@H](Cc1ccccc1)C(=O)N(C)[C@@H](Cc1ccccc1)C(=O)N(C)[C@@H](Cc1ccccc1)C(N)=O
CHEMBL591903,,,1.1,,,,,,,,,,CN(C(=O)[C@H](Cc1ccc2ccccc2c1)NC(=O)C1CCCNC1)[C@@H](Cc1ccccc1)C(=O)N(C)[C@@H](Cc1ccccc1)C(=O)N(C)[C@@H](Cc1ccccc1)C(N)=O
CHEMBL591904,,,0.3,,,,,,,,,,CN(C(=O)[C@H](CC1CCCCC1)NC(=O)CCC(=O)CN)[C@@H](Cc1ccccc1)C(=O)N(C)[C@@H](Cc1ccccc1)C(=O)N(C)[C@@H](Cc1ccccc1)C(N)=O
CHEMBL591931,,,,,,,0.10089999999999999,,5.0,18.0,8.181818181818182,,
CHEMBL591998,,,1.0,,,,,,,,,,O=C(O)C(=O)Nc1sc2c(c1C(=O)O)CCN[C@H]2CNC(=O)c1cc2cc(F)ccc2[nH]1
CHEMBL592445,,,0.1,,,,,,,,,,CN(C)C1CCN(C(=O)c2ccc(NC(=O)Nc3ccc(-c4nc(N5CCOCC5)nc(N5CCOCC5)n4)cc3)cc2)CC1
CHEMBL592615,,,0.1,,,,,,,,,,CN(C)CCNC(=O)c1ccc(NC(=O)Nc2ccc(-c3nc(N4CCOCC4)nc(N4CCOCC4)n3)cc2)cc1
CHEMBL592649,,,200.0,,,,,,,,,,O=C(Cc1nnc(-c2cc(Cl)cc(C3CCN(CC(F)F)CC3)c2)o1)N1CCC(n2c(=O)[nH]c3ncccc32)CC1
CHEMBL592709,,,25.666666666666668,,,,,,,,,,COc1ccc(C(=O)NCc2cccc(C(=O)Nc3ccc(CN(C)C)cc3)c2)cc1Cl
CHEMBL592778,,,0.2,,,,,,,,,,COc1cc2c(cc1OC)[C@@H]1C[C@H](N)[C@@H](N3CCCCC3=O)CN1CC2
CHEMBL592779,,,0.2,,,,,,,,,,COc1cc2c(cc1OC)C1CC(N)C(N3CCCCC3=O)CN1CC2
CHEMBL593034,,,10.2,,,,,,,,,,O=C(O)c1ccc(Cn2nnc(-c3ccnc(C(=O)NCc4cccc(F)c4)c3)n2)cc1
CHEMBL593162,,,0.16,,,,,,,,,,Cc1c(Nc2c(C#N)cncc2/C=C/CCCN2CCNCC2)ccc2[nH]ccc12
CHEMBL593163,,,0.03,,,,,,,,,,Cc1c(Nc2c(C#N)cncc2/C=C/CN2CCC(N)CC2)ccc2[nH]ccc12
CHEMBL593205,,,26.4,,,,,,,,,,CCCCN1C(=O)[C@H](CC2CCCCC2)NC(=O)C12CCN(CCc1cccc(Oc3ccc(C(=O)O)cc3)c1)CC2.Cl
CHEMBL593256,,,5.7,,,,,,,,,,Cc1cc(-c2nnn(Cc3ccc(C(=O)O)cc3)n2)cc(C(=O)NCc2ccccc2)n1
CHEMBL59356,,,,3.0,89.99950000277776,,,,,,,,
CHEMBL593619,,,0.02,,,,,,,,,,Cc1c(Nc2c(C#N)cncc2/C=C/CN2CCNCC2)ccc2[nH]ccc12
CHEMBL593763,,,21.9,,,,,,,,,,CNCc1cc(=O)oc2cc(OCc3cccc(Cl)c3)ccc12.CS(=O)(=O)O
CHEMBL593883,,,0.04,,,,,,,,,,Cc1c(Nc2c(C#N)cncc2/C=C/CCN2CCC(N)CC2)ccc2[nH]ccc12
CHEMBL593890,,,0.02,,,,,,,,,,Cc1c(Nc2c(C#N)cncc2/C=C/CCN2CCC(O)CC2)ccc2[nH]ccc12
CHEMBL593983,,,0.0,,,,,,,,,,COc1cccc(Cn2nnc(-c3cccc(C(=O)NCc4ccc(C(=O)O)cc4)c3)n2)c1
CHEMBL594160,,,35.0,,,,,,,,,,COC(=O)N(C)c1cc2c(NCc3ccc(OC)c(Cl)c3)ncnc2c(CCO)c1OC
CHEMBL594671,,,,12.02,89.99987520815972,,0.007399999999999962,,,,,,
CHEMBL594684,,,,8.51,89.99982373712547,,,,3.0,10.799999999999999,5.094339622641509,,
CHEMBL595134,,,,,,,0.013900000000000023,,114.82,413.3519999999999,62.69748816891154,,
CHEMBL595521,,,0.86,,,,,,,,,,Cc1c(Nc2c(C#N)cncc2/C=C/CCN2CCN(C)CC2)ccc2[nH]ccc12
CHEMBL595724,,,0.07,,,,,,,,,,Cc1c(Nc2c(C#N)cncc2/C=C/CCN2CC[C@@H](O)C2)ccc2[nH]ccc12
CHEMBL595734,,,0.02,,,,,,,,,,Cc1c(Nc2c(C#N)cncc2/C=C/CCN2CCN(S(C)(=O)=O)CC2)ccc2[nH]ccc12
CHEMBL595986,,,0.13,,,,,,,,,,OC[C@H](Cc1c[nH]cn1)Nc1nccc(-c2ccc3ccccc3c2)n1
CHEMBL596,,,,,,,,3.0,,,,,CCC(=O)N(c1ccccc1)C1CCN(CCc2ccccc2)CC1
CHEMBL596008,,,,9.77,89.99984646904389,,,,,,,,
CHEMBL596056,,,10.1,,,,,,,,,,Cc1cc(-c2nnn(Cc3ccc(C(=O)O)cc3)n2)cc(C(=O)NCc2ccc(F)cc2)n1
CHEMBL596071,,,2.7,,,,,,,,,,Cc1cc(-c2nnn(Cc3ccc(C(=O)O)cc3)n2)cc(C(=O)NCc2ccc(F)c(F)c2)n1
CHEMBL596172,,,0.06,,,,,,,,,,Cc1c(Nc2c(C#N)cncc2/C=C/CCN2CC(N)C2)ccc2[nH]ccc12
CHEMBL596173,,,0.05,,,,,,,,,,Cc1c(Nc2c(C#N)cncc2/C=C/CCN2CCC(NS(=O)(=O)C(C)C)CC2)ccc2[nH]ccc12
CHEMBL596287,,,2.8,,,,,,,,,,COc1ccc(CNC(=O)c2cc(-c3nnn(Cc4ccc(C(=O)O)cc4)n3)cc(C)n2)cc1
CHEMBL596397,,,0.08,,,,,,,,,,Cc1c(Nc2c(C#N)cncc2/C=C/CCN2CCC(N(C)C)CC2)ccc2[nH]ccc12
CHEMBL596413,,,0.0,,,,,,,,,,Cc1c(Nc2c(C#N)cncc2/C=C/CN2CCN(C)CC2)ccc2[nH]ccc12
CHEMBL596494,,,0.0,,,,,,,,,,COc1cccc(CNC(=O)c2cccc(C(=O)NCc3ccc(C(=O)O)cc3)c2)c1
CHEMBL596597,,,1.4,,,,,,,,,,O=C(Nc1ccncc1)Nc1ccc(-c2nc(N3CCOCC3)nc(N3CCOCC3)n2)cc1
CHEMBL596790,,,0.7,,,,,,,,,,CCNC(=O)Nc1ccc(-c2nc(N3CCOCC3)nc(N3CCOCC3)n2)cc1
CHEMBL597004,,,0.2,,,,,,,,,,O=C(Nc1ccc(CO)cc1)Nc1ccc(-c2nc(N3CCOCC3)nc(N3CCOCC3)n2)cc1
CHEMBL597012,,,0.01,,,,,,,,,,O=C(Nc1ccc(-c2nc(N3CCOCC3)nc(N3CCOCC3)n2)cc1)NN1CCCCC1
CHEMBL597127,,,0.45,,,,,,,,,,COc1ccc(C(=O)NCc2cccc(C(=O)NCCC3CCCNC3)c2)cc1OC
CHEMBL597754,,,11.9,,,,,,,,,,CNC(=O)c1nn(C)c2c1CCc1cnc(NC3CCN(C(=O)C4CCN(S(C)(=O)=O)CC4)CC3)nc1-2
CHEMBL597814,,,5.6,,,,,,,,,,Cc1ccc(NC(=O)Nc2ccc(-c3nc(N4CCOCC4)nc(N4CCOCC4)n3)cc2)cc1
CHEMBL597815,,,0.0,,,,,,,,,,O=C(Nc1ccc(-c2nc(N3CCOCC3)nc(N3CCOCC3)n2)cc1)Nc1ccc(F)cc1F
CHEMBL597824,,,0.0,,,,,,,,,,O=C(Nc1ccc(C(=O)O)cc1)Nc1ccc(-c2nc(N3CCOCC3)nc(N3CCOCC3)n2)cc1
CHEMBL597879,,,44.650000000000006,,,,,,,,,,CN(C)C1CCN(C(=O)c2ccc(Cn3c(-c4ccccc4)nc4ccccc43)cc2)C1
CHEMBL598191,,,,,,,,,11.0,39.599999999999994,16.22950819672131,,
CHEMBL598336,,,14.8,,,,,,,,,,COc1ccc(C(=O)NCc2cccc(C(=O)NCCc3ccncc3)c2)cc1OC
CHEMBL598931,,,15.0,,,,,,,,,,COCCNCC(O)c1cc(C(F)(F)F)nc2c(C(F)(F)F)cccc12
CHEMBL598944,,,9.0,,,,,,,,,,COCCCNCC(O)c1cc(C(F)(F)F)nc2c(C(F)(F)F)cccc12
CHEMBL598979,,,0.3,,,,,,,,,,Cc1nc2ccccc2n1Cc1ccc(C(=O)N2CC[C@H](N3CCCC3)C2)cc1
CHEMBL599,,,13.0,,,,,18.0,,,,,Cc1cnc(NC(=O)C2=C(O)c3ccccc3S(=O)(=O)N2C)s1
CHEMBL599111,,,76.3,,,,,,,,,,COc1ccc(CCNc2nnc(Sc3ncc([N+](=O)[O-])s3)s2)cc1OC
CHEMBL599246,,,1.0,,,,,,,,,,O=C(Nc1ccc(F)cc1)Nc1ccc(-c2nc(N3CCOCC3)nc(N3CCOCC3)n2)cc1
CHEMBL599259,,,0.6,,,,,,,,,,COC(=O)c1ccc(NC(=O)Nc2ccc(-c3nc(N4CCOCC4)nc(N4CCOCC4)n3)cc2)cc1
CHEMBL599346,,,8.4,,,,,,,,,,OC(NC[C@]12CC[C@@H](C1)NC2)c1cc(C(F)(F)F)nc2c(C(F)(F)F)cccc12
CHEMBL599518,,,7.9,,,,,,,,,,CCC(C)Nc1nnc(Sc2ncc([N+](=O)[O-])s2)s1
CHEMBL599523,,,10.0,,,,,,,,,,OC(CNCCNCc1ccccc1)c1cc(C(F)(F)F)nc2c(C(F)(F)F)cccc12
CHEMBL599589,,,0.3,,,,,,,,,,O=C(c1ccc(Cn2cnc3ccccc32)cc1)N1CC[C@H](N2CCCC2)C1
CHEMBL599667,,,2.4,,,,,,,,,,O=C(Nc1ccc(-c2nc(N3CCOCC3)nc(N3CCOCC3)n2)cc1)Nc1cccs1
CHEMBL599668,,,0.5,,,,,,,,,,O=C(Nc1ccc(-c2nc(N3CCOCC3)nc(N3CCOCC3)n2)cc1)Nc1cccnc1
CHEMBL599791,,,14.466666666666667,,,,,,,,,,COc1ccc(C(=O)NCc2cccc(C(=O)Nc3ccc4c(c3)CN(C)CC4)c2)cc1OC
CHEMBL599792,,,12.3,,,,,,,,,,COc1ccc(C(=O)NCc2cccc(C(=O)Nc3ccc(CN(C)C)cc3)c2)cc1OC
CHEMBL599965,,,10.0,,,,,,,,,,CN1C(=O)C(c2ccccc2)(C2CCCCC2)N=C1N
CHEMBL6,,,1.6433333333333333,,,,,1.4,,,,,COc1ccc2c(c1)c(CC(=O)O)c(C)n2C(=O)c1ccc(Cl)cc1
CHEMBL600,,,,,,,,5.5,,,,,
CHEMBL600005,,,0.1,,,,,,,,,,O=C(O)c1ccc2c(C3CCCCC3)c(-c3ccccc3)n(CC(=O)N3CCC(N4CCCC4)CC3)c2c1
CHEMBL600045,,,0.1,,,,,,,,,,COc1cc2c(cc1OC)C1CC(N)C(N3CCCOC3=O)CN1CC2
CHEMBL600222,,,1.4,,,,,,,,,,O=C(O)c1ccc2c(C3CCCCC3)c(-c3ccoc3)n(CC(=O)N3CCC(N4CCCC4)CC3)c2c1
CHEMBL600250,,,7.8,,,,,,,,,,O=C(c1ccc(Cn2ccc3cc(Cl)ccc32)cc1)N1CC[C@H](N2CCCC2)C1
CHEMBL600613,,,0.2,,,,,,,,,,O=C(O)c1ccc2c(C3CCCCC3)c(-c3cccs3)n(CC(=O)N3CCC(N4CCCC4)CC3)c2c1
CHEMBL60066,,,,149.0,89.99998993288703,,0.4655,,3.0,10.799999999999999,5.094339622641509,,
CHEMBL600837,,,120.0,,,,,,,,,,O=C(Cc1nnc(-c2cc(Cl)cc(N3CCOCC3)c2)o1)N1CCC(n2c(=O)[nH]c3ncccc32)CC1
CHEMBL60088,,,,,,,,,4.0,14.399999999999999,6.666666666666665,,
CHEMBL601,,,0.0,,,,,,,,,,NCC(=O)CCC(=O)O
CHEMBL601030,,,6.5,,,,,,,,,,CCN1CCN(C(=O)Cn2c(-c3ccoc3)c(C3CCCCC3)c3ccc(C(=O)O)cc32)CC1
CHEMBL601031,,,7.0,,,,,,,,,,CC(C)N1CCN(C(=O)Cn2c(-c3ccoc3)c(C3CCCCC3)c3ccc(C(=O)O)cc32)CC1
CHEMBL601074,,,0.9,,,,,,,,,,CCC1CC(=O)N(C2CN3CCc4cc(OC)c(OC)cc4C3CC2N)C1
CHEMBL601639,,,3.0,,,,,,,,,,CN1CCN(c2cc(Cl)cc(-c3nnc(CC(=O)N4CCC(n5c(=O)[nH]c6ncccc65)CC4)o3)c2)CC1
CHEMBL601719,,,,,,,0.07840000000000003,,,,,,
CHEMBL601854,,,22.0,,,,,,,,,,CN1CCC(c2cc(Cl)cc(-c3nnc(CC(=O)N4CCC(n5c(=O)[nH]c6ncccc65)CC4)o3)c2)CC1
CHEMBL601857,,,3.0,,,,,,,,,,Cc1ncc(-c2cc(Cl)cc(-c3nnc(CC(=O)N4CCC(n5c(=O)[nH]c6ncccc65)CC4)o3)c2)n1C
CHEMBL601882,,,,,,,0.04180000000000006,,,,,,
CHEMBL601948,,,0.0,,,,,,,,,,CC(=O)N1CCC[C@H]1C(=O)N1CCC[C@H]1C(N)=O
CHEMBL602142,,,1.7,,,,,,,,,,CN1CCN(C(=O)Cn2c(-c3ccoc3)c(C3CCCCC3)c3ccc(C(=O)O)cc32)CC1
CHEMBL602180,,,,,,,0.06610000000000005,,,,,,
CHEMBL602475,,,185.0,,,,,,,,,,CN(C)CCOc1cc(Cl)cc(-c2nnc(CC(=O)N3CCC(N4CCc5ccccc5NC4=O)CC3)o2)c1
CHEMBL602515,,,8.3,,,,,,,,,,O=C(c1ccc(Cn2ccc3ccccc32)cc1)N1CC[C@H](N2CCCC2)C1
CHEMBL602560,,,0.0,,,,,,,,,,CC(=O)N1CCC[C@H]1C(=O)N1CCC[C@H]1C(=O)N1CCC[C@H]1C(=O)N1CCC[C@H]1C(=O)N1CCC[C@H]1C(=O)N1CCC[C@H]1C(N)=O
CHEMBL602680,,,2.0,,,,,,,,,,CC(C)CC(C)NCC(O)c1cc(C(F)(F)F)nc2c(C(F)(F)F)cccc12
CHEMBL602745,,,,72.44,89.99997929321293,,,,,,,,
CHEMBL602755,,,0.0,,,,,,,,,,CC(=O)N1CCC[C@H]1C(=O)N1CCC[C@H]1C(=O)N1CCC[C@H]1C(=O)N1CCC[C@H]1C(=O)N1CCC[C@H]1C(=O)N1CCC[C@H]1C(=O)N1CCC[C@H]1C(=O)N1CCC[C@H]1C(N)=O
CHEMBL602756,,,0.0,,,,,,,,,,CC(=O)N1CCC[C@H]1C(=O)N1CCC[C@H]1C(=O)N1CCC[C@H]1C(=O)N1CCC[C@H]1C(=O)N1CCC[C@H]1C(=O)N1CCC[C@H]1C(=O)N1CCC[C@H]1C(=O)N1CCC[C@H]1C(=O)N1CCC[C@H]1C(=O)N1CCC[C@H]1C(N)=O
CHEMBL602912,,,8.0,,,,,,,,,,CCCCNCC(O)c1cc(C(F)(F)F)nc2c(C(F)(F)F)cccc12
CHEMBL603217,,,0.07,,,,,,,,,,Cc1c(Nc2c(C#N)cncc2/C=C/CCCN2CCN(C)CC2)ccc2[nH]ccc12
CHEMBL603418,,,0.11,,,,,,,,,,Cc1c(Nc2c(C#N)cncc2/C=C/CCN2CCNCC2)ccc2[nH]ccc12
CHEMBL603488,,,25.0,,,,,,,,,,CNCC(O)c1cc(C(F)(F)F)nc2c(C(F)(F)F)cccc12
CHEMBL603584,,,,,,,0.6454,,,,,,
CHEMBL603623,,,0.0,,,,,,,,,,COc1ccc(Cn2nnc(-c3cccc(C(=O)NCc4ccc(C(=O)O)cc4)c3)n2)cc1
CHEMBL603668,,,48.0,,,,,,,,,,COc1cc(C(=O)Nc2nonc2NCc2ccc(-c3cc(Cl)cc(F)c3-c3noc(C)n3)cc2F)on1
CHEMBL604085,,,0.43333333333333335,,,,,,,,,,COc1ccc(C(=O)NCc2cccc(C(=O)NCCC3CCNCC3)c2)cc1OC
CHEMBL604087,,,4.5,,,,,,,,,,COc1ccc(C(=O)NCc2cccc(C(=O)Nc3ccc4c(c3)CNCC4)c2)cc1OC
CHEMBL604102,,,0.19,,,,,,,,,,N[C@@H]1CCN(c2ccc3[nH]nc(S(=O)(=O)c4cccc5ccccc45)c3c2)C1
CHEMBL604126,,,,,,,0.0006000000000000449,,,,,,
CHEMBL604249,,,19.900000000000002,,,,,,,,,,COc1ccc(C(=O)NCc2cccc(C(=O)Nc3ccc(CN(C)C)cc3)c2)cc1C
CHEMBL604271,,,17.0,,,,,,,,,,CCC(=O)N(C)c1cc2c(NCc3ccc(OC)c(Cl)c3)ncnc2c(CCO)c1OC
CHEMBL604303,,,0.0,,,,,,,,,,O=C(Nc1ccc(Cl)cc1)Nc1ccc(-c2nc(N3CCOCC3)nc(N3CCOCC3)n2)cc1
CHEMBL604710,,,,,,,0.0009999999999998899,,,,,,
CHEMBL604753,,,3.0,,,,,,,,,,CC1C(NCC(O)c2cc(C(F)(F)F)nc3c(C(F)(F)F)cccc23)CC2CC1C2(C)C
CHEMBL604798,,,18.0,,,,,,,,,,Cc1ccc2oc(N3CCN4CCC3CC4)nc2n1
CHEMBL604908,,,0.2,,,,,,,,,,O=C(Nc1ccccc1)Nc1ccc(-c2nc(N3CCOCC3)nc(N3CCOCC3)n2)cc1
CHEMBL604945,,,0.2,,,,,,,,,,CN1CCC(N(C)C(=O)Cn2c(-c3ccoc3)c(C3CCCCC3)c3ccc(C(=O)O)cc32)CC1
CHEMBL605121,,,0.0,,,,,,,,,,O=C(Nc1ccc(CCO)cc1)Nc1ccc(-c2nc(N3CCOCC3)nc(N3CCOCC3)n2)cc1
CHEMBL605148,,,0.0,,,,,,,,,,COc1ccc(C(c2ccccc2)c2nc(-c3ccc(F)cc3)c(CC(=O)O)s2)cc1
CHEMBL605285,,,1.2,,,,,,,,,,COc1cc2c(cc1OC)C1CC(N)C(N3CCC[S+]3[O-])CN1CC2
CHEMBL605360,,,8.9,,,,,,,,,,COc1ccc(C(=O)NCc2cccc(C(=O)Nc3ccc(CO)cc3)c2)cc1OC
CHEMBL60542,,,,,,,,2.5,,,,,
CHEMBL605579,,,12.0,,,,,,,,,,CN(C)CCOc1cc(Cl)cc(-c2nnc(CC(=O)N3CCC(n4c(=O)[nH]c5ncccc54)CC3)o2)c1
CHEMBL605742,,,9.7,,,,,,,,,,COc1cccc(CNC(=O)c2cc(-c3nnn(Cc4ccc(C(=O)O)cc4)n3)cc(C)n2)c1
CHEMBL605846,,,,14.0,89.99989285727041,,0.40890000000000004,,14.0,50.4,19.6875,,
CHEMBL606052,,,,,,,0.013000000000000012,,,,,,
CHEMBL606133,,,0.01,,,,,,,,,,Cc1c(Nc2c(C#N)cncc2/C=C/CCN2CCCNCC2)ccc2[nH]ccc12
CHEMBL606148,,,0.06,,,,,,,,,,Cc1c(Nc2c(C#N)cncc2/C=C/CCN2CC[C@H](N)C2)ccc2[nH]ccc12
CHEMBL606202,,,5.2,,,,,,,,,,O=C(O)c1ccc2c(C3CCCCC3)c(-c3ccoc3)n(CC(=O)N3CCOCC3)c2c1
CHEMBL607,,,,,,,,7.9,,,,,CCOC(=O)C1(c2ccccc2)CCN(C)CC1
CHEMBL60745,,,,,,,,1.8,,,,,
CHEMBL608806,,,,,,,,1.5,,,,,
CHEMBL608839,,,0.18,,,,,,,,,,CCN(CC)CC.Cc1ccccc1-c1cn(-c2nc(N)c3ncn([C@@H]4O[C@H](COS(=O)(=O)NC(=O)c5ccccc5O)[C@@H](O)[C@H]4O)c3n2)nn1
CHEMBL608842,,,0.84,,,,,,,,,,CCN(CC)CC.Cc1cccc(-c2cn(-c3nc(N)c4ncn([C@@H]5O[C@H](COS(=O)(=O)NC(=O)c6ccccc6O)[C@@H](O)[C@H]5O)c4n3)nn2)c1
CHEMBL608843,,,0.01,,,,,,,,,,CC(C)Cc1cn(-c2nc(N)c3ncn([C@@H]4O[C@H](COS(=O)(=O)NC(=O)c5ccccc5O)[C@@H](O)[C@H]4O)c3n2)nn1.CCN(CC)CC
CHEMBL609039,,,30.0,,,,,,,,,,CCCNc1nnc(Sc2ncc([N+](=O)[O-])s2)s1
CHEMBL609100,,,0.01,,,,,,,,,,CCN(CC)CC.Nc1nc(-n2cc(-c3ccncc3)nn2)nc2c1ncn2[C@@H]1O[C@H](COS(=O)(=O)NC(=O)c2ccccc2O)[C@@H](O)[C@H]1O
CHEMBL609101,,,0.03,,,,,,,,,,CCN(CC)CC.Nc1ccccc1-c1cn(-c2nc(N)c3ncn([C@@H]4O[C@H](COS(=O)(=O)NC(=O)c5ccccc5O)[C@@H](O)[C@H]4O)c3n2)nn1
CHEMBL609105,,,0.01,,,,,,,,,,CCN(CC)CC.Nc1nc(-n2cc(C3CCCC3)nn2)nc2c1ncn2[C@@H]1O[C@H](COS(=O)(=O)NC(=O)c2ccccc2O)[C@@H](O)[C@H]1O
CHEMBL609330,,,17.0,,,,,,,,,,CSCCCNCC(O)c1cc(C(F)(F)F)nc2c(C(F)(F)F)cccc12
CHEMBL609757,,,220.0,,,,,,,,,,Cc1ccc(-c2cc(Cl)cc(-c3nnc(CC(=O)N4CCC(n5c(=O)[nH]c6ncccc65)CC4)o3)c2)cn1
CHEMBL610062,,,5.0,,,,,,,,,,CCN1CCC(c2cc(Cl)cc(-c3nnc(CC(=O)N4CCC(n5c(=O)[nH]c6ncccc65)CC4)o3)c2)CC1
CHEMBL611,,,,,,,0.20450000000000002,9.0,,,,,
CHEMBL611079,,,49.8,,,,,,,,,,COCCNc1nnc(Sc2ncc([N+](=O)[O-])s2)s1
CHEMBL611631,,,3.6,,,,,,,,,,Cc1cc(S(=O)(=O)NC(=O)Nc2ncc(Br)s2)ccc1-c1ccc(F)nc1
CHEMBL611766,,,0.39,,,,,,,,,,CCN(CC)CC.Nc1nc(-n2cc(C3CCCCC3)nn2)nc2c1ncn2[C@@H]1O[C@H](COS(=O)(=O)NC(=O)c2ccccc2O)[C@@H](O)[C@H]1O
CHEMBL611767,,,0.01,,,,,,,,,,CC(C)(C)c1cn(-c2nc(N)c3ncn([C@@H]4O[C@H](COS(=O)(=O)NC(=O)c5ccccc5O)[C@@H](O)[C@H]4O)c3n2)nn1.CCN(CC)CC
CHEMBL611772,,,2.07,,,,,,,,,,CCCCCCc1cn(-c2nc(N)c3ncn([C@@H]4O[C@H](COS(=O)(=O)NC(=O)c5ccccc5O)[C@@H](O)[C@H]4O)c3n2)nn1.CCN(CC)CC
CHEMBL611774,,,0.01,,,,,,,,,,CCN(CC)CC.Nc1nc(-n2cc(CO)nn2)nc2c1ncn2[C@@H]1O[C@H](COS(=O)(=O)NC(=O)c2ccccc2O)[C@@H](O)[C@H]1O
CHEMBL611775,,,0.01,,,,,,,,,,CCN(CC)CC.Nc1cccc(-c2cn(-c3nc(N)c4ncn([C@@H]5O[C@H](COS(=O)(=O)NC(=O)c6ccccc6O)[C@@H](O)[C@H]5O)c4n3)nn2)c1
CHEMBL611780,,,0.46,,,,,,,,,,CCN(CC)CC.Nc1nc(-n2cc(-c3cccnc3)nn2)nc2c1ncn2[C@@H]1O[C@H](COS(=O)(=O)NC(=O)c2ccccc2O)[C@@H](O)[C@H]1O
CHEMBL611782,,,0.01,,,,,,,,,,CCN(CC)CC.Nc1nc(-n2cc(-c3ccc(O)cc3)nn2)nc2c1ncn2[C@@H]1O[C@H](COS(=O)(=O)NC(=O)c2ccccc2O)[C@@H](O)[C@H]1O
CHEMBL611783,,,0.12,,,,,,,,,,CCN(CC)CC.Nc1nc(-n2cc(-c3ccccn3)nn2)nc2c1ncn2[C@@H]1O[C@H](COS(=O)(=O)NC(=O)c2ccccc2O)[C@@H](O)[C@H]1O
CHEMBL611784,,,0.01,,,,,,,,,,CCCCCc1cn(-c2nc(N)c3ncn([C@@H]4O[C@H](COS(=O)(=O)NC(=O)c5ccccc5O)[C@@H](O)[C@H]4O)c3n2)nn1.CCN(CC)CC
CHEMBL611785,,,1.03,,,,,,,,,,CCN(CC)CC.Cc1ccc(-c2cn(-c3nc(N)c4ncn([C@@H]5O[C@H](COS(=O)(=O)NC(=O)c6ccccc6O)[C@@H](O)[C@H]5O)c4n3)nn2)cc1
CHEMBL612037,,,1.61,,,,,,,,,,CCCCCCCCc1cn(-c2nc(N)c3ncn([C@@H]4O[C@H](COS(=O)(=O)NC(=O)c5ccccc5O)[C@@H](O)[C@H]4O)c3n2)nn1.CCN(CC)CC
CHEMBL612040,,,0.12,,,,,,,,,,CCN(CC)CC.Nc1nc(-n2cc(-c3ccccc3O)nn2)nc2c1ncn2[C@@H]1O[C@H](COS(=O)(=O)NC(=O)c2ccccc2O)[C@@H](O)[C@H]1O
CHEMBL612041,,,0.33,,,,,,,,,,CCN(CC)CC.Nc1ccc(-c2cn(-c3nc(N)c4ncn([C@@H]5O[C@H](COS(=O)(=O)NC(=O)c6ccccc6O)[C@@H](O)[C@H]5O)c4n3)nn2)cc1
CHEMBL612042,,,0.03,,,,,,,,,,CCCCCCCCCCc1cn(-c2nc(N)c3ncn([C@@H]4O[C@H](COS(=O)(=O)NC(=O)c5ccccc5O)[C@@H](O)[C@H]4O)c3n2)nn1.CCN(CC)CC
CHEMBL612044,,,0.05,,,,,,,,,,CCCCCCCCCCCCc1cn(-c2nc(N)c3ncn([C@@H]4O[C@H](COS(=O)(=O)NC(=O)c5ccccc5O)[C@@H](O)[C@H]4O)c3n2)nn1.CCN(CC)CC
CHEMBL612048,,,0.01,,,,,,,,,,CCN(CC)CC.Nc1nc(-n2cc(C3CC3)nn2)nc2c1ncn2[C@@H]1O[C@H](COS(=O)(=O)NC(=O)c2ccccc2O)[C@@H](O)[C@H]1O
CHEMBL612049,,,2.65,,,,,,,,,,CCCCCCCc1cn(-c2nc(N)c3ncn([C@@H]4O[C@H](COS(=O)(=O)NC(=O)c5ccccc5O)[C@@H](O)[C@H]4O)c3n2)nn1.CCN(CC)CC
CHEMBL612052,,,0.09,,,,,,,,,,CCN(CC)CC.Nc1nc(-n2cc(-c3cccc(O)c3)nn2)nc2c1ncn2[C@@H]1O[C@H](COS(=O)(=O)NC(=O)c2ccccc2O)[C@@H](O)[C@H]1O
CHEMBL615,,,,,,,,0.84,,,,,
CHEMBL617,,,,,,,,0.95,,,,,
CHEMBL61780,,,,,,,,3.8,,,,,
CHEMBL62,,,,,,,0.08010000000000006,,,,,,
CHEMBL621,,,,,,,0.030000000000000027,7.3,,,,,O=c1n(CCCN2CCN(c3cccc(Cl)c3)CC2)nc2ccccn12
CHEMBL62136,,,,9.75,89.99980725713534,,0.0043999999999999595,,3.0,10.799999999999999,5.094339622641509,,
CHEMBL622,,,,12.88,89.99988354052337,,,,,,,,
CHEMBL623,,,,,,,,1.2,,,,,CCc1nn(CCCN2CCN(c3cccc(Cl)c3)CC2)c(=O)n1CCOc1ccccc1
CHEMBL6273,,,,,,,,8.6,,,,,
CHEMBL628,,,,,,,,1.2,,,,,CC(=O)CCCCn1c(=O)c2c(ncn2C)n(C)c1=O
CHEMBL629,,,,,,,,17.0,,,,,CN(C)CCC=C1c2ccccc2CCc2ccccc21
CHEMBL63,,,,,,,0.17280000000000006,,,,,,
CHEMBL631,,,,38.02,89.99996054709777,,0.07050000000000001,2.1,,,,,CCCNCC(O)COc1ccccc1C(=O)CCc1ccccc1
CHEMBL632,,,,,,,,5.6,,,,,C[C@H]1C[C@H]2[C@@H]3CCC4=CC(=O)C=C[C@]4(C)[C@@]3(F)[C@@H](O)C[C@]2(C)[C@@]1(O)C(=O)CO
CHEMBL633,,,,11.0,89.99986363657025,,,820.0,27.0,97.2,31.558441558441558,,CCCCc1oc2ccccc2c1C(=O)c1cc(I)c(OCCN(CC)CC)c(I)c1
CHEMBL634,,,,,,,,1.6,,,,,CCC(=O)N(c1ccccc1)C1(COC)CCN(CCn2nnn(CC)c2=O)CC1
CHEMBL635,,,,,,,,2.9,,,,,C[C@]12C=CC(=O)C=C1CC[C@@H]1[C@@H]2C(=O)C[C@@]2(C)[C@H]1CC[C@]2(O)C(=O)CO
CHEMBL636,,,,,,,,1.4,,,,,CCN(C)C(=O)Oc1cccc([C@H](C)N(C)C)c1
CHEMBL637,,,,,,,0.8136,5.0,,,,,COc1ccc(C(CN(C)C)C2(O)CCCCC2)cc1
CHEMBL638,,,,,,,0.5345,5.6,,,,,C[C@@H](c1ncncc1F)[C@](O)(Cn1cncn1)c1ccc(F)cc1F
CHEMBL639,,,,,,,,22.0,,,,,CN1CCCC(n2nc(Cc3ccc(Cl)cc3)c3ccccc3c2=O)CC1
CHEMBL64,,,,,,,,1.0,,,,,
CHEMBL640,,,,,,,,3.1,,,,,CCN(CC)CCNC(=O)c1ccc(N)cc1
CHEMBL641,,,,,,,,5.2,,,,,CNCC[C@@H](Oc1ccccc1C)c1ccccc1
CHEMBL642,,,,6.92,89.99978323751628,,,3.5,3.0,10.799999999999999,5.094339622641509,,CCCC(=O)Nc1ccc(OCC(O)CNC(C)C)c(C(C)=O)c1
CHEMBL643,,,,,,,,14.0,,,,,CC(CN1c2ccccc2Sc2ccccc21)N(C)C
CHEMBL64360,,,,,,,,2.2,,,,,
CHEMBL64391,,,,,,,,25.0,,,,,CCC(C)n1ncn(-c2ccc(N3CCN(c4ccc(OCC5COC(Cn6cncn6)(c6ccc(Cl)cc6Cl)O5)cc4)CC3)cc2)c1=O
CHEMBL644,,,,,,,0.06900000000000006,23.0,,,,,CC(CN(C)C)CN1c2ccccc2CCc2ccccc21
CHEMBL645,,,,25.12,89.99994028666383,,,10.0,,,,,CC(C)NCC(O)COc1ccc(COCCOC(C)C)cc1
CHEMBL646,,,,150.0,89.9999900000011,,0.1452,2.7,,,,,Cc1nnc2n1-c1ccc(Cl)cc1C(c1ccccc1Cl)=NC2
CHEMBL649,,,,,,,,9.2,,,,,
CHEMBL650,,,,79.56,89.99991276330873,,0.20079999999999998,2.3,,,,,C[C@H]1C[C@@H]2[C@H]([C@@H](O)C[C@@]3(C)[C@H]2CC[C@]3(O)C(=O)CO)[C@@]2(C)C=CC(=O)C=C12
CHEMBL651,,,,,,,,31.0,,,,,CCC(=O)C(CC(C)N(C)C)(c1ccccc1)c1ccccc1
CHEMBL652,,,,3.0,89.99950000277776,,0.6186,12.0,3.0,10.799999999999999,5.094339622641509,,O=C(NCC1CCCCN1)c1cc(OCC(F)(F)F)ccc1OCC(F)(F)F
CHEMBL654,,,,,,,,15.0,,,,,CN1CCN2c3ncccc3Cc3ccccc3C2C1
CHEMBL655,,,,76.68,89.99997062490425,,0.01749999999999996,3.1,,,,,Cc1ncc2n1-c1ccc(Cl)cc1C(c1ccccc1F)=NC2
CHEMBL656,,,,,,,,5.5,,,,,COc1ccc2c3c1O[C@H]1C(=O)CC[C@@]4(O)[C@@H](C2)N(C)CC[C@]314
CHEMBL65693,,,,,,,0.005499999999999949,,,,,,
CHEMBL657,,,,,,,,9.3,,,,,CN(C)CCOC(c1ccccc1)c1ccccc1
CHEMBL65794,,,,,,,,1.7,,,,,
CHEMBL658,,,,,,,,14.0,,,,,CCC(=O)N(c1ccccc1)C1(COC)CCN(CCc2cccs2)CC1
CHEMBL659,,,,,,,,5.3,,,,,COc1ccc2c3c1O[C@H]1C[C@@H](O)C=C[C@@]31CCN(C)C2
CHEMBL660,,,,,,,,16.0,,,,,NC12CC3CC(CC(C3)C1)C2
CHEMBL66089,,,,,,,0.03430000000000011,,7.59,27.323999999999995,11.861434276784163,,
CHEMBL661,,,,23.319999999999997,89.99979397771293,,0.2895,12.0,,,,,Cc1nnc2n1-c1ccc(Cl)cc1C(c1ccccc1)=NC2
CHEMBL6622,,,,,,,,1.69,,,,,
CHEMBL666,,,,,,,,4.7,,,,,
CHEMBL669,,,,,,,0.07840000000000003,,4.07,14.652,6.774551507305344,,
CHEMBL671,,,,,,,,2.7,,,,,
CHEMBL672,,,,54.0,89.9999722222308,,,,,,,,
CHEMBL674,,,,,,,,1.8,,,,,
CHEMBL67929,,,1.53,,,,,,,,,,N[C@@H](C(=O)N1CCC[C@H]1C(=O)N[C@H](Cc1ccc(O)c(O)c1)C(=O)O)c1ccc(O)cc1
CHEMBL681,,,,,,,,3.5,,,,,
CHEMBL682,,,,32.36,89.99995364650101,,,,150.0,539.9999999999999,67.5,,
CHEMBL685,,,,,,,,1.1,,,,,
CHEMBL686,,,,,,,,,9.0,32.400000000000006,13.728813559322036,,
CHEMBL687,,,0.0129,,,,,,,,,,CC(=O)Nc1ccc(S(N)(=O)=O)cc1
CHEMBL689,,,4.8100000960000004,,,,,,,,,,OC[C@@H](O)[C@@H](O)[C@H](O)[C@H](O)CO
CHEMBL691,,,,,,,,9.7,,,,,
CHEMBL6966,,,25.616666666666664,65.505,89.99996432026927,,0.10730000000000006,2.8,127.7,459.71999999999997,64.67642093415868,,COc1ccc(CCN(C)CCCC(C#N)(c2ccc(OC)c(OC)c2)C(C)C)cc1OC
CHEMBL70,,,,,,,0.7917000000000001,2.0,,,,,CN1CC[C@]23c4c5ccc(O)c4O[C@H]2[C@@H](O)C=C[C@H]3[C@H]1C5
CHEMBL700,,,,,,,,,3.0,10.799999999999999,5.094339622641509,,
CHEMBL702,,,,,,,,0.96,,,,,
CHEMBL704,,,0.9,,,,,0.61,,,,,Nc1ccc(O)c(C(=O)O)c1
CHEMBL707,,,,,,,,10.0,,,,,
CHEMBL708,,,,,,,0.0009999999999998899,3.1,,,,,
CHEMBL709,,,,,,,,4.8,,,,,
CHEMBL70972,,,,85.0,89.99998235294464,,,,3.0,10.799999999999999,5.094339622641509,,
CHEMBL71,,,8.2,82.225,89.99994309694623,,0.013599999999999945,11.0,37.15,133.73999999999998,38.36488812392426,,CN(C)CCCN1c2ccccc2Sc2ccc(Cl)cc21
CHEMBL710,,,,,,,,6.0,,,,,
CHEMBL714,,,,12.0,89.99987500017362,,0.7721,2.4,3.0,10.799999999999999,5.094339622641509,,
CHEMBL715,,,,,,,0.10730000000000006,,,,,,
CHEMBL72,,,17.88,78.46,89.9998866187587,,0.1481,22.0,10.47,37.692,15.582933686125353,,CNCCCN1c2ccccc2CCc2ccccc21
CHEMBL72292,,,,,,,0.03579999999999994,,,,,,
CHEMBL723,,,,26.3,89.9999429658156,,,2.4,41.69,150.084,40.92158359690261,,
CHEMBL726,,,,,,,0.011900000000000022,,,,,,
CHEMBL728,,,,,,,,9.0,,,,,
CHEMBL7301,,,,,,,0.0019000000000000128,,,,,,
CHEMBL73048,,,,,,,0.3923,,,,,,
CHEMBL73135,,,1e-05,,,,,,,,,,NC(=O)N(O)CCC#Cc1ccc(CN2CCN([C@H](c3ccccc3)c3ccc(Cl)cc3)CC2)o1
CHEMBL741,,,0.0129,,,,0.4427,,,,,,Nc1nnc(-c2cccc(Cl)c2Cl)c(N)n1
CHEMBL7413,,,,,,,,1.6,,,,,
CHEMBL742,,,,,,,0.5799000000000001,2.8,,,,,
CHEMBL74355,,,,,,,0.6506000000000001,,,,,,
CHEMBL744,,,,,,,0.02870000000000006,,,,,,
CHEMBL74632,,,,,,,,2.9,,,,,
CHEMBL748,,,10.0,,,,,,,,,,C[n+]1ccccc1/C=N/O.[Cl-]
CHEMBL750,,,0.0129,,,,,,,,,,NS(=O)(=O)Cc1noc2ccccc12
CHEMBL75435,,,,21.0,89.99992857148526,,,,3.0,10.799999999999999,5.094339622641509,,
CHEMBL75474,,,,34.67,89.99995673495013,,,,,,,,
CHEMBL7568,,,,,,,0.11409999999999998,120.0,,,,,CCN(CC)CCCC(C)Nc1c2ccc(Cl)cc2nc2ccc(OC)cc12
CHEMBL75753,,,,,,,,7.7,,,,,
CHEMBL75880,,,,,,,0.015600000000000058,,,,,,
CHEMBL76,,,,,,,,570.0,,,,,
CHEMBL76370,,,11.0,,,,,11.0,,,,,CCCCCNC(=N)N/N=C/c1c[nH]c2ccc(OC)cc12
CHEMBL766,,,,,,,,0.86,,,,,
CHEMBL7662,,,,,,,0.0017000000000000348,,,,,,
CHEMBL768,,,,,,,,0.15,,,,,
CHEMBL77131,,,,49.224999999999994,89.99996624775872,,,,,,,,
CHEMBL7728,,,,,,,,4.9,,,,,
CHEMBL777,,,,,,,,0.9,,,,,
CHEMBL778,,,,,,,,2.2,,,,,
CHEMBL782,,,,6.46,89.99976767719818,,0.019100000000000006,7.0,6.31,22.716,10.08524240809803,,
CHEMBL783,,,,,,,,1.5,,,,,
CHEMBL78628,,,,3.0,89.99950000277776,,0.8737,,,,,,
CHEMBL787,,,,28.825,89.99992924651119,,0.0004999999999999449,5.0,30.0,107.99999999999999,33.74999999999999,,
CHEMBL79,,,,,,,,1.6,,,,,CCN(CC)CC(=O)Nc1c(C)cccc1C
CHEMBL796,,,,,,,,4.8,,,,,
CHEMBL8,,,2.8,4.17,89.99964028920748,,0.6557999999999999,3.8,,,,,O=C(O)c1cn(C2CC2)c2cc(N3CCNCC3)c(F)cc2c1=O
CHEMBL80,,,,,,,,1.1,,,,,C=CCN1CC[C@]23c4c5ccc(O)c4O[C@H]2C(=O)CC[C@@]3(O)[C@H]1C5
CHEMBL8088,,,,,,,0.3599,,,,,,
CHEMBL809,,,14.5,,,,0.014599999999999946,,,,,,CN[C@H]1CC[C@@H](c2ccc(Cl)c(Cl)c2)c2ccccc21
CHEMBL81,,,,30.0,89.99995000002778,,0.0050000000000000044,,21.0,75.6,26.619718309859152,,O=C(c1ccc(OCCN2CCCCC2)cc1)c1c(-c2ccc(O)cc2)sc2cc(O)ccc12
CHEMBL810,,,,,,,,1.5,,,,,
CHEMBL813,,,,,,,,2.1,,,,,
CHEMBL81324,,,,,,,0.05810000000000004,,,,,,
CHEMBL814,,,,,,,0.24450000000000005,,,,,,
CHEMBL819,,,,,,,,0.7,,,,,
CHEMBL81945,,,,61.66,89.99997567305232,,,,,,,,
CHEMBL820,,,,,,,,3.4,,,,,
CHEMBL8232,,,,,,,,,3.0,10.799999999999999,5.094339622641509,,
CHEMBL826,,,3.4499999999999997,,,,0.6557999999999999,5.1,,,,,CCn1cc(C(=O)O)c(=O)c2cc(F)c(N3CCNCC3)nc21
CHEMBL8260,,,2.8145,,,,,,,,,,O=c1cc(-c2ccccc2)oc2cc(O)c(O)c(O)c12
CHEMBL82663,,,,66.75,89.99997411119136,,0.05559999999999998,,111.0,399.6,62.04968944099379,,
CHEMBL83063,,,,,,,,2.6,,,,,
CHEMBL832,,,,,,,0.006900000000000017,6.2,,,,,
CHEMBL833,,,,103.115,89.99998166192874,,,,35.0,125.99999999999997,37.05882352941176,,
CHEMBL834,,,4.5e-08,,,,,32.0,,,,,NCCC(O)(P(=O)(O)O)P(=O)(O)O
CHEMBL83597,,,,,,,0.13680000000000003,,,,,,
CHEMBL836,,,,,,,,6.8,,,,,
CHEMBL837,,,,23.99,89.99993747399091,,0.07680000000000009,,25.12,90.43199999999999,30.095846645367406,,
CHEMBL838,,,17.0,,,,,,,,,,CCOC(=O)[C@H](CCc1ccccc1)N[C@H]1CCc2ccccc2N(CC(=O)O)C1=O
CHEMBL84,,,,3.24,89.99953703941853,,,2.3,,,,,
CHEMBL841,,,,52.5,89.99993742855685,,0.0736,,45.71,164.55599999999998,42.98296938668896,,
CHEMBL85,,,,,,,0.15400000000000003,3.2,,,,,Cc1nc2n(c(=O)c1CCN1CCC(c3noc4cc(F)ccc34)CC1)CCCC2
CHEMBL850,,,42.0,,,,,20.0,,,,,C[C@@H]1CN(c2c(F)c(N)c3c(=O)c(C(=O)O)cn(C4CC4)c3c2F)C[C@H](C)N1
CHEMBL852,,,84.0,,,,,1.0,,,,,N[C@@H](Cc1ccc(N(CCCl)CCCl)cc1)C(=O)O
CHEMBL853,,,,,,,,1.2,,,,,
CHEMBL855,,,,84.0,89.99998214286069,,0.6454,,8.0,28.799999999999997,12.413793103448272,,
CHEMBL86,,,,,,,0.7010000000000001,7.2,,,,,CCN(CC)CCNC(=O)c1cc(Cl)c(N)cc1OC
CHEMBL860,,,,,,,0.21209999999999996,,,,,,
CHEMBL862,,,,,,,,15.0,,,,,
CHEMBL86247,,,0.1,,,,,,,,,,CCc1nc2c(C)cc(C)nc2n1Cc1ccc(-c2c(-c3nn[nH]n3)cnc3ccccc23)cc1
CHEMBL86276,,,,,,,,,9.0,32.400000000000006,13.728813559322036,,
CHEMBL86304,,,,,,,,1.5,,,,,
CHEMBL865,,,,,,,0.024500000000000077,,,,,,
CHEMBL866,,,,14.79,89.99989858023599,,0.015999999999999903,,,,,,
CHEMBL86715,,,,,,,,12.0,,,,,
CHEMBL86882,,,,,,,,2.2,,,,,
CHEMBL86932,,,0.029,,,,,,,,,,CCN(CC)CCN(Cc1ccc(-c2ccc(Cl)cc2)cc1)C(=O)Cn1cc(Cc2cnn(C)c2)c(=O)nc1SCc1ccc(F)cc1
CHEMBL87,,,,,,,0.6712,,,,,,
CHEMBL870,,,6e-08,,,,,,,,,,NCCCC(O)(P(=O)(O)O)P(=O)(O)O
CHEMBL87045,,,,,,,,7.3,,,,,
CHEMBL87071,,,0.002,,,,,,,,,,Cn1cc(Cc2cn(CC(=O)N(CCN)Cc3ccc(-c4ccc(Cl)cc4)cc3)c(SCc3ccc(F)cc3)nc2=O)cn1
CHEMBL87355,,,0.001,,,,,,,,,,CN(C)CCCN(Cc1ccc(-c2ccc(Cl)cc2)cc1)C(=O)Cn1cc(Cc2cnn(C)c2)c(=O)nc1SCc1ccc(F)cc1
CHEMBL87543,,,,28.18,89.99994677079088,,0.2895,6.5,,,,,
CHEMBL877,,,,,,,,2.3,,,,,
CHEMBL87792,,,0.001,,,,,,,,,,CN(C)CCN(Cc1ccc(-c2ccc(C(F)(F)F)cc2)cc1)C(=O)Cn1cc(Cc2cnn(C)c2)c(=O)nc1SCc1ccc(F)cc1
CHEMBL878,,,,,,,,20.0,,,,,
CHEMBL88,,,,,,,0.7992,8.0,,,,,
CHEMBL8809,,,,,,,0.10950000000000004,,,,,,
CHEMBL88712,,,,,,,0.0015000000000000568,,,,,,
CHEMBL888,,,,,,,,1.0,,,,,
CHEMBL893,,,,,,,,0.88,,,,,
CHEMBL894,,,,44.71,89.99994547703852,,0.5402,,12.02,43.27199999999999,17.442760399871005,,
CHEMBL895,,,,,,,,3.7,,,,,
CHEMBL896,,,,,,,0.0818000000000001,,,,,,
CHEMBL897,,,,,,,,5.9,,,,,
CHEMBL89750,,,0.001,,,,,,,,,,Cn1cc(Cc2cn(CC(=O)N(CC(=O)O)Cc3ccc(-c4ccc(C(F)(F)F)cc4)cc3)c(SCc3ccc(F)cc3)nc2=O)cn1
CHEMBL898,,,,8.27,89.99980782769634,,0.0020999999999999908,10.0,,,,,
CHEMBL9,,,1.0,,,,,,,,,,CCn1cc(C(=O)O)c(=O)c2cc(F)c(N3CCNCC3)cc21
CHEMBL900,,,,150.0,89.9999900000011,,,,,,,,
CHEMBL902,,,0.6,,,,,2.8,,,,,NC(N)=Nc1nc(CSCC/C(N)=N/S(N)(=O)=O)cs1
CHEMBL905,,,,,,,,2.2,,,,,
CHEMBL90555,,,,,,,,23.0,,,,,
CHEMBL90568,,,54.9,,,,,,,,,,COc1ccc(-c2cc(=O)c3c(O)cc(O)cc3o2)cc1O
CHEMBL907,,,,,,,0.004899999999999904,,,,,,
CHEMBL911,,,,,,,,1.7,,,,,
CHEMBL914,,,2.8,3.0,89.99950000277776,,0.37060000000000004,,3.0,10.799999999999999,5.094339622641509,,CC(C)(C(=O)O)c1ccc(C(O)CCCN2CCC(C(O)(c3ccccc3)c3ccccc3)CC2)cc1
CHEMBL91428,,,,3.0,89.99950000277776,,,,30.9,111.24,34.37577255871446,,
CHEMBL916,,,,,,,,1.6,,,,,
CHEMBL923,,,,,,,,200.0,,,,,
CHEMBL924,,,,,,,,11.0,,,,,
CHEMBL93,,,,7.76,89.99980670144609,,,,,,,,
CHEMBL93124,,,,,,,0.011099999999999999,,,,,,
CHEMBL934,,,,,,,0.8882,,,,,,
CHEMBL93484,,,,3.0,89.99950000277776,,0.7469,,3.31,11.916,5.588069780528982,,
CHEMBL9352,,,38.3,,,,,,,,,,O=C1C[C@@H](c2ccc(O)cc2)Oc2cc(O)cc(O)c21
CHEMBL939,,,,,,,,34.0,,,,,COc1cc2ncnc(Nc3ccc(F)c(Cl)c3)c2cc1OCCCN1CCOCC1
CHEMBL940,,,0.46,,,,,5.3,,,,,NCC1(CC(=O)O)CCCCC1
CHEMBL941,,,,,,,0.06330000000000002,22.0,,,,,
CHEMBL945,,,,3.0,89.99950000277776,,0.7291000000000001,,3.0,10.799999999999999,5.094339622641509,,
CHEMBL95,,,,13.8,89.9998913044791,,0.4655,3.3,30.5,109.8,34.099378881987576,,Nc1c2c(nc3ccccc13)CCCC2
CHEMBL953,,,,,,,,2.4,,,,,
CHEMBL956,,,,12.885,89.99987635957078,,,2.1,3.0,10.799999999999999,5.094339622641509,,
CHEMBL957,,,,4.79,89.99968684868875,,0.013000000000000012,4.1,15.14,54.504,20.91802272029475,,COc1ccccc1Oc1c(NS(=O)(=O)c2ccc(C(C)(C)C)cc2)nc(-c2ncccn2)nc1OCCO
CHEMBL95804,,,,,,,0.849,3.8,,,,,
CHEMBL96,,,0.0,,,,,,,,,,NCCCC(=O)O
CHEMBL960,,,,13.495,89.99971873838433,,,,,,,,
CHEMBL972,,,,,,,0.27090000000000003,1.3,,,,,
CHEMBL976,,,,17.38,89.9999136939838,,,,,,,,
CHEMBL979,,,,,,,,14.0,,,,,
CHEMBL98,,,,,,,,0.76,,,,,O=C(CCCCCCC(=O)Nc1ccccc1)NO
CHEMBL981,,,,,,,0.011900000000000022,,,,,,
CHEMBL982,,,,,,,,8.8,,,,,
CHEMBL98345,,,,,,,,,12.0,43.199999999999996,17.419354838709676,,
CHEMBL98406,,,,5.75,89.99973913119092,,0.16000000000000003,,,,,,
CHEMBL98760,,,,,,,0.0051000000000001044,,3.0,10.799999999999999,5.094339622641509,,
CHEMBL991,,,,,,,,1.4,,,,,
CHEMBL996,,,,,,,,0.81,,,,,
CHEMBL9967,,,,6.76,89.99977810705595,,0.7597,,3.0,10.799999999999999,5.094339622641509,,
CHEMBL997,,,,,,,,14.0,,,,,
CP-65207,,,,,,,,,,,,0.21,
CPU-86017,,-6.2314224000000005,,,,,,,,,,,
CPW 86-363,,,,,,,,,,,,0.22,
CYT997,,,,,,,,,,,,3.41,
Cabazitaxel,,,,,,,,,,,,48.0,
Cabergoline,1.0,,,,,,,,,,,,
Caderofloxacin,,,,,,,,,,,,1.1,
Caffeine,1.0,,,,,,,,,,,0.63,
Calcitriol,1.0,,,,,,,,,,,,
Camazepam,,-4.46,,,,,,,,,,,
Candesartan,1.0,,,,,,,,,,,0.13,
Candoxatrilat,,,,,,,,,,,,0.25,
Cangrelor,,,,,,,,,,,,0.04,
Cannabinol,,,,,,,,,,,,16.98,
Capric acid (decanoic acid),,-4.6799998,,,,,,,,,,,
Captopril,1.0,,,,,,,,,,,0.75,
Captopril (Cap),,-4.8200002,,,,,,,,,,,
Carbamazepine,1.0,,,,,,,,,,,,
Carbendazim,,-4.1011863,,,,,,,,,,,
Carbenicillin,,,,,,,,,,,,0.17,
Carbimazole,0.0,,,,,,,,,,,,
Carebastine,,,,,,,,,,,,0.41,
Carfilzomib,,,,,,,,,,,,0.13,
Carmustine (BCNU),,,,,,,,,,,,1.2,
Carnitine_L,,,,,,,,,,,,0.4,
Carocainide,,,,,,,,,,,,0.8,
Carteolol,1.0,,,,,,,,,,,,
Carumonam,,,,,,,,,,,,0.18,
Carvedilol,1.0,,,,,,,,,,,1.3,
Carzelesin,,,,,,,,,,,,0.09,
Caspofungin,,,,,,,,,,,,0.13,
Cefacetrile,0.0,,,,,,,,,,,,
Cefaclor,1.0,,,,,,,,,,,,
Cefadroxil,1.0,,,,,,,,,,,0.23,
Cefamandole,,,,,,,,,,,,0.16,
Cefatrizine,1.0,,,,,,,,,,,0.22,
Cefazedone,,,,,,,,,,,,0.13,
Cefazolin,1.0,,,,,,,,,,,0.12,
Cefcanel,,,,,,,,,,,,0.13,
Cefclidin,,,,,,,,,,,,0.27,
Cefdinir,1.0,,,,,,,,,,,,
Cefepime,,,,,,,,,,,,0.28,
Cefetamet,,,,,,,,,,,,0.28,
Cefixime,1.0,,,,,,,,,,,0.24,
Cefmenoxime,,,,,,,,,,,,0.2,
Cefmetazole,,,,,,,,,,,,0.13,
Cefodizime,0.0,,,,,,,,,,,0.05,
Cefonicid,,,,,,,,,,,,0.14,
Cefoperazone,,,,,,,,,,,,0.17,
Ceforanide,,,,,,,,,,,,0.17,
Cefoselis,,,,,,,,,,,,0.3,
Cefotaxime,,,,,,,,,,,,0.19,
Cefotetan,,,,,,,,,,,,0.13,
Cefoxitin,0.0,,,,,,,,,,,0.17,
Cefozopran,,,,,,,,,,,,0.24,
Cefpimizole,,,,,,,,,,,,0.21,
Cefpiramide,,,,,,,,,,,,0.15,
Cefpirome,,,,,,,,,,,,0.24,
Cefprozil,1.0,,,,,,,,,,,0.21,
Ceftaroline fosamil,,,,,,,,,,,,0.53,
Ceftazidime,0.0,,,,,,,,,,,0.31,
Ceftizoxime,0.0,,,,,,,,,,,0.2,
Ceftobiprole,,,,,,,,,,,,0.27,
Ceftolozane,,,,,,,,,,,,0.17,
Ceftriaxone,0.0,-6.604713,,,,,,,,,,0.12,
Cefuroxime,1.0,-6.29,,,,,,,,,,0.15,
Cefuzonam,,,,,,,,,,,,0.2,
Celecoxib,,-4.8050604,,,,,,,,,,,
Celiprolol,1.0,,,,,,,,,,,,
Cephalexin,1.0,,,,,,,,,,,0.21,
Cephaloridine,,,,,,,,,,,,0.46,
Cephalothin,,,,,,,,,,,,0.07,
Cephapirin,,,,,,,,,,,,0.13,
Cepharanthine (CEP),,-4.1877432,,,,,,,,,,,
Cephradine,,,,,,,,,,,,0.21,
Cerivastatin,1.0,-5.27,,,,,,,,,,0.33,
Cerulenin,,-5.4224062,,,,,,,,,,,
Cetirizine,1.0,-5.5,,,,,,,,,,,
Cetrorelix,,,,,,,,,,,,0.39,
Chlorambucil,1.0,,,,,,,,,,,0.26,
Chloramphenicol,1.0,,,,,,,,,,,0.94,
Chlorazepate,,,,,,,,,,,,0.2,
Chlordiazepoxide,1.0,,,,,,,,,,,0.25,
Chlormethiazole,,,,,,,,,,,,6.6,
"Chlorophenylpiperazine, m-",,,,,,,,,,,,2.5,
Chloroquine,1.0,-4.5500002,,,,,,,,,,140.0,
Chlorothiazide,0.0,,,,,,,,,,,,
Chloroxine,1.0,,,,,,,,,,,,
Chlorpheniramine,1.0,-4.2800002,,,,,,,,,,3.3,
Chlorpromazine,1.0,,,,,,,,,,,10.0,
Chlorpropamide,,,,,,,,,,,,0.19,
Chlorprothixene,1.0,-4.7399998,,,,,,,,,,,
Chlortetracycline,1.0,-6.3200002,,,,,,,,,,0.9,
Chlorthalidone,1.0,,,,,,,,,,,3.9,
Chlorzoxazone,,-4.190000100000002,,,,,,,,,,,
Choline,,-4.9521427000000005,,,,,,,,,,,
"Chrysin (5,7-DHF)",,-5.0105972,,,,,,,,,,,
Cibenzoline,1.0,,,,,,,,,,,4.1,
Cicaprost,,,,,,,,,,,,0.08,
Ciclesonide,,,,,,,,,,,,2.9,
Cidofovir,,,,,,,,,,,,0.49,
Cilastatin,,,,,,,,,,,,0.15,
Cilazapril,1.0,,,,,,,,,,,,
Cilazaprilat,1.0,,,,,,,,,,,3.7,
Cilengitide,,,,,,,,,,,,0.26,
Cilomilast,,,,,,,,,,,,0.23,
Cimetidine,1.0,-6.0420098,,,,,,,,,,1.2,
Cimetropium,0.0,,,,,,,,,,,1.12,
Cinacalcet,0.0,,,,,,,,,,,17.6,
Cinaciguat,,,,,,,,,,,,0.24,
Ciprofibrate,1.0,,,,,,,,,,,,
Ciprofloxacin,1.0,,,,,,,,,,,2.1,
Cisapride,1.0,-4.52,,,,,,,,,,1.2,
Cisatracurium,,,,,,,,,,,,0.14,
Citalopram,1.0,,,,,,,,,,,12.0,
Cladribine,1.0,,,,,,,,,,,7.7,
Clarithromycin,1.0,-5.4699998,,,,,,,,,,1.5,
Clavulanic Acid,,,,,,,,,,,,0.22,
Clazosentan,,,,,,,,,,,,0.23,
Clemastine,1.0,,,,,,,,,,,,
Clentiazem,,,,,,,,,,,,9.7,
Clevidipine,,,,,,,,,,,,0.58,
Clinafloxacin,1.0,,,,,,,,,,,1.9,
Clindamycin,1.0,,,,,,,,,,,0.79,
Clodronate,,,,,,,,,,,,0.88,
Clofarabine,,,,,,,,,,,,1.75,
Clofazimine,1.0,,,,,,,,,,,,
Clofibrate,0.0,,,,,,,,,,,,
Clomethiazole,1.0,,,,,,,,,,,,
Clomipramine,1.0,,,,,,,,,,,13.0,
Clonazepam,1.0,,,,,,,,,,,2.9,
Clonidine,1.0,,,,,,,,,,,3.3,
Cloxacillin,1.0,,,,,,,,,,,,
Clozapine,1.0,-4.5100002,,,,,,,,,,1.6,
Cobimetinib,,,,,,,,,,,,15.4,
Cocaethylene,,,,,,,,,,,,1.6,
Cocaine,1.0,,,,,,,,,,,2.0,
Codeine,1.0,-4.2800002,,,,,,,,,,3.5,
Colchicine,1.0,,,,,,,,,,,6.1,
Compound D,,-4.8428431,,,,,,,,,,,
Conivaptan,,,,,,,,,,,,0.76,
Corticosterone,,-4.3887606,,,,,,,,,,,
Corynanthine (COR),,-4.729893700000001,,,,,,,,,,,
Cotinine,,,,,,,,,,,,1.1,
Coumarin,0.0,,,,,,,,,,,1.1,
Cyanamide,,,,,,,,,,,,0.78,
Cyclizine,,,,,,,,,,,,16.5,
Cyclo(-PFMewKTF-) (4),,-6.3989701,,,,,,,,,,,
Cyclo(-PFMewKTMeF-) (7),,-6.570000200000001,,,,,,,,,,,
Cyclo(-PFMewMeKTF-) (6),,-6.742363900000001,,,,,,,,,,,
Cyclo(-PFwKTF-) (1),,-6.2209244,,,,,,,,,,,
Cyclo(-PFwKTMeF-) (3),,-6.3005152,,,,,,,,,,,
Cycloastragenol,,-4.5,,,,,,,,,,,
Cyclobenzaprine,1.0,,,,,,,,,,,,
Cycloheximide,,-4.8400002,,,,,,,,,,,
Cyclopenthiazide,1.0,,,,,,,,,,,,
Cyclophosphamide,1.0,,,,,,,,,,,0.73,
Cycloserine,1.0,-5.4400001,,,,,,,,,,,
Cyclosporine,,,,,,,,,,,,3.3,
Cymarin,,-5.579999900000002,,,,,,,,,,,
Cytarabine,0.0,,,,,,,,,,,0.67,
Cytarabine (1),,-6.0999999,,,,,,,,,,,
D,,-5.489058,,,,,,,,,,,
D-Glu(OBzl)-Ala,,-5.6912522,,,,,,,,,,,
D-Phe-D-Ala-D-Ser-OH,,-6.2819986,,,,,,,,,,,
D-Ser(Bzl)-Ala,,-5.9906998,,,,,,,,,,,
DB377 (4),,-5.2295737,,,,,,,,,,,
"DB75 [2,5-bis(4-amidinophenyl)furan]",,-6.4201083,,,,,,,,,,,
DG (13),,-6.9204097,,,,,,,,,,,
DHA Paclitaxel,,,,,,,,,,,,0.07,
DMP 851,,-5.6788902000000006,,,,,,,,,,,
DMXAA-G,,-6.52,,,,,,,,,,,
DP-b99,,,,,,,,,,,,1.1,
DQ-2556,,,,,,,,,,,,0.22,
DX-52-1,,,,,,,,,,,,0.23,
DX9065a,,,,,,,,,,,,1.55,
DXG (9),,-6.1599998,,,,,,,,,,,
Dabigatran,,,,,,,,,,,,0.85,
Dacarbazine,,,,,,,,,,,,1.2,
Dacinostat.,,,,,,,,,,,,2.17,
Dalbavancin,,,,,,,,,,,,0.14,
Dalfampridine,,,,,,,,,,,,2.6,
Dalfopristin,,,,,,,,,,,,0.39,
Danazol,,-4.561461,,,,,,,,,,,
Dantrolene,,,,,,,,,,,,0.37,
Danusertib,,,,,,,,,,,,2.5,
Dapagliflozin,,,,,,,,,,,,1.7,
Dapsone,1.0,,,,,,,,,,,0.83,
Daptomycin,,,,,,,,,,,,0.09,
Darapladib,,,,,,,,,,,,11.9,
Darifenacin,,,,,,,,,,,,2.6,
Daunorubicin,,-6.0999999,,,,,,,,,,,
Deacetyl metipranolol,,,,,,,,,,,,3.6,
Decitabine,,,,,,,,,,,,4.6,
Decursinol angelate (DA),,-4.9204097,,,,,,,,,,,
Deferasirox,,,,,,,,,,,,0.2,
Deferolimus,,,,,,,,,,,,3.2,
Degarelix,,,,,,,,,,,,0.74,
Dehydroandrographolide succinate,,,,,,,,,,,,0.13,
Delapril,1.0,,,,,,,,,,,,
Delavirdine,1.0,,,,,,,,,,,,
Delorazepam (Chlordesmethyldiazepam),,,,,,,,,,,,2.2,
Demeclocycline,1.0,,,,,,,,,,,,
Demethylchlortetracycline,,,,,,,,,,,,1.3,
Denaverine,,,,,,,,,,,,7.1,
Deoxynivalenol (DON),,-5.3005152,,,,,,,,,,,
Deramciclane,,,,,,,,,,,,7.7,
"Desacetylpaclitaxel, 4-; 4-methyl carbonate",,,,,,,,,,,,6.9,
Desipramine,1.0,,,,,,,,,,,15.0,
Desloratadine,,-4.059999899999998,,,,,,,,,,,
Desmethyldiazepam,,,,,,,,,,,,0.45,
Desmopressin,,,,,,,,,,,,0.3,
Desogestrel,0.0,,,,,,,,,,,,
Desvenlafaxine,,,,,,,,,,,,3.5,
Dexamethasone,1.0,,,,,,,,,,,0.94,
Dexamethasone-?-D-glucoside,,-6.3982739,,,,,,,,,,,
Dexamethasone-?-D-glucuronide,,-5.9796510000000005,,,,,,,,,,,
Dexanabinol,,,,,,,,,,,,5.06,
Dexfenfluramine,,,,,,,,,,,,11.0,
Dexloxiglumide,,-5.140130999999999,,,,,,,,,,0.18,
Dexmedetomidine,,,,,,,,,,,,1.6,
Dexmethylphenidate,,,,,,,,,,,,2.65,
Dexniguldipine,,,,,,,,,,,,8.4,
Dexrazoxane,,,,,,,,,,,,0.55,
Dextromethorphan,,-4.7399998,,,,,,,,,,,
Dextromoramide,1.0,,,,,,,,,,,,
Dezocine,,,,,,,,,,,,5.6,
Diatrizoic Acid (Amidotrizoate),,,,,,,,,,,,0.26,
Diazepam,1.0,,,,,,,,,,,1.0,
Diazoxide,1.0,,,,,,,,,,,0.21,
Dibekacin,,,,,,,,,,,,0.13,
Dichloroacetic Acid,,,,,,,,,,,,0.19,
Diclofenac,1.0,-4.460681,,,,,,,,,,0.22,
Dicloxacillin,1.0,,,,,,,,,,,0.11,
Didanosine,1.0,,,,,,,,,,,0.77,
Dienogest,1.0,,,,,,,,,,,,
Diflomotecan,,,,,,,,,,,,1.42,
Diflunisal,1.0,,,,,,,,,,,0.1,
Digitoxin,1.0,,,,,,,,,,,0.44,
Digoxin,1.0,-5.6316042,,,,,,,,,,4.1,
Dihydrocodeine,0.0,,,,,,,,,,,,
Dihydroergosine,,,,,,,,,,,,4.02,
Dihydroergotamine,0.0,,,,,,,,,,,0.33,
Dihydroquinidine,,,,,,,,,,,,2.8,
Dihydrotetrabenazine isomer A,,-4.6799998,,,,,,,,,,,
Dilevalol,,,,,,,,,,,,4.8,
Diltiazem,1.0,-4.4043612,,,,,,,,,,4.1,
Dimercaprol,0.0,,,,,,,,,,,,
"Dimethyl-4',4'-dimethoxy-5,6,5',6'-dimethylene dioxybiphenyl-2,2'-dicarboxylate (DDB)",,-4.1687455,,,,,,,,,,,
Dimetindene,,,,,,,,,,,,2.16,
Dinaciclib,,,,,,,,,,,,0.32,
Diphenhydramine,1.0,-4.27,,,,,,,,,,6.5,
Diprafenone,,,,,,,,,,,,1.2,
Diprophylline,,,,,,,,,,,,0.42,
Dipyridamole,1.0,,,,,,,,,,,0.82,
Dirithromycin,0.0,,,,,,,,,,,,
Disopyramide,1.0,,,,,,,,,,,0.52,
Distigmine,0.0,,,,,,,,,,,1.0,
Disufenton sodium,,,,,,,,,,,,0.18,
Dixyrazine,0.0,,,,,,,,,,,4.06,
Dobesilic acid,,,,,,,,,,,,0.12,
Docetaxel,,,,,,,,,,,,2.1,
Dofetilide,1.0,,,,,,,,,,,3.3,
Dolasetron,1.0,,,,,,,,,,,2.0,
Domperidone,0.0,,,,,,,,,,,3.4,
Donepezil,1.0,,,,,,,,,,,,
Dopamine,,,,,,,,,,,,0.74,
Doripenem,,,,,,,,,,,,0.23,
Doxacurium,,,,,,,,,,,,0.22,
Doxapram,1.0,,,,,,,,,,,1.2,
Doxazosin,1.0,,,,,,,,,,,1.3,
Doxepin,1.0,,,,,,,,,,,12.0,
Doxifluridine,,,,,,,,,,,,0.28,
Doxofylline,,,,,,,,,,,,1.03,
Doxorubicin,0.0,-6.5900002,,,,,,,,,,22.0,
Doxycycline,1.0,,,,,,,,,,,0.69,
Dronedarone,,-4.52,,,,,,,,,,20.0,
Droperidol,1.0,,,,,,,,,,,1.41,
Drotaverine,1.0,,,,,,,,,,,1.9,
Dynorphin A (1-13),,,,,,,,,,,,0.12,
E15,,-4.1999998,,,,,,,,,,,
E17,,-4.329999900000002,,,,,,,,,,,
E23,,-4.3899999,,,,,,,,,,,
E24,,-4.099999899999999,,,,,,,,,,,
E25,,-4.7399998,,,,,,,,,,,
E28,,-5.1500001,,,,,,,,,,,
E7107,,,,,,,,,,,,10.1,
E7974,,,,,,,,,,,,1.26,
EACV,,-5.8099999,,,,,,,,,,,
EF5154,,-6.119999900000002,,,,,,,,,,,
EF5170,,-5.79,,,,,,,,,,,
EF5232,,-5.29,,,,,,,,,,,
EF5242,,-4.7399998,,,,,,,,,,,
EF5248,,-4.3499999,,,,,,,,,,,
EF5249,,-4.3099999,,,,,,,,,,,
EF5251,,-4.2800002,,,,,,,,,,,
EF5261,,-4.4000001,,,,,,,,,,,
EF5264,,-4.5100002,,,,,,,,,,,
EF5265,,-4.1500001000000015,,,,,,,,,,,
EF5270,,-4.02,,,,,,,,,,,
EF5278,,-4.0,,,,,,,,,,,
EF5283,,-4.139999899999999,,,,,,,,,,,
EF5289,,-4.2600002,,,,,,,,,,,
EF5292,,-4.4400001,,,,,,,,,,,
"EI analogue 101 (MDL 101,146)",,-5.098455,,,,,,,,,,,
"EI analogue 102 (MDL 102,111)",,-4.517849900000001,,,,,,,,,,,
Edaravone,,,,,,,,,,,,0.23,
Edoxaban,,,,,,,,,,,,1.53,
Edrophonium,0.0,,,,,,,,,,,1.1,
Efavirenz,,-4.0500002,,,,,,,,,,,
Eflornithine,1.0,,,,,,,,,,,,
Eletriptan,1.0,,,,,,,,,,,1.6,
Elinafide,,,,,,,,,,,,12.0,
Eltanolone,,,,,,,,,,,,2.0,
Eltoprazine,,,,,,,,,,,,3.6,
Emepronium,0.0,,,,,,,,,,,,
Emetine,,-5.6900001,,,,,,,,,,,
Enalapril,1.0,,,,,,,,,,,,
Enalaprilat,,-5.880000099999998,,,,,,,,,,0.38,
Enalkiren,,,,,,,,,,,,7.5,
Encainide,1.0,,,,,,,,,,,2.2,
Endralazine,1.0,,,,,,,,,,,2.2,
Eniporide,,,,,,,,,,,,1.1,
Enoxacin,1.0,,,,,,,,,,,2.0,
Enoximone,1.0,,,,,,,,,,,1.39,
Enprofylline,,,,,,,,,,,,0.63,
Entacapone,1.0,,,,,,,,,,,0.27,
Epanolol,0.0,,,,,,,,,,,,
Epigallocatechin (EGC),,-6.8284068,,,,,,,,,,,
Epimedin A,,-6.4910722000000005,,,,,,,,,,,
Epimedin B,,-6.5595455000000005,,,,,,,,,,,
Epinephrine,,-6.0188646,,,,,,,,,,,
Epiroprim,,,,,,,,,,,,2.5,
Epirubicin,0.0,,,,,,,,,,,45.0,
Epothilone folate,,,,,,,,,,,,0.09,
Epristeride,,,,,,,,,,,,0.54,
Eprosartan,0.0,,,,,,,,,,,0.17,
Eptaloprost,,,,,,,,,,,,2.4,
Eptifibatide,,,,,,,,,,,,0.17,
Eravacycline,,,,,,,,,,,,2.3,
Ergonovine,,-5.1684265,,,,,,,,,,,
Ergotamine,0.0,,,,,,,,,,,3.6,
Eribulin,,,,,,,,,,,,1.46,
Eriodictyol (28),,-5.2800002,,,,,,,,,,,
Eritoran,,,,,,,,,,,,0.05,
Erlotinib,1.0,-4.4699998,,,,,,,,,,0.77,
Ertapenem,,,,,,,,,,,,0.12,
Erythromycin,1.0,,,,,,,,,,,0.95,
Escin Ia,,,,,,,,,,,,0.28,
Escin Ib,,,,,,,,,,,,0.23,
Esmolol,,,,,,,,,,,,1.2,
Esomeprazole,,,,,,,,,,,,0.2,
Estradiol,0.0,,,,,,,,,,,1.2,
Estramustine phosphate,,,,,,,,,,,,0.12,
Ethacrynic Acid,,,,,,,,,,,,0.26,
Ethambutol,1.0,,,,,,,,,,,1.7,
Ethanol,1.0,,,,,,,,,,,,
Ethimizol,,,,,,,,,,,,0.73,
Ethinylestradiol,,,,,,,,,,,,4.3,
Ethinylestradiol-17-Sulfate,,,,,,,,,,,,0.61,
Ethinylestradiol-3-Sulfate,,,,,,,,,,,,2.3,
Ethionamide,,-4.4000001,,,,,,,,,,,
Ethylparaben,,-4.8102908,,,,,,,,,,,
Etilefrine,,,,,,,,,,,,2.1,
Etodolac,1.0,,,,,,,,,,,,
Etomidate,,,,,,,,,,,,2.7,
Etonogestrel,,,,,,,,,,,,2.87,
Etoposide,1.0,,,,,,,,,,,0.18,
Etoricoxib,,,,,,,,,,,,1.5,
Evodiamine (EDM),,-4.632256,,,,,,,,,,,
Exatecan (acid),,,,,,,,,,,,0.44,
Exemestane,1.0,-4.329999900000002,,,,,,,,,,,
Ezogabine,,,,,,,,,,,,2.5,
F-(S)-IZD,,-6.521439099999999,,,,,,,,,,,
F992,,,,,,,,,,,,0.31,
Falipamil,,,,,,,,,,,,2.4,
Famciclovir,1.0,,,,,,,,,,,,
Famotidine,1.0,,,,,,,,,,,1.2,
Faropenem,,,,,,,,,,,,0.18,
Felbamate,1.0,,,,,,,,,,,,
Felodipine,0.0,,,,,,,,,,,4.4,
Fenbufen,1.0,,,,,,,,,,,,
Fenfluramine,1.0,,,,,,,,,,,,
Fenoldopam,,,,,,,,,,,,0.5,
Fenoprofen,1.0,,,,,,,,,,,0.1,
Fenoterol,0.0,,,,,,,,,,,1.2,
Fenoximone,,,,,,,,,,,,1.8,
Fenspiride,1.0,,,,,,,,,,,3.0,
Fentanyl,0.0,,,,,,,,,,,0.89,
Fexofenadine,1.0,,,,,,,,,,,,
Finasteride,1.0,,,,,,,,,,,1.1,
Fingolimod,,,,,,,,,,,,17.3,
Flavone,,-3.9201083,,,,,,,,,,,
Flavopiridol,,,,,,,,,,,,1.5,
Flecainide,1.0,,,,,,,,,,,6.1,
Fleroxacin,,-4.8099742,,,,,,,,,,1.6,
Flomoxef,,,,,,,,,,,,0.19,
Flucloxacillin,,,,,,,,,,,,0.19,
Fluconazole,1.0,,,,,,,,,,,0.75,
Flucytosine,1.0,,,,,,,,,,,0.68,
Fludarabine,1.0,,,,,,,,,,,2.2,
Flumazenil,1.0,,,,,,,,,,,0.8,
Flunisolide,0.0,,,,,,,,,,,1.08,
Flunitrazepam,1.0,,,,,,,,,,,1.9,
Fluocortolone,1.0,,,,,,,,,,,,
Fluorescein,1.0,-4.77,,,,,,,,,,0.14,
Fluorouracil,1.0,,,,,,,,,,,,
"Fluorouracil, 5-",,,,,,,,,,,,0.23,
Fluoxetine,1.0,-4.5500002,,,,,,,,,,,
Fluparoxan (GR50360A),,-3.729485,,,,,,,,,,,
Flupenthixol,,-4.8899999,,,,,,,,,,,
Flupentixol,1.0,,,,,,,,,,,,
Fluphenazine,0.0,,,,,,,,,,,2.9,
Flupirtine,1.0,,,,,,,,,,,1.1,
Flurazepam,1.0,,,,,,,,,,,,
Flurbiprofen,1.0,,,,,,,,,,,,
Fluticasone furoate,,,,,,,,,,,,4.95,
Fluticasone propionate,,,,,,,,,,,,3.6,
Fluvastatin,1.0,-5.6999998,,,,,,,,,,0.42,
Fluvoxamine,1.0,,,,,,,,,,,,
Folinic acid,,-7.5214391,,,,,,,,,,0.25,
Fosaprepitant,,,,,,,,,,,,0.07,
Foscarnet,0.0,,,,,,,,,,,0.5,
Fosfluconazole,,,,,,,,,,,,0.15,
Fosfomycin,1.0,,,,,,,,,,,0.32,
Fosinopril,1.0,,,,,,,,,,,,
Fosinoprilat,,,,,,,,,,,,0.13,
Fosphenytoin,,,,,,,,,,,,0.06,
Fostriecin,,,,,,,,,,,,0.09,
Fotemustin,,,,,,,,,,,,0.62,
Frovatriptan,1.0,,,,,,,,,,,3.6,
Fructose,1.0,,,,,,,,,,,,
Fulvestrant,,,,,,,,,,,,4.15,
Furazolidone,,-4.9899998,,,,,,,,,,,
Furosemide,1.0,,,,,,,,,,,0.12,
Fusidate sodium,,,,,,,,,,,,0.23,
G6191,,-6.4579659000000005,,,,,,,,,,,
G6262,,-6.3682656,,,,,,,,,,,
G6264,,-6.8519359,,,,,,,,,,,
GHRP-6,,,,,,,,,,,,0.42,
GPX-150,,,,,,,,,,,,15.45,
GSK1322322,,,,,,,,,,,,0.75,
GSK2239633,,,,,,,,,,,,1.65,
GSK2251052,,,,,,,,,,,,2.37,
GSK269984A,,,,,,,,,,,,0.77,
GSK461364,,,,,,,,,,,,12.0,
Gabapentin,1.0,,,,,,,,,,,0.71,
Galantamine,1.0,,,,,,,,,,,,
Galanthamine,,,,,,,,,,,,2.3,
Gallopamil,0.0,,,,,,,,,,,1.75,
Gambogic acid,,,,,,,,,,,,0.99,
Ganciclovir,0.0,,,,,,,,,,,1.0,
Gancyclovir,,-6.1012278,,,,,,,,,,,
Garenoxacin,,,,,,,,,,,,1.0,
Gatifloxacin,1.0,,,,,,,,,,,1.7,
Gavestinel,,,,,,,,,,,,0.12,
Gefitinib,1.0,-4.48,,,,,,,,,,23.0,
Gemcitabine,,,,,,,,,,,,1.5,
Gemfibrozil,1.0,,,,,,,,,,,,
Gemifloxacin,,,,,,,,,,,,3.52,
Genaconazole,,,,,,,,,,,,0.62,
Gentamicin,,,,,,,,,,,,0.33,
Gestodene,1.0,,,,,,,,,,,0.46,
Ginkgolide A,,,,,,,,,,,,0.62,
Ginkgolide B,,,,,,,,,,,,0.91,
Ginsenoside RD,,,,,,,,,,,,0.11,
Ginsenoside Rg1 (Rg1),,-6.5883503,,,,,,,,,,,
Gisadenafil,,,,,,,,,,,,2.4,
Glibornuride,,,,,,,,,,,,0.27,
Gliclazide,1.0,,,,,,,,,,,0.43,
Glimepiride,1.0,,,,,,,,,,,0.19,
Glipizide,1.0,-4.7199998,,,,,,,,,,0.16,
Glucosamine,1.0,,,,,,,,,,,,
Gludopa,,,,,,,,,,,,0.21,
Glufosfamide,,,,,,,,,,,,0.24,
Glutamine,,-6.0702906,,,,,,,,,,,
Glutaminic Acid,,-6.0700002,,,,,,,,,,,
Gly-Pro (glycylproline),,-5.2123351,,,,,,,,,,,
Glyburide,1.0,,,,,,,,,,,0.08,
Glyceryl 1-nitrate,,,,,,,,,,,,0.76,
Glycocholate,,-5.7141905,,,,,,,,,,,
Glycopyrrolate bromide,,,,,,,,,,,,0.37,
Glycylsarcosine,,-4.9000001,,,,,,,,,,,
Glycyrrhizin,,,,,,,,,,,,0.06,
Gomisin A,,-4.5693183,,,,,,,,,,,
Granisetron,1.0,,,,,,,,,,,3.7,
Grepafloxacin HCl,,-4.8899999,,,,,,,,,,,
Griseofulvin,1.0,,,,,,,,,,,,
Guanabenz,,-4.329999900000002,,,,,,,,,,,
Guanethidine,0.0,,,,,,,,,,,,
Guanfacine,1.0,,,,,,,,,,,5.6,
Guanylcisteine,,,,,,,,,,,,0.25,
H 244/45,,-5.2198415,,,,,,,,,,,
H 95/71,,-5.4279842,,,,,,,,,,,
Haloperidol,1.0,-4.71,,,,,,,,,,17.0,
Harmol,,-5.302258999999999,,,,,,,,,,,
Heptaminol,,,,,,,,,,,,2.14,
Heroin,,,,,,,,,,,,1.31,
Hesperidin,0.0,,,,,,,,,,,,
Hexobarbital,1.0,,,,,,,,,,,1.1,
Homocysteine,1.0,,,,,,,,,,,,
Homoharringtonine,,,,,,,,,,,,1.8,
Hydralazine,1.0,,,,,,,,,,,1.5,
Hydrochlorothiazide,1.0,,,,,,,,,,,,
Hydrocortisone,,,,,,,,,,,,0.38,
Hydroflumethiazide,1.0,,,,,,,,,,,2.2,
Hydromorphone,1.0,,,,,,,,,,,4.3,
Hydroxychloroquine,1.0,,,,,,,,,,,700.0,
"Hydroxycotinine, 3'-",,,,,,,,,,,,0.85,
"Hydroxydihydroquinidine, 3(S)-",,,,,,,,,,,,6.8,
"Hydroxyimipramine, 2-",,,,,,,,,,,,6.6,
Hydroxymidazolam,,,,,,,,,,,,0.77,
Hydroxysafflor yellow A,,,,,,,,,,,,0.2,
"Hydroxystaurosporine, 7-",,,,,,,,,,,,0.15,
Hydroxyurea,1.0,,,,,,,,,,,0.52,
Hypericin,0.0,,,,,,,,,,,0.25,
I-II,,-5.6900001,,,,,,,,,,,
IACV,,-5.6799998,,,,,,,,,,,
IDX899,,,,,,,,,,,,0.56,
IDX989,,,,,,,,,,,,0.97,
II,,-4.1799998,,,,,,,,,,,
INO-1001,,,,,,,,,,,,1.9,
IRR ,,-6.54,,,,,,,,,,,
IRR (23),,-6.5388007,,,,,,,,,,,
IVL745,,,,,,,,,,,,0.25,
Ibandronate,0.0,,,,,,,,,,,,
Ibandronic Acid (Ibandronate),,,,,,,,,,,,0.55,
Ibrutinib,,,,,,,,,,,,9.75,
Ibuprofen,1.0,,,,,,,,,,,0.15,
Ibutilide,0.0,,,,,,,,,,,12.0,
Icajine (Ica),,-4.5816798,,,,,,,,,,,
Icariin,,-6.2292061,,,,,,,,,,,
Idarubicin,1.0,,,,,,,,,,,38.0,
Idazoxan,,,,,,,,,,,,3.3,
Idrocilamide,,,,,,,,,,,,0.11,
Ifetroban,,,,,,,,,,,,4.4,
Ifosfamide,1.0,,,,,,,,,,,0.62,
Iloprost,0.0,,,,,,,,,,,0.37,
Imatinib,1.0,-5.3899999,,,,,,,,,,3.9,
Imidacloprid (IMI),,-4.6677732,,,,,,,,,,,
Imidafenacin,,,,,,,,,,,,1.51,
Imipenem,0.0,,,,,,,,,,,0.24,
Imipramine,1.0,,,,,,,,,,,12.0,
Imipramine N-oxide,,,,,,,,,,,,1.9,
Indacaterol,,,,,,,,,,,,19.4,
Indapamide,1.0,,,,,,,,,,,,
Indinavir,0.0,-5.6900001,,,,,,,,,,0.82,
Indisulam,,,,,,,,,,,,0.68,
Indobufen,1.0,,,,,,,,,,,,
Indocyanine Green,,,,,,,,,,,,0.04,
Indomethacin,1.0,,,,,,,,,,,0.1,
Indoramin,0.0,,,,,,,,,,,4.9,
Inogatran,,,,,,,,,,,,0.26,
Intoplicine,,,,,,,,,,,,11.0,
Iodixanol,,,,,,,,,,,,0.2,
Iododoxorubicin,,,,,,,,,,,,53.6,
Iohexol,,,,,,,,,,,,0.16,
Iomeprol,,,,,,,,,,,,0.23,
Iopamidol,,,,,,,,,,,,0.28,
Iopentol,,,,,,,,,,,,0.2,
Iopromide,,,,,,,,,,,,0.22,
Iothalamic acid (Iothalamate),,,,,,,,,,,,0.17,
Iotrolan,,,,,,,,,,,,0.23,
Ipratropium,0.0,,,,,,,,,,,5.1,
Irbesartan,1.0,,,,,,,,,,,0.94,
Irinotecan,0.0,,,,,,,,,,,3.5,
Irofulven,,,,,,,,,,,,3.1,
Isavuconazole,,,,,,,,,,,,5.37,
Isepamicin,,,,,,,,,,,,0.32,
Isoglycirrhizinate (acid),,,,,,,,,,,,0.05,
Isoliquiritigenin (35),,-4.8378239,,,,,,,,,,,
Isomazole,,,,,,,,,,,,1.67,
Isoniazid,1.0,,,,,,,,,,,,
Isoniazide,,,,,,,,,,,,0.82,
Isoproterenol,,,,,,,,,,,,1.5,
Isoquercitrin (22),,-6.27,,,,,,,,,,,
Isosorbide Dinitrate,,,,,,,,,,,,1.9,
Isosorbide-2-Mononitrate,,,,,,,,,,,,0.86,
Isosorbide-5-Mononitrate,,,,,,,,,,,,0.7,
Isotretinoin,1.0,,,,,,,,,,,,
Isovitexin (10),,-6.2003298,,,,,,,,,,,
Isoxicam,,-4.6100001,,,,,,,,,,0.19,
Isradipine,0.0,,,,,,,,,,,1.5,
Itraconazole,1.0,,,,,,,,,,,7.4,
Ivabradine,,,,,,,,,,,,1.66,
Ixabepilone,,,,,,,,,,,,11.0,
Ixazomib,,,,,,,,,,,,3.61,
KAR-2,,-4.8616409,,,,,,,,,,,
KNI-272,,,,,,,,,,,,0.11,
KRN-5500,,,,,,,,,,,,0.17,
KRN8602,,,,,,,,,,,,20.9,
KW-2170,,,,,,,,,,,,12.0,
Kaempferol (16),,-4.9899998,,,,,,,,,,,
Kahalalide F,,,,,,,,,,,,0.11,
Kanamycin,0.0,,,,,,,,,,,0.26,
Ketamine,0.0,-4.2600002,,,,,,,,,,2.9,
Ketanserin,1.0,-4.4400001,,,,,,,,,,3.9,
Ketobemidone,1.0,,,,,,,,,,,0.48,
Ketoconazole,,-4.7538648,,,,,,,,,,,
Ketoprofen,1.0,,,,,,,,,,,0.13,
Ketorolac,1.0,,,,,,,,,,,0.11,
Ketotifen,,-4.9499998,,,,,,,,,,,
L-692429,,,,,,,,,,,,0.2,
"L-778,123",,,,,,,,,,,,0.8,
L-alanine,,-5.4201083,,,,,,,,,,,
"L1 (1,2-dimethyl-3 hydroxypyridin-4-one)",,-4.8885303,,,,,,,,,,,
LEF553,,-7.7600002,,,,,,,,,,,
LY2090314,,,,,,,,,,,,1.2,
LY2140023,,,,,,,,,,,,0.44,
LY334370,,-5.3211966,,,,,,,,,,,
LY366092,,-4.0300002,,,,,,,,,,,
LY366659,,-4.1999998,,,,,,,,,,,
LY366799,,-4.54,,,,,,,,,,,
LY366853,,-5.3000002,,,,,,,,,,,
LY366856,,-4.329999900000002,,,,,,,,,,,
LY404039,,,,,,,,,,,,0.21,
Labetalol,1.0,-4.895062,,,,,,,,,,4.8,
Lacidipine,0.0,,,,,,,,,,,,
Lacosamide,,,,,,,,,,,,0.58,
Lactulose,0.0,-6.5364394,,,,,,,,,,,
Lamifiban,,,,,,,,,,,,0.29,
Lamivudine,1.0,-5.420000099999998,,,,,,,,,,1.3,
Lamotrigine,1.0,,,,,,,,,,,,
Laniquidar,,,,,,,,,,,,6.03,
Lanreotide,,,,,,,,,,,,0.2,
Lansoprazole,1.0,,,,,,,,,,,0.28,
Laromustine,,,,,,,,,,,,0.88,
Larotaxel,,,,,,,,,,,,17.0,
Laudanosine (LAU),,-4.5497985,,,,,,,,,,,
Lef53,,-7.4317985,,,,,,,,,,,
Leflunomide metabolite (A 771726),,,,,,,,,,,,0.13,
Lenapenem,,,,,,,,,,,,0.22,
Letrozole,1.0,,,,,,,,,,,1.9,
Leuprolide,,,,,,,,,,,,0.38,
Levamisole,1.0,,,,,,,,,,,,
Levetiracetam,1.0,,,,,,,,,,,,
Levobupivacaine,,,,,,,,,,,,0.49,
Levocabastine,,,,,,,,,,,,1.17,
Levodopa,1.0,,,,,,,,,,,1.7,
Levofloxacin,,-4.5500002,,,,,,,,,,1.2,
Levoleucovorin,,,,,,,,,,,,0.27,
Levomepromazine,,,,,,,,,,,,12.0,
Levonorgestrel,1.0,,,,,,,,,,,1.5,
Levoprotiline,,,,,,,,,,,,18.8,
Levorphanol,,,,,,,,,,,,11.5,
Levosimendan,,,,,,,,,,,,0.24,
Libenzapril,,,,,,,,,,,,1.98,
Licarbazepine,,,,,,,,,,,,0.72,
Lidocaine,1.0,,,,,,,,,,,1.8,
Linagliptin,,,,,,,,,,,,16.0,
Lincomycin,1.0,,,,,,,,,,,1.0,
Linezolid,1.0,,,,,,,,,,,0.58,
Liquiritigenin (LG),,-4.8000002,,,,,,,,,,,
Liquiritin apioside ,,-7.119999900000002,,,,,,,,,,,
Lisdexamfetamine,,,,,,,,,,,,0.6,
Lisinopril,1.0,-6.6599998,,,,,,,,,,0.89,
Lisuride,0.0,,,,,,,,,,,1.73,
Lithospermic acid (LSA),,-7.0891552,,,,,,,,,,,
Lobucavir,,-6.05775855,,,,,,,,,,,
Lomefloxacin,1.0,-4.8000002,,,,,,,,,,2.04,
Lomitapide,,,,,,,,,,,,16.3,
Loperamide,1.0,,,,,,,,,,,,
Loperamide HCl,,-4.9699998,,,,,,,,,,,
Loracarbef,1.0,,,,,,,,,,,,
Lorazepam,1.0,,,,,,,,,,,1.3,
Lorcainide,0.0,,,,,,,,,,,6.6,
Lormetazepam,1.0,,,,,,,,,,,1.6,
Losartan,1.0,-6.0727587,,,,,,,,,,0.37,
Losmapimod,,,,,,,,,,,,1.67,
Lovastatin,0.0,-4.8400002,,,,,,,,,,,
Lovastatin (acid),,,,,,,,,,,,0.87,
Loxiglumide,,,,,,,,,,,,0.24,
Loxoprofen,,-4.3499999,,,,,,,,,,,
Lubeluzole,,,,,,,,,,,,2.6,
Lumiracoxib,1.0,,,,,,,,,,,,
Lurtotecan,,,,,,,,,,,,4.77,
Lynestrenol,1.0,,,,,,,,,,,,
Lys-FITC-OCH3,,-5.8313413,,,,,,,,,,,
M1,,-4.7799463,,,,,,,,,,,
MDAM,,,,,,,,,,,,0.7,
ME3229,,-5.1011863,,,,,,,,,,,
MEN-10755,,,,,,,,,,,,2.4,
MEN14268,,-5.0478787,,,,,,,,,,,
MEN14732,,-4.7399998,,,,,,,,,,,
MEN14745,,-5.2209244,,,,,,,,,,,
MEN14970,,-4.9309068,,,,,,,,,,,
MEN15353,,-5.0700002,,,,,,,,,,,
MEN15366,,-5.4094677,,,,,,,,,,,
MEN15596,,-5.291214900000001,,,,,,,,,,,
MEN15716,,-4.997839,,,,,,,,,,,
MMMDPB,,-4.5,,,,,,,,,,,
Mannitol,0.0,,,,,,,,,,,0.24,
Maprotiline,1.0,,,,,,,,,,,45.0,
Maraviroc,,,,,,,,,,,,2.3,
"Maraviroc (UK-427,857)",,-6.0,,,,,,,,,,,
Maxipost,,,,,,,,,,,,10.0,
Mazapertine,,,,,,,,,,,,1.54,
Me-(S)-IZD,,-6.3989701,,,,,,,,,,,
Mebendazole,1.0,-4.5100002,,,,,,,,,,1.2,
Medifoxamine,1.0,,,,,,,,,,,2.8,
Medroxalol,,,,,,,,,,,,7.9,
Mefloquine,1.0,,,,,,,,,,,,
Melagatran,0.0,,,,,,,,,,,0.23,
Melatonin,0.0,,,,,,,,,,,1.1,
Meloxicam,1.0,-4.7058601,,,,,,,,,,0.15,
Melperone,,,,,,,,,,,,14.0,
Melphalan,1.0,,,,,,,,,,,0.48,
Meperidine,1.0,,,,,,,,,,,2.3,
Mepindolol,1.0,,,,,,,,,,,,
Mepivacaine,,,,,,,,,,,,0.95,
Meprobamate,,,,,,,,,,,,0.7,
Meptazinol,0.0,,,,,,,,,,,3.3,
Mercaptopurine,0.0,,,,,,,,,,,,
"Mercaptopurine, 6-",,,,,,,,,,,,1.0,
Meropenem,0.0,,,,,,,,,,,0.3,
Mesna,,,,,,,,,,,,0.65,
Met-enkephalin,,-7.380000099999998,,,,,,,,,,,
Metadoxine,,,,,,,,,,,,0.66,
Metaproterenol,,,,,,,,,,,,6.03,
Metazosin,,,,,,,,,,,,0.44,
Metergoline,1.0,,,,,,,,,,,,
Metformin,1.0,,,,,,,,,,,0.64,
Methadone,1.0,-4.6599998,,,,,,,,,,4.4,
Methamphetamine,,,,,,,,,,,,4.3,
Methapyrilene,0.0,,,,,,,,,,,,
Methicillin,,,,,,,,,,,,0.32,
Methimazole,1.0,,,,,,,,,,,0.86,
Methohexital,,,,,,,,,,,,1.1,
Methotrexate,1.0,,,,,,,,,,,0.43,
Methotrimeprazine,1.0,,,,,,,,,,,,
Methyl gallate,,-5.3899999,,,,,,,,,,,
Methyldopa,1.0,-6.619894,,,,,,,,,,0.69,
Methylergometrine,,,,,,,,,,,,0.96,
Methylnaltrexone,,,,,,,,,,,,2.6,
"Methylnortestosterone, 7α-, 19-",,,,,,,,,,,,0.8,
Methylparaben,,-4.46,,,,,,,,,,,
Methylphenidate,0.0,,,,,,,,,,,2.2,
Methylprednisolone,1.0,-5.1161518,,,,,,,,,,1.2,
"Methylthiomethylpaclitaxel, 7-",,,,,,,,,,,,11.0,
Methysergide,0.0,,,,,,,,,,,,
Metkephamid,,-7.309999900000001,,,,,,,,,,,
Metoclopramide,1.0,,,,,,,,,,,3.2,
Metocurine,,,,,,,,,,,,0.4,
Metolazone,1.0,-5.3049202000000015,,,,,,,,,,1.6,
Metopimazine,0.0,,,,,,,,,,,,
Metoprolol,1.0,-4.3493013,,,,,,,,,,3.1,
Metrizoate,,,,,,,,,,,,0.17,
Metronidazole,1.0,,,,,,,,,,,0.4,
Mexiletine,1.0,,,,,,,,,,,5.9,
Mezlocillin,,,,,,,,,,,,0.09,
Mianserin,1.0,,,,,,,,,,,13.75,
Mibefradil,1.0,,,,,,,,,,,3.1,
Micafungin,,,,,,,,,,,,0.21,
Miconazole,1.0,,,,,,,,,,,,
Micronomicin,,,,,,,,,,,,0.15,
Midazolam,1.0,,,,,,,,,,,1.1,
Midodrine,,,,,,,,,,,,0.67,
Mifamurtide,,,,,,,,,,,,5.8,
Mifepristone,1.0,,,,,,,,,,,0.01,
Miglitol,,,,,,,,,,,,0.28,
Mildronate,,,,,,,,,,,,0.7,
Milnacipran,1.0,,,,,,,,,,,4.51,
Milrinone,1.0,,,,,,,,,,,0.25,
Minocycline,1.0,,,,,,,,,,,1.6,
Minoxidil,1.0,,,,,,,,,,,0.9,
Mirabegron,,,,,,,,,,,,23.8,
Mirtazapine,1.0,,,,,,,,,,,4.2,
Misoprostol,1.0,,,,,,,,,,,,
Mitonafide,,,,,,,,,,,,11.3,
Mitotane,1.0,,,,,,,,,,,,
Mitoxantrone,,,,,,,,,,,,12.0,
Mivacurium (cis/cis),,,,,,,,,,,,0.27,
Mizolastine,1.0,,,,,,,,,,,0.38,
Moclobemide,1.0,,,,,,,,,,,1.1,
Molsidomine,1.0,,,,,,,,,,,1.4,
Mometasone Furoate,,,,,,,,,,,,2.2,
Montelukast,1.0,,,,,,,,,,,0.15,
Moricizine,1.0,,,,,,,,,,,,
Morinidazole,,,,,,,,,,,,0.75,
Morphine,1.0,,,,,,,,,,,2.3,
Morphine-6-Glucuronide,,,,,,,,,,,,0.12,
Moxalactam,,,,,,,,,,,,0.17,
Moxestrol,1.0,,,,,,,,,,,,
Moxifloxacin,1.0,,,,,,,,,,,1.4,
Moxonidine,1.0,,,,,,,,,,,1.8,
Muristerone A (28),,-4.9000001,,,,,,,,,,,
Mycophenolic acid,,,,,,,,,,,,0.77,
N-(3-tertbutylphenyl)-4-(pyridin-4-ylmethylamino)isothiazole-3-carboxamide (11),,-5.2516832,,,,,,,,,,,
N-(4-(Chlorodifluoromethoxy)phenyl)-1-(2-(pyridin-4-yl)ethyl)-1H-pyrazole-5-carboxamide (22),,-5.3275695,,,,,,,,,,,
N-(4-Chlorophenyl)-1-(2-(pyridin-4-yl)ethyl)-1H-pyrazole-5-carboxamide (11),,-5.1590075,,,,,,,,,,,
N-(4-tert-Butylphenyl)-1-(2-(pyridin-4-yl)ethyl)-1H-pyrazole-5-carboxamide (23),,-5.1295056,,,,,,,,,,,
N-Acetyl-D-alanine Phenethylamide (8),,-4.6095328,,,,,,,,,,,
N-Acetyl-D-alanyl-D-phenylalanine N-Methylamide (2),,-5.7484403,,,,,,,,,,,
N-Acetyl-D-cyclohexylalanine Phenethylamide (12),,-4.351765599999999,,,,,,,,,,,
N-Acetyl-D-cyclohexylalanyl-D-phenylalanine N-Methylamide (6),,-5.141333599999999,,,,,,,,,,,
N-Acetyl-D-leucine Phenethylamide (10),,-4.513246499999998,,,,,,,,,,,
N-Acetyl-D-leucyl-D-phenylalanine N-Methylamide (4),,-5.2142239,,,,,,,,,,,
N-Acetyl-D-phenylalanine Phenethylamide (11a),,-4.4210458,,,,,,,,,,,
N-Acetyl-D-phenylalanyl-D-phenylalanine N-Methylamide (5a),,-5.0499268,,,,,,,,,,,
N-Acetyl-D-valine Phenethylamide (9a),,-4.4610906,,,,,,,,,,,
N-Acetyl-D-valyl-D-phenylalanine N-Methylamide (3a),,-5.3900242,,,,,,,,,,,
N-Acetylglycine Phenethylamide (7),,-4.6597776,,,,,,,,,,,
N-[5-[(4-Dimethylaminobenzoyl)amino]pentyl]-2-mercaptoacetamide (S2),,-5.1324477,,,,,,,,,,,
N-acetyl-tryptophanamide,,-5.619999900000002,,,,,,,,,,,
N-carbobenzoxy-tryptophan,,-5.8000002,,,,,,,,,,,
N-desmethylclozapine,,-4.6799998,,,,,,,,,,,
NBI-1,,,,,,,,,,,,1.83,
NBI-2,,,,,,,,,,,,1.11,
NBI-3,,,,,,,,,,,,1.86,
NBI-4,,,,,,,,,,,,5.73,
NK 611,,,,,,,,,,,,0.3,
NK1NK2 analogue 104 (15f),,-5.1382737,,,,,,,,,,,
"NK1NK2 analogue 105 (MDL 105,212)",,-5.4105153,,,,,,,,,,,
NK1NK2 analogue 212 (15d),,-5.0814137000000015,,,,,,,,,,,
NS5B inhibitor 2,,-4.9593034000000005,,,,,,,,,,,
Nabumetone,1.0,,,,,,,,,,,,
Nadolol,1.0,,,,,,,,,,,1.9,
Nafarelin,,,,,,,,,,,,0.14,
Nafcillin,1.0,,,,,,,,,,,0.22,
Nalbuphine,0.0,,,,,,,,,,,4.6,
Nalmefene,1.0,,,,,,,,,,,8.2,
Naloxone,0.0,,,,,,,,,,,1.7,
Naltrexone,1.0,,,,,,,,,,,7.6,
Naphtidrofuryl oxalate,,,,,,,,,,,,0.98,
Naproxen,1.0,,,,,,,,,,,,
Napsagatran,,,,,,,,,,,,0.36,
Naratriptan,1.0,,,,,,,,,,,2.4,
Naringin,,-6.820000200000001,,,,,,,,,,,
Nateglinide,1.0,,,,,,,,,,,0.15,
Nebivolol,1.0,,,,,,,,,,,11.0,
Nedocromil,0.0,,,,,,,,,,,,
Nefazodone,0.0,,,,,,,,,,,0.51,
Nefopam,1.0,,,,,,,,,,,5.6,
Nelarabine,,,,,,,,,,,,4.9,
Nelfinavir,1.0,-6.1500001,,,,,,,,,,,
Nemonoxacin,,,,,,,,,,,,1.9,
Nemorubicin,,,,,,,,,,,,49.0,
Neostenine,,-4.9198675000000005,,,,,,,,,,,
Neostigmine,0.0,,,,,,,,,,,0.74,
Netilmicin,,,,,,,,,,,,0.07,
Netivudine (882C87),,-5.1687455,,,,,,,,,,,
Nevirapine,1.0,,,,,,,,,,,1.3,
Nicainoprol,,,,,,,,,,,,0.67,
Nicardipine,1.0,-4.9305754,,,,,,,,,,1.0,
Nicorandil,1.0,,,,,,,,,,,1.4,
Nicotine,1.0,,,,,,,,,,,2.6,
Nifedipine,1.0,-4.3319983,,,,,,,,,,0.79,
Nilvadipine,0.0,,,,,,,,,,,,
Nimodipine,0.0,,,,,,,,,,,1.1,
Nintedanib,,,,,,,,,,,,15.0,
Nisoldipine,0.0,-4.6999998,,,,,,,,,,5.5,
Nitrazepam,1.0,,,,,,,,,,,1.7,
Nitrendipine,0.0,-4.6200309,,,,,,,,,,6.1,
Nitrofurantoin,1.0,,,,,,,,,,,0.57,
Nizatidine,1.0,,,,,,,,,,,1.0,
Nocloprost,,,,,,,,,,,,0.16,
Nomifensine,,,,,,,,,,,,6.0,
Norepinephrine,0.0,,,,,,,,,,,,
Norfenefrine,0.0,,,,,,,,,,,,
Norfloxacin,1.0,,,,,,,,,,,,
Norfloxacine,,,,,,,,,,,,1.88,
Norgestrel,1.0,,,,,,,,,,,,
Nortilidine,,,,,,,,,,,,2.5,
Nortriptyline,1.0,,,,,,,,,,,22.0,
Noscapine,1.0,,,,,,,,,,,,
Nystatin,0.0,,,,,,,,,,,,
OR-1896,,,,,,,,,,,,2.38,
OXb,,-4.1799998,,,,,,,,,,,
OXc,,-4.8499999,,,,,,,,,,,
OXd,,-3.95,,,,,,,,,,,
OXe,,-5.2199998,,,,,,,,,,,
OXf,,-5.119999900000002,,,,,,,,,,,
OXh,,-5.6999998,,,,,,,,,,,
OXn,,-4.0100002,,,,,,,,,,,
OXo,,-4.7199998,,,,,,,,,,,
Octreotide,0.0,,,,,,,,,,,0.19,
Octylparaben,,-4.880000099999998,,,,,,,,,,,
Ofloxacin,1.0,,,,,,,,,,,1.6,
Olanzapine,1.0,,,,,,,,,,,,
Olcegepant,,,,,,,,,,,,0.31,
Oleandomycin,,,,,,,,,,,,0.77,
Olopatadine,,-5.0100002,,,,,,,,,,,
Olsalazine,0.0,,,,,,,,,,,0.07,
Ombrabulin,,,,,,,,,,,,0.44,
Omeprazole,1.0,,,,,,,,,,,0.24,
Ondansetron,1.0,,,,,,,,,,,1.8,
Org 12962,,-4.5999999,,,,,,,,,,,
Org 13011,,-4.7399998,,,,,,,,,,,
Org 23366,,-5.0599999,,,,,,,,,,,
Org 25907,,-4.8899999,,,,,,,,,,,
Org 28611,,,,,,,,,,,,1.0,
Org 33062,,-4.6999998,,,,,,,,,,,
Org 34037,,-4.7199998,,,,,,,,,,,
Org 34167,,-4.869999900000002,,,,,,,,,,,
Org 5222,,-4.73,,,,,,,,,,,
Ornidazole,,,,,,,,,,,,1.16,
Orphenadrine,1.0,,,,,,,,,,,,
Ortataxel,,,,,,,,,,,,13.83,
Oseltamivir acid,,,,,,,,,,,,0.37,
Otamixaban,,,,,,,,,,,,0.89,
Ouabain,0.0,-6.9593034,,,,,,,,,,,
Oxacillin,1.0,-4.879711599999999,,,,,,,,,,0.19,
Oxaprozin,1.0,-4.48,,,,,,,,,,,
Oxazepam,1.0,,,,,,,,,,,0.59,
Oxazolidin-2-one (OXa),,-4.5900002,,,,,,,,,,,
Oxcarbazepine,1.0,,,,,,,,,,,,
Oxiracetam,,,,,,,,,,,,0.55,
Oxitropium,0.0,,,,,,,,,,,,
Oxprenolol,1.0,,,,,,,,,,,0.72,
Oxprenolol ester,,-4.1920457,,,,,,,,,,,
Oxybutynin,0.0,,,,,,,,,,,0.85,
Oxycodone,1.0,,,,,,,,,,,2.5,
Oxyfedrine,1.0,,,,,,,,,,,,
Oxymatrine,,,,,,,,,,,,0.61,
Oxytetracycline,1.0,,,,,,,,,,,1.7,
PB-102,,-5.1224694,,,,,,,,,,,
PB-104,,-5.5875134000000015,,,,,,,,,,,
PB-26,,-5.6391363,,,,,,,,,,,
PB-27,,-5.7979398,,,,,,,,,,,
PB-43,,-4.9099998,,,,,,,,,,,
PDE-310,,-4.71,,,,,,,,,,,
PF-05212384,,,,,,,,,,,,2.39,
PF-4776548,,,,,,,,,,,,5.7,
PK11195,,,,,,,,,,,,1.7,
PNU 200603,,-6.4579659000000005,,,,,,,,,,,
PNU-100766,,-4.6788902000000006,,,,,,,,,,,
PNU-145156E,,,,,,,,,,,,0.27,
PNU-159548,,,,,,,,,,,,2.95,
PNU-179397,,-4.3099999,,,,,,,,,,,
PNU-179399,,-5.8880281,,,,,,,,,,,
PNU-179450,,-4.4308991,,,,,,,,,,,
PNU-179962,,-5.250906,,,,,,,,,,,
PNU-182347,,-4.8219547,,,,,,,,,,,
PNU-182945,,-4.769775900000001,,,,,,,,,,,
PNU-184147,,-4.7423639,,,,,,,,,,,
PNU-184148,,-4.4308991,,,,,,,,,,,
PNU-184249,,-4.4579659000000005,,,,,,,,,,,
PNU-184421,,-4.3783755,,,,,,,,,,,
PNU-184435,,-5.338621099999999,,,,,,,,,,,
PNU-184470,,-4.6391363,,,,,,,,,,,
PNU-241028,,-5.619894,,,,,,,,,,,
PNU-93936A,,-4.29,,,,,,,,,,,
PNU200001,,-6.6999998,,,,,,,,,,,
PNU200603,,-6.4699998,,,,,,,,,,,
PNU200647,,-4.6500001,,,,,,,,,,,
PNU200648,,-7.048939450000001,,,,,,,,,,,
PNU200681,,-6.6994848,,,,,,,,,,,
PNU200969,,-6.1512255499999995,,,,,,,,,,,
PR-104,,,,,,,,,,,,0.86,
Paclitaxel,,,,,,,,,,,,3.0,
Paeoniflorin,,,,,,,,,,,,0.22,
Palonosetron,,,,,,,,,,,,6.3,
Pamidronic acid (Pamidronate),,,,,,,,,,,,1.8,
Pancopride,,,,,,,,,,,,3.9,
Pancuronium,0.0,,,,,,,,,,,0.2,
Panipenem,,,,,,,,,,,,0.19,
Pantoprazole,1.0,,,,,,,,,,,0.17,
Papaverine,1.0,,,,,,,,,,,1.0,
Paraoxon,,-4.6900001,,,,,,,,,,,
Paricalcitol,,,,,,,,,,,,0.41,
Paromomycin,0.0,,,,,,,,,,,,
Paroxetine,1.0,,,,,,,,,,,18.0,
Patupilone,,,,,,,,,,,,14.4,
Pazopanib,,,,,,,,,,,,0.16,
Pazufloxacin,,,,,,,,,,,,0.68,
Pedelsine,,,,,,,,,,,,1.2,
Pefloxacin,1.0,,,,,,,,,,,1.5,
Pelrinone,,,,,,,,,,,,0.39,
Pemetrexed,,,,,,,,,,,,0.15,
Penbutolol,1.0,,,,,,,,,,,,
Penciclovir,1.0,,,,,,,,,,,1.1,
Penclomedine,1.0,,,,,,,,,,,9.1,
Penicillamine,1.0,,,,,,,,,,,,
Penicillin G,,-5.8697934,,,,,,,,,,0.24,
"Pentadeca-(8Z,13Z)dien-11-yn-2-one (5)",,-5.0,,,,,,,,,,,
Pentamidine,0.0,,,,,,,,,,,53.0,
Pentazocine,0.0,,,,,,,,,,,3.4,
Pentobarbital,1.0,,,,,,,,,,,0.91,
Pentostatin,,,,,,,,,,,,0.59,
Pentoxifylline,1.0,-4.1799998,,,,,,,,,,1.8,
Pergolide,1.0,,,,,,,,,,,,
Perindopril,1.0,,,,,,,,,,,,
Perindoprilat,,,,,,,,,,,,0.76,
Perphenazine,1.0,,,,,,,,,,,18.0,
Phenacetin,1.0,,,,,,,,,,,1.4,
Phenazepam,,,,,,,,,,,,6.23,
Phencyclidine,1.0,,,,,,,,,,,6.9,
Phencyclidine (PCP),,-4.48,,,,,,,,,,,
Phenethicillin,,,,,,,,,,,,0.3,
Phenindione,1.0,,,,,,,,,,,,
Pheniramine,1.0,,,,,,,,,,,,
Phenobarbital,1.0,-4.630000099999998,,,,,,,,,,0.54,
Phenoperidine,0.0,,,,,,,,,,,,
Phenoxymethylpenicillin,,,,,,,,,,,,0.41,
Phenprocoumon,,,,,,,,,,,,0.2,
Phenylbutazone,1.0,,,,,,,,,,,,
Phenylephrine,1.0,,,,,,,,,,,,
Phenylpropanolamine,1.0,,,,,,,,,,,,
Phenytoin,1.0,,,,,,,,,,,,
Phylloquinone,,,,,,,,,,,,0.32,
Physostigmine,0.0,,,,,,,,,,,,
Picumast,,,,,,,,,,,,1.3,
Pidotimod,,,,,,,,,,,,0.31,
Pimobendan,,,,,,,,,,,,2.0,
Pimozide,1.0,,,,,,,,,,,,
Pinacidil,,,,,,,,,,,,1.1,
Pindolol,1.0,,,,,,,,,,,1.2,
Pinocembrin,,,,,,,,,,,,0.8,
Pioglitazone,1.0,,,,,,,,,,,,
Pipecuronium,,,,,,,,,,,,0.35,
Pipemidic acid,,,,,,,,,,,,0.88,
Piperacillin,,,,,,,,,,,,0.27,
Piperphentonamine,,,,,,,,,,,,2.13,
Pipotiazine,1.0,,,,,,,,,,,,
Pirarubicin,,,,,,,,,,,,43.2,
Pirenzepine,0.0,,,,,,,,,,,1.71,
Piretanide,1.0,,,,,,,,,,,0.17,
Piritramide,,,,,,,,,,,,4.7,
Piritrexim,1.0,,,,,,,,,,,,
Pirmenol,,,,,,,,,,,,1.4,
Piroxicam,1.0,-4.4490995,,,,,,,,,,,
Piroximone,,,,,,,,,,,,0.65,
Pitavastatin,,,,,,,,,,,,0.9,
Pixantrone,,,,,,,,,,,,10.1,
Plazomicin,,,,,,,,,,,,0.22,
Plinabulin,,,,,,,,,,,,3.0,
PoA 2-methyl ether (16),,-4.6999998,,,,,,,,,,,
PoA 22-methyl ether (18),,-4.579999900000002,,,,,,,,,,,
PoA 3.22-dimethyl ether (20),,-4.5380535,,,,,,,,,,,
Ponasterone A (26),,-4.7199998,,,,,,,,,,,
Posaconazole,,,,,,,,,,,,3.8,
Practolol,1.0,,,,,,,,,,,,
Pralatrexate (R),,,,,,,,,,,,0.53,
Pralatrexate (S),,,,,,,,,,,,1.5,
Pralidoxime,,,,,,,,,,,,0.8,
Pramipexole,1.0,,,,,,,,,,,7.0,
Pranoprofen; pyranoprofen,,-4.3899999,,,,,,,,,,,
Pravastatin,0.0,-5.869999900000002,,,,,,,,,,0.46,
Praziquantel,0.0,,,,,,,,,,,,
Prazocin,,-4.8899999,,,,,,,,,,,
Prazosin,1.0,,,,,,,,,,,0.73,
Prednisolone,1.0,-5.369999900000002,,,,,,,,,,0.86,
Prednisone,,,,,,,,,,,,0.57,
Prenalterol,1.0,,,,,,,,,,,4.28,
Prilocaine,,,,,,,,,,,,3.7,
Primaquine,1.0,,,,,,,,,,,4.0,
Primidone,1.0,,,,,,,,,,,,
Probenecid,1.0,,,,,,,,,,,0.13,
Probucol,0.0,,,,,,,,,,,,
Procainamide,1.0,,,,,,,,,,,2.2,
Prochlorperazine,0.0,,,,,,,,,,,22.0,
Procyclidine,1.0,,,,,,,,,,,0.74,
Progesterone,1.0,,,,,,,,,,,,
Promazine,,-4.380000099999998,,,,,,,,,,8.1,
Promethazine,1.0,-3.7777722,,,,,,,,,,14.0,
Propafenone,0.0,,,,,,,,,,,2.2,
Propiomazine,1.0,,,,,,,,,,,,
Propionyl-L-carnitine,,,,,,,,,,,,0.3,
Propiverine,,,,,,,,,,,,2.73,
Propofol,,,,,,,,,,,,4.7,
Propoxyphene,,,,,,,,,,,,12.0,
Propranolol,1.0,,,,,,,,,,,3.1,
Propranolol ester,,-4.1608586,,,,,,,,,,,
Propylparaben,,-4.3899999,,,,,,,,,,,
Propylthiouracil,1.0,,,,,,,,,,,0.34,
Proquazone,0.0,,,,,,,,,,,0.52,
Proscillaridin,0.0,-6.2299852,,,,,,,,,,,
Protriptyline,1.0,,,,,,,,,,,,
Proxyphylline,1.0,,,,,,,,,,,,
Pseudoephedrine,1.0,,,,,,,,,,,,
Pseudohypericin,,,,,,,,,,,,0.56,
Pseudostrychnine (Psd),,-4.6001629999999984,,,,,,,,,,,
Puerarin (34),,-6.3989701,,,,,,,,,,,
Putrescine,,-4.5179658,,,,,,,,,,,
Pyr-His-Pro-NH2 (TRH),,-6.8313413,,,,,,,,,,,
Pyridostigmine,0.0,,,,,,,,,,,1.1,
Pyrilamine Maleate,,-4.6599998,,,,,,,,,,,
Pyrimethamine,1.0,-4.23,,,,,,,,,,0.43,
Quercetin,,,,,,,,,,,,0.12,
"Quercetin 3,4'-diglucoside",,-7.0478787,,,,,,,,,,,
Quercitrin (21),,-6.0999999,,,,,,,,,,,
Quetiapine,1.0,,,,,,,,,,,,
Quinacrine,,,,,,,,,,,,45.0,
Quinapril,1.0,,,,,,,,,,,,
Quinaprilat,,,,,,,,,,,,0.13,
Quinidine,1.0,-4.6799998,,,,,,,,,,2.9,
Quinine,1.0,,,,,,,,,,,1.8,
Quinupristin,,,,,,,,,,,,0.67,
R 82913,,,,,,,,,,,,21.98,
R-Apomorphine,,,,,,,,,,,,1.6,
RGB-286638,,,,,,,,,,,,5.9,
RO0270608,,,,,,,,,,,,0.3,
RPR 109881A,,,,,,,,,,,,12.0,
RSD921,,,,,,,,,,,,1.1,
Rabeprazole,1.0,,,,,,,,,,,0.22,
Raclopride,,,,,,,,,,,,1.1,
Raloxifene,0.0,,,,,,,,,,,7.5,
Raloxifene HCl,,-5.7227535000000005,,,,,,,,,,,
Raltitrexed,,,,,,,,,,,,6.57,
Ramelteon,,,,,,,,,,,,1.05,
Ramipril,1.0,,,,,,,,,,,,
Ranitidine,1.0,,,,,,,,,,,1.2,
Ranolazine,,,,,,,,,,,,1.2,
Rebaudioside A,,-6.9593034,,,,,,,,,,,
Reboxetine,1.0,,,,,,,,,,,0.65,
Recainam,,,,,,,,,,,,1.4,
Regadenoson,,,,,,,,,,,,0.94,
Remifentanil,,,,,,,,,,,,0.4,
Remikiren,,,,,,,,,,,,0.77,
Remikiren (Ro 42-5892),,-6.1300907,,,,,,,,,,,
Remimazolam,,,,,,,,,,,,0.44,
Remoxipride,,,,,,,,,,,,0.65,
Repaglinide,1.0,,,,,,,,,,,0.35,
Repinotan,,,,,,,,,,,,0.21,
Reserpine,1.0,-5.369999900000002,,,,,,,,,,,
Rhodamine 123 (Rho 123),,-5.9411516,,,,,,,,,,,
Ribavirin,1.0,,,,,,,,,,,14.0,
Ribostamycin,,,,,,,,,,,,0.25,
Ridogrel,,,,,,,,,,,,0.43,
Rifabutin,0.0,,,,,,,,,,,9.3,
Rifampicin,,-5.399786,,,,,,,,,,,
Rifampin,,,,,,,,,,,,0.97,
Rigosertib,,,,,,,,,,,,0.11,
Riluzole,1.0,,,,,,,,,,,3.5,
Risedronic acid (Risedronate),,,,,,,,,,,,6.3,
Risperidone,1.0,,,,,,,,,,,1.1,
Ritanserin,,,,,,,,,,,,1.41,
Ritipenem,,,,,,,,,,,,0.24,
Ritodrine,1.0,,,,,,,,,,,4.4,
Ritonavir,1.0,,,,,,,,,,,,
Rivaroxaban,,,,,,,,,,,,0.7,
Rivastigmine,1.0,,,,,,,,,,,1.3,
Rivulobirin A,,-4.48,,,,,,,,,,,
Rizatriptan,1.0,,,,,,,,,,,1.9,
Ro25-6833,,,,,,,,,,,,0.11,
Rocuronium,,,,,,,,,,,,0.21,
Rofecoxib,1.0,-4.619999900000002,,,,,,,,,,1.3,
Roflumilast,,,,,,,,,,,,1.92,
Rolipram,1.0,,,,,,,,,,,0.67,
Rolitetracycline,,,,,,,,,,,,0.54,
Rolofylline,,,,,,,,,,,,4.3,
Romidepsin,,,,,,,,,,,,1.2,
Ropinirole,1.0,,,,,,,,,,,7.7,
Ropivacaine,,,,,,,,,,,,0.75,
Roquinimex,,,,,,,,,,,,0.21,
Rosaramicin,,,,,,,,,,,,2.83,
Rosiglitazone,1.0,,,,,,,,,,,0.2,
Rosuvastatin,0.0,,,,,,,,,,,1.7,
Rotigotine,,,,,,,,,,,,5.7,
Roxithromycin,1.0,-5.7397189000000015,,,,,,,,,,,
Rutaecarpine (RCP),,-5.0582528,,,,,,,,,,,
S 12363,,,,,,,,,,,,4.67,
S-0139,,,,,,,,,,,,1.45,
S-6j,,-4.7544875,,,,,,,,,,,
S-nitrosylated captopril (CapNO),,-4.5,,,,,,,,,,,
S1,,-5.0300002,,,,,,,,,,,
S2,,-5.29,,,,,,,,,,,
SACV,,-5.329999900000002,,,,,,,,,,,
SB209670,,-5.23,,,,,,,,,,,
SB639,,-5.5207167,,,,,,,,,,,
SDZ-RAD,,-4.630000099999998,,,,,,,,,,,
SNS-032,,,,,,,,,,,,5.14,
SR 271425,,,,,,,,,,,,1.01,
SR 4554,,,,,,,,,,,,0.69,
Sabeluzole,,,,,,,,,,,,5.5,
Saccharin,1.0,,,,,,,,,,,,
Salvianolic acid A (SAA),,-7.2277412,,,,,,,,,,,
Salvianolic acid D (SAD),,-7.179570699999998,,,,,,,,,,,
Saquinavir,0.0,-6.2800002,,,,,,,,,,3.6,
SarCNU,,,,,,,,,,,,0.76,
Sardomozide,,,,,,,,,,,,20.0,
Satavaptan,,,,,,,,,,,,7.0,
Saxagliptin,,,,,,,,,,,,1.8,
Sch34343,,,,,,,,,,,,0.3,
Scopolamine,1.0,-4.724059099999999,,,,,,,,,,3.1,
Selegiline,0.0,,,,,,,,,,,1.9,
Sematilide,,,,,,,,,,,,0.82,
Semaxanib,,,,,,,,,,,,0.98,
Setrobuvir (ANA598),,-5.8899999,,,,,,,,,,,
Silatecan,,,,,,,,,,,,0.47,
Sildenafil,1.0,,,,,,,,,,,1.36,
Simvastatin,0.0,-5.170000099999998,,,,,,,,,,,
Sinitrodil,,,,,,,,,,,,0.68,
Sipatrigine,,,,,,,,,,,,24.0,
Sisomicin,,,,,,,,,,,,0.19,
Sitafloxacin,1.0,,,,,,,,,,,1.5,
Sitagliptin,,,,,,,,,,,,2.8,
Soblidotin,,,,,,,,,,,,0.42,
Sobrerol,1.0,,,,,,,,,,,,
Solifenacin,,,,,,,,,,,,8.2,
Sorivudine (BVaraU),,-5.3899999,,,,,,,,,,,
Sotalol,1.0,,,,,,,,,,,1.3,
Sparfloxacin,1.0,,,,,,,,,,,3.9,
Sparfloxacin (SPX),,-4.7784066,,,,,,,,,,,
Sparfosic acid,,,,,,,,,,,,0.33,
Spectinomycin,,,,,,,,,,,,0.13,
Spiramycin,1.0,,,,,,,,,,,5.4,
Spirapril,,,,,,,,,,,,0.43,
Spironolactone,1.0,-4.5008955,,,,,,,,,,,
Spisulosine,,,,,,,,,,,,30.7,
Squalamine,,,,,,,,,,,,0.23,
Stavudine,1.0,,,,,,,,,,,0.67,
Stavudine (d4T),,-5.3483939000000005,,,,,,,,,,,
Streptomycin,0.0,,,,,,,,,,,0.34,
Streptozocin,1.0,,,,,,,,,,,,
Strychnine (Str),,-4.5086198,,,,,,,,,,,
Sucrose,,-5.9186072,,,,,,,,,,,
Sufentanil,,,,,,,,,,,,9.4,
Sugammadex,,,,,,,,,,,,0.18,
Sulbactam,,,,,,,,,,,,0.32,
Sulbenicillin,,,,,,,,,,,,0.15,
Sulfadiazine,1.0,,,,,,,,,,,0.29,
Sulfamethazine,1.0,,,,,,,,,,,,
Sulfamethizole,,-5.8393164,,,,,,,,,,,
Sulfamethoxazole,1.0,,,,,,,,,,,0.3,
Sulfanilic acid,,-5.4299998,,,,,,,,,,,
Sulfasalamide,,-5.7088718,,,,,,,,,,,
Sulfasalazine,1.0,-6.5171175,,,,,,,,,,0.11,
Sulfinpyrazone,1.0,,,,,,,,,,,0.12,
Sulfisoxazole,1.0,,,,,,,,,,,0.17,
Sulindac,1.0,,,,,,,,,,,,
Sulmazole,,,,,,,,,,,,0.62,
Sulpiride,1.0,,,,,,,,,,,0.94,
Sumatriptan,0.0,-5.6828976,,,,,,,,,,1.7,
Suprofen,1.0,,,,,,,,,,,0.04,
Suramin,,,,,,,,,,,,0.54,
Susalimod,,,,,,,,,,,,0.1,
T2000,,-4.4499998,,,,,,,,,,,
T2007,,-4.46,,,,,,,,,,,
TAS-106,,,,,,,,,,,,1.1,
TH-302,,,,,,,,,,,,0.64,
TMC435350 (32c),,-5.0778604000000005,,,,,,,,,,,
TZP 101,,,,,,,,,,,,0.1,
Tacrine,1.0,,,,,,,,,,,11.0,
Tacrolimus,1.0,-5.1500001,,,,,,,,,,1.2,
Talinolol,1.0,-4.9684534000000005,,,,,,,,,,3.3,
Tamarixetin (17),,-5.0013065,,,,,,,,,,,
Tamoxifen,1.0,-4.3221111,,,,,,,,,,,
Tamsulosin,1.0,,,,,,,,,,,0.21,
Tanshinol (TSL),,-5.9118199,,,,,,,,,,,
Tariquidar,,,,,,,,,,,,6.4,
Tasidotin,,,,,,,,,,,,0.33,
Taxifolin (29),,-6.5093193,,,,,,,,,,,
Tazarotene,,,,,,,,,,,,3.55,
Tazobactam,,,,,,,,,,,,0.26,
Tebufelone,,,,,,,,,,,,12.0,
Tedizolid,,,,,,,,,,,,0.91,
Tegaserod,,,,,,,,,,,,5.3,
Teicoplanin A2-1,,,,,,,,,,,,0.92,
Teicoplanin A2-2,,,,,,,,,,,,0.83,
Teicoplanin A2-3,,,,,,,,,,,,0.57,
Teicoplanin A2-4,,,,,,,,,,,,0.57,
Teicoplanin A2-5,,,,,,,,,,,,0.42,
Telaprevir,,-5.3899999,,,,,,,,,,,
Telavancin,,,,,,,,,,,,0.11,
Telcagepant,,,,,,,,,,,,0.86,
Telithromycin,1.0,,,,,,,,,,,3.0,
Telmisartan,1.0,,,,,,,,,,,5.3,
Temafloxacin,1.0,,,,,,,,,,,,
Temazepam,1.0,,,,,,,,,,,,
Temocillin,,,,,,,,,,,,0.11,
Temozolomide,1.0,,,,,,,,,,,0.5,
Temsirolimus,,,,,,,,,,,,3.0,
Tenidap,,-4.3103647,,,,,,,,,,,
Teniposide,1.0,-6.0500002,,,,,,,,,,0.41,
Tenofovir,1.0,,,,,,,,,,,0.83,
Tenoxicam,1.0,,,,,,,,,,,0.19,
Terazosin,1.0,,,,,,,,,,,0.98,
Terbutaline,0.0,,,,,,,,,,,1.5,
Terfenadine,0.0,-5.2600002,,,,,,,,,,,
Terguride,0.0,,,,,,,,,,,,
Teriflunomide,,,,,,,,,,,,0.16,
Terlipressin,,,,,,,,,,,,0.24,
Terodiline,1.0,,,,,,,,,,,5.1,
Tertatolol,1.0,,,,,,,,,,,,
Tesaglitazar,,,,,,,,,,,,0.13,
Testosterone,0.0,,,,,,,,,,,,
Tetrabenazine,0.0,,,,,,,,,,,,
Tetracycline,1.0,,,,,,,,,,,1.2,
"Tetradec-(8Z)-ene-11,13-diyn-2-one (6)",,-4.492425,,,,,,,,,,,
"Tetrahydrocannabinol, D9-",,,,,,,,,,,,8.9,
"Tetrahydrocannabinol,11-Nor-9-carboxy-D9-",,,,,,,,,,,,1.28,
Tezosentan,,,,,,,,,,,,0.28,
Thalidomide,,-4.6999998,,,,,,,,,,0.95,
Theophylline,1.0,,,,,,,,,,,0.51,
Thiamin (Vitamin B1),,-5.2685814,,,,,,,,,,,
Thiamphenicol glycinate,,,,,,,,,,,,0.13,
Thioguanine,,,,,,,,,,,,2.89,
Thionylan (Methapyrilene),,,,,,,,,,,,3.3,
Thiopental,,,,,,,,,,,,1.2,
Thioridazine,1.0,,,,,,,,,,,,
Thiotepa,,,,,,,,,,,,1.6,
Tiagabine,1.0,,,,,,,,,,,1.1,
Tianeptine,1.0,,,,,,,,,,,0.3,
Tiapride,,,,,,,,,,,,1.1,
Tiaprofenic acid,,,,,,,,,,,,0.08,
Tiazofurin,,,,,,,,,,,,1.1,
Ticarcillin,0.0,,,,,,,,,,,0.16,
Tigecycline,,,,,,,,,,,,12.0,
Tilidine,,,,,,,,,,,,4.0,
Tiludronate,,,,,,,,,,,,0.23,
Timolol,1.0,,,,,,,,,,,1.5,
Tinidazole,1.0,-4.52,,,,,,,,,,0.59,
Tiopronin,1.0,,,,,,,,,,,1.39,
Tiotidine,,-5.6587887000000014,,,,,,,,,,,
Tiotropium,,,,,,,,,,,,32.0,
Tirapazamine,,,,,,,,,,,,0.56,
Tirilazad,,,,,,,,,,,,9.8,
Tirofiban,,,,,,,,,,,,0.99,
Tizanidine,1.0,,,,,,,,,,,2.4,
Toborinone,,,,,,,,,,,,1.6,
Tobramycin,0.0,,,,,,,,,,,0.23,
Tocainide,1.0,,,,,,,,,,,1.8,
Tofacitinib,,,,,,,,,,,,1.24,
Tofogliflozin,,,,,,,,,,,,0.63,
Tolamolol,,,,,,,,,,,,4.0,
Tolbutamide,1.0,,,,,,,,,,,0.12,
Tolcapone,1.0,,,,,,,,,,,0.12,
Tolmetin,1.0,,,,,,,,,,,,
Toloxatone,,,,,,,,,,,,1.5,
Tolterodine,,,,,,,,,,,,1.5,
Tolvaptan,,,,,,,,,,,,0.5,
Tomopenem,,,,,,,,,,,,0.23,
Tonapofylline,,,,,,,,,,,,0.76,
Topiramate,1.0,,,,,,,,,,,0.8,
Topixantrone,,,,,,,,,,,,57.0,
Topotecan,1.0,,,,,,,,,,,1.8,
Toremifene,1.0,,,,,,,,,,,,
Torsemide,,,,,,,,,,,,0.21,
Toxogonin,,,,,,,,,,,,0.17,
Tozasertib,,,,,,,,,,,,5.1,
Trabectedin,,,,,,,,,,,,25.0,
Tramadol,1.0,,,,,,,,,,,2.8,
Trametinib,,,,,,,,,,,,13.94,
Trandolapril,0.0,,,,,,,,,,,0.25,
Tranexamic acid,,,,,,,,,,,,0.38,
Trapidil,1.0,,,,,,,,,,,,
Traxoprodil,,,,,,,,,,,,4.4,
Trazodone,1.0,-4.619999900000002,,,,,,,,,,0.52,
Treosulfan,1.0,,,,,,,,,,,0.59,
Treprostinil,,,,,,,,,,,,0.23,
Triamcinolone Acetonide,,,,,,,,,,,,1.4,
Triamterene,1.0,,,,,,,,,,,13.0,
Triapine,,,,,,,,,,,,0.41,
Triazolam,1.0,-4.5500002,,,,,,,,,,0.58,
Trihexyphenidyl,1.0,,,,,,,,,,,,
Trimazosin,1.0,,,,,,,,,,,0.18,
Trimethobenzamide,,-4.96,,,,,,,,,,,
Trimethoprim,1.0,,,,,,,,,,,1.5,
Trimetrexate,1.0,,,,,,,,,,,0.77,
Trimipramine,1.0,,,,,,,,,,,16.0,
Troglitazone,1.0,,,,,,,,,,,,
Tropatepine,,,,,,,,,,,,11.85,
Tropisetron,1.0,,,,,,,,,,,9.7,
Trospectomycin,,,,,,,,,,,,0.7,
Trospium,,,,,,,,,,,,5.1,
Trovafloxacin,1.0,,,,,,,,,,,1.3,
Troxacitabine,,,,,,,,,,,,1.0,
Tryptanthrin,,-4.1999998,,,,,,,,,,,
Tubocurarine,,,,,,,,,,,,0.45,
Tulobuterol,1.0,,,,,,,,,,,,
U-84656 (IV),,-5.8998151,,,,,,,,,,,
"UK 224,671",,-5.8969545,,,,,,,,,,,
"UK-240,455",,,,,,,,,,,,0.8,
Umbelliferone,,-4.5710139000000005,,,,,,,,,,,
Urapidil,1.0,,,,,,,,,,,0.75,
Uridine,0.0,,,,,,,,,,,,
Ursolic acid,,,,,,,,,,,,0.54,
V,,-4.85000015,,,,,,,,,,,
VACV,,-5.3499999,,,,,,,,,,,
VIII,,-4.5700002,,,,,,,,,,,
VLA-4 antagonist 2,,-5.369999900000002,,,,,,,,,,,
VLA-4 antagonist 3,,-5.170000099999998,,,,,,,,,,,
VLA-4 antagonist 4,,-5.3400002,,,,,,,,,,,
VLA-4 antagonist 5,,-5.5999999,,,,,,,,,,,
VLA-4 antagonist 6,,-5.6900001,,,,,,,,,,,
VX-950,,-5.3200002,,,,,,,,,,,
Val-ACV,,-5.6697760000000015,,,,,,,,,,,
Valdecoxib,1.0,,,,,,,,,,,0.75,
Valproic Acid,,,,,,,,,,,,0.14,
Valproic acid,,-4.3200002,,,,,,,,,,,
Valsartan,1.0,-6.2600002,,,,,,,,,,0.22,
Valspodar,,,,,,,,,,,,1.8,
Vancomycin,,,,,,,,,,,,0.54,
Vardenafil,,,,,,,,,,,,3.0,
Vecuronium,0.0,,,,,,,,,,,,
Vecuronium Bromide,,,,,,,,,,,,0.3,
Velcalcetide,,,,,,,,,,,,0.5,
Venlafaxine,1.0,,,,,,,,,,,4.4,
Verapamil,1.0,-4.961279900000001,,,,,,,,,,3.7,
Verlukast,,,,,,,,,,,,0.11,
Vernakalant,,,,,,,,,,,,1.8,
Verteporfin-Mac,,,,,,,,,,,,0.63,
Verteporfin-Mad,,,,,,,,,,,,0.51,
Vestipitant,,,,,,,,,,,,3.8,
Vidarabine,0.0,,,,,,,,,,,,
Vigabatrin,1.0,,,,,,,,,,,,
Vilanterol,,,,,,,,,,,,2.38,
Vildagliptin,,,,,,,,,,,,1.03,
Viloxazine,1.0,-4.3899999,,,,,,,,,,0.73,
Vinblastine,,,,,,,,,,,,28.0,
Vincamine,0.0,,,,,,,,,,,,
Vincristine,,,,,,,,,,,,2.4,
Vindesine,,,,,,,,,,,,5.0,
Vinorelbine,1.0,,,,,,,,,,,23.0,
Vinpocetine,0.0,,,,,,,,,,,2.08,
Viqualine,,,,,,,,,,,,24.4,
Vismodegib,,,,,,,,,,,,0.23,
Volasertib,,,,,,,,,,,,80.5,
Voriconazole,1.0,,,,,,,,,,,2.2,
Vorinostat,,,,,,,,,,,,0.5,
Vorinostat (SAHA-suberoylanilide hydroxamic acid),,-5.629466099999999,,,,,,,,,,,
Vortioxetine,,,,,,,,,,,,35.3,
Warfarin,1.0,,,,,,,,,,,0.13,
XI,,-4.5900002,,,,,,,,,,,
XIV,,-4.77,,,,,,,,,,,
XK469R,,,,,,,,,,,,0.19,
XM970,,-5.1999998,,,,,,,,,,,
XP13512,,-4.5093193,,,,,,,,,,,
XR5000,,,,,,,,,,,,3.41,
Xaliproden (SR57746),,-4.73,,,,,,,,,,,
Xamoterol,0.0,,,,,,,,,,,0.64,
Xipamide,1.0,,,,,,,,,,,,
Xylose_D,,,,,,,,,,,,0.23,
Y 20811,,,,,,,,,,,,0.37,
YH439,,-4.5100002,,,,,,,,,,,
YM155,,,,,,,,,,,,23.7,
Yohimbine,1.0,,,,,,,,,,,0.48,
Yohimbine (YOH),,-4.8099999,,,,,,,,,,,
ZD-9331,,,,,,,,,,,,0.53,
Zalcitabine,1.0,,,,,,,,,,,0.54,
Zaleplon,1.0,,,,,,,,,,,1.3,
Zalypsis,,,,,,,,,,,,12.6,
Zanamivir,0.0,,,,,,,,,,,0.23,
Zearalenone (ZEN),,-4.98,,,,,,,,,,,
Zidovudine,1.0,,,,,,,,,,,1.8,
Zimelidine,,,,,,,,,,,,6.8,
Ziprasidone,1.0,,,,,,,,,,,1.0,
Ziracin,,,,,,,,,,,,0.39,
Zoledronic Acid,,,,,,,,,,,,0.6,
Zolmitriptan,1.0,,,,,,,,,,,1.8,
Zolpidem,1.0,-4.5,,,,,,,,,,0.54,
Zomepirac,,-4.6100001,,,,,,,,,,,
Zonampanel,,,,,,,,,,,,0.19,
Zoniporide,,,,,,,,,,,,1.7,
Zonisamide,1.0,,,,,,,,,,,,
Zopiclone,1.0,,,,,,,,,,,1.3,
Zotarolimus,,,,,,,,,,,,1.3,
Zotepine,0.0,,,,,,,,,,,,
[D-Ala2]Met-enkephalin,,-7.02,,,,,,,,,,,
a,,-5.8899999,,,,,,,,,,,
a-Zearalanol (a-ZAL),,-4.8200002,,,,,,,,,,,
a-Zearalenol (a-ZEL),,-5.27,,,,,,,,,,,
aceclofenac,,-4.4099998,,,,,,,,,,,
acetaminophen,,-4.4400001,,,,,,,,,,,
alminoprofen,,-4.3400002,,,,,,,,,,,
amfenac sodium,,-4.52,,,,,,,,,,,
amoxicillin,,-6.1524997,,,,,,,,,,,
ampicillin,,-5.6999998,,,,,,,,,,,
artesunate,,-5.4000001,,,,,,,,,,,
atropine,,-4.6999998,,,,,,,,,,,
b,,-5.5999999,,,,,,,,,,,
benzoic acid,,-4.0050001,,,,,,,,,,,
benzylpenicillin,,-6.0250001,,,,,,,,,,,
betazolol,,-4.8099999,,,,,,,,,,,
betazolol ester,,-4.52,,,,,,,,,,,
caffeine,,-4.3400002,,,,,,,,,,,
camptothecin,,-4.1100001000000015,,,,,,,,,,,
carboxamido 28,,-4.059999899999998,,,,,,,,,,,
cefazolin,,-6.23,,,,,,,,,,,
ceftriaxone,,-6.764999900000001,,,,,,,,,,,
cephalexin,,-6.3600001,,,,,,,,,,,
cephalexin acetylated,,-6.630000099999998,,,,,,,,,,,
cimetidine,,-5.9000001,,,,,,,,,,,
clozapine,,-4.5100002,,,,,,,,,,,
codeine,,-4.0900002,,,,,,,,,,,
corticosterone,,-4.4850001,,,,,,,,,,,
creatinine,,-5.935409099999998,,,,,,,,,,,
cyclo[Trp-Ala-Gly-Gly-Asp-Ala],,-7.0307584,,,,,,,,,,,
cymarin,,-5.6999998,,,,,,,,,,,
d-praeruptorin,,-4.579999900000002,,,,,,,,,,,
daidzin ,,-6.3600001,,,,,,,,,,,
danazol,,-4.8400002,,,,,,,,,,,
desoxycarticosterone,,-4.670000099999998,,,,,,,,,,,
dexamethasone b D glucoside,,-6.54,,,,,,,,,,,
dexamethasone b D glucuronide,,-6.119999900000002,,,,,,,,,,,
echinacoside,,-6.650000099999999,,,,,,,,,,,
elarofiban,,-6.21,,,,,,,,,,,
enalapril,,-5.6719999,,,,,,,,,,,
epinephrine,,-6.125,,,,,,,,,,,
eriodictyol ,,-5.2800002,,,,,,,,,,,
erythromycin,,-5.7800002,,,,,,,,,,,
famotidine,,-6.0700002,,,,,,,,,,,
fexofenadine,,-6.5100002,,,,,,,,,,,
fexofenadine hydrochloride,,-5.6999998,,,,,,,,,,,
fluparoxan,,-4.099999899999999,,,,,,,,,,,
ganciclovir,,-6.369999900000002,,,,,,,,,,,
glycerol,,-4.829999900000002,,,,,,,,,,,
glycine-valine acyclovir,,-5.2800002,,,,,,,,,,,
guanabenz,,-4.6799998,,,,,,,,,,,
hesperetin ,,-4.7399998,,,,,,,,,,,
hexapeptide 01,,-5.8200002,,,,,,,,,,,
hexapeptide 03,,-5.8200002,,,,,,,,,,,
hexapeptide 04,,-5.8200002,,,,,,,,,,,
hexapeptide 05,,-5.8200002,,,,,,,,,,,
hexapeptide 06,,-5.8200002,,,,,,,,,,,
hexapeptide 07,,-5.8200002,,,,,,,,,,,
hexapeptide 08,,-5.8200002,,,,,,,,,,,
hexapeptide 09,,-5.3000002,,,,,,,,,,,
hexapeptide 12,,-5.8200002,,,,,,,,,,,
hexapeptide 13,,-5.8200002,,,,,,,,,,,
hexapeptide 14,,-5.8200002,,,,,,,,,,,
hexapeptide 15,,-5.8200002,,,,,,,,,,,
hexapeptide 16,,-5.3000002,,,,,,,,,,,
hexapeptide 18,,-5.3000002,,,,,,,,,,,
hexapeptide 19,,-5.8200002,,,,,,,,,,,
hexapeptide 20,,-5.8200002,,,,,,,,,,,
hexapeptide 22,,-5.8200002,,,,,,,,,,,
hexapeptide 23,,-5.8200002,,,,,,,,,,,
hexapeptide 24,,-5.8200002,,,,,,,,,,,
hexapeptide 25,,-5.8200002,,,,,,,,,,,
hexapeptide 26,,-5.3000002,,,,,,,,,,,
hexapeptide 27,,-5.3000002,,,,,,,,,,,
hexapeptide 28,,-5.0,,,,,,,,,,,
hexapeptide 29,,-5.8200002,,,,,,,,,,,
hexapeptide 32,,-5.8200002,,,,,,,,,,,
hexapeptide 33,,-5.8200002,,,,,,,,,,,
hexapeptide 34,,-5.8200002,,,,,,,,,,,
hexapeptide 37,,-5.8200002,,,,,,,,,,,
hexapeptide 38,,-5.8200002,,,,,,,,,,,
hexapeptide 41,,-5.2600002,,,,,,,,,,,
hexapeptide 42,,-5.8200002,,,,,,,,,,,
hexapeptide 43,,-5.8200002,,,,,,,,,,,
hexapeptide 47,,-5.3000002,,,,,,,,,,,
hexapeptide 48,,-5.3000002,,,,,,,,,,,
hexapeptide 51,,-5.3000002,,,,,,,,,,,
hexapeptide 52,,-4.6999998,,,,,,,,,,,
hexapeptide 53,,-5.3000002,,,,,,,,,,,
hexapeptide 54,,-5.0,,,,,,,,,,,
hexapeptide 55,,-5.3000002,,,,,,,,,,,
hexapeptide 56,,-5.0999999,,,,,,,,,,,
hexapeptide 57,,-5.1500001,,,,,,,,,,,
hexapeptide 58,,-5.3000002,,,,,,,,,,,
hexapeptide 59,,-5.3000002,,,,,,,,,,,
hexapeptide 60,,-5.3000002,,,,,,,,,,,
hydralazine,,-5.170000099999998,,,,,,,,,,,
hydrocortisone,,-4.6599998,,,,,,,,,,,
imipramine,,-4.8509998,,,,,,,,,,,
indobufen,,-4.3899999,,,,,,,,,,,
indomethacin,,-4.6900001,,,,,,,,,,,
isoquercitrin ,,-6.170000099999998,,,,,,,,,,,
isovitexin ,,-6.1999998,,,,,,,,,,,
kaempferide ,,-5.1900001,,,,,,,,,,,
ketoconazole,,-4.9299998,,,,,,,,,,,
lamotrigine,,-4.3899999,,,,,,,,,,,
lansoprazole,,-4.1100001000000015,,,,,,,,,,,
lisinopril,,-7.389999900000001,,,,,,,,,,,
loracarbef,,-7.3400002,,,,,,,,,,,
meloxicam,,-4.71,,,,,,,,,,,
methanol,,-4.4899998,,,,,,,,,,,
methylscopolamine,,-6.1599998,,,,,,,,,,,
metolazone,,-5.21,,,,,,,,,,,
nadalol,,-5.4109998,,,,,,,,,,,
naproxen,,-4.6599998,,,,,,,,,,,
naproxen sodium,,-4.329999900000002,,,,,,,,,,,
naringenin,,-4.6550002,,,,,,,,,,,
neolignan smi02,,-5.3400002,,,,,,,,,,,
neolignan smi05,,-4.73,,,,,,,,,,,
neolignan smi06,,-4.5900002,,,,,,,,,,,
neolignan smi07,,-4.619999900000002,,,,,,,,,,,
neolignan smi08,,-4.5500002,,,,,,,,,,,
neolignan smi09,,-4.5100002,,,,,,,,,,,
neolignan smi10,,-4.6500001,,,,,,,,,,,
nitrendipine,,-4.8499999,,,,,,,,,,,
omeprazole,,-4.1700001,,,,,,,,,,,
ouabain,,-7.23,,,,,,,,,,,
oxacillin,,-5.579999900000002,,,,,,,,,,,
oxprenolol ester,,-4.545000099999998,,,,,,,,,,,
pravastatin,,-5.8400002,,,,,,,,,,,
prazosin,,-4.987,,,,,,,,,,,
prednisolone,,-4.7199998,,,,,,,,,,,
preladenant,,-5.3499999,,,,,,,,,,,
propranolol ester,,-4.5100002,,,,,,,,,,,
puerarin ,,-6.4000001,,,,,,,,,,,
quercitrin ,,-6.0999999,,,,,,,,,,,
quinidine,,-4.6900001,,,,,,,,,,,
raffinose,,-7.619999900000002,,,,,,,,,,,
rapamycin,,-4.96,,,,,,,,,,,
saquinavir,,-6.2600002,,,,,,,,,,,
scopolamine,,-4.928,,,,,,,,,,,
serotonin,,-4.8600001,,,,,,,,,,,
sildenafil,,-4.5100002,,,,,,,,,,,
sulfadiazine,,-4.75,,,,,,,,,,,
sulfamethoxazole,,-4.880000099999998,,,,,,,,,,,
sulfasalazine,,-5.378171,,,,,,,,,,,
tenidap,,-4.5700002,,,,,,,,,,,
tenoxicam,,-4.6100001,,,,,,,,,,,
theophylline,,-4.3499999,,,,,,,,,,,
tiotidine,,-5.880000099999998,,,,,,,,,,,
tryptophan,,-5.3899999,,,,,,,,,,,
tryptophanamide,,-4.920000099999998,,,,,,,,,,,
ursolic acid,,-5.5500002,,,,,,,,,,,
verapamil,,-4.579999900000002,,,,,,,,,,,
vinblastine,,-5.48,,,,,,,,,,,
ximelagatran,1.0,,,,,,,,,,,,
zidovudine,,-5.0599999,,,,,,,,,,,
