chembl_id,bioavailability_frac,caco2_log_permeability,caco2_permeability_cm_s,clearance_cell_uL_min_1e6,clearance_hepatic_l_h,clearance_l_h,fu_frac,half_life_h,microsome_clearance_uL_min_mg,microsome_clint_l_h,microsome_hepatic_l_h,vd_l_kg,smiles
(+)dOTC,,,,,,,,,,,,0.84,
(-)-Epicatechin (36),,-6.4311924000000005,,,,,,,,,,,
(-)-epicatechin,,-6.2199998,,,,,,,,,,,C1C(C(OC2=CC(=CC(=C21)O)O)C3=CC(=C(C=C3)O)O)O
(-)dOTC,,,,,,,,,,,,1.18,
"(2E,4Z,8Z)-N-isobutyldodeca-2,4,10-triene-8 -ynamide",,-3.8599999,,,,,,,,,,,
"(2E,4Z,8Z)-N-isobutyldodeca-2,4,10-triene-8 -ynamide (4) mw = 245",,-4.0,,,,,,,,,,,
"(2E,9Z)-N-(2-methylbutyl)pentadeca-2,9-diene-12,14-diynamide",,-4.4299998,,,,,,,,,,,
"(E)-4-(3,4-dimethoxyphenyl)but-3-en-1-yl linoleate (1)",,-4.8498521,,,,,,,,,,,
"(E)-4-(3,4-dimethoxyphenyl)but-3-en-1-yl oleate (2)",,-5.0101638,,,,,,,,,,,
(E-Z)-19a,,-5.1399999,,,,,,,,,,,
(Z)-19b,,-5.4000001,,,,,,,,,,,
(Z)-19c,,-5.0700002,,,,,,,,,,,
(Z)-19d,,-5.420000099999998,,,,,,,,,,,
(Z)-19e,,-4.829999900000002,,,,,,,,,,,
(Z)-19f,,-5.3200002,,,,,,,,,,,
(Z)-19g,,-5.1599998,,,,,,,,,,,
-,,-4.158266966666667,,,,,,,,,,,
014-Ampicillin,,-6.1023731,,,,,,,,,,,
016-Ceftibuten,,-6.0604806,,,,,,,,,,,
061-Amiloride,,-5.5642352,,,,,,,,,,,
1,,-5.357343033333333,,,,,,,,,,,
1-Aminocyclopropanecarboxylic Acid,,,,,,,,,,,,0.73,C1CC1(C(=O)O)N
1-naphthol,,-4.4899998,,,,,,,,,,,C1=CC=C2C(=C1)C=CC=C2O
10,,-5.776903633333333,,,,,,,,,,,
1029-Dihydrotetrabenazine isomer,,-4.598685700000001,,,,,,,,,,,
1033-Dextromethorphan (DEM),,-4.628932,,,,,,,,,,,
107-zidovudine,,-5.1850867,,,,,,,,,,,
10b,,-5.3289509000000015,,,,,,,,,,,
10c,,-5.6999998,,,,,,,,,,,
10d,,-5.0,,,,,,,,,,,CC(CCOP(=O)(O)OP(=O)(O)O)CF
11,,-5.703978566666667,,,,,,,,,,,
11-keto-beta-boswellic acid (KBA),,-5.8000002,,,,,,,,,,,
11b,,-5.521439099999999,,,,,,,,,,,
11c,,-4.9204097,,,,,,,,,,,
11d,,-4.3886080000000005,,,,,,,,,,,CN(C)C1=CC=CC2=C1C=CC=C2S(=O)(=O)NCCCCCCCCCCC(=O)O
11e,,-4.4308991,,,,,,,,,,,C1=CC2=C(C=C1C(=O)NCC(=O)O)SC(=N2)N
11f,,-4.7979398,,,,,,,,,,,CC1=C(C(=NC(=N1)N)N)C#CC(C)C2=CC(=C(C=C2)C3=CC=CC=C3)OC
12,,-5.7702575,,,,,,,,,,,
12c,,-5.521439099999999,,,,,,,,,,,C1=CC(=C(C(=C1)OCCCCC(=O)O)C=O)O
12d,,-5.503591050000001,,,,,,,,,,,C1=C(C=C(C2(C1[N+](=O)[O-])OC3C(OC(C3O2)N4C=NC5=C(N=CN=C54)N)COP(=O)(O)OP(=O)(O)O)[N+](=O)[O-])[N+](=O)[O-]
12g,,-5.5514212,,,,,,,,,,,
12q,,-5.8219547,,,,,,,,,,,
13,,-5.3152216800000005,,,,,,,,,,,
13c,,-5.52,,,,,,,,,,,
13d,,-5.8000002,,,,,,,,,,,
13e,,-5.7199998,,,,,,,,,,,CC1(CN2C=C(N=C2O1)[N+](=O)[O-])COC3=CC=C(C=C3)N4CCN(CC4)S(=O)(=O)C5=CC=C(C=C5)C(F)(F)F
13g,,-5.5,,,,,,,,,,,
13h,,-5.3600001,,,,,,,,,,,
13i,,-5.5900002,,,,,,,,,,,CCOC(=O)C1=CC=CC=CCCNC(=O)C2=C(CC1=O)C(=C(C=C2O)O)Cl
13j,,-5.2450004,,,,,,,,,,,CC(C)C1=CC=C(C=C1)NC(=O)C2=CC=CC(=C2)C3=NN(C4=NC=NC(=C34)N)C5CCCN(C5)C(=O)CCS
14,,-5.643190625,,,,,,,,,,,
14c,,-4.9723473,,,,,,,,,,,
15,,-5.7979398,,,,,,,,,,,
150-Artesunate,,-5.4001169,,,,,,,,,,,
15f,,-4.5917602,,,,,,,,,,,C1=CC=C(C=C1)C[N+]2=CC=C(C=C2)COC(C(Cl)(Cl)Cl)N
15j,,-4.856985099999998,,,,,,,,,,,C1CN(CCC1CO)C2=C(C=CC=N2)OC3=CC=C(C=C3)NC4=NC5=CC=CC=C5N4
16,,-6.057347766666667,,,,,,,,,,,
16-acetyl gitoxin,,,,,,,,,,,,0.78,CC1C(C(CC(O1)OC2C(OC(CC2O)OC3C(OC(CC3O)OC4CCC5(C(C4)CCC6C5CCC7(C6(CC(C7C8=CC(=O)OC8)OC(=O)C)O)C)C)C)C)O)O
167-cephradine,,-5.6925039,,,,,,,,,,,
17,,-6.188375,,,,,,,,,,,
170-Grepafloxacin hydrochloride (GRX),,-4.9825492,,,,,,,,,,,
174-Guanabenz,,-4.363411900000001,,,,,,,,,,,
17d,,-4.9186072,,,,,,,,,,,C1=CC=C(C=C1)CC2=CC=CC=C2C(=O)O
"18 (5R,S)",,-5.6319547,,,,,,,,,,,
187-Saquinavir,,-5.8616972,,,,,,,,,,,
19,,-5.0116143,,,,,,,,,,,
2,,-5.9381936,,,,,,,,,,,
"2',3'-dideoxyinosine (ddI)",,-5.6708102,,,,,,,,,,,C1CC(OC1CO)N2C=NC3=C2N=CNC3=O
"2-Amino-1-methyl-6-phenylimidazo-[4,5-b]pyridine (PhIP)",,-4.820511799999999,,,,,,,,,,,
20,,-4.6636984,,,,,,,,,,,
20(S)-camptothecin (CPT),,-4.3318486,,,,,,,,,,,
20-Hydroxyecdysone (25),,-4.79,,,,,,,,,,,
205-Fluoxetine,,-4.9299622,,,,,,,,,,,
20E 22-allyl ether (7),,-4.6900001,,,,,,,,,,,
20E 22-ethyl ether (5),,-4.8600001,,,,,,,,,,,
20E 22-methyl ether (4),,-4.79,,,,,,,,,,,
20E 25-methyl ether (10),,-4.7600002,,,,,,,,,,,
21,,-5.0,,,,,,,,,,,
21b,,-5.9593034000000005,,,,,,,,,,,CNCCC=C1C2=CC=CC=C2CCC3=CC=CC=C31
21c,,-5.8519359,,,,,,,,,,,C1CN(CCC1NS(=O)(=O)CCS)C(=O)CNC2=CC(=C(C=C2O)Cl)Cl
21d,,-5.8000002,,,,,,,,,,,C1=CC2=C(C=CC=C2S(=O)(=O)O)C(=C1)S(=O)(=O)O
21e,,-5.54,,,,,,,,,,,CC(C)(C)N1C(=C(C(=N1)C2=NC3=CC=CC=C3C=C2)C(=O)N)N
22,,-5.404981725,,,,,,,,,,,
228-Raffinose,,-7.309804,,,,,,,,,,,
23,,-5.737847833333333,,,,,,,,,,,
234-Cortisone,,-4.5086384000000015,,,,,,,,,,,
24,,-5.529712833333334,,,,,,,,,,,
243-Famotidine,,-5.9488473,,,,,,,,,,,
247-Lobucavir,,-6.0555172,,,,,,,,,,,
25,,-5.123333266666666,,,,,,,,,,,
25a,,-5.769775900000001,,,,,,,,,,,C1=NC(=C2C(=N1)N(C=N2)C3C(C(C(O3)COP(=O)(O)OC4C(C(OC4N5C=NC6=C(N=CN=C65)N)COP(=O)(O)OC7C(C(OC7N8C=NC9=C(N=CN=C98)N)COP(=O)(O)O)O)O)O)O)N
25c,,-5.6994848,,,,,,,,,,,
25e,,-5.5693183,,,,,,,,,,,C1=CC(=CC=C1CN=NC(=S)NC2C(C(C(C(O2)CO)O)O)O)O
25f,,-5.8880281,,,,,,,,,,,C1=CC=C2C(=C1)C(=O)NC(=N2)C3=CC=C(C=C3)Br
26,,-4.6900001,,,,,,,,,,,
263-Amrinone,,-4.7544875,,,,,,,,,,,
27,,-4.9099998,,,,,,,,,,,
28,,-5.2600002,,,,,,,,,,,
285-Ephedrine,,-4.9913998,,,,,,,,,,,
29,,-5.29,,,,,,,,,,,
2c,,-7.0,,,,,,,,,,,
2d,,-4.5086384000000015,,,,,,,,,,,C1CN=C2C3=C(C=C(C=C3)Br)SN2C1
2e,,-4.5528421,,,,,,,,,,,
2f,,-4.7447276,,,,,,,,,,,C1CN=C2C3=C(C=C(C=C3)C4=CC5=C(C=C4)OCO5)SN2C1
2g,,-4.5686364,,,,,,,,,,,
2h,,-4.6020598,,,,,,,,,,,O
2i,,-4.6382723,,,,,,,,,,,
2j,,-4.5528421,,,,,,,,,,,
2k,,-4.6382723,,,,,,,,,,,
2l,,-4.6020598,,,,,,,,,,,
2m,,-4.5376019,,,,,,,,,,,CC1C(CC(O1)N2C=C(C(=O)NC2=O)C)OP(=O)(O)OCC3C(CC(O3)N4C=CC(=NC4=O)N)OP(=O)(O)OCC5C(CC(O5)N)O
2n,,-4.5528421,,,,,,,,,,,
2o,,-4.6020598,,,,,,,,,,,
3,,-5.52575978,,,,,,,,,,,
"3',4''-diCl BZT",,-5.5975828000000005,,,,,,,,,,,
3'-Cl BZT,,-4.662271,,,,,,,,,,,
3'-L-Ile-FUdR,,-5.5599999,,,,,,,,,,,
3-O-demethylfortimicin A,,,,,,,,,,,,0.27,CC(C1CCC(C(O1)OC2C(C(C(C(C2O)N(C)C(=O)CN)O)O)N)N)N
"3-[5-(4-hydroxyphenyl)-1,3-oxazol-2-yl]phenol (18)",,-5.1011863,,,,,,,,,,,
30,,-5.1100001,,,,,,,,,,,
30d,,-5.7979398,,,,,,,,,,,
31,,-4.8202834,,,,,,,,,,,
32,,-5.099535800000001,,,,,,,,,,,
32b,,-4.8880281,,,,,,,,,,,CCC(C1=C(C(=C(C=C1)C(=O)O)OC2=CC(=CC=C2)Cl)OC)N3CCCC(C3)N4C=C(C(=O)NC4=O)C
32f,,-5.238286,,,,,,,,,,,C1=CC=C2C(=C1)C(=O)NC(=N2)C3=CC=C(C=C3)OCC(=O)O
32g,,-4.8219547,,,,,,,,,,,C1C2C(C(S1)CCCCCC3=CN(N=N3)CCCCN4C=NC5=C(N=CN=C54)N)NC(=O)N2
32h,,-4.9204097,,,,,,,,,,,C1=CC(=CC=C1C2=C(SC3=C2C(=C(C(=O)N3)C#N)O)Br)Br
34,,-5.589919433333333,,,,,,,,,,,
341908,,-4.331273599999999,,,,,,,,,,,
35,,-4.6493707,,,,,,,,,,,
353462,,-4.1700001,,,,,,,,,,,
354400,,-4.5388007,,,,,,,,,,,
36,,-4.988223300000001,,,,,,,,,,,
366094,,-5.0,,,,,,,,,,,
366853,,-5.187450900000001,,,,,,,,,,,
368177,,-4.907450700000001,,,,,,,,,,,
4,,-5.810210733333332,,,,,,,,,,,
4'-Cl BZT,,-4.9114642,,,,,,,,,,,
4-(Pyridin-4-ylmethylamino)-N-(3-(trifluoromethyl)phenyl)isothiazole-3-carboxamide (3),,-5.158072,,,,,,,,,,,
4-(quinolin-4-ylmethylamino)-N-(3-(trifluoromethyl)phenyl)isothiazole-3-carboxamide (30),,-5.5700002,,,,,,,,,,,
403-Atorvastatin,,-5.309804,,,,,,,,,,,
"453-(2E,4E,8Z,10Z)-N-Isobutyldodeca-2,4,8,10-tetraenamide (5) mw=247",,-4.2441254,,,,,,,,,,,
45a,,-4.8899999,,,,,,,,,,,CP(=O)(O)OCC1C(C(C(O1)N2C=NC3=C(N=CN=C32)N)O)O
45b,,-5.2199998,,,,,,,,,,,CC(=O)N1CCN(CC1)C(=O)CC2=CC=C(C=C2)NC3=NC=C(C(=N3)NC4=CC=C(C=C4)C(=O)NC5=CC=CC=C5Cl)F
45c,,-4.6999998,,,,,,,,,,,C1=C(C(=CC(=C1Cl)Cl)O)O
48,,-5.3665314,,,,,,,,,,,
48d,,-5.1919103,,,,,,,,,,,
48e,,-5.9593034000000005,,,,,,,,,,,C1=CC=C(C=C1)C2=CN(N=N2)C(CO)C(=O)NCC3C(C(C(O3)N4C=CC(=O)NC4=O)O)O
49,,-5.7447276,,,,,,,,,,,
4b,,-5.5,,,,,,,,,,,
4c,,-5.6600001,,,,,,,,,,,
4d,,-5.5,,,,,,,,,,,
4f,,-6.0,,,,,,,,,,,
4g,,-5.5,,,,,,,,,,,C1CNC(=NC1)C2=C(C(=CC=C2)Br)S
4h,,-5.3000002,,,,,,,,,,,
5,,-5.647924400000001,,,,,,,,,,,
5'-L-Asp-FUdR,,-6.4899998,,,,,,,,,,,
5'-L-Leu-FUdR,,-6.0100002,,,,,,,,,,,
5'-L-Val-FUdR,,-5.29,,,,,,,,,,,
5'-L-glycyl-L-leucyl-floxuridine,,-5.2006745,,,,,,,,,,,
5'-L-isoleucyl-floxuridine,,-5.5908804000000005,,,,,,,,,,,
5'-L-leucyl-L-glycyl-floxuridine,,-5.4206805000000005,,,,,,,,,,,
5'-L-phenylalanyl-cytarabine (5),,-5.6999998,,,,,,,,,,,
5'-L-phenylalanyl-floxuridine,,-5.3891382000000005,,,,,,,,,,,
5'-L-valyl-L-phenylalanyl-floxuridine,,-6.080461,,,,,,,,,,,
5'-L-valyl-cytarabine (2),,-5.23,,,,,,,,,,,
"5,7,4'-TMF",,-4.5595455000000005,,,,,,,,,,,
"5,7-DMF",,-4.6313224,,,,,,,,,,,
5-Hydroxymethyl tolterodine,,,,,,,,,,,,2.41,CC(C)N(CCC(C1=CC=CC=C1)C2=C(C=CC(=C2)CO)O)C(C)C
5-aminolevulinic acid,,-5.3400002,,,,,,,,,,,C(CC(=O)O)C(=O)CN
5-chlorosalicylic acid,,-4.98,,,,,,,,,,,C1=CC(=C(C=C1Cl)C(=O)O)O
51a,,-4.8899999,,,,,,,,,,,CC(=O)NC1=CN=C([N+]2=C1NN=C2)NCC3=C(C=CC4=C3CCO4)F
51d,,-5.3000002,,,,,,,,,,,C1=CN(N=C1)C2=NC=NC(=C2)C3=C(C(=CC(=C3)C#N)Cl)F
51e,,-5.0500002,,,,,,,,,,,C1=CC(=NC=C1F)C2=CC(=NC=N2)C3=CC(=CC(=C3)C#N)Cl
5d,,-6.0999999,,,,,,,,,,,
5m,,-6.3000002,,,,,,,,,,,O[Si](=O)[O-].O[Si](=O)[O-].[Al+2]
6,,-5.570015239999999,,,,,,,,,,,
60a,,-4.5900002,,,,,,,,,,,CC(COCCO)OC=O
60c,,-4.4899998,,,,,,,,,,,C12=C3C4=C5C6=C1C7=C8C9=C1C%10=C%11C(=C29)C3=C2C3=C4C4=C5C5=C9C6=C7C6=C7C8=C1C1=C8C%10=C%10C%11=C2C2=C3C3=C4C4=C5C5=C%11C%12=C(C6=C95)C7=C1C1=C%12C5=C%11C4=C3C3=C5C(=C81)C%10=C23
619C89,,,,,,,,,,,,15.31,CN1CCN(CC1)C2=NC=C(C(=N2)N)C3=C(C(=CC(=C3)Cl)Cl)Cl
"643-(2E,4E,8Z)-N-isobutyldodeca-2,4,8-trienamide (6) mw = 249",,-4.6989698,,,,,,,,,,,
65,,-5.221849,,,,,,,,,,,
659-Harmane,,-5.223299,,,,,,,,,,,
677-Prednisolone,,-5.4436975,,,,,,,,,,,
679-Captopril (Cap),,-4.8153086,,,,,,,,,,,
67c,,-4.4899998,,,,,,,,,,,CN(C)C(=O)C1=CC=CC(=C1)C2=CN(C(=O)C3=C2C=CN3)CCC=C
6MAQH (W2),,-4.8496218,,,,,,,,,,,
6b,,-5.7209244,,,,,,,,,,,
7,,-5.63885665,,,,,,,,,,,
"7,4'-DHF",,-5.2123351,,,,,,,,,,,C1=CC(=CC=C1C2=CC(=O)C3=C(O2)C=C(C=C3)O)O
"7,4'-DMF",,-4.6010299,,,,,,,,,,,
7-MF,,-4.6479459,,,,,,,,,,,
732-Amitriptyline,,-3.9006648,,,,,,,,,,,
74,,-5.6989698,,,,,,,,,,,
795-Coptisine chloride (COP),,-4.9574246,,,,,,,,,,,
7d,,-5.3000002,,,,,,,,,,,
8,,-5.929649366666666,,,,,,,,,,,
"8-Hydroxy-pentadeca-(9E,13Z)-dien-11-yn-2-one (2)",,-4.3099017,,,,,,,,,,,
801-Yohimbine (YOH),,-4.8124795,,,,,,,,,,,
808-Asn-Ala-NH2,,-6.5885487000000005,,,,,,,,,,,
852A,,,,,,,,,,,,3.1,CCC1=NC2=C(N1CCCCNS(=O)(=O)C)C3=CC=CC=C3N=C2N
"877-(2S,4S,5R)-2-[(4'-Chlorophenyl)-4-methyl-1,3-dioxan-5-yl]amine (5h)",,-4.9279342,,,,,,,,,,,
"878-(2S,4S,5R)-2-[(4'-Nitrophenyl)-4-methyl-1,3-dioxan-5-yl]amine (5i)",,-4.8885694000000015,,,,,,,,,,,
"879-(cis)-[2-(E-Phenylvinyl)-1,3-dioxan-5-yl]amine (6a)",,-4.9913998,,,,,,,,,,,
"880-(2S,4S,5R)-[2-(E-Phenylvinyl)-4-methyl-1,3-dioxan-5-yl]amine (6b)",,-4.9880071,,,,,,,,,,,
881-13h,,-4.9920392,,,,,,,,,,,
882-13i,,-4.9846401,,,,,,,,,,,
"883-(cis)-[2-(E-Phenylvinyl)-1,3-dioxan-5-yl]phenylacetamide (14a)",,-5.0498786,,,,,,,,,,,
884-14b,,-5.050365900000001,,,,,,,,,,,
9,,-5.59722805,,,,,,,,,,,
9-Nitrocamptothecin (9-NC),,-5.198543099999998,,,,,,,,,,,
943-Ketotifen fumarate (38),,-3.9546771,,,,,,,,,,,
AACV,,-5.6900001,,,,,,,,,,,
ACHT 4-10,,,,,,,,,,,,0.73,
AFN-1252,,,,,,,,,,,,0.43,CC1=C(OC2=CC=CC=C12)CN(C)C(=O)C=CC3=CC4=C(NC(=O)CC4)N=C3
AMP579,,,,,,,,,,,,0.84,CCC(CC1=C(C=CS1)Cl)NC2=C3C=CN(C3=NC=N2)C4CC(C(C4O)O)C(=O)NCC
AP1903,,,,,,,,,,,,0.62,CCC(C1=CC(=C(C(=C1)OC)OC)OC)C(=O)N2CCCCC2C(=O)OC(CCC3=CC(=C(C=C3)OC)OC)C4=CC(=CC=C4)OCC(=O)NCCNC(=O)COC5=CC=CC(=C5)C(CCC6=CC(=C(C=C6)OC)OC)OC(=O)C7CCCCN7C(=O)C(CC)C8=CC(=C(C(=C8)OC)OC)OC
AZD4877,,,,,,,,,,,,6.74,CC1=CC=C(C=C1)C(=O)N(CCCN)C(C2=NC3=C(C(=NS3)C)C(=O)N2CC4=CC=CC=C4)C(C)C
Abacavir,1.0,,,,,,,,,,,0.84,C1CC1NC2=C3C(=NC(=N2)N)N(C=N3)C4CC(C=C4)CO
Abanoquil,,,,,,,,,,,,6.3,COC1=C(C=C2CN(CCC2=C1)C3=NC4=CC(=C(C=C4C(=C3)N)OC)OC)OC
Ac-(NMe-D-phe)3-NH2,,-4.6937804000000005,,,,,,,,,,,
Ac-(NMe-D-phe)3-NHMe,,-4.494889700000001,,,,,,,,,,,
Ac-C8-Enk-NH (3),,-5.9699998,,,,,,,,,,,
Ac-D-phe-(NMe-D-phe)2-NH2 {[14C]-Acf(N-Mef)2NH2 },,-4.922927400000002,,,,,,,,,,,
Ac-D-phe-NH2,,-5.10009,,,,,,,,,,,
Ac-D-phe2-(NMe-D-phe)-NH2,,-5.3484769,,,,,,,,,,,
Ac-D-phe2-NH2,,-5.6994848,,,,,,,,,,,
Ac-D-phe3-NH2,,-5.764868700000001,,,,,,,,,,,
Ac-Gly-Asn-Ala-NH2,,-6.5900002,,,,,,,,,,,
Ac-Gly-Lys-Ala-NH2,,-7.0100002,,,,,,,,,,,
Ac-Trp-Ala-Gly-Gly-Asp-Ala-NH2,,-7.4981046,,,,,,,,,,,CC(C(=O)N)NC(=O)C(CC(=O)O)NC(=O)CNC(=O)CNC(=O)C(C)NC(=O)C(CC1=CNC2=CC=CC=C21)NC(=O)C
Ac-Trp-Ala-Gly-Gly-Lys-Ala-NH2,,-7.309999900000001,,,,,,,,,,,
Acamprosate,0.0,,,,,,,,,,,0.3,CC(=O)NCCCS(=O)(=O)O
Acarbose,0.0,,,,,,,,,,,0.32,CC1C(C(C(C(O1)OC2C(OC(C(C2O)O)OC(C(CO)O)C(C(C=O)O)O)CO)O)O)NC3C=C(C(C(C3O)O)O)CO
Acebutolol,1.0,,,,,,,,,,,1.7,CCCC(=O)NC1=CC(=C(C=C1)OCC(CNC(C)C)O)C(=O)C
Acecainide (N-acetylprocainamide),,,,,,,,,,,,1.9,
Acenocoumarol,,,,,,,,,,,,0.24,CC(=O)CC(C1=CC=C(C=C1)[N+](=O)[O-])C2=C(C3=CC=CC=C3OC2=O)O
Acetaminophen,1.0,,,,,,,,,,,1.0,CC(=O)NC1=CC=C(C=C1)O
Acetazolamide,1.0,,,,,,,,,,,0.37,CC(=O)NC1=NN=C(S1)S(=O)(=O)N
Acetyl-Trp-Ala-Gly-Gly-Asn-Ala-Amide,,-7.29,,,,,,,,,,,
Acetylcysteine,0.0,,,,,,,,,,,,CC(=O)NC(CS)C(=O)O
"Acetylcysteine, N-",,,,,,,,,,,,0.55,
"Acetylmethadol, L-",,,,,,,,,,,,8.3,
Acetylsalicylic Acid,,,,,,,,,,,,0.22,CC(=O)OC1=CC=CC=C1C(=O)O
Acipimox,1.0,,,,,,,,,,,,CC1=CN=C(C=[N+]1[O-])C(=O)O
Acitretin,1.0,,,,,,,,,,,,CC1=CC(=C(C(=C1C=CC(=CC=CC(=CC(=O)O)C)C)C)C)OC
Acivicin,,,,,,,,,,,,0.5,C1C(ON=C1Cl)C(C(=O)O)N
Aclidinium bromide,,,,,,,,,,,,4.3,C1C[N+]2(CCC1C(C2)OC(=O)C(C3=CC=CS3)(C4=CC=CS4)O)CCCOC5=CC=CC=C5.[Br-]
Acrivastine,,-5.720623000000002,,,,,,,,,,,CC1=CC=C(C=C1)C(=CCN2CCCC2)C3=CC=CC(=N3)C=CC(=O)O
Acrylamide,,-4.5693183,,,,,,,,,,,C=CC(=O)N
Actisomide,,,,,,,,,,,,0.58,CC1=NC(=O)C(C2N1CCCC2)(CCN(C(C)C)C(C)C)C3=CC=CC=C3
Acyclovir,0.0,-5.9899998,,,,,,,,,,0.71,C1=NC2=C(N1COCCO)N=C(NC2=O)N
Adefovir,0.0,,,,,,,,,,,0.42,C1=NC(=C2C(=N1)N(C=N2)CCOCP(=O)(O)O)N
Adinazolam,1.0,,,,,,,,,,,0.98,CN(C)CC1=NN=C2N1C3=C(C=C(C=C3)Cl)C(=NC2)C4=CC=CC=C4
Ajmalicine (AMC),,-4.8187928,,,,,,,,,,,
Ajmaline,,,,,,,,,,,,4.0,CCC1C2CC3C4C5(CC(C2C5O)N3C1O)C6=CC=CC=C6N4C
Ajmaline (AML),,-4.9387093,,,,,,,,,,,
Albuterol (salbutamol),,,,,,,,,,,,1.9,
Alcuronium,0.0,,,,,,,,,,,0.32,C=CC[N+]12CCC34C1CC(C(=CCO)C2)C5=CN6C7C(=CN(C53)C8=CC=CC=C48)C9CC1C7(CC[N+]1(CC9=CCO)CC=C)C1=CC=CC=C16
Alendronate,,,,,,,,,,,,0.33,C(CC(O)(P(=O)(O)O)P(=O)(O)O)CN
Alfentanil,0.0,,,,,,,,,,,0.45,CCC(=O)N(C1=CC=CC=C1)C2(CCN(CC2)CCN3C(=O)N(N=N3)CC)COC
Alfuzosin,1.0,-5.6399999,,,,,,,,,,1.5,CN(CCCNC(=O)C1CCCO1)C2=NC3=CC(=C(C=C3C(=N2)N)OC)OC
Alizapride,1.0,,,,,,,,,,,1.6,COC1=CC2=C(C=C1C(=O)NCC3CCCN3CC=C)NN=N2
Allopurinol,1.0,,,,,,,,,,,0.58,C1=NNC2=C1C(=O)NC=N2
Almitrine,1.0,,,,,,,,,,,35.37,C=CCNC1=NC(=NC(=N1)N2CCN(CC2)C(C3=CC=C(C=C3)F)C4=CC=C(C=C4)F)NCC=C
Almokalant,,,,,,,,,,,,1.8,CCCS(=O)CCCN(CC)CC(COC1=CC=C(C=C1)C#N)O
Almorexant,,,,,,,,,,,,9.75,CNC(=O)C(C1=CC=CC=C1)N2CCC3=CC(=C(C=C3C2CCC4=CC=C(C=C4)C(F)(F)F)OC)OC
Almotriptan,1.0,,,,,,,,,,,2.2,CN(C)CCC1=CNC2=C1C=C(C=C2)CS(=O)(=O)N3CCCC3
Alosetron,1.0,,,,,,,,,,,1.1,CC1=C(N=CN1)CN2CCC3=C(C2=O)C4=CC=CC=C4N3C
Alpiropride,,,,,,,,,,,,2.3,CNS(=O)(=O)C1=C(C=C(C(=C1)C(=O)NCC2CCCN2CC=C)OC)N
Alprazolam,1.0,,,,,,,,,,,0.8,CC1=NN=C2N1C3=C(C=C(C=C3)Cl)C(=NC2)C4=CC=CC=C4
Alprenolol,0.0,,,,,,,,,,,3.2,CC(C)NCC(COC1=CC=CC=C1CC=C)O
Alprenolol ester,,-4.1507826,,,,,,,,,,,
Alprostadil,0.0,,,,,,,,,,,2.4,CCCCCC(C=CC1C(CC(=O)C1CCCCCCC(=O)O)O)O
Amantadine,1.0,,,,,,,,,,,6.6,C1C2CC3CC1CC(C2)(C3)N
Ambroxol,1.0,,,,,,,,,,,,C1CC(CCC1NCC2=C(C(=CC(=C2)Br)Br)N)O
Amdinocillin,0.0,,,,,,,,,,,0.37,CC1(C(N2C(S1)C(C2=O)N=CN3CCCCCC3)C(=O)O)C
Amezinium,,,,,,,,,,,,4.0,COC1=[N+](N=CC(=C1)N)C2=CC=CC=C2
Amfenac,,-4.52,,,,,,,,,,,C1=CC=C(C=C1)C(=O)C2=CC=CC(=C2N)CC(=O)O
Amifostine,,,,,,,,,,,,0.09,C(CN)CNCCSP(=O)(O)O
Amikacin,0.0,,,,,,,,,,,0.16,C1C(C(C(C(C1NC(=O)C(CCN)O)OC2C(C(C(C(O2)CO)O)N)O)O)OC3C(C(C(C(O3)CN)O)O)O)N
Amiloride,1.0,-6.251812,,,,,,,,,,,C1(=C(N=C(C(=N1)Cl)N)N)C(=O)N=C(N)N
"Aminocamptothecin, 9-",,,,,,,,,,,,2.2,
"Aminohexanoic acid, 6-",,,,,,,,,,,,0.39,
Aminolevulinic acid,,,,,,,,,,,,0.12,C(CC(=O)O)C(=O)CN
Aminopyrine,,-4.389419599999999,,,,,,,,,,,CC1=C(C(=O)N(N1C)C2=CC=CC=C2)N(C)C
"Aminosalicylic acid, 5-",,,,,,,,,,,,0.33,
Amiodarone,1.0,,,,,,,,,,,60.0,CCCCC1=C(C2=CC=CC=C2O1)C(=O)C3=CC(=C(C(=C3)I)OCCN(CC)CC)I
Amisulpride,1.0,,,,,,,,,,,,CCN1CCCC1CNC(=O)C2=CC(=C(C=C2OC)N)S(=O)(=O)CC
Amitriptyline,1.0,-4.2600002,,,,,,,,,,8.7,CN(C)CCC=C1C2=CC=CC=C2CCC3=CC=CC=C31
Amlodipine,1.0,-4.670000099999998,,,,,,,,,,17.0,CCOC(=O)C1=C(NC(=C(C1C2=CC=CC=C2Cl)C(=O)OC)C)COCCN
Amobarbital,1.0,,,,,,,,,,,,CCC1(C(=O)NC(=O)NC1=O)CCC(C)C
Amonafide,,,,,,,,,,,,7.33,CN(C)CCN1C(=O)C2=CC=CC3=CC(=CC(=C32)C1=O)N
Amoxapine,1.0,,,,,,,,,,,,C1CN(CCN1)C2=NC3=CC=CC=C3OC4=C2C=C(C=C4)Cl
Amoxicillin,1.0,,,,,,,,,,,0.25,CC1(C(N2C(S1)C(C2=O)NC(=O)C(C3=CC=C(C=C3)O)N)C(=O)O)C
Amphetamine (-d),,,,,,,,,,,,6.1,
Amphetamine sulfate,,-4.3899999,,,,,,,,,,,CC(CC1=CC=CC=C1)N.CC(CC1=CC=CC=C1)N.OS(=O)(=O)O
Amphotericin B,,,,,,,,,,,,0.62,CC1C=CC=CC=CC=CC=CC=CC=CC(CC2C(C(CC(O2)(CC(CC(C(CCC(CC(CC(=O)OC(C(C1O)C)C)O)O)O)O)O)O)O)C(=O)O)OC3C(C(C(C(O3)C)O)N)O
Ampicillin,1.0,-6.0700002,,,,,,,,,,0.22,CC1(C(N2C(S1)C(C2=O)NC(=O)C(C3=CC=CC=C3)N)C(=O)O)C
Amrinone,1.0,,,,,,,,,,,1.3,C1=CN=CC=C1C2=CNC(=O)C(=C2)N
Amsacrine,,,,,,,,,,,,1.6,COC1=C(C=CC(=C1)NS(=O)(=O)C)NC2=C3C=CC=CC3=NC4=CC=CC=C42
Amsalog,,,,,,,,,,,,0.3,CC1=C2C(=CC=C1)C(=C3C=CC=C(C3=N2)C(=O)NC)NC4=C(C=C(C=C4)NS(=O)(=O)C)OC
Amygdalin,,,,,,,,,,,,0.21,C1=CC=C(C=C1)C(C#N)OC2C(C(C(C(O2)COC3C(C(C(C(O3)CO)O)O)O)O)O)O
Anastrozole,1.0,,,,,,,,,,,,CC(C)(C#N)C1=CC(=CC(=C1)CN2C=NC=N2)C(C)(C)C#N
Angelol-A,,-4.8123703,,,,,,,,,,,CC=C(C)C(=O)OC(C(C1=C(C=C2C(=C1)C=CC(=O)O2)OC)O)C(C)(C)O
Angelol-B,,-4.8499289,,,,,,,,,,,CC=C(C)C(=O)OC(C(C1=C(C=C2C(=C1)C=CC(=O)O2)OC)O)C(C)(C)O
Anhydrovinblastine,,,,,,,,,,,,12.0,CCC1=CC2CC(C3=C(CCN(C2)C1)C4=CC=CC=C4N3)(C5=C(C=C6C(=C5)C78CCN9C7C(C=CC9)(C(C(C8N6C)(C(=O)OC)O)OC(=O)C)CC)OC)C(=O)OC
Anidulafungin,,,,,,,,,,,,0.57,CCCCCOC1=CC=C(C=C1)C2=CC=C(C=C2)C3=CC=C(C=C3)C(=O)NC4CC(C(NC(=O)C5C(C(CN5C(=O)C(NC(=O)C(NC(=O)C6CC(CN6C(=O)C(NC4=O)C(C)O)O)C(C(C7=CC=C(C=C7)O)O)O)C(C)O)C)O)O)O
Antipyrine,1.0,,,,,,,,,,,0.77,CC1=CC(=O)N(N1C)C2=CC=CC=C2
Antofloxacin,,,,,,,,,,,,2.42,CC1COC2=C3N1C=C(C(=O)C3=C(C(=C2N4CCN(CC4)C)F)N)C(=O)O
Apalcillin,,,,,,,,,,,,0.16,CC1(C(N2C(S1)C(C2=O)NC(=O)C(C3=CC=CC=C3)NC(=O)C4=CNC5=C(C4=O)N=CC=C5)C(=O)O)C
"Apigenin (5,7,4'-THF)",,-4.9821801,,,,,,,,,,,
Apixaban,,,,,,,,,,,,0.3,COC1=CC=C(C=C1)N2C3=C(CCN(C3=O)C4=CC=C(C=C4)N5CCCCC5=O)C(=N2)C(=O)N
Aplidine,,,,,,,,,,,,13.3,CCC(C)C1C(CC(=O)OC(C(=O)C(C(=O)NC(C(=O)N2CCCC2C(=O)N(C(C(=O)OC(C(C(=O)N1)NC(=O)C(CC(C)C)N(C)C(=O)C3CCCN3C(=O)C(=O)C)C)CC4=CC=C(C=C4)OC)C)CC(C)C)C)C(C)C)O
Apometzgerin (2),,-4.9499998,,,,,,,,,,,
Apomorphine,0.0,,,,,,,,,,,1.6,CN1CCC2=C3C1CC4=C(C3=CC=C2)C(=C(C=C4)O)O
Aprepitant,1.0,,,,,,,,,,,0.94,CC(C1=CC(=CC(=C1)C(F)(F)F)C(F)(F)F)OC2C(N(CCO2)CC3=NNC(=O)N3)C4=CC=C(C=C4)F
Aprindine,1.0,,,,,,,,,,,,CCN(CC)CCCN(C1CC2=CC=CC=C2C1)C3=CC=CC=C3
Arbekacin,0.0,,,,,,,,,,,0.21,C1CC(C(OC1CN)OC2C(CC(C(C2O)OC3C(C(C(C(O3)CO)O)N)O)NC(=O)C(CCN)O)N)N
Argatroban,,,,,,,,,,,,0.17,CC1CCN(C(C1)C(=O)O)C(=O)C(CCCN=C(N)N)NS(=O)(=O)C2=CC=CC3=C2NCC(C3)C
Aripiprazole,,,,,,,,,,,,4.9,C1CC(=O)NC2=C1C=CC(=C2)OCCCCN3CCN(CC3)C4=C(C(=CC=C4)Cl)Cl
Artemether,1.0,,,,,,,,,,,,CC1CCC2C(C(OC3C24C1CCC(O3)(OO4)C)OC)C
Artesunate,,-5.4000001,,,,,,,,,,15.0,CC1CCC2C(C(OC3C24C1CCC(O3)(OO4)C)OC(=O)CCC(=O)O)C
Articaine,,,,,,,,,,,,7.7,CCCNC(C)C(=O)NC1=C(SC=C1C)C(=O)OC
Arzanol,,-4.71,,,,,,,,,,,CCC1=C(C(=C(C(=O)O1)CC2=C(C(=C(C(=C2O)CC=C(C)C)O)C(=O)C)O)O)C
Asarone,,,,,,,,,,,,1.0,CC=CC1=CC(=C(C=C1OC)OC)OC
Ascorbic acid,,,,,,,,,,,,0.35,C(C(C1C(=C(C(=O)O1)O)O)O)O
Asenapine,,,,,,,,,,,,23.0,CN1CC2C(C1)C3=C(C=CC(=C3)Cl)OC4=CC=CC=C24
Aspoxicillin,,,,,,,,,,,,0.27,CC1(C(N2C(S1)C(C2=O)NC(=O)C(C3=CC=C(C=C3)O)NC(=O)C(CC(=O)NC)N)C(=O)O)C
Astemizole,0.0,-5.1500001,,,,,,,,,,,COC1=CC=C(C=C1)CCN2CCC(CC2)NC3=NC4=CC=CC=C4N3CC5=CC=C(C=C5)F
Astilbin,,-6.820000200000001,,,,,,,,,,,CC1C(C(C(C(O1)OC2C(OC3=CC(=CC(=C3C2=O)O)O)C4=CC(=C(C=C4)O)O)O)O)O
Astromicin,,,,,,,,,,,,0.23,CC(C1CCC(C(O1)OC2C(C(C(C(C2O)N(C)C(=O)CN)OC)O)N)N)N
Atenolol,1.0,,,,,,,,,,,0.95,CC(C)NCC(COC1=CC=C(C=C1)CC(=O)N)O
Atipamizole,,,,,,,,,,,,2.7,
Atomoxetine,1.0,,,,,,,,,,,0.85,CC1=CC=CC=C1OC(CCNC)C2=CC=CC=C2
Atorvastatin,0.0,-5.3099999,,,,,,,,,,,CC(C)C1=C(C(=C(N1CCC(CC(CC(=O)O)O)O)C2=CC=C(C=C2)F)C3=CC=CC=C3)C(=O)NC4=CC=CC=C4
Atovaquone,0.0,,,,,,,,,,,0.6,C1CC(CCC1C2=CC=C(C=C2)Cl)C3=C(C4=CC=CC=C4C(=O)C3=O)O
Atracurium,,,,,,,,,,,,0.1,C[N+]1(CCC2=CC(=C(C=C2C1CC3=CC(=C(C=C3)OC)OC)OC)OC)CCC(=O)OCCCCCOC(=O)CC[N+]4(CCC5=CC(=C(C=C5C4CC6=CC(=C(C=C6)OC)OC)OC)OC)C
Atropine,1.0,-4.7016673,,,,,,,,,,3.3,CN1C2CCC1CC(C2)OC(=O)C(CO)C3=CC=CC=C3
Auranofin,0.0,,,,,,,,,,,,CCP(CC)CC.CC(=O)OCC1C(C(C(C(O1)[S-])OC(=O)C)OC(=O)C)OC(=O)C.[Au+]
Avibactam,,,,,,,,,,,,0.24,C1CC(N2CC1N(C2=O)OS(=O)(=O)O)C(=O)N
Avosentan,,,,,,,,,,,,0.27,CC1=CN=C(C=C1)S(=O)(=O)NC2=C(C(=NC(=N2)C3=CC=NC=C3)OC)OC4=CC=CC=C4OC
Azacitidine,,,,,,,,,,,,0.47,C1=NC(=NC(=O)N1C2C(C(C(O2)CO)O)O)N
Azapropazone,,,,,,,,,,,,0.12,CCCC1C(=O)N2C3=C(C=CC(=C3)C)N=C(N2C1=O)N(C)C
Azathioprine,1.0,,,,,,,,,,,,CN1C=NC(=C1SC2=NC=NC3=C2NC=N3)[N+](=O)[O-]
Azelastine,1.0,,,,,,,,,,,15.0,CN1CCCC(CC1)N2C(=O)C3=CC=CC=C3C(=N2)CC4=CC=C(C=C4)Cl
Azidocillin,1.0,,,,,,,,,,,,CC1(C(N2C(S1)C(C2=O)NC(=O)C(C3=CC=CC=C3)N=[N+]=[N-])C(=O)O)C
Azimilide,,,,,,,,,,,,13.0,CN1CCN(CC1)CCCCN2C(=O)CN(C2=O)N=CC3=CC=C(O3)C4=CC=C(C=C4)Cl
Azithromycin,1.0,,,,,,,,,,,33.0,CCC1C(C(C(N(CC(CC(C(C(C(C(C(=O)O1)C)OC2CC(C(C(O2)C)O)(C)OC)C)OC3C(C(CC(O3)C)N(C)C)O)(C)O)C)C)C)O)(C)O
Azlocillin,0.0,,,,,,,,,,,0.26,CC1(C(N2C(S1)C(C2=O)NC(=O)C(C3=CC=CC=C3)NC(=O)N4CCNC4=O)C(=O)O)C
Azosemide,0.0,,,,,,,,,,,,C1=CSC(=C1)CNC2=CC(=C(C=C2C3=NNN=N3)S(=O)(=O)N)Cl
Aztreonam,0.0,,,,,,,,,,,0.18,CC1C(C(=O)N1S(=O)(=O)O)NC(=O)C(=NOC(C)(C)C(=O)O)C2=CSC(=N2)N
BB 83698,,,,,,,,,,,,1.1,CC(C)(C)C(C(=O)N1CCN(CC1)CC2=CC3=C(C=C2)OCO3)NC(=O)C(CC4CCCC4)CN(C=O)O
BI2536,,,,,,,,,,,,31.2,CCC1C(=O)N(C2=CN=C(N=C2N1C3CCCC3)NC4=C(C=C(C=C4)C(=O)NC5CCN(CC5)C)OC)C
BILN-2061,,-5.6599998,,,,,,,,,,,CC(C)NC1=NC(=CS1)C2=NC3=C(C=CC(=C3)OC)C(=C2)OC4CC5C(=O)NC6(CC6C=CCCCCCC(C(=O)N5C4)NC(=O)OC7CCCC7)C(=O)O
BLP1654,,,,,,,,,,,,0.24,
BMS 189664,,-6.561124799999999,,,,,,,,,,,CS(=O)(=O)NC(CC1=CC=CC=C1)C(=O)N2CCCC2C(=O)NCC3CCN(CC3)C(=N)N
BMS-214662,,,,,,,,,,,,0.84,C1C(N(CC2=C(N1CC3=CN=CN3)C=CC(=C2)C#N)S(=O)(=O)C4=CC=CS4)CC5=CC=CC=C5
BVaraU,,-5.3989701,,,,,,,,,,,C1=C(C(=O)NC(=O)N1C2C(C(C(O2)CO)O)O)C=CBr
Baclofen,1.0,,,,,,,,,,,0.65,C1=CC(=CC=C1C(CC(=O)O)CN)Cl
Bambuterol,,,,,,,,,,,,1.6,CC(C)(C)NCC(C1=CC(=CC(=C1)OC(=O)N(C)C)OC(=O)N(C)C)O
Baohuoside I,,-5.8378239,,,,,,,,,,,CC1C(C(C(C(O1)OC2=C(OC3=C(C(=CC(=C3C2=O)O)O)CC=C(C)C)C4=CC=C(C=C4)OC)O)O)O
Barnidipine,0.0,,,,,,,,,,,,CC1=C(C(C(=C(N1)C)C(=O)OC2CCN(C2)CC3=CC=CC=C3)C4=CC(=CC=C4)[N+](=O)[O-])C(=O)OC
Bazedoxifene,,,,,,,,,,,,15.4,CC1=C(N(C2=C1C=C(C=C2)O)CC3=CC=C(C=C3)OCCN4CCCCCC4)C5=CC=C(C=C5)O
Becatecarin,,,,,,,,,,,,8.9,CCN(CC)CCN1C(=O)C2=C3C4=C(C(=CC=C4)Cl)NC3=C5C(=C2C1=O)C6=C(N5C7C(C(C(C(O7)CO)OC)O)O)C(=CC=C6)Cl
Beclomethasone dipropionate,,,,,,,,,,,,0.29,CCC(=O)OCC(=O)C1(C(CC2C1(CC(C3(C2CCC4=CC(=O)C=CC43C)Cl)O)C)C)OC(=O)CC
Belinostat,,,,,,,,,,,,0.8,C1=CC=C(C=C1)NS(=O)(=O)C2=CC=CC(=C2)C=CC(=O)NO
Benazepril,1.0,,,,,,,,,,,,CCOC(=O)C(CCC1=CC=CC=C1)NC2CCC3=CC=CC=C3N(C2=O)CC(=O)O
Bencyclane,1.0,,,,,,,,,,,,CN(C)CCCOC1(CCCCCC1)CC2=CC=CC=C2
Bendamustine,1.0,,,,,,,,,,,0.22,CN1C2=C(C=C(C=C2)N(CCCl)CCCl)N=C1CCCC(=O)O
Bendroflumethiazide,1.0,-5.8899999,,,,,,,,,,,C1=CC=C(C=C1)CC2NC3=C(C=C(C(=C3)C(F)(F)F)S(=O)(=O)N)S(=O)(=O)N2
Benperidol,1.0,,,,,,,,,,,3.8,C1CN(CCC1N2C3=CC=CC=C3NC2=O)CCCC(=O)C4=CC=C(C=C4)F
Benzthiazide,0.0,,,,,,,,,,,,C1=CC=C(C=C1)CSCC2=NS(=O)(=O)C3=CC(=C(C=C3N2)Cl)S(=O)(=O)N
Benzydamine,1.0,,,,,,,,,,,1.53,CN(C)CCCOC1=NN(C2=CC=CC=C21)CC3=CC=CC=C3
Bepridil,1.0,,,,,,,,,,,10.1,CC(C)COCC(CN(CC1=CC=CC=C1)C2=CC=CC=C2)N3CCCC3
Berberrubine (BRB),,-4.8815303,,,,,,,,,,,
Berubicin,,,,,,,,,,,,48.0,CC1C(C(CC(O1)OC2CC(CC3=C2C(=C4C(=C3O)C(=O)C5=C(C4=O)C(=CC=C5)OC)O)(C(=O)CO)O)N)OCC6=CC=CC=C6
Beta-colubrine (Col),,-4.5717444,,,,,,,,,,,
Betamethasone,1.0,,,,,,,,,,,1.3,CC1CC2C3CCC4=CC(=O)C=CC4(C3(C(CC2(C1(C(=O)CO)O)C)O)F)C
Betamipron,,,,,,,,,,,,0.28,C1=CC=C(C=C1)C(=O)NCCC(=O)O
Betaxolol,1.0,-4.3156309,,,,,,,,,,4.8,CC(C)NCC(COC1=CC=C(C=C1)CCOCC2CC2)O
Betaxolol ester,,-4.1300812,,,,,,,,,,,
Bevantolol,1.0,,,,,,,,,,,0.67,CC1=CC(=CC=C1)OCC(CNCCC2=CC(=C(C=C2)OC)OC)O
Bezafibrate,1.0,,,,,,,,,,,,CC(C)(C(=O)O)OC1=CC=C(C=C1)CCNC(=O)C2=CC=C(C=C2)Cl
Biapenem,,,,,,,,,,,,0.2,CC1C2C(C(=O)N2C(=C1SC3CN4C=NC=[N+]4C3)C(=O)[O-])C(C)O
Bicalutamide,,-4.6599998,,,,,,,,,,,CC(CS(=O)(=O)C1=CC=C(C=C1)F)(C(=O)NC2=CC(=C(C=C2)C#N)C(F)(F)F)O
Bicyclol,,-4.7979398,,,,,,,,,,,COC1=C2C(=C(C(=C1)CO)C3=C4C(=C(C=C3C(=O)OC)OC)OCO4)OCO2
Bidisomide,,,,,,,,,,,,2.6,CC(C)N(CCC(CCN1CCCCC1)(C2=CC=CC=C2Cl)C(=O)N)C(=O)C
Bifemelane,0.0,,,,,,,,,,,,CNCCCCOC1=CC=CC=C1CC2=CC=CC=C2
Bilirubin,,-6.1314831,,,,,,,,,,,CC1=C(NC(=C1CCC(=O)O)CC2=C(C(=C(N2)C=C3C(=C(C(=O)N3)C)C=C)C)CCC(=O)O)C=C4C(=C(C(=O)N4)C=C)C
Bilirubin ditaurate,,-6.0594678,,,,,,,,,,,CC1=C(NC(=C1CCC(=O)NCCS(=O)(=O)O)CC2=C(C(=C(N2)C=C3C(=C(C(=O)N3)C)C=C)C)CCC(=O)NCCS(=O)(=O)O)C=C4C(=C(C(=O)N4)C)C=C
Biliverdin,,-5.6290045,,,,,,,,,,,
Bilobalide,,,,,,,,,,,,2.5,CC(C)(C)C1(CC2C3(C14C(C(=O)OC4OC3=O)O)CC(=O)O2)O
Bimatoprost,,,,,,,,,,,,0.67,CCNC(=O)CCCC=CCC1C(CC(C1C=CC(CCC2=CC=CC=C2)O)O)O
Binodenoson,,,,,,,,,,,,0.4,C1CCC(CC1)C=NNC2=NC(=C3C(=N2)N(C=N3)C4C(C(C(O4)CO)O)O)N
Biolimus A9,,,,,,,,,,,,44.5,CCOCCOC1CCC(CC1OC)CC(C)C2CC(=O)C(C=C(C(C(C(=O)C(CC(C=CC=CC=C(C(CC3CCC(C(O3)(C(=O)C(=O)N4CCCCC4C(=O)O2)O)C)OC)C)C)C)OC)O)C)C
Biotin,1.0,,,,,,,,,,,,C1C2C(C(S1)CCCCC(=O)O)NC(=O)N2
Biotin-Saquinavir,,-6.4094677,,,,,,,,,,,
Biperiden,1.0,,,,,,,,,,,12.0,C1CCN(CC1)CCC(C2CC3CC2C=C3)(C4=CC=CC=C4)O
Biricodar,,,,,,,,,,,,1.34,COC1=CC(=CC(=C1OC)OC)C(=O)C(=O)N2CCCCC2C(=O)OC(CCCC3=CN=CC=C3)CCCC4=CN=CC=C4
Bis(7)-tacrine (B7T),,-5.441246499999999,,,,,,,,,,,
Bisaramil,,,,,,,,,,,,9.0,CCN1CC2CN(CC(C1)C2OC(=O)C3=CC=C(C=C3)Cl)C
Bisoprolol,1.0,-4.7600002,,,,,,,,,,2.4,CC(C)NCC(COC1=CC=C(C=C1)COCCOC(C)C)O
Bivalirudin,,,,,,,,,,,,0.27,CCC(C)C(C(=O)N1CCCC1C(=O)NC(CCC(=O)O)C(=O)NC(CCC(=O)O)C(=O)NC(CC2=CC=C(C=C2)O)C(=O)NC(CC(C)C)C(=O)O)NC(=O)C(CCC(=O)O)NC(=O)C(CCC(=O)O)NC(=O)C(CC3=CC=CC=C3)NC(=O)C(CC(=O)O)NC(=O)CNC(=O)C(CC(=O)N)NC(=O)CNC(=O)CNC(=O)CNC(=O)CNC(=O)C4CCCN4C(=O)C(CCCNC(=N)N)NC(=O)C5CCCN5C(=O)C(CC6=CC=CC=C6)N
Bizelesin,,,,,,,,,,,,0.05,CC1=CNC2=C(C=C3C(=C12)C(CN3C(=O)C4=CC5=C(N4)C=CC(=C5)NC(=O)NC6=CC7=C(C=C6)NC(=C7)C(=O)N8CC(C9=C1C(=CNC1=C(C=C98)O)C)CCl)CCl)O
Bleomycin,,,,,,,,,,,,9.43,CC1=C(N=C(N=C1N)C(CC(=O)N)NCC(C(=O)N)N)C(=O)NC(C(C2=CN=CN2)OC3C(C(C(C(O3)CO)O)O)OC4C(C(C(C(O4)CO)O)OC(=O)N)O)C(=O)NC(C)C(C(C)C(=O)NC(C(C)O)C(=O)NCCC5=NC(=CS5)C6=NC(=CS6)C(=O)NCCC[S+](C)C)O
Bortezomib,,,,,,,,,,,,10.0,B(C(CC(C)C)NC(=O)C(CC1=CC=CC=C1)NC(=O)C2=NC=CN=C2)(O)O
Bosentan,1.0,,,,,,,,,,,0.29,CC(C)(C)C1=CC=C(C=C1)S(=O)(=O)NC2=C(C(=NC(=N2)C3=NC=CC=N3)OCCO)OC4=CC=CC=C4OC
Bretylium,1.0,,,,,,,,,,,,CC[N+](C)(C)CC1=CC=CC=C1Br
Bromazepam,,-4.4000001,,,,,,,,,,0.85,C1C(=O)NC2=C(C=C(C=C2)Br)C(=N1)C3=CC=CC=N3
Bromfenac,1.0,,,,,,,,,,,0.11,C1=CC(=C(C(=C1)C(=O)C2=CC=C(C=C2)Br)N)CC(=O)O
Bromocriptine,0.0,,,,,,,,,,,,CC(C)CC1C(=O)N2CCCC2C3(N1C(=O)C(O3)(C(C)C)NC(=O)C4CN(C5CC6=C(NC7=CC=CC(=C67)C5=C4)Br)C)O
Bromopride,1.0,,,,,,,,,,,3.1,CCN(CC)CCNC(=O)C1=CC(=C(C=C1OC)N)Br
Bromotetrandrine,,,,,,,,,,,,51.0,CC12CC3=CC=C(C=C3)OC4=C(C=CC(=C4)CC5(C6=C(CCN5C)C(=C(C(=C6OC7=C(C=C(C1=C7)CCN2C)OC)OC)OC)Br)C)OC
Brostallicin,,,,,,,,,,,,0.36,CN1C=C(C=C1C(=O)NCCN=C(N)N)NC(=O)C2=CC(=CN2C)NC(=O)C3=CC(=CN3C)NC(=O)C4=CC(=CN4C)NC(=O)C(=C)Br
Brotizolam,1.0,,,,,,,,,,,0.75,CC1=NN=C2N1C3=C(C=C(S3)Br)C(=NC2)C4=CC=CC=C4Cl
Brucine (Bru),,-4.7786422,,,,,,,,,,,
Brucine N-oxide (B-N),,-5.46,,,,,,,,,,,
Bucindolol,1.0,,,,,,,,,,,,CC(C)(CC1=CNC2=CC=CC=C21)NCC(COC3=CC=CC=C3C#N)O
Budesonide,0.0,,,,,,,,,,,3.9,CCCC1OC2CC3C4CCC5=CC(=O)C=CC5(C4C(CC3(C2(O1)C(=O)CO)C)O)C
Buflomedil,1.0,,,,,,,,,,,1.3,COC1=CC(=C(C(=C1)OC)C(=O)CCCN2CCCC2)OC
Bufuralol,1.0,,,,,,,,,,,1.7,CCC1=CC=CC2=C1OC(=C2)C(CNC(C)(C)C)O
Bumetanide,1.0,,,,,,,,,,,0.16,CCCCNC1=C(C(=CC(=C1)C(=O)O)S(=O)(=O)N)OC2=CC=CC=C2
Bunazosin,,,,,,,,,,,,0.72,CCCC(=O)N1CCCN(CC1)C2=NC3=CC(=C(C=C3C(=N2)N)OC)OC
Bupivacaine,,,,,,,,,,,,0.84,CCCCN1CCCCC1C(=O)NC2=C(C=CC=C2C)C
Buprenorphine,1.0,,,,,,,,,,,4.9,CC(C)(C)C(C)(C1CC23CCC1(C4C25CCN(C3CC6=C5C(=C(C=C6)O)O4)CC7CC7)OC)O
Bupropion,1.0,-3.9519544,,,,,,,,,,,CC(C(=O)C1=CC(=CC=C1)Cl)NC(C)(C)C
Buspirone,0.0,,,,,,,,,,,,C1CCC2(C1)CC(=O)N(C(=O)C2)CCCCN3CCN(CC3)C4=NC=CC=N4
Busulfan,1.0,,,,,,,,,,,,CS(=O)(=O)OCCCCOS(=O)(=O)C
Busulphan,,,,,,,,,,,,0.55,CS(=O)(=O)OCCCCOS(=O)(=O)C
Buthionine sulfoximine,,,,,,,,,,,,0.26,CCCCS(=N)(=O)CCC(C(=O)O)N
Butorphanol,,,,,,,,,,,,12.0,C1CCC2(C3CC4=C(C2(C1)CCN3CC5CCC5)C=C(C=C4)O)O
Butylparaben,,-4.4899998,,,,,,,,,,,CCCCOC(=O)C1=CC=C(C=C1)O
Byankangelicol,,-4.3000002,,,,,,,,,,,
C,,-5.1890359,,,,,,,,,,,C
CA-DADLE,,-5.880000099999998,,,,,,,,,,,
CA-Leu-Enk,,-6.4699998,,,,,,,,,,,
CB 10-277,,,,,,,,,,,,0.25,CN(C)N=NC1=CC=C(C=C1)C(=O)O
CD1,,-3.51,,,,,,,,,,,
CD21,,-4.1199999,,,,,,,,,,,
CD27,,-3.8199999,,,,,,,,,,,C1CN=C(N1)NC2=CC=C(C=C2)NC3=CC=C(C=C3)NC4=NCCN4
CEP-18770,,,,,,,,,,,,0.87,B(C(CC(C)C)NC(=O)C(C(C)O)NC(=O)C1=CC=CC(=N1)C2=CC=CC=C2)(O)O
CF 1517 (p-Br),,-5.6954093,,,,,,,,,,,
CF 1523 (p-Cl),,-5.7328787000000005,,,,,,,,,,,
CF 1525 (p-Me),,-5.8474512,,,,,,,,,,,
CF 1526 (p-OMe),,-5.9819288,,,,,,,,,,,
CF 1572 (p-I),,-5.130000099999998,,,,,,,,,,,
CFPN-PI,,-5.1100001,,,,,,,,,,,
CG200745,,,,,,,,,,,,0.45,CN(C)CCCNC(=O)C(=CCCCCC(=O)NO)COC1=CC=CC2=CC=CC=C21
CGP15720A,,,,,,,,,,,,0.35,
CGP31608,,,,,,,,,,,,0.23,CC(C1C2N(C1=O)C(=C(S2)CN)C(=O)O)O
CHEMBL1000,,,42.0,,,,0.1898999999999999,,3.0,10.8,5.094339622641509,,O=C(O)COCCN1CCN(C(c2ccccc2)c2ccc(Cl)cc2)CC1
CHEMBL100391,,,,,,,,,5.0,18.0,8.181818181818182,,CN(C)CC(O)COc1ccc(Nc2ncc(Cl)c(Nc3ccccc3)n2)cc1
CHEMBL1005,,,,,,,,0.8,,,,,CCC(=O)N(c1ccccc1)C1(C(=O)OC)CCN(CCC(=O)OC)CC1
CHEMBL1009,,,1.076,,,,,1.3,,,,,N[C@@H](Cc1ccc(O)c(O)c1)C(=O)O
CHEMBL100979,,,,21.38,89.99992984102757,,,,50.12,180.432,45.0539352776668,,Cc1nc2ccccn2c1-c1ccnc(N)n1
CHEMBL101,,,,8.71,89.99982778448567,,,,,,,,CCCCC1C(=O)N(c2ccccc2)N(c2ccccc2)C1=O
CHEMBL1013,,,,3.0,89.99950000277776,,,,,,,,N[C@@H](C(=O)N[C@@H]1C(=O)N2C(C(=O)O)=C(Cl)CC[C@H]12)c1ccccc1
CHEMBL1016,,,,3.0,89.99950000277776,,,,3.0,10.8,5.094339622641509,,CCOc1nc2cccc(C(=O)O)c2n1Cc1ccc(-c2ccccc2-c2nnn[nH]2)cc1
CHEMBL1017,,,,3.98,89.99962311715612,,0.0076999999999999,20.0,3.0,10.8,5.094339622641509,,CCCc1nc2c(C)cc(-c3nc4ccccc4n3C)cc2n1Cc1ccc(-c2ccccc2C(=O)O)cc1
CHEMBL1020,,,,8.225,89.9998154443048,,0.0028,,4.0,14.4,6.666666666666665,,Cc1ccc(C(=O)c2ccc(CC(=O)O)n2C)cc1
CHEMBL1024,,,,,,,,6.6,,,,,O=P1(NCCCl)OCCCN1CCCl
CHEMBL1027,,,,,,,0.0509999999999999,10.0,,,,,Cc1ccsc1C(=CCCN1CCC[C@@H](C(=O)O)C1)c1sccc1C
CHEMBL10271,,,0.09,,,,,,,,,,CCN(CC)CCN(Cc1ccc(-c2ccc(C(F)(F)F)cc2)cc1)C(=O)Cn1cc(Br)c(=O)nc1SCc1ccc(F)cc1
CHEMBL103,,,14.925,,,,,,,,,,CC(=O)[C@H]1CC[C@H]2[C@@H]3CCC4=CC(=O)CC[C@]4(C)[C@H]3CC[C@]12C
CHEMBL10316,,,,,,,,4.2,,,,,c1ccc2c(c1)OCC(C1=NCCN1)O2
CHEMBL103355,,,,,,,,,18.0,64.80000000000001,23.82352941176471,,Cc1ccc(F)c(Nc2ccnc(Nc3ccc(S(N)(=O)=O)cc3)n2)c1
CHEMBL103482,,,,150.0,89.9999900000011,,0.2007999999999999,,20.42,73.512,26.09769951718262,,CCOC(=O)c1cnc2c(N)cccc2c1O
CHEMBL10352,,,0.005,,,,,,,,,,CCN(CC)CCN(Cc1ccc(-c2ccc(C(F)(F)F)cc2)cc1)C(=O)Cn1cc(CCNS(C)(=O)=O)c(=O)nc1SCc1ccc(F)cc1
CHEMBL103667,,,,55.92,89.99997157785387,,0.0034,,124.0,446.4,64.13793103448275,,Cc1ccc(-n2nc(C(C)(C)C)cc2NC(=O)Nc2ccc(OCCN3CCOCC3)c3ccccc23)cc1
CHEMBL1043,,,,,,,,22.0,3.0,10.8,5.094339622641509,,Nc1ccc(S(=O)(=O)c2ccc(N)cc2)cc1
CHEMBL10440,,,0.1,,,,,,,,,,CCN(CC)CCN(Cc1ccc(-c2ccc(Cl)cc2)cc1)C(=O)Cn1cc(C)c(=O)nc1SCc1ccc(F)cc1
CHEMBL10441,,,0.06,,,,,,,,,,CCN(CC)CCN(Cc1ccc(-c2ccc(C(F)(F)F)cc2)cc1)C(=O)Cn1c(SCc2ccc(F)cc2)nc(=O)c2c1CCCC2
CHEMBL1046,,,,,,,,4.9,,,,,NCCCCCC(=O)O
CHEMBL10502,,,0.003,,,,,,,,,,CCN(CC)CCN(Cc1ccc(-c2ccc(C(F)(F)F)cc2)cc1)C(=O)Cn1cc(CCO)c(=O)nc1SCc1ccc(F)cc1
CHEMBL10532,,,0.08,,,,,,,,,,CCN(CC)CCN(Cc1ccc(-c2ccc(C(F)(F)F)cc2)cc1)C(=O)Cn1cc(C)c(=O)nc1SCc1ccc(F)cc1
CHEMBL105442,,,8.1,,,,,,,,,,O=C(NOCC1CC1)c1ccc(F)c(F)c1Nc1ccc(I)cc1Cl
CHEMBL105462,,,,,,,,,61.66,221.976,49.69908651262761,,C[C@H](NC(=O)[C@@H](Cc1c[nH]c2ccccc12)NC(=O)[C@@H](N)Cc1c[nH]cn1)C(=O)N[C@@H](Cc1c[nH]c2ccccc12)C(=O)N[C@H](Cc1ccccc1)C(=O)N[C@@H](CCCCN)C(N)=O
CHEMBL1055,,,,,,,,36.0,,,,,NS(=O)(=O)c1cc(C2(O)NC(=O)c3ccccc32)ccc1Cl
CHEMBL106,,,,,,,0.8577,30.0,,,,,OC(Cn1cncn1)(Cn1cncn1)c1ccc(F)cc1F
CHEMBL10600,,,0.03,,,,,,,,,,CCN(CC)CCN(Cc1ccc(-c2ccc(C(F)(F)F)cc2)cc1)C(=O)Cn1cc(SC)c(=O)nc1SCc1ccc(F)cc1
CHEMBL10604,,,0.1,,,,,,,,,,CCc1cn(CC(=O)N(CCN(CC)CC)Cc2ccc(-c3ccc(C(F)(F)F)cc3)cc2)c(SCc2ccc(F)cc2)nc1=O
CHEMBL10612,,,0.025,,,,,,,,,,CCN(CC)CCN(Cc1ccc(-c2ccc(C(F)(F)F)cc2)cc1)C(=O)Cn1cc(OC)c(=O)nc1SCc1ccc(F)cc1
CHEMBL106309,,,,150.0,89.9999900000011,,,,5.37,19.332,8.728553368249957,,O=C(O)CCCCCCc1ccc(Cc2ccc3ccccc3n2)cc1
CHEMBL10659,,,0.003,,,,,,,,,,CCN(CC)CCN(Cc1ccc(-c2ccc(C(F)(F)F)cc2)cc1)C(=O)Cn1cc(CCNC(C)=O)c(=O)nc1SCc1ccc(F)cc1
CHEMBL10663,,,0.14,,,,,,,,,,CCN(CC)CCN(Cc1ccc(-c2ccc(Cl)cc2)cc1)C(=O)Cn1c(SCc2ccc(F)cc2)nc(=O)c2c1CCC2
CHEMBL1069,,,,3.0,89.99950000277776,,0.0021999999999999,9.5,3.0,10.8,5.094339622641509,,CCCCC(=O)N(Cc1ccc(-c2ccccc2-c2nnn[nH]2)cc1)[C@H](C(=O)O)C(C)C
CHEMBL107,,,415.0,,,,,58.0,,,,,COc1cc2c(c(OC)c1OC)-c1ccc(OC)c(=O)cc1[C@@H](NC(C)=O)CC2
CHEMBL1071,,,,6.46,89.99976780245665,,0.0004999999999999,,3.0,10.8,5.094339622641509,,O=C(O)CCc1nc(-c2ccccc2)c(-c2ccccc2)o1
CHEMBL1072,,,,144.54,89.99998962225109,,0.0156,1.2,4.0,14.4,6.666666666666665,,CCCCNc1cc(C(=O)O)cc(S(N)(=O)=O)c1Oc1ccccc1
CHEMBL1073,,,,4.27,89.99964871331494,,0.0087999999999999,3.3,,,,,Cc1cnc(C(=O)NCCc2ccc(S(=O)(=O)NC(=O)NC3CCCCC3)cc2)cn1
CHEMBL107313,,,,,,,0.0568,,,,,,CCCc1cc(C2=N[C@@H](C(=O)NO)CO2)cc(OC)c1OC
CHEMBL107552,,,18.306666666666665,,,,,,,,,,CC(=O)OCOC(=O)N(CC(O)COc1nsnc1N1CCOCC1)C(C)(C)C
CHEMBL10759,,,0.03,,,,,,,,,,CCN(CC)CCN(Cc1ccc(-c2ccc(C(F)(F)F)cc2)cc1)C(=O)Cn1c(SCc2ccc(F)cc2)nc(=O)c(C)c1C
CHEMBL1076,,,,3.0,89.99950000277776,,0.7801,,,,,,COc1ccc(OC)c(C(O)CN)c1
CHEMBL1076259,,,25.6,,,,,,,,,,CCCCCCOC(=O)[C@H](CCC(=O)NCCC1CCN(Cc2ccccc2)CC1)NC(=O)c1cc2ccccc2s1
CHEMBL1076260,,,18.8,,,,,,,,,,CCCCCCOC(=O)[C@H](CCC(=O)NCCC1CCN(Cc2ccccc2)CC1)NC(=O)c1cc2cccnc2s1
CHEMBL1076563,,,40.0,,,,,,,,,,O=c1[nH]c2cc(-c3ccncn3)c(-c3ccco3)nc2[nH]1
CHEMBL10769,,,0.11,,,,,,,,,,CCN(CC)CCN(Cc1ccc(-c2ccc(C(F)(F)F)cc2)cc1)C(=O)Cn1cc(Cl)c(=O)nc1SCc1ccc(F)cc1
CHEMBL1077,,,,,,,,2.6,,,,,Nc1c(CC(=O)O)cccc1C(=O)c1ccc(Br)cc1
CHEMBL107708,,,9.24,,,,,,,,,,CC(=O)OC(C)OC(=O)N(CC(O)COc1cccc2ccccc12)C(C)C
CHEMBL1077218,,,12.3,,,,,,,,,,CCCC(=O)Nc1n[nH]c2cc(Cl)c(-c3ccoc3)cc12
CHEMBL1077334,,,3.9,,,,,,,,,,O=C(O)/C=C/c1ccc(NC(=O)C2(NC(=O)c3ccc4c(c3)nc(-c3ccoc3)n4C3CCCCC3)CCCC2)cc1
CHEMBL1077335,,,9.5,,,,,,,,,,O=C(O)/C=C/c1ccc(NC(=O)C2(NC(=O)c3ccc4c(c3)nc(-c3ccccn3)n4C3CCCCC3)CCCC2)cc1
CHEMBL1077381,,,8.9,,,,,,,,,,Cc1ncn2c1Cn1ncnc1-c1cc(Cl)ccc1-2
CHEMBL1077391,,,6.5,,,,,,,,,,Clc1ccc2c(c1)-c1ncnn1Cc1c(Cl)ncn1-2
CHEMBL1077458,,,,,,,0.0676000000000001,,,,,,CC(=O)Nc1ccc(-c2ccnc(Nc3ccc(N4CCOCC4)cc3)n2)cc1
CHEMBL1077779,,,14.0,,,,,,,,,,CCCCC1N(CC2CCCCC2)C(=O)OC12CCN(C1(C)CCN(C(=O)c3c(C)cccc3C)CC1)CC2
CHEMBL1077827,,,,19.95,89.99992481209289,,0.1289,,21.38,76.96799999999999,26.957130848977304,,CCOc1ccc(-n2c([C@@H](C)N(CC3CCN(C)CC3)C(=O)Cc3ccc(F)c(C(F)(F)F)c3)nc3ncccc3c2=O)cc1
CHEMBL1077896,,,,15.49,89.99990316343538,,,2.2,,,,,CCCN1CCCC[C@H]1C(=O)Nc1c(C)cccc1C
CHEMBL1077908,,,2.2,,,,,,,,,,CCOc1cc(CN2CCC(Nc3nc4cc(NS(=O)(=O)c5ccccc5)ccc4o3)CC2)ccc1OC
CHEMBL1077979,,,,,,,0.0139,,,,,,COc1cc(O)c2c(c1)/C=C/C[C@H](O)[C@H](O)C(=O)/C=C\C[C@H](C)OC2=O
CHEMBL1078178,,,,5.13,89.99970760328914,,0.1029999999999999,,,,,,N#CCNC(=O)c1ccc(-c2ccnc(Nc3ccc(N4CCOCC4)cc3)n2)cc1
CHEMBL1078240,,,1.1,,,,,,,,,,CCOc1cc(CN2CCC(Nc3nc4cc(Cl)c(S(N)(=O)=O)cc4o3)CC2)ccc1OC
CHEMBL1078411,,,,,,,0.4598,,,,,,N#C[C@@]1(NC(=O)[C@@H](N)Cc2cccs2)C[C@@H]1c1ccccc1
CHEMBL1078580,,,7.6,,,,,,,,,,Cc1ncn2c1Cn1ncnc1-c1cc(Br)ccc1-2
CHEMBL1078659,,,0.6,,,,,,,,,,CCCCC1N(CC2CCOCC2)C(=O)OC12CCN(C1(C)CCN(C(=O)c3c(C)ncnc3C)CC1)CC2
CHEMBL1078685,,,,3.0,89.99950000277776,,0.1509999999999999,,5.0,18.0,8.181818181818182,,N#Cc1cc(-c2n[nH]c(-c3ccncc3)n2)ccn1
CHEMBL1078745,,,2.05,,,,,,,,,,CCOc1cc(CN2CCC(Nc3nc4ccccc4o3)CC2)cc(OC2CCOCC2)c1
CHEMBL1078896,,,1.1,,,,,,,,,,CCOc1cc(CN2CCC(Nc3nc4cc(NC(=O)C5CCC5)ccc4o3)CC2)ccc1OC
CHEMBL1078985,,,7.0,,,,,,,,,,Clc1ncn2c1Cn1ncnc1-c1cc(Br)ccc1-2
CHEMBL1079,,,,,,,,2.4,,,,,Clc1ccc2nsnc2c1NC1=NCCN1
CHEMBL1079180,,,2.45,,,,,,,,,,CCOc1cc(CN2CCC(Nc3nc4cc(Cl)c(S(N)(=O)=O)cc4o3)CC2)ccc1F
CHEMBL1079313,,,1.63,,,,,,,,,,CCOc1cc(CN2CCC(Nc3nc4cc(S(=O)(=O)CC)ccc4o3)CC2)ccc1OC
CHEMBL1079686,,,1.31,,,,,,,,,,CCOc1cc(CN2CCC(Nc3nc4cc(S(=O)(=O)N(C)C)ccc4o3)CC2)cc(OCC)c1-n1cccc1
CHEMBL1079874,,,2.89,,,,,,,,,,CCOc1cc(CN2CCC(Nc3nc4ccc(C(=O)O)cc4o3)CC2)cc(OCC)c1F
CHEMBL1079894,,,33.0,,,,,,,,,,C[C@H](Nc1nc(C(=O)N2CCCC2)c2sccc2n1)c1cccnc1
CHEMBL108,,,35.78333333333333,12.6,89.9998195493571,,0.2942,,7.0,25.2,11.05263157894737,,NC(=O)N1c2ccccc2C=Cc2ccccc21
CHEMBL1080002,,,,150.0,89.9999900000011,,,,,,,,CCOc1ccc2nc3ccc(=O)cc-3oc2c1
CHEMBL1080151,,,,,,,0.069,,,,,,Cc1cnc(Nc2nc(N[C@@H](C)c3ncc(F)cn3)nc(N3CCOCC3)c2F)s1
CHEMBL1080274,,,28.5,,,,,,,,,,CCCCCCOC(=O)[C@H](CCC(=O)NCCC1CCN(Cc2ccccc2)CC1)NC(=O)c1cc2ccsc2s1
CHEMBL1080327,,,23.0,,,,,,,,,,c1coc(-c2nc3[nH]cnc3cc2-c2ccncn2)c1
CHEMBL1080412,,,6.3,,,,,,,,,,FC(F)c1ncn2c1Cn1ncnc1-c1cc(Cl)ccc1-2
CHEMBL1080497,,,3.5,,,,,,,,,,O=c1[nH][nH]c2nc(-c3ccco3)c(-c3ccncn3)cc12
CHEMBL1080512,,,40.0,,,,,,,,,,c1coc(-c2nc3[nH]ccc3cc2-c2ccncn2)c1
CHEMBL1080513,,,20.0,,,,,,,,,,O=c1[nH]c(=O)c2cc(-c3ccncn3)c(-c3ccco3)nc2[nH]1
CHEMBL1080575,,,1.5,,,,,,,,,,Cc1ncn2c1Cn1nc(CN3CCCC3=O)nc1-c1cc(Br)ccc1-2
CHEMBL1080576,,,3.3,,,,,,,,,,Cc1cc(Cc2nc3n(n2)Cc2c(C)ncn2-c2ccc(Br)cc2-3)on1
CHEMBL1080584,,,1.61,,,,,,,,,,CCOc1cc(CN2CCC(Nc3nc4cc(C(N)=O)ccc4o3)CC2)cc(OCC)c1F
CHEMBL1080585,,,2.09,,,,,,,,,,CCOc1cc(CN2CCC(Nc3nc4cc(C(=O)O)ccc4o3)CC2)cc(OCC)c1Cl
CHEMBL1080586,,,3.6,,,,,,,,,,CCOc1cc(CN2CCC(Nc3nc4ccc(C(=O)O)cc4o3)CC2)ccc1Cl
CHEMBL1080588,,,7.0,,,,,,,,,,FC(F)c1ncn2c1Cn1ncnc1-c1cc(Br)ccc1-2
CHEMBL1080631,,,18.7,,,,,,,,,,CCCCCCOC(=O)[C@H](CCC(=O)NCCC1CCN(Cc2ccccc2)CC1)NC(=O)c1ccccc1
CHEMBL1080786,,,,136.0,89.99998897058958,,,,41.0,147.6,40.54945054945055,,N#C[C@]1(NC(=O)[C@@H](N)Cc2cccs2)C[C@H]1c1ccccc1
CHEMBL1080813,,,20.9,,,,,,,,,,CCCCCCOC(=O)[C@H](CCC(=O)NCCC1CCN(Cc2ccccc2)CC1)NC(=O)c1cccs1
CHEMBL1080950,,,2.45,,,,,,,,,,CCOc1cc(CN2CCC(Nc3nc4cc(Cl)c(S(N)(=O)=O)cc4o3)CC2)cc(OCC)c1F
CHEMBL1080951,,,4.81,,,,,,,,,,CCOc1cc(CN2CCC(Nc3nc4ccc(Cl)cc4o3)CC2)ccc1Cl
CHEMBL108111,,,,,,,,2.1,,,,,N=C(N)c1ccc(C(=O)N[C@@H](Cc2ccc(O)cc2)C(=O)N2CCC(OCC(=O)O)CC2)cc1
CHEMBL1081133,,,0.49,,,,,,,,,,CCOc1cc(CN2CCC(Nc3nc4cc(NS(=O)(=O)c5cn(C)cn5)ccc4o3)CC2)ccc1OC
CHEMBL1081841,,,32.0,,,,,,,,,,Cn1c(=O)[nH]c2nc(-c3ccco3)c(-c3ccncn3)cc21
CHEMBL1081862,,,3.1,,,,,,,,,,Cc1cc(Cc2nc3n(n2)Cc2c(C)ncn2-c2ccc(Cl)cc2-3)on1
CHEMBL1081913,,,,,,,0.0084,,,,,,CC(C)(C)OC(=O)N1CCC(OCc2nc(-c3ccncc3)no2)CC1
CHEMBL1081917,,,,43.43,89.9999654616757,,,,101.0,363.6,60.19867549668874,,Cc1cc(CN(CC(=O)Nc2ccc(Cl)cc2Cl)C2CCCCC2)ccc1OCC(=O)O
CHEMBL1081971,,,45.0,,,,,,,,,,O=C(Nc1ccc(-c2ccncn2)c(-c2ccco2)n1)C1CC1
CHEMBL1082,,,,3.0,89.99950000277776,,,1.1,,,,,CC1(C)S[C@@H]2[C@H](NC(=O)[C@H](N)c3ccc(O)cc3)C(=O)N2[C@H]1C(=O)O
CHEMBL1082001,,,24.0,,,,,,,,,,Nc1n[nH]c2nc(-c3ccco3)c(-c3ccncn3)cc12
CHEMBL1082002,,,39.0,,,,,,,,,,c1coc(-c2nc3[nH]ncc3cc2-c2ccncn2)c1
CHEMBL1082036,,,1.75,,,,,,,,,,CCOc1cc(CN2CCC(Nc3nc4cc(S(=O)(=O)CC)ccc4o3)CC2)cc(OC2CCOCC2)c1
CHEMBL1082081,,,11.6,,,,,,,,,,CCCCCCOC(=O)[C@H](CCC(=O)NCCC1CCN(Cc2ccccc2)CC1)NC(=O)OC(C)(C)C
CHEMBL1082152,,,,41.0,89.99996341464902,,,,29.0,104.4,33.037974683544306,,Cn1cc(C2=C(c3cccc(NCC(O)CO)c3)C(=O)NC2=O)c2cc(F)ccc21
CHEMBL1082237,,,15.25,,,,,,,,,,CCCC(=O)Nc1n[nH]c2cc(-c3ccc(O)cc3)ccc12
CHEMBL1082376,,,,,,,0.0036,,3.0,10.8,5.094339622641509,,CCCCCCc1nc2c(N)nc3ccccc3c2n1Cc1ccccc1
CHEMBL108246,,,,,,,,,150.0,539.9999999999999,67.5,,Cc1ccccc1CCOCCCS(=O)(=O)CCNCCc1ccc(O)c2nc(O)sc12
CHEMBL1082723,,,,8.71,89.99982778448567,,,,,,,,C[C@H]1Cc2c([nH]c3cc(Cl)c(F)cc23)[C@@]2(N1)C(=O)Nc1ccc(Cl)cc12
CHEMBL1082724,,,,7.24,89.9997928181565,,,,,,,,C[C@@H]1Cc2c([nH]c3cc(Cl)c(F)cc23)[C@]2(N1)C(=O)Nc1ccc(Cl)cc12
CHEMBL1082811,,,,,,,,,6.0,21.6,9.642857142857142,,N#Cc1c(-c2ccccc2)nc(SCc2ccccc2)[nH]c1=O
CHEMBL1082812,,,,,,,,,49.0,176.4,44.54545454545455,,N#Cc1c(-c2ccccc2)nc(SCCc2ccccc2)[nH]c1=O
CHEMBL1082983,,,,,,,,,3.0,10.8,5.094339622641509,,CCCCc1nc2c(N)nc3ccccc3c2n1CC(C)(C)O
CHEMBL108358,,,,,,,,5.9,,,,,NC(=O)c1csc([C@@H]2O[C@H](CO)[C@@H](O)[C@H]2O)n1
CHEMBL1083637,,,,,,,,,3.0,10.8,5.094339622641509,,CCc1nc2c(N)nc3ccccc3c2n1Cc1ccccc1
CHEMBL1084102,,,,17.38,89.9999136939838,,,,,,,,O=C(O)CC[C@@H](Cc1ccc(OCc2ccccc2)cc1)NC(=O)CCCCCCc1ccccc1
CHEMBL1084411,,,0.39,,,,,,,,,,Cc1c(Nc2c(C#N)cncc2/C=C/c2cccc(CN3CCN(C)CC3)n2)ccc2[nH]ccc12
CHEMBL1084863,,,,,,,,,3.0,10.8,5.094339622641509,,NS(=O)(=O)c1ccc(Nc2nccc(-c3ccccc3)n2)cc1
CHEMBL108546,,,,144.0,89.99998958333454,,,,21.0,75.6,26.619718309859152,,Oc1nc2c(O)ccc(CCNCCCOCCOCCc3ccccc3)c2s1
CHEMBL1086155,,,185.0,,,,,,,,,,CC(=O)N(C)CCc1cc(Br)c(OCCCNc2ncn(C)c3ncnc2-3)c(Br)c1
CHEMBL1086218,,,,,,,,10.0,,,,,C/C=C/C[C@@H](C)C(=O)[C@H]1C(=O)N[C@@H](C(C)C)C(=O)N(C)CC(=O)N(C)[C@@H](CC(C)C)C(=O)N[C@@H](C(C)C)C(=O)N(C)[C@@H](CC(C)C)C(=O)N[C@@H](C)C(=O)N[C@H](C)C(=O)N(C)[C@@H](CC(C)C)C(=O)N(C)[C@@H](CC(C)C)C(=O)N(C)[C@@H](C(C)C)C(=O)N1C
CHEMBL1086310,,,,16.6,89.99990963864494,,0.1262999999999999,,18.2,65.52,24.017595307917887,,CC(C)c1ccc(NC(=O)Cn2cnc3c2c(=O)n(C)c(=O)n3C)cc1
CHEMBL1086473,,,,,,,0.0170999999999998,,6.0,21.6,9.642857142857142,,CCCCc1nc2c(N)nc3ccccc3c2n1Cc1ccccc1
CHEMBL1086580,,,,,,,0.024,,,,,,Oc1nc(-c2ccc(C(F)(F)F)cc2)nc2c1CSCC2
CHEMBL1087,,,,,,,,2.0,,,,,Cc1cccc(C)c1NC(=O)C1CCCCN1C
CHEMBL1087268,,,,,,,0.0466999999999999,,,,,,Cc1cnc(Nc2cc(N3CCN(C)CC3)nc(N[C@@H](C)c3ccc(F)cn3)n2)s1
CHEMBL1087269,,,,,,,0.0262,,,,,,Cc1cnc(Nc2cc(N3CCOCC3)nc(N[C@@H](C)c3ccc(F)cn3)n2)s1
CHEMBL1087398,,,,,,,0.0594,,,,,,C[C@H](Nc1nc(Nc2ncc(C#N)s2)cc(N2CCOCC2)n1)c1ccc(F)cn1
CHEMBL1087399,,,,,,,0.1165,,,,,,C[C@H](Nc1nc(Nc2ncc(C#N)s2)cc(N2CCOCC2)n1)c1ncc(F)cn1
CHEMBL1087898,,,,,,,0.1728,,,,,,Cc1cnc(Nc2cncc(N[C@@H](C)c3ncc(F)cn3)n2)s1
CHEMBL1088,,,,,,,0.0768,,,,,,CN1CCCCC1CCN1c2ccccc2Sc2ccc([S+](C)[O-])cc21
CHEMBL1088029,,,,,,,0.1029999999999999,,,,,,COc1cc(Nc2ncc(C)s2)nc(N[C@@H](C)c2ncc(F)cn2)n1
CHEMBL1088030,,,,,,,0.0736,,,,,,Cc1cnc(Nc2cc(N3CCOCC3)nc(N[C@@H](C)c3ncc(F)cn3)n2)s1
CHEMBL108821,,,,,,,,6.6,,,,,N[C@@H]1CN(c2c(F)cc3c(=O)c(C(=O)O)cn([C@@H]4C[C@@H]4F)c3c2Cl)CC12CC2
CHEMBL108869,,,7.38,,,,,,,,,,C=O.CC(C)(C)NC[C@H](O)COc1nsnc1N1CCOCC1
CHEMBL1088751,,,,3.0,89.99950000277776,,0.0646999999999999,,,,,,CNC(=O)c1ccc(C)c(-n2c(C)cc(OCc3ccc(F)cc3F)c(Br)c2=O)c1
CHEMBL1088752,,,,5.055,89.99968377380449,,0.1189,,6.92,24.912,10.941672522839072,,Cc1c(F)cc(C(=O)NC2CC2)cc1-c1ccc(C(=O)NCC(C)(C)C)cn1
CHEMBL1088866,,,1.1,,,,,,,,,,CCn1cnc(CN2CCN(c3cccn4cc(-c5ccc(C(C)(C)C)cc5)nc34)CC2)c1C
CHEMBL1088913,,,,30.72,89.9999511719015,,,,39.25,141.3,39.57983193277311,,NCCCCN(Cc1nc2ccccc2[nH]1)C1CCCc2cccnc21
CHEMBL1088930,,,15.0,,,,,,,,,,CC(C)N(C)[C@@H]1CC[C@H](N2CC(C)(C)[C@H](NC(=O)c3cccc(C(F)(F)F)c3)C2=O)[C@H](CS(=O)(=O)c2ccccc2)C1
CHEMBL1088996,,,50.0,,,,,,,,,,CCOC(=O)c1c(-c2ccc(OC)cc2)[nH]c2cc(OC)ccc2c1=O
CHEMBL108915,,,2.04,,,,,,,,,,CC(=O)OC(C)OC(=O)N(CC(O)COc1ccc(CC(N)=O)cc1)C(C)C
CHEMBL108922,,,,26.0,89.99994230772928,,0.0028,,15.0,53.99999999999999,20.769230769230766,,CCO/N=C/c1ccc(OCCC2CCN(c3ccc(C)nn3)CC2)cc1
CHEMBL1089267,,,0.0,,,,,,,,,,COc1ccc2c(=O)c(C(N)=O)c(-c3ccc4c(c3)OCO4)[nH]c2c1
CHEMBL1089268,,,50.0,,,,,,,,,,COc1ccc2c(=O)c(C(C)=O)c(-c3ccc4c(c3)OCO4)[nH]c2c1
CHEMBL1089340,,,500.0,,,,,,,,,,CCOC(=O)c1c(-c2ccc(C(C)(C)C)cc2)[nH]c2cc(OC)ccc2c1=O
CHEMBL1089341,,,500.0,,,,,,,,,,CCOC(=O)c1c(-c2ccc(Cl)cc2)[nH]c2cc(OC)ccc2c1=O
CHEMBL1089354,,,0.0,,,,,,,,,,CCOC(=O)c1c(-c2ccccc2)[nH]c2cccc(OC)c2c1=O
CHEMBL1089360,,,50.0,,,,,,,,,,COc1cccc2[nH]c(-c3ccc4c(c3)OCO4)cc(=O)c12
CHEMBL1089361,,,500.0,,,,,,,,,,CCOC(=O)C1=C(c2ccc3c(c2)OCO3)Nc2cc(OC)ccc2C1OC
CHEMBL1089362,,,1500.0,,,,,,,,,,CCOC(=O)C1=C(c2ccc3c(c2)OCO3)Nc2cc(OC)ccc2C1NC
CHEMBL1089363,,,0.0,,,,,,,,,,CCOC(=O)C1=C(c2ccc3c(c2)OCO3)Nc2cc(OC)ccc2C1
CHEMBL1089517,,,,125.0,89.9999880000016,,,,,,,,COCCOc1nc(N)c2[nH]c(=O)n(Cc3cccc(CC(=O)OC)c3)c2n1
CHEMBL1089518,,,,3.0,89.99950000277776,,,,3.0,10.8,5.094339622641509,,CCCCOc1nc(N)c2[nH]c(=O)n(Cc3cccc(CC(=O)O)c3)c2n1
CHEMBL1089677,,,500.0,,,,,,,,,,CCOC(=O)c1c(-c2ccc(C(C)(C)C)cc2)[nH]c2cccc(OC)c2c1=O
CHEMBL1089678,,,50.0,,,,,,,,,,CCOC(=O)c1c(-c2ccc(C(F)(F)F)cc2)[nH]c2cccc(OC)c2c1=O
CHEMBL1089679,,,50.0,,,,,,,,,,CCOC(=O)c1c(-c2ccc(Cl)cc2)[nH]c2cccc(OC)c2c1=O
CHEMBL1089684,,,500.0,,,,,,,,,,CCOC(=O)c1c(-c2ccc(Cl)c(Cl)c2)[nH]c2cc(OC)ccc2c1=O
CHEMBL1089696,,,50.0,,,,,,,,,,CCOC(=O)c1c(-c2cccc(OC)c2)[nH]c2cccc(OC)c2c1=O
CHEMBL1089697,,,500.0,,,,,,,,,,CCOC(=O)c1c(-c2cccc(C)c2)[nH]c2cccc(OC)c2c1=O
CHEMBL1089722,,,17.25,,,,,,,,,,CCCC(=O)Nc1n[nH]c2cc(Cl)c(Br)cc12
CHEMBL1089773,,,,14.45,89.99989619389136,,,,,,,,CN1CCN(c2ccc(-c3cnc4cccc(-c5cc(F)c(CN6CCOCC6)c(F)c5)c4n3)cc2)CC1
CHEMBL109,,,,,,,,12.0,,,,,CCCC(CCC)C(=O)O
CHEMBL1090,,,0.083,,,,,,,,,,Nc1ncnc2c1ncn2[C@@H]1O[C@H](CO)[C@@H](O)[C@@H]1O
CHEMBL1090071,,,50.0,,,,,,,,,,CCOC(=O)C1=C(c2ccc3c(c2)OCO3)Nc2cccc(OC)c2C1NC
CHEMBL1090072,,,500.0,,,,,,,,,,CCOC(=O)C1=C(c2ccc3c(c2)OCO3)Nc2cccc(OC)c2C1
CHEMBL1090089,,,,3.0,89.99950000277776,,,,4.57,16.451999999999998,7.53710830126443,,Cn1c(=O)c(Oc2ccc(F)cc2F)cc2cnc(NC(CCO)CCO)nc21
CHEMBL1090090,,,,3.0,89.99950000277776,,0.3923,,5.13,18.468,8.37475058951569,,NC(=O)c1ccc(N(C(N)=O)c2c(F)cccc2F)nc1-c1ccc(F)cc1F
CHEMBL1090377,,,50.0,,,,,,,,,,CCOC(=O)c1c(-c2ccccc2C)[nH]c2cccc(OC)c2c1=O
CHEMBL1090488,,,,25.12,89.99994028666383,,0.2319,,,,,,C[C@@H]1CN(C(=O)[C@@H]2CN(C(C)(C)C)C[C@H]2c2ccc(F)cc2F)C[C@H](C)[C@@]1(O)c1ccccc1
CHEMBL1090562,,,22.0,,,,,,,,,,CC(C)N(C)[C@@H]1CC[C@H](N2C(=O)C[C@H](NC(=O)c3cccc(C(F)(F)F)c3)C2=O)[C@H](CS(=O)(=O)c2ccccc2)C1
CHEMBL1090630,,,,3.0,89.99950000277776,,0.1073,,,,,,CCCCCCCC(=O)N[C@@H](C)C(=O)N[C@H](C(=O)N[C@@H](CCN)C(=O)N[C@H]1CCNC(=O)[C@H]([C@@H](C)O)NC(=O)[C@H](CCN)NC(=O)[C@H](CCN)NC(=O)[C@H](CC(C)C)NC(=O)[C@@H](Cc2ccccc2)NC(=O)[C@H](CCN)NC1=O)[C@@H](C)O
CHEMBL1090725,,,50.0,,,,,,,,,,CCOC(=O)c1c(-c2cccc(Cl)c2)[nH]c2cccc(OC)c2c1=O
CHEMBL1090726,,,110.0,,,,,,,,,,CCOC(=O)c1c(-c2cccc([N+](=O)[O-])c2)[nH]c2cccc(OC)c2c1=O
CHEMBL1090727,,,50.0,,,,,,,,,,CCOC(=O)c1c(-c2ccc(OC)cc2)[nH]c2cccc(OC)c2c1=O
CHEMBL1090771,,,,,,,0.0167,,,,,,NC(=O)[C@@H](CCC(F)(F)F)N(Cc1ccc(-c2ncon2)cc1F)S(=O)(=O)c1ccc(Cl)cc1
CHEMBL1090893,,,15.0,,,,,,,,,,CCN(C(C)C)[C@@H]1CC[C@H](N2CC[C@H](NC(=O)c3cccc(C(F)(F)F)c3)C2=O)[C@H](CS(=O)(=O)c2ccccc2)C1
CHEMBL1090940,,,,3.0,89.99950000277776,,0.0768,,,,,,CCCCCCCC(=O)N[C@@H](CCN)C(=O)N[C@@H](C)C(=O)N[C@@H](CCN)C(=O)N[C@H]1CCNC(=O)[C@H]([C@@H](C)O)NC(=O)[C@H](CCN)NC(=O)[C@H](CCN)NC(=O)[C@H](CC(C)C)NC(=O)[C@@H](Cc2ccccc2)NC(=O)[C@H](CCN)NC1=O
CHEMBL1090941,,,,3.0,89.99950000277776,,0.1118000000000001,,,,,,CCCCCCCC(=O)N[C@@H](CCN)C(=O)N[C@H](C(=O)N[C@@H](C)C(=O)N[C@H]1CCNC(=O)[C@H]([C@@H](C)O)NC(=O)[C@H](CCN)NC(=O)[C@H](CCN)NC(=O)[C@H](CC(C)C)NC(=O)[C@@H](Cc2ccccc2)NC(=O)[C@H](CCN)NC1=O)[C@@H](C)O
CHEMBL1090974,,,50.0,,,,,,,,,,CCOC(=O)c1c(-c2ccccc2)[nH]c2cc(OC)ccc2c1=O
CHEMBL1091100,,,50.0,,,,,,,,,,COc1ccc2c(c1)NC(c1ccc3c(c1)OCO3)=C(CO)C2
CHEMBL1091101,,,50.0,,,,,,,,,,CCOCC1=C(c2ccc3c(c2)OCO3)Nc2cc(OC)ccc2C1Cl
CHEMBL1091102,,,50.0,,,,,,,,,,CCOC(=O)C1=C(c2ccc3c(c2)OCO3)Nc2cccc(OC)c2C1OC
CHEMBL1091109,,,0.0,,,,,,,,,,COc1ccc2c(=O)c(C(=O)O)c(-c3ccc4c(c3)OCO4)[nH]c2c1
CHEMBL1091137,,,,62.065000000000005,89.99997550995153,,,,33.88,121.968,36.351931330472105,,CC/C(=C(/c1ccc(O)cc1)c1ccc(/C=C/C(=O)O)cc1)c1ccccc1
CHEMBL1091289,,,,3.0,89.99950000277776,,0.1315,,,,,,CCCCCCCC(=O)N[C@@H](CCN)C(=O)N[C@H](C(=O)N[C@@H](CCN)C(=O)N[C@H]1CCNC(=O)[C@H]([C@@H](C)O)NC(=O)[C@H](C)NC(=O)[C@H](CCN)NC(=O)[C@H](CC(C)C)NC(=O)[C@@H](Cc2ccccc2)NC(=O)[C@H](CCN)NC1=O)[C@@H](C)O
CHEMBL1091291,,,,3.0,89.99950000277776,,0.0581,,,,,,CCCCCCCC(=O)N[C@@H](CCN)C(=O)N[C@H](C(=O)N[C@@H](CCN)C(=O)N[C@H]1CCNC(=O)[C@H](C)NC(=O)[C@H](CCN)NC(=O)[C@H](CCN)NC(=O)[C@H](CC(C)C)NC(=O)[C@@H](Cc2ccccc2)NC(=O)[C@H](CCN)NC1=O)[C@@H](C)O
CHEMBL1091444,,,50.0,,,,,,,,,,CCOC(=O)c1c(-c2ccccc2C)[nH]c2cc(OC)ccc2c1=O
CHEMBL1091445,,,500.0,,,,,,,,,,CCOC(=O)c1c(-c2ccccc2Cl)[nH]c2cc(OC)ccc2c1=O
CHEMBL1091579,,,1.2,,,,,,,,,,CCn1cc(CN2CCN(c3cccn4cc(-c5ccc(C(C)(C)C)cc5)nc34)CC2)c(=O)[nH]c1=O
CHEMBL1091604,,,15.0,,,,,,,,,,CC(C)N(C)[C@@H]1CC[C@H](NC(=O)CNC(=O)c2cccc(C(F)(F)F)c2)[C@H](CS(=O)(=O)c2ccccc2)C1
CHEMBL1091605,,,15.0,,,,,,,,,,CC(C)N(C)[C@@H]1CC[C@H](N2CC[C@H](NC(=O)c3cccc(C(F)(F)F)c3)C2=O)[C@H](CS(=O)(=O)c2ccccc2)C1
CHEMBL1091644,,,,16.98,89.9999116608641,,,,17.38,62.568,23.21460373998219,,C[C@]1(O)C[C@@H](c2nc(-c3ccc4ccc(-c5ccccc5)nc4c3)c3c(N)nccn32)C1
CHEMBL1091678,,,,3.0,89.99950000277776,,0.3545999999999999,,,,,,CC(=O)N[C@@H](CCN)C(=O)N[C@H](C(=O)N[C@@H](CCN)C(=O)N[C@H]1CCNC(=O)[C@H]([C@@H](C)O)NC(=O)[C@H](CCN)NC(=O)[C@H](CCN)NC(=O)[C@H](CC(C)C)NC(=O)[C@@H](Cc2ccccc2)NC(=O)[C@H](CCN)NC1=O)[C@@H](C)O
CHEMBL1091789,,,16.33,,,,,,,,,,CCCC(=O)Nc1n[nH]c2c(F)c(F)ccc12
CHEMBL1092030,,,50.0,,,,,,,,,,CCOC(=O)c1c(-c2ccc(C(F)(F)F)cc2)[nH]c2cc(OC)ccc2c1=O
CHEMBL10921,,,0.017,,,,,,,,,,CCN(CC)CCN(Cc1ccc(-c2ccc(C(F)(F)F)cc2)cc1)C(=O)Cn1cc(Cc2cnn(C)c2)c(=O)nc1SCc1ccc(F)cc1
CHEMBL1092106,,,72.0,,,,,,,,,,CCN1CCC(N(C(=O)NCc2ccc(F)cc2)c2ccc(Cl)cn2)CC1
CHEMBL1092109,,,269.0,,,,,,,,,,O=C(NCc1ccccc1)N(c1ccc(Br)cc1)C1CCN(Cc2ccnnc2)CC1
CHEMBL1092131,,,50.0,,,,,,,,,,CCOC(=O)c1c(-c2cccc(C(F)(F)F)c2)[nH]c2cccc(OC)c2c1=O
CHEMBL1092240,,,,,,,0.0017,,,,,,O=[N+]([O-])c1c(Nc2ccc(-n3cncn3)cc2)ncnc1N1CCC(Sc2ccccn2)CC1
CHEMBL109244,,,,98.0,89.99998469388015,,,,11.0,39.6,16.22950819672131,,O=C(NCCCCCCNCCc1ccc(O)c2nc(O)sc12)Nc1ccccc1
CHEMBL1092479,,,500.0,,,,,,,,,,COc1cccc2c1CC(CO)=C(c1ccc3c(c1)OCO3)N2
CHEMBL1092526,,,50.0,,,,,,,,,,COc1ccc2c(=O)cc(-c3ccc4c(c3)OCO4)[nH]c2c1
CHEMBL1092638,,,0.2,,,,,,,,,,CCc1nc(CN2CCN(c3cccn4cc(-c5ccc(C(C)(C)C)cc5)nc34)CC2)c(C)[nH]1
CHEMBL1092678,,,15.0,,,,,,,,,,Cc1ccc(S(=O)(=O)C[C@@H]2C[C@H](N(C)C(C)C)CC[C@@H]2N2CC[C@H](NC(=O)c3cccc(C(F)(F)F)c3)C2=O)cc1
CHEMBL1092719,,,50.0,,,,,,,,,,CCOC(=O)c1c(-c2cccc(F)c2)[nH]c2cccc(OC)c2c1=O
CHEMBL1092748,,,15.0,,,,,,,,,,CC(C)N(C)[C@@H]1CC[C@H](N2CC[C@H](NC(=O)c3cc(C(F)(F)F)cc(C(F)(F)F)c3)C2=O)[C@H](CS(=O)(=O)c2ccccc2)C1
CHEMBL1092772,,,50.0,,,,,,,,,,CCOCC1=C(c2ccc3c(c2)OCO3)Nc2cccc(OC)c2C1
CHEMBL1092773,,,1500.0,,,,,,,,,,CCOC(=O)c1c(-c2cccs2)[nH]c2cc(OC)ccc2c1=O
CHEMBL1092774,,,50.0,,,,,,,,,,CCOC(=O)c1c(-c2cccc(OC)c2)[nH]c2cc(OC)ccc2c1=O
CHEMBL1092926,,,,,,,0.0854,,3.0,10.8,5.094339622641509,,Fc1cc(-c2cccc3ncc(-c4cnn(C5CCNCC5)c4)nc23)cc(F)c1CN1CCOCC1
CHEMBL1092941,,,15.0,,,,,,,,,,CC(C)N(C)[C@@H]1CC[C@H](N2CC[C@H](NC(=O)c3cc(F)cc(C(F)(F)F)c3)C2=O)[C@H](CS(=O)(=O)c2ccccc2)C1
CHEMBL1093151,,,470.0,,,,,,,,,,CCCS(=O)(=O)N1CCN(c2ccc(OCC3CCN(C(=O)OC(C)C)CC3)cn2)CC1
CHEMBL1093319,,,15.0,,,,,,,,,,CSc1ccc(S(=O)(=O)C[C@@H]2C[C@H](N(C)C(C)C)CC[C@@H]2N2CCC(C)(NC(=O)c3cccc(C(F)(F)F)c3)C2=O)cc1
CHEMBL1093370,,,50.0,,,,,,,,,,CCOC(=O)c1c(-c2cccc(C)c2)[nH]c2cc(OC)ccc2c1=O
CHEMBL1093371,,,500.0,,,,,,,,,,CCOC(=O)c1c(-c2cccc(C(F)(F)F)c2)[nH]c2cc(OC)ccc2c1=O
CHEMBL1093604,,,500.0,,,,,,,,,,CCOC(=O)c1c(-c2ccc(Cl)c(Cl)c2)[nH]c2cccc(OC)c2c1=O
CHEMBL1093723,,,500.0,,,,,,,,,,CCOC(=O)C1=C(c2ccc3c(c2)OCO3)Nc2cc(OC)ccc2C1Cl
CHEMBL1093726,,,500.0,,,,,,,,,,CCOC(=O)c1c(-c2cccc(Cl)c2)[nH]c2cc(OC)ccc2c1=O
CHEMBL1093727,,,50.0,,,,,,,,,,CCOC(=O)c1c(-c2cccc(F)c2)[nH]c2cc(OC)ccc2c1=O
CHEMBL1093728,,,50.0,,,,,,,,,,CCOC(=O)c1c(-c2cccc([N+](=O)[O-])c2)[nH]c2cc(OC)ccc2c1=O
CHEMBL1093943,,,50.0,,,,,,,,,,CCOC(=O)c1c(-c2ccccc2Cl)[nH]c2cccc(OC)c2c1=O
CHEMBL1094030,,,116.0,,,,,,,,,,O=C(NCc1ccc(F)cc1)N(c1ccc(Br)cc1)C1CCN(C2CCCC2)CC1
CHEMBL1094168,,,,35.48,89.9999577226805,,,,43.65,157.14,41.94874532835024,,CS(=O)(=O)c1ccc([C@H](CC2CCCC2)C(=O)Nc2nccs2)cc1
CHEMBL1094250,,,,,,,,,34.67,124.81199999999998,36.85248612259359,,Cc1cc2c(C(=O)NC[C@H](C)c3ccccc3)c(O)c(O)cc2c(O)c1-c1c(C)cc2c(C(=O)NC[C@H](C)c3ccccc3)c(O)c(O)cc2c1O
CHEMBL1095040,,,3.9,,,,,,,,,,CCCC(=O)Nc1n[nH]c2cc(Cl)c(-c3ccccc3)cc12
CHEMBL1095284,,,,,,,,1.2,,,,,N[C@@H](C(=O)N[C@@H]1C(=O)N2C(C(=O)O)=C(CSc3c[nH]nn3)CS[C@H]12)c1ccc(O)cc1
CHEMBL1095366,,,8.02,,,,,,,,,,CCCC(=O)Nc1n[nH]c2cc(Cl)c(-c3ccc(O)cc3)cc12
CHEMBL1096237,,,,,,,,31.0,,,,,COC(=O)O[C@@]12CO[C@@H]1C[C@H](O)[C@@]1(C)C(=O)[C@H](OC(C)=O)C3=C(C)[C@@H](OC(=O)[C@H](O)[C@@H](NC(=O)c4ccccc4)c4ccccc4)C[C@@](O)([C@@H](OC(=O)c4ccccc4)[C@H]21)C3(C)C
CHEMBL1096418,,,,,,,0.0179,,,,,,Nc1scc2c(C(=O)NC3CC3)nn(-c3ccc(Cl)cc3)c(=O)c12
CHEMBL1096435,,,,20.89,89.99992819536604,,,,29.51,106.236,33.403345491133194,,CS(=O)(=O)c1ccc([C@@H](CC2CCCC2)C(=O)Nc2nccs2)cc1
CHEMBL1096896,,,,,,,0.009,,,,,,CCNC(=O)[C@H]1O[C@@H](n2cnc3c(NCC(c4ccccc4)c4ccccc4)nc(C(=O)NCCNC(=O)NC4CCN(c5ccccn5)CC4)nc32)[C@H](O)[C@@H]1O
CHEMBL1097,,,,,,,,6.4,,,,,CCN(CC)CCNC(=O)c1ccc(NC(C)=O)cc1
CHEMBL1097062,,,,,,,0.0098999999999999,,,,,,CC(C)NC(=O)c1nn(-c2ccc(Cl)cc2)c(=O)c2c(N)scc12
CHEMBL1098,,,,,,,,3.1,,,,,CCCCN1CCCCC1C(=O)Nc1c(C)cccc1C
CHEMBL109980,,,,15.49,89.99990316343538,,0.2531,,,,,,CC(C)(N)C(=O)N[C@H](COCc1ccc(F)cc1F)C(=O)N1CCC2=NN(CC(F)(F)F)C(=O)[C@]2(Cc2ccccn2)C1
CHEMBL11,,,15.24,77.81,89.99986154843901,,0.1212999999999999,16.0,13.49,48.564,19.12269648763585,,CN(C)CCCN1c2ccccc2CCc2ccccc21
CHEMBL1101,,,,,,,,24.0,,,,,OC(CCN1CCCCC1)(c1ccccc1)C1CC2C=CC1C2
CHEMBL110739,,,6.0600000000000005,,,,,,,,,,C[C@]12C[C@H](O)[C@H]3[C@@H](CCC4=CC(=O)CC[C@@]43C)[C@@H]1CC[C@@H]2C(=O)CO
CHEMBL110861,,,,150.0,89.9999900000011,,,,56.0,201.6,47.54716981132075,,Oc1nc2c(O)ccc(CCNCCOCCCOCCc3ccccc3)c2s1
CHEMBL1109,,,,,,,0.0059,,,,,,Nc1ccc(S(=O)(=O)Nc2ccnn2-c2ccccc2)cc1
CHEMBL110999,,,,150.0,89.9999900000011,,0.0988,,35.0,125.99999999999996,37.05882352941176,,CN(CCCOCCOCCc1ccccc1)CCc1ccc(O)c2nc(O)sc12
CHEMBL1110,,,,,,,,1.6,,,,,Cc1[nH]cnc1CN1CCc2c(c3ccccc3n2C)C1=O
CHEMBL1112,,,,,,,,75.0,,,,,O=C1CCc2ccc(OCCCCN3CCN(c4cccc(Cl)c4Cl)CC3)cc2N1
CHEMBL1113,,,,,,,0.1095,,,,,,Clc1ccc2c(c1)C(N1CCNCC1)=Nc1ccccc1O2
CHEMBL111402,,,,,,,,,36.0,129.60000000000002,37.674418604651166,,Oc1nc2c(O)ccc(CCNCCCSCCOCCc3cccc4ccccc34)c2s1
CHEMBL1115,,,,,,,,1.5,,,,,CN(C)C(=O)Oc1ccc[n+](C)c1
CHEMBL1117,,,,,,,,16.0,,,,,CC(=O)[C@]1(O)Cc2c(O)c3c(c(O)c2[C@@H](O[C@H]2C[C@H](N)[C@H](O)[C@H](C)O2)C1)C(=O)c1ccccc1C3=O
CHEMBL111732,,,,150.0,89.9999900000011,,,,150.0,539.9999999999999,67.5,,CN(CCc1ccc(O)c2nc(O)sc12)CCN(C)C(=O)CCOCCc1ccccc1
CHEMBL111775,,,,71.99,89.99997916377757,,,,25.0,90.0,30.0,,O=C(CCOCCc1ccccc1)NCCNCCc1ccc(O)c2nc(O)sc12
CHEMBL112,,,0.51,8.555,89.99981169702262,,0.7336,2.5,3.0,10.8,5.094339622641509,,CC(=O)Nc1ccc(O)cc1
CHEMBL112246,,,,,,,,,4.0,14.4,6.666666666666665,,CCOC(=O)N1CCC(Nc2cc(OC)ccn2)CC1
CHEMBL112273,,,,117.49,89.9999872329578,,,,,,,,Nc1ccc2c(-c3ccncc3)c(-c3ccc(F)cc3)[nH]c2n1
CHEMBL112747,,,,,,,,,3.0,10.8,5.094339622641509,,COc1ccnc(NC2CCN(C(=O)c3ccccc3)CC2)c1
CHEMBL113,,,2.9444444444444446,3.0,89.99950000277776,,0.7555000000000001,4.9,,,,,Cn1c(=O)c2c(ncn2C)n(C)c1=O
CHEMBL1130,,,,,,,,0.35,,,,,C[C@H]1O[C@@H](n2cc(F)c(=O)[nH]c2=O)[C@H](O)[C@@H]1O
CHEMBL113278,,,,,,,,11.0,,,,,CC(CCc1ccc2c(c1)OCO2)NCC(O)c1ccc(O)c(C(N)=O)c1
CHEMBL1136,,,,,,,,12.0,,,,,CC[C@H]1OC(=O)[C@H](C)C(=O)[C@H](C)[C@@H](O[C@@H]2O[C@H](C)C[C@H](N(C)C)[C@H]2O)[C@](C)(OC)C[C@@H](C)C(=O)[C@H](C)[C@H]2N(CCCCn3cnc(-c4cccnc4)c3)C(=O)O[C@]12C
CHEMBL114,,,254.0,87.85,89.9999658171401,,0.0113999999999999,13.0,150.0,539.9999999999999,67.5,,CC(C)(C)NC(=O)[C@@H]1C[C@@H]2CCCC[C@@H]2CN1C[C@@H](O)[C@H](Cc1ccccc1)NC(=O)[C@H](CC(N)=O)NC(=O)c1ccc2ccccc2n1
CHEMBL1144,,,,14.99,89.9997222030369,,,0.78,3.0,10.8,5.094339622641509,,CC[C@H](C)C(=O)O[C@H]1C[C@H](O)C=C2C=C[C@H](C)[C@H](CC[C@@H](O)C[C@@H](O)CC(=O)O)[C@H]21
CHEMBL114500,,,,,,,,,3.0,10.8,5.094339622641509,,COc1ccnc(NC2CCN(C(=O)c3ccc(C#N)cc3)CC2)c1
CHEMBL1146,,,,,,,,0.75,,,,,Cn1nnnc1SCC1=C(C(=O)O)N2C(=O)[C@@H](NC(=O)[C@H](O)c3ccccc3)[C@H]2SC1
CHEMBL1148,,,22.0,,,,,5.1,,,,,Cc1cccc(Nc2ccncc2S(=O)(=O)NC(=O)NC(C)C)c1
CHEMBL1149,,,1.3,,,,,,,,,,C[N+](C)(C)C[C@H](O)CC(=O)[O-]
CHEMBL115,,,,31.965000000000003,89.99991271986033,,0.3706,1.0,,,,,CC(C)(C)NC(=O)[C@@H]1CN(Cc2cccnc2)CCN1C[C@@H](O)C[C@@H](Cc1ccccc1)C(=O)N[C@H]1c2ccccc2C[C@H]1O
CHEMBL1161,,,,,,,0.0023,,,,,,C[C@@H]1C[C@H]2[C@@H]3CCC4=CC(=O)C=C[C@]4(C)[C@@]3(Cl)[C@@H](O)C[C@]2(C)[C@@]1(OC(=O)c1ccco1)C(=O)CCl
CHEMBL1163492,,,,,,,,,105.0,378.0,60.96774193548387,,CCN(C(=O)NCc1ccc(F)cc1)C1CCN(CCC(c2ccccc2)c2ccccc2)CC1
CHEMBL1163803,,,,,,,,,6.0,21.6,9.642857142857142,,CCN(C(=O)NCc1c(F)cccc1F)C1CCN(CCC(c2ccccc2)c2ccccc2)CC1
CHEMBL116381,,,7.9e-06,,,,,,,,,,CCC(c1ccccn1)n1[nH]c(=O)c2nc3cc(Cl)ccc3c(O)c2c1=O.CS(=O)(=O)O
CHEMBL1164033,,,,12.88,89.99988354052337,,0.0029,,14.13,50.868,19.83003274598472,,CN(C)CCOc1cc(NS(=O)(=O)c2c(Cl)cc(C(F)(F)F)cc2Cl)ccc1Cl
CHEMBL1164165,,,,,,,,,53.7,193.32,46.60559305689488,,O=c1[nH]c(-c2ccc([N+](=O)[O-])cc2)nc2ccccc12
CHEMBL1164184,,,,5.5,89.99972727355372,,,,33.11,119.196,35.85489110816989,,O=C(Nc1ncc(F)s1)C(CC1CCOCC1)c1ccc(S(=O)(=O)C2CC2)cc1
CHEMBL1164729,,,,9.865,89.99983394152852,,,,3.0,10.8,5.094339622641509,,Cc1nc(-c2ccc(OCC(C)C)c(C#N)c2)sc1C(=O)O
CHEMBL1166,,,,,,,,0.4,,,,,CC1CNc2c(cccc2S(=O)(=O)N[C@@H](CCCNC(=N)N)C(=O)N2CC[C@@H](C)C[C@@H]2C(=O)O)C1
CHEMBL1167,,,,,,,,1.8,,,,,CN[C@@H]1[C@H](O)[C@H](NC)[C@H]2O[C@@]3(O)C(=O)C[C@@H](C)O[C@H]3O[C@@H]2[C@H]1O
CHEMBL11672,,,,,,,,31.0,,,,,CN(C(=O)c1c(O)c2ccccc2n(C)c1=O)c1ccccc1
CHEMBL1171837,,,,3.84,89.99958974554934,,,,,,,,Cc1ccc(C(=O)Nc2ccc(CN3CCN(C)CC3)c(C(F)(F)F)c2)cc1C#Cc1cnc2cccnn12
CHEMBL1172,,,,26.92,89.99994427938071,,,,,,,,Clc1ccc2c(c1)CCc1cccnc1C2=C1CCNCC1
CHEMBL1173055,,,,12.02,89.99987520815972,,0.2319,,5.5,19.8,8.918918918918918,,CNCc1ccc(-c2[nH]c3cc(F)cc4c3c2CCNC4=O)cc1
CHEMBL1174,,,,,,,,4.2,,,,,N=C(N)NCCCC[C@@H]1NC(=O)CCSSC[C@@H](C(N)=O)NC(=O)[C@@H]2CCCN2C(=O)[C@H](Cc2c[nH]c3ccccc23)NC(=O)[C@H](CC(=O)O)NC(=O)CNC1=O
CHEMBL118,,,,25.7,89.9999416342791,,0.0106,,,,,,Cc1ccc(-c2cc(C(F)(F)F)nn2-c2ccc(S(N)(=O)=O)cc2)cc1
CHEMBL1180293,,,,,,,,3.6,,,,,C=CC[N+]12CC[C@@]34c5ccccc5N5/C=C6/[C@H]7C[C@H]8[C@@]9(CC[N@@+]8(CC=C)C/C7=C/CO)c7ccccc7N(/C=C(/[C@@H](C[C@@H]31)/C(=C\CO)C2)[C@H]54)[C@@H]69
CHEMBL118147,,,5e-06,,,,,,,,,,CCC(c1cccnc1)n1[nH]c(=O)c2nc3cc(Cl)ccc3c(O)c2c1=O.CS(=O)(=O)O
CHEMBL118218,,,,,,,,0.3,,,,,CC1=C(CO)C2=C(C)C3(CC3)[C@@](C)(O)C(=O)C2=C1
CHEMBL118267,,,2e-07,,,,,,,,,,CS(=O)(=O)O.O=c1[nH]n(Cc2cccnc2)c(=O)c2c(=O)c3ccc(Cl)cc3[nH]c12
CHEMBL1182833,,,,,,,,0.83,,,,,COc1cc2c(cc1OC)[C@@H](Cc1cc(OC)c(OC)c(OC)c1)[N+](C)(CCCOC(=O)CC/C=C/CCC(=O)OCCC[N+]1(C)CCc3cc(OC)c(OC)cc3[C@H]1Cc1cc(OC)c(OC)c(OC)c1)CC2
CHEMBL1185,,,,,,,,3.6,,,,,CN(C)CCc1c[nH]c2ccc(C[C@H]3COC(=O)N3)cc12
CHEMBL1186579,,,,,,,,2.5,,,,,C[N+]1(CC2CC2)CC[C@]23c4c5ccc(O)c4O[C@H]2C(=O)CC[C@@]3(O)[C@H]1C5
CHEMBL118658,,,9.8e-06,,,,,,,,,,CS(=O)(=O)O.O=c1[nH]n(C(c2ccccn2)C2CC2)c(=O)c2c(O)c3ccc(Cl)cc3nc12
CHEMBL118755,,,2e-07,,,,,,,,,,O=c1[nH]n(Cc2ccncc2)c(=O)c2c(=O)c3ccc(Cl)cc3[nH]c12
CHEMBL118769,,,1.3e-05,,,,,,,,,,CS(=O)(=O)O.C[C@H](c1ccccn1)n1[nH]c(=O)c2[nH]c3cc(Cl)ccc3c(=O)c2c1=O
CHEMBL1187846,,,,,,,,4.5,,,,,CN1[C@@H]2C[C@@H](OC(=O)[C@H](CO)c3ccccc3)C[C@H]1[C@@H]1O[C@H]12
CHEMBL118821,,,4e-06,,,,,,,,,,CS(=O)(=O)O.O=c1[nH]n(C(c2ccccc2)c2ccncc2)c(=O)c2c(O)c3ccc(Cl)cc3nc12
CHEMBL1188966,,,,50.12,89.99997007183757,,0.0004999999999999,,117.49,422.964,63.13272434175176,,CN(C)c1nc(NC[C@H]2CC[C@H](CNS(=O)(=O)c3ccc(Br)cc3OC(F)(F)F)CC2)nc2ccccc12
CHEMBL1189679,,,,,,,,39.0,,,,,O=C1c2cccc3c2[C@H](CCC3)CN1[C@@H]1CN2CCC1CC2
CHEMBL118984,,,1.1e-05,,,,,,,,,,CCC(c1ccncc1)n1[nH]c(=O)c2[nH]c3cc(Cl)ccc3c(=O)c2c1=O.CS(=O)(=O)O
CHEMBL119,,,,,,,,17.0,,,,,COc1cc(NCc2ccc3nc(N)nc(N)c3c2C)cc(OC)c1OC
CHEMBL1191,,,,,,,0.0646999999999999,,,,,,Cc1nnc(NS(=O)(=O)c2ccc(N)cc2)s1
CHEMBL119254,,,2.1e-06,,,,,,,,,,CC(c1ccccn1)n1[nH]c(=O)c2nc3cc(Cl)ccc3c(O)c2c1=O.CS(=O)(=O)O
CHEMBL119385,,,,,,,,,3.0,10.8,5.094339622641509,,O=c1ncn2nc(Sc3ccc(F)cc3F)ccc2c1-c1c(Cl)cccc1Cl
CHEMBL1194,,,,,,,,1.8,,,,,CCCNC(C)C(=O)Nc1ccccc1C
CHEMBL1194325,,,,71.995,89.999978905083,,,,140.0,503.9999999999999,66.3157894736842,,O=C(O[C@H]1C[N+]2(CCCOc3ccccc3)CCC1CC2)C(O)(c1cccs1)c1cccs1
CHEMBL1194385,,,,,,,0.2082999999999999,,,,,,COc1cccc2c1CCC21NCc2ccccc21
CHEMBL1194759,,,,,,,,,3.0,10.8,5.094339622641509,,CCCC1CCCCC(N)=N1
CHEMBL119625,,,,,,,,0.78,,,,,O=C(O)Cn1c(=O)c(=O)[nH]c2cc([N+](=O)[O-])c(-n3ccnc3)cc21
CHEMBL119642,,,9.4e-06,,,,,,,,,,CCCCC(c1ccncc1)n1[nH]c(=O)c2nc3cc(Cl)ccc3c(O)c2c1=O.CS(=O)(=O)O
CHEMBL119754,,,1.6e-05,,,,,,,,,,CCCCC(c1ccccn1)n1[nH]c(=O)c2nc3cc(Cl)ccc3c(O)c2c1=O.CS(=O)(=O)O
CHEMBL1197658,,,,,,,0.0006999999999999,,,,,,Cc1cccc(Nc2nc(NCc3ccco3)c3ccccc3n2)c1
CHEMBL1198335,,,,150.0,89.9999900000011,,0.0119,,112.2,403.92,62.25647348951911,,COc1cccc(Nc2nc(NCC3CCCO3)c3ccccc3n2)c1
CHEMBL12,,,,6.17,89.99975688882526,,0.0139,42.0,5.75,20.700000000000003,9.282511210762332,,CN1C(=O)CN=C(c2ccccc2)c2cc(Cl)ccc21
CHEMBL1200455,,,,,,,,1.5,,,,,CC(=O)N(CC(O)CO)c1c(I)c(C(=O)NCC(O)CO)c(I)c(C(=O)NCC(O)CO)c1I
CHEMBL1200490,,,,,,,,12.0,,,,,CC(=O)N[C@H](Cc1ccc2ccccc2c1)C(=O)N[C@H](Cc1ccc(Cl)cc1)C(=O)N[C@H](Cc1cccnc1)C(=O)N[C@@H](CO)C(=O)N[C@@H](Cc1ccc(O)cc1)C(=O)N[C@H](CCCNC(N)=O)C(=O)N[C@@H](CC(C)C)C(=O)N[C@@H](CCCNC(=N)N)C(=O)N1CCC[C@H]1C(=O)N[C@H](C)C(N)=O
CHEMBL1200500,,,,,,,,0.5,,,,,CCC(=O)OCC(=O)[C@@]1(OC(=O)CC)[C@@H](C)C[C@H]2[C@@H]3CCC4=CC(=O)C=C[C@]4(C)[C@@]3(Cl)[C@@H](O)C[C@@]21C
CHEMBL1200622,,,,,,,,5.3,,,,,C[C@H](/C=C/[C@H](C)C(C)(C)O)[C@H]1CC[C@H]2/C(=C/C=C3C[C@@H](O)C[C@H](O)C3)CCC[C@]12C
CHEMBL1200629,,,,,,,,1.4,,,,,CC(=O)O[C@H]1C[C@@H]2CC[C@@H]3[C@H](CC[C@@]4(C)[C@H]3C[C@H]([N+]3(C)CCCCC3)[C@@H]4OC(C)=O)[C@@]2(C)C[C@@H]1N1CCCCC1.[Br-]
CHEMBL1200649,,,,,,,,0.87,,,,,CC[C@H]1NC(=O)[C@@H](NC(=O)c2ncccc2O)[C@@H](C)OC(=O)[C@H](c2ccccc2)NC(=O)[C@@H]2CC(=O)[C@H](CS[C@@H]3CN4CCC3CC4)CN2C(=O)[C@H](Cc2ccc(N(C)C)cc2)N(C)C(=O)[C@@H]2CCCN2C1=O
CHEMBL1200699,,,20.0,,,,,,,,,,C[C@H]1c2cccc(O)c2C(=O)C2=C(O)[C@]3(O)C(=O)C(C(N)=O)=C(O)[C@@H](N(C)C)[C@@H]3[C@@H](O)[C@@H]21.O
CHEMBL1200826,,,,,,,,7.8,,,,,O=C([O-])[O-].[Li+].[Li+]
CHEMBL1200932,,,,,,,,2.1,,,,,C[C@H](O)C(=O)Nc1c(I)c(C(=O)NC(CO)CO)c(I)c(C(=O)NC(CO)CO)c1I
CHEMBL1200937,,,,,,,,0.74,,,,,CCN(CC)CCS(=O)(=O)[C@@H]1CCN2C(=O)c3coc(n3)CC(=O)C[C@H](O)/C=C(C)/C=C/CNC(=O)/C=C/[C@@H](C)[C@@H](C(C)C)OC(=O)[C@@H]12
CHEMBL1201016,,,,114.82,89.99998693607576,,,,150.0,539.9999999999999,67.5,,COCC1=C(C(=O)OC(C)OC(=O)OC(C)C)N2C(=O)[C@@H](NC(=O)/C(=N\OC)c3csc(N)n3)[C@H]2SC1
CHEMBL1201046,,,,,,,,3.0,,,,,NCc1ccccc1CC(=O)N[C@@H]1C(=O)N2C(C(=O)O)=C(CSc3nnnn3CC(=O)O)CS[C@H]12
CHEMBL1201112,,,,,,,,0.5,,,,,COc1nc(N)nc2c1ncn2[C@@H]1O[C@H](CO)[C@@H](O)[C@@H]1O
CHEMBL1201129,,,,,,,,0.58,,,,,Nc1ncn([C@H]2C[C@H](O)[C@@H](CO)O2)c(=O)n1
CHEMBL1201182,,,,150.0,89.9999900000011,,,18.0,,,,,CO[C@H]1C[C@@H]2CC[C@@H](C)[C@@](O)(O2)C(=O)C(=O)N2CCCC[C@H]2C(=O)O[C@H]([C@H](C)C[C@@H]2CC[C@@H](OC(=O)C(C)(CO)CO)[C@H](OC)C2)CC(=O)[C@H](C)/C=C(\C)[C@@H](O)[C@@H](OC)C(=O)[C@H](C)C[C@H](C)/C=C/C=C/C=C/1C
CHEMBL1201195,,,,,,,0.1934999999999999,1.5,,,,,CO[C@@]1(NC(=O)CSCC#N)C(=O)N2C(C(=O)O)=C(CSc3nnnn3C)CS[C@@H]21
CHEMBL1201199,,,,,,,,2.9,,,,,CCNC(=O)[C@@H]1CCCN1C(=O)[C@H](CCCNC(=N)N)NC(=O)[C@H](CC(C)C)NC(=O)[C@@H](CC(C)C)NC(=O)[C@H](Cc1ccc(O)cc1)NC(=O)[C@H](CO)NC(=O)[C@H](Cc1c[nH]c2ccccc12)NC(=O)[C@H](Cc1c[nH]cn1)NC(=O)[C@@H]1CCC(=O)N1
CHEMBL1201201,,,,,,,,12.0,,,,,CN[C@@H](C)Cc1ccccc1
CHEMBL1201212,,,,3.0,89.99950000277776,,,,,,,,COc1ccc(OC)c(C(O)CNC(=O)CN)c1
CHEMBL1201220,,,,,,,,1.8,,,,,CC(=O)Nc1c(I)c(NC(C)=O)c(I)c(C(=O)O)c1I
CHEMBL1201244,,,,,,,,1.6,,,,,C=CC[N+]1([C@H]2C[C@H]3[C@@H]4CC[C@H]5C[C@H](O)[C@@H](N6CCOCC6)C[C@]5(C)[C@H]4CC[C@]3(C)[C@H]2OC(C)=O)CCCC1
CHEMBL1201248,,,,,,,,0.42,,,,,COc1ccc(C[C@@H]2c3cc(OC)c(OC)cc3CC[N@+]2(C)CCC(=O)OCCCCCOC(=O)CC[N@@+]2(C)CCc3cc(OC)c(OC)cc3[C@H]2Cc2ccc(OC)c(OC)c2)cc1OC
CHEMBL1201288,,,,,,,,10.0,,,,,O=C1CN(/N=C/c2ccc(-c3ccc([N+](=O)[O-])cc3)o2)C(=O)N1
CHEMBL1201300,,,,,,,,1.3,,,,,CNC(=O)c1c(I)c(NC(C)=O)c(I)c(C(=O)O)c1I
CHEMBL1201335,,,,91.0,89.99998351648654,,0.7105,,3.0,10.8,5.094339622641509,,C[N+]1(C)CCC(OC(=O)C(O)(c2ccccc2)C2CCCC2)C1
CHEMBL1201368,,,,,,,,29.0,,,,,CCC[C@H](N[C@@H](C)C(=O)N1[C@H](C(=O)O)C[C@@H]2CCCC[C@@H]21)C(=O)O
CHEMBL1201391,,,,46.28,89.99996758860286,,,,17.5,62.99999999999999,23.33333333333333,,CCC(C)(C)C(=O)O[C@H]1C[C@@H](C)C=C2C=C[C@H](C)[C@H](CC[C@@H](O)C[C@@H](O)CC(=O)O)[C@H]21
CHEMBL1201752,,,,,,,,17.0,,,,,C/C(=C\c1csc(C)n1)[C@@H]1C[C@@H]2O[C@]2(C)CCC[C@H](C)[C@H](O)[C@@H](C)C(=O)C(C)(C)[C@@H](O)CC(=O)N1
CHEMBL1201753,,,,10.805,89.99984279093673,,0.02,,3.0,10.8,5.094339622641509,,O=C(O)C[C@H](O)C[C@H](O)/C=C/c1c(C2CC2)nc2ccccc2c1-c1ccc(F)cc1
CHEMBL120231,,,6.3e-06,,,,,,,,,,CS(=O)(=O)O.O=c1[nH]n(C(c2ccncc2)C2CC2)c(=O)c2c(O)c3ccc(Cl)cc3nc12
CHEMBL1203925,,,55.9,,,,,,,,,,Cl.O=C(O)c1ccc2c(C3CCCCC3)c3n(c2c1)CCNc1ccccc1-3
CHEMBL1203926,,,18.6,,,,,,,,,,Cl.Cl.O=C(O)c1ccc2c(C3CCCCC3)c3n(c2c1)CCN(CCN1CCCCC1)c1ccccc1-3
CHEMBL1204014,,,0.0,,,,,,,,,,CN1CCN(C(=O)c2ccc(NC(=O)Nc3ccc(-c4nc(N5CCOCC5)nc(N5CCOCC5)n4)cc3)cc2)CC1.Cl
CHEMBL1204015,,,0.03,,,,,,,,,,CN(C)CCN(C)C(=O)c1ccc(NC(=O)Nc2ccc(-c3nc(N4CCOCC4)nc(N4CCOCC4)n3)cc2)cc1.Cl
CHEMBL1204059,,,29.5,,,,,,,,,,C[C@@H]1CN(C(=O)[C@@H]2CN(C(C)(C)C)C[C@H]2c2ccc(F)cc2F)C[C@H](C)[C@@]1(O)c1ccccc1.Cl
CHEMBL1204061,,,24.0,,,,,,,,,,C[C@@H]1CN(C(=O)[C@@H]2CN(C(C)(C)C)C[C@H]2c2ccc(F)cc2F)C[C@H](C)[C@@]1(O)c1ccc(F)cc1.Cl
CHEMBL1204385,,,19.2,,,,,,,,,,CN(C)CCN1CCn2c(c(C3CCCCC3)c3ccc(C(=O)O)cc32)-c2ccccc21.Cl.Cl
CHEMBL1204759,,,,12.235,89.9997150689521,,,,3.0,10.8,5.094339622641509,,Cc1nn(-c2ccccc2)c(NC(=O)NS(=O)(=O)c2ccc(Cl)cc2)c1C#N
CHEMBL120498,,,9.1e-06,,,,,,,,,,CS(=O)(=O)O.C[C@@H](c1ccccn1)n1[nH]c(=O)c2[nH]c3cc(Cl)ccc3c(=O)c2c1=O
CHEMBL120646,,,3e-07,,,,,,,,,,CS(=O)(=O)O.O=c1[nH]n(Cc2ccccn2)c(=O)c2c(=O)c3ccc(Cl)cc3[nH]c12
CHEMBL1208,,,,,,,,,3.0,10.8,5.094339622641509,,CCn1nc(C(=O)O)c(=O)c2cc3c(cc21)OCO3
CHEMBL1209914,,,,30.9,89.99995145633686,,,,41.69,150.084,40.92158359690261,,CC(=O)N1N=C(c2ccc(Br)cc2)CC1c1ccc(C)cc1
CHEMBL1209915,,,,16.6,89.99990963864494,,,,12.3,44.28000000000001,17.76886035313002,,COc1ccc(C2CC(c3ccc(Br)cc3)=NN2C(C)=O)cc1
CHEMBL121,,,,,,,0.0026,3.9,,,,,CN(CCOc1ccc(CC2SC(=O)NC2=O)cc1)c1ccccn1
CHEMBL1210207,,,,,,,0.0148999999999999,,,,,,CCOc1cc(CN2CCC(NC(=O)c3cncc(C)c3)CC2)cc(OCC)c1-c1ccc(F)cc1
CHEMBL1213082,,,,17.475,89.99990030644258,,0.0135999999999999,,,,,,Cc1ccccc1-n1c(Cn2cnc3c(N)ncnc32)nc2cccc(C)c2c1=O
CHEMBL1213085,,,,42.24,89.99996437073477,,0.02,,,,,,Cc1ccccc1-n1c(Cn2nc(-c3ccc(O)c(F)c3)c3c(N)ncnc32)nc2cccc(C)c2c1=O
CHEMBL1213118,,,,44.295,89.99989192673038,,,,72.0,259.20000000000005,53.114754098360656,,CN1CCN(c2nc3ccccc3cc2Cn2nc(-c3ccc4nc(N)sc4c3)c3c(N)ncnc32)CC1
CHEMBL1213252,,,,,,,,2.4,,,,,O=C(O)C1N=C(c2ccccc2)c2cc(Cl)ccc2NC1=O
CHEMBL1213351,,,,,,,,18.0,,,,,CCC(=O)O[C@](Cc1ccccc1)(c1ccccc1)[C@H](C)CN(C)C
CHEMBL1213583,,,,,,,,10.0,,,,,C#C[C@]1(O)C=C[C@H]2[C@@H]3CCC4=CC(=O)CC[C@@H]4[C@H]3CC[C@@]21CC
CHEMBL1214,,,,3.39,89.99955752429929,,0.5459,1.1,6.92,24.912,10.941672522839072,,CC1(C)S[C@@H]2[C@H](NC(=O)C(C(=O)O)c3ccccc3)C(=O)N2[C@H]1C(=O)O
CHEMBL1214827,,,,23.44,89.99993600687144,,,,,,,,CC(C)c1cc(C(=O)N2Cc3ccc(CN4CCN(C)CC4)cc3C2)c(O)cc1O
CHEMBL121893,,,2130.0,,,,,,,,,,CCCCCCOc1ccc(C(=O)CCN2CCCCC2)cc1
CHEMBL1219,,,,,,,,1.0,,,,,COCCCOc1ccnc(C[S+]([O-])c2nc3ccccc3[nH]2)c1C
CHEMBL122,,,,,,,0.069,,,,,,CS(=O)(=O)c1ccc(C2=C(c3ccccc3)C(=O)OC2)cc1
CHEMBL1220,,,,,,,,13.0,,,,,CCS(=O)(=O)CCn1c([N+](=O)[O-])cnc1C
CHEMBL1221660,,,,,,,,,34.0,122.4,36.42857142857143,,CCOC(=O)N1CCC(Nc2cc(Cl)ccn2)CC1
CHEMBL1221681,,,,108.0,89.99998611111326,,0.069,,26.0,93.6,30.789473684210524,,O=c1[nH]c2c(O)ccc([C@@H](O)CN[C@H]3CCC[C@@H]3OCc3ccccc3)c2s1
CHEMBL1221702,,,,,,,0.4885,,7.0,25.2,11.05263157894737,,C[C@H]1CN=C(N)c2sccc2O1
CHEMBL1222381,,,,,,,0.0768,,38.9,140.03999999999996,39.38132733408323,,O=C(NC1CC1)c1cc(-c2cccs2)on1
CHEMBL1229517,,,,6.61,89.99977307167657,,,,,,,,CCCS(=O)(=O)Nc1ccc(F)c(C(=O)c2c[nH]c3ncc(-c4ccc(Cl)cc4)cc23)c1F
CHEMBL1229592,,,,41.370000000000005,89.99976397276396,,,,,,,,C=CC(=O)Nc1cccc(Oc2nc(Nc3ccc(N4CCN(C)CC4)cc3OC)ncc2Cl)c1
CHEMBL1230227,,,,,,,,21.0,,,,,C[C@@H]1O[C@@H](O[C@@H]2[C@H](C)O[C@@H](O[C@H]3C[C@](O)(C(=O)CO)Cc4c(O)c5c(c(O)c43)C(=O)c3ccccc3C5=O)C[C@@H]2O)C[C@H](N)[C@@H]1O
CHEMBL1230662,,,,,,,0.0801,,,,,,CN[C@@H](C)C(=O)N[C@H](C(=O)N1CCC[C@H]1C(=O)N[C@@H]1CCCc2ccccc21)C(C)(C)C
CHEMBL1231,,,,,,,0.0293000000000001,7.2,,,,,CCN(CC)CC#CCOC(=O)C(O)(c1ccccc1)C1CCCCC1
CHEMBL1231101,,,,,,,,9.9,,,,,N[C@H](C(=O)O)[C@@H]1CC(Cl)=NO1
CHEMBL1231206,,,,6.92,89.99978323751628,,0.1509999999999999,,,,,,Cc1ccc(-c2ccc3c(ccc4sc5c(c43)NC[C@@H](C)NC5=O)n2)cn1
CHEMBL1231530,,,,,,,,0.59,,,,,O=C(O)CCNC(=O)c1ccccc1
CHEMBL1231533,,,,4.17,89.99964028920748,,,,19.5,70.19999999999999,25.25179856115108,,O=C1NC(=O)/C(=C/c2ccc3c(c2)OC(F)(F)O3)S1
CHEMBL1231626,,,,,,,0.0080999999999999,,,,,,NC(=O)c1cnc(N[C@H]2CCCNC2)c2cc(-c3ccc(Cl)cc3)sc12
CHEMBL1232461,,,,6.615,89.99967668772533,,0.2402999999999999,,14.13,50.868,19.83003274598472,,CCNC(=O)C[C@@H]1N=C(c2ccc(Cl)cc2)c2cc(OC)ccc2-n2c(C)nnc21
CHEMBL1234354,,,,6.86,89.99968003881109,,,,,,,,COc1ccc(-c2cc3c(C)nc(N)nc3n([C@H]3CC[C@H](OCCO)CC3)c2=O)cn1
CHEMBL123558,,,,,,,,79.0,,,,,CN1CCN(CCCCN2C(=O)CN(/N=C/c3ccc(-c4ccc(Cl)cc4)o3)C2=O)CC1
CHEMBL1235773,,,,72.44,89.99997929321293,,0.089,,,,,,COc1ccc2ncc(C#N)c(CCN3CCC(NCc4cc5c(cn4)OCS5)CC3)c2c1
CHEMBL1236539,,,,,,,,790.0,,,,,CN[C@@H]1C[C@H]2O[C@@](C)([C@@H]1OC)n1c3ccccc3c3c4c(c5c6ccccc6n2c5c31)C(=O)N[C@@H]4O
CHEMBL1237,,,0.6,,,,,42.0,,,,,NCCCC[C@H](N[C@@H](CCc1ccccc1)C(=O)O)C(=O)N1CCC[C@H]1C(=O)O
CHEMBL1237044,,,,,,,,5.8,,,,,COc1cccc(C2(O)CCCCC2CN(C)C)c1
CHEMBL1237046,,,,,,,,8.8,,,,,CN(C)[C@@H]1C(O)=C(C(=O)NCN2CCCC2)C(=O)[C@@]2(O)C(O)=C3C(=O)c4c(O)cccc4[C@@](C)(O)[C@H]3C[C@@H]12
CHEMBL1237123,,,,,,,,1.7,,,,,COc1cc(CC2c3c(cc(OC)c(OC)c3OC)CC[N+]2(C)CCCOC(=O)CCC(=O)OCCC[N+]2(C)CCc3cc(OC)c(OC)c(OC)c3C2Cc2cc(OC)c(OC)c(OC)c2)cc(OC)c1OC
CHEMBL1237132,,,,,,,,0.3,,,,,CCCC(=O)OCOC(=O)C1=C(C)NC(C)=C(C(=O)OC)C1c1cccc(Cl)c1Cl
CHEMBL123798,,,,,,,0.0544,,,,,,COc1cccc2c(O)nc(-c3ccc(C(F)(F)F)cc3)nc12
CHEMBL1240967,,,,37.0,89.99995945947772,,0.0052999999999999,,99.0,356.40000000000003,59.7986577181208,,CC(C)(Cc1cccc(CC(=O)NCc2cccc(-c3ccc(O)cc3)c2)c1)NC[C@H](O)c1ccc(O)c(NS(C)(=O)=O)c1
CHEMBL1241590,,,,69.18,89.999978317438,,0.6763,,8.71,31.356000000000005,13.35206949412366,,CS(=O)(=O)c1ccc([C@@H](O)[C@@H](CF)NC(=O)C(Cl)Cl)cc1
CHEMBL1241982,,,,5.13,89.99970760328914,,,,,,,,COc1ccc2nc(C)cc(-n3cc(CN4CCN(C(C)=O)CC4)nn3)c2c1
CHEMBL1254945,,,,,,,0.0095,,,,,,O=C(c1cccc(N2Cc3cccc(Cl)c3C2=O)c1)N1CCC2(CC1)CCN(c1ccncc1)CC2
CHEMBL1256568,,,,,,,0.2319,,,,,,O=C(O)CNC(=O)c1ncccc1O
CHEMBL1256734,,,,,,,,1.2,,,,,CC1(C)S[C@@H]2[C@H](NC(=O)C(c3ccccc3)S(=O)(=O)O)C(=O)N2[C@H]1C(=O)O
CHEMBL1256967,,,,7.24,89.99968467047327,,0.3087999999999999,,7.94,28.584000000000003,12.333448394891269,,CC1(C)[C@H](NC(=O)/C(=N\OCc2cc(=O)c(O)cn2O)c2csc(N)n2)C(=O)N1OS(=O)(=O)O
CHEMBL1257491,,,,,,,0.0015,,,,,,Oc1ccc2cc(CNCCc3ccc(Br)cc3)c(-c3ccsc3)nc2c1
CHEMBL1257599,,,,41.69,89.99996402016309,,,,,,,,CNc1ncnc2c(CNc3cc(NC(=O)c4ccc5c(c4)OCCO5)ccc3C)cccc12
CHEMBL126,,,,,,,0.7721,4.5,,,,,CC(=O)NC[C@H]1CN(c2ccc(N3CCOCC3)c(F)c2)C(=O)O1
CHEMBL12610,,,,78.88,89.9998983507236,,,,17.78,64.008,23.608734139864264,,CN(C)CCCOc1nn(Cc2ccccc2)c2ccccc12
CHEMBL1263,,,119.0,85.0,89.99998235294464,,0.0661,,58.0,208.8,48.33333333333333,,OCc1cc(C(O)CNCCCCCCOCCCCc2ccccc2)ccc1O
CHEMBL1269858,,,,51.29,89.99997075454255,,,,,,,,CN(c1ccnc(Nc2cc(N3CCOCC3)cc(N3CCOCC3)c2)n1)c1cccc2[nH]ncc12
CHEMBL127,,,,,,,,1.0,,,,,C[C@@H](O)[C@H]1C(=O)N2C(C(=O)O)=C(S[C@@H]3CN[C@H](C(=O)N(C)C)C3)[C@H](C)[C@H]12
CHEMBL127066,,,,,,,0.0119,,150.0,539.9999999999999,67.5,,Oc1nc(-c2ccccc2)nc2ccccc12
CHEMBL1272,,,,29.51,89.99994916980167,,0.009,0.87,,,,,CCOc1cc(CC(=O)N[C@@H](CC(C)C)c2ccccc2N2CCCCC2)ccc1C(=O)O
CHEMBL1276308,,,,26.92,89.99994427938071,,0.0015,,79.0,284.4,55.11627906976744,,CC#C[C@]1(O)CC[C@H]2[C@@H]3CCC4=CC(=O)CCC4=C3[C@@H](c3ccc(N(C)C)cc3)C[C@@]21C
CHEMBL1276946,,,,3.0,89.99950000277776,,,,3.0,10.8,5.094339622641509,,Cc1c2c(=O)n(-c3ccccc3Cl)[nH]c2cc(=O)n1Cc1ccccn1
CHEMBL1277809,,,,,,,0.013,,,,,,O=C(NCc1ccccn1)c1cc(-c2ccccc2)nc2ccccc12
CHEMBL1278,,,,,,,,6.6,,,,,CNS(=O)(=O)CCc1ccc2[nH]cc(C3CCN(C)CC3)c2c1
CHEMBL1279,,,,,,,,24.0,,,,,CN[C@@H]1CCc2[nH]c3ccc(C(N)=O)cc3c2C1
CHEMBL128,,,0.0129,8.0,89.99981250039062,,,1.7,3.0,10.8,5.094339622641509,,CNS(=O)(=O)Cc1ccc2[nH]cc(CCN(C)C)c2c1
CHEMBL1282,,,,,,,0.1481,,,,,,CC(C)Cn1cnc2c(N)nc3ccccc3c21
CHEMBL12856,,,,,,,,2.0,,,,,Nc1cc(-c2ccncc2)c[nH]c1=O
CHEMBL128599,,,2.1e-06,,,,,,,,,,O=C(Nc1cc(C(F)(F)F)cc(C(F)(F)F)c1)c1cnc(Cl)nc1-c1cccs1
CHEMBL128613,,,,,,,,,20.5,73.8,26.170212765957444,,CN1CCN(C(=O)c2cc3cc(Br)ccc3[nH]2)CC1
CHEMBL1287892,,,,,,,0.0191,,,,,,NC(=O)c1cnc(N[C@H]2CCCNC2)c2cc(-c3ccc(F)c(F)c3)sc12
CHEMBL1287979,,,,,,,0.0437,,,,,,COc1cccc(-c2cc3c(N[C@H]4CCCNC4)ncc(C(N)=O)c3s2)c1
CHEMBL1288009,,,,,,,0.0661,,,,,,COc1ccc(-c2cc3c(N[C@H]4CCCNC4)ncc(C(N)=O)c3s2)cc1
CHEMBL1288102,,,,,,,0.0466999999999999,,,,,,NC(=O)c1cnc(N[C@H]2CCCNC2)c2cc(-c3ccc(F)cc3F)sc12
CHEMBL1288103,,,,,,,0.0106,,,,,,NC(=O)c1cnc(N[C@H]2CCCNC2)c2cc(-c3ccc(Cl)c(F)c3)sc12
CHEMBL1288164,,,,,,,0.0262,,,,,,NC(=O)c1cnc(N[C@H]2CCCNC2)c2cc(-c3ccc(F)cc3)sc12
CHEMBL1288221,,,,,,,0.0039,,,,,,NC(=O)c1cnc(N[C@H]2CCCNC2)c2cc(-c3ccc(F)c(Cl)c3)sc12
CHEMBL1288278,,,,,,,0.2619,,,,,,NC(=O)c1ccc(-c2cc3c(N[C@H]4CCCNC4)ncc(C(N)=O)c3s2)cc1
CHEMBL1288306,,,,,,,0.1795,,,,,,NC(=O)c1cnc(N[C@H]2CCCNC2)c2cc(Br)sc12
CHEMBL1289283,,,,,,,0.1695999999999999,,,,,,O=c1cc(OCc2ccccc2)ccn1-c1ccc2c(cnn2CCN2CCCC2)c1
CHEMBL1289545,,,,47.0,89.9999680851177,,0.4314,,11.0,39.6,16.22950819672131,,Cc1nc(C(=O)N2CCOC3(CCN(Cc4ccc(Cl)cc4)CC3)C2)cs1
CHEMBL1289717,,,,,,,0.1695999999999999,,,,,,O=c1cc(-c2ccccc2)ccn1-c1ccc2c(cnn2CCN2CCCC2)c1
CHEMBL129,,,,,,,,1.3,,,,,Cc1cn([C@H]2C[C@H](N=[N+]=[N-])[C@@H](CO)O2)c(=O)[nH]c1=O
CHEMBL1290183,,,,3.0,89.99950000277776,,,,5.0,18.0,8.181818181818182,,O=C(c1ccccc1)N1CCC2(CCN(Cc3cccc(Cl)c3)CC2)CC1
CHEMBL1290184,,,,10.2,89.99985294141676,,,,13.5,48.6,19.133858267716537,,Cc1cccc(CN2CCC3(CC2)CCN(C(=O)c2ccccc2)CC3)c1
CHEMBL1290284,,,,138.04,89.99998913358579,,0.6186,,3.0,10.8,5.094339622641509,,COc1cc(C(=O)OCCCCNC(=N)N)cc(OC)c1O
CHEMBL1290353,,,,22.91,89.9999345264553,,,,7.41,26.676,11.616443128374849,,CCC(NC(=O)Nc1cc(Cl)ccc1Cl)(C(F)(F)F)C(F)(F)F
CHEMBL1290383,,,,,,,0.0065999999999999,,,,,,O=c1c2cc(-c3ccc(Cl)cc3)oc2ccn1-c1ccc2c(cnn2CCN2CCCC2)c1
CHEMBL1290746,,,,,,,,,3.0,10.8,5.094339622641509,,Cc1ccc(C(=O)Nc2ccon2)cc1NC(=O)c1cnn(-c2ccccc2F)c1N
CHEMBL129198,,,,,,,,,19.25,69.3,25.01805054151625,,CN1CCN(C(=O)c2cc3cc(Cl)ccc3[nH]2)CC1
CHEMBL1294,,,,39.305,89.9998680910191,,0.1452,6.6,,,,,C=C[C@H]1CN2CC[C@H]1C[C@@H]2[C@@H](O)c1ccnc2ccc(OC)cc12
CHEMBL12952,,,,,,,0.003,,,,,,COc1ccc2cc(C(C)C(=O)O)ccc2c1
CHEMBL129542,,,2.34,,,,,,,,,,c1cc(OCCCN2CCCCC2)ccc1CN1CCCCC1
CHEMBL129660,,,,,,,,,10.67,38.412,15.828251194989283,,O=C(c1cc2ccccc2[nH]1)N1CCNCC1
CHEMBL1297,,,,,,,,,10.23,36.828,15.286402125186786,,CC(C(=O)O)c1cccc(Oc2ccccc2)c1
CHEMBL1299757,,,,,,,0.0139,,37.15,133.73999999999998,38.36488812392426,,Nc1nc(-c2ccccn2)nc(N)c1Cc1ccc(Cl)cc1Cl
CHEMBL129982,,,,,,,,,19.0,68.39999999999999,24.78260869565217,,Nc1ccc(Cl)c(C(=O)NCC23CC4CC(CC(C4)C2)C3)c1
CHEMBL1299863,,,,66.07,89.99997729681215,,,,66.07,237.852,51.23029206513311,,CCc1c(C)nc(SCC(=O)Nc2nc(-c3ccc(OC)cc3)cs2)nc1O
CHEMBL13,,,29.8,,,,,3.6,,,,,COCCc1ccc(OCC(O)CNC(C)C)cc1
CHEMBL130,,,,69.18,89.999978317438,,0.437,4.6,,,,,O=C(N[C@H](CO)[C@H](O)c1ccc([N+](=O)[O-])cc1)C(Cl)Cl
CHEMBL1300857,,,,150.0,89.9999900000011,,0.0051999999999999,,150.0,539.9999999999999,67.5,,Cc1[nH]c2ccc(-c3nnc(SCC(=O)N4CCCc5ccccc54)o3)cc2c1C
CHEMBL1302675,,,,150.0,89.9999900000011,,,,32.36,116.49599999999998,35.36182612918892,,CCn1c(SCC(=O)Nc2cc(C)on2)nnc1-c1ccccc1
CHEMBL1304332,,,,,,,0.0062999999999999,,,,,,Cc1ccc(-c2cc(C(=O)NCc3cn(C)nc3C)c3cc(Br)ccc3n2)cc1
CHEMBL1308362,,,,87.1,89.99998277841891,,0.0095,,79.43,285.94800000000004,55.232171830333,,Cc1ccc2cc(C)c3nnc(SCC(=O)N4CCN(C(=O)c5ccco5)CC4)n3c2c1
CHEMBL1309562,,,,,,,0.0041999999999999,,,,,,Cc1nc(N2CCOCC2)c2cc(-c3ccccc3)sc2n1
CHEMBL1309609,,,,,,,0.0293000000000001,,,,,,O=C(CN1CCCCCC1)N1c2ccccc2Sc2ccccc21
CHEMBL1309788,,,,17.78,89.99991563562463,,0.0015999999999999,,,,,,Cc1ccc(-n2c(C)cc(/C=C3\SC(=O)NC3=O)c2C)cc1
CHEMBL1309895,,,,,,,0.0948,,,,,,O=C(/C=C/c1ccccc1Cl)Nc1ccc2c(c1)C(=O)NC2=O
CHEMBL1309980,,,,35.48,89.9999577226805,,0.5,,,,,,N=c1c(S(=O)(=O)c2ccc(Cl)cc2)cc2c(=O)n3ccccc3nc2n1C1CCCC1
CHEMBL131,,,,,,,,3.4,,,,,C[C@]12C=CC(=O)C=C1CC[C@@H]1[C@@H]2[C@@H](O)C[C@@]2(C)[C@H]1CC[C@]2(O)C(=O)CO
CHEMBL131006,,,1.9e-06,,,,,,,,,,O=C(Nc1cc(C(F)(F)F)cc(C(F)(F)F)c1)c1cnc(F)nc1C(F)(F)F
CHEMBL131087,,,,12.88,89.99988354052337,,,,,,,,Clc1ccc(Cn2c(-c3nn[nH]n3)cc3ccccc32)cc1Cl
CHEMBL1311,,,,,,,,3.0,,,,,O=[N+]([O-])O[C@@H]1CO[C@H]2[C@@H]1OC[C@@H]2O
CHEMBL1312533,,,,,,,0.0209,,,,,,CC(=O)NC1CC2CCCC(C1)N2C(=O)Nc1ccc(Cl)c(C(F)(F)F)c1
CHEMBL1313956,,,,,,,0.0676000000000001,,,,,,O=C(COc1ccccc1Cl)c1ccc[nH]1
CHEMBL1320158,,,,,,,0.0268,,,,,,C/C=C/c1ccc(Oc2nnnn2-c2ccc(C(N)=O)cc2)c(OC)c1
CHEMBL13209,,,,,,,,26.0,,,,,O=C1CN=C(c2ccccc2)c2cc([N+](=O)[O-])ccc2N1
CHEMBL132227,,,,,,,0.1695999999999999,,38.9,140.03999999999996,39.38132733408323,,CC(=O)NCc1cccc(C(=O)O)c1
CHEMBL1322390,,,,150.0,89.9999900000011,,0.0006,,104.71,376.956,60.91332169866201,,COc1ccc2nc(NC(=O)CCc3ccc(OC)c(OC)c3)sc2c1
CHEMBL1322893,,,,54.95,89.99997270246506,,0.5911,,,,,,COc1ccccc1-c1csc(-n2ncc(C#N)c2N)n1
CHEMBL1324,,,,,,,,1.1,,,,,Cc1ccc(C(=O)c2cc(O)c(O)c([N+](=O)[O-])c2)cc1
CHEMBL132495,,,6.2e-06,,,,,,,,,,Cc1nc(Cl)ncc1C(=O)Nc1cc(C(F)(F)F)cc(C(F)(F)F)c1
CHEMBL1327979,,,,,,,0.2007999999999999,,,,,,Nc1nc2nc(-c3cccs3)cc(C(F)(F)F)n2n1
CHEMBL13280,,,,5.01,89.9997005997984,,,25.0,,,,,CN1C(=O)CN=C(c2ccccc2F)c2cc([N+](=O)[O-])ccc21
CHEMBL1330,,,,,,,,1.4,,,,,CN1CC[C@]23c4c5ccc(O)c4O[C@H]2[C@@H](O[C@@H]2O[C@H](C(=O)O)[C@@H](O)[C@H](O)[C@H]2O)C=C[C@H]3[C@H]1C5
CHEMBL133266,,,,,,,,3.2,,,,,CC(C)(C)[C@]1(O)CC2OC(=O)CC23C(=O)OC2OC(=O)[C@H](O)C231
CHEMBL134,,,8.66,,,,,7.6,,,,,Clc1cccc(Cl)c1NC1=NCCN1
CHEMBL1340633,,,,31.62,89.99995256169484,,,,6.61,23.796000000000003,10.508744038155806,,COc1cc(-c2ccc(Nc3ccccc3C(=O)O)c(OC)c2)ccc1Nc1ccccc1C(=O)O
CHEMBL134074,,,,,,,,,79.43,285.94800000000004,55.232171830333,,Cc1ccc2c(c1)C1(CCN(CCc3nc(-c4ccccc4)oc3C)CC1)OC(=O)N2
CHEMBL1345333,,,,111.0,89.99998648648851,,,,119.0,428.3999999999999,63.37278106508876,,c1ccc(Nc2[nH]nnc2-c2ccccc2)cc1
CHEMBL1346,,,,28.005,89.99983676821805,,0.0487999999999999,3.6,9.5,34.2,14.369747899159664,,NC(=O)C(c1ccccc1)(c1ccccc1)[C@@H]1CCN(CCc2ccc3c(c2)CCO3)C1
CHEMBL13470,,,23.0,,,,,,,,,,C=CCN1C[C@H](C)N([C@H](c2ccc(C(=O)N(CC)CC)cc2)c2cccc(OC)c2)C[C@H]1C
CHEMBL134713,,,0.3,,,,,,,,,,COc1ccc(/C=C2\CCCN=C2c2cccnc2)c(OC)c1
CHEMBL13485,,,,,,,0.1051,,,,,,CCN(CC)CCNC(=O)c1c(C)[nH]c(/C=C2\C(=O)Nc3ccc(Cl)cc32)c1C
CHEMBL135,,,,,,,,1.7,,,,,C[C@]12CC[C@@H]3c4ccc(O)cc4CC[C@H]3[C@@H]1CC[C@@H]2O
CHEMBL1351332,,,,138.04,89.99998913358579,,,,70.79,254.844,52.745260369235865,,O=C(NCc1ccccc1)c1cc(-c2ccco2)on1
CHEMBL1352372,,,,,,,0.1095,,,,,,N#Cc1c(N)nc2c(c1N)CC(COc1ccccc1)O2
CHEMBL1352569,,,,,,,0.0076999999999999,,,,,,CC(C)(Oc1ccc(Cl)cc1)C(=O)N1CCN(c2ccccn2)CC1
CHEMBL135339,,,73.5,,,,,,,,,,O=C(C(=O)N1CCN(C(=O)c2ccccc2)CC1)c1c[nH]c2cccc(F)c12
CHEMBL1353474,,,,,,,0.1395,,,,,,Cc1cc(C)c(S(=O)(=O)NCc2ccncc2)c(C)c1
CHEMBL135400,,,,,,,,5.2,,,,,CN1CCN(C(=O)OC2c3nccnc3C(=O)N2c2ccc(Cl)cn2)CC1
CHEMBL1354035,,,,,,,0.5,,,,,,COCCNCC(=O)NC12CC3CC(CC(C3)C1)C2
CHEMBL1355736,,,9.410000000000002,,,,,,,,,,Cn1c(=O)c2nc[nH]c2n(C)c1=O.O
CHEMBL135626,,,,150.0,89.9999900000011,,,,,,,,CC
CHEMBL1358402,,,,,,,0.16,,,,,,C=CC1(C)CC(=O)C2(O)C(C)(O1)C(OC(C)=O)C(O)C1C(C)(C)CCC(O)C12C
CHEMBL1359,,,,,,,,3.8,,,,,C[C@@H](O)[C@H]1C(=O)N2C(C(=O)O)=C(S[C@@H]3CN[C@H](C(=O)Nc4cccc(C(=O)O)c4)C3)[C@H](C)[C@H]12
CHEMBL1359777,,,,150.0,89.9999900000011,,0.0159999999999999,,40.74,146.664,40.40775843068106,,Cc1cc(C(=O)Cn2cc(C(F)(F)F)ccc2=O)c(C)n1Cc1ccccc1
CHEMBL1359986,,,,,,,0.0060999999999999,,,,,,Cc1ccc(NC(=O)Nc2nnc(-c3ccncc3)s2)cc1
CHEMBL1360,,,,,,,,0.31,,,,,COc1ccc(CC2c3cc(OC)c(OC)cc3CC[N+]2(C)CCC(=O)OCCCCCOC(=O)CC[N+]2(C)CCc3cc(OC)c(OC)cc3C2Cc2ccc(OC)c(OC)c2)cc1OC
CHEMBL1360603,,,,,,,0.0418,,,,,,CCOc1ccccc1C(=O)NCc1ccco1
CHEMBL1363,,,,3.91,89.9996163699217,,0.6813,,9.0,32.400000000000006,13.728813559322036,,COc1ccc(C[C@@H](C)NC[C@H](O)c2ccc(O)c(NC=O)c2)cc1
CHEMBL1363924,,,,75.86,89.99998022673779,,,,7.76,27.936,12.09141274238227,,CCn1c(SCC(=O)Nc2cc(C)on2)nnc1-c1cccnc1
CHEMBL1364767,,,,13.8,89.9998913044791,,0.0446999999999999,,,,,,Cc1nn(C2CCCCC2)c(N)c1-c1ccccc1
CHEMBL1367530,,,,150.0,89.9999900000011,,0.0018,,150.0,539.9999999999999,67.5,,Cc1ccc(-c2nnc(SCC(=O)N3CCN(c4ccccc4)CC3)o2)cc1
CHEMBL1369722,,,,,,,0.1368,,,,,,Oc1ncnc2scc(-c3ccccc3)c12
CHEMBL137,,,,3.0,89.99950000277776,,,7.1,,,,,Cc1ncc([N+](=O)[O-])n1CCO
CHEMBL1370,,,,,,,,2.8,,,,,CCCC1O[C@@H]2C[C@H]3[C@@H]4CCC5=CC(=O)C=C[C@]5(C)[C@H]4[C@@H](O)C[C@]3(C)[C@]2(C(=O)CO)O1
CHEMBL1371,,,,10.96,89.99986313889426,,,,30.13,108.468,33.84125795582179,,O=c1[nH]c2cc(Cl)ccc2o1
CHEMBL1378202,,,,,,,0.1341,,,,,,CNC(=O)c1[nH]cnc1C(=O)Nc1ccc(OC)cc1
CHEMBL1380,,,,,,,,1.0,,,,,Nc1nc(NC2CC2)c2ncn([C@H]3C=C[C@@H](CO)C3)c2n1
CHEMBL1381135,,,,,,,0.1631999999999999,,,,,,COc1cnc(-c2ccccn2)nc1N(C)C
CHEMBL1381233,,,,25.12,89.99994028666383,,0.069,,60.26,216.936,49.18737529475784,,O=C(Nc1ccncc1)c1cccc2ccccc12
CHEMBL13817,,,,14.45,89.99989619389136,,0.2319,,,,,,CC(C)(N)C(=O)N[C@H](COCc1ccccc1)C(=O)N1CCC2(CC1)CN(S(C)(=O)=O)c1ccccc12
CHEMBL1381989,,,,,,,0.7010000000000001,,,,,,CC1(C)CNC(=O)c2sc(N3CCOCC3)nc2C1
CHEMBL1382,,,,,,,,2.4,,,,,Cc1ccc(O)c([C@H](CCN(C(C)C)C(C)C)c2ccccc2)c1
CHEMBL138225,,,,,,,,27.0,,,,,CC(C)(C)NC(=O)[C@H]1CC[C@H]2[C@@H]3CC=C4C=C(C(=O)O)CC[C@]4(C)[C@H]3CC[C@]12C
CHEMBL1384,,,,,,,,2.1,,,,,NC[C@H]1O[C@H](O[C@H]2[C@H](O)[C@@H](O[C@H]3O[C@H](CO)[C@@H](O)[C@H](N)[C@H]3O)[C@H](N)C[C@@H]2N)[C@H](O)[C@@H](O)[C@@H]1O
CHEMBL1384203,,,,,,,,,30.5,109.8,34.099378881987576,,CC(NCC(O)c1ccc([N+](=O)[O-])cc1)C12CC3CC(CC(C3)C1)C2
CHEMBL1385850,,,,,,,0.1008999999999999,,,,,,O=C(O)c1ccc2[nH]c(C(F)(F)F)nc2c1
CHEMBL1387923,,,,,,,0.002,,,,,,O=C(Nc1cccc(Cl)c1)Nc1nnc(-c2ccncc2)s1
CHEMBL1389,,,,,,,,9.4,,,,,C#C[C@]1(O)CC[C@H]2[C@@H]3CCC4=CC(=O)CC[C@@H]4[C@H]3CC[C@@]21CC
CHEMBL1389370,,,,26.3,89.9999429658156,,0.0784,,9.55,34.38,14.43324937027708,,CCN(CC)CCNc1ncnc2c1sc1nc(N3CCOCC3)c3c(c12)CCCC3
CHEMBL139,,,,83.55,89.99998201421141,,0.0031999999999999,1.4,66.5,239.4,51.37339055793991,,O=C(O)Cc1ccccc1Nc1c(Cl)cccc1Cl
CHEMBL139036,,,,,,,0.2402999999999999,,,,,,CC(=O)S[C@@H]1CC2=CC(=O)CC[C@]2(C)C2CC[C@@]3(C)C(CC[C@@]34CCC(=O)O4)C21
CHEMBL13960,,,,,,,,0.65,,,,,O=C(O)C(Cl)Cl
CHEMBL13976,,,,,,,0.1728,,,,,,Cc1[nH]c(/C=C2\C(=O)Nc3ccc(F)cc32)c(C)c1C(=O)NCCN(C)C
CHEMBL1397672,,,,3.0,89.99950000277776,,,,15.0,53.99999999999999,20.769230769230766,,Cc1[nH]c2nc(NCc3cccc(Br)c3)nn2c(=O)c1Cc1ccccc1
CHEMBL1399574,,,,4.17,89.99964028920748,,0.1795,,3.0,10.8,5.094339622641509,,CCOc1ccc(NC(=O)CCc2c(C)nc3nc(C)nn3c2C)cc1
CHEMBL1402150,,,,,,,0.2801,,,,,,O=C(CSc1nccn(-c2ccc(F)c(F)c2)c1=O)NC1CCCC1
CHEMBL1403871,,,,,,,0.0268,,,,,,CNC(=O)c1[nH]cnc1C(=O)Nc1ccc(Cl)cc1
CHEMBL1405150,,,,150.0,89.9999900000011,,,,21.38,76.96799999999999,26.957130848977304,,CCC(=O)NC(c1cccs1)c1cc(Cl)c2cccnc2c1O
CHEMBL1405928,,,,91.0,89.99998351648654,,,,28.0,100.8,32.30769230769231,,c1ccc(CSc2nc3cccnc3[nH]2)cc1
CHEMBL140684,,,,,,,0.0229,,,,,,CN(c1ccccc1)S(=O)(=O)c1ccc(NC(=O)C(C)(O)C(F)(F)F)cc1
CHEMBL1409708,,,,,,,,,3.0,10.8,5.094339622641509,,CN(C)c1ccnc2sc(C(N)=O)c(N)c12
CHEMBL141,,,,,,,,9.1,,,,,Nc1ccn([C@@H]2CS[C@H](CO)O2)c(=O)n1
CHEMBL141157,,,,94.01,89.99997527354944,,0.4427,,20.89,75.204,26.521371138383408,,C#CC[C@@H](C(=O)N[C@H](/C=C/C(=O)OCC)C[C@@H]1CCNC1=O)n1cccc(NC(=O)c2cc(C)on2)c1=O
CHEMBL1411979,,,,,,,,1.6,,,,,CN(C)CCN(Cc1cccs1)c1ccccn1
CHEMBL1412343,,,,150.0,89.9999900000011,,,,46.77,168.372,43.49798491267955,,Cc1ccccc1NC(=O)CCS(=O)(=O)c1ccc(Br)s1
CHEMBL1412533,,,,,,,0.0059999999999998,,,,,,Clc1ccc(OCc2cn3ccccc3n2)c2ncccc12
CHEMBL1416617,,,,32.36,89.99995364650101,,0.013,,,,,,Cc1nn(-c2ccccc2)c(N)c1-c1ccccc1
CHEMBL1417725,,,,,,,0.003,,,,,,Cc1nc(-c2cccc(C(F)(F)F)c2)sc1C(=O)O
CHEMBL1420171,,,,,,,,,3.0,10.8,5.094339622641509,,Cc1ccc2c(c1)c(Sc1ccccc1)c(CC(=O)O)n2C
CHEMBL1421,,,,28.18,89.99994677079088,,,,,,,,Cc1nc(Nc2ncc(C(=O)Nc3c(C)cccc3Cl)s2)cc(N2CCN(CCO)CC2)n1
CHEMBL1422,,,,,,,0.7681,12.0,,,,,N[C@@H](CC(=O)N1CCn2c(nnc2C(F)(F)F)C1)Cc1cc(F)c(F)cc1F
CHEMBL1423878,,,,52.48,89.99997141769201,,,,60.26,216.936,49.18737529475784,,Oc1ncnc2c1c(-c1ccccc1)cn2-c1ccc(Br)cc1
CHEMBL1425,,,0.0038,,,,,1.0,,,,,Sc1ncnc2nc[nH]c12
CHEMBL1425658,,,,150.0,89.9999900000011,,,,99.0,356.40000000000003,59.7986577181208,,c1csc(Cn2nnnc2CN2CCN(c3nc4ccccc4s3)CC2)c1
CHEMBL1426782,,,,,,,0.0268,,,,,,Cc1sc2c(c1C)c(=O)n(-c1ccc(F)cc1)c(=O)n2CC(=O)NCc1ccco1
CHEMBL1427554,,,,,,,0.0390999999999999,,,,,,Cc1ccc(-c2csc3ncnc(O)c23)cc1
CHEMBL1427959,,,,71.095,89.99997872224573,,,,150.0,539.9999999999999,67.5,,O=C(Nc1nc2ccccc2s1)c1ccccc1
CHEMBL1428,,,,,,,0.0182999999999999,1.3,,,,,COCCOC(=O)C1=C(C)NC(C)=C(C(=O)OC(C)C)C1c1cccc([N+](=O)[O-])c1
CHEMBL1429296,,,,150.0,89.9999900000011,,,,150.0,539.9999999999999,67.5,,COc1ccccc1CN1C(=O)c2ccccc2C1C(=O)NC1CCC(C)CC1
CHEMBL1431,,,,,,,,1.7,,,,,CN(C)C(=N)NC(=N)N
CHEMBL1431112,,,,,,,0.1008999999999999,,,,,,O=C1CN(C(=O)c2ccco2)C(c2ccccc2)c2cc(Cl)ccc2N1
CHEMBL1431692,,,,,,,0.0041999999999999,,,,,,CC(=O)Nc1ccc(Nc2cc(C)nc3c(-c4ccccc4)cnn23)cc1
CHEMBL1431736,,,,5.25,89.99971428662131,,0.3599,,,,,,CC(NC(=O)c1cc(O)nc2ccccc12)c1ccccc1
CHEMBL1431751,,,,,,,0.0139,,,,,,COc1cccc(C(=O)N2C(C(=O)O)CSC2c2ccccc2Cl)c1
CHEMBL1433,,,,,,,,14.0,,,,,C[C@H]1c2cccc(O)c2C(=O)C2=C(O)[C@]3(O)C(=O)C(C(N)=O)=C(O)[C@@H](N(C)C)[C@@H]3[C@@H](O)[C@@H]21
CHEMBL143305,,,,150.0,89.9999900000011,,0.0034,,66.07,237.852,51.23029206513311,,Cc1cc(CCCOc2c(Cl)cc(C3=NCCO3)cc2Cl)on1
CHEMBL1434,,,50.0,,,,,17.0,,,,,CN(C)c1ccc(O)c2c1C[C@H]1C[C@H]3[C@H](N(C)C)C(O)=C(C(N)=O)C(=O)[C@@]3(O)C(O)=C1C2=O
CHEMBL1435,,,,,,,0.0968000000000001,1.7,,,,,Cc1nnc(SCC2=C(C(=O)O)N3C(=O)[C@@H](NC(=O)Cn4cnnn4)[C@H]3SC2)s1
CHEMBL1436,,,,,,,,1.1,,,,,CO/N=C(\C(=O)N[C@@H]1C(=O)N2C(C(=O)O)=C(COC(N)=O)CS[C@H]12)c1ccco1
CHEMBL14370,,,,,,,,10.0,,,,,CCOc1ccccc1OC(c1ccccc1)C1CNCCO1
CHEMBL1439884,,,,150.0,89.9999900000011,,,,150.0,539.9999999999999,67.5,,CCCCn1c(SCC(=O)Nc2cc(C)on2)nnc1-c1ccco1
CHEMBL1440,,,3.8,,,,,9.4,,,,,CN(C)[C@@H]1C(O)=C(C(N)=O)C(=O)[C@@]2(O)C(O)=C3C(=O)c4c(O)cccc4[C@@](C)(O)[C@H]3C[C@@H]12
CHEMBL1443,,,,,,,,0.7,,,,,CCOc1ccc2ccccc2c1C(=O)N[C@@H]1C(=O)N2[C@@H]1SC(C)(C)[C@@H]2C(=O)O
CHEMBL1444,,,,3.0,89.99950000277776,,0.4827,45.0,,,,,N#Cc1ccc(C(c2ccc(C#N)cc2)n2cncn2)cc1
CHEMBL1447,,,,,,,,5.6,,,,,CCC[C@@H]1C[C@@H](C(=O)N[C@@H]([C@H]2O[C@H](SC)[C@H](O)[C@@H](O)[C@H]2O)[C@@H](C)O)N(C)C1
CHEMBL1447076,,,,,,,0.1051,,,,,,NS(=O)(=O)c1ccc(N2N=C(c3ccc(Br)cc3)CC2c2ccc(F)cc2)cc1
CHEMBL1448843,,,,64.57,89.99997676940356,,0.2663999999999999,,12.3,44.28000000000001,17.76886035313002,,O=C(CSc1ccccc1)N1CCN(C(=O)c2ccco2)CC1
CHEMBL1449,,,,,,,,1.0,,,,,CC1(C)S[C@@H]2[C@H](NC(=O)[C@H](C(=O)O)c3ccsc3)C(=O)N2[C@H]1C(=O)O
CHEMBL1450,,,,,,,,63.0,,,,,O=C1C(O)=C([C@H]2CC[C@H](c3ccc(Cl)cc3)CC2)C(=O)c2ccccc21
CHEMBL1450473,,,,,,,0.1008999999999999,,,,,,Cc1ccc(S(=O)(=O)NCCSc2nnnn2-c2ccc(C(N)=O)cc2)cc1
CHEMBL1454310,,,,,,,0.002,,,,,,Cc1cc(I)cc2c1NC(C(=O)O)C1CC=CC21
CHEMBL1455229,,,,150.0,89.9999900000011,,,,13.8,49.68,19.46708463949843,,O=C(NCc1cccnc1)c1cc(-c2ccco2)on1
CHEMBL1458025,,,,102.33,89.99998534154446,,0.0234,,77.62,279.432,54.73906911142454,,Cc1sc2ncnc(SCC(=O)N3CCN(C(=O)c4ccco4)CC3)c2c1C
CHEMBL1458496,,,,150.0,89.9999900000011,,,,150.0,539.9999999999999,67.5,,O=C(c1cccc(Cl)c1Cl)N1CCN(c2ccccn2)CC1
CHEMBL1459588,,,,,,,0.0170999999999998,,5.5,19.8,8.918918918918918,,CCCCCOc1ccc(C(=O)NC(C(=O)O)C(C)C)cc1
CHEMBL1460,,,,,,,,1.4,,,,,O=c1[nH]cnc2c1ncn2[C@H]1CC[C@@H](CO)O1
CHEMBL1460615,,,,75.86,89.99998022673779,,0.5686,,5.25,18.9,8.55203619909502,,O=S1(=O)CC(O)C(N2CCC(c3ccccc3)CC2)C1
CHEMBL1461208,,,,,,,0.0034999999999999,,,,,,COc1ccc(S(=O)(=O)N2CC(C)N(S(=O)(=O)c3ccc(OC)cc3)CC2C)cc1
CHEMBL1463,,,,,,,,4.2,,,,,Nc1nc(=O)[nH]cc1F
CHEMBL1463345,,,,26.16,89.99987012805605,,0.0594,,14.45,52.02,20.178432893716057,,C[C@]12CCC(=O)C=C1C=C[C@@H]1[C@@H]2CC[C@@]2(C)[C@H]1CC[C@@]21CCC(=O)O1
CHEMBL1464,,,,3.0,89.99950000277776,,0.0069,29.0,5.25,18.9,8.55203619909502,,CC(=O)CC(c1ccccc1)c1c(O)c2ccccc2oc1=O
CHEMBL1465276,,,,46.77,89.9999679281705,,,,83.18,299.448,56.211142814236375,,O=C(C1CCN(c2nnc(-n3cccc3)s2)CC1)N1CCc2ccccc2C1
CHEMBL1467,,,,,,,,0.8,,,,,Oc1ncnc2[nH]ncc12
CHEMBL1468264,,,,,,,0.1118000000000001,,,,,,COc1cc(OC)c2nc(C)c3c(c2c1)N(c1ccc(O)cc1)CC3
CHEMBL1468936,,,,147.91,89.999989858699,,,,150.0,539.9999999999999,67.5,,CCOC(=O)c1c(-c2ccccc2)nc2cc(C)ccn12
CHEMBL1470371,,,,,,,0.2801,,,,,,NC(=O)c1cccc2c3c([nH]c12)CCCC3
CHEMBL1470412,,,,95.5,89.99998429319646,,,,,,,,Cc1cc(NC(=O)Nc2cccc3ccccc23)no1
CHEMBL1471,,,,,,,,13.0,,,,,C[C@@H](O[C@H]1OCCN(Cc2n[nH]c(=O)[nH]2)[C@H]1c1ccc(F)cc1)c1cc(C(F)(F)F)cc(C(F)(F)F)c1
CHEMBL1472189,,,,12.88,89.99988354052337,,0.0373999999999999,,11.22,40.392,16.494609604704344,,COc1ccc(CC(=O)Nc2nc3ccccc3[nH]2)cc1
CHEMBL1473,,,,128.575,89.99998800046828,,0.0191,6.0,,,,,CCC(=O)O[C@]1(C(=O)SCF)[C@H](C)C[C@H]2[C@@H]3C[C@H](F)C4=CC(=O)C=C[C@]4(C)[C@@]3(F)[C@@H](O)C[C@@]21C
CHEMBL14762,,,,107.15,89.99998600093545,,0.072,,123.03,442.908,63.99294919956077,,CC[C@H](CO)Nc1nc(NCc2ccccc2)c2ncn(C(C)C)c2n1
CHEMBL1477,,,15.0,10.36,89.9998550375472,,0.0098999999999999,1.8,,,,,COCc1c(C(C)C)nc(C(C)C)c(/C=C/[C@@H](O)C[C@@H](O)CC(=O)O)c1-c1ccc(F)cc1
CHEMBL1478592,,,,150.0,89.9999900000011,,,,5.0,18.0,8.181818181818182,,Cc1c(C(=O)Nc2ccccc2)sc2ncnc(O)c12
CHEMBL148,,,,,,,,0.95,,,,,C[C@@H](O)[C@H]1C(=O)N2C(C(=O)O)=C(SCCNC=N)C[C@H]12
CHEMBL1480,,,,,,,,10.0,,,,,CCOC(=O)C1=C(C)NC(C)=C(C(=O)OC)C1c1cccc(Cl)c1Cl
CHEMBL1481,,,,23.2,89.99993534487403,,,9.95,,,,,CCC1=C(C)CN(C(=O)NCCc2ccc(S(=O)(=O)NC(=O)N[C@H]3CC[C@H](C)CC3)cc2)C1=O
CHEMBL1481866,,,,,,,0.0383,,,,,,NC(=O)c1ccc(Oc2cccc3cccnc23)c([N+](=O)[O-])c1
CHEMBL1483,,,,47.885000000000005,89.99993141240198,,0.0456999999999999,,34.67,124.81199999999998,36.85248612259359,,CCCSc1ccc2[nH]c(NC(=O)OC)nc2c1
CHEMBL1484,,,,150.0,89.9999900000011,,,4.1,,,,,COC(=O)C1=C(C)NC(C)=C(C(=O)OCCN(C)Cc2ccccc2)C1c1cccc([N+](=O)[O-])c1
CHEMBL1486109,,,,,,,0.024,,,,,,COc1ccc(-c2nc(-c3ccccn3)no2)cc1
CHEMBL1486510,,,,150.0,89.9999900000011,,,,150.0,539.9999999999999,67.5,,CCOC(=O)c1c(C)n(Cc2ccco2)c2ccc(O)cc12
CHEMBL1486517,,,,50.12,89.99997007183757,,0.0446999999999999,,150.0,539.9999999999999,67.5,,O=C(C1CCN(c2nnc(-n3cccc3)s2)CC1)N1CCN(Cc2ccc3c(c2)OCO3)CC1
CHEMBL148674,,,,,,,0.1237999999999999,,,,,,CCc1c(C(=O)C(N)=O)c2c(OCC(=O)O)cccc2n1Cc1ccccc1
CHEMBL1487253,,,,,,,0.0854,,,,,,O=C(CCS(=O)(=O)c1ccc(Br)cc1)NCc1cccs1
CHEMBL1488371,,,,,,,0.0017,,,,,,O=C(Nc1ccc(Cl)cc1)Nc1nnc(-c2ccncc2)s1
CHEMBL1489,,,,,,,,0.36,,,,,Nc1ncn([C@@H]2O[C@H](CO)[C@@H](O)[C@H]2O)c(=O)n1
CHEMBL1489087,,,,,,,0.5229999999999999,,,,,,O=C(Nc1ccc(Cl)c(Cl)c1)Nc1ccccc1C(=O)O
CHEMBL1489548,,,,,,,0.04,,,,,,O=C(CCS(=O)(=O)c1ccc(Br)cc1)NCCc1ccccc1
CHEMBL1489611,,,,89.13,89.99998317065275,,0.0320999999999999,,67.61,243.396,51.737947453447845,,Cc1cc(C)cc(-c2nnc(SCC(=O)N3CCN(C(=O)c4ccco4)CC3)o2)c1
CHEMBL1490317,,,,141.25,89.99998938053223,,,,150.0,539.9999999999999,67.5,,Cc1cc(C)nc(SCC(=O)Nc2cc(C)on2)n1
CHEMBL1491,,,,,,,0.0191,34.0,,,,,CCOC(=O)C1=C(COCCN)NC(C)=C(C(=O)OC)C1c1ccccc1Cl
CHEMBL149434,,,,,,,0.1509999999999999,,,,,,CCc1c(C(=O)C(N)=O)c2c(OCC(N)=O)cccc2n1Cc1ccccc1
CHEMBL1496,,,,,,,,2.0,,,,,CC(C)c1nc(N(C)S(C)(=O)=O)nc(-c2ccc(F)cc2)c1/C=C/[C@@H](O)C[C@@H](O)CC(=O)O
CHEMBL1496905,,,,,,,0.0065999999999999,,,,,,COc1ccc2c(c1)C(=O)C(=O)N2CC1COc2ccccc2O1
CHEMBL1498024,,,,3.0,89.99950000277776,,,,,,,,N#Cc1ccccc1CSc1nc(O)cc(O)n1
CHEMBL1499,,,,17.38,89.9999136939838,,,,,,,,C[C@]12CCC(=O)C=C1CC[C@@H]1[C@@H]2C(=O)C[C@@]2(C)[C@H]1CC[C@]2(O)C(=O)CO
CHEMBL1502,,,,,,,,1.9,,,,,COc1ccnc(C[S+]([O-])c2nc3cc(OC(F)F)ccc3[nH]2)c1OC
CHEMBL15023,,,,,,,0.0768,,,,,,O=C(CCCN1CCC(O)(c2cccc(C(F)(F)F)c2)CC1)c1ccc(F)cc1
CHEMBL1502752,,,,46.77,89.9999679281705,,,,,,,,Nc1c(-c2ccccc2)nc(Cl)nc1-c1ccccc1
CHEMBL1503,,,,,,,,0.58,,,,,COc1ccc2[nH]c([S+]([O-])Cc3ncc(C)c(OC)c3C)nc2c1
CHEMBL1503415,,,,,,,0.0182999999999999,,,,,,O=c1cc(O)oc2c1c(=O)n(-c1ccccc1)c1ccccc21
CHEMBL1503948,,,,,,,0.0020999999999999,,,,,,Cc1ccc(S(=O)(=O)Nc2ccc3nc(C)sc3c2)cc1
CHEMBL1504,,,,,,,,2.4,,,,,CC1(C)O[C@@H]2C[C@H]3[C@@H]4CCC5=CC(=O)C=C[C@]5(C)[C@@]4(F)[C@@H](O)C[C@]3(C)[C@]2(C(=O)CO)O1
CHEMBL1505,,,,,,,,3.4,,,,,CN(C)CCc1c[nH]c2ccc(CS(=O)(=O)N3CCCC3)cc12
CHEMBL1509029,,,,,,,0.0009999999999998,,,,,,Cc1nc2ccc(NS(=O)(=O)c3ccc(C)c(C)c3)cc2s1
CHEMBL1510,,,,,,,,4.2,,,,,CN1CCC[C@@H]1Cc1c[nH]c2ccc(CCS(=O)(=O)c3ccccc3)cc12
CHEMBL1513,,,,9.74,89.99984512618667,,,14.0,17.78,64.008,23.608734139864264,,CCCCC1=NC2(CCCC2)C(=O)N1Cc1ccc(-c2ccccc2-c2nnn[nH]2)cc1
CHEMBL1514,,,,,,,,18.0,,,,,CC[C@H](OC(C)=O)C(C[C@H](C)N(C)C)(c1ccccc1)c1ccccc1
CHEMBL1515,,,,,,,0.8101,2.4,,,,,Cn1ccnc1S
CHEMBL1515178,,,,,,,0.0010999999999999,,,,,,CCn1cc(CNC(=O)c2cc(-c3ccc(C)cc3)nc3ccc(Br)cc23)c(C)n1
CHEMBL1515447,,,,,,,0.0605999999999999,,,,,,CN1CCCN(C(c2ccccc2)c2ccc(Cl)cc2)CC1
CHEMBL151592,,,,,,,0.4484,,,,,,Cc1cccc(C(N)=O)c1NC(=O)c1ccccc1
CHEMBL1517,,,,,,,,10.0,,,,,CN(C)[C@@H]1C(O)=C(C(N)=O)C(=O)[C@@]2(O)C(O)=C3C(=O)c4c(O)cccc4[C@@](C)(O)[C@H]3[C@H](O)[C@@H]12
CHEMBL1518,,,,,,,0.5911,1.3,3.0,10.8,5.094339622641509,,CCCc1cc(=O)[nH]c(=S)[nH]1
CHEMBL1519272,,,,3.31,89.99954683007638,,,,3.0,10.8,5.094339622641509,,O=C(NS(=O)(=O)c1ccccc1Cl)c1ccc[nH]1
CHEMBL152,,,,,,,,2.6,,,,,Nc1ccn(C[C@@H](CO)OCP(=O)(O)O)c(=O)n1
CHEMBL1520,,,,,,,,4.5,,,,,CCCc1nc(C)c2c(=O)nc(-c3cc(S(=O)(=O)N4CCN(CC)CC4)ccc3OCC)[nH]n12
CHEMBL152067,,,,,,,,11.0,,,,,CC(C)(C)NCC(O)COc1ccc(NC(=O)NC2CCCCC2)cc1
CHEMBL1521,,,,,,,,1.1,,,,,CCN(C(C)=O)c1cccc(-c2ccnc3c(C#N)cnn23)c1
CHEMBL1523918,,,,,,,,,16.0,57.6,21.818181818181817,,O=S(=O)(Nc1nnc(-c2ccccc2)s1)c1ccc(Cl)cc1
CHEMBL1525826,,,,,,,0.2319,,,,,,COc1nccnc1NS(=O)(=O)c1ccc(N)cc1
CHEMBL152640,,,,,,,0.04,,,,,,Cc1cc(C)c(C)c(Cn2ccc3c(/C=N/NC(=O)c4ccc(O)c(C#N)c4)cccc32)c1C
CHEMBL1526610,,,,,,,0.563,,,,,,O=C(Cc1cccs1)Nc1ccon1
CHEMBL1526668,,,,150.0,89.9999900000011,,0.0928,,117.49,422.964,63.13272434175176,,O=C(c1csc2c1CCCC2)N1CCCCC1
CHEMBL1526762,,,,3.0,89.99950000277776,,0.7879,,3.0,10.8,5.094339622641509,,Cc1cc(C)nc(SCC(N)=O)n1
CHEMBL1528356,,,,,,,0.0073999999999999,,,,,,Cc1ccc(S(=O)(=O)N(C)c2ccc3sc(C)nc3c2)cc1
CHEMBL1529080,,,,150.0,89.9999900000011,,,,,,,,Cn1sc(=O)c2cc(S(=O)(=O)NC3CC3)ccc21
CHEMBL1529362,,,,,,,,,3.0,10.8,5.094339622641509,,Nc1nnc(-c2ccccc2)s1
CHEMBL1530127,,,,,,,0.013,,,,,,Cc1ccc(CNC(=O)CCS(=O)(=O)c2ccc(Br)cc2)cc1
CHEMBL153064,,,,150.0,89.9999900000011,,0.0148999999999999,,28.18,101.448,32.44052187260169,,CC(=O)c1cc2ccc(O)cc2oc1=O
CHEMBL1531134,,,,,,,,3.9,,,,,CC1CCN(CCCC(=O)c2ccc(F)cc2)CC1
CHEMBL1531981,,,,66.07,89.99997729681215,,0.002,,4.17,15.012,6.928189034520952,,Cc1oc(-c2ccccc2)cc1C(=O)Nc1cccc(C(=O)O)c1
CHEMBL1532611,,,,150.0,89.9999900000011,,0.0343000000000001,,57.54,207.144,48.15510507718058,,Nc1ccc(OCCc2ccccc2)cc1
CHEMBL153370,,,,,,,,,3.0,10.8,5.094339622641509,,CC(C)C[C@H](NC(=O)N1CCOCC1)C(=O)NCC#N
CHEMBL1534781,,,,150.0,89.9999900000011,,0.04,,104.0,374.4,60.77922077922078,,COc1cnc(-c2ccccn2)nc1N(C)c1ccccc1
CHEMBL1535,,,,,,,,850.0,,,,,CCN(CCO)CCCC(C)Nc1ccnc2cc(Cl)ccc12
CHEMBL1536083,,,,150.0,89.9999900000011,,,,94.0,338.4,58.74999999999999,,CCOC(=O)CN(c1ccccc1C)S(=O)(=O)c1ccc(Cl)cc1
CHEMBL1537,,,,,,,,1.2,,,,,CC1(C)S[C@@H]2[C@H](NC(=O)[C@H](NC(=O)N3CCNC3=O)c3ccccc3)C(=O)N2[C@H]1C(=O)O
CHEMBL1537460,,,,103.2,89.99998546511863,,0.0023999999999999,,7.0,25.2,11.05263157894737,,COc1ccccc1C(=O)Nc1ccc(Cc2ccncc2)cc1
CHEMBL153774,,,,,,,,45.0,,,,,CN(C)CCNc1ccc2c3c(nn2CCNCCO)-c2cnccc2C(=O)c13
CHEMBL1539037,,,,3.09,89.99951456572511,,0.1761,,3.98,14.328,6.635791033716191,,COc1ccc(NC(=O)CCc2c(C)nc3nc(C)nn3c2C)cc1
CHEMBL1539841,,,,,,,0.0032999999999999,,,,,,Cc1nc2ccc(NS(=O)(=O)c3ccc4c(c3)OCCO4)cc2s1
CHEMBL154,,,0.015,,,,,,3.0,10.8,5.094339622641509,,COc1ccc2cc([C@H](C)C(=O)O)ccc2c1
CHEMBL1540,,,,,,,,2.1,,,,,Nc1nc(O)c2ncn(CCC(CO)CO)c2n1
CHEMBL1541,,,,,,,,3.2,,,,,C=CC1=C(C(=O)O)N2C(=O)[C@@H](NC(=O)/C(=N\OCC(=O)O)c3csc(N)n3)[C@H]2SC1
CHEMBL1542,,,,,,,0.3237000000000001,,,,,,Cn1cnc([N+](=O)[O-])c1Sc1ncnc2[nH]cnc12
CHEMBL154709,,,,,,,0.062,,,,,,COc1ccc2c(c1O)-c1cccc3c1[C@@H](C2)N(C)CC3
CHEMBL1549615,,,,150.0,89.9999900000011,,,,,,,,COc1cc2cc(-c3ccc(O)cc3O)nc(C)c2cc1OC
CHEMBL1550191,,,,,,,0.0509999999999999,,,,,,O=C1NC(c2ccc(Br)cc2)Nc2ccccc21
CHEMBL1557771,,,,,,,0.0456999999999999,,,,,,O=C(c1ccccc1)N1CCC(c2nc3ccccc3o2)CC1
CHEMBL1560,,,,57.11,89.99997373490524,,0.0988,2.0,,,,,C[C@H](CS)C(=O)N1CCC[C@H]1C(=O)O
CHEMBL1561,,,,,,,,2.3,,,,,OCCN1C[C@H](O)[C@@H](O)[C@H](O)[C@H]1CO
CHEMBL1565476,,,,,,,,17.0,,,,,CCCC1C(=O)N2C(N(C)C)=Nc3ccc(C)cc3N2C1=O
CHEMBL1566,,,,,,,,2.7,,,,,
CHEMBL1568,,,,,,,,11.0,,,,,Nc1nc(F)nc2c1ncn2[C@@H]1O[C@H](CO)[C@@H](O)[C@@H]1O
CHEMBL157101,,,,,,,0.028,,,,,,CC(=O)N1CCN(c2ccc(OCC3COC(Cn4ccnc4)(c4ccc(Cl)cc4Cl)O3)cc2)CC1
CHEMBL1572,,,,,,,,3.2,,,,,CCN[C@@H]1C[C@H](N)[C@@H](O[C@H]2OC(CN)=CC[C@H]2N)[C@H](O)[C@H]1O[C@H]1OC[C@](C)(O)[C@H](NC)[C@H]1O
CHEMBL1573309,,,,77.0,89.99998051948474,,0.1008999999999999,,71.0,255.6,52.8099173553719,,CCN(CC)CCn1c2ccccc2c2cnc(N)c(C#N)c21
CHEMBL1575409,,,,105.13,89.99998255393695,,,,150.0,539.9999999999999,67.5,,COc1ccc(CNC(=O)CSc2nc3cccnc3s2)cc1
CHEMBL15770,,,,,,,,,3.0,10.8,5.094339622641509,,CC1=C(CC(=O)O)c2cc(F)ccc2/C1=C\c1ccc([S+](C)[O-])cc1
CHEMBL158,,,,,,,,1.5,,,,,C[C@H]1[C@H](NC(=O)/C(=N\OC(C)(C)C(=O)O)c2csc(N)n2)C(=O)N1S(=O)(=O)O
CHEMBL1583280,,,,15.49,89.99990316343538,,,,,,,,O=C(O)C1CSC(c2ccccc2Cl)N1C(=O)c1ccc(Cl)cc1
CHEMBL1586565,,,,,,,0.035,,,,,,CN1CCN2c3ccccc3CC3(C(=O)N(C)C(=O)N(C)C3=O)C2C1
CHEMBL1587607,,,,150.0,89.9999900000011,,0.0661,,138.04,496.944,66.06892150606254,,O=C(Nc1ccccc1Cl)c1cc[nH]n1
CHEMBL159,,,14.01,,,,,67.0,,,,,CC[C@]1(O)C[C@@H]2CN(CCc3c([nH]c4ccccc34)[C@@](C(=O)OC)(c3cc4c(cc3OC)N(C)[C@H]3[C@@](O)(C(=O)OC)[C@H](OC(C)=O)[C@]5(CC)C=CCN6CC[C@]43[C@@H]65)C2)C1
CHEMBL1591,,,3.8,,,,,12.0,,,,,CN(C)[C@@H]1C(O)=C(C(N)=O)C(=O)[C@@]2(O)C(O)=C3C(=O)c4c(O)ccc(Cl)c4[C@@H](O)[C@H]3C[C@@H]12
CHEMBL1592,,,,,,,0.0418,,,,,,CCOC(=O)[C@H](CCc1ccccc1)N[C@@H](C)C(=O)N1Cc2ccccc2C[C@H]1C(=O)O
CHEMBL1596896,,,,91.2,89.99998355263459,,,,70.79,254.844,52.745260369235865,,Cc1cccc(NC(=O)Nc2cccc3ccccc23)c1
CHEMBL1598315,,,,,,,0.563,,,,,,CNC(=O)c1snnc1-c1ccccc1
CHEMBL1598817,,,,,,,0.0110999999999999,,,,,,Cc1ccc(Cl)cc1NC(=O)CCS(=O)(=O)c1ccc(Br)s1
CHEMBL1599,,,,,,,,1.2,,,,,CC(=O)OCC1=C(C(=O)O)N2C(=O)[C@@H](NC(=O)CSc3ccncc3)[C@H]2SC1
CHEMBL16,,,0.0129,,,,0.1289,,,,,,O=C1NC(=O)C(c2ccccc2)(c2ccccc2)N1
CHEMBL160,,,32.75,,,,,7.3,,,,,C/C=C/C[C@@H](C)[C@@H](O)[C@H]1C(=O)N[C@@H](CC)C(=O)N(C)CC(=O)N(C)[C@@H](CC(C)C)C(=O)N[C@@H](C(C)C)C(=O)N(C)[C@@H](CC(C)C)C(=O)N[C@@H](C)C(=O)N[C@H](C)C(=O)N(C)[C@@H](CC(C)C)C(=O)N(C)[C@@H](CC(C)C)C(=O)N(C)[C@@H](C(C)C)C(=O)N1C
CHEMBL1600099,,,,,,,0.0605999999999999,,,,,,O=C1CN(C(=O)c2ccccc2)C(c2ccccc2)c2cc(Cl)ccc2N1
CHEMBL1600648,,,,64.34,89.99997668635979,,,,150.0,539.9999999999999,67.5,,Cc1nc2ncnn2c(O)c1CCOC(=O)c1c(F)cccc1F
CHEMBL1604,,,,,,,,0.85,,,,,CC1=C(C(=O)O)N2C(=O)[C@@H](NC(=O)[C@H](N)C3=CCC=CC3)[C@H]2SC1
CHEMBL1604571,,,,,,,0.0409,,,,,,CCOC(=O)C(CCc1ccccc1)NC1CCc2ccccc2N(CC(=O)O)C1=O
CHEMBL1605684,,,,150.0,89.9999900000011,,0.0245,,33.11,119.196,35.85489110816989,,CC(=O)c1cn(Cc2ccccc2)c(=O)n(Cc2ccc(F)cc2)c1=O
CHEMBL160629,,,,,,,,1.1,,,,,CCC#CC[C@H](C)[C@H](O)C#C[C@@H]1[C@H]2C/C(=C/COCC(=O)O)C[C@H]2C[C@H]1O
CHEMBL16073,,,,26.92,89.99994427938071,,0.6506000000000001,0.92,24.55,88.38000000000001,29.637826961770628,,CCOc1ccc(NC(C)=O)cc1
CHEMBL1608462,,,,128.82,89.99998835584688,,0.035,,97.72,351.7919999999999,59.536961819658806,,Cc1cc(C)c(CNC(=O)c2cc(C3CC3)nc3c2cnn3C(C)C)c(O)n1
CHEMBL1609026,,,,,,,0.0119,,,,,,O=C(CCS(=O)(=O)c1ccc(Br)cc1)Nc1ccc2c(c1)OCO2
CHEMBL1609158,,,,81.0,89.99998148148529,,,,150.0,539.9999999999999,67.5,,CCCC(=O)Nc1ccc(Cl)c(-c2nc3ncccc3o2)c1
CHEMBL1609717,,,,,,,0.0428,,,,,,O=C(CCS(=O)(=O)c1ccc(Br)cc1)NCc1ccc(F)cc1
CHEMBL161,,,,,,,,8.6,,,,,CO/N=C(\C(=O)N[C@@H]1C(=O)N2C(C(=O)O)=C(CSc3nc(=O)c(O)nn3C)CS[C@H]12)c1csc(N)n1
CHEMBL1610495,,,,,,,0.0139,,,,,,CNC(=O)c1cc(C(=O)c2ccc(Cl)cc2)c(Br)[nH]1
CHEMBL1610669,,,,150.0,89.9999900000011,,0.0676000000000001,,51.29,184.644,45.57310692072267,,CC(C)CCOc1ccc(N)cc1
CHEMBL1614636,,,,,,,,0.65,,,,,C[C@@H]1CC2=CC(=O)CC[C@]2(C)[C@H]2CC[C@@]3(C)[C@@H](CC[C@@H]3O)[C@]12C
CHEMBL1614637,,,,,,,,0.91,,,,,CC(Oc1ccccc1)C(=O)N[C@@H]1C(=O)N2[C@@H]1SC(C)(C)[C@@H]2C(=O)O
CHEMBL1614639,,,,,,,,5.9,,,,,CN1C(=O)[C@H](O)C[C@H]1c1cccnc1
CHEMBL1614640,,,,,,,,730.0,,,,,Cn1cc(NC(=O)Nc2cc(C(=O)Nc3cc(C(=O)Nc4ccc5cc(S(=O)(=O)O)cc(S(=O)(=O)O)c5c4)n(C)c3)n(C)c2)cc1C(=O)Nc1cc(C(=O)Nc2ccc3cc(S(=O)(=O)O)cc(S(=O)(=O)O)c3c2)n(C)c1
CHEMBL1614644,,,,,,,,1.8,,,,,C[N+](C)([O-])CCCN1c2ccccc2CCc2ccccc21
CHEMBL1614647,,,,,,,,9.3,,,,,C#C[C@]1(OS(=O)(=O)O)CC[C@H]2[C@@H]3CCc4cc(O)ccc4[C@H]3CC[C@@]21C
CHEMBL1614648,,,,,,,,8.4,,,,,C#C[C@]1(O)CC[C@H]2[C@@H]3CCc4cc(OS(=O)(=O)O)ccc4[C@H]3CC[C@@]21C
CHEMBL1614650,,,,,,,,6.7,,,,,CC[C@@]1(O)C(=O)OCc2c1cc1n(c2=O)Cc2c-1nc1cc(F)c(C)c3c1c2[C@@H](N)CC3
CHEMBL1614651,,,,,,,,32.0,,,,,NCCCNc1ccc2c(CNCCO)nn3c4c(O)ccc(O)c4c(=O)c1c23
CHEMBL1614652,,,,,,,,1.2,,,,,O=C1c2ccccc2S(=O)(=O)N1CCCCNC[C@H]1CCc2ccccc2O1
CHEMBL1614654,,,,,,,,4.4,,,,,CCOC(=O)[C@]1(c2ccccc2)CCC=C[C@H]1NC
CHEMBL1614655,,,,,,,,11.0,,,,,CCCC[C@@H]1CC(=O)[C@]2(O)O[C@@H]3[C@@H](NC)[C@@H](O)[C@@H](NC)[C@H](O)[C@H]3O[C@@H]2O1
CHEMBL1614656,,,,,,,,34.0,,,,,CCC(CC)COC(C(=O)OCCN(C)C)(c1ccccc1)c1ccccc1
CHEMBL1614658,,,,,,,,1.6,,,,,NC(=O)OC[C@@H]1[C@H](NC(=O)/C(=N\OCC(=O)O)c2csc(N)n2)C(=O)N1S(=O)(=O)O
CHEMBL1614659,,,,,,,,1.6,,,,,COc1cc(CC(=O)NCC(=O)N(CCC(=O)O)Cc2ccc(CO)c(CO)c2)ccc1NC(=O)Nc1ccccc1C
CHEMBL1614660,,,,,,,,1.3,,,,,CCCCCCCCC/C=C/C=C/C(=O)CCC(=O)NC1[C@H](C(O)CO)O[C@H](Nc2ncnc3nc[nH]c23)[C@H](O)[C@@H]1O
CHEMBL1614662,,,,,,,,9.4,,,,,CC(C)(C)[C@H](NC(=O)[C@H](CC1CCCC1)CN(O)C=O)C(=O)N1CCN(Cc2ccc3c(c2)OCO3)CC1
CHEMBL1614663,,,,,,,,1.9,,,,,CC(=O)O[C@H]1C[C@]2(C)CC[C@H]3[C@@H]4C[C@H](N5CC[N+](C)(C)CC5)[C@H](OC(C)=O)[C@@]4(C)CC[C@@H]3[C@@]2(C)C[C@@H]1N1CC[N+](C)(C)CC1.[Br-].[Br-]
CHEMBL1614664,,,,,,,,20.0,,,,,Cc1cc(O)c2c(=O)c3c(O)cc(O)c4c5c(O)cc(O)c6c(=O)c7c(O)cc(CO)c8c1c2c(c34)c(c65)c78
CHEMBL1614667,,,,,,,,20.0,,,,,C=C(C)O[C@@]12CO[C@@H]1C[C@@H]1C[C@@]13C(=O)[C@H](OC(C)=O)C1=C(C)[C@@H](OC(=O)[C@H](O)[C@@H](NC(=O)OC(C)(C)C)c4ccccc4)C[C@@](O)([C@H](OC(=O)c4ccccc4)[C@H]23)C1(C)C
CHEMBL1614705,,,,3.0,89.99950000277776,,0.2531,,3.0,10.8,5.094339622641509,,O=C(CO)N1CCC(c2[nH]nc(-c3ccc(Cl)cc3F)c2-c2ccncn2)CC1
CHEMBL1619,,,,,,,,16.0,,,,,Nc1nc(Cl)nc2c1ncn2[C@H]1C[C@H](O)[C@@H](CO)O1
CHEMBL1621884,,,,,,,0.2663999999999999,,,,,,COCCCCC(=NOCCN)c1ccc(C(F)(F)F)cc1
CHEMBL162203,,,,,,,0.0110999999999999,,,,,,Cc1cccc(-c2nc3cc(Cl)ccc3[nH]2)n1
CHEMBL1622829,,,,36.31,89.99995868908535,,,,,,,,Cc1cc(C)nc(Nc2cccc(C(F)(F)F)c2)n1
CHEMBL1624302,,,,19.05,89.9999212599114,,0.0073999999999999,,,,,,Nc1nc(-c2ccc(Cl)c(Cl)c2)c(-c2ccncc2)s1
CHEMBL1625921,,,,,,,0.1095,,,,,,O=C(NC12CC3CC(CC(C3)C1)C2)OCCNC1CCCCC1
CHEMBL1628227,,,,,,,0.2360999999999999,15.0,,,,,CN(C)CCC=C1c2ccccc2COc2ccccc21
CHEMBL1628691,,,,150.0,89.9999900000011,,,,150.0,539.9999999999999,67.5,,Clc1cccc(-n2nnnc2NCc2ccccc2Oc2ccccn2)c1Cl
CHEMBL1630742,,,,74.13,89.99997976528176,,0.3599,,,,,,NCCCCCc1c[nH]c2ccc(F)cc12
CHEMBL1631095,,,,,,,0.0328,,,,,,NC(=O)c1cc(C(N)=O)n(-c2cccc(-c3cc(C(F)(F)F)ccc3C(F)(F)F)c2)n1
CHEMBL1631889,,,,,,,,,35.0,125.99999999999996,37.05882352941176,,C(#Cc1n[nH]c2ccccc12)c1ccccc1
CHEMBL163870,,,,,,,0.1008999999999999,,,,,,Cc1nccn1-c1ccc(COc2cc(F)cc(C3(C(N)=O)CCOCC3)c2)cc1
CHEMBL1643,,,,,,,,45.0,,,,,NC(=O)c1ncn([C@@H]2O[C@H](CO)[C@@H](O)[C@H]2O)n1
CHEMBL1643194,,,,15.0,89.99990000011111,,0.0012999999999999,,6.0,21.6,9.642857142857142,,Cc1cc(CN2Cc3ccccc3C2C(=O)Nc2ccc(Cl)cc2Cl)ccc1OCC(=O)O
CHEMBL1643199,,,,20.0,89.9999250000625,,,,15.0,53.99999999999999,20.769230769230766,,Cc1cc(CN2CCc3ccccc3C2C(=O)Nc2ccc(Cl)cc2Cl)ccc1OCC(=O)O
CHEMBL1643200,,,,31.0,89.99995161292924,,,,11.0,39.6,16.22950819672131,,Cc1cc(CN2Cc3ccccc3C[C@H]2C(=O)Nc2ccc(Cl)cc2Cl)ccc1OCC(=O)O
CHEMBL1643349,,,,3.0,89.99950000277776,,,,,,,,CC1(C)C(=O)Nc2ccccc21
CHEMBL1644,,,,3.0,89.99950000277776,,,1.1,,,,,CC1=C(C(=O)O)N2C(=O)[C@@H](NC(=O)[C@H](N)c3ccc(O)cc3)[C@H]2SC1
CHEMBL1644331,,,,,,,,,61.0,219.6,49.45945945945946,,c1ccc(Sc2ccc3ccccc3n2)cc1
CHEMBL1644374,,,,150.0,89.9999900000011,,,,150.0,539.9999999999999,67.5,,c1ccc(Oc2nccc3ccccc23)cc1
CHEMBL1645105,,,,,,,0.0383,,7.76,27.936,12.09141274238227,,COc1ccc(-c2ccc3nc(N)sc3c2)cn1
CHEMBL1645107,,,,29.51,89.99994916980167,,0.1189,,20.42,73.512,26.09769951718262,,Nc1nc2ccc(-c3ccncc3)cc2s1
CHEMBL1645135,,,,13.18,89.9998861913427,,0.0132999999999999,,15.85,57.06,21.662870159453306,,C[C@H](NC(=O)c1cccc2c1N(Cc1ccc(Cl)cc1)CC2)c1ccc(C(=O)O)cc1
CHEMBL1645392,,,,19.05,89.9999212599114,,0.0751999999999999,,60.26,216.936,49.18737529475784,,Cc1noc(C)c1-c1ccc(CNS(=O)(=O)c2c(C)noc2C)cc1
CHEMBL1645462,,,214.0,,,,,,,,,,Cc1c(NC(=O)OC[C@@H]2COCCN2)cn2ncnc(Nc3ccc4c(cnn4Cc4cccc(F)c4)c3)c12
CHEMBL1645494,,,,3.0,89.99950000277776,,,,3.0,10.8,5.094339622641509,,CNC(=O)Cc1ccc2c(=O)cc(-c3cccnc3)[nH]c2c1
CHEMBL1645495,,,,50.0,89.99997000001001,,0.0051000000000001,,,,,,O=c1cc(-c2cccnc2)[nH]c2cc(Cc3ccccc3)ccc12
CHEMBL1645496,,,,46.0,89.99996739131616,,0.0268,,,,,,O=c1cc(-c2cccnc2)[nH]c2cc(C(O)c3ccccc3)ccc12
CHEMBL1646,,,,,,,,0.065,,,,,CC1(C)C(/C=C/C=C/C=C/C=C2\N(CCCCS(=O)(=O)[O-])c3ccc4ccccc4c3C2(C)C)=[N+](CCCCS(=O)(=O)[O-])c2ccc3ccccc3c21.[Na+]
CHEMBL1648,,,,,,,,3.3,,,,,COC(=O)C1=C(C)NC(C)=C(C(=O)OC(C)C)C1c1cccc2nonc12
CHEMBL1650697,,,,,,,0.4711999999999999,,,,,,Cc1cc(Nc2nc(N[C@@H](C)c3ncc(F)cn3)ncc2F)n[nH]1
CHEMBL1650698,,,,,,,0.2238,,,,,,C[C@H](Nc1ncc(F)c(Nc2cc(C3CC3)[nH]n2)n1)c1ncc(F)cn1
CHEMBL1650723,,,,,,,0.1212999999999999,,,,,,COc1cc(Nc2nc(N[C@@H](C)c3ncc(F)cn3)ncc2Cl)n[nH]1
CHEMBL1650724,,,,,,,0.0568,,,,,,C[C@H](Nc1ncc(Cl)c(Nc2cc(C3CC3)[nH]n2)n1)c1ncc(F)cn1
CHEMBL1650725,,,,,,,0.2801,,,,,,Cc1cc(Nc2nc(N[C@@H](C)c3ncc(F)cn3)ncc2C)n[nH]1
CHEMBL1650726,,,,,,,0.2487999999999999,,,,,,Cc1cc(Nc2nc(O[C@@H](C)c3ncc(F)cn3)ncc2Cl)n[nH]1
CHEMBL1650728,,,,,,,0.1237999999999999,,,,,,COc1cc(Nc2nc(N[C@@H](C)c3ncc(F)cn3)ncc2Br)n[nH]1
CHEMBL1650729,,,,,,,0.0854,,,,,,Cc1cc(Nc2nc(N[C@@H](C)c3ncc(F)cn3)ncc2Br)n[nH]1
CHEMBL1650730,,,,,,,0.1051,,,,,,C[C@H](Nc1ncc(Cl)c(Nc2cc(N(C)C)[nH]n2)n1)c1ncc(F)cn1
CHEMBL1650731,,,,,,,0.2198999999999999,,,,,,C[C@H](Nc1ncc(F)c(Nc2cc(N(C)C)[nH]n2)n1)c1ncc(F)cn1
CHEMBL1650732,,,,,,,0.5402,,,,,,Cc1cc(Nc2cc(N3CCOCC3)nc(N[C@@H](C)c3ncc(F)cn3)n2)n[nH]1
CHEMBL1650733,,,,,,,0.0836,,,,,,Cc1cc(Nc2nc(N[C@@H](C)c3ncc(F)cn3)nc(N3CCOCC3)c2F)n[nH]1
CHEMBL1650734,,,,,,,0.2279000000000001,,,,,,Cc1cc(Nc2nc(N[C@@H](C)c3ncc(F)cn3)nc(N3CCOCC3)c2Cl)n[nH]1
CHEMBL1650735,,,,,,,0.2754999999999999,,,,,,COc1cc(Nc2cc(N3CCOCC3)nc(N[C@@H](C)c3ncc(F)cn3)n2)n[nH]1
CHEMBL1650736,,,,,,,0.2531,,,,,,COc1cc(Nc2nc(N[C@@H](C)c3ncc(F)cn3)nc(N3CCOCC3)c2F)n[nH]1
CHEMBL1650737,,,,,,,0.0784,,,,,,COc1cc(Nc2nc(N[C@@H](C)c3ncc(F)cn3)nc(N3CCOCC3)c2Cl)n[nH]1
CHEMBL1652621,,,,,,,0.0544,,,,,,Cc1c(CN(C)C(=O)/C=C/c2cnc3c(c2)CCC(=O)N3)oc2ccccc12
CHEMBL165330,,,,,,,0.3706,,,,,,CC(O)(C(=O)Nc1ccc(S(=O)(=O)N2CCOCC2)cc1)C(F)(F)F
CHEMBL165790,,,,109.65,89.99998632011152,,0.0052999999999999,,,,,,CC(C)Oc1ccc2c(=O)c(-c3ccccc3)coc2c1
CHEMBL165840,,,0.002,,,,,,,,,,CCN(CC)CCN(Cc1ccc(-c2ccc(C(F)(F)F)cc2)cc1)C(=O)Cn1cc(CO)c(=O)nc1SCc1ccc(F)cc1
CHEMBL166175,,,18800000.0,,,,,,,,,,CCC(C)[C@H](NC(=O)[C@@H](C[C@H](O)[C@H](CC1CCCCC1)NC(=O)OC(C)(C)C)C(C)C)C(=O)NCc1ccccn1
CHEMBL1668935,,,,,,,0.2895,,,,,,CS(=O)(=O)N1CCC(NC(=O)NC23CC4CC(CC(C4)C2)C3)CC1
CHEMBL1669154,,,,95.5,89.99998429319646,,,,,,,,O=C(CN1CCOCC1)Nc1ccc(-c2cccc3c(=O)cc(N4CCOCC4)oc23)cc1OCC1CC1
CHEMBL1669155,,,,95.5,89.99998429319646,,,,,,,,CC1(COc2cc(-c3cccc4c(=O)cc(N5CCOCC5)oc34)ccc2NC(=O)CN2CCOCC2)COC1
CHEMBL1669156,,,,27.54,89.99994553380202,,,,,,,,COc1cc(-c2cccc3c(=O)cc(N4CCOCC4)oc23)ccc1NC(=O)CN1CCOCC1
CHEMBL1669157,,,,18.62,89.9999194415329,,,,,,,,O=C(CN1CCOCC1)Nc1ccc(-c2cccc3c(=O)cc(N4CCOCC4)oc23)cc1O
CHEMBL1669158,,,,51.29,89.99997075454255,,,,,,,,CCOc1cc(-c2cccc3c(=O)cc(N4CCOCC4)oc23)ccc1NC(=O)CN1CCOCC1
CHEMBL1669159,,,,87.1,89.99998277841891,,,,,,,,CC(C)Oc1cc(-c2cccc3c(=O)cc(N4CCOCC4)oc23)ccc1NC(=O)CN1CCOCC1
CHEMBL1669160,,,,150.0,89.9999900000011,,,,,,,,CC(C)COc1cc(-c2cccc3c(=O)cc(N4CCOCC4)oc23)ccc1NC(=O)CN1CCOCC1
CHEMBL1669161,,,,83.18,89.99998196682256,,,,,,,,C=CCOc1cc(-c2cccc3c(=O)cc(N4CCOCC4)oc23)ccc1NC(=O)CN1CCOCC1
CHEMBL1669162,,,,3.0,89.99950000277776,,,,,,,,NC(=O)COc1cc(-c2cccc3c(=O)cc(N4CCOCC4)oc23)ccc1NC(=O)CN1CCOCC1
CHEMBL1669163,,,,43.65,89.99996563575195,,,,,,,,COCCOc1cc(-c2cccc3c(=O)cc(N4CCOCC4)oc23)ccc1NC(=O)CN1CCOCC1
CHEMBL1669164,,,,5.5,89.99972727355372,,,,,,,,O=C(CN1CCOCC1)Nc1ccc(-c2cccc3c(=O)cc(N4CCOCC4)oc23)cc1OCCN1CCCC1
CHEMBL1669170,,,,123.03,89.9999878078534,,,,,,,,O=C(CN1CCOCC1)Nc1ccc(-c2cccc3c(=O)cc(N4CCOCC4)oc23)cc1-c1ccccc1
CHEMBL166937,,,,,,,,1.0,,,,,CN(CC(N)=O)C(=O)N(CCCl)N=O
CHEMBL1671897,,,,,,,0.0065999999999999,,,,,,COc1ccc(CC(=O)NCc2ccccc2-c2ccccc2C(=O)NCCc2cccnc2)cc1
CHEMBL1671971,,,,,,,0.0004999999999999,,,,,,COc1cc(/C=C2\SC(=O)NC2=O)ccc1Oc1ccc(C#N)cc1C(F)(F)F
CHEMBL1672,,,,3.0,89.99950000277776,,0.4655,,,,,,COCC1=C(C(=O)O)N2C(=O)[C@@H](NC(=O)/C(=N\OC)c3csc(N)n3)[C@H]2SC1
CHEMBL1672434,,,,39.0,89.99996153847798,,,,16.0,57.6,21.818181818181817,,C[C@H]1C[C@@H](NS(=O)(=O)c2cc(Br)ccc2Br)CN1C#N
CHEMBL1679,,,,,,,,1.3,,,,,Nc1nc(=O)c2c([nH]1)NCC(CNc1ccc(C(=O)N[C@@H](CCC(=O)O)C(=O)O)cc1)N2C=O
CHEMBL1681882,,,,38.0,89.9999605263331,,,,11.0,39.6,16.22950819672131,,CCNC(=O)c1cnc(N2CCN(C3CCN(Cc4ccc(Cl)cc4F)CC3)[C@@H](CC)C2)c(Cl)c1
CHEMBL1683025,,,,,,,0.0446999999999999,,,,,,COc1cc2nnc(C(N)=O)c(Nc3ccc(F)cc3F)c2cc1OC
CHEMBL1683026,,,,,,,0.0328,,,,,,COc1cc2nnc(C(N)=O)c(Nc3ccc(C)cc3F)c2cc1OC
CHEMBL1683027,,,,,,,0.0312999999999999,,,,,,COc1cc2nnc(C(N)=O)c(Nc3cc(C)ccc3F)c2cc1OC
CHEMBL1683028,,,,,,,0.0219,,,,,,COc1cc2nnc(C(N)=O)c(Nc3cccc(Cl)c3F)c2cc1OC
CHEMBL1683029,,,,,,,0.0119,,,,,,COc1cc2nnc(C(N)=O)c(Nc3cccc(Cl)c3Cl)c2cc1OC
CHEMBL1683030,,,,,,,0.0383,,,,,,CCOc1cc2nnc(C(N)=O)c(Nc3ccc(F)cc3F)c2cc1N1CCN(C)CC1
CHEMBL1683031,,,,,,,0.0159999999999999,,,,,,CCOc1cc2nnc(C(N)=O)c(Nc3ccc(C)cc3F)c2cc1N1CCN(C)CC1
CHEMBL1683032,,,,,,,0.1073,,,,,,CCOc1cc2nnc(C(N)=O)c(Nc3cc(C)ccc3F)c2cc1N1CCN(C)CC1
CHEMBL1683033,,,,,,,0.0191,,,,,,CCOc1cc2nnc(C(N)=O)c(Nc3cccc(Cl)c3F)c2cc1N1CCN(C)CC1
CHEMBL1683035,,,,16.0,89.99990625009765,,0.0948,,33.0,118.79999999999998,35.78313253012048,,COc1cc2nnc(C(N)=O)c(Nc3ccc(F)cc3F)c2cc1N1CCN(C)CC1
CHEMBL1683036,,,,,,,0.0633,,,,,,COc1cc2nnc(C(N)=O)c(Nc3ccc(C)cc3F)c2cc1N1CCN(C)CC1
CHEMBL1683037,,,,,,,0.0705,,,,,,COc1cc2nnc(C(N)=O)c(Nc3cc(C)ccc3F)c2cc1N1CCN(C)CC1
CHEMBL1683038,,,,,,,0.0784,,,,,,COc1cc2nnc(C(N)=O)c(Nc3cccc(Cl)c3F)c2cc1N1CCN(C)CC1
CHEMBL1683934,,,,25.33,89.99994078172077,,0.1189,,19.5,70.19999999999999,25.25179856115108,,O=C(Nc1ccccc1-c1ccccc1)OC1CCN(CCCCCCCCCNC[C@H](O)c2ccc(O)c3[nH]c(=O)ccc23)CC1
CHEMBL1684954,,,,,,,0.0040999999999999,,,,,,C[C@@H](NC(=O)Cc1ccc(C2CC2)cc1)c1ccc(OCC(F)(F)F)cn1
CHEMBL1684984,,,,4.1850000000000005,89.99961033701788,,,,,,,,CS(=O)(=O)N1CCc2c(-c3cnc(N)nc3)nc(N3CCOCC3)nc21
CHEMBL168634,,,,6.17,89.99975688882526,,0.0836,,14.13,50.868,19.83003274598472,,Cc1ccc(S(=O)(=O)N2N=Cc3ccccc3B2O)cc1
CHEMBL1687,,,,,,,,2.0,,,,,COc1cc2c3cc1Oc1cc(ccc1O)C[C@@H]1c4c(cc(OC)c(O)c4Oc4ccc(cc4)C[C@@H]3N(C)CC2)CC[N+]1(C)C.[Cl-]
CHEMBL1688458,,,,123.86,89.99998732501209,,,,4.9,17.64,8.032786885245903,,O=C(O)CCc1ccc(OCc2cccc(Oc3ccccc3)c2)cc1
CHEMBL168899,,,,7.94,89.99981108351997,,0.1795,,5.13,18.468,8.37475058951569,,O=C1Nc2ccccc2B(O)N1c1ccccc1
CHEMBL1689109,,,,3.0,89.99950000277776,,0.0383,,3.6,12.96,6.044776119402984,,O=C(O)COc1ccc(Cl)cc1CN1CCN(S(=O)(=O)c2ccccc2)CC1
CHEMBL1689110,,,,3.0,89.99950000277776,,,,6.33,22.788,10.113616190307116,,O=C(O)COc1ccc(C(F)(F)F)cc1CN1CCN(S(=O)(=O)c2ccccc2)CC1
CHEMBL1689111,,,,6.0,89.99966666820987,,0.0067,,5.0,18.0,8.181818181818182,,O=C(O)COc1ccc(Cl)cc1CN1CCN(S(=O)(=O)Cc2ccccc2)CC1
CHEMBL1689112,,,,3.0,89.99950000277776,,,,4.7,16.919999999999998,7.733089579524679,,O=C(O)COc1ccc(C(F)(F)F)cc1CN1CCN(C(=O)c2ccccc2)CC1
CHEMBL1689114,,,,5.0,89.999700001,,,,3.0,10.8,5.094339622641509,,O=C(O)COc1ccc(Cl)cc1CN1CCCN(S(=O)(=O)c2ccccc2)CC1
CHEMBL1689115,,,,18.0,89.99991666674383,,0.157,,5.0,18.0,8.181818181818182,,O=C(O)COc1ccc(Cl)cc1CN1CCCN(S(=O)(=O)Cc2ccccc2)CC1
CHEMBL1689116,,,,3.0,89.99950000277776,,,,3.0,10.8,5.094339622641509,,O=C(O)COc1ccc(Cl)cc1CN1CCC(S(=O)(=O)c2ccccc2)CC1
CHEMBL1689117,,,,3.0,89.99950000277776,,0.0100999999999999,,11.0,39.6,16.22950819672131,,O=C(O)COc1ccc(Cl)cc1CN1CCN(S(=O)(=O)c2ccc(F)cc2)CC1
CHEMBL1689119,,,,3.0,89.99950000277776,,0.0273999999999999,,5.0,18.0,8.181818181818182,,C[C@H]1CN(Cc2cc(Cl)ccc2OCC(=O)O)CCN1S(=O)(=O)c1ccccc1
CHEMBL1689120,,,,7.48,89.99979946568746,,0.0051000000000001,,8.0,28.8,12.413793103448272,,C[C@@H]1CN(Cc2cc(Cl)ccc2OCC(=O)O)CCN1S(=O)(=O)c1ccccc1
CHEMBL1689122,,,,7.0,89.99978571479592,,,,3.0,10.8,5.094339622641509,,CC1CN(S(=O)(=O)c2ccccc2)CCN1Cc1cc(Cl)ccc1OCC(=O)O
CHEMBL1689123,,,,4.0,89.99962500156249,,0.0069,,9.0,32.400000000000006,13.728813559322036,,CC[C@H]1CN(Cc2cc(Cl)ccc2OCC(=O)O)CCN1S(=O)(=O)c1ccccc1
CHEMBL1689124,,,,10.0,89.99985000025,,,,11.0,39.6,16.22950819672131,,CCC[C@H]1CN(Cc2cc(Cl)ccc2OCC(=O)O)CCN1S(=O)(=O)c1ccccc1
CHEMBL1689125,,,,20.0,89.9999250000625,,,,3.0,10.8,5.094339622641509,,C[C@@H]1CN(Cc2cc(Cl)ccc2OCC(=O)O)C[C@H](C)N1C(=O)Cc1ccccc1
CHEMBL1689126,,,,3.5,89.99956250217014,,0.0262,,3.0,10.8,5.094339622641509,,C[C@H]1CN(Cc2cc(Cl)ccc2OCC(=O)O)CCN1C(=O)Cc1ccccc1
CHEMBL1689127,,,,3.0,89.99950000277776,,0.0287,,3.0,10.8,5.094339622641509,,C[C@H]1CN(Cc2cc(Cl)ccc2OCC(=O)O)CCN1C(=O)Cc1ccc(F)cc1
CHEMBL1689128,,,,3.0,89.99950000277776,,0.0187,,3.0,10.8,5.094339622641509,,C[C@H]1CN(Cc2cc(Cl)ccc2OCC(=O)O)CCN1C(=O)Cc1ccc(Cl)cc1
CHEMBL1689129,,,,13.0,89.99988461553255,,,,7.0,25.2,11.05263157894737,,C[C@H]1CN(Cc2cc(Cl)ccc2OCC(=O)O)CCN1C(=O)Cc1ccccc1Cl
CHEMBL1689130,,,,12.0,89.99987500017362,,,,3.0,10.8,5.094339622641509,,C[C@H]1CN(Cc2cc(Cl)ccc2OCC(=O)O)CCN1C(=O)Cc1cccc(Cl)c1
CHEMBL1689133,,,,3.85,89.99959042748665,,0.0256,,3.0,10.8,5.094339622641509,,C[C@H](Oc1ccc(Cl)cc1CN1CCN(C(=O)Cc2ccc(Cl)cc2)[C@@H](C)C1)C(=O)O
CHEMBL1689134,,,,17.0,89.99991176479239,,,,3.0,10.8,5.094339622641509,,C[C@H]1CN(Cc2cc(Cl)ccc2OC(C)(C)C(=O)O)CCN1S(=O)(=O)c1ccccc1
CHEMBL1689135,,,,8.25,89.99969444590192,,,,3.0,10.8,5.094339622641509,,C[C@H]1CN(Cc2cc(Cl)ccc2CC(=O)O)CCN1C(=O)Cc1ccc(Cl)cc1
CHEMBL1689136,,,,3.0,89.99950000277776,,,,3.0,10.8,5.094339622641509,,C[C@H]1CN(Cc2cc(Cl)ccc2CCC(=O)O)CCN1C(=O)Cc1ccccc1
CHEMBL1689137,,,,8.85,89.99983046008958,,,,3.0,10.8,5.094339622641509,,C[C@H]1CN(Cc2cc(Cl)ccc2CC(=O)O)CCN1S(=O)(=O)Cc1ccccc1
CHEMBL169526,,,,,,,0.0223999999999999,,,,,,CC(C)(C)COc1ccc(-n2cc(C(=O)O)cn2)cc1C#N
CHEMBL1698351,,,,,,,0.0043,,,,,,Cc1cnc(NC(=O)C2C(=O)c3ccccc3S(=O)(=O)N2C)s1
CHEMBL169901,,,,3.98,89.99962311715612,,,,,,,,N=C(N)N1CCc2ccccc2C1
CHEMBL170,,,,,,,,11.0,,,,,C=C[C@H]1CN2CC[C@H]1C[C@H]2[C@H](O)c1ccnc2ccc(OC)cc12
CHEMBL1703518,,,,150.0,89.9999900000011,,0.0034999999999999,,150.0,539.9999999999999,67.5,,CCN(CC)S(=O)(=O)c1ccc(-c2nnc(SCC(=O)N3CCc4ccccc43)o2)cc1
CHEMBL170551,,,1200000.0,,,,,,,,,,CC[C@H](C)[C@H](NC(=O)[C@@H](C[C@H](O)[C@H](CC1CCCCC1)NC(C)=O)C(C)C)C(=O)NCc1ccccn1
CHEMBL1709327,,,,,,,0.1864,,,,,,CC1CN2c3ccc([N+](=O)[O-])cc3CC3(C(=O)N(C)C(=O)N(C)C3=O)C2C(C)O1
CHEMBL17157,,,,60.885,89.99996975668452,,0.0084,,95.5,343.79999999999995,59.0721649484536,,CC(C)(C)c1ccc(C(O)CCCN2CCC(C(O)(c3ccccc3)c3ccccc3)CC2)cc1
CHEMBL1718800,,,,,,,0.0030999999999999,,,,,,c1ccc2[nH]c(CCCc3nc4ccccc4[nH]3)nc2c1
CHEMBL171951,,,,3.0,89.99950000277776,,0.1695999999999999,,9.77,35.172,14.711393675757067,,CCCS(=O)(=O)N1N=Cc2cc(Cl)ccc2B1O
CHEMBL1724416,,,,,,,0.0209,,,,,,Cc1ccc(S(=O)(=O)Nc2ccc3nc(C)oc3c2)cc1
CHEMBL1725,,,,,,,,2.6,,,,,COCC(=O)Nc1c(I)c(C(=O)NCC(O)CO)c(I)c(C(=O)N(C)CC(O)CO)c1I
CHEMBL1726,,,,,,,,11.0,,,,,COC(=O)C1=C(C)NC(C)=C(C(=O)OCC(C)C)C1c1ccccc1[N+](=O)[O-]
CHEMBL1727,,,,,,,,0.57,,,,,CC1=C(C(=O)O)N2C(=O)[C@@H](NC(=O)[C@H](N)c3ccccc3)[C@H]2SC1
CHEMBL172714,,,,,,,0.0509999999999999,,,,,,Cc1ccc(S(=O)(=O)N2N=Cc3oc(C)cc3B2O)cc1
CHEMBL1730,,,,,,,,1.2,,,,,CO/N=C(\C(=O)N[C@@H]1C(=O)N2C(C(=O)O)=C(COC(C)=O)CS[C@H]12)c1csc(N)n1
CHEMBL1731,,,,,,,,1.2,,,,,CC1(C)S[C@@H]2[C@H](NC(=O)[C@H](NC(=O)N3CCN(S(C)(=O)=O)C3=O)c3ccccc3)C(=O)N2[C@H]1C(=O)O
CHEMBL1733,,,,,,,,2.3,,,,,C[C@H](N[C@@H](CCc1ccccc1)C(=O)O)C(=O)N1Cc2ccccc2C[C@H]1C(=O)O
CHEMBL1734,,,,,,,,52.0,,,,,O=C(O[C@H]1CN2CCC1CC2)N1CCc2ccccc2[C@@H]1c1ccccc1
CHEMBL1734492,,,,34.375,89.99993200347208,,0.03,,27.54,99.144,31.96543719370647,,NC(=O)NC(=O)C(Nc1ccc2c(c1)CCC2)c1ccccc1
CHEMBL1735,,,826.5,,,,,,,,,,CC(C)(C)NC(=O)[C@@H]1CN(Cc2cccnc2)CCN1C[C@@H](O)C[C@@H](Cc1ccccc1)C(=O)N[C@H]1c2ccccc2C[C@H]1O.O=S(=O)(O)O
CHEMBL17350,,,,,,,,3.7,,,,,C[C@@H]([C@@H](O)c1ccc(O)cc1)N1CCC(O)(c2ccccc2)CC1
CHEMBL1735467,,,,,,,0.1315,,,,,,CC(=O)Nc1cccc(OCc2cnc(Cl)s2)c1
CHEMBL17357,,,,150.0,89.9999900000011,,,,,,,,NCCc1ccc(O)c2nc(O)sc12
CHEMBL1736,,,,,,,,1.3,,,,,CC(=O)Nc1c(I)c(C(=O)O)c(I)c(N(C)C(C)=O)c1I
CHEMBL173706,,,,77.285,89.99983088681351,,0.5966,,,,,,CC(C)(C)NCC(O)COc1nsnc1N1CCOCC1
CHEMBL1738,,,,,,,,2.5,,,,,C[C@@H](CN1CC(=O)NC(=O)C1)N1CC(=O)NC(=O)C1
CHEMBL1738761,,,,,,,,,4.0,14.4,6.666666666666665,,N#Cc1ccc(Cl)cc1O[C@H](CCN)c1ccccc1
CHEMBL1738764,,,,53.7,89.99997206704778,,0.0409,,150.0,539.9999999999999,67.5,,Cc1ccc(CO)cc1N(c1ccnc(Nc2cc(N3CCOCC3)cc(S(C)(=O)=O)c2)n1)C(C)C
CHEMBL1738797,,,,5.01,89.9997005997984,,,,,,,,CCc1cc2c(cc1N1CCC(N3CCOCC3)CC1)C(C)(C)c1[nH]c3cc(C#N)ccc3c1C2=O
CHEMBL1738840,,,,18.89,89.99992059297637,,,,3.0,10.8,5.094339622641509,,COc1ccnc(CCc2nc3cccnc3[nH]2)c1
CHEMBL1739,,,,,,,,5.1,,,,,COc1ccc2cc1Oc1cc3c(cc1OC)CC[N+](C)(C)[C@H]3Cc1ccc(cc1)Oc1c(OC)c(OC)cc3c1[C@@H](C2)[N+](C)(C)CC3.[I-].[I-]
CHEMBL1739708,,,,,,,,,19.0,68.39999999999999,24.78260869565217,,COc1ccc(-c2nc(N)s[n+]2-c2ccccc2)cc1
CHEMBL174,,,,,,,,1.4,,,,,CC1(C)S[C@@H]2[C@H](NC(=O)[C@H](N)c3ccccc3)C(=O)N2[C@H]1C(=O)O
CHEMBL1740000,,,,,,,0.0229,,,,,,O=C(CN1CCCC1)N1c2ccccc2Sc2ccc(C(F)(F)F)cc21
CHEMBL1741,,,,,,,,2.8,,,,,CC[C@H]1OC(=O)[C@H](C)[C@@H](O[C@H]2C[C@@](C)(OC)[C@@H](O)[C@H](C)O2)[C@H](C)[C@@H](O[C@@H]2O[C@H](C)C[C@H](N(C)C)[C@H]2O)[C@](C)(OC)C[C@@H](C)C(=O)[C@H](C)[C@@H](O)[C@]1(C)O
CHEMBL174107,,,,70.79,89.99997881057146,,0.6660999999999999,,11.48,41.328,16.805465191932335,,CSc1ccc(N2C(N)=NC(N)=NC2(C)C)cc1
CHEMBL174310,,,,,,,0.2846999999999999,,,,,,N#Cc1ccc(C(=O)N2CCC3(CC2)N=C(N)c2c(F)ccc(F)c2N3)cc1
CHEMBL1743245,,,,51.0,89.9999705882449,,,,4.0,14.4,6.666666666666665,,Cc1ccccc1/N=N/c1ccc(NC(=O)c2ccnn2C)c(C)c1
CHEMBL1747,,,,,,,,2.0,,,,,NC[C@H]1O[C@H](O[C@H]2[C@H](O)[C@@H](O[C@H]3O[C@H](CO)[C@@H](O)[C@H](N)[C@H]3O)[C@H](N)C[C@@H]2N)[C@H](N)C[C@@H]1O
CHEMBL1751,,,,,,,,38.0,,,,,C[C@H]1O[C@@H](O[C@H]2[C@@H](O)C[C@H](O[C@H]3[C@@H](O)C[C@H](O[C@H]4CC[C@@]5(C)[C@H](CC[C@@H]6[C@@H]5C[C@@H](O)[C@]5(C)[C@@H](C7=CC(=O)OC7)CC[C@]65O)C4)O[C@@H]3C)O[C@@H]2C)C[C@H](O)[C@@H]1O
CHEMBL1752,,,,,,,,1.7,,,,,Cn1c(=O)c2c(ncn2CC(O)CO)n(C)c1=O
CHEMBL1753,,,,,,,,2.1,,,,,CCC[C@@H]1C[C@@H](C(=O)N[C@@H]([C@H]2O[C@H](SC)[C@H](O)[C@@H](O)[C@H]2O)[C@H](C)Cl)N(C)C1
CHEMBL1754,,,,,,,,4.1,,,,,CCN1CC(CCN2CCOCC2)C(c2ccccc2)(c2ccccc2)C1=O
CHEMBL175449,,,7.41e-06,,,,,,,,,,Cc1nccn1-c1ccc(NC(=O)c2cc(C(F)(F)F)nn2-c2ccc3onc(N)c3c2)c(F)c1
CHEMBL1755,,,,,,,,6.7,,,,,Cc1nc2c([nH]1)-c1ccccc1N(C(=O)c1ccc(NC(=O)c3ccccc3-c3ccccc3)cc1)CC2
CHEMBL1756,,,,,,,,2.4,,,,,C[C@]12CC[C@@H]3c4ccc(OC(=O)N(CCCl)CCCl)cc4CC[C@H]3[C@@H]1CC[C@@H]2OP(=O)(O)O
CHEMBL1757,,,,,,,,1.9,,,,,C[C@@H]1O[C@@H]1P(=O)(O)O
CHEMBL1760,,,1.4,,,,,15.0,,,,,CC(C)(C)NCC(O)c1cc(O)cc(O)c1
CHEMBL1761322,,,,3.0,89.99950000277776,,,,3.0,10.8,5.094339622641509,,CCS(=O)(=O)CCCC12CCC(c3nnc(-c4ccccc4C(F)(F)F)n3C)(CC1)CC2
CHEMBL1761870,,,,10.72,89.99986007484442,,0.0768,,,,,,C[C@@H]1CN(C(=O)N[C@H](Cc2ccc(F)cc2)C(=O)N2CCC(C(=O)NC(C)(C)C)(C3CCCCC3)CC2)C[C@H](C)N1
CHEMBL1762,,,,,,,,12.0,,,,,Cc1cccc(C)c1NC(=O)C(C)N
CHEMBL1762528,,,,,,,0.0968000000000001,,,,,,CN(c1cccc(CO)c1)c1ccnc(Nc2cc(N3CCOCC3)cc(N3CCOCC3)c2)n1
CHEMBL1762530,,,,31.62,89.99995256169484,,0.0818000000000001,,,,,,Cc1ccc(CO)cc1N(C)c1ccnc(Nc2cc(N3CCOCC3)cc(N3CCOCC3)c2)n1
CHEMBL1762538,,,,,,,0.0555999999999999,,,,,,Cc1ccc(CO)cc1N(C)c1ccnc(Nc2cc(N3CCCOCC3)cc(N3CCOCC3)c2)n1
CHEMBL1763,,,,,,,,5.2,,,,,NS(=O)(=O)c1cc2c(cc1C(F)(F)F)NCNS2(=O)=O
CHEMBL1764,,,,,,,,30.0,,,,,COc1ccc2c(c1)N(C[C@H](C)CN(C)C)c1ccccc1S2
CHEMBL176494,,,3.32e-06,,,,,,,,,,CCc1nccn1-c1ccc(NC(=O)c2cc(C(F)(F)F)nn2-c2ccc3onc(N)c3c2)c(F)c1
CHEMBL1766081,,,,,,,0.0079,,,,,,Cc1ncccc1Oc1ncnc(OC2CCN(C(=O)OC(C)C)CC2)c1C
CHEMBL1766779,,,,19.05,89.9999212599114,,,,4.17,15.012,6.928189034520952,,CS(=O)(=O)c1ccc(-c2cnc(N)c(C(=O)Nc3ccccc3)n2)cc1
CHEMBL1766793,,,,20.89,89.99992819536604,,,,10.0,36.0,15.0,,CC(C)S(=O)(=O)c1ccc(-c2cnc(N)c(C(=O)Nc3ccccc3)n2)cc1
CHEMBL177,,,,,,,,2.4,,,,,NCC[C@H](O)C(=O)N[C@@H]1C[C@H](N)[C@@H](O[C@H]2O[C@H](CN)[C@@H](O)[C@H](O)[C@H]2O)[C@H](O)[C@H]1O[C@H]1O[C@H](CO)[C@@H](O)[C@H](N)[C@H]1O
CHEMBL1770297,,,,27.0,89.99994444447874,,,,37.0,133.2,38.27586206896552,,CCOc1ccc2oc(C(=O)NC(CCSC)c3nc4ccccc4[nH]3)c(C)c2c1
CHEMBL1770298,,,,70.0,89.99997857143367,,0.0043,,43.0,154.79999999999998,41.61290322580645,,Cc1ccc(C(NC(=O)c2ccccc2O)C(=O)Nc2c(C)cccc2C)s1
CHEMBL1770464,,,,,,,0.007,,,,,,Cc1nc(C(=O)[C@H](C)Oc2ccc(SCCCCCc3ccccc3)cc2)sc1CCCC(=O)O
CHEMBL1770469,,,,74.0,89.99997972973429,,0.3978,,31.0,111.6,34.44444444444444,,CSCCC(NC(=O)c1cnccn1)c1nc2ccccc2[nH]1
CHEMBL1770471,,,,150.0,89.9999900000011,,,,63.0,226.8,50.17699115044248,,CSCCC(NC(=O)c1sccc1Cl)c1nc2ccccc2[nH]1
CHEMBL1770475,,,,150.0,89.9999900000011,,,,150.0,539.9999999999999,67.5,,CSCCC(NC(=O)c1ccccc1)c1nc2ccccc2n1Cc1ccc(C#N)cc1
CHEMBL1770476,,,,21.0,89.99992857148526,,,,17.0,61.2,22.83582089552239,,CCOc1ccc2oc(C(=O)NC(CCSC)c3nc4cnccc4[nH]3)c(C)c2c1
CHEMBL1770477,,,,46.0,89.99996739131616,,,,150.0,539.9999999999999,67.5,,CCOc1ccc2oc(C(=O)NC(CCSC)c3nc4ncccc4[nH]3)c(C)c2c1
CHEMBL1771,,,,137.0,89.99998905109622,,0.0135999999999999,,150.0,539.9999999999999,67.5,,COC(=O)[C@H](c1ccccc1Cl)N1CCc2sccc2C1
CHEMBL1773082,,,,6.17,89.99975688882526,,0.0357999999999999,,,,,,Cc1cc(Nc2nc(N[C@@H](C)c3ccc(F)cn3)c(C#N)cc2Cl)n[nH]1
CHEMBL1773254,,,,139.41,89.999989177924,,,,3.0,10.8,5.094339622641509,,O=C(O)CCc1ccc(OCc2cccc(Br)c2)cc1
CHEMBL1774056,,,,,,,0.0531999999999999,,,,,,Cc1cc(Nc2nc(N[C@@H](C)c3ccc(F)cn3)c(C#N)cc2F)n[nH]1
CHEMBL1775161,,,,,,,0.0191,,,,,,O=C(O)c1cn(Cc2ccccc2)c2ccccc12
CHEMBL177756,,,,,,,0.1898999999999999,1.6,,,,,O=C(O)c1ccccc1-c1c2ccc(=O)cc-2oc2cc(O)ccc12
CHEMBL1777822,,,,,,,,,3.0,10.8,5.094339622641509,,Cc1ccc(C#N)cc1-c1cc(C(F)(F)F)ccc1OCC(=O)O
CHEMBL1778612,,,,,,,0.0040999999999999,,3.0,10.8,5.094339622641509,,O=C(O)COc1ccc([N+](=O)[O-])cc1-c1ccccc1
CHEMBL1778616,,,,,,,,,3.0,10.8,5.094339622641509,,O=C(O)COc1ccc(Br)cc1-c1ccccc1
CHEMBL1778617,,,,,,,,,9.0,32.400000000000006,13.728813559322036,,O=C(O)COc1ccc(-c2nccs2)cc1-c1ccccc1
CHEMBL1778618,,,,,,,,,6.0,21.6,9.642857142857142,,N#Cc1ccc(OCC(=O)O)c(-c2ccccc2)c1
CHEMBL1778620,,,,,,,,,3.0,10.8,5.094339622641509,,Nc1ccc(OCC(=O)O)c(-c2ccccc2)c1
CHEMBL1778621,,,,,,,0.0676000000000001,,3.0,10.8,5.094339622641509,,CS(=O)(=O)c1ccc(-c2cc(C(F)(F)F)ccc2OCC(=O)O)cc1
CHEMBL1778622,,,,,,,,,134.0,482.4,65.54347826086956,,CCSc1ccc(-c2cc(C(F)(F)F)ccc2OCC(=O)O)cc1
CHEMBL1778623,,,,,,,0.0121999999999999,,9.0,32.400000000000006,13.728813559322036,,CCN(CC)S(=O)(=O)c1ccc(-c2cc(C(F)(F)F)ccc2OCC(=O)O)cc1
CHEMBL1778624,,,,,,,,,11.0,39.6,16.22950819672131,,O=C(O)COc1ccc(C(F)(F)F)cc1-c1ccc(Cl)cc1
CHEMBL1778625,,,,,,,,,12.0,43.2,17.419354838709676,,COc1ccc(-c2cc(C(F)(F)F)ccc2OCC(=O)O)cc1
CHEMBL1778627,,,,,,,,,13.0,46.8,18.57142857142857,,CN(c1ccc(-c2cc(C(F)(F)F)ccc2OCC(=O)O)cc1)S(C)(=O)=O
CHEMBL1778628,,,,3.0,89.99950000277776,,0.0139,,3.0,10.8,5.094339622641509,,N#Cc1cccc(-c2cc(C(F)(F)F)ccc2OCC(=O)O)c1
CHEMBL1778629,,,,,,,,,12.0,43.2,17.419354838709676,,CCS(=O)(=O)c1cccc(-c2cc(C(F)(F)F)ccc2OCC(=O)O)c1
CHEMBL1778630,,,,,,,,,3.0,10.8,5.094339622641509,,O=C(O)COc1ccc(C(F)(F)F)cc1-c1ccccc1-c1ccccc1
CHEMBL1778633,,,,,,,,,3.0,10.8,5.094339622641509,,Cc1cc(N(C)S(C)(=O)=O)ccc1-c1cc(C(F)(F)F)ccc1OCC(=O)O
CHEMBL1778635,,,,,,,0.0293000000000001,,3.0,10.8,5.094339622641509,,N#Cc1ccc(F)c(-c2cc(C(F)(F)F)ccc2OCC(=O)O)c1
CHEMBL1778636,,,,5.0,89.999700001,,0.0074999999999999,,3.0,10.8,5.094339622641509,,N#Cc1cccc(-c2cc(Cl)ccc2OCC(=O)O)c1
CHEMBL1778637,,,,,,,0.0418,,3.0,10.8,5.094339622641509,,CS(=O)(=O)c1ccc(-c2cc(C(F)(F)F)ccc2OCC(=O)O)c(Cl)c1
CHEMBL1778638,,,,,,,0.0234,,3.0,10.8,5.094339622641509,,CCS(=O)(=O)c1ccc(-c2cc(C(F)(F)F)ccc2OCC(=O)O)c(Cl)c1
CHEMBL1778639,,,,3.5,89.99956250217014,,0.0428,,3.0,10.8,5.094339622641509,,CCS(=O)(=O)c1ccc(-c2cc(C(F)(F)F)ccc2OCC(=O)O)c(C)c1
CHEMBL1778641,,,,,,,0.0273999999999999,,3.0,10.8,5.094339622641509,,CCS(=O)(=O)c1ccc(-c2cc(Cl)ccc2OCC(=O)O)cc1
CHEMBL1778642,,,,,,,0.0251,,10.0,36.0,15.0,,CS(=O)(=O)c1ccc(-c2cc(Cl)ccc2OCC(=O)O)c(Cl)c1
CHEMBL1778643,,,,,,,0.0568,,3.0,10.8,5.094339622641509,,CCc1ccc(OCC(=O)O)c(-c2ccc(S(C)(=O)=O)cc2)c1
CHEMBL1778644,,,,3.62,89.99957311529174,,0.0487999999999999,,3.0,10.8,5.094339622641509,,CCS(=O)(=O)c1ccc(-c2cc(Cl)ccc2OCC(=O)O)c(F)c1
CHEMBL1778645,,,,,,,0.0029,,3.0,10.8,5.094339622641509,,CCS(=O)(=O)c1ccc(-c2cc(Cl)ccc2OCC(=O)O)c(C)c1
CHEMBL1778646,,,,,,,0.0268,,3.0,10.8,5.094339622641509,,CCS(=O)(=O)c1ccc(-c2cc(Cl)ccc2OCC(=O)O)c(Cl)c1
CHEMBL1778647,,,,,,,0.0152999999999999,,4.0,14.4,6.666666666666665,,CCS(=O)(=O)c1ccc(-c2cc(Cl)ccc2OCC(=O)O)c(C(F)(F)F)c1
CHEMBL1778649,,,,,,,0.0418,,3.0,10.8,5.094339622641509,,CCS(=O)(=O)c1ccc(-c2cc(C(F)(F)F)ccc2O[C@@H](C)C(=O)O)c(C)c1
CHEMBL1778652,,,,,,,0.0256,,3.0,10.8,5.094339622641509,,CCS(=O)(=O)c1ccc(-c2cc(C(F)(F)F)ccc2CCC(=O)O)c(C)c1
CHEMBL1778653,,,,,,,,,3.0,10.8,5.094339622641509,,CCS(=O)(=O)c1ccc(-c2cc(C(F)(F)F)ccc2OCC(N)=O)c(C)c1
CHEMBL1779497,,,,,,,,,8.5,30.6,13.076923076923077,,O=C(NCC1CCCCC1)c1cc(-n2ncc(=O)[nH]c2=O)ccc1Cl
CHEMBL1779503,,,,,,,0.0251,,3.0,10.8,5.094339622641509,,O=C(NCCc1ccccc1)c1cc(-n2ncc(=O)[nH]c2=O)ccc1Cl
CHEMBL1779512,,,,5.5,89.99965625158418,,0.5854999999999999,,7.5,27.0,11.739130434782606,,COC[C@@H](O)Cn1c(=O)cnn(-c2ccc(Cl)c(C(=O)NCC3(O)CCCCCC3)c2)c1=O
CHEMBL178,,,0.3,,,,,,,,,,COc1cccc2c1C(=O)c1c(O)c3c(c(O)c1C2=O)C[C@@](O)(C(C)=O)C[C@@H]3O[C@H]1C[C@H](N)[C@H](O)[C@H](C)O1
CHEMBL1782167,,,,21.0,89.99992857148526,,,,3.0,10.8,5.094339622641509,,Cc1ccc(C(=O)NC2CC2)cc1-c1ccc(C(=O)NCC2CC2)nc1
CHEMBL1783112,,,,6.76,89.99977810705595,,,,7.08,25.488,11.163279607568326,,COc1ccc2nc(C)cc(-n3cc(CNC(C)=O)nn3)c2c1
CHEMBL1783119,,,,13.8,89.9998913044791,,,,64.57,232.452,50.72270227808326,,COc1ccc(C(=O)NCc2cn(-c3cc(C)nc4ccc(OC)cc34)nn2)cc1
CHEMBL1783287,,,,4.88,89.9996926240006,,,,,,,,COc1ncccc1-c1cccc2c(N)c3c(nc12)CN(C1CCC1)C3=O
CHEMBL178720,,,1.6e-05,,,,,,,,,,CNc1cccc(CCOc2ccc3c(CCC(=O)O)csc3c2)n1
CHEMBL178737,,,,38.0,89.9999605263331,,0.1423000000000001,,42.0,151.2,41.086956521739125,,O=C1NC(=O)C(c2cnc3ccccn23)=C1c1cn2c3c(cccc13)CN(C(=O)N1CCOCC1)CC2
CHEMBL178835,,,,,,,0.0159999999999999,,,,,,CC(C)[C@H](NC(=O)C[C@H](NC(=O)/C=C/c1ccccc1)c1ccccc1)C(=O)[C@@H]1C(=O)NC(=O)[C@H]1C
CHEMBL178859,,,6e-06,,,,,,,,,,O=C(O)CCn1ccc2cc(OCCCNc3ccccn3)ccc21
CHEMBL1789148,,,,,,,,,3.0,10.8,5.094339622641509,,CCC(CCNC)Oc1cc(Cl)ccc1C#N
CHEMBL1789155,,,,150.0,89.9999900000011,,0.5854999999999999,,,,,,N#Cc1ccc(Cl)cc1S[C@H](CCN)c1ccccc1
CHEMBL1789178,,,,150.0,89.9999900000011,,,,,,,,CNCC[C@@H](Oc1cc(Cl)ccc1C#N)c1ccccc1
CHEMBL1789186,,,,,,,0.2895,,3.0,10.8,5.094339622641509,,N#Cc1cc(F)c(Cl)cc1O[C@H](CCN)c1ccccc1
CHEMBL1789187,,,,,,,0.5572999999999999,,3.0,10.8,5.094339622641509,,N#Cc1ccc(C(F)(F)F)nc1O[C@H](CCN)c1ccno1
CHEMBL1789224,,,,,,,,,3.0,10.8,5.094339622641509,,CNCC[C@@H](Oc1cc(C(F)(F)F)ccc1C#N)c1ccccc1
CHEMBL1789274,,,,142.0,89.99998943662095,,,,26.0,93.6,30.789473684210524,,CNCC[C@@H](Oc1cc(OC)ccc1C#N)c1ccccc1
CHEMBL1789327,,,,,,,,,3.0,10.8,5.094339622641509,,Cc1ccc(C#N)c(S[C@H](CCN)c2ccccc2)n1
CHEMBL1789328,,,,,,,,,3.0,10.8,5.094339622641509,,N#Cc1cc(Cl)ccc1O[C@H](CCN)c1ccccc1
CHEMBL1789941,,,,,,,0.0531999999999999,,,,,,N#CC[C@H](C1CCCC1)n1cc(-c2ncnc3[nH]ccc23)cn1
CHEMBL1790041,,,2.95,3.0,89.99950000277776,,,2.1,3.0,10.8,5.094339622641509,,CNC(=C[N+](=O)[O-])NCCSCc1ccc(CN(C)C)o1
CHEMBL1790519,,,6.3,,,,,,,,,,CC[C@@H](C)[C@H](C(=O)N[C@@H](Cc1c[nH]c2ccccc12)C(=O)O)N(C)C(=O)[C@@H](NC(=O)[C@@H](CC(=O)O)NC(=O)[C@H](CC(C)C)NC(=O)[C@H](NC(C)=O)C1c2ccccc2CCc2ccccc21)[C@@H](C)CC
CHEMBL179400,,,1.7e-05,,,,,,,,,,CNc1cccc(CCOc2ccc3c(CCC(=O)O)coc3c2)n1
CHEMBL179410,,,0.1,,,,,,,,,,Cc1nccn1-c1ccc(NC(=O)c2cc(C(F)(F)F)nn2-c2ccc3onc(N)c3c2)c(C#N)c1
CHEMBL179665,,,23.0,,,,,,,,,,Nc1noc2ccc(-n3nc(C(F)(F)F)cc3C(=O)Nc3ccc(-n4ccnc4CN4CCCC4)cc3F)cc12
CHEMBL1797387,,,,,,,0.002,,,,,,Cc1onc(-c2c(Cl)cccc2Cl)c1NC(=O)OCc1c(F)cccc1Cl
CHEMBL1797410,,,,,,,0.009,,,,,,Cc1onc(-c2c(Cl)cccc2Cl)c1CC(=O)NCc1ccc(OCC(F)(F)F)nc1
CHEMBL179964,,,4.69e-06,,,,,,,,,,Cn1ccnc1-c1ccc(NC(=O)c2cc(C(F)(F)F)nn2-c2ccc3onc(N)c3c2)c(F)c1
CHEMBL18,,,0.0129,,,,,,,,,,CCOc1ccc2nc(S(N)(=O)=O)sc2c1
CHEMBL1800472,,,,43.0,89.99996511629259,,,,35.0,125.99999999999996,37.05882352941176,,CN(CCNC[C@H](O)c1ccc(O)c2[nH]c(=O)sc12)C(=O)CCOCCc1ccccc1
CHEMBL180049,,,34.0,,,,,,,,,,CCOC1CCN(C2CN(CC[C@]3(c4ccc(Cl)c(Cl)c4)CCC(=O)N(CC4CC4)C3)C2)CC1
CHEMBL1800526,,,,16.1,89.9997397641666,,0.0409,,23.5,84.6,28.775510204081627,,COc1ccnc(CCc2nc3cc(Br)cnc3[nH]2)c1
CHEMBL1800528,,,,3.0,89.99950000277776,,0.1970999999999999,,3.0,10.8,5.094339622641509,,COc1ccnc(CCc2nc3c(C)ccnc3[nH]2)c1
CHEMBL1800656,,,,135.0,89.99998888889026,,0.0544,,82.0,295.2,55.909090909090914,,CCN(CCNCCc1ccc(O)c2[nH]c(=O)sc12)C(=O)CCOCCc1ccccc1
CHEMBL1800657,,,,107.0,89.9999859813106,,0.0605999999999999,,150.0,539.9999999999999,67.5,,CCCN(CCNCCc1ccc(O)c2[nH]c(=O)sc12)C(=O)CCOCCc1ccccc1
CHEMBL1800658,,,,99.0,89.9999848484874,,0.028,,60.0,216.0,49.09090909090908,,CC(C)N(CCNCCc1ccc(O)c2[nH]c(=O)sc12)C(=O)CCOCCc1ccccc1
CHEMBL1800659,,,,87.96000000000001,89.99996606483397,,0.0531999999999999,,141.0,507.6,66.43979057591623,,CCCCN(CCNCCc1ccc(O)c2[nH]c(=O)sc12)C(=O)CCOCCc1ccccc1
CHEMBL1800660,,,,150.0,89.9999900000011,,,,150.0,539.9999999999999,67.5,,CCCCN(CCNC[C@H](O)c1ccc(O)c2[nH]c(=O)sc12)C(=O)CCOCCc1ccccc1
CHEMBL1801504,,,,,,,0.2007999999999999,,,,,,O=c1cc(Cn2c(C3CCC3)nc3nccnc32)c2ccc(F)c(F)c2[nH]1
CHEMBL180155,,,,,,,,,10.0,36.0,15.0,,C=CCN(C(=O)Cc1ccc(S(C)(=O)=O)cc1)C1CCN(CCC(c2ccccc2)c2ccccc2)CC1
CHEMBL180184,,,,,,,,,4.0,14.4,6.666666666666665,,CCN(C(=O)NCc1ccccc1)C1CCN(CCC(c2ccccc2)c2ccccc2)CC1
CHEMBL1801962,,,,150.0,89.9999900000011,,0.0009,,150.0,539.9999999999999,67.5,,COc1ccccc1C(=O)/C=C/c1ccccc1C(F)(F)F
CHEMBL180334,,,,,,,,,3.0,10.8,5.094339622641509,,CN(C(=O)Cc1ccc(F)cc1)C1CCN(CCC(c2ccccc2)c2ccccc2)CC1
CHEMBL1807817,,,,150.0,89.9999900000011,,,,75.0,269.99999999999994,54.0,,O=c1[nH]c2c(O)ccc([C@@H](O)CNCCSCCCOCCc3ccccc3)c2s1
CHEMBL1807818,,,,113.0,89.99998672566568,,,,33.0,118.79999999999998,35.78313253012048,,O=c1[nH]c2c(O)ccc([C@@H](O)CNCCCSCCOCCc3ccccc3)c2s1
CHEMBL1807820,,,,49.89,89.99994043228057,,0.0067,,70.0,252.0,52.5,,O=c1[nH]c2c(O)ccc([C@@H](O)CNCCCSCCOCCc3cccc4ccccc34)c2s1
CHEMBL1807821,,,,30.5,89.99973707035812,,,,9.0,32.400000000000006,13.728813559322036,,O=c1[nH]c2c(O)ccc([C@@H](O)CNCCCOCCOCCc3ccccc3)c2s1
CHEMBL1807822,,,,118.0,89.99998728813739,,,,35.0,125.99999999999996,37.05882352941176,,O=c1[nH]c2c(O)ccc([C@@H](O)CNCCCOCCOCCc3cccc4ccccc34)c2s1
CHEMBL1807823,,,,6.0,89.99966666820987,,0.4711999999999999,,5.0,18.0,8.181818181818182,,O=c1[nH]c2c(O)ccc([C@@H](O)CNCCSCCCNCCc3ccccc3)c2s1
CHEMBL1807824,,,,,,,,,68.0,244.8,51.86440677966102,,CCc1ccc(CCNCCCSCCNC[C@H](O)c2ccc(O)c3[nH]c(=O)sc23)cc1
CHEMBL1807825,,,,8.0,89.99981250039062,,,,75.0,269.99999999999994,54.0,,CCOc1ccc(CCNCCCSCCNC[C@H](O)c2ccc(O)c3[nH]c(=O)sc23)cc1
CHEMBL1807826,,,,6.0,89.99975000069445,,,,13.0,46.8,18.57142857142857,,O=c1[nH]c2c(O)ccc([C@@H](O)CNCCSCCCNCCc3cccc(C(F)(F)F)c3)c2s1
CHEMBL1807827,,,,5.0,89.99964285878684,,0.157,,8.0,28.8,12.413793103448272,,O=c1[nH]c2c(O)ccc([C@@H](O)CNCCSCCCNCCc3cccc(Cl)c3)c2s1
CHEMBL1807829,,,,11.22,89.99971142117505,,0.0594,,10.5,37.8,15.6198347107438,,O=c1[nH]c2c(O)ccc([C@@H](O)CNCCSCCCNCCc3cccc(Cl)c3Cl)c2s1
CHEMBL1807849,,,,,,,0.2279000000000001,,,,,,Nc1nc(OCC2CCC2)nc2c1ncn2[C@@H]1O[C@H](CF)[C@@H](O)[C@H]1O
CHEMBL1807851,,,,,,,0.2487999999999999,,,,,,C[C@H]1O[C@@H](n2cnc3c(N)nc(OCC4CC45CC5)nc32)[C@H](O)[C@@H]1O
CHEMBL1807860,,,,,,,0.0446999999999999,,,,,,C[C@H]1O[C@@H](n2cnc3c(N)nc(OCC4CC45CC5)nc32)[C@H](O)[C@H]1Cl
CHEMBL1807869,,,,,,,,,20.0,72.0,25.714285714285715,,O=c1[nH]c2c(O)ccc([C@@H](O)CNCCCSCCNCCc3cccc(Cl)c3)c2s1
CHEMBL1807870,,,,12.0,89.99987500017362,,,,11.0,39.6,16.22950819672131,,O=c1[nH]c2c(O)ccc([C@@H](O)CNCCCSCCNCCc3ccccc3Cl)c2s1
CHEMBL1807871,,,,,,,,,35.0,125.99999999999996,37.05882352941176,,O=c1[nH]c2c(O)ccc([C@@H](O)CNCCCSCCNCCc3cccc(Cl)c3Cl)c2s1
CHEMBL1807872,,,,3.0,89.99950000277776,,,,3.0,10.8,5.094339622641509,,O=c1[nH]c2c(O)ccc([C@@H](O)CNCCCOCCNCCc3cccc(Cl)c3)c2s1
CHEMBL1809045,,,,23.99,89.99993747399091,,,,,,,,COc1cc(C2CCN(C(C)=O)CC2)ccc1Nc1ncc(Cl)c(-c2cnc3ccccn23)n1
CHEMBL1809057,,,,19.95,89.99992481209289,,,,,,,,COc1cc(C(CO)CO)ccc1Nc1ncc(Cl)c(-c2cnc3ccccn23)n1
CHEMBL1809058,,,,13.8,89.9998913044791,,,,,,,,COc1cc(N2CC3CNCC(C2)O3)ccc1Nc1ncc(Cl)c(-c2cnc3ccccn23)n1
CHEMBL1809069,,,,12.3,89.99987804894573,,,,,,,,COc1cc(N2CCN(C(=O)CO)CC2)ccc1Nc1ncc(Cl)c(-c2cnc3ccccn23)n1
CHEMBL1809071,,,,12.59,89.9998808579814,,,,,,,,COc1cc(N2CCN(C(=O)[C@@H](C)O)CC2)ccc1Nc1ncc(Cl)c(-c2cnc3ccccn23)n1
CHEMBL181,,,,,,,,48.0,,,,,CC1=Nc2ccc(Cl)cc2S(=O)(=O)N1
CHEMBL18116,,,,,,,,1.6,,,,,Cc1cccc(N2CC(CO)OC2=O)c1
CHEMBL1813048,,,,,,,0.0119,,,,,,CC(=O)Nc1cccc(Nc2ncnc(N3CCC(OCc4ccc(OC(F)(F)F)cc4)CC3)n2)c1C
CHEMBL1818187,,,,,,,0.0008,,,,,,CC(C)(C)OC(=O)NC[C@H]1CC[C@H](CNC(=O)c2cc(-c3ccccc3)nc3ccccc23)CC1
CHEMBL1818218,,,,89.13,89.99998317065275,,,,95.5,343.79999999999995,59.0721649484536,,CC(C)CNc1nc(N2CCN(CC3CCCOC3)CC2)ncc1C(=O)NCc1ccccc1
CHEMBL1818291,,,,,,,0.0139,,,,,,CC(C)(C)OC(=O)NC[C@H]1CC[C@H](CNC(=O)c2cc(-c3cccc(CN)c3)nc3ccccc23)CC1
CHEMBL1818294,,,,,,,0.0605999999999999,,,,,,CN(C)CCN1CCN(c2cc(C(=O)NC[C@H]3CC[C@H](CNC(=O)OC(C)(C)C)CC3)c3ccccc3n2)CC1
CHEMBL1818295,,,,,,,0.007,,,,,,CC(C)(C)OC(=O)NC[C@H]1CC[C@H](CNC(=O)c2cc(N3CCC(CCO)CC3)nc3ccccc23)CC1
CHEMBL1818296,,,,,,,0.0334999999999999,,,,,,CN(C)CCC1CCN(c2cc(C(=O)NC[C@H]3CC[C@H](CNC(=O)OC(C)(C)C)CC3)c3ccccc3n2)CC1
CHEMBL1818300,,,,,,,0.03,,,,,,CC(C)(C)OC(=O)NC[C@H]1CC[C@H](CNC(=O)c2cc(N3CCC(CCN4CC(O)C4)CC3)nc3ccccc23)CC1
CHEMBL1818302,,,,,,,0.1795,,,,,,CN(C)CCC1CCN(c2cc(C(=O)NC[C@H]3CC[C@H](CNC(=O)OC4CCOCC4)CC3)c3ccccc3n2)CC1
CHEMBL1818303,,,,,,,0.0139,,,,,,CN(C)CCC1CCN(c2cc(C(=O)NC[C@H]3CC[C@H](CNC(=O)OCC(C)(C)C)CC3)c3ccccc3n2)CC1
CHEMBL181913,,,,,,,,,12.0,43.2,17.419354838709676,,CN(C(=O)Cc1ccc(S(N)(=O)=O)cc1)C1CCN(CCC(c2ccccc2)c2ccccc2)CC1
CHEMBL182,,,0.7,,,,,3.7,,,,,Nc1nc2c(ncn2COC(CO)CO)c(=O)[nH]1
CHEMBL182380,,,,,,,0.3288,,3.0,10.8,5.094339622641509,,CCN(C(=O)NCc1ccc(S(C)(=O)=O)cc1)C1CCN(CCC(c2ccccc2)c2ccccc2)CC1
CHEMBL1823817,,,,4.0,89.99960000188888,,0.4145,,,,,,COC[C@H](O)Cn1c(=O)cnn(-c2ccc(Cl)c(C(=O)NCC3(O)CCCCCC3)c2)c1=O
CHEMBL1824029,,,,,,,0.1118000000000001,,,,,,CC(O)c1ccc2c(c1)N(CCN1CCC(NCc3ccc4c(n3)NC(=O)CO4)CC1)C(=O)CO2
CHEMBL1824030,,,,,,,0.1341,,,,,,O=C1COc2ccc(CNC3CCN(CCN4C(=O)COc5ccc(O)cc54)CC3)nc2N1
CHEMBL1824031,,,,,,,0.0262,,,,,,O=C1COc2ccc(CNC3CCN(CCN4C(=O)COc5ccc(Br)cc54)CC3)nc2N1
CHEMBL1824035,,,,,,,0.0928,,,,,,CN(C)S(=O)(=O)c1ccc2c(c1)N(CCN1CCC(NCc3ccc4c(n3)NC(=O)CO4)CC1)C(=O)CO2
CHEMBL1824036,,,,,,,0.1452,,,,,,CS(=O)(=O)c1ccc2c(c1)N(CCN1CCC(NCc3ccc4c(n3)NC(=O)CO4)CC1)C(=O)CO2
CHEMBL1824037,,,,,,,0.2487999999999999,,,,,,O=C1COc2ccc(CNC3CCN(CCN4C(=O)COc5ccc([N+](=O)[O-])cc54)CC3)nc2N1
CHEMBL1824038,,,,,,,0.3039,,,,,,CCS(=O)(=O)c1ccc2c(c1)N(CCN1CCC(NCc3ccc4c(n3)NC(=O)CO4)CC1)C(=O)CO2
CHEMBL1824039,,,,,,,0.0209,,,,,,O=C1COc2ccc(CNC3CCN(CCN4C(=O)COc5ccc(OC(F)(F)F)cc54)CC3)nc2N1
CHEMBL1824040,,,,,,,0.1189,,,,,,CC(=O)c1ccc2c(c1)N(CCN1CCC(NCc3ccc4c(n3)NC(=O)CO4)CC1)C(=O)CO2
CHEMBL1824041,,,,8.51,89.99982373712547,,0.2279000000000001,,,,,,N#Cc1ccc2c(c1)N(CCN1CCC(NCc3ccc4c(n3)NC(=O)CO4)CC1)C(=O)CO2
CHEMBL1824042,,,,,,,0.072,,,,,,O=C1COc2ccc(CNC3CCN(CCN4C(=O)COc5ccc(Cl)cc54)CC3)nc2N1
CHEMBL1824043,,,,,,,0.1695999999999999,,,,,,O=C1COc2ccc(CNC3CCN(CCN4C(=O)COc5ccc(F)cc54)CC3)nc2N1
CHEMBL1824044,,,,,,,0.1118000000000001,,,,,,COc1ccc2c(c1)N(CCN1CCC(NCc3ccc4c(n3)NC(=O)CO4)CC1)C(=O)CO2
CHEMBL1824045,,,,,,,0.0059999999999998,,,,,,O=C1COc2ccc(CNC3CCN(CCN4C(=O)COc5ccc(-c6ccco6)cc54)CC3)nc2N1
CHEMBL1824832,,,,,,,,,11.48,41.328,16.805465191932335,,CCOc1ccc(Oc2ccc(S(=O)(=O)NC(=O)c3cccc(-c4ccc(Cl)c(Cl)c4)c3)cc2)cc1
CHEMBL182600,,,35.0,,,,,,,,,,O=C1CC[C@](CCN2CC(N3CCC(F)CC3)C2)(c2ccc(Cl)c(Cl)c2)CN1CC1CCC(F)(F)CC1
CHEMBL182614,,,6.7,,,,,,,,,,C[C@H](Cc1c[nH]c2c(OS(C)(=O)=O)cccc12)NC[C@H](O)c1cccc(OCc2ccccc2)c1
CHEMBL182682,,,,,,,,,112.0,403.2,62.22222222222221,,COc1ccc(CC(=O)N(C)C2CCN(CCC(c3ccccc3)c3ccccc3)CC2)cc1OC
CHEMBL182708,,,0.9,,,,,,,,,,C[C@H](Cc1c[nH]c2c(OS(C)(=O)=O)cccc12)NC[C@H](O)c1cccc(NC(=O)c2ccccc2)c1
CHEMBL182878,,,,,,,,,26.0,93.6,30.789473684210524,,CC(=O)Nc1ccc(CC(=O)N(C)C2CCN(CCC(c3ccccc3)c3ccccc3)CC2)cc1
CHEMBL1829173,,,,15.49,89.99990316343538,,,,,,,,CC#C[C@@H](CC(=O)O)c1ccc(OCc2cccc(-c3ccc(C(F)(F)F)cc3)c2)cc1
CHEMBL1829174,,,,7.625,89.99978214343565,,0.0036,,5.5,19.8,8.918918918918918,,Cc1cc(OCCCS(C)(=O)=O)cc(C)c1-c1cccc(COc2ccc3c(c2)OC[C@H]3CC(=O)O)c1
CHEMBL1829763,,,,3.3600000000000003,89.99954838938893,,,,14.13,50.868,19.83003274598472,,C[C@@H](c1ccc(-c2ccc(F)cc2F)cc1)N1CC[C@](CCO)(c2ccc(F)cc2)OC1=O
CHEMBL1829783,,,,64.57,89.99997676940356,,,,3.0,10.8,5.094339622641509,,C[C@@H](c1ccc(-c2ccc(F)cc2F)cc1)N1CC[C@@](CCO)(c2ccc(F)cc2)OC1=O
CHEMBL1829876,,,,74.13,89.99997976528176,,,,128.82,463.752,64.83502963874287,,CN(CC(=O)N(Cc1ccc(C2CCCCC2)cc1)c1ccc(C(=O)O)c(O)c1)S(=O)(=O)c1c(F)c(F)c(F)c(F)c1F
CHEMBL182997,,,,,,,0.5799000000000001,,,,,,CC(C)(C)[C@@H](O)C(=O)N1CCC[C@H]1C(=O)NCc1cc(Cl)ccc1CN
CHEMBL1830707,,,,36.31,89.99995868908535,,,,,,,,c1ccc(Nc2nc3c(s2)CCCc2n[nH]cc2-3)nc1
CHEMBL1831078,,,,,,,,,45.0,161.99999999999997,42.63157894736842,,NC(=O)Nc1cc(-c2ccsc2)sc1C(N)=O
CHEMBL1831130,,,,19.5,89.99992307698882,,0.3237000000000001,,8.91,32.076,13.61228993379732,,COc1ccc2nc(C)cc(N3CC(CNC(=O)C4CC4)OC3=O)c2c1
CHEMBL1831214,,,,,,,,,27.0,97.2,31.55844155844156,,NC(=O)Nc1cc(-c2ccccc2)sc1C(N)=O
CHEMBL1834184,,,,6.08,89.99973707280068,,,,10.96,39.456,16.181102362204726,,CCC(=O)N[C@H]1CC[C@@H](C(=O)N(C)c2ccc(-c3nc4ccccc4o3)cc2)C1
CHEMBL1835918,,,,16.205,89.99984660203118,,0.062,,26.33,94.78799999999998,31.04546050045853,,Cc1ccc(N2CC(COc3ccc(-c4noc(C)n4)cc3)C2)nn1
CHEMBL183630,,,,20.0,89.9999250000625,,,,23.0,82.80000000000001,28.356164383561644,,Cc1ccc(NC(=O)c2cccc(N3CCOCC3)c2)cc1NC(=O)c1ccc(OCc2cscn2)cc1
CHEMBL184,,,0.2733333333333334,,,,,2.5,,,,,Nc1nc2c(ncn2COCCO)c(=O)[nH]1
CHEMBL184012,,,,,,,0.0148999999999999,,7.0,25.2,11.05263157894737,,Cc1ccc(NC(=O)c2ccnc(N3CCOCC3)c2)cc1NC(=O)c1ccc(OCc2ccccn2)cc1
CHEMBL184412,,,,,,,0.0009,,,,,,CCCCc1oc2ccc(NS(C)(=O)=O)cc2c1C(=O)c1ccc(OCCCN(CCCC)CCCC)cc1
CHEMBL184584,,,7.0,,,,,,,,,,C[C@H](Cc1c[nH]c2c(OS(C)(=O)=O)cccc12)NC[C@H](O)c1cccc(OS(=O)(=O)c2ccccc2)c1
CHEMBL184721,,,,,,,,,30.33,109.18799999999996,33.98107805303124,,Cc1ccc(NC(=O)c2cccc(N3CCOCC3)c2)cc1NC(=O)c1ccc(OCc2ccccn2)cc1
CHEMBL185,,,,,,,,0.12,,,,,O=c1[nH]cc(F)c(=O)[nH]1
CHEMBL185073,,,,,,,,1.9,,,,,CC(=O)O[C@H]1C[C@@H]2CC[C@@H]3[C@H](CC[C@@]4(C)[C@H]3C[C@H]([N+]3(C)CCCCC3)[C@@H]4OC(C)=O)[C@@]2(C)C[C@@H]1[N+]1(C)CCCCC1
CHEMBL1852508,,,,3.0,89.99950000277776,,0.3039,,3.0,10.8,5.094339622641509,,Cc1cc(-c2ccc(Cl)c(C(=O)NCC3(O)CCCCCC3)c2)nn1C[C@H](O)CN
CHEMBL1852688,,,,57.97,89.99996538367662,,,,,,,,CCN1CCN(c2ccc(Nc3cc(N(C)C(=O)Nc4c(Cl)c(OC)cc(OC)c4Cl)ncn3)cc2)CC1
CHEMBL185452,,,10.0,,,,,,,,,,CS(=O)(=O)N1CCN(C2CN(CC[C@]3(c4ccc(Cl)c(Cl)c4)CCC(=O)N(CC4CC4)C3)C2)CC1
CHEMBL185658,,,,,,,,,75.0,269.99999999999994,54.0,,CC(=O)Nc1ccc(CNc2[nH]nc3cccc(Oc4ccc(S(C)(=O)=O)cc4)c23)cc1
CHEMBL1857945,,,,23.99,89.99993747399091,,,,11.22,40.392,16.494609604704344,,CN(C)CCNc1cc(-c2ccccc2)nc2cc(-c3ccc(F)cc3)nn12
CHEMBL186,,,,,,,,1.9,,,,,CO/N=C(\C(=O)N[C@@H]1C(=O)N2C(C(=O)[O-])=C(C[N+]3(C)CCCC3)CS[C@H]12)c1csc(N)n1
CHEMBL1865796,,,,150.0,89.9999900000011,,,,150.0,539.9999999999999,67.5,,Cc1ccccc1Nc1nc(N)nc(C)c1Br
CHEMBL1868114,,,,147.91,89.999989858699,,0.028,,150.0,539.9999999999999,67.5,,COCCNc1nc(NCc2ccccc2F)c2sccc2n1
CHEMBL1868126,,,,16.0,89.99990625009765,,,,74.0,266.4,53.70967741935483,,COc1cccc2sc(NC(=O)c3ccccc3)nc12
CHEMBL186995,,,,,,,0.1341,,36.0,129.60000000000002,37.674418604651166,,O=C(NCc1ccccc1Cl)c1cccnc1Oc1ccccc1
CHEMBL1870384,,,,,,,,,19.0,68.39999999999999,24.78260869565217,,COc1ccc(C=NN=Cc2ccc(OC)c(OC)c2)cc1OC
CHEMBL1871428,,,,,,,0.6347,,,,,,Oc1ncc(NCc2ccccc2)c(O)n1
CHEMBL1873475,,,,,,,0.0343000000000001,,150.0,539.9999999999999,67.5,,C=CC(=O)N1CCC[C@@H](n2nc(-c3ccc(Oc4ccccc4)cc3)c3c(N)ncnc32)C1
CHEMBL1874317,,,,150.0,89.9999900000011,,,,150.0,539.9999999999999,67.5,,N#CCC(CNc1ncc(C(F)(F)F)cc1Cl)OC(=O)c1c(F)cccc1F
CHEMBL187857,,,,,,,,,83.0,298.8,56.16541353383459,,CSc1nccc(Nc2cc(NC(=O)c3cc(F)cc(N4CCOCC4)c3)ccc2C)n1
CHEMBL1880028,,,,,,,0.02,,,,,,O=C(Cc1ccc(Oc2ccccc2)cc1)NO
CHEMBL188185,,,,,,,,2.0,,,,,CCCC(=O)N1CCCN(c2nc(N)c3cc(OC)c(OC)cc3n2)CC1
CHEMBL188705,,,,,,,,,103.0,370.8,60.58823529411764,,COc1ccc(OC)c(CNc2[nH]nc3cccc(Oc4ccc(S(C)(=O)=O)cc4)c23)c1
CHEMBL188921,,,,,,,,3.3,,,,,COc1cc(OC)c(C(=O)CCCN2CCCC2)c(OC)c1
CHEMBL189,,,,,,,,0.8,,,,,Cc1[nH]c(=O)c(C#N)cc1-c1ccncc1
CHEMBL1890087,,,,144.54,89.99998962225109,,0.0029,,150.0,539.9999999999999,67.5,,CC(C)Nc1nc(NCc2ccccc2)c2sccc2n1
CHEMBL1891338,,,,150.0,89.9999900000011,,0.0026999999999999,,112.2,403.92,62.25647348951911,,COc1cccc(CNc2nc(NC(C)C)nc3ccsc23)c1OC
CHEMBL189181,,,,,,,,,28.0,100.8,32.30769230769231,,CC(=O)Nc1ccc(CNc2[nH]nc3cccc(Oc4ccc(F)cc4)c23)cc1
CHEMBL1892766,,,,,,,,,3.0,10.8,5.094339622641509,,N#Cc1cn(Cc2ccco2)c(=O)[nH]c1=O
CHEMBL189475,,,,3.0,89.99950000277776,,,,3.0,10.8,5.094339622641509,,C[C@@H](C(=O)NS(C)(=O)=O)c1ccc(OS(=O)(=O)C(F)(F)F)cc1
CHEMBL1896341,,,,150.0,89.9999900000011,,,,150.0,539.9999999999999,67.5,,Cc1ccc(CNC(=O)C2CCCN2S(=O)(=O)c2ccc(F)cc2)cc1
CHEMBL189963,,,,,,,0.2279000000000001,,,,,,CC(=O)c1c(C)c2cnc(Nc3ccc(N4CCNCC4)cn3)nc2n(C2CCCC2)c1=O
CHEMBL190,,,,4.375,89.99961956698434,,0.563,7.2,4.79,17.244,7.868224128490601,,Cn1c(=O)c2[nH]cnc2n(C)c1=O
CHEMBL1900528,,,,69.0,89.99974444583401,,0.5229999999999999,,3.0,10.8,5.094339622641509,,C[N+]1(C)[C@@H]2C[C@@H](OC(=O)C(O)(c3cccs3)c3cccs3)C[C@H]1[C@@H]1O[C@@H]12
CHEMBL19019,,,,,,,,1.9,,,,,O=C1CC[C@@]2(O)[C@H]3Cc4ccc(O)c5c4[C@@]2(CCN3CC2CC2)[C@H]1O5
CHEMBL190243,,,,6.0,89.99975000069445,,0.3237000000000001,,3.0,10.8,5.094339622641509,,C[C@@H](C(=O)NCCN1CCCC1)c1ccc(OS(=O)(=O)C(F)(F)F)cc1
CHEMBL1904754,,,,129.0,89.99998837209453,,,,150.0,539.9999999999999,67.5,,Cc1nc2ncnn2c(O)c1CCOC(=O)c1ccccc1F
CHEMBL1904775,,,,,,,0.0219,,,,,,COc1ccc(Cl)cc1NC(=O)CCS(=O)(=O)c1ccc(C)cc1
CHEMBL190558,,,12.8,,,,,,,,,,CN(C)C(=O)Cn1c(-c2ccoc2)c(C2CCCCC2)c2ccc(C(=O)O)cc21
CHEMBL190747,,,,,,,0.002,,43.5,156.6,41.87165775401069,,COc1ccc(OC)c(CNC(=O)c2cccnc2Oc2ccccc2)c1
CHEMBL1908301,,,,,,,,2.1,,,,,O=P(O)(O)OC(Cn1cncn1)(Cn1cncn1)c1ccc(F)cc1F
CHEMBL1908351,,,,,,,,19.0,,,,,Cc1cnc(NCCCN(C)C)c2c1[nH]c1ccc3cc(O)ccc3c12
CHEMBL1908353,,,,,,,,150.0,,,,,
CHEMBL1908354,,,,,,,,1.0,,,,,Cc1nnc(SCC2=C(C(=O)O)N3C(=O)[C@@H](NC(=O)[C@H](O)c4ccccc4)[C@H]3SC2)s1
CHEMBL191,,,1.15,,,,,1.8,,,,,CCCCc1nc(Cl)c(CO)n1Cc1ccc(-c2ccccc2-c2nnn[nH]2)cc1
CHEMBL191003,,,,,,,0.1898999999999999,,,,,,Nc1nc(Nc2ccc(S(N)(=O)=O)cc2)nn1C(=O)c1c(F)cccc1F
CHEMBL1914480,,,,,,,0.4655,,,,,,COc1ccc2ncc(=O)n(CCN3CCC(NCc4cc5c(cn4)OCCO5)CC3)c2n1
CHEMBL191528,,,,50.02499999999999,89.99996724604203,,,,,,,,CCOc1ccc2ccc(=O)oc2c1
CHEMBL191553,,,,,,,0.1008999999999999,,12.0,43.2,17.419354838709676,,CC(=O)Nc1ccc(CNc2[nH]nc3ccnc(Oc4ccccc4)c23)cc1
CHEMBL1916024,,,,,,,0.0768,,,,,,Nc1nc(-c2nn(Cc3ccccc3F)c3ncccc23)nc(N)c1N1CCOCC1
CHEMBL1916082,,,,47.91,89.99996869130707,,0.0139,,54.5,196.2,46.9377990430622,,CCC(CC)NC(=O)c1cnn(-c2ccccc2)c1NS(=O)(=O)c1ccc(C)cc1
CHEMBL1916083,,,,64.0,89.9999765625061,,,,14.0,50.4,19.6875,,CNC(=O)c1cnn(-c2ccccc2)c1NS(=O)(=O)c1ccc(C)cc1
CHEMBL1916084,,,,27.0,89.99994444447874,,,,60.0,216.0,49.09090909090908,,Cc1ccc(S(=O)(=O)Nc2c(C(=O)NC3CCCCC3)cnn2-c2ccccc2)cc1
CHEMBL1916085,,,,48.44,89.99996903386698,,0.0170999999999998,,94.0,338.4,58.74999999999999,,Cc1ccc(S(=O)(=O)Nc2c(C(=O)N(C)C3CCCCC3)cnn2-c2ccccc2)cc1
CHEMBL1916086,,,,40.0,89.99996250001563,,,,150.0,539.9999999999999,67.5,,Cc1ccc(S(=O)(=O)Nc2c(C(=O)NCc3ccccc3)cnn2-c2ccccc2)cc1
CHEMBL1916260,,,,5.29,89.99971644701813,,0.0021999999999999,,3.0,10.8,5.094339622641509,,CCC(CC)NC(=O)c1cnn(-c2ccccc2)c1NS(=O)(=O)C1CCCC1
CHEMBL1916261,,,,56.0,89.99997321429369,,0.0071999999999999,,35.0,125.99999999999996,37.05882352941176,,CCC(CC)NC(=O)c1nnn(-c2ccccc2)c1NS(=O)(=O)c1ccc(C)cc1
CHEMBL1916263,,,,7.0,89.99978571479592,,0.0012999999999999,,9.0,32.400000000000006,13.728813559322036,,CCC(CC)NC(=O)c1cn(-c2ccccc2)nc1NS(=O)(=O)c1ccc(C)cc1
CHEMBL1916264,,,,56.0,89.99997321429369,,,,72.0,259.20000000000005,53.114754098360656,,CCC(CC)NC(=O)c1cnn(-c2ccccc2Cl)c1NS(=O)(=O)c1ccc(C)cc1
CHEMBL1916266,,,,9.95,89.99984924648368,,,,3.0,10.8,5.094339622641509,,CCC(CC)NC(=O)c1cnn(-c2ccccn2)c1NS(=O)(=O)c1ccc(C)cc1
CHEMBL1916267,,,,12.0,89.99987500017362,,,,59.0,212.4,48.71559633027523,,CCC(CC)NC(=O)c1cnn(Cc2ccccc2)c1NS(=O)(=O)c1ccc(C)cc1
CHEMBL1916269,,,,27.0,89.99994444447874,,,,13.0,46.8,18.57142857142857,,CCC(CC)NC(=O)c1cnn(C)c1NS(=O)(=O)c1ccc(C)cc1
CHEMBL1916270,,,,52.0,89.9999711538554,,,,27.0,97.2,31.55844155844156,,CCC(CC)NC(=O)c1cnn(-c2ccccc2)c1NS(=O)(=O)c1ccc(-c2cnco2)cc1
CHEMBL1916271,,,,22.25,89.99989962420885,,0.013,,137.0,493.19999999999993,65.93582887700535,,CCN(C(=O)c1cnn(-c2ccccc2)c1NS(=O)(=O)c1ccc(-c2cnco2)cc1)C1CCCCC1
CHEMBL1916272,,,,8.245000000000001,89.99969440471925,,0.0048999999999999,,23.6,84.96000000000001,28.85869565217391,,CCC(CC)NC(=O)c1c(C)nn(-c2ccccc2)c1NS(=O)(=O)c1ccc(C)cc1
CHEMBL1916273,,,,51.0,89.9999705882449,,,,12.0,43.2,17.419354838709676,,Cc1ccc(S(=O)(=O)Nc2c(C(=O)NC(C)C)c(C)nn2-c2ccccc2)cc1
CHEMBL1916274,,,,12.0,89.99987500017362,,0.0013999999999999,,38.0,136.79999999999998,38.86363636363637,,Cc1ccc(S(=O)(=O)Nc2c(C(=O)NC3CCCCC3)c(C)nn2-c2ccccc2)cc1
CHEMBL1916275,,,,21.0,89.99992857148526,,,,53.0,190.8,46.31067961165049,,Cc1ccc(S(=O)(=O)Nc2c(C(=O)N(C)C3CCCCC3)c(C)nn2-c2ccccc2)cc1
CHEMBL1916276,,,,5.0,89.999700001,,,,59.0,212.4,48.71559633027523,,Cc1ccc(S(=O)(=O)Nc2c(C(=O)NC3CCCCC3C)cnn2-c2ccccc2)cc1
CHEMBL1916277,,,,17.0,89.99991176479239,,0.0065999999999999,,58.0,208.8,48.33333333333333,,Cc1ccc(S(=O)(=O)Nc2c(C(=O)NC3CCCCC3C)c(C)nn2-c2ccccc2)cc1
CHEMBL1916278,,,,14.0,89.99989285727041,,0.0262,,6.0,21.6,9.642857142857142,,Cc1ccc(S(=O)(=O)Nc2c(C(=O)NC3CCOCC3)c(C)nn2-c2ccccc2)cc1
CHEMBL1916279,,,,18.0,89.99991666674383,,0.0081999999999999,,27.0,97.2,31.55844155844156,,Cc1ccc(S(=O)(=O)Nc2c(C(=O)NCC(C)(C)C)c(C)nn2-c2ccccc2)cc1
CHEMBL1916280,,,,17.32,89.99991339500251,,0.0059,,15.67,56.412,21.475559616263133,,CCC(C)NC(=O)c1c(C)nn(-c2ccccc2)c1NS(=O)(=O)c1ccc(C)cc1
CHEMBL1916281,,,,7.0,89.99978571479592,,0.0126999999999999,,31.0,111.6,34.44444444444444,,Cc1ccc(S(=O)(=O)Nc2c(C(=O)NC(C)C(C)(C)C)c(C)nn2-c2ccccc2)cc1
CHEMBL1916282,,,,9.57,89.99983097580811,,0.0110999999999999,,39.83,143.38799999999998,39.90537682288768,,Cc1ccc(S(=O)(=O)Nc2c(C(=O)N[C@@H](C)C(C)(C)C)c(C)nn2-c2ccccc2)cc1
CHEMBL1916283,,,,8.0,89.99981250039062,,0.0080999999999999,,42.0,151.2,41.086956521739125,,Cc1ccc(S(=O)(=O)Nc2c(C(=O)N[C@H](C)C(C)(C)C)c(C)nn2-c2ccccc2)cc1
CHEMBL1916284,,,,18.84,89.99992038223603,,0.0043,,120.0,432.0,63.52941176470587,,Cc1ccc(S(=O)(=O)Nc2c(C(=O)N[C@@H](C)C(C)(C)C)c(C(F)(F)F)nn2-c2ccccc2)cc1
CHEMBL1916285,,,,10.0,89.99985000025,,,,9.0,32.400000000000006,13.728813559322036,,Cc1nn(-c2ccccc2)c(NS(=O)(=O)c2cccc(CN3CCOCC3)c2)c1C(=O)N[C@@H](C)C(C)(C)C
CHEMBL1916286,,,,15.0,89.99990000011111,,0.0148999999999999,,14.0,50.4,19.6875,,Cc1nn(-c2ccccc2)c(NS(=O)(=O)C2CCCCC2)c1C(=O)N[C@@H](C)C(C)(C)C
CHEMBL1916287,,,,12.0,89.99987500017362,,,,3.0,10.8,5.094339622641509,,Cc1nn(-c2ccc(F)cc2)c(NS(=O)(=O)c2cccnc2)c1C(=O)N[C@@H](C)C(C)(C)C
CHEMBL1916288,,,,4.5,89.9996250017361,,0.0437,,5.0,18.0,8.181818181818182,,Cc1nn(-c2ccc(F)cc2)c(NS(=O)(=O)c2ccc(C#N)cc2)c1C(=O)N[C@@H](C)C(C)(C)C
CHEMBL1916289,,,,4.005,89.99960030128808,,0.0135999999999999,,10.0,36.0,15.0,,Cc1nn(-c2ccc(F)cc2)c(NS(=O)(=O)c2ccc(C(F)(F)F)cc2)c1C(=O)N[C@@H](C)C(C)(C)C
CHEMBL1916532,,,,138.04,89.99998913358579,,0.1728,,,,,,COc1ccc2ncc(F)c(CCN3CCC(NCc4cc5c(cn4)OCCO5)CC3)c2n1
CHEMBL1916533,,,,39.81,89.99996232104064,,,,,,,,COc1ccc2ncc(F)c(CCN3CCC(NCc4ccc5c(n4)NC(=O)CO5)CC3)c2n1
CHEMBL1916534,,,,,,,0.1761,,,,,,COc1ccc2c(c1)N(CCN1CCC(NCc3cc4c(cn3)OCCO4)CC1)C(=O)CO2
CHEMBL1916535,,,,,,,0.2531,,,,,,O=C1COc2ccccc2N1CCN1CCC(NCc2cc3c(cn2)OCCO3)CC1
CHEMBL1916536,,,,,,,0.0948,,,,,,COc1ccc2c(c1)N(CCN1CCC(NCc3cc4c(cn3)OCCO4)CC1)C(=O)CS2
CHEMBL1916537,,,,,,,0.0418,,,,,,COc1ccc2c(c1)N(CCN1CCC(NCc3ccc4c(n3)NC(=O)CO4)CC1)C(=O)CC2
CHEMBL1916538,,,,,,,0.2574999999999999,,,,,,COc1ccc2c(c1)N(CCN1CCC(NCc3ccc4c(n3)NC(=O)CO4)CC1)C(=O)OC2
CHEMBL1916539,,,,,,,0.3087999999999999,,,,,,COc1ccc2ccc(=O)n(CCN3CCC(NCc4cc5c(cn4)OCCO5)CC3)c2c1
CHEMBL1916540,,,,,,,0.1140999999999999,,,,,,COc1ccc2c(C)cc(=O)n(CCN3CCC(NCc4cc5c(cn4)OCCO5)CC3)c2c1
CHEMBL1916541,,,,,,,0.4034,,,,,,COc1ccc2c(C)nc(=O)n(CCN3CCC(NCc4cc5c(cn4)OCCO5)CC3)c2c1
CHEMBL1916542,,,,150.0,89.9999900000011,,,,,,,,COc1ccc2ncc(=O)n(CCN3CCC(NCc4cc5c(cn4)OCCO5)CC3)c2c1
CHEMBL1916543,,,,,,,0.2754999999999999,,,,,,COc1ncc2ccc(=O)n(CCN3CCC(NCc4cc5c(cn4)OCCO5)CC3)c2n1
CHEMBL1916545,,,,,,,0.3137000000000001,,,,,,COc1ccc2ccc(=O)n(CCN3CCC(NCc4cc5c(cn4)OCCO5)CC3)c2n1
CHEMBL1916546,,,,35.48,89.9999577226805,,0.1663,,,,,,COc1cc2c(ccc(=O)n2CCN2CCC(NCc3cc4c(cn3)OCCO4)CC2)cn1
CHEMBL1916547,,,,,,,0.4427,,,,,,COc1ccc2nnc(=O)n(CCN3CCC(NCc4ccc5c(n4)NC(=O)CO5)CC3)c2c1
CHEMBL1917418,,,,,,,,,7.0,25.2,11.05263157894737,,Cc1ccc2c(c1)c(Sc1ccc(Cl)cc1)c(C)n2CC(=O)O
CHEMBL1917419,,,,,,,,,3.0,10.8,5.094339622641509,,Cc1c(Sc2ccc(Cl)cc2)c2cc(Cl)ccc2n1CC(=O)O
CHEMBL1917421,,,,,,,,,3.0,10.8,5.094339622641509,,Cc1c(Sc2ccc(Cl)cc2)c2cc(Cl)ccc2n1C(C)C(=O)O
CHEMBL1917422,,,,,,,,,11.0,39.6,16.22950819672131,,Cc1c(Sc2ccc(Cl)cc2)c2cc(Cl)ccc2n1Cc1nnn[nH]1
CHEMBL1917423,,,,,,,,,3.0,10.8,5.094339622641509,,Cc1c(Sc2ccc(Cl)cc2)c2cccc(Cl)c2n1CC(=O)O
CHEMBL1917424,,,,,,,,,3.0,10.8,5.094339622641509,,Cc1c(Sc2ccc(Cl)cc2)c2ccc(Cl)cc2n1CC(=O)O
CHEMBL1917425,,,,,,,,,3.0,10.8,5.094339622641509,,Cc1c(Sc2ccc(Cl)cc2)c2c(Cl)cccc2n1CC(=O)O
CHEMBL1917426,,,,34.0,89.99995588237456,,,,3.0,10.8,5.094339622641509,,Cc1c(Sc2ccc(Cl)cc2)c2cc(F)ccc2n1CC(=O)O
CHEMBL1917427,,,,,,,,,3.0,10.8,5.094339622641509,,Cc1c(F)ccc2c1c(Sc1ccc(Cl)cc1)c(C)n2CC(=O)O
CHEMBL1917428,,,,,,,,,4.0,14.4,6.666666666666665,,Cc1c(Sc2ccc(Cl)cc2)c2c(C#N)c(Cl)ccc2n1CC(=O)O
CHEMBL1917430,,,,,,,,,3.0,10.8,5.094339622641509,,Cc1c(Sc2ccc(Cl)cc2)c2ccc(S(C)(=O)=O)cc2n1CC(=O)O
CHEMBL1917431,,,,,,,0.0126999999999999,,3.0,10.8,5.094339622641509,,Cc1c(Sc2ccc(Cl)cc2)c2cc(S(C)(=O)=O)ccc2n1CC(=O)O
CHEMBL1917432,,,,,,,0.035,,3.0,10.8,5.094339622641509,,Cc1c(Sc2ccc(Cl)cc2)c2c(S(C)(=O)=O)cccc2n1CC(=O)O
CHEMBL1917433,,,,4.88,89.99969243802647,,0.0104,,,,,,Cc1c(Sc2ccc(Cl)cc2)c2c(NS(C)(=O)=O)cccc2n1CC(=O)O
CHEMBL1917434,,,,,,,,,32.0,115.2,35.12195121951219,,CCN(C(C)=O)c1cccc2c1c(Sc1ccc(Cl)cc1)c(C)n2CC(=O)O
CHEMBL1917435,,,,,,,,,3.0,10.8,5.094339622641509,,CNC(=O)c1cccc2c1c(Sc1ccc(Cl)cc1)c(C)n2CC(=O)O
CHEMBL1917436,,,,,,,,,36.0,129.60000000000002,37.674418604651166,,CC(=O)Nc1ccc2c(c1)c(Sc1ccc(Cl)cc1)c(C)n2CC(=O)O
CHEMBL1917438,,,,,,,0.0031999999999999,,3.0,10.8,5.094339622641509,,Cc1c(Sc2ccc(Cl)cc2)c2c(-c3ccccc3)cccc2n1CC(=O)O
CHEMBL1917439,,,,,,,,,16.0,57.6,21.818181818181817,,Cc1c(Sc2ccc(Cl)cc2)c2cc(-c3ccccc3)ccc2n1CC(=O)O
CHEMBL1917440,,,,,,,0.0123999999999999,,8.0,28.8,12.413793103448272,,Cc1c(Sc2ccc(Cl)cc2)c2c(-c3cnccn3)cccc2n1CC(=O)O
CHEMBL1917441,,,,,,,0.0036,,12.0,43.2,17.419354838709676,,Cc1ccc2c(c1)c(Sc1cccc(Cl)c1)c(C)n2CC(=O)O
CHEMBL1917442,,,,,,,,,3.0,10.8,5.094339622641509,,Cc1ccc2c(c1)c(Sc1ccccc1Cl)c(C)n2CC(=O)O
CHEMBL1917443,,,,3.0,89.99950000277776,,0.0080999999999999,,3.0,10.8,5.094339622641509,,Cc1ccc2c(c1)c(Sc1ccc(S(C)(=O)=O)cc1)c(C)n2CC(=O)O
CHEMBL1917444,,,,,,,,,3.0,10.8,5.094339622641509,,COc1ccc(Sc2c(C)n(CC(=O)O)c3ccc(C)cc23)cc1
CHEMBL1917445,,,,,,,,,3.0,10.8,5.094339622641509,,Cc1ccc2c(c1)c([S+]([O-])c1ccc(Cl)cc1)c(C)n2CC(=O)O
CHEMBL1917446,,,,,,,0.0051999999999999,,7.0,25.2,11.05263157894737,,Cc1ccc2c(c1)c(S(=O)(=O)c1ccc(Cl)cc1)c(C)n2CC(=O)O
CHEMBL1917447,,,,,,,0.0043,,3.0,10.8,5.094339622641509,,Cc1c(S(=O)(=O)c2ccc(Cl)cc2)c2cc(F)ccc2n1CC(=O)O
CHEMBL1917448,,,,,,,0.0062999999999999,,3.0,10.8,5.094339622641509,,COc1cccc(S(=O)(=O)c2c(C)n(CC(=O)O)c3ccc(C)cc23)c1
CHEMBL1917449,,,,,,,0.0428,,3.0,10.8,5.094339622641509,,CC(=O)Nc1cccc2c1c(S(=O)(=O)c1ccc(Cl)cc1)c(C)n2CC(=O)O
CHEMBL1917450,,,,3.0,89.99950000277776,,,,3.0,10.8,5.094339622641509,,Cc1c(S(=O)(=O)c2ccc(Cl)cc2)c2c(NS(C)(=O)=O)cccc2n1CC(=O)O
CHEMBL1917454,,,,,,,,,3.0,10.8,5.094339622641509,,Cc1c(Oc2ccc(Cl)cc2)c2cc(F)ccc2n1CC(=O)O
CHEMBL1917456,,,,3.0,89.99950000277776,,0.0373999999999999,,3.0,10.8,5.094339622641509,,Cc1c(Oc2ccc(Cl)cc2)c2c(NS(C)(=O)=O)cccc2n1CC(=O)O
CHEMBL1917457,,,,,,,0.1237999999999999,,,,,,CC(=O)Nc1cccc2c1c(Oc1ccc(Cl)cc1)c(C)n2CC(=O)O
CHEMBL1917458,,,,3.0,89.99950000277776,,,,3.0,10.8,5.094339622641509,,CCS(=O)(=O)c1ccc(Oc2c(C)n(CC(=O)O)c3ccc(C(F)(F)F)cc23)cc1
CHEMBL1917459,,,,3.0,89.99950000277776,,,,3.0,10.8,5.094339622641509,,CCS(=O)(=O)Nc1cccc2c1c(Oc1ccc(Cl)cc1)c(C)n2CC(=O)O
CHEMBL1917461,,,,,,,,,5.0,18.0,8.181818181818182,,Cc1ccc2c(n1)c(Sc1ccc(Cl)cc1)c(C)n2CC(=O)O
CHEMBL192,,,,83.3,89.99994981932302,,0.0446999999999999,3.9,131.83,474.588,65.25160864543805,,CCCc1nn(C)c2c(=O)[nH]c(-c3cc(S(=O)(=O)N4CCN(C)CC4)ccc3OCC)nc12
CHEMBL1921913,,,,53.0,89.99997169812211,,0.0019,,66.0,237.6,51.206896551724135,,C[C@@](C(=O)O[C@H]1C[N+]2(CCc3c[nH]c4ccccc34)CCC1CC2)(c1ccccc1)N1CCCCC1
CHEMBL1921917,,,,82.0,89.99998170732079,,0.4827,,45.0,161.99999999999997,42.63157894736842,,C[C@@](C(=O)O[C@H]1C[N+]2(CCCc3ccncc3)CCC1CC2)(c1ccccc1)N1CCCCC1
CHEMBL1921919,,,,36.08,89.99995842573982,,0.7681,,81.0,291.6,55.64885496183206,,Cc1cc(CCC[N+]23CCC(CC2)[C@@H](OC(=O)[C@](C)(c2ccccc2)N2CCCCC2)C3)ccn1
CHEMBL1921922,,,,,,,0.1395,,,,,,Cc1ccc(CCC[N+]23CCC(CC2)[C@@H](OC(=O)[C@](C)(c2ccccc2)N2CCCCC2)C3)cn1
CHEMBL1921923,,,,66.0,89.99997727273302,,0.7762,,79.0,284.4,55.11627906976744,,C[C@@](C(=O)O[C@H]1C[N+]2(CCCc3cncnc3)CCC1CC2)(c1ccccc1)N1CCCCC1
CHEMBL1921925,,,,65.0,89.99997692308284,,0.0031999999999999,,72.0,259.20000000000005,53.114754098360656,,C[C@@](C(=O)O[C@H]1C[N+]2(CCCc3cc4ccccc4s3)CCC1CC2)(c1ccccc1)N1CCCCC1
CHEMBL1921926,,,,66.0,89.99997727273302,,0.0428,,38.0,136.79999999999998,38.86363636363637,,C[C@@](C(=O)O[C@H]1C[N+]2(CCCc3ccc4ncsc4c3)CCC1CC2)(c1ccccc1)N1CCCCC1
CHEMBL1921931,,,,60.0,89.99997500000696,,0.0074999999999999,,100.0,360.0,60.0,,C[C@@](C(=O)O[C@H]1C[N+]2(CCOc3ccc(Cl)cc3)CCC1CC2)(c1ccccc1)N1CCCCC1
CHEMBL1921936,,,,66.0,89.99997727273302,,0.0312999999999999,,66.0,237.6,51.206896551724135,,C[C@@](C(=O)O[C@H]1C[N+]2(CCCOc3ccc(F)cc3)CCC1CC2)(c1ccccc1)N1CCCCC1
CHEMBL1921939,,,,77.0,89.99998051948474,,0.0251,,102.0,367.2,60.39473684210526,,C[C@@](C(=O)O[C@H]1C[N+]2(CCOCCc3ccccc3)CCC1CC2)(c1ccccc1)N1CCCCC1
CHEMBL1921942,,,,64.0,89.9999765625061,,0.0141999999999999,,62.0,223.2,49.82142857142856,,C[C@@](C(=O)O[C@H]1C[N+]2(CC(=O)Nc3ccccc3)CCC1CC2)(c1ccccc1)N1CCCCC1
CHEMBL1921944,,,,67.0,89.99997761194587,,0.004,,34.0,122.4,36.42857142857143,,C[C@@](C(=O)O[C@H]1C[N+]2(CC(=O)Nc3cccc(F)c3)CCC1CC2)(c1ccccc1)N1CCCCC1
CHEMBL1921946,,,,64.0,89.9999765625061,,0.1165,,66.0,237.6,51.206896551724135,,C[C@@](C(=O)O[C@H]1C[N+]2(CC(=O)Nc3ccccn3)CCC1CC2)(c1ccccc1)N1CCCCC1
CHEMBL1922048,,,,39.0,89.99996153847798,,0.1289,,37.0,133.2,38.27586206896552,,C[C@@](C(=O)O[C@H]1C[N+]2(CC(=O)Nc3ccncn3)CCC1CC2)(c1ccccc1)N1CCCCC1
CHEMBL1922054,,,,150.0,89.9999900000011,,0.0705,,150.0,539.9999999999999,67.5,,Cc1ccc2nc(C[N+]34CCC(CC3)[C@@H](OC(=O)[C@](C)(c3ccccc3)N3CCCCC3)C4)oc2c1
CHEMBL1922055,,,,110.0,89.99998636363844,,0.02,,150.0,539.9999999999999,67.5,,C[C@@](C(=O)O[C@H]1C[N+]2(Cc3cc(-c4ccccc4)on3)CCC1CC2)(c1ccccc1)N1CCCCC1
CHEMBL1922056,,,,55.0,89.99997272728099,,0.0234,,53.0,190.8,46.31067961165049,,C[C@@](C(=O)O[C@H]1C[N+]2(Cc3nc(-c4ccccc4)no3)CCC1CC2)(c1ccccc1)N1CCCCC1
CHEMBL1922094,,,,3.0,89.99950000277776,,,,10.96,39.456,16.181102362204726,,Cc1c(CN2CCN(C(=O)[C@H](C)O)CC2)sc2c(N3CCOCC3)nc(-c3cnc(N)nc3)nc12
CHEMBL19224,,,,,,,,1.8,,,,,COc1ccc(Cc2nccc3cc(OC)c(OC)cc23)cc1OC
CHEMBL192244,,,37.45,,,,,,,,,,Cn1cncc1CN1CC(N(Cc2ccccn2)S(=O)(=O)c2ccccn2)Cc2cc(C#N)ccc21
CHEMBL1922660,,,,6.92,89.99978323751628,,,,9.77,35.172,14.711393675757067,,CCOc1ccc(-c2ccc(Cn3c(CC(C)(C)C(=O)O)c(SC(C)(C)C)c4cc(OCc5ccc(C)cn5)ccc43)cc2)cn1
CHEMBL192307,,,,,,,0.062,,3.0,10.8,5.094339622641509,,CCCCc1nc2c(N)nc3ccccc3c2n1CC(C)C
CHEMBL1923433,,,,,,,0.0293000000000001,,,,,,Cc1[nH]c(C(=O)NC2CCN(c3ncc(C(=O)O)s3)CC2)c(Cl)c1Cl
CHEMBL19236,,,,3.0,89.99950000277776,,,2.2,,,,,COc1nc(C)nc(Cl)c1NC1=NCCN1
CHEMBL1924029,,,,,,,0.7801,,,,,,CC(C(=O)OC1CC[N+](C)(C)CC1)(c1ccccc1)N1CCCCC1
CHEMBL1924032,,,,38.0,89.9999605263331,,,,41.0,147.6,40.54945054945055,,CC(C(=O)OC1CC[N+](C)(C)CC1)(c1ccccc1)N1CCC(F)(F)CC1
CHEMBL1924034,,,,16.0,89.99990625009765,,,,3.0,10.8,5.094339622641509,,CN(C)C(C)(C(=O)OC1CC[N+](C)(C)CC1)c1ccccc1
CHEMBL1924046,,,,101.0,89.9999851485173,,0.0854,,56.0,201.6,47.54716981132075,,CC(C)=CCC[N+]12CCC(CC1)[C@@H](OC(=O)[C@](C)(c1ccccc1)N1CCCCC1)C2
CHEMBL1924047,,,,76.0,89.99998026316221,,0.024,,85.0,306.0,56.66666666666666,,C[C@@](C(=O)O[C@H]1C[N+]2(CCc3ccccc3)CCC1CC2)(c1ccccc1)N1CCCCC1
CHEMBL1924049,,,,130.0,89.99998846153994,,0.0080999999999999,,88.0,316.79999999999995,57.391304347826086,,C[C@@](C(=O)O[C@H]1C[N+]2(CCc3ccccc3F)CCC1CC2)(c1ccccc1)N1CCCCC1
CHEMBL1927039,,,,,,,,,45.0,161.99999999999997,42.63157894736842,,N#Cc1ccc(Nc2nccc(NC3CC3)n2)cc1
CHEMBL192704,,,59.0,,,,,,,,,,O=C1O[C@]2(CN3CCC2CC3)CN1c1ccc(Cl)s1
CHEMBL1927707,,,,,,,,,30.0,108.0,33.74999999999999,,O=C(CCc1ccccc1O)Nc1ccccc1
CHEMBL1928257,,,7.0,,,,,,,,,,CCCOc1ccc(S(=O)(=O)N2CCN(CC)CC2)cc1-c1nc2c(CC)n(Cc3ccccn3)nc2c(=O)[nH]1
CHEMBL1929039,,,,19.45,89.99990342281765,,0.2619,,14.45,52.02,20.178432893716057,,Cc1cc(F)ccc1-n1nc(C(F)(F)F)cc1-c1ccc2c(c1)NC(=O)CO2
CHEMBL193,,,,86.195,89.99996150292857,,0.0383,1.9,150.0,539.9999999999999,67.5,,COC(=O)C1=C(C)NC(C)=C(C(=O)OC)C1c1ccccc1[N+](=O)[O-]
CHEMBL193016,,,0.76,,,,,,,,,,O=C1NC[C@@]2(CN3CCC2CC3)O1
CHEMBL193240,,,,150.0,89.9999900000011,,0.005,,5.0,18.0,8.181818181818182,,O=C(Nc1c(Cl)cncc1Cl)c1ccc(OC(F)F)c(OCC2CC2)c1
CHEMBL1933593,,,,,,,0.3493999999999999,,,,,,C[C@H]1O[C@@H](n2cnc3c(N)nc(OC(C4CC4)C(F)(F)F)nc32)[C@H](O)[C@@H]1O
CHEMBL1934266,,,,59.87,89.9999749457227,,0.035,,7.5,27.0,11.739130434782606,,CCC(CC)NC(=O)c1c(C)nn(C(C)C)c1NS(=O)(=O)c1ccc(C)cc1
CHEMBL1934267,,,,6.5,89.99967500151388,,0.0456999999999999,,,,,,Cc1ccc(S(=O)(=O)Nc2c(C(=O)N[C@@H](C)C(C)(C)C)c(C)nn2C(C)C)cc1
CHEMBL1934268,,,,5.5,89.99972727355372,,0.0162999999999999,,4.2,15.12,6.974169741697418,,CCn1nc(C)c(C(=O)N[C@@H](C)C(C)(C)C)c1NS(=O)(=O)c1ccc(C)cc1
CHEMBL1934269,,,,18.0,89.99991666674383,,0.0141999999999999,,17.0,61.2,22.83582089552239,,Cc1ccc(S(=O)(=O)Nc2c(C(=O)N[C@@H](C)C(C)(C)C)c(C)nn2CC(F)(F)F)cc1
CHEMBL1934270,,,,53.0,89.99997169812211,,,,37.0,133.2,38.27586206896552,,Cc1ccc(S(=O)(=O)Nc2c(C(=O)N[C@@H](C)C(C)(C)C)c(C)nn2C(C)(C)C)cc1
CHEMBL1934271,,,,15.0,89.99990000011111,,0.02,,43.0,154.79999999999998,41.61290322580645,,CCC(CC)n1nc(C)c(C(=O)N[C@@H](C)C(C)(C)C)c1NS(=O)(=O)c1ccc(C)cc1
CHEMBL1934413,,,,17.0,89.99991176479239,,0.0182999999999999,,11.0,39.6,16.22950819672131,,Cc1ccc(S(=O)(=O)Nc2c(C(=O)N[C@@H](C)C(C)(C)C)c(C)nn2C2CCC2)cc1
CHEMBL1934414,,,,8.0,89.99981250039062,,0.0213999999999999,,21.0,75.6,26.619718309859152,,Cc1ccc(S(=O)(=O)Nc2c(C(=O)N[C@@H](C)C(C)(C)C)c(C)nn2C2CCCC2)cc1
CHEMBL1934415,,,,8.0,89.99981250039062,,0.0223999999999999,,33.0,118.79999999999998,35.78313253012048,,Cc1ccc(S(=O)(=O)Nc2c(C(=O)N[C@@H](C)C(C)(C)C)c(C)nn2C2CCCCC2)cc1
CHEMBL1934416,,,,3.0,89.99950000277776,,0.0836,,6.0,21.6,9.642857142857142,,COCC(C)n1nc(C)c(C(=O)N[C@@H](C)C(C)(C)C)c1NS(=O)(=O)c1ccc(C)cc1
CHEMBL1934417,,,,9.9,89.99984848510356,,0.1008999999999999,,3.9,14.04,6.512059369202226,,COCCC(C)n1nc(C)c(C(=O)N[C@@H](C)C(C)(C)C)c1NS(=O)(=O)c1ccc(C)cc1
CHEMBL1934418,,,,5.0,89.999700001,,0.0531999999999999,,25.0,90.0,30.0,,Cc1ccc(S(=O)(=O)Nc2c(C(=O)N[C@@H](C)C(C)(C)C)c(C)nn2C2CCSCC2)cc1
CHEMBL1934419,,,,4.0,89.99962500156249,,0.2082999999999999,,3.0,10.8,5.094339622641509,,Cc1ccc(S(=O)(=O)Nc2c(C(=O)N[C@@H](C)C(C)(C)C)c(C)nn2C2CCS(=O)(=O)CC2)cc1
CHEMBL1934420,,,,3.0,89.99950000277776,,0.4540999999999999,,5.0,18.0,8.181818181818182,,Cc1ccc(S(=O)(=O)Nc2c(C(=O)N[C@@H](C)C(C)(C)C)c(C)nn2C2CCN(C)CC2)cc1
CHEMBL1934421,,,,3.0,89.99950000277776,,0.1165,,3.0,10.8,5.094339622641509,,Cc1ccc(S(=O)(=O)Nc2c(C(=O)N[C@@H](C)C(C)(C)C)c(C)nn2C2CCN(CC(F)(F)F)CC2)cc1
CHEMBL1934422,,,,3.0,89.99950000277776,,0.2082999999999999,,7.0,25.2,11.05263157894737,,Cc1ccc(S(=O)(=O)Nc2c(C(=O)N[C@@H](C)C(C)(C)C)c(C)nn2C2CCOCC2)cc1
CHEMBL1934423,,,,3.0,89.99950000277776,,0.0736,,,,,,Cc1ccc(S(=O)(=O)Nc2c(C(=O)N[C@@H](C)C(C)(C)C)c(C)nn2C2CCOC2)cc1
CHEMBL1934426,,,,3.0,89.99950000277776,,0.0736,,3.0,10.8,5.094339622641509,,Cc1nn(C2CCOCC2)c(NS(=O)(=O)c2ccc(C3CC3)cc2)c1C(=O)N[C@@H](C)C(C)(C)C
CHEMBL193544,,,,11.0,89.99986363657025,,,,22.0,79.19999999999999,27.5,,CN1CCC(Oc2cccc3ncnc(Nc4ccc(OCc5ccccn5)c(Cl)c4)c23)CC1
CHEMBL193836,,,,,,,0.0568,,,,,,CC(C)c1ccc(/C=N/NC(=O)c2ccc(O)cc2)cc1
CHEMBL1938400,,,,47.955000000000005,89.99995954861765,,,,150.0,539.9999999999999,67.5,,CC(C)(C)c1cc(NC(=O)NCc2ccccc2Sc2ccc3nnc(-c4ccccc4SCCO)n3c2)n(-c2ccc(O)c(Cl)c2)n1
CHEMBL1938680,,,,3.0,89.99950000277776,,0.0268,,,,,,O=C(Nc1ccc(N2CCNCC2)cc1)c1ccc(-c2ccc(Cl)cc2)o1
CHEMBL1938681,,,,,,,0.0268,,,,,,O=C(c1ccc(-c2ccc(Cl)cc2)o1)N(Cc1ccccn1)c1ccc(N2CCNCC2)cc1
CHEMBL1939414,,,,,,,0.3545999999999999,,16.0,57.6,21.818181818181817,,Nc1nc(Nc2cccc(Br)c2)c2nc[nH]c2n1
CHEMBL1939418,,,,,,,,,15.0,53.99999999999999,20.769230769230766,,Nc1nc(Nc2ccc(F)c(Cl)c2)c2nc[nH]c2n1
CHEMBL1939560,,,,6.105,89.99974786969055,,0.1095,,5.25,18.9,8.55203619909502,,C[C@H](c1nc2ncccc2c(=O)n1-c1ccc(Cl)cc1)N(CC1CCS(=O)(=O)CC1)C(=O)Cc1ccc(C(F)(F)F)c(F)c1
CHEMBL1940652,,,,25.7,89.9999416342791,,,,54.95,197.82,47.122439256788944,,COc1ccncc1-c1ccccc1CN(C(=O)c1ccc(-c2ccc(C#N)cc2)o1)c1ccc(N2CCNCC2)cc1
CHEMBL1940832,,,,3.0,89.99950000277776,,0.2846999999999999,,,,,,O=CNc1cc([C@@H](O)CNCCc2ccc(NC[C@H](O)c3ccccc3)cc2)ccc1O
CHEMBL1944690,,,,42.0,89.99996428572845,,,,19.0,68.39999999999999,24.78260869565217,,O=c1[nH]c2c(O)ccc([C@@H](O)CNCCc3cccc(CNCCc4ccccc4Cl)c3)c2s1
CHEMBL1944691,,,,12.5,89.99971591050561,,,,17.0,61.2,22.83582089552239,,O=c1[nH]c2c(O)ccc([C@@H](O)CNCCc3cccc(CNCCc4ccccc4F)c3)c2s1
CHEMBL1944692,,,,14.0,89.99989285727041,,,,22.0,79.19999999999999,27.5,,O=c1[nH]c2c(O)ccc([C@@H](O)CNCCc3ccc(CNCCc4ccccc4F)cc3)c2s1
CHEMBL1944693,,,,29.0,89.9999482758918,,0.0594,,19.0,68.39999999999999,24.78260869565217,,COc1ccccc1CCNCc1cccc(CCNC[C@H](O)c2ccc(O)c3[nH]c(=O)sc23)c1
CHEMBL1944694,,,,29.0,89.9999482758918,,0.0446999999999999,,25.0,90.0,30.0,,COc1ccccc1CCNCc1ccc(CCNC[C@H](O)c2ccc(O)c3[nH]c(=O)sc23)cc1
CHEMBL1945031,,,,24.0,89.9999375000434,,,,16.0,57.6,21.818181818181817,,Cc1cccc2c(CCNCc3cccc(CCNC[C@H](O)c4ccc(O)c5[nH]c(=O)sc45)c3)c[nH]c12
CHEMBL1945033,,,,6.5,89.99967500151388,,0.1761,,25.0,90.0,30.0,,O=c1[nH]c2c(O)ccc([C@@H](O)CNCCc3cccc(CNCCc4ccccn4)c3)c2s1
CHEMBL1945034,,,,3.0,89.99950000277776,,,,,,,,O=c1[nH]c2c(O)ccc([C@@H](O)CNCCc3ccc(CNCCc4ccccn4)cc3)c2s1
CHEMBL1945035,,,,107.0,89.9999859813106,,,,27.5,99.0,31.935483870967737,,O=c1[nH]c2c(O)ccc([C@@H](O)CNCCc3ccccc3CNCCc3ccccc3F)c2s1
CHEMBL1945037,,,,19.0,89.99992105270083,,,,9.0,32.400000000000006,13.728813559322036,,O=c1[nH]c2c(O)ccc([C@@H](O)CNCCc3cccc(CNCCCc4ccccc4)c3)c2s1
CHEMBL1945040,,,,,,,,,22.0,79.19999999999999,27.5,,COc1ccccc1CNCc1ccc(CCNC[C@H](O)c2ccc(O)c3[nH]c(=O)sc23)cc1
CHEMBL1945041,,,,60.0,89.99997500000696,,,,47.0,169.2,43.60824742268041,,O=c1[nH]c2c(O)ccc([C@@H](O)CNCCc3cccc(CNCc4ccccc4Cl)c3)c2s1
CHEMBL1945044,,,,,,,0.1368,,35.0,125.99999999999996,37.05882352941176,,COc1cccc(CNCc2cccc(CCNC[C@H](O)c3ccc(O)c4[nH]c(=O)sc34)c2)c1
CHEMBL1945289,,,,13.0,89.99988461553255,,,,62.0,223.2,49.82142857142856,,COc1ccc(CNCc2cccc(CCNC[C@H](O)c3ccc(O)c4[nH]c(=O)sc34)c2)cc1
CHEMBL1945290,,,,,,,,,44.0,158.39999999999998,42.12765957446808,,CCOc1ccccc1CNCc1cccc(CCNC[C@H](O)c2ccc(O)c3[nH]c(=O)sc23)c1
CHEMBL1945291,,,,33.0,89.99995454547751,,,,45.0,161.99999999999997,42.63157894736842,,COc1ccccc1CN(C)Cc1cccc(CCNC[C@H](O)c2ccc(O)c3[nH]c(=O)sc23)c1
CHEMBL1945298,,,,23.0,89.99993478265596,,,,14.0,50.4,19.6875,,O=c1[nH]c2c(O)ccc([C@@H](O)CNCCOc3cccc(CNCCc4ccccc4F)c3)c2s1
CHEMBL1945299,,,,,,,,,56.0,201.6,47.54716981132075,,COc1ccccc1CNCCc1cccc(CCNC[C@H](O)c2ccc(O)c3[nH]c(=O)sc23)c1
CHEMBL1945883,,,,139.0,89.99998920863439,,,,150.0,539.9999999999999,67.5,,O=C(Nc1ccccc1)c1ccc2cccc(O)c2n1
CHEMBL1947153,,,,29.0,89.9999482758918,,,,27.0,97.2,31.55844155844156,,O=c1[nH]c2c(O)ccc([C@@H](O)CNCCc3cccc(CN4CCC(c5ccccc5)CC4)c3)c2s1
CHEMBL1947155,,,,108.0,89.99998611111326,,,,104.5,376.2,60.873786407766985,,C[C@@H](NCc1ccccc1-c1ccc(CCNC[C@H](O)c2ccc(O)c3[nH]c(=O)sc23)cc1)c1ccccc1
CHEMBL1947157,,,,41.585,89.99984531738684,,,,63.0,226.8,50.17699115044248,,O=c1[nH]c2c(O)ccc([C@@H](O)CNCCc3cccc(CNCCc4c(Cl)cccc4Cl)c3)c2s1
CHEMBL19490,,,,3.0,89.99950000277776,,,,,,,,Cc1cc(CC(=O)O)n(C)c1C(=O)c1ccc(Cl)cc1
CHEMBL1949685,,,,,,,0.3288,,,,,,CN[C@@H](C)C(=O)N[C@H](C(=O)N[C@H]1CCCN(CCc2ccccc2)C1)C1CCCCC1
CHEMBL1950720,,,,10.47,89.99985673375241,,0.0568,,21.38,76.96799999999999,26.957130848977304,,CN[C@@H](C)C(=O)N[C@H](C(=O)N1CC[C@H]2CCN(CCc3ccccc3)C[C@H]21)C1CCCCC1
CHEMBL1950721,,,,,,,0.5115000000000001,,,,,,CN[C@@H](C)C(=O)N[C@H](C(=O)N[C@H]1CCN(Cc2ccccc2)C1)C1CCCCC1
CHEMBL1950722,,,,,,,0.4427,,,,,,CN[C@@H](C)C(=O)N[C@H](C(=O)N[C@H]1CCN(CCc2ccccc2)C1)C1CCCCC1
CHEMBL1950723,,,,,,,0.3599,,,,,,CN[C@@H](C)C(=O)N[C@H](C(=O)N[C@H]1CCN(CCCc2ccccc2)C1)C1CCCCC1
CHEMBL1950724,,,,,,,0.661,,,,,,CN[C@@H](C)C(=O)N[C@H](C(=O)N[C@H]1CCN(C(=O)c2ccccc2)C1)C1CCCCC1
CHEMBL1950725,,,,,,,0.6712,,,,,,CN[C@@H](C)C(=O)N[C@H](C(=O)N[C@H]1CCN(C(=O)Cc2ccccc2)C1)C1CCCCC1
CHEMBL1950727,,,,,,,0.3652999999999999,,,,,,CN[C@@H](C)C(=O)N[C@H](C(=O)N[C@H]1CCCN(Cc2ccccc2)C1)C1CCCCC1
CHEMBL1950728,,,,,,,0.3339,,,,,,CN[C@@H](C)C(=O)N[C@H](C(=O)N[C@H]1CCCN(CCCc2ccccc2)C1)C1CCCCC1
CHEMBL1950729,,,,,,,0.5516,,,,,,CN[C@@H](C)C(=O)N[C@H](C(=O)N[C@H]1CCCN(C(=O)c2ccccc2)C1)C1CCCCC1
CHEMBL1950730,,,,,,,0.376,,,,,,CN[C@@H](C)C(=O)N[C@H](C(=O)N[C@H]1CCCN(C(=O)Cc2ccccc2)C1)C1CCCCC1
CHEMBL1950732,,,,,,,0.1970999999999999,,,,,,CN[C@@H](C)C(=O)N[C@H](C(=O)N[C@H]1CCCCN(Cc2ccccc2)C1)C1CCCCC1
CHEMBL1950841,,,,,,,0.2619,,,,,,CN[C@@H](C)C(=O)N[C@H](C(=O)N[C@H]1CCCCN(CCc2ccccc2)C1)C1CCCCC1
CHEMBL1950842,,,,,,,0.5058,,,,,,CN[C@@H](C)C(=O)N[C@H](C(=O)N[C@H]1CCCN(CCc2ccccc2)C1)C(C)(C)C
CHEMBL1950843,,,,,,,0.2663999999999999,,,,,,CN[C@@H](C)C(=O)N[C@H](C(=O)N(C)[C@H]1CCCN(CCc2ccccc2)C1)C1CCCCC1
CHEMBL1950844,,,,,,,0.0262,,,,,,CN[C@@H](C)C(=O)N[C@H](C(=O)N[C@H]1CCCN(CC(c2ccccc2)c2ccccc2)C1)C1CCCCC1
CHEMBL1950845,,,,,,,0.0676000000000001,,,,,,CN[C@@H](C)C(=O)N[C@H](C(=O)N[C@H]1CCCN([C@@H]2CCCc3ccccc32)C1)C1CCCCC1
CHEMBL1950846,,,,,,,0.4089,,,,,,CN[C@@H](C)C(=O)N[C@H](C(=O)N[C@H]1CCCN(S(=O)(=O)c2ccccc2)C1)C(C)(C)C
CHEMBL1950847,,,,,,,0.5115000000000001,,,,,,CN[C@@H](C)C(=O)N[C@H](C(=O)N[C@H]1CCCN(S(=O)(=O)Cc2ccccc2)C1)C(C)(C)C
CHEMBL1950848,,,,,,,0.2619,,,,,,CN[C@@H](C)C(=O)N[C@H](C(=O)N[C@H]1CCCN(CCc2ccccc2F)C1)C1CCCCC1
CHEMBL1950849,,,,,,,0.2801,,,,,,CN[C@@H](C)C(=O)N[C@H](C(=O)N[C@H]1CCCN(CCc2cccc(F)c2)C1)C1CCCCC1
CHEMBL1950850,,,,,,,0.2663999999999999,,,,,,CN[C@@H](C)C(=O)N[C@H](C(=O)N[C@H]1CCCN(CCc2ccc(F)cc2)C1)C1CCCCC1
CHEMBL1950851,,,,,,,0.0784,,,,,,CN[C@@H](C)C(=O)N[C@H](C(=O)N[C@H]1CCCN(CCc2ccc(F)cc2)C1)C(C)(C)C
CHEMBL1950852,,,,,,,0.2574999999999999,,,,,,CN[C@@H](C)C(=O)N[C@H](C(=O)N[C@H]1CCCN(CCc2ccccc2OC)C1)C(C)(C)C
CHEMBL1950855,,,,,,,0.0293000000000001,,,,,,CN[C@@H](C)C(=O)N[C@H](C(=O)N[C@H]1CCCN(CCc2ccc(Cl)cc2)C1)C(C)(C)C
CHEMBL1950856,,,,,,,0.0229,,,,,,CN[C@@H](C)C(=O)N[C@H](C(=O)N[C@H]1CCCN(CCc2ccc(Br)cc2)C1)C(C)(C)C
CHEMBL1950859,,,,,,,0.2619,,,,,,CN[C@@H](C)C(=O)N[C@H](C(=O)N[C@H]1CCCN(CCc2ccc([N+](=O)[O-])cc2)C1)C(C)(C)C
CHEMBL1950860,,,,,,,0.0928,,,,,,CN[C@@H](C)C(=O)N[C@H](C(=O)N[C@H]1CCCN(CCc2ccc(C(F)(F)F)cc2)C1)C(C)(C)C
CHEMBL1950864,,,,19.95,89.99992481209289,,,,,,,,CN[C@@H](C)C(=O)N[C@H](C(=O)N[C@H]1C[C@@H]2CC[C@H]1N(CCc1ccccc1)C2)C1CCCCC1
CHEMBL1951032,,,,6.31,89.9997622827198,,,,19.95,71.82,25.66833452466047,,COc1c(Nc2ccc(S(C)(=O)=O)nc2C)ncnc1OC1CCN(C(=O)OC(C)C)CC1
CHEMBL1951072,,,,,,,0.0437,,,,,,COc1cc(OC)c(S(=O)(=O)N2c3ccccc3CC2C)cc1NC(C)=O
CHEMBL1951073,,,,,,,0.028,,,,,,COc1cc(OC)c(S(=O)(=O)N2c3ccccc3CCC2C)cc1NC(C)=O
CHEMBL1951074,,,,,,,0.3087999999999999,,,,,,COc1cc(OC)c(S(=O)(=O)N2c3ccccc3CCC2C)cc1NC(=S)NCC(=O)O
CHEMBL1951075,,,,,,,0.2801,,,,,,COc1cc(OC)c(S(=O)(=O)N2c3ccccc3CCC2C)cc1NC(=O)NCC(=O)O
CHEMBL1951077,,,,,,,0.2663999999999999,,,,,,COc1cc(OC)c(S(=O)(=O)N2c3ccccc3CCC2C)cc1NC(=O)COCC(=O)O
CHEMBL1951079,,,,,,,0.1864,,,,,,COc1cc(OC)c(S(=O)(=O)N2c3ccccc3CCC2C)cc1NC(=O)CCC(=O)O
CHEMBL1951080,,,,,,,0.1262999999999999,,,,,,COc1cc(OC)c(S(=O)(=O)N2c3ccccc3CCC2C)cc1NC(=O)CSCC(=O)O
CHEMBL1951081,,,,,,,0.0293000000000001,,,,,,COc1cc(OC)c(S(=O)(=O)N2c3ccccc3CCC2C)cc1NC(=O)CSc1ccncc1
CHEMBL1951164,,,,,,,0.1795,,,,,,COc1cc(OC)c(S(=O)(=O)N(C)c2ccccc2)cc1NC(C)=O
CHEMBL1951165,,,,,,,0.005,,,,,,COc1cc(OC)c(S(=O)(=O)N(c2ccccc2)C(C)C)cc1NC(C)=O
CHEMBL1951181,,,,,,,0.1262999999999999,,,,,,COc1cc(OC)c(S(=O)(=O)NCc2ccccc2N2CCC(CO)CC2)cc1NC(C)=O
CHEMBL1951182,,,,,,,0.3039,,,,,,COc1cc(OC)c(S(=O)(=O)NCc2ccccc2N2CCCCC2)cc1NC(=O)CCC(=O)O
CHEMBL1951183,,,,,,,0.4034,,,,,,COc1cc(OC)c(S(=O)(=O)NCc2ccccc2N2CCC(CO)CC2)cc1NC(=O)CCC(=O)O
CHEMBL1951184,,,,,,,0.1509999999999999,,,,,,COc1cc(OC)c(S(=O)(=O)NCc2ccccc2N2CCC(COC(=O)CCC(=O)O)CC2)cc1NC(=O)CCC(=O)O
CHEMBL1951186,,,,,,,0.1934999999999999,,,,,,COc1cc(OC)c(S(=O)(=O)NCc2ccccc2N2CCC(C(=O)O)CC2)cc1NC(=O)CCC(=O)O
CHEMBL1951187,,,,,,,0.0871999999999999,,,,,,COc1cc(OC)c(S(=O)(=O)NCc2ccccc2N2CCC(CC(=O)O)CC2)cc1NC(=O)CCC(=O)O
CHEMBL1951444,,,,67.61,89.99997781393832,,,,,,,,N#Cc1ccc(-c2ccc(NC(=O)Nc3ccc(-c4ccnc5[nH]cnc45)cc3)cc2)cc1
CHEMBL1951575,,,,6.0,89.99975000069445,,0.0015,,3.0,10.8,5.094339622641509,,CC(C)(C)NC(=O)c1ccc(Oc2cc(F)c(CC(=O)O)cc2Cl)c(NS(=O)(=O)c2ccc(C3CC3)cc2Cl)c1
CHEMBL1951893,,,,,,,,,26.33,94.78799999999998,31.04546050045853,,CCN(C(=O)Cc1ccc(S(C)(=O)=O)cc1)C1CCN(CCC(c2ccccc2)N2CCN(c3ccccc3)CC2)CC1
CHEMBL1951898,,,,,,,,,18.0,64.80000000000001,23.82352941176471,,CCN(C(=O)Cc1ccc(S(C)(=O)=O)cc1)C1CCN(CC[C@@H](c2ccccc2)N2CCN(S(=O)(=O)C(F)(F)F)CC2)CC1
CHEMBL1951902,,,,,,,,,21.0,75.6,26.619718309859152,,CCN(C(=O)Cc1ccc(S(C)(=O)=O)cc1)C1CCN(CCC(c2ccccc2)N2CCC(C(C)=O)CC2)CC1
CHEMBL1951904,,,,,,,,,150.0,539.9999999999999,67.5,,CCN(C(=O)Cc1ccc(S(C)(=O)=O)cc1)C1CCN(CCC(c2ccccc2)C2CCN(Cc3ccccc3)CC2)CC1
CHEMBL1951906,,,,,,,,,30.5,109.8,34.099378881987576,,CCN(C(=O)Cc1ccc(S(C)(=O)=O)cc1)C1CCN(CC[C@@H](c2ccccc2)C2CCN(S(C)(=O)=O)CC2)CC1
CHEMBL1951908,,,,,,,,,27.5,99.0,31.935483870967737,,CCN(C(=O)Cc1ccc(S(C)(=O)=O)cc1)C1CCN(CC[C@@H](c2ccccc2)C2CCN(S(=O)(=O)C(F)(F)F)CC2)CC1
CHEMBL1951909,,,,,,,,,7.5,27.0,11.739130434782606,,CCN(C(=O)Cc1ccc(S(C)(=O)=O)cc1)C1CCN(CC[C@@H](c2cc(F)cc(F)c2)N2CCN(S(C)(=O)=O)CC2)CC1
CHEMBL1951916,,,,,,,,,150.0,539.9999999999999,67.5,,CCN(C(=O)Cc1ccc(S(C)(=O)=O)cc1)C1CCN(CC[C@@H](c2cc(C)cc(C)c2)C2CCN(S(C)(=O)=O)CC2)CC1
CHEMBL1951918,,,,,,,,,17.33,62.38799999999999,23.165008168721226,,CCN(C(=O)Cc1ccc(S(C)(=O)=O)cc1)C1CCN(CC[C@@H](c2cccc(C(F)(F)F)c2)C2CCN(S(C)(=O)=O)CC2)CC1
CHEMBL1952100,,,,,,,,,17.5,62.99999999999999,23.33333333333333,,CCN(C(=O)Cc1ccc(S(C)(=O)=O)cc1)C1CCN(CC[C@@H](c2cc(Cl)cc(Cl)c2)C2CCN(S(C)(=O)=O)CC2)CC1
CHEMBL1952147,,,,,,,0.0320999999999999,,,,,,NS(=O)(=O)c1ccc(CCNc2ccc3nnc(-c4ccccc4)n3n2)cc1
CHEMBL1952329,,,,,,,0.0390999999999999,,,,,,CN1CCC(CNc2ccc3ncc(-c4cccc(OC(F)(F)F)c4)n3n2)CC1
CHEMBL195309,,,,,,,0.069,,,,,,Cc1nccn1-c1ccc(Sc2cccc(C3(C(N)=O)CCOCC3)c2)cc1
CHEMBL1956112,,,,40.74,89.9999631811638,,,,9.33,33.58800000000001,14.153042305747515,,CN1CCC[C@H]1CCN1CCCc2cc(NC(=N)c3cccs3)ccc21
CHEMBL1956129,,,,3.0,89.99950000277776,,,,,,,,C[C@@](CCc1ccc(-c2ccc(Cl)cc2)cc1)(C(=O)NO)S(C)(=O)=O
CHEMBL1956163,,,,150.0,89.9999900000011,,0.0159999999999999,,24.55,88.38000000000001,29.637826961770628,,O=C1[C@@H]2[C@@H]3CC[C@@H](C3)[C@@H]2C(=O)N1[C@H]1CC[C@H](C(=O)Nc2cccc3cccnc23)CC1
CHEMBL1956334,,,,150.0,89.9999900000011,,0.013,,16.6,59.76,22.43243243243243,,CC(=O)c1ncccc1NC(=O)[C@H]1CC[C@H](N2C(=O)[C@@H]3[C@@H]4CC[C@@H](C4)[C@@H]3C2=O)CC1
CHEMBL1957266,,,,16.6,89.99990963864494,,0.0085999999999999,,,,,,Cc1sc2c(c1C)C(c1ccc(Cl)cc1)=N[C@@H](CC(=O)OC(C)(C)C)c1nnc(C)n1-2
CHEMBL1957361,,,,,,,0.0006999999999999,,,,,,CCOc1ccccc1-c1ccc(-c2nc3ccncc3c(O)c2C#N)cc1
CHEMBL1957363,,,,,,,0.0026,,,,,,N#Cc1c(-c2ccc(-c3ccccc3O)cc2)nc2ccncc2c1O
CHEMBL1957367,,,,,,,0.0010999999999999,,,,,,N#CCOc1ccccc1-c1ccc(-c2nc3ccncc3c(O)c2C#N)cc1
CHEMBL1957369,,,,,,,0.0008,,,,,,N#Cc1c(-c2ccc(-c3ccccc3Cl)cc2)nc2ccncc2c1O
CHEMBL1957370,,,,,,,0.0054999999999999,,,,,,N#Cc1c(-c2ccc(-c3ccncc3Cl)cc2)nc2ccncc2c1O
CHEMBL1957380,,,,,,,0.007,,,,,,N#Cc1c(-c2ccc(-c3cccnc3)cc2)nc2ccncc2c1O
CHEMBL1957381,,,,,,,0.0040999999999999,,,,,,Cc1cc(-c2ccc(-c3nc4ccncc4c(O)c3C#N)cc2)ccn1
CHEMBL1957460,,,,,,,0.0013999999999999,,,,,,Cc1nccc(-c2ccc(-c3nc4ccncc4c(O)c3C#N)cc2)c1Cl
CHEMBL1957462,,,,,,,0.0036,,,,,,Cc1nn(C)c(C)c1-c1ccc(-c2nc3ccncc3c(O)c2C#N)cc1
CHEMBL1957480,,,,,,,0.0110999999999999,,,,,,COCC#Cc1cccc(C2(c3ccc(OC(F)F)cc3)N=C(N)N3CC(F)(F)CN=C32)c1
CHEMBL1957481,,,,,,,0.0229,,,,,,COCCC#Cc1cccc(C2(c3ccc(OC(F)F)cc3)N=C(N)N3CC(F)(F)CN=C32)c1
CHEMBL1957840,,,,24.55,89.99993890024514,,0.0365999999999999,,,,,,O=c1cc(N2CCOCC2)nc2n(Cc3cccc(Cl)c3Cl)ccn12
CHEMBL1957841,,,,,,,0.0306999999999999,,,,,,O=c1cc(N2CCOCC2)nc2n(Cc3cccc4ccccc34)ccn12
CHEMBL1957845,,,,,,,0.2198999999999999,,,,,,O=c1cc(N2CCOCC2)nc2n(Cc3cccc(F)c3)ccn12
CHEMBL1957848,,,,,,,0.1008999999999999,,,,,,O=c1cc(N2CCOCC2)nc2n(Cc3cccc(Cl)c3)ccn12
CHEMBL1957851,,,,,,,0.1189,,,,,,Cc1cccc(Cn2ccn3c(=O)cc(N4CCOCC4)nc23)c1
CHEMBL1962788,,,,3.0,89.99950000277776,,,,32.36,116.49599999999998,35.36182612918892,,O=c1c2c3n(c(=O)cc2[nH]n1-c1ccccc1Cl)CCCN(Cc1ccccc1)C3
CHEMBL1962896,,,,,,,0.1631999999999999,,,,,,COc1ccc(CCC[N+](C)(CCCc2ccc(OC)cc2)CCNC(=O)c2nc(Cl)c(N)nc2N)cc1
CHEMBL1963131,,,,,,,0.2120999999999999,,,,,,COc1ccc([C@]2(O)CC[C@H](N3CC[C@@H](NC(=O)CNC(=O)c4cccc(C(F)(F)F)c4)C3)CC2)cn1
CHEMBL1963231,,,,119.0,89.99998739495976,,0.2279000000000001,,42.0,151.2,41.086956521739125,,CC(C(=O)O[C@@H]1CC[N+](C)(C)C1)(c1ccccc1)C1CCCC1
CHEMBL1963249,,,,26.92,89.99994427938071,,,,,,,,C[C@@H]1CN[C@@H](C2CC2)C(=O)N(C)[C@H](C)C(=O)N[C@H](Cc2ccc(F)cc2)C(=O)NCCCc2ccccc2O1
CHEMBL1963462,,,,128.0,89.99998828125153,,0.4201,,35.0,125.99999999999996,37.05882352941176,,C[C@@](C(=O)OC1CC[N+](C)(C)CC1)(c1ccccc1)C1CCCC1
CHEMBL196707,,,,5.45,89.9996550648803,,0.0768,,5.0,18.0,8.181818181818182,,Cc1c(CC(=O)O)c2cc(F)ccc2n1S(=O)(=O)c1ccc(S(C)(=O)=O)cc1
CHEMBL196945,,,,38.9,89.99996143960522,,,,,,,,O=C(O)C1(c2ccc(-c3ccc(Cl)c(Cl)c3)c(F)c2)CC1
CHEMBL1972466,,,,,,,0.0531999999999999,,,,,,Cc1cc(C(C)Nc2ccccc2)c2nc(N3CCOCC3)cc(=O)n2c1
CHEMBL1975242,,,,150.0,89.9999900000011,,,,3.0,10.8,5.094339622641509,,O=C(Nc1nc2c(=O)[nH]cnc2s1)c1ccccc1
CHEMBL197538,,,3.78,,,,,,,,,,N#Cc1cnc2cnc(NCCN3CCOCC3)cc2c1Nc1ccc(F)c(Cl)c1
CHEMBL197714,,,,,,,,,66.0,237.6,51.206896551724135,,CCN(C(=O)Cc1ccc(S(C)(=O)=O)cc1)C1CCN(CCC(c2ccccc2)c2ccc(C)cc2)CC1
CHEMBL197815,,,30.0,,,,,,,,,,CCOC(=O)c1c(NC(=O)NS(=O)(=O)c2ccccc2C(F)(F)F)sc2c1CCC(C)(C)C2
CHEMBL198083,,,30.0,,,,,,,,,,CCOC(=O)c1c(NC(=O)NS(=O)(=O)c2ccccc2OC(F)(F)F)sc2c1CCC(C)(C)C2
CHEMBL198114,,,,,,,,,3.0,10.8,5.094339622641509,,CCN(C(=O)Cc1ccc(S(C)(=O)=O)cc1)C1CCN(CCC(c2ccccc2)c2ccc(NS(C)(=O)=O)cc2)CC1
CHEMBL198150,,,,,,,,,18.5,66.6,24.30656934306569,,CCN(C(=O)Cc1ccc(S(C)(=O)=O)cc1)C1CCN(CCC(c2ccccc2)c2ccc(S(C)(=O)=O)cc2)CC1
CHEMBL1981917,,,,13.18,89.9998861913427,,0.0568,,,,,,NC1=Nc2ccccc2Sc2cccc(F)c21
CHEMBL1984039,,,,61.66,89.99997567305232,,,,,,,,Cc1nn(C)c(C)c1-c1cccc2c(CCCOc3cccc4ccccc34)c(C(=O)O)[nH]c12
CHEMBL198497,,,,,,,,,3.0,10.8,5.094339622641509,,CCN(C(=O)Cc1ccc(S(C)(=O)=O)cc1)C1CCN(CCC(c2ccccc2)c2ccc(NC(C)=O)cc2)CC1
CHEMBL198758,,,,,,,,,3.0,10.8,5.094339622641509,,CCN(C(=O)Cc1ccc(S(C)(=O)=O)cc1)C1CCN(CCC(c2ccccc2)c2ccc(C#N)cc2)CC1
CHEMBL1987793,,,,123.03,89.9999878078534,,,,,,,,Cc1ccccc1-c1c(C(=O)O)n(CCCOc2cccc3ccccc23)c2ccccc12
CHEMBL198876,,,239.0,,,,,,,,,,Cc1ccc(C(=O)Nc2ccon2)cc1Nc1ncnc(NC(C)C)c1C#N
CHEMBL199210,,,0.01,,,,,,,,,,N#Cc1cnc2cnc(NCCN3CCOCC3)cc2c1Nc1ccc(Sc2ccccc2)cc1
CHEMBL199403,,,30.0,,,,,,,,,,CCOC(=O)c1c(NC(=O)NS(=O)(=O)c2ccnn2C)sc2c1CCC(C)(C)C2
CHEMBL199454,,,7.7,,,,,,,,,,COc1ccc2[nH]cc(CCNC(=O)CCCCCNc3c4c(nc5ccccc35)CCCC4)c2c1
CHEMBL1994944,,,,,,,0.0676000000000001,,,,,,Cn1ncc2c(=O)[nH]c(-c3ccccc3)nc21
CHEMBL199538,,,8.4,,,,,,,,,,O=C(CCCCCNc1c2c(nc3cc(Cl)cc(Cl)c13)CCCC2)NCCc1c[nH]c2ccccc12
CHEMBL1995703,,,,,,,0.0751999999999999,,,,,,Cc1cnc(Nc2ccc(N3CCN(C)CC3)cc2)nc1Nc1cccc(S(=O)(=O)NC(C)(C)C)c1
CHEMBL199646,,,30.0,,,,,,,,,,CCOC(=O)c1c(NC(=O)NS(=O)(=O)c2ccccc2)sc2c1CCC(C)(C)C2
CHEMBL199670,,,9.2,,,,,,,,,,O=C(CCCCCCNc1c2c(nc3ccccc13)CCCC2)NCCc1c[nH]c2ccccc12
CHEMBL199748,,,8.0,,,,,,,,,,COc1ccc2[nH]cc(CCNC(=O)CCCCCNc3c4c(nc5cc(Cl)ccc35)CCCC4)c2c1
CHEMBL199861,,,11.0,,,,,,,,,,O=C(CCCCCNc1c2c(nc3ccccc13)CCCC2)NCCc1c[nH]c2ccccc12
CHEMBL199961,,,30.0,,,,,,,,,,CCOC(=O)c1c(NC(=O)NS(=O)(=O)c2nccn2C)sc2c1CCC(C)(C)C2
CHEMBL2,,,,8.695,89.99979793970886,,0.04,2.0,,,,,COc1cc2nc(N3CCN(C(=O)c4ccco4)CC3)nc(N)c2cc1OC
CHEMBL20,,,0.08145,,,,,13.0,,,,,CC(=O)Nc1nnc(S(N)(=O)=O)s1
CHEMBL2000014,,,,7.94,89.99981108351997,,,,,,,,NC1=Nc2ccccc2Sc2ccccc21
CHEMBL200008,,,8.9,,,,,,,,,,COc1ccc2[nH]cc(CCNC(=O)CCCCCNc3c4c(nc5cccc(Cl)c35)CCCC4)c2c1
CHEMBL200381,,,0.1,,,,,,,,,,N#Cc1cnc2cnc(NCc3cccnc3)cc2c1Nc1ccc(F)c(Cl)c1
CHEMBL2010831,,,,,,,0.1898999999999999,,,,,,CN(C(=O)Cc1ccc(S(C)(=O)=O)cc1)C1CCN(Cc2ccc(C(F)(F)F)cc2)CC1
CHEMBL2010836,,,,,,,0.0871999999999999,,,,,,CN(C(=O)Cc1ccc(-n2cnnn2)cc1)C1CCN(Cc2ccc(C(F)(F)F)cc2)CC1
CHEMBL2011112,,,,,,,0.0320999999999999,,,,,,CC(=O)N1CCN(c2nc(NC(C)(C)Cc3ccc(Cl)cc3)c3c(n2)C(=O)N(C(C)C)C3)CC1
CHEMBL2011120,,,,,,,0.299,,,,,,CCOc1ccc([C@@H](C)Nc2nc(N3CCN(C(C)=O)CC3)nc3c2CN(C(C)C)C3=O)cc1
CHEMBL2011123,,,,,,,0.3339,,,,,,CCOc1ccc([C@@H](C)Nc2nc(N3CCN(C(C)=O)CC3)nc3c2CN(C(C)C)C3=O)cc1F
CHEMBL2011440,,,,,,,0.0008,,10.0,36.0,15.0,,COc1nc(Cl)c(Cl)nc1NS(=O)(=O)c1ccc(Cl)s1
CHEMBL2011441,,,,3.0,89.99950000277776,,0.0012999999999999,,3.0,10.8,5.094339622641509,,COc1nc(Br)cnc1NS(=O)(=O)c1ccc(Cl)s1
CHEMBL2011895,,,,,,,0.1118000000000001,,,,,,CNc1c(Br)cnc2[nH]c(-c3ccc(OCCN4CCCCC4)cc3)nc12
CHEMBL2011908,,,,,,,0.0476999999999999,,,,,,CNc1c(Br)cnc2[nH]c(-c3ccc(S(C)(=O)=O)cc3)nc12
CHEMBL2011910,,,,,,,0.0988,,,,,,CNc1c(Br)cnc2[nH]c(-c3cccc(N)c3)nc12
CHEMBL2011912,,,,,,,0.0268,,,,,,CNc1c(Br)cnc2[nH]c(-c3ccnc(N)c3)nc12
CHEMBL2011917,,,,,,,0.0148999999999999,,,,,,CNc1c(Br)cnc2[nH]c(-c3ccc(OCCN4CCOCC4)cc3)nc12
CHEMBL2011918,,,,,,,0.0383,,,,,,CNc1c(Br)cnc2[nH]c(-c3ccc(OCCN4CCN(C)CC4)cc3)nc12
CHEMBL2011920,,,,,,,0.2279000000000001,,,,,,CNc1c(Br)cnc2[nH]c(-c3cnn(C4CCN(C)CC4)c3)nc12
CHEMBL2011923,,,,,,,0.2120999999999999,,,,,,CNc1c(C(N)=O)cnc2[nH]c(-c3ccc(OCCN4CCOCC4)cc3)nc12
CHEMBL2011924,,,,,,,0.0191,,,,,,CNc1c(Cl)cnc2[nH]c(-c3ccc(OCCN4CCOCC4)cc3)nc12
CHEMBL2011927,,,,,,,0.1341,,,,,,COc1ccc(-c2nc3c(OCC4CCNCC4)c(Br)cnc3[nH]2)cc1
CHEMBL2011928,,,,,,,0.0262,,,,,,COc1ccc(-c2nc3c(NCCCNC(C)=O)c(Br)cnc3[nH]2)cc1
CHEMBL2011932,,,,,,,0.0293000000000001,,,,,,COc1ccc(-c2nc3c(NCCCNC(=O)C4(CN)CC4)c(Br)cnc3[nH]2)cc1
CHEMBL2011934,,,,138.04,89.99998913358579,,0.0021999999999999,,150.0,539.9999999999999,67.5,,COc1ccc(-c2nc3c(NCCCN(C)C(=O)C4CCC4)c(Br)cnc3[nH]2)cc1
CHEMBL2011938,,,,,,,0.013,,,,,,COc1ccc(-c2nc3c(NCCCNC(=O)c4cccnc4)c(Br)cnc3[nH]2)cc1
CHEMBL2011942,,,,,,,0.2158999999999999,,,,,,NC(=O)c1cnc2[nH]c(-c3ccc(OCCN4CCCCC4)cc3)nc2c1NCCCNC(=O)C1CCC1
CHEMBL2012204,,,,,,,0.0328,,15.85,57.06,21.662870159453306,,Cc1cc([C@H](O)[C@](C)(OCc2ccc(-c3ccccc3)cc2)C(=O)NO)no1
CHEMBL2016681,,,,5.75,89.99973913119092,,0.0409,,,,,,CC(C)(C)S(=O)(=O)N[C@H]1CC[C@H](C(=O)Nc2ccc(C(F)(F)F)cn2)CC1
CHEMBL2017259,,,,20.42,89.99992654266525,,0.2895,,6.31,22.716,10.08524240809803,,N#Cc1ccc(C(=O)Nc2ccc(-n3ccnc3)nc2)cc1
CHEMBL2017291,,,,3.3150000000000004,89.99954728185891,,0.0234,,7.59,27.323999999999995,11.861434276784165,,COc1cc2c(cc1-c1c(C)noc1C)ncc1[nH]c(=O)n([C@H](C)c3ccccn3)c12
CHEMBL2017459,,,,3.0,89.99950000277776,,0.0418,,,,,,CCN(C(=O)c1ccc(-c2ccc(Cl)cc2)o1)c1ccc(N2CCNCC2)cc1
CHEMBL2017974,,,,9.425,89.99970268282665,,,,,,,,Nc1cc(C(F)(F)F)c(-c2cc(N3CCOCC3)nc(N3CCOCC3)n2)cn1
CHEMBL201799,,,,,,,,,18.0,64.80000000000001,23.82352941176471,,CCCCCSc1nc(O)c2sc(N)nc2n1
CHEMBL201816,,,14.0,,,,,,,,,,C[C@@H]1CN([C@@H](c2cccc(F)c2)c2ccc3c(c2)CN(C(=O)CC(=O)O)CC3)[C@@H](C)CN1Cc1ccccc1
CHEMBL2018953,,,,9.88,89.99984817839376,,0.1189,,24.0,86.39999999999999,29.18918918918919,,O=C([C@H]1CCCCN1)N1CCN(c2nc(NCc3ccc(Cl)cc3Cl)c3cccnc3n2)CC1
CHEMBL2018954,,,,31.0,89.99995161292924,,0.0032999999999999,,7.0,25.2,11.05263157894737,,COc1ccc(COc2nc(Br)cnc2NS(=O)(=O)c2ccc(C)cc2)cc1OCCN(C)C
CHEMBL2018964,,,,81.5,89.99993730776683,,0.0065999999999999,,44.0,158.39999999999998,42.12765957446808,,COc1cccc2c1c(NS(=O)(=O)c1ccc(Cl)s1)nn2Cc1cccc(CNC(C)=O)c1
CHEMBL2018969,,,,32.5,89.9999512500278,,0.0132999999999999,,50.0,180.0,45.0,,COc1cccc2c1c(NS(=O)(=O)c1ccc(Cl)s1)nn2Cc1cccc(CNC(=O)C(C)(C)O)c1
CHEMBL20210,,,,95.37,89.99997659058246,,0.1695999999999999,,104.71,376.956,60.91332169866201,,CCOC(=O)/C=C/[C@H](C[C@@H]1CCNC1=O)NC(=O)[C@@H](CC(=O)[C@@H](NC(=O)c1cc(C)on1)C(C)C)Cc1ccc(F)cc1
CHEMBL2021696,,,,,,,0.0446999999999999,,,,,,Cn1c(-c2cc(=O)c(O)c[nH]2)nn(S(=O)(=O)NC(=O)N2C[C@H](NC(=O)/C(=N\OC(C)(C)C(=O)O)c3csc(N)n3)C2=O)c1=O
CHEMBL2021706,,,,23.99,89.99993747399091,,0.5115000000000001,,87.1,313.55999999999995,57.17724288840262,,CCC[C@@H](CNC(=O)c1nc(Cl)c(N)nc1N)[N+](C)(C)CCCc1ccc(OC)cc1
CHEMBL2021721,,,,,,,0.04,,,,,,COc1ccc2cc(S(=O)(=O)N[C@H](CC(=O)N[C@H](Cc3ccc(CN4[C@H](C)CCC[C@@H]4C)cc3)C(=O)N(C)C(C)C)c3ccc4c(c3)OCO4)ccc2c1
CHEMBL2023265,,,,,,,,,3.0,10.8,5.094339622641509,,O=C(O)CSCC(=O)Nc1nc(-c2ccc(F)cc2)cs1
CHEMBL2023489,,,,23.44,89.99993600687144,,0.0110999999999999,,24.55,88.38000000000001,29.637826961770628,,COc1ccc2c(Oc3ccc(CC(=O)Nc4cn(C)nc4C)c(OC)c3)ccnc2c1
CHEMBL2023704,,,,,,,,,41.0,147.6,40.54945054945055,,COc1ccc(-c2ccnc(N)n2)cc1
CHEMBL202478,,,5.0,,,,,,,,,,COc1cccc([C@@H](c2ccc3c(c2)CN(CC(=O)O)CC3)N2C[C@@H](C)N(Cc3ccccc3)C[C@@H]2C)c1
CHEMBL202557,,,30.0,,,,,,,,,,C[C@@H]1CN([C@@H](c2cccc(F)c2)c2ccc3c(c2)CN(CCC(=O)O)CC3)[C@@H](C)CN1Cc1ccccc1
CHEMBL202578,,,1.0,,,,,,,,,,C[C@@H]1CN([C@@H](c2cccc(O)c2)c2ccc3c(c2)CN(CC(=O)O)CC3)[C@@H](C)CN1Cc1ccccc1
CHEMBL202585,,,1.0,,,,,,,,,,C[C@@H]1CN([C@@H](c2cccc(O)c2)c2ccc3c(c2)CN(C(=O)CC(=O)O)CC3)[C@@H](C)CN1Cc1ccccc1
CHEMBL202626,,,,16.22,89.99990752167332,,0.0262,,,,,,O=C(Nc1ccccc1F)NC1N=C(c2ccccc2)c2ccccc2NC1=O
CHEMBL202661,,,5.2,,,,,,,,,,O=C(CCCCCNc1c2c(nc3cccc(Cl)c13)CCCC2)NCCc1c[nH]c2ccccc12
CHEMBL202668,,,6.15,,,,,,,,,,CC(C)C[C@H](NC(=O)c1cc2ccccc2o1)C(=O)N[C@@H]1C(=O)CN(S(=O)(=O)c2ccccn2)CC[C@@H]1C
CHEMBL2028899,,,2.775e-07,,,,,,,,,,O=C(N[C@@H](Cc1ccccc1)C(=O)NCCC(O)(P(=O)(O)O)P(=O)(O)O)[C@@H]1CCCN1
CHEMBL2028900,,,4.925e-07,,,,,,,,,,O=C(N[C@@H](Cc1ccccc1)C(=O)NCCCC(O)(P(=O)(O)O)P(=O)(O)O)[C@@H]1CCCN1
CHEMBL2029721,,,,,,,0.0328,,,,,,CN(CC(=O)NC1CC1)C(=O)c1ccc2c(c1)c1c(n2C)CCC(C2CCOCC2)C1
CHEMBL2029729,,,,,,,0.0365999999999999,,,,,,CNC(=O)CCCN(C)C(=O)c1ccc2c(c1)c1c(n2C)CC[C@@H](C2CCOCC2)C1
CHEMBL2030393,,,,,,,0.0509999999999999,,,,,,O=c1[nH]c([C@@H]2CCCN2)nc2c1oc1ccc(Br)cc12
CHEMBL2030402,,,,,,,0.072,,,,,,O=c1[nH]c([C@@H]2CCCN2)nc2c1oc1ccc(Cl)cc12
CHEMBL2030560,,,,3.0,89.99950000277776,,,,3.0,10.8,5.094339622641509,,Nc1nc2ccc(C(=O)c3ccccc3)cc2[nH]1
CHEMBL203059,,,,83.11,89.99994876083721,,,,12.59,45.324,18.103530915481706,,O=C(Nc1cc(-c2ccnc(Nc3ccccc3)c2)ccn1)C1CCOCC1
CHEMBL2031221,,,,6.0,89.99975000069445,,,,14.0,50.4,19.6875,,Cc1ccc(NC(=O)c2cccc(N3CCOCC3)c2)cc1-n1cnc2ccc(N3CCN(C)CC3)cc2c1=O
CHEMBL2031224,,,,,,,,,7.0,25.2,11.05263157894737,,COc1ccccc1C(=O)Nc1ccc(C)c(-n2cnc3ccc(N4CCN(C)CC4)cc3c2=O)c1
CHEMBL2031225,,,,,,,,,16.0,57.6,21.818181818181817,,COc1cccc(C(=O)Nc2ccc(C)c(-n3cnc4ccc(N5CCN(C)CC5)cc4c3=O)c2)c1
CHEMBL2031227,,,,,,,0.3187000000000001,,7.0,25.2,11.05263157894737,,Cc1ccc(NC(=O)c2ccc(C#N)cc2)cc1-n1cnc2ccc(N3CCN(C)CC3)cc2c1=O
CHEMBL2031229,,,,,,,,,3.0,10.8,5.094339622641509,,Cc1ccc(NC(=O)c2ccccc2F)cc1-n1cnc2ccc(N3CCN(C)CC3)cc2c1=O
CHEMBL2031233,,,,,,,,,4.0,14.4,6.666666666666665,,Cc1ccc(NC(=O)C2CC2)cc1-n1cnc2ccc(N3CCN(C)CC3)cc2c1=O
CHEMBL2031235,,,,,,,,,3.0,10.8,5.094339622641509,,Cc1ccc(NC(=O)c2ccno2)cc1-n1cnc2ccc(N3CCN(C)CC3)cc2c1=O
CHEMBL2031236,,,,,,,,,3.0,10.8,5.094339622641509,,Cc1ccc(NC(=O)c2cscn2)cc1-n1cnc2ccc(N3CCN(C)CC3)cc2c1=O
CHEMBL2031237,,,,,,,,,3.0,10.8,5.094339622641509,,Cc1ccc(NC(=O)c2cncs2)cc1-n1cnc2ccc(N3CCN(C)CC3)cc2c1=O
CHEMBL2031238,,,,3.0,89.99950000277776,,,,6.0,21.6,9.642857142857142,,Cc1ccc(NC(=O)c2ccoc2)cc1-n1cnc2ccc(N3CCN(C)CC3)cc2c1=O
CHEMBL2031241,,,,,,,,,7.0,25.2,11.05263157894737,,Cc1ccc(C(=O)Nc2nccs2)cc1-n1cnc2ccc(N3CCN(C)CC3)cc2c1=O
CHEMBL203125,,,,3.0,89.99950000277776,,,,3.02,10.872,5.126367408525085,,O=CN(O)CCCP(=O)(O)O
CHEMBL2031464,,,,,,,,,5.0,18.0,8.181818181818182,,Cc1ccc(C(=O)NC2CCC2)cc1-n1cnc2ccc(N3CCN(C)CC3)cc2c1=O
CHEMBL2031466,,,,,,,,,3.0,10.8,5.094339622641509,,Cc1ccc(C(=O)NC(C)C)cc1-n1cnc2ccc(N3CCN(C)CC3)cc2c1=O
CHEMBL2031467,,,,3.0,89.99950000277776,,,,,,,,CCNC(=O)c1ccc(C)c(-n2cnc3ccc(N4CCN(C)CC4)cc3c2=O)c1
CHEMBL2031556,,,,44.67,89.9999664204289,,,,,,,,O=C(Nc1cccc(-c2nnn[nH]2)c1)c1cccc2[nH]cnc12
CHEMBL2031559,,,,17.38,89.9999136939838,,,,4.47,16.092,7.38571690838994,,O=C(Nc1cccc(-c2nnn[nH]2)c1)c1cc(C(F)(F)F)cc2[nH]cnc12
CHEMBL2031561,,,,29.51,89.99994916980167,,,,,,,,O=C(Nc1cccc(-c2nnn[nH]2)c1)c1cc(O)cc(C(F)(F)F)c1
CHEMBL2031562,,,,23.44,89.99993600687144,,0.0219,,,,,,Nc1cc(C(=O)Nc2cccc(-c3nnn[nH]3)c2)cc(C(F)(F)F)c1
CHEMBL2031563,,,,67.61,89.99997781393832,,,,,,,,O=C(Nc1cccc(-c2nnn[nH]2)c1)c1cc(F)cc2[nH]cnc12
CHEMBL203290,,,28.6,,,,,,,,,,CN(C(=O)COc1ccccc1)c1ccc(C(O)(C(F)(F)F)C(F)(F)F)cc1
CHEMBL2035017,,,,80.7,89.99993933267987,,,,,,,,NC1(c2ccc(-c3nc4ccccc4cc3-c3ccccc3)cc2)CCC1
CHEMBL2035019,,,,78.88,89.9998983507236,,,,,,,,NC1(c2ccc(-c3nn4ccnc4cc3-c3ccccc3)cc2)CCC1
CHEMBL2035021,,,,84.1,89.99995379124708,,,,,,,,NC1(c2ccc(-c3nc4ccccn4c3-c3ccccc3)cc2)CCC1
CHEMBL2035022,,,,3.72,89.9995967760001,,,,,,,,NC(=O)c1ccn2c(-c3ccccc3)c(-c3ccc(C4(N)CCC4)cc3)nc2c1
CHEMBL2035024,,,,3.0,89.99950000277776,,,,,,,,NC1(c2ccc(-c3ncc4cccn4c3-c3ccccc3)cc2)CCC1
CHEMBL2035025,,,,9.61,89.99970376222555,,,,,,,,NC1(c2ccc(-c3ncc4nccn4c3-c3ccccc3)cc2)CCC1
CHEMBL2035029,,,,150.0,89.9999900000011,,,,,,,,NC1(c2ccc(-c3ncc4cnccc4c3-c3ccccc3)cc2)CCC1
CHEMBL2035031,,,,19.5,89.99992307698882,,,,,,,,NC1(c2ccc(-c3ncc4cccnc4c3-c3ccccc3)cc2)CCC1
CHEMBL2035032,,,,10.23,89.9998533726729,,,,,,,,NC1(c2ccc(-c3c(-c4ccccc4)ccc4ccnn34)cc2)CCC1
CHEMBL2035033,,,,79.56,89.99991276330873,,,,,,,,NC1(c2ccc(-c3c(-c4ccccc4)ccn4ccnc34)cc2)CCC1
CHEMBL2035035,,,,3.0,89.99950000277776,,,,,,,,NC1(c2ccc(-c3c(-c4ccccc4)ccn4ncnc34)cc2)CCC1
CHEMBL2035037,,,,3.31,89.99954683007638,,,,,,,,Cn1cnc2c(-c3ccc(C4(N)CCC4)cc3)c(-c3ccccc3)ccc21
CHEMBL2035040,,,,4.065,89.99960380303345,,,,,,,,NC(=O)c1cnc(-c2ccc(C3(N)CCC3)cc2)c(-c2ccccc2)c1
CHEMBL203535,,,29.9,,,,,,,,,,O=C(Nc1cc(-c2ccnc(Nc3ccccc3)c2)ccn1)C1CCOC1
CHEMBL203567,,,,3.0,89.99950000277776,,,,3.0,10.8,5.094339622641509,,Nc1c(C(=O)c2cccc(OC[C@@H](O)CO)c2)cnn1-c1ccc(F)cc1
CHEMBL203665,,,4.7,,,,,,,,,,CC(C)C[C@H](NC(=O)c1cc2ccccc2o1)C(=O)N[C@H]1CC[C@@H](C)N(S(=O)(=O)c2ccccn2)CC1=O
CHEMBL2036958,,,,22.83,89.99973242052374,,0.0148999999999999,,3.0,10.8,5.094339622641509,,CC1(CCCc2cc(=O)oc3[nH]c(=O)[nH]c(=O)c23)CC1
CHEMBL203991,,,38.7,,,,,,,,,,CCN(C(=O)c1ccc(C#N)cc1)c1ccc(C(O)(C(F)(F)F)C(F)(F)F)cc1
CHEMBL204021,,,0.1,,,,,,,,,,CCN(CC)CCN(Cc1ccc(-c2ccc(C(F)(F)F)cc2)cc1)C(=O)Cn1c(SCc2ccc(F)cc2)nc(=O)c2c1CCC2
CHEMBL204109,,,52.0,,,,,,,,,,CC(C)C(=O)N(CCO)c1ccc(C(O)(C(F)(F)F)C(F)(F)F)cc1
CHEMBL204136,,,3.0,,,,,,,,,,C[C@@H]1CN([C@H](c2ccc(-c3ccccc3C(=O)O)cc2)c2cccc(O)c2)[C@@H](C)CN1Cc1ccccc1
CHEMBL2041980,,,,4.79,89.99968684868875,,0.1934999999999999,,6.17,22.212,9.88606017447036,,CS(=O)(=O)c1ccc(-c2cnc(N)c(-c3ccc(C(F)(F)F)nc3)c2)cc1
CHEMBL2042018,,,,,,,0.1898999999999999,,,,,,NC(=O)[C@H](Cc1ccccc1)NC(=O)OCc1ccccc1
CHEMBL204416,,,8.89,,,,,,,,,,Nc1noc2ccc(-n3nc(C(F)(F)F)cc3C(=O)Nc3ccc(-c4ccccc4CN4CCCCC4)cc3F)cc12
CHEMBL204480,,,1.0,,,,,,,,,,C[C@@H]1CN([C@@H](c2cccc(O)c2)c2ccc3c(c2)CN(CCC(=O)O)CC3)[C@@H](C)CN1Cc1ccccc1
CHEMBL2046990,,,,123.03,89.9999878078534,,,,39.81,143.316,39.89422113350406,,Nc1ccc(-c2ccccc2Cl)cc1
CHEMBL204716,,,1.0,,,,,,,,,,C[C@@H]1CN([C@@H](c2cccc(O)c2)c2ccc3c(c2)CN(C(=O)C(=O)O)CC3)[C@@H](C)CN1Cc1ccccc1
CHEMBL204825,,,,,,,0.4145,,,,,,O=C(c1cccc(Cc2nnc(O)c3ccccc23)c1)N1CCOCC1
CHEMBL2048500,,,,,,,0.1761,,,,,,CN[C@@H](C)C(=O)N[C@H](C(=O)N1CCC[C@H]1C(=O)N[C@H](C(=O)OC)C(c1ccccc1)c1ccccc1)C1CCCCC1
CHEMBL2048863,,,,,,,0.0234,,,,,,N[C@H]1CCN(c2c(Cl)cccc2/C=C2\SC(=O)NC2=O)C1
CHEMBL2048864,,,,,,,0.0784,,,,,,O=C1NC(=O)/C(=C/c2cccc(Cl)c2N2CCNCC2)S1
CHEMBL2048865,,,,5.13,89.99970760328914,,,,,,,,N[C@@H]1CCCN(c2ccccc2/C=C2\SC(=O)NC2=O)C1
CHEMBL2048866,,,,,,,0.0223999999999999,,,,,,N[C@@H]1CCCN(c2c(Cl)cccc2/C=C2\SC(=O)NC2=O)C1
CHEMBL2048868,,,,,,,0.0836,,,,,,COc1cccc(/C=C2\SC(=O)NC2=O)c1N1CCC[C@@H](N)C1
CHEMBL2048869,,,,,,,0.0520999999999999,,,,,,CCOc1cccc(/C=C2\SC(=O)NC2=O)c1N1CCC[C@@H](N)C1
CHEMBL2048870,,,,,,,0.0119,,,,,,CC(C)COc1cccc(/C=C2\SC(=O)NC2=O)c1N1CCC[C@@H](N)C1
CHEMBL2048873,,,,8.91,89.99983165014655,,,,8.51,30.636,13.09007007349171,,N[C@@H]1CCCN(c2c(/C=C3\SC(=O)NC3=O)cccc2-c2ccncc2)C1
CHEMBL204994,,,3.48,,,,,,,,,,CNCc1ccccc1-c1ccc(NC(=O)c2cc(C(F)(F)F)nn2-c2ccc3onc(N)c3c2)c(F)c1
CHEMBL205078,,,,82.395,89.99994429011855,,,,6.03,21.708,9.685882562912727,,O=C(Nc1cc(-c2ccnc(Nc3ccc(F)cc3)c2)ccn1)C1CCOCC1
CHEMBL205092,,,,,,,0.3137000000000001,,,,,,CC(C)Cn1c(=O)n(C)c(=O)c2c(C(=O)N3CC[C@@H](O)C3)c(Cc3c[nH]c4ncccc34)sc21
CHEMBL205133,,,,,,,,,3.0,10.8,5.094339622641509,,Nc1c(C(=O)c2cccc(OC[C@H](O)CO)c2)cnn1-c1ccc(F)cc1
CHEMBL205172,,,5.25,,,,,,,,,,CC(C)C[C@H](NC(=O)c1cc2ccccc2o1)C(=O)N[C@H]1C[C@H](C)CN(S(=O)(=O)c2ccccn2)CC1=O
CHEMBL2051955,,,,,,,,1.1,,,,,C[C@@H]1CC(=O)NN=C1c1ccc(NN=C(C#N)C#N)cc1
CHEMBL2051956,,,,,,,,22.0,,,,,COC(=O)C1=C(C)NC(C)=C(C(=O)OCCCN2CCC(c3ccccc3)(c3ccccc3)CC2)[C@@H]1c1cccc([N+](=O)[O-])c1
CHEMBL205245,,,,,,,0.089,,,,,,Cc1nc(Cl)c(Cl)n1Cc1sc2c(c1C(=O)N1CC[C@@H](O)C1)c(=O)n(C)c(=O)n2CC(C)C
CHEMBL205288,,,4.64,,,,,,,,,,Nc1noc2ccc(-n3nc(C(F)(F)F)cc3C(=O)Nc3ccc(-c4ccccc4CN4CC[C@H](N)C4)cc3F)cc12
CHEMBL205383,,,0.25,,,,,,,,,,C[N+](C)(C)Cc1ccccc1-c1ccc(NC(=O)c2cc(C(F)(F)F)nn2-c2ccc3onc(N)c3c2)c(F)c1.[Br-]
CHEMBL205462,,,49.7,,,,,,,,,,CCN(CCCCO)C(=O)N(CC)c1ccc(C(O)(C(F)(F)F)C(F)(F)F)cc1
CHEMBL205526,,,,,,,0.0009999999999998,,33.0,118.79999999999998,35.78313253012048,,CC(C)Cn1c(=O)n(C)c(=O)c2c(SCCCO)c(Cc3cccc4ccccc34)sc21
CHEMBL205653,,,2.32,,,,,,,,,,CN1CCN(Cc2ccccc2-c2ccc(NC(=O)c3cc(C(F)(F)F)nn3-c3ccc4onc(N)c4c3)c(F)c2)CC1
CHEMBL2057336,,,,,,,0.0520999999999999,,,,,,Cc1ccc(-c2ccc(N)nn2)cc1NC(=O)c1ccc(OCc2ccccn2)cc1
CHEMBL2057371,,,,3.895,89.99959342573325,,0.3288,,5.0,18.0,8.181818181818182,,CC(C)(C)NS(=O)(=O)c1cncc(-c2ccc3nc(NC(=O)NCC(=O)N4CCCC4)nn3c2)c1
CHEMBL2057372,,,,4.195,89.99962876264965,,0.4598,,5.0,18.0,8.181818181818182,,CC(C)(C)NS(=O)(=O)c1cncc(-c2ccc3nc(NC(=O)NCC(=O)N4CCOCC4)nn3c2)c1
CHEMBL205742,,,,,,,0.3545999999999999,,39.0,140.39999999999998,39.43820224719101,,CC(C)Cn1c(=O)n(C)c(=O)c2c(C(=O)N3CC[C@@H](O)C3)c(Cc3ccnc4ccccc34)sc21
CHEMBL205798,,,3.0,,,,,,,,,,CC(=O)Nc1cccc(C#Cc2cncnc2Nc2ccc(OCc3cccc(F)c3)c(Cl)c2)c1
CHEMBL205807,,,,,,,0.0854,,107.0,385.2,61.33757961783439,,CC(C)Cn1c(=O)n(C)c(=O)c2c(C(=O)N3CC[C@@H](O)C3)c(Cc3c[nH]c4ccccc34)sc21
CHEMBL2058280,,,,,,,0.069,,,,,,Nc1scc2c(C(=O)NC3CC3)nn(-c3ccc(F)cc3)c(=O)c12
CHEMBL2058529,,,,17.59,89.99991057275334,,0.002,,3.0,10.8,5.094339622641509,,O=C(O)CCc1ccc(OCc2cc(Cl)ccc2-c2ccccc2)cc1
CHEMBL2058631,,,,3.0,89.99950000277776,,,,,,,,CC1CNC(Nc2c(Cl)cccc2Cl)=N1
CHEMBL2059195,,,,,,,0.0219,,,,,,O=C(O)/C=C/c1cccc(-c2cnc3[nH]ccc3c2)c1
CHEMBL2059196,,,,,,,0.1165,,,,,,CCNC(=O)c1cc2c(-n3ccc(C(F)(F)F)n3)c(-c3cncc(C(=O)O)c3)cnc2[nH]1
CHEMBL2059197,,,,,,,0.0768,,,,,,CCCNC(=O)c1cc2c(-n3ccc(C(F)(F)F)n3)c(-c3cncc(C(=O)O)c3)cnc2[nH]1
CHEMBL2059198,,,,,,,0.2279000000000001,,,,,,CC(C)NC(=O)c1cc2c(-n3ccc(C(F)(F)F)n3)c(-c3cncc(C(=O)O)c3)cnc2[nH]1
CHEMBL205931,,,68.2,,,,,,,,,,CCN(C(=O)N1CCOCC1)c1ccc(C(O)(C(F)(F)F)C(F)(F)F)cc1
CHEMBL2059374,,,,,,,0.4540999999999999,,,,,,CCNC(=O)c1cc2c(-n3nc(C(F)(F)F)cc3C)c(-c3cncc(C(=O)O)c3)cnc2[nH]1
CHEMBL2059375,,,,,,,0.3599,,,,,,CCNC(=O)c1cc2c(-n3ccc(C(F)(F)F)n3)c(-c3cncc(C(N)=O)c3)cnc2[nH]1
CHEMBL2059376,,,,,,,0.1481,,,,,,CCNC(=O)c1cc2c(-n3ccc(C(F)(F)F)n3)c(-c3cncc(C(=O)NC)c3)cnc2[nH]1
CHEMBL2059377,,,,,,,0.089,,,,,,CCNC(=O)c1cc2c(-n3ccc(C(F)(F)F)n3)c(-c3cncc(C#N)c3)cnc2[nH]1
CHEMBL2059378,,,,,,,0.0437,,,,,,CCNC(=O)c1cc2c(-n3ccc(C(F)(F)F)n3)c(-c3cncc(-c4n[nH]c(=O)o4)c3)cnc2[nH]1
CHEMBL2059859,,,,10.23,89.9998533726729,,,,,,,,Cc1ccc(-c2nc3ccccc3[nH]2)cc1NC(=O)c1ccc(OCc2ccccn2)cc1
CHEMBL2059860,,,,,,,0.0509999999999999,,,,,,Cc1ccc(-c2c[nH]cn2)cc1NC(=O)c1ccc(OCc2ccccn2)cc1
CHEMBL2059861,,,,,,,0.0509999999999999,,,,,,Cc1ccc(-c2nccn2C)cc1NC(=O)c1ccc(OCc2ccccn2)cc1
CHEMBL2059862,,,,,,,0.0219,,,,,,Cc1ccc(-c2ncc(C)n2C)cc1NC(=O)c1ccc(OCc2ccccn2)cc1
CHEMBL2059863,,,,,,,0.0119,,,,,,Cc1ccc(-c2ncc(C(F)(F)F)[nH]2)cc1NC(=O)c1ccc(OCc2ccccn2)cc1
CHEMBL2059865,,,,,,,0.0594,,,,,,Cc1ccc(-c2ncc[nH]2)cc1NC(=O)c1ccc(OCc2ccccn2)cc1
CHEMBL2059866,,,,,,,0.0948,,,,,,Cc1ccc(-c2cn(C)cn2)cc1NC(=O)c1ccc(OCc2ccccn2)cc1
CHEMBL2059867,,,,,,,0.0320999999999999,,,,,,Cc1nc(-c2ccc(C)c(NC(=O)c3ccc(OCc4ccccn4)cc3)c2)c[nH]1
CHEMBL2059868,,,,,,,0.0633,,,,,,Cc1ccc(-c2[nH]cnc2C)cc1NC(=O)c1ccc(OCc2ccccn2)cc1
CHEMBL2059869,,,,,,,0.0555999999999999,,,,,,Cc1ccc(-c2cn(C)c(C)n2)cc1NC(=O)c1ccc(OCc2ccccn2)cc1
CHEMBL2059870,,,,,,,0.0179,,,,,,Cc1ccc(-c2c(C)nn(C)c2C)cc1NC(=O)c1ccc(OCc2ccccn2)cc1
CHEMBL2059872,,,,,,,0.0328,,,,,,Cc1ccc(-c2ncc(CN3CCOCC3)s2)cc1NC(=O)c1ccc(OCc2ccccn2)cc1
CHEMBL2059875,,,,,,,0.0110999999999999,,,,,,Cc1ccc(-c2ccccn2)cc1NC(=O)c1ccc(OCc2ccccn2)cc1
CHEMBL2059876,,,,,,,0.0179,,,,,,Cc1ccc(-c2ccncc2)cc1NC(=O)c1ccc(OCc2ccccn2)cc1
CHEMBL2059909,,,,20.0,89.9999250000625,,0.3706,,3.0,10.8,5.094339622641509,,CC(C)(C)NS(=O)(=O)c1cncc(-c2ccc3nc(N)nn3c2)c1
CHEMBL2059910,,,,3.0,89.99950000277776,,0.3545999999999999,,3.0,10.8,5.094339622641509,,CNC(=O)Nc1nc2ccc(-c3cncc(S(=O)(=O)NC(C)(C)C)c3)cn2n1
CHEMBL206025,,,,,,,,5.2,,,,,CCCCCN(CCCOC)C(=O)C(CCC(=O)O)NC(=O)c1ccc(Cl)c(Cl)c1
CHEMBL206200,,,,,,,0.2082999999999999,,5.5,19.8,8.918918918918918,,COCCNc1nc(N)c2nc(O)n(Cc3ccccc3)c2n1
CHEMBL206201,,,0.4,,,,,,,,,,O=C(O)CN(C(=O)CCc1ccccc1)c1ccc(C(O)(C(F)(F)F)C(F)(F)F)cc1
CHEMBL206229,,,,,,,,,6.67,24.012,10.592906299629432,,CC(C)Cn1c(=O)n(C)c(=O)c2c(SC(C)C)c(Cc3ccccc3C(F)(F)F)sc21
CHEMBL2062555,,,,,,,0.0487999999999999,,,,,,N#Cc1cnn2c(N)cc(-c3cccs3)nc12
CHEMBL2062556,,,,,,,0.0498999999999999,,,,,,N#Cc1cnn2c(N)cc(-c3ccccc3)nc12
CHEMBL2062557,,,,,,,0.0676000000000001,,,,,,COc1ccc(-c2cc(N)n3ncc(C#N)c3n2)cc1
CHEMBL2062558,,,,,,,0.0544,,,,,,N#Cc1cnn2c(N)cc(-c3ccc(F)cc3)nc12
CHEMBL2062559,,,,,,,0.0159999999999999,,,,,,N#Cc1cnn2c(NC3CC3)cc(-c3cccs3)nc12
CHEMBL2062561,,,,,,,0.0179,,,,,,COc1ccc(-c2cc(Nc3ccn(C)n3)n3ncc(C#N)c3n2)cc1
CHEMBL2062563,,,,,,,0.0139,,,,,,CC(=O)Nc1ccc2ccn(-c3cc(NC4CC4)n4ncc(C#N)c4n3)c2c1
CHEMBL2062564,,,,,,,0.0191,,,,,,CC(=O)Nc1ccc2cnn(-c3cc(NC4CC4)n4ncc(C#N)c4n3)c2c1
CHEMBL2062565,,,,,,,0.0251,,,,,,CC(=O)Nc1cnc2ccn(-c3cc(NC4CC4)n4ncc(C#N)c4n3)c2c1
CHEMBL2062566,,,,,,,0.0251,,,,,,CC(=O)Nc1ccc2c(c1)N(c1cc(NC3CC3)n3ncc(C#N)c3n1)CC2
CHEMBL2062567,,,,,,,0.0751999999999999,,,,,,CC(=O)Nc1ccc2c(c1)N(c1cc(NC3CC3)n3ncc(C#N)c3n1)CCO2
CHEMBL2062568,,,,,,,0.0262,,,,,,CC(=O)Nc1ccc2c(c1)N(c1cc(NC3CC3)n3ncc(C#N)c3n1)CCC2
CHEMBL2062569,,,,,,,0.0209,,,,,,CC(=O)Nc1cc2c(ccn2-c2cc(NC3CC3)n3ncc(C#N)c3n2)cc1C
CHEMBL2062570,,,,42.66,89.99996483826972,,0.0162999999999999,,,,,,CC(=O)Nc1ccc2ccn(-c3cc(Nc4ccn(C)n4)n4ncc(C#N)c4n3)c2c1
CHEMBL2062571,,,,21.88,89.99993144429354,,0.1237999999999999,,,,,,CC(=O)Nc1ccc2ccn(-c3cc(NC4COC4)n4ncc(C#N)c4n3)c2c1
CHEMBL2062572,,,,,,,0.0409,,,,,,CC(=O)Nc1ccc2ccn(-c3cc(NCCCCO)n4ncc(C#N)c4n3)c2c1
CHEMBL2062573,,,,,,,0.1118000000000001,,,,,,CC(=O)Nc1ccc2ccn(-c3cc(NCCN4CCOCC4)n4ncc(C#N)c4n3)c2c1
CHEMBL2062574,,,,,,,0.0555999999999999,,,,,,CC(=O)Nc1ccc2ccn(-c3cc(NCCN4CCCC4)n4ncc(C#N)c4n3)c2c1
CHEMBL2062575,,,,,,,0.1008999999999999,,,,,,CC(=O)Nc1ccc2ccn(-c3cc(NCCCN(C)C)n4ncc(C#N)c4n3)c2c1
CHEMBL2062576,,,,,,,0.0676000000000001,,,,,,CC(=O)Nc1ccc2ccn(-c3cc(NCCCN4CCCC4)n4ncc(C#N)c4n3)c2c1
CHEMBL2062577,,,,,,,0.0251,,,,,,CC(=O)N(C)c1ccc2ccn(-c3cc(NC4CC4)n4ncc(C#N)c4n3)c2c1
CHEMBL2062578,,,,,,,0.0191,,,,,,N#Cc1cnn2c(NC3CC3)cc(-n3ccc4ccc(CO)cc43)nc12
CHEMBL2062579,,,,,,,0.0179,,,,,,CS(=O)(=O)Cc1ccc2ccn(-c3cc(NC4CC4)n4ncc(C#N)c4n3)c2c1
CHEMBL2062580,,,,,,,0.0135999999999999,,,,,,CC(=O)Nc1ccc2c(c1)c(-c1cc(NC3CC3)n3ncc(C#N)c3n1)cn2C
CHEMBL2062582,,,,,,,0.0179,,,,,,CC(=O)Nc1ccc2c(c1)c(-c1cc(NC3CC3)n3ncc(C#N)c3n1)cn2CCO
CHEMBL2062583,,,,12.3,89.99987804894573,,0.0119,,,,,,CC(=O)Nc1ccc2c(c1)c(-c1cc(NC3CC3)n3ncc(C#N)c3n1)cn2CCCO
CHEMBL2062584,,,,,,,0.0159999999999999,,,,,,COC(=O)CCn1cc(-c2cc(NC3CC3)n3ncc(C#N)c3n2)c2cc(NC(C)=O)ccc21
CHEMBL2062774,,,,18.82,89.99988233416744,,0.0013999999999999,,30.2,108.71999999999998,33.890274314214466,,CCOc1noc2cc(OCCC3CCN(c4ccc(C)nn4)CC3)ccc12
CHEMBL206335,,,5.56,,,,,,,,,,CN(C)Cc1nccn1-c1ccc(NC(=O)c2cc(C(F)(F)F)nn2-c2ccc3onc(N)c3c2)c(F)c1
CHEMBL2064327,,,,,,,0.0119,,,,,,Cc1cc(F)ccc1Oc1cccc2c(=O)cc(N3CCOCC3)[nH]c12
CHEMBL206467,,,33.0,,,,,,,,,,COC(=O)N[C@H](C(=O)NN(Cc1ccc(-c2cccnc2)cc1)C[C@@](O)(Cc1ccccc1)C(=O)N[C@H]1c2ccccc2C[C@H]1O)C(C)(C)C
CHEMBL206562,,,32.9,,,,,,,,,,COC(=O)CCCCN(C(=O)N1CCOCC1)c1ccc(C(O)(C(F)(F)F)C(F)(F)F)cc1
CHEMBL206756,,,1.7,,,,,,,,,,O=C(O)CCCCN(C(=O)N1CCOCC1)c1ccc(C(O)(C(F)(F)F)C(F)(F)F)cc1
CHEMBL2068817,,,,,,,0.069,,,,,,COc1ccccc1CN(C(C)=O)c1cnccc1Oc1ccccc1
CHEMBL2069403,,,,,,,0.0418,,,,,,Cc1nn(-c2ccccc2)nc1C(=O)N[C@@H]1COc2cccc(N3CCN(C)CC3)c2C1
CHEMBL2069411,,,,,,,0.0373999999999999,,,,,,O=C(N[C@@H]1COc2cccc(-c3ccc(CO)nc3)c2C1)c1ccc(OCC(F)(F)F)nc1
CHEMBL2069413,,,,,,,0.0409,,,,,,O=C(N[C@@H]1COc2cccc(-c3ccc(CO)nc3)c2C1)c1ccc(OCCOCC(F)(F)F)nc1
CHEMBL2069422,,,,,,,0.0132999999999999,,,,,,COc1ncc(-c2cccc3c2C[C@H](NC(=O)c2ccc(OCCC(F)(F)F)nc2)CO3)cn1
CHEMBL2069423,,,,,,,0.0365999999999999,,,,,,COc1ncc(-c2cccc3c2C[C@H](NC(=O)c2ccc(COCC(F)(F)F)nc2)CO3)cn1
CHEMBL2069623,,,,150.0,89.9999900000011,,0.0476999999999999,,46.77,168.372,43.49798491267955,,Nc1ncnc2c1c(COc1cccc(Cl)c1)nn2C1CCOCC1
CHEMBL2070117,,,,,,,0.0487999999999999,,,,,,COc1cnc(-c2ccccn2)nc1N1CCCCC1
CHEMBL207012,,,12.8,,,,,,,,,,NC(=O)c1sc2ncccc2c1N
CHEMBL2070121,,,,,,,0.3390000000000001,,,,,,COc1cnc(-c2ccccn2)nc1N1CCOCC1
CHEMBL2070125,,,,,,,0.0605999999999999,,,,,,COc1cnc(-c2ccccn2)nc1NC1CCCC1
CHEMBL2070137,,,,24.55,89.99993890024514,,0.0010999999999999,,14.45,52.02,20.178432893716057,,CCS(=O)(=O)c1ccc2[nH]c(-c3cccc(-c4ccccc4)c3)nc2c1
CHEMBL2070241,,,,,,,0.7291000000000001,,,,,,CCCC[C@H](NC(C)=O)C(=O)N[C@H]1CC(=O)NCCCC[C@@H](C(=O)O)NC(=O)[C@H](Cc2c[nH]c3ccccc23)NC(=O)[C@H](CCCNC(=N)N)NC(=O)[C@@H](Cc2ccccc2)NC(=O)[C@H](Cc2c[nH]cn2)NC1=O
CHEMBL207028,,,9.3,,,,,,,,,,NC(=O)c1sc(-c2ccccc2)cc1N
CHEMBL207071,,,19.3,,,,,,,,,,NC(=O)c1sc(-c2ccc(F)cc2)cc1N
CHEMBL2070938,,,,36.31,89.99995868908535,,,,6.92,24.912,10.941672522839072,,N#CC1(NC(=O)[C@@H]2CCCC[C@H]2C(=O)N2CCN(c3nccs3)CC2)CC1
CHEMBL2070942,,,,150.0,89.9999900000011,,,,150.0,539.9999999999999,67.5,,CC(C)(C)c1csc(N2CCN(C(=O)[C@@H]3CCCC[C@H]3C(=O)NC3(C#N)CC3)CC2)n1
CHEMBL2070946,,,,5.25,89.99971428662131,,,,6.76,24.336,10.718816067653275,,N#Cc1cnc(N2CCN(C(=O)[C@@H]3CCCC[C@H]3C(=O)NC3(C#N)CC3)CC2)s1
CHEMBL2070947,,,,3.0,89.99950000277776,,,,,,,,CS(=O)(=O)c1ccc2nc(N3CCN(C(=O)[C@@H]4CCCC[C@H]4C(=O)NC4(C#N)CC4)CC3)sc2c1
CHEMBL2070950,,,,5.755000000000001,89.9997334751344,,,,17.78,64.008,23.608734139864264,,N#CC1(NC(=O)[C@@H]2CCCC[C@H]2C(=O)N2CCN(c3nc4ccncc4s3)CC2)CC1
CHEMBL2070951,,,,3.0,89.99950000277776,,,,,,,,N#CC1(NC(=O)[C@@H]2CCCC[C@H]2C(=O)N2CCN(c3nc4cnccc4s3)CC2)CC1
CHEMBL2071097,,,,3.0,89.99950000277776,,,,,,,,N#CC1(NC(=O)[C@@H]2CCCC[C@H]2C(=O)N2CCN(c3nc4c(s3)COCC4)CC2)CC1
CHEMBL2071491,,,,,,,0.0418,,,,,,CC(C)C(NC(=O)c1ccccc1)C(=O)c1ccc([N+](=O)[O-])cc1
CHEMBL2071493,,,,,,,0.0498999999999999,,,,,,CC(C)C(NC(=O)c1ccccc1)C(=O)c1ccc(F)cc1
CHEMBL2071498,,,,,,,0.0928,,,,,,CC(C)C(NC(=O)c1ccccc1)C(=O)c1ccc(C#N)cc1
CHEMBL2071507,,,,,,,0.0262,,,,,,CC(C)C(NC(=O)c1cc(Cl)ccc1C(F)(F)F)C(=O)c1ccc(C#N)cc1
CHEMBL2071592,,,,,,,0.0059999999999998,,,,,,CC(C)(C)C(NC(=O)c1ccccc1)C(=O)c1ccc(Cl)cc1
CHEMBL2071601,,,,,,,0.0119,,,,,,CC(C)C(NC(=O)c1cc(Cl)ccc1C(F)(F)F)C(=O)c1ccc([N+](=O)[O-])cc1
CHEMBL2071614,,,,4.79,89.99968684868875,,0.072,,3.0,10.8,5.094339622641509,,CC(C)(O)c1ccc(Nc2nc3ccc(C#N)cc3[nH]2)cc1
CHEMBL207197,,,,,,,,2.5,,,,,NCCCC[C@H](NC(=O)[C@@H](Cc1cc(Br)c(O)c(Br)c1)NC(=O)N1CCC(N2Cc3ccccc3NC2=O)CC1)C(=O)N1CCN(c2ccncc2)CC1
CHEMBL207584,,,13.0,,,,,,,,,,COc1cc2ncnc(Nc3cccc(Cl)c3F)c2cc1CN1CCC[C@H]1C(N)=O
CHEMBL207687,,,13.0,,,,,,,,,,COc1cc2ncnc(Nc3cccc(Cl)c3F)c2cc1CN(C)[C@@H](C)C(N)=O
CHEMBL207881,,,599.0,,,,,,,,,,O=C(O)CCc1ccc(NCc2cccc(Oc3ccccc3)c2)cc1
CHEMBL207987,,,6.4,,,,,,,,,,NC(=O)c1nc(-c2ccccc2)oc1N
CHEMBL208114,,,0.2,,,,,,,,,,O=C1CC(c2ccc(C[C@H](NS(=O)(=O)c3ccccc3)c3nc4ccccc4[nH]3)cc2F)S(=O)(=O)[N-]1.[Na+]
CHEMBL208118,,,13.0,,,,,,,,,,COc1cc2ncnc(Nc3cccc(Cl)c3F)c2cc1CN(C)[C@H](C)C(N)=O
CHEMBL208487,,,,,,,,,27.0,97.2,31.55844155844156,,CC(C)Cn1c(=O)n(C)c(=O)c2c(C(=O)N3CC[C@@H](O)C3)c(Cc3ccccc3C(F)(F)F)sc21
CHEMBL208604,,,0.1,,,,,,,,,,O=C1C[C@@H](c2ccc(C[C@H](NS(=O)(=O)c3ccccc3)c3nc4ccccc4[nH]3)cc2Cl)S(=O)(=O)[N-]1.[Na+]
CHEMBL2086472,,,,20.51,89.99973027493778,,,,,,,,C=CC(=O)Nc1ccc(F)cc1
CHEMBL2086477,,,,31.63,89.99995255141894,,,,,,,,C=CC(=O)Nc1ccccc1
CHEMBL2086478,,,,54.24,89.99995630972325,,,,,,,,C=CC(=O)Nc1ccc(C)cc1
CHEMBL2086675,,,,,,,0.0097,,,,,,CC(C)(C)OC(=O)N1CCN(c2ncc(OCc3ccncc3)cn2)CC1
CHEMBL2087361,,,,12.715,89.99975445553301,,,,,,,,C#Cc1cccc(Nc2ncnc3cc4c(cc23)OCCOCCOCCO4)c1
CHEMBL2087421,,,,,,,0.5799000000000001,,,,,,COc1cc(C)c(S(=O)(=O)N(C)CCOCC(=O)N2CCN(C3CCN(C)CC3)CC2)c(C)c1
CHEMBL2087433,,,,,,,0.4827,,,,,,COc1cc(C)c(S(=O)(=O)N(C)CCOCC(=O)N2CCC(C3CCN(C)CC3)CC2)c(C)c1
CHEMBL208825,,,,,,,0.16,,,,,,C[C@@H](CC(=O)OC(C)(C)C)NC(=O)C1=NOC(C(O)(C(F)(F)F)C(F)(F)F)C1
CHEMBL2088393,,,,,,,0.0509999999999999,,,,,,CC(C)(C)Oc1ccc(C(=O)Nc2ccc3sc(CO)nc3c2)cc1
CHEMBL2088413,,,,96.33,89.9999774191354,,0.0293000000000001,,,,,,Cc1ccc(CCNC(=O)c2ccc3sc(CO)nc3c2)cc1
CHEMBL2088414,,,,24.55,89.99993890024514,,0.0069,,,,,,O=S(=O)(Nc1ccc2sc(CO)nc2c1)c1ccc(Br)cc1
CHEMBL2088415,,,,15.49,89.99990316343538,,0.0026999999999999,,,,,,O=S(=O)(Nc1ccc(C(F)(F)F)cc1)c1ccc2sc(CO)nc2c1
CHEMBL2089276,,,,52.48,89.99997141769201,,,,,,,,Cc1ccc(-c2cccc(-c3nn[nH]n3)c2)cc1
CHEMBL2089277,,,,8.13,89.99981549853321,,,,,,,,N#Cc1cccc(-c2cccc(C(=O)O)c2)c1
CHEMBL2089280,,,,19.5,89.99992307698882,,,,,,,,Cc1ccc(-c2cccc([S@]3(=O)=NC(=O)[C@H](C)N3)c2)cc1
CHEMBL2089383,,,,26.69,89.99991245655707,,,,,,,,C=CC(=O)Nc1ccc(OC)cc1
CHEMBL208943,,,,,,,0.0661,,,,,,O=C(c1c2ccccc2cc2ccccc12)N1CCC(N2CCC[C@@H](C(=O)N3CCOCC3)C2)CC1
CHEMBL20921,,,,,,,0.2619,,59.0,212.4,48.71559633027523,,Nc1ccc2nc(SCC(=O)NC3CCN(Cc4ccc(Cl)c(Cl)c4)CC3)sc2c1
CHEMBL2092739,,,,,,,,5.7,,,,,CCC1CN2CCC1CC2[C@@H](O)c1ccnc2ccc(OC)cc12
CHEMBL2094588,,,,,,,0.3390000000000001,,4.0,14.4,6.666666666666665,,O=C(CN1C2=NCCN2c2ccccc21)c1ccc(Cl)cc1
CHEMBL209573,,,,,,,,,,,,4.0,COc1ccc(N2CC=C(c3ccc(Cl)c(Cl)c3)C2=O)cc1OCCN1CCC(C)CC1
CHEMBL209689,,,,,,,0.0048999999999999,,5.0,18.0,8.181818181818182,,Cc1ccc2c(c1)c(-c1ccnc3c(C)cccc13)c(C)n2CC(=O)O
CHEMBL2097971,,,,150.0,89.9999900000011,,,,138.04,496.944,66.06892150606254,,COc1ccc2nc(C)cc(OCC(=O)Nc3ccccc3OC)c2c1
CHEMBL2098096,,,,51.29,89.99997075454255,,,,125.89,453.20400000000006,64.41582807436467,,Cc1cc(OCC(=O)NCc2ccccc2)c2cc(Br)ccc2n1
CHEMBL2098183,,,,120.23,89.99998752391423,,0.0098999999999999,,150.0,539.9999999999999,67.5,,COc1ccc2nc(C)cc(OCC(=O)NCc3ccccc3)c2c1
CHEMBL2098332,,,,150.0,89.9999900000011,,,,123.03,442.908,63.99294919956077,,Cc1cc(OCC(=O)Nc2ccccc2)c2cc(Br)ccc2n1
CHEMBL209918,,,1.0,,,,,,,,,,O=[N+]([O-])c1ccccc1-c1nc2ccccc2[nH]1
CHEMBL2103764,,,,,,,,2.1,,,,,CO/N=C(\C(=O)N[C@@H]1C(=O)N2C(C(=O)O)=C(C)CS[C@H]12)c1csc(N)n1
CHEMBL2103780,,,,,,,,8.6,,,,,CCN1C[C@H]2CN(C)C[C@H](C1)C2OC(=O)c1ccc(Cl)cc1
CHEMBL2103828,,,,,,,0.0041999999999999,,,,,,CNc1cc2[nH]c(=O)n(-c3ccc(NC(=O)NS(=O)(=O)c4ccc(Cl)s4)cc3)c(=O)c2cc1F
CHEMBL2103840,,,,150.0,89.9999900000011,,0.0988,,150.0,539.9999999999999,67.5,,CCc1cnn2c(NCc3ccc[n+]([O-])c3)cc(N3CCCC[C@H]3CCO)nc12
CHEMBL2103846,,,,150.0,89.9999900000011,,0.0048999999999999,,,,,,CC(=O)[C@@]1(O)CC[C@H]2[C@@H]3CCC4=CC(=O)CCC4=C3[C@@H](c3ccc(N(C)C)cc3)C[C@@]21C
CHEMBL2103856,,,,,,,0.0020999999999999,,,,,,CCOc1cc2c(c(F)c1OCC)C(=N)N(CC(=O)c1cc(N3CCOCC3)c(OC)c(C(C)(C)C)c1)C2
CHEMBL2103875,,,,,,,0.0095,,,,,,CC(=O)Nc1cccc(-n2c(=O)n(C3CC3)c(=O)c3c(Nc4ccc(I)cc4F)n(C)c(=O)c(C)c32)c1
CHEMBL2103876,,,,50.12,89.99997007183757,,,,150.0,539.9999999999999,67.5,,Cc1ccc2c(NC[C@](O)(CC(C)(C)c3cc(F)cc4c3OCC4)C(F)(F)F)cccc2n1
CHEMBL2105659,,,,50.12,89.99997007183757,,,,,,,,CCc1c(C(=O)C(N)=O)c2c(OCC(=O)OC)cccc2n1Cc1ccccc1
CHEMBL2105717,,,,4.96,89.99965171300761,,,,,,,,COc1cc2nccc(Oc3ccc(NC(=O)C4(C(=O)Nc5ccc(F)cc5)CC4)cc3)c2cc1OC
CHEMBL210597,,,0.21,,,,,,,,,,O=C(O)[C@@H]1CCCN1S(=O)(=O)c1cc(Cl)c(Cl)c(Cl)c1O
CHEMBL210730,,,,150.0,89.9999900000011,,,,64.0,230.4,50.52631578947368,,O=C(Nc1nc2ccccc2[nH]1)c1ccccc1
CHEMBL2107366,,,,25.7,89.9999416342791,,0.1695999999999999,,24.55,88.38000000000001,29.637826961770628,,Cc1cccc([C@H](C)c2c[nH]c(=S)[nH]2)c1C
CHEMBL2107486,,,,150.0,89.9999900000011,,,,150.0,539.9999999999999,67.5,,C[C@@H](O)[C@H]1C(=O)N2C(C(=O)OCOC(=O)C(C)(C)C)=C(SC3CN(C4=NCCS4)C3)[C@H](C)[C@H]12
CHEMBL2107729,,,,,,,,,3.0,10.8,5.094339622641509,,O=C(Nc1ccc(S(=O)(=O)N2CCOCC2)cc1)c1cc(Cl)ccc1NS(=O)(=O)c1ccc(Cl)s1
CHEMBL2107834,,,,,,,0.0854,,,,,,COC(=O)N(C)c1c(N)nc(-c2nn(Cc3ccccc3F)c3ncccc23)nc1N
CHEMBL210836,,,0.4,,,,,,,,,,O=C1C[C@@H](c2ccc(C[C@H](NS(=O)(=O)c3ccccc3)c3nc4ccccc4[nH]3)cc2)S(=O)(=O)[N-]1.[Na+]
CHEMBL210884,,,,,,,0.1051,,3.0,10.8,5.094339622641509,,COCCOc1nc(N)c2[nH]c(=O)n(Cc3ccccc3)c2n1
CHEMBL210887,,,,85.11,89.99998237575248,,0.0801,,112.2,403.92,62.25647348951911,,O=C(Nc1nc2ccccc2n1CCCO)c1cccc([N+](=O)[O-])c1
CHEMBL210952,,,,,,,,4.7,,,,,CC(=O)[C@H]1CC[C@H]2[C@@H]3CC[C@@H]4C[C@H](O)CC[C@]4(C)[C@H]3CC[C@]12C
CHEMBL2110372,,,1.2,,,,,,,,,,CNC(=C[N+](=O)[O-])NCCSCc1ccc(CN(C)C)o1.Cl
CHEMBL2110569,,,,,,,0.2007999999999999,,,,,,
CHEMBL2110579,,,,8.91,89.99983165014655,,,,,,,,CN(C)N(C)C(=O)[C@@]1(Cc2ccccc2)CCCN(C(=O)[C@@H](Cc2c[nH]c3ccccc23)NC(=O)C(C)(C)N)C1
CHEMBL2110732,,,,6.385,89.99967323591082,,0.0179,,,,,,COc1cc2ncnc(Nc3ccc(F)c(Cl)c3)c2cc1NC(=O)/C=C/CN1CCCCC1
CHEMBL2111112,,,,6.46,89.99976780245665,,0.6294,,,,,,COc1ccc(CCO[C@@H]2CCCC[C@H]2N2CC[C@@H](O)C2)cc1OC
CHEMBL211175,,,,,,,,,18.0,64.80000000000001,23.82352941176471,,CCN(C(=O)Cc1ccc(S(C)(=O)=O)cc1)C1CCN(CC[C@H](c2ccc(S(C)(=O)=O)cc2)c2cc(F)c(F)c(F)c2)CC1
CHEMBL211177,,,,,,,0.1795,,,,,,C[C@@H](CC(=O)OC(C)(C)C)NC(=O)C1=NO[C@@H](C(O)(C(F)(F)F)C(F)(F)F)C1
CHEMBL211262,,,0.015,,,,,,,,,,COC(=O)N(C)CSc1[nH]cnc2ncnc1-2
CHEMBL2113096,,,,,,,0.0437,,,,,,Cc1nccn1-c1sc(Nc2cnccn2)nc1-c1cccc(C#N)c1
CHEMBL211352,,,0.1,,,,,,,,,,Cc1cc(C[C@H](NS(=O)(=O)c2ccccc2C#N)c2nc3ccccc3[nH]2)ccc1[C@@H]1CC(=O)[N-]S1(=O)=O.[Na+]
CHEMBL211631,,,,,,,0.0179,,5.0,18.0,8.181818181818182,,COc1cccc2c(-c3c(C)n(CC(=O)O)c4ccc(C)cc34)ccnc12
CHEMBL211655,,,0.1,,,,,,,,,,CC(=O)N[C@@H](Cc1ccccc1)C(=O)N[C@@H](Cc1ccc([C@@H]2CC(=O)NS2(=O)=O)cc1)c1nc2ccccc2[nH]1
CHEMBL211677,,,,,,,0.004,,3.0,10.8,5.094339622641509,,Cc1ccc2c(c1)c(-c1cc(C)nc3ccccc13)c(C)n2CC(=O)O
CHEMBL211866,,,,,,,,,4.0,14.4,6.666666666666665,,CCN(C(=O)Cc1ccc(S(C)(=O)=O)cc1)C1CCN(CC[C@@H](c2ccccc2)c2ccc(S(C)(=O)=O)cc2)CC1
CHEMBL212258,,,1.11,,,,,,,,,,COC(=O)N(C)COc1ccc(NC(C)=O)cc1
CHEMBL212319,,,0.1,,,,,,,,,,O=C1CC(c2ccc(C[C@H](NS(=O)(=O)c3ccccc3)c3nc4ccccc4[nH]3)cc2Br)S(=O)(=O)[N-]1.[Na+]
CHEMBL212432,,,,,,,0.2487999999999999,,,,,,N/C(=N\C(=O)c1nc(Cl)c(N)nc1N)NCCCCc1ccc(OCC(O)CO)cc1
CHEMBL212521,,,,91.0,89.99998351648654,,0.0801,,28.67,103.21200000000002,32.79903393923987,,CC[C@H](N)C(=O)N[C@H](C#N)Cc1ccc(-c2ccccc2)cc1
CHEMBL212689,,,,5.79,89.99974093338821,,,,,,,,CCN(C(=O)Cc1ccc(S(C)(=O)=O)cc1)C1CCN(CC[C@H](c2ccc(S(C)(=O)=O)cc2)c2cc(F)cc(F)c2)CC1
CHEMBL212731,,,,,,,,,3.0,10.8,5.094339622641509,,CCN(C(=O)Cc1ccc(S(C)(=O)=O)cc1)C1CCN(CC[C@H](c2ccc(S(C)(=O)=O)cc2)c2cccc(F)c2)CC1
CHEMBL212766,,,41.0,,,,,,,,,,CC(=O)N[C@H](Cc1ccccc1)C(=O)N1C[C@H](OCc2ccc3ccccc3c2)C[C@@H]1CCCN=C(N)N
CHEMBL212777,,,,,,,0.0018,,4.0,14.4,6.666666666666665,,Cc1ccc2c(c1)c(-c1ccnc3cc(Cl)ccc13)c(C)n2CC(=O)O
CHEMBL213029,,,,,,,0.0098999999999999,,3.0,10.8,5.094339622641509,,COc1ccc2c(c1)c(CC(=O)O)c(C)n2-c1ccnc2cc(Cl)ccc12
CHEMBL213100,,,,35.48,89.9999577226805,,0.0017,,27.54,99.144,31.96543719370647,,COc1ccc(N(C(=O)Oc2c(C)cccc2C)c2ccnc(Nc3ccc(N4CCN(C)CC4)cc3)n2)c(OC)c1
CHEMBL2132954,,,,10.47,89.99985673375241,,,,,,,,O=C1NC(=O)C(=CC=Cc2ccccc2)S1
CHEMBL213494,,,,,,,0.0605999999999999,,3.0,10.8,5.094339622641509,,Cc1ccc2c(c1)c(-c1ccnc3c(S(C)(=O)=O)cccc13)c(C)n2CC(=O)O
CHEMBL213495,,,,,,,0.0170999999999998,,3.0,10.8,5.094339622641509,,Cc1ccc2c(c1)c(-c1ccnc3c(C#N)cccc13)c(C)n2CC(=O)O
CHEMBL213556,,,,,,,0.1934999999999999,,,,,,CC(CC(=O)OC(C)(C)C)NC(=O)C1=NOC(C(O)(C(F)(F)F)C(F)(F)F)C1
CHEMBL213566,,,0.2,,,,,,,,,,CNC(=O)[C@H](Cc1ccc2ccccc2c1)N1CCN(C(=O)[C@H](N)Cc2ccc(F)cc2)[C@@H](CCNC(=N)N)C1=O
CHEMBL2137046,,,,56.23,89.99997332385638,,,,,,,,CCC(=C(c1ccc(O)cc1)c1ccc(OCCN(C)C)cc1)c1ccccc1
CHEMBL2137199,,,,10.505,89.9998529167157,,,,48.98,176.328,44.53626995352597,,OC(c1ccc(-c2ccc(CN3CCN(Cc4ccncc4)CC3)cc2)c(F)c1)(C(F)(F)F)C(F)(F)F
CHEMBL213854,,,,,,,0.009,,3.0,10.8,5.094339622641509,,Cc1ccc2c(c1)c(-c1ccnc3c(F)cccc13)c(C)n2CC(=O)O
CHEMBL213987,,,,,,,,,,,,10.7,COc1ccc(N2CC=C(c3ccc(Cl)c(Cl)c3)C2=O)cc1OCCN1CCCCC1
CHEMBL2139925,,,,150.0,89.9999900000011,,0.0034999999999999,,150.0,539.9999999999999,67.5,,CCc1nc2ccc(C(=O)NCc3ccc4c(c3)OCO4)cn2c1N(C)Cc1cccs1
CHEMBL2141746,,,,28.975,89.99973635262141,,0.3493999999999999,,12.59,45.324,18.103530915481706,,CCCNC(=O)CSc1ccc(S(=O)(=O)N2CCCC2)cn1
CHEMBL214304,,,,,,,0.0036,,3.0,10.8,5.094339622641509,,Cc1ccc2c(c1)c(-c1ccnc3cc(C(F)(F)F)ccc13)c(C)n2CC(=O)O
CHEMBL214350,,,,,,,0.0037999999999999,,5.6,20.16,9.06474820143885,,Cc1ccc2c(c1)c(-c1ccnc3c(C(F)(F)F)cccc13)c(C)n2CC(=O)O
CHEMBL2144069,,,,,,,0.0039,,,,,,Cc1ccc(NC(=O)c2cccc(C(C)(C)C#N)c2)cc1Nc1ccc2ncn(C)c(=O)c2c1
CHEMBL2144205,,,,,,,0.4484,,,,,,COc1cc2nc(-c3ccc(N4CCN(C)CC4)cc3)nc(NCCN3CCOCC3)c2cc1OC
CHEMBL214629,,,12.65,,,,,,,,,,CCN(CC)Cc1ccc2c(c1)CC[C@H](N1CCN(CCc3ccc(F)cc3)CC1=O)C2
CHEMBL2147032,,,,49.125,89.99990934863456,,,,56.23,202.428,47.63908500423609,,O=C1COC2(CCN(S(=O)(=O)c3ccc(-c4ccc5cccnc5c4)cc3)CC2)CN1C1CC1
CHEMBL2147033,,,,150.0,89.9999900000011,,0.0018,,114.82,413.3519999999999,62.69748816891154,,O=C1COC2(CCN(S(=O)(=O)c3ccc(-c4ccc5cnccc5c4)cc3)CC2)CN1C1CC1
CHEMBL2147221,,,,,,,0.005,,,,,,COc1ncc(-c2cccc(C)c2CCNC(=O)c2ccc(OCCC(F)(F)F)nc2)cn1
CHEMBL2147222,,,,,,,0.005,,,,,,COc1ncc(-c2cccc(F)c2CCNC(=O)c2ccc(OCCC(F)(F)F)nc2)cn1
CHEMBL2147226,,,,,,,0.1189,,,,,,COc1ncc(-c2cccc(C#N)c2CCNC(=O)c2ccc(OCCC(F)(F)F)nc2)cn1
CHEMBL2147303,,,,,,,0.0098999999999999,,,,,,COc1ncc(-c2ccccc2C(F)(F)CNC(=O)c2ccc(COCC(F)(F)F)nc2)cn1
CHEMBL2147306,,,,,,,0.002,,,,,,COc1ncc(-c2c(C)ccc(F)c2CCNC(=O)c2ccc(OCC(F)(F)F)nc2)cn1
CHEMBL2147307,,,,,,,0.024,,,,,,COc1cnc(-c2c(C)ccc(F)c2CCNC(=O)c2ccc(COCC(F)(F)F)nc2)cn1
CHEMBL2147309,,,,,,,0.0801,,,,,,Cc1cnc(-c2c(F)ccc(F)c2CCNC(=O)c2ccc(COCC(F)(F)F)nc2)cn1
CHEMBL2147316,,,,,,,0.0069,,,,,,COc1cnc(-c2ccccc2C(F)(F)CNC(=O)c2ccc(COCC(F)(F)F)nc2)cn1
CHEMBL2147317,,,,,,,0.0328,,,,,,COc1cnc(-c2cccc(F)c2C(F)(F)CNC(=O)c2ccc(COCC(F)(F)F)nc2)cn1
CHEMBL2147474,,,,16.34,89.99989049774959,,0.0020999999999999,,,,,,COc1cc(-n2cnc3cc(-c4ccc(Cl)cc4)sc3c2=O)ccc1OC[C@H](O)C1CC1
CHEMBL2147475,,,,12.3,89.99987804894573,,0.0060999999999999,,3.0,10.8,5.094339622641509,,COc1cc(-n2cnc3cc(-c4ccc(Cl)cc4)sc3c2=O)ccc1OC[C@H](OP(=O)(O)O)C1CC1
CHEMBL2147569,,,,52.48,89.99997141769201,,0.0320999999999999,,104.71,376.956,60.91332169866201,,C[C@]12Cc3cnn(-c4ccc(F)cc4)c3C=C1CC[C@@]2(O)CCc1ccc(F)cc1C(N)=O
CHEMBL214957,,,,,,,0.0139,,,,,,COc1cc(-n2cnc3cc(-c4ccc(Cl)cc4)sc3c2=O)ccc1OCCN1CCCC1
CHEMBL2151138,,,,,,,0.0836,,,,,,CN1C(=N)N[C@](C)(c2cc(-c3cccc(C#N)c3)cs2)CC1=O
CHEMBL2151141,,,,,,,0.1189,,,,,,CC#Cc1cncc(-c2csc([C@]3(C)CC(=O)N(C)C(=N)N3)c2)c1
CHEMBL2151176,,,,,,,0.0098999999999999,,,,,,COc1cc(Nc2nc3c(c(COC4CCCC4)n2)COCC3)ccc1-n1cnc(C)c1
CHEMBL2151177,,,,,,,0.0191,,,,,,COc1cc(Nc2nc3c(c(Cc4ccccc4)n2)CN(CCO)CC3)ccc1-n1cnc(C)c1
CHEMBL2151319,,,,,,,0.2120999999999999,,,,,,C[C@H](Nc1ccc2ncn(-c3cc(C4CC4)[nH]n3)c2n1)c1ncc(F)cn1
CHEMBL2151320,,,,,,,0.3869,,,,,,Cc1cc(-n2cnc3ccc(N[C@@H](C)c4ncc(F)cn4)nc32)n[nH]1
CHEMBL2151321,,,,,,,0.0581,,150.0,539.9999999999999,67.5,,CC(C)Oc1cc(-n2cnc3ccc(N[C@@H](C)c4ccc(F)cn4)nc32)n[nH]1
CHEMBL2151322,,,,,,,0.0818000000000001,,,,,,CC(C)Oc1cc(-n2cnc3ccc(N[C@@H](CO)c4ccc(F)cn4)nc32)n[nH]1
CHEMBL2151323,,,,,,,0.3087999999999999,,,,,,CC(C)Oc1cc(-n2cnc3cnc(N[C@@H](C)c4ncc(F)cn4)nc32)n[nH]1
CHEMBL2151324,,,,,,,0.0509999999999999,,,,,,CC(C)Oc1cc(Nc2nc3c(cc2F)ncn3[C@@H](CO)c2ccc(F)cn2)n[nH]1
CHEMBL2151325,,,,30.2,89.99995033115324,,0.1315,,,,,,CCOc1cc(Nc2nc3c(cc2F)ncn3[C@@H](CO)c2ccc(F)cn2)n[nH]1
CHEMBL2151326,,,,27.54,89.99994553380202,,0.2158999999999999,,7.24,26.064,11.38364779874214,,COc1cc(Nc2nc3c(cc2F)ncn3[C@@H](CO)c2ccc(F)cn2)n[nH]1
CHEMBL2152252,,,,19.95,89.99992481209289,,,,51.29,184.644,45.57310692072267,,CNC(=O)c1nc(-c2ccc(Cl)c(S(=O)(=O)Nc3cccc(F)c3F)c2)cnc1N
CHEMBL2152522,,,,,,,0.0988,,,,,,c1ccc([C@@H]([C@H](c2ccccc2)N2CCCCC2)N2CCCCC2)cc1
CHEMBL2152523,,,,12.02,89.99987520815972,,0.0605999999999999,,13.8,49.68,19.46708463949843,,c1ccc([C@H]([C@@H](c2ccccc2)N2CCCCC2)N2CCCCC2)cc1
CHEMBL2152524,,,,,,,0.1695999999999999,,,,,,c1ccc([C@@H]([C@H](c2ccccc2)N2CCCC2)N2CCCC2)cc1
CHEMBL2152525,,,,,,,0.1695999999999999,,,,,,c1ccc([C@H]([C@@H](c2ccccc2)N2CCCC2)N2CCCC2)cc1
CHEMBL2152903,,,,,,,0.0108,,,,,,CC#Cc1cncc(-c2cccc([C@@]3(c4cc(C)c(=O)n(CC)c4)N=C(N)c4c(F)cccc43)c2)c1
CHEMBL2152914,,,,,,,0.0801,,,,,,CC#Cc1cncc(-c2ccc3c(c2)C2(N=C(C)C(N)=N2)[C@]2(CC[C@H](OC)CC2)C3)c1
CHEMBL2152915,,,,12.59,89.9998808579814,,0.0209,,,,,,CO[C@H]1CC[C@]2(CC1)Cc1ccc(-c3cc(Cl)cc(C#N)c3)cc1C21N=C(C)C(N)=N1
CHEMBL2152917,,,,7.24,89.9997928181565,,0.2007999999999999,,,,,,CO[C@H]1CC[C@]2(CC1)Cc1ccc(OCC(C)C)cc1C21N=C(C)C(N)=N1
CHEMBL2152918,,,,,,,0.1395,,,,,,CO[C@H]1CC[C@]2(CC1)Cc1ccc(-c3cncc(Br)c3)cc1C21N=C(C)C(N)=N1
CHEMBL2152920,,,,,,,0.0383,,,,,,CCC#Cc1cncc(-c2ccc3c(c2)C2(N=C(C)C(N)=N2)[C@]2(CC[C@H](OC)CC2)C3)c1
CHEMBL215295,,,,,,,0.5402,,,,,,N=C(N)c1ccc(CNC(=O)C2(NC(=O)[C@H](NCC(=O)O)C3CCCCC3)Cc3ccccc3C2)cc1
CHEMBL2153435,,,,6.31,89.9997622827198,,0.069,,11.48,41.328,16.805465191932335,,CCNC(=O)C[C@H]1N=C(c2ccc(Cl)cc2)c2cc(OC)ccc2-n2c(C)nnc21
CHEMBL2153439,,,,60.26,89.9999751078728,,,,,,,,Cc1cccc(-c2ccc(CNC(=O)CCCc3ccc4cccnc4n3)cc2)c1
CHEMBL2153581,,,,19.95,89.99992481209289,,0.0009,,,,,,O=C(CCCc1ccc2cccnc2n1)NCc1cc(-c2ccc(F)c(C(F)(F)F)c2)no1
CHEMBL2153595,,,,24.55,89.99993890024514,,0.0008,,,,,,FC(F)(F)Oc1ccc(-c2nnc(CCCCc3ccc4cccnc4n3)o2)cc1Cl
CHEMBL2158051,,,,16.98,89.9999116608641,,0.2531,,,,,,CN[C@@H](C)C(=O)N[C@H]1CN(C(=O)CC(C)C)CC[C@H]2CC[C@@H](C(=O)NC(c3ccccc3)c3ccccc3)N2C1=O
CHEMBL2158390,,,,,,,0.2663999999999999,,,,,,O=c1cc(N2CCOCC2)nc(NCc2ccccc2)[nH]1
CHEMBL2158436,,,,,,,0.0320999999999999,,,,,,O=c1cc(N2CCOCC2)nc(NCc2cccc3ccccc23)[nH]1
CHEMBL2158437,,,,,,,0.0209,,,,,,O=c1cc(N2CCOCC2)nc(NCc2cccc(Cl)c2Cl)[nH]1
CHEMBL2158438,,,,,,,0.0705,,,,,,O=c1cc(N2CCOCC2)nc(NCc2cccc(Cl)c2)[nH]1
CHEMBL2158441,,,,,,,0.04,,,,,,O=c1cc(N2CCOCC2)nc(NCc2c(Cl)cccc2Cl)[nH]1
CHEMBL2158769,,,,,,,0.0908999999999999,,6.0,21.6,9.642857142857142,,N#Cc1ccccc1C[C@@H](C(=O)O)N1CCC(CN2CCC(Oc3ccc(Cl)c(Cl)c3)CC2)CC1
CHEMBL2158770,,,,,,,,,3.0,10.8,5.094339622641509,,N#Cc1cccc(C[C@@H](C(=O)O)N2CCC(CN3CCC(Oc4ccc(Cl)c(Cl)c4)CC3)CC2)c1
CHEMBL2158771,,,,3.0,89.99950000277776,,0.0520999999999999,,3.0,10.8,5.094339622641509,,N#Cc1ccc(C[C@@H](C(=O)O)N2CCC(CN3CCC(Oc4ccc(Cl)c(Cl)c4)CC3)CC2)cc1
CHEMBL2158772,,,,,,,0.0836,,3.0,10.8,5.094339622641509,,Cc1ccccc1C[C@@H](C(=O)O)N1CCC(CN2CCC(Oc3ccc(Cl)c(Cl)c3)CC2)CC1
CHEMBL2158773,,,,3.0,89.99950000277776,,,,3.0,10.8,5.094339622641509,,Cc1cccc(C[C@@H](C(=O)O)N2CCC(CN3CCC(Oc4ccc(Cl)c(Cl)c4)CC3)CC2)c1
CHEMBL2158774,,,,3.0,89.99950000277776,,,,14.0,50.4,19.6875,,Cc1ccc(C[C@@H](C(=O)O)N2CCC(CN3CCC(Oc4ccc(Cl)c(Cl)c4)CC3)CC2)cc1
CHEMBL2158775,,,,,,,,,8.0,28.8,12.413793103448272,,COc1ccccc1C[C@@H](C(=O)O)N1CCC(CN2CCC(Oc3ccc(Cl)c(Cl)c3)CC2)CC1
CHEMBL2158778,,,,3.0,89.99950000277776,,,,3.0,10.8,5.094339622641509,,O=C(O)[C@H](Cc1ccc(F)cc1)N1CCC(CN2CCC(Oc3ccc(Cl)cc3)CC2)CC1
CHEMBL2158779,,,,3.0,89.99950000277776,,,,3.0,10.8,5.094339622641509,,O=C(O)[C@H](Cc1ccc(F)cc1)N1CCC(CN2CCC(Oc3ccc(Cl)cc3Cl)CC2)CC1
CHEMBL2158780,,,,3.0,89.99950000277776,,,,3.0,10.8,5.094339622641509,,Cc1cc(Cl)ccc1OC1CCN(CC2CCN([C@@H](Cc3ccc(F)cc3)C(=O)O)CC2)CC1
CHEMBL2158781,,,,3.0,89.99950000277776,,,,3.0,10.8,5.094339622641509,,Cc1cc(F)ccc1OC1CCN(CC2CCN([C@@H](Cc3ccc(F)cc3)C(=O)O)CC2)CC1
CHEMBL2158782,,,,3.87,89.99961240477,,,,3.0,10.8,5.094339622641509,,Cc1cc(OC2CCN(CC3CCN([C@@H](Cc4ccc(F)cc4)C(=O)O)CC3)CC2)ccc1Cl
CHEMBL2158783,,,,13.78,89.99989114672091,,0.0373999999999999,,3.0,10.8,5.094339622641509,,Cc1c(Cl)ccc(OC2CCN(CC3CCN([C@@H](Cc4ccc(F)cc4)C(=O)O)CC3)CC2)c1Cl
CHEMBL2158785,,,,3.0,89.99950000277776,,0.0594,,5.5,19.8,8.918918918918918,,Cc1c(OC2CCN(CC3CCN([C@@H](Cc4ccc(F)cc4)C(=O)O)CC3)CC2)ccc(C#N)c1Cl
CHEMBL2158790,,,,3.0,89.99950000277776,,0.0320999999999999,,3.0,10.8,5.094339622641509,,Cc1c(OC2CCN(CC3CCN([C@@](C)(Cc4ccc(F)cc4)C(=O)O)CC3)CC2)ccc(Cl)c1Cl
CHEMBL2158792,,,,3.0,89.99950000277776,,0.2120999999999999,,3.0,10.8,5.094339622641509,,Cc1cc(OC2CCN(CC3CCN([C@@](C)(Cc4ccc(F)cc4)C(=O)O)CC3)CC2)ccc1Cl
CHEMBL2158793,,,,6.815,89.99967944646659,,0.4655,,3.0,10.8,5.094339622641509,,Cc1cc(F)ccc1OC1CCN(CC2CCN([C@@](C)(Cc3ccc(F)cc3)C(=O)O)CC2)CC1
CHEMBL2158815,,,,,,,,,6.0,21.6,9.642857142857142,,O=C(O)C(c1ccccc1)N1CCC(N2CCC(Oc3ccc(Cl)c(Cl)c3)CC2)CC1
CHEMBL2158816,,,,,,,,,3.0,10.8,5.094339622641509,,O=C(O)C(c1ccccc1)N1CCCC(CN2CCC(Oc3ccc(Cl)c(Cl)c3)CC2)C1
CHEMBL2158817,,,,,,,,,3.0,10.8,5.094339622641509,,O=C(O)C(c1ccccc1)N1CCO[C@@H](CN2CCC(Oc3ccc(Cl)c(Cl)c3)CC2)C1
CHEMBL2158818,,,,,,,0.0063999999999999,,,,,,O=C(O)C(c1ccccc1)N1CCO[C@H](CN2CCC(Oc3ccc(Cl)c(Cl)c3)CC2)C1
CHEMBL2158819,,,,,,,0.0854,,3.0,10.8,5.094339622641509,,O=C(O)C(c1ccccc1)N1CCC(CN2CCC(Oc3ccc(Cl)c(Cl)c3)CC2)CC1
CHEMBL2158821,,,,,,,0.1663,,3.0,10.8,5.094339622641509,,O=C(O)[C@@H](c1ccccc1)N1CCC(CN2CCC(Oc3ccc(Cl)c(Cl)c3)CC2)CC1
CHEMBL2158822,,,,,,,0.1795,,8.0,28.8,12.413793103448272,,O=C(O)c1ccccc1N1CCC(CN2CCC(Oc3ccc(Cl)c(Cl)c3)CC2)CC1
CHEMBL2158823,,,,,,,,,6.0,21.6,9.642857142857142,,O=C(O)c1cccc(N2CCC(CN3CCC(Oc4ccc(Cl)c(Cl)c4)CC3)CC2)c1
CHEMBL2158824,,,,,,,,,3.0,10.8,5.094339622641509,,O=C(O)c1ccc(N2CCC(CN3CCC(Oc4ccc(Cl)c(Cl)c4)CC3)CC2)cc1
CHEMBL2158825,,,,3.0,89.99950000277776,,0.0059999999999998,,3.0,10.8,5.094339622641509,,O=C(O)Cc1ccccc1N1CCC(CN2CCC(Oc3ccc(Cl)c(Cl)c3)CC2)CC1
CHEMBL2158826,,,,3.0,89.99950000277776,,0.0328,,3.0,10.8,5.094339622641509,,O=C(O)Cc1cccc(N2CCC(CN3CCC(Oc4ccc(Cl)c(Cl)c4)CC3)CC2)c1
CHEMBL2158827,,,,9.0,89.99983333364197,,0.02,,3.0,10.8,5.094339622641509,,O=C(O)Cc1ccc(N2CCC(CN3CCC(Oc4ccc(Cl)c(Cl)c4)CC3)CC2)cc1
CHEMBL2158828,,,,3.0,89.99950000277776,,0.0113999999999999,,8.5,30.6,13.076923076923077,,O=C(O)COc1ccccc1N1CCC(CN2CCC(Oc3ccc(Cl)c(Cl)c3)CC2)CC1
CHEMBL2158829,,,,3.0,89.99950000277776,,0.0268,,12.0,43.2,17.419354838709676,,O=C(O)COc1cccc(N2CCC(CN3CCC(Oc4ccc(Cl)c(Cl)c4)CC3)CC2)c1
CHEMBL2158831,,,,,,,0.299,,3.0,10.8,5.094339622641509,,O=C(O)c1ccccc1CN1CCC(CN2CCC(Oc3ccc(Cl)c(Cl)c3)CC2)CC1
CHEMBL2158832,,,,,,,,,3.0,10.8,5.094339622641509,,O=C(O)c1cccc(CN2CCC(CN3CCC(Oc4ccc(Cl)c(Cl)c4)CC3)CC2)c1
CHEMBL2158833,,,,,,,,,3.0,10.8,5.094339622641509,,O=C(O)c1ccc(CN2CCC(CN3CCC(Oc4ccc(Cl)c(Cl)c4)CC3)CC2)cc1
CHEMBL2158834,,,,,,,,,4.0,14.4,6.666666666666665,,O=C(O)c1cccnc1N1CCC(CN2CCC(Oc3ccc(Cl)c(Cl)c3)CC2)CC1
CHEMBL2158835,,,,,,,,,3.0,10.8,5.094339622641509,,O=C(O)[C@H](Cc1ccccc1)N1CCC(CN2CCC(Oc3ccc(Cl)c(Cl)c3)CC2)CC1
CHEMBL2158836,,,,,,,0.3137000000000001,,3.0,10.8,5.094339622641509,,O=C(O)[C@@H](Cc1ccccc1)N1CCC(CN2CCC(Oc3ccc(Cl)c(Cl)c3)CC2)CC1
CHEMBL2158838,,,,,,,,,3.0,10.8,5.094339622641509,,O=C(O)[C@H](Cc1ccc(Cl)cc1)N1CCC(CN2CCC(Oc3ccc(Cl)c(Cl)c3)CC2)CC1
CHEMBL2158839,,,,3.0,89.99950000277776,,0.1140999999999999,,4.0,14.4,6.666666666666665,,O=C(O)[C@H](Cc1ccccc1F)N1CCC(CN2CCC(Oc3ccc(Cl)c(Cl)c3)CC2)CC1
CHEMBL2158840,,,,,,,,,8.0,28.8,12.413793103448272,,O=C(O)[C@H](Cc1cccc(F)c1)N1CCC(CN2CCC(Oc3ccc(Cl)c(Cl)c3)CC2)CC1
CHEMBL2158841,,,,,,,0.1140999999999999,,,,,,O=C(O)[C@H](Cc1ccc(F)cc1)N1CCC(CN2CCC(Oc3ccc(Cl)c(Cl)c3)CC2)CC1
CHEMBL2163360,,,,3.0,89.99950000277776,,,,7.0,25.2,11.05263157894737,,N#CC1(NC(=O)[C@@H]2CCCC[C@H]2C(=O)N2CCc3[nH]c4ncccc4c3C2)CC1
CHEMBL216389,,,15.1,,,,,,,,,,CN1CCCCC1c1nc(C(=O)NCc2ccc(F)cc2)c(O)c(=O)n1C
CHEMBL2164042,,,,,,,0.0446999999999999,,,,,,O=C(NCc1cccc(OC(F)(F)F)c1)C1c2ccccc2C(=O)N1CCc1ncc(F)cn1
CHEMBL2164043,,,,,,,0.0320999999999999,,,,,,O=C(NCc1ccc(F)c(OC(F)(F)F)c1)C1c2ccccc2C(=O)N1CCc1ncc(F)cn1
CHEMBL2164044,,,,,,,0.0476999999999999,,,,,,O=C(NCc1ccc(F)c(C(F)(F)F)c1)C1c2ccccc2C(=O)N1CCc1ncc(F)cn1
CHEMBL2164045,,,,,,,0.0179,,,,,,O=C(NCc1ccc(OC(F)(F)F)cc1)C1c2cccc(O)c2C(=O)N1CCc1ncc(F)cn1
CHEMBL2164360,,,,,,,0.0110999999999999,,,,,,CC(Cc1ccccn1)N1C(=O)c2ccccc2C1C(=O)NCc1ccc(OC(F)(F)F)cc1
CHEMBL2164364,,,,,,,0.0818000000000001,,,,,,O=C(NCc1ccc(OC(F)(F)F)cc1)C1c2ccccc2C(=O)N1CCc1ncccn1
CHEMBL2164366,,,,,,,0.0476999999999999,,,,,,O=C(NCc1ccc(OC(F)(F)F)cc1)C1c2ccccc2C(=O)N1CCc1ncc(F)cn1
CHEMBL2164371,,,,,,,0.0948,,,,,,O=C(NCc1ccc(OC(F)(F)F)cc1)C1c2ccccc2C(=O)N1C1CCOCC1
CHEMBL2164372,,,,,,,0.0357999999999999,,,,,,O=C(NCc1ccc(OC(F)(F)F)cc1)C1c2ccccc2C(=O)N1C[C@@H]1CCCO1
CHEMBL2164373,,,,,,,0.02,,,,,,O=C(NCc1ccc(OC(F)(F)F)cc1)C1c2ccccc2C(=O)N1C1CCC(F)(F)CC1
CHEMBL2164377,,,,10.0,89.99985000025,,,,,,,,O=C(NCc1ccc(OC(F)(F)F)cc1)C1c2ccccc2C(=O)N1CC1CC(F)(F)C1
CHEMBL2164389,,,,,,,0.0357999999999999,,,,,,O=C(NCc1ccc(OC(F)(F)F)cc1)C1c2ccccc2C(=O)N1CCc1ccccn1
CHEMBL2164395,,,,,,,0.0928,,,,,,O=C(NCc1ccc(OCC(F)(F)F)nc1)C1c2ccccc2C(=O)N1CCc1ccccn1
CHEMBL2164564,,,,,,,0.1095,,,,,,COc1ccc(-c2c(C(=O)N3CCC[C@H]3CO)cc3cccnn23)cc1
CHEMBL2164565,,,,,,,0.0428,,,,,,CCN(CCO)C(=O)c1cc2cccnn2c1-c1cccc(C(F)(F)F)c1
CHEMBL2164566,,,,,,,0.0871999999999999,,,,,,CCN(CCO)C(=O)c1oc2cccnc2c1-c1cccc(C(F)(F)F)c1
CHEMBL2164567,,,,,,,0.0928,,,,,,CCN(CCO)C(=O)c1cc2cccnc2n1-c1cccc(C(F)(F)F)c1
CHEMBL2164670,,,,,,,0.0509999999999999,,127.0,457.19999999999993,64.57627118644068,,COc1ccccc1C(C#N)NC(=O)[C@@H]1CCCC[C@H]1C(=O)N1CCN(Cc2ccc(F)cc2)CC1
CHEMBL2164678,,,,41.41,89.99996377688008,,,,12.5,45.0,18.0,,N#CC1(NC(=O)[C@@H]2CCCC[C@H]2C(=O)N2CCc3[nH]c4ccc(F)cc4c3C2)CC1
CHEMBL2164741,,,,,,,0.2082999999999999,,,,,,N#Cc1ccc2ccc(=O)n(CCN3CC[C@@H](NCc4cc5c(cn4)OCCO5)[C@@H](O)C3)c2c1
CHEMBL2164742,,,,,,,0.2082999999999999,,,,,,N#Cc1ccc2ccc(=O)n(CCN3CC[C@H](NCc4ccc5c(n4)NC(=O)CO5)[C@H](O)C3)c2c1
CHEMBL2164744,,,,,,,0.1934999999999999,,,,,,COc1ccc2ncc(=O)n(CCN3CC[C@H](NCc4cc5c(cn4)OCCO5)[C@H](O)C3)c2c1
CHEMBL2164745,,,,,,,0.1423000000000001,,,,,,COc1ccc2ncc(=O)n(CCN3CC[C@@H](NCc4cc5c(cn4)OCCO5)[C@@H](O)C3)c2c1
CHEMBL2164746,,,,,,,0.1368,,,,,,COc1ccc2ncc(=O)n(CCN3CC[C@H](NCc4ccc5c(n4)NC(=O)CO5)[C@H](O)C3)c2c1
CHEMBL2164747,,,,,,,0.0531999999999999,,,,,,COc1ccc2ncc(=O)n(CCN3CC[C@@H](NCc4ccc5c(n4)NC(=O)CO5)[C@@H](O)C3)c2c1
CHEMBL2164748,,,,,,,0.1795,,,,,,COc1ccc2ncc(=O)n(CCN3CC[C@@H](NCc4cc5c(cn4)OCCO5)[C@H](O)C3)c2c1
CHEMBL2164850,,,,150.0,89.9999900000011,,0.0287,,19.05,68.58,24.82983345401883,,O=C(Nc1cc(-c2ccncc2)c[nH]c1=O)[C@H](Cc1ccccc1)NC1(c2ccccn2)CC1
CHEMBL2165054,,,,,,,0.4827,,,,,,CO[C@H]1CN(CCn2c(=O)ccc3ccc(C#N)cc32)CC[C@H]1NCc1cc2c(cn1)OCCO2
CHEMBL2165055,,,,,,,0.5345,,,,,,CO[C@H]1CN(CCn2c(=O)ccc3ccc(C#N)cc32)CC[C@H]1NCc1ccc2c(n1)NC(=O)CO2
CHEMBL2165057,,,,,,,0.2801,,,,,,COc1ccc2ncc(=O)n(CCN3CC[C@@H](NCc4ccc5c(n4)NC(=O)CO5)[C@@H](OC)C3)c2c1
CHEMBL2165058,,,,,,,0.16,,,,,,CO[C@H]1CN(CCn2c(=O)ccc3ccc(C#N)cc32)CC[C@@H]1NCc1cc2c(cn1)OCCO2
CHEMBL2165059,,,,,,,0.2754999999999999,,,,,,CO[C@@H]1CN(CCn2c(=O)ccc3ccc(C#N)cc32)CC[C@H]1NCc1ccc2c(n1)NC(=O)CO2
CHEMBL2165060,,,,,,,0.1663,,,,,,COc1ccc2ncc(=O)n(CCN3CC[C@H](NCc4cc5c(cn4)OCCO5)[C@@H](OC)C3)c2c1
CHEMBL2165061,,,,,,,0.1795,,,,,,COc1ccc2ncc(=O)n(CCN3CC[C@@H](NCc4ccc5c(n4)NC(=O)CO5)[C@H](OC)C3)c2c1
CHEMBL2165066,,,,16.6,89.99990963864494,,0.2045,,,,,,N#Cc1ccc2ccc(=O)n(CCN3CC[C@@H](NCc4ccc5c(n4)NC(=O)CO5)[C@@H](F)C3)c2c1
CHEMBL2165067,,,,,,,0.2445,,,,,,COc1ccc2ncc(=O)n(CCN3CC[C@@H](NCc4ccc5c(n4)NC(=O)CO5)[C@@H](F)C3)c2c1
CHEMBL2165175,,,,,,,0.0024999999999999,,,,,,Cc1cc(-c2cc(=O)[nH]c(NCc3cccc4ccccc34)n2)ccn1
CHEMBL2165177,,,,,,,0.0568,,,,,,CN(Cc1cccc2ccccc12)c1cc(N2CCOCC2)nc(=O)[nH]1
CHEMBL2165178,,,,,,,0.0357999999999999,,,,,,CCN(Cc1cccc2ccccc12)c1cc(N2CCOCC2)nc(=O)[nH]1
CHEMBL2165180,,,,,,,0.1395,,,,,,O=c1nc(N2CCOCC2)cc(N(CCO)Cc2cccc3ccccc23)[nH]1
CHEMBL2165187,,,,,,,0.3390000000000001,,,,,,CN(C)CCN(Cc1cccc2ccccc12)c1cc(N2CCOCC2)nc(=O)[nH]1
CHEMBL2165189,,,,,,,0.16,,,,,,C[C@H]1CN(c2cc(N(CCO)Cc3cccc4ccccc34)[nH]c(=O)n2)CCO1
CHEMBL2165192,,,,,,,0.013,,,,,,CC1CN(c2cc(=O)[nH]c(NCc3cccc4ccccc34)n2)CCO1
CHEMBL216959,,,9.75,,,,,,,,,,O=C1CN(CCc2ccc(F)cc2)CCN1[C@H]1CCc2cc(CN3CCS(=O)(=O)CC3)ccc2C1
CHEMBL216981,,,,75.93,89.9999802449668,,0.0179,,3.0,10.8,5.094339622641509,,CC[C@@H](Nc1c(Nc2cccc(C(=O)N(C)C)c2O)c(=O)c1=O)c1ccc(C)o1
CHEMBL2169908,,,,19.765,89.99989477986813,,,,,,,,Cc1noc2cc(N3CCN(C(=O)[C@@H]4CCCC[C@H]4C(=O)NC4(C#N)CC4)[C@H](C)C3)ccc12
CHEMBL2169919,,,,33.88,89.99995572611387,,0.2007999999999999,,150.0,539.9999999999999,67.5,,CC(C)N(CCCNC(=O)Nc1ccc(C(C)(C)C)cc1)C[C@H]1O[C@@H](n2ccc3c(N)ncnc32)[C@H](O)[C@@H]1O
CHEMBL2169920,,,,22.0,89.99993181823348,,0.0312999999999999,,38.0,136.79999999999998,38.86363636363637,,O=C1COc2c(CCNCCN(C(=O)CCNCCc3ccc(Cl)c(Cl)c3)C3CCCCC3)ccc(O)c2N1
CHEMBL217053,,,10.85,,,,,,,,,,O=C(O)COc1ccc(Br)cc1C(=O)c1cnn(-c2ccccc2)c1
CHEMBL2170837,,,,17.38,89.9999136939838,,,,15.14,54.504,20.91802272029475,,CCn1c(C)c(C(=O)O)c(-c2cccc(N3CCN(c4ccc(NS(=O)(=O)c5ccc(N[C@H](CCN6CCC(O)CC6)CSc6ccccc6)c(S(=O)(=O)C(F)(F)F)c5)cc4)CC3)c2)c1-c1ccc(Cl)cc1
CHEMBL217090,,,1.0,,,,,,,,,,Clc1ccc2c(c1Nc1ncnc3cc(OCCCN4CCCC4)cc(OC4CCOCC4)c13)OCO2
CHEMBL217092,,,30.0,,,,,,,,,,CN1CCN(CCOc2cc(OC3CCOCC3)c3c(Nc4c(Cl)ccc5c4OCO5)ncnc3c2)CC1
CHEMBL2170975,,,,,,,0.2360999999999999,,,,,,CC(C)(C)OC(=O)NCCCSC[C@H]1O[C@@H](n2cnc3c(N)ncnc32)[C@H](O)[C@@H]1O
CHEMBL2170979,,,,,,,0.3390000000000001,,,,,,CC(C)N(CCCNC(=O)OCc1ccccc1)C[C@H]1O[C@@H](n2cnc3c(N)ncnc32)[C@H](O)[C@@H]1O
CHEMBL2170985,,,,14.45,89.99989619389136,,0.154,,21.38,76.96799999999999,26.957130848977304,,Nc1ncnc2c1ncn2[C@@H]1O[C@H](CSCCCNC(=O)NCc2ccccc2)[C@@H](O)[C@H]1O
CHEMBL2170989,,,,28.18,89.99994677079088,,0.1864,,9.77,35.172,14.711393675757067,,Nc1ncnc2c1ncn2[C@@H]1O[C@H](CSCCCNC(=O)Nc2ccccc2)[C@@H](O)[C@H]1O
CHEMBL2170992,,,,109.65,89.99998632011152,,0.0784,,125.89,453.20400000000006,64.41582807436467,,CC(C)c1ccc(NC(=O)NCCCSC[C@H]2O[C@@H](n3cnc4c(N)ncnc43)[C@H](O)[C@@H]2O)cc1
CHEMBL2170994,,,,93.33,89.9999839280003,,0.0836,,21.38,76.96799999999999,26.957130848977304,,Nc1ncnc2c1ncn2[C@@H]1O[C@H](CSCCCNC(=O)Nc2ccc(Cl)cc2)[C@@H](O)[C@H]1O
CHEMBL2171013,,,,,,,0.0170999999999998,,10.0,36.0,15.0,,Cc1ccc(S(=O)(=O)N(C)C(=O)N2CCC(N3CCC(Oc4ccc(Cl)c(Cl)c4)CC3)CC2)cc1
CHEMBL2171014,,,,,,,0.0223999999999999,,9.0,32.400000000000006,13.728813559322036,,Cc1c(Cl)ccc(OC2CCN(C3CCN(C(=O)NS(=O)(=O)c4ccc(N(C)C)cc4)CC3)CC2)c1Cl
CHEMBL2171015,,,,,,,,,12.0,43.2,17.419354838709676,,O=C(NS(=O)(=O)N1CCC(N2CCC(Oc3ccc(Cl)c(Cl)c3)CC2)CC1)c1ccccc1
CHEMBL2171017,,,,,,,,,50.5,181.8,45.223880597014926,,COc1ccc(C(=O)NCCN2CCN(Cc3ccc(Cl)c(Cl)c3)CC2)cc1Cl
CHEMBL2171018,,,,,,,0.0008,,9.0,32.400000000000006,13.728813559322036,,COc1cccc(C(=O)NCCN2CCC(Oc3ccc(Cl)c(Cl)c3)CC2)c1
CHEMBL2171020,,,,,,,0.089,,,,,,O=C(c1c[nH]c(=O)c2ccccc12)N1CCC(N2CCC(Oc3ccc(Cl)c(Cl)c3)CC2)CC1
CHEMBL2171021,,,,,,,0.035,,13.5,48.6,19.133858267716537,,Cc1c(Cl)ccc(OC2CCN(C3CCN(C(=O)c4cccc(S(C)(=O)=O)c4)CC3)CC2)c1Cl
CHEMBL2171022,,,,,,,0.013,,3.0,10.8,5.094339622641509,,O=C(O)COc1cccc(C(=O)N2CCC(N3CCC(Oc4ccc(Cl)c(Cl)c4)CC3)CC2)c1
CHEMBL2171023,,,,,,,,,3.0,10.8,5.094339622641509,,O=C(O)c1ccccc1C(=O)N1CCC(N2CCC(Oc3ccc(Cl)c(Cl)c3)CC2)CC1
CHEMBL2171024,,,,,,,0.0498999999999999,,3.0,10.8,5.094339622641509,,O=C(O)c1cccc(C(=O)N2CCC(N3CCC(Oc4ccc(Cl)c(Cl)c4)CC3)CC2)c1
CHEMBL2171025,,,,,,,,,3.0,10.8,5.094339622641509,,O=C(c1ccc(-c2noc(=O)[nH]2)cc1)N1CCC(N2CCC(Oc3ccc(Cl)c(Cl)c3)CC2)CC1
CHEMBL2171026,,,,,,,,,28.0,100.8,32.30769230769231,,O=C(c1ccc(-c2nn[nH]n2)cc1)N1CCC(N2CCC(Oc3ccc(Cl)c(Cl)c3)CC2)CC1
CHEMBL2171033,,,,,,,0.1864,,3.0,10.8,5.094339622641509,,O=C(NS(=O)(=O)c1ccccc1)N1CCC(N2CCC(Oc3ccc(Cl)c(Cl)c3)CC2)CC1
CHEMBL2171034,,,,,,,0.1934999999999999,,11.0,39.6,16.22950819672131,,O=C(NS(=O)(=O)c1ccc(F)cc1)N1CCC(N2CCC(Oc3ccc(Cl)c(Cl)c3)CC2)CC1
CHEMBL2171035,,,,,,,0.3288,,5.0,18.0,8.181818181818182,,O=C(NS(=O)(=O)c1ccc(Cl)cc1)N1CCC(N2CCC(Oc3ccc(Cl)c(Cl)c3)CC2)CC1
CHEMBL2171036,,,,,,,0.0126999999999999,,3.0,10.8,5.094339622641509,,COc1ccc(S(=O)(=O)NC(=O)N2CCC(N3CCC(Oc4ccc(Cl)c(Cl)c4)CC3)CC2)cc1
CHEMBL2171037,,,,,,,0.0017,,10.5,37.8,15.6198347107438,,CN(C)c1ccc(S(=O)(=O)NC(=O)N2CCC(N3CCC(Oc4ccc(Cl)c(Cl)c4)CC3)CC2)cc1
CHEMBL2171038,,,,,,,0.1051,,3.0,10.8,5.094339622641509,,Cc1ccccc1S(=O)(=O)NC(=O)N1CCC(N2CCC(Oc3ccc(Cl)c(Cl)c3)CC2)CC1
CHEMBL2171039,,,,,,,0.0306999999999999,,3.0,10.8,5.094339622641509,,O=C(NS(=O)(=O)c1ccccc1Cl)N1CCC(N2CCC(Oc3ccc(Cl)c(Cl)c3)CC2)CC1
CHEMBL2171040,,,,,,,0.0409,,3.0,10.8,5.094339622641509,,COc1ccccc1S(=O)(=O)NC(=O)N1CCC(N2CCC(Oc3ccc(Cl)c(Cl)c3)CC2)CC1
CHEMBL2171041,,,,,,,0.0174999999999999,,33.0,118.79999999999998,35.78313253012048,,CN(C)c1ccccc1S(=O)(=O)NC(=O)N1CCC(N2CCC(Oc3ccc(Cl)c(Cl)c3)CC2)CC1
CHEMBL2171043,,,,,,,,,6.0,21.6,9.642857142857142,,O=C(NS(=O)(=O)c1cccc(Cl)c1)N1CCC(N2CCC(Oc3ccc(Cl)c(Cl)c3)CC2)CC1
CHEMBL2171044,,,,,,,,,3.0,10.8,5.094339622641509,,N#Cc1cccc(S(=O)(=O)NC(=O)N2CCC(N3CCC(Oc4ccc(Cl)c(Cl)c4)CC3)CC2)c1
CHEMBL2171046,,,,,,,,,3.0,10.8,5.094339622641509,,Cc1ccc(S(=O)(=O)NC(=O)N2CCC(N3CCC(Oc4ccc(Cl)cc4Cl)CC3)CC2)cc1
CHEMBL2171047,,,,,,,0.1795,,3.0,10.8,5.094339622641509,,Cc1ccc(S(=O)(=O)NC(=O)N2CCC(N3CCC(Oc4ccc(Cl)c(C)c4Cl)CC3)CC2)cc1
CHEMBL2171048,,,,,,,,,6.0,21.6,9.642857142857142,,Cc1ccc(S(=O)(=O)NC(=O)N2CCC(N3CCC(Oc4ccc(Cl)cc4C)CC3)CC2)cc1
CHEMBL2171050,,,,,,,,,3.0,10.8,5.094339622641509,,Cc1ccc(S(=O)(=O)NC(=O)N2CCC(N3CCC(Oc4ccc(F)c(F)c4)CC3)CC2)cc1
CHEMBL2171169,,,,26.92,89.99994427938071,,0.2846999999999999,,112.2,403.92,62.25647348951911,,CC(C)N(CCCNC(=O)Nc1ccc(C(C)(C)C)cc1)C[C@H]1O[C@@H](n2cnc3c(N)ncnc32)[C@H](O)[C@@H]1O
CHEMBL2171215,,,,,,,,,3.0,10.8,5.094339622641509,,O=C(NS(=O)(=O)Cc1ccccc1)N1CCC(N2CCC(Oc3ccc(Cl)c(Cl)c3)CC2)CC1
CHEMBL2171277,,,,150.0,89.9999900000011,,0.0213999999999999,,150.0,539.9999999999999,67.5,,Cc1ccc(NC(=O)[C@H]2CCCN2S(=O)(=O)c2cccc3cccnc23)c(C)c1
CHEMBL2171278,,,,150.0,89.9999900000011,,0.0223999999999999,,150.0,539.9999999999999,67.5,,Cc1ccc(NC(=O)[C@@H]2CCCN2S(=O)(=O)c2cccc3cccnc23)c(C)c1
CHEMBL2171999,,,,3.0,89.99950000277776,,,,,,,,Cc1nn(C)c2ccc(N3CCN(C(=O)[C@@H]4CCCC[C@H]4C(=O)NC4(C#N)CC4)[C@H](C)C3)cc12
CHEMBL2172000,,,,7.77,89.99980653491936,,,,,,,,Cc1nn(C)c2cc(N3CCN(C(=O)[C@@H]4CCCC[C@H]4C(=O)NC4(C#N)CC4)[C@H](C)C3)ccc12
CHEMBL2172001,,,,7.24,89.99968467047327,,,,,,,,Cc1nnc(C)c2cc(N3CCN(C(=O)[C@@H]4CCCC[C@H]4C(=O)NC4(C#N)CC4)[C@H](C)C3)ccc12
CHEMBL2172005,,,,3.0,89.99950000277776,,,,,,,,COc1ccc(N2CCN(C(=O)[C@@H]3CCCC[C@H]3C(=O)NC3(C#N)CC3)[C@H](C)C2)cc1OC
CHEMBL21731,,,,,,,0.1262999999999999,51.0,,,,,CNCCCC12CCC(c3ccccc31)c1ccccc12
CHEMBL217354,,,,3.0,89.99950000277776,,,,,,,,CC(C)c1ccccc1Cc1cc(C(=O)Nc2ccc(S(=O)(=O)c3ccccc3C(C)(C)C)cc2)c(O)c(O)c1O
CHEMBL2177110,,,,16.98,89.9999116608641,,,,,,,,CCCSc1c(C(=O)NC2CCCCC2)cnn1-c1cccc(C(=O)O)c1
CHEMBL2177113,,,,,,,0.0148999999999999,,,,,,NC1=NC(c2cccc(-c3cncnc3)c2)(c2ccnc(C3CC3)c2)c2cccc(F)c21
CHEMBL2177162,,,,3.0,89.99950000277776,,,,,,,,Nc1ncc(-c2ccc(S(=O)(=O)N3CCCC3)cc2)nc1C(=O)Nc1cccnc1
CHEMBL2177173,,,,,,,0.0784,,,,,,CN1CCN(S(=O)(=O)c2ccc(-c3cnc(N)c(C(=O)Nc4cnccc4CN4CCCC4)n3)cc2)CC1
CHEMBL2177305,,,,,,,0.0170999999999998,,,,,,CCn1cc([C@]2(c3cccc(NC(=O)c4ccc(Cl)cn4)c3)N=C(N)c3c(F)cccc32)cc(C)c1=O
CHEMBL2177390,,,,3.0,89.99950000277776,,,,,,,,CC(C)NC[C@@H](C(=O)N1CCN(c2ncnc3c2[C@H](C)C[C@H]3O)CC1)c1ccc(Cl)cc1
CHEMBL2177601,,,,3.0,89.99950000277776,,,,,,,,Cc1c(C(=O)NC2C3CC4CC(C3)CC2C4)cnn1-c1ccc(C(=O)O)cc1
CHEMBL2177621,,,,12.3,89.99987804894573,,,,,,,,CSc1c(C(=O)NC2C3CC4CC(C3)CC2C4)cnn1-c1ccc(C(=O)O)cc1
CHEMBL2177736,,,,,,,0.0818000000000001,,,,,,NC(=O)c1cnc(N[C@@H]2CCCC[C@@H]2N)nc1Nc1cccc(-n2nccn2)c1
CHEMBL2177757,,,,,,,,,20.42,73.512,26.09769951718262,,O=C(Cc1ccccc1)Nc1nnc(CCSCCc2nnc(NC(=O)Cc3ccccc3)s2)s1
CHEMBL2177906,,,,,,,0.0456999999999999,,,,,,NC1=NC(c2cccc(-c3cncnc3)c2)(c2ccnc(C(F)(F)F)c2)c2cccc(F)c21
CHEMBL2177908,,,,,,,0.0293000000000001,,,,,,NC1=NC(c2ccnc(C(F)(F)F)c2)(c2ccc(F)c(-c3cncnc3)c2)c2cccc(F)c21
CHEMBL2177911,,,,,,,0.0466999999999999,,,,,,COc1cc(C2(c3cccc(-c4cncnc4)c3)N=C(N)c3c(F)cccc32)ccn1
CHEMBL2177916,,,,,,,0.0268,,,,,,COc1ccc(C2(c3cccc(-c4cncnc4)c3)N=C(N)c3c(F)cccc32)cc1
CHEMBL2177917,,,,,,,0.0343000000000001,,,,,,COc1c(C)cc(C2(c3cccc(-c4cncnc4)c3)N=C(N)c3c(F)cccc32)nc1C
CHEMBL2177919,,,,,,,0.1898999999999999,,,,,,Cc1cc(C2(c3cccc(-c4cncnc4)c3)N=C(N)c3c(F)cccc32)cn(C)c1=O
CHEMBL2178384,,,,,,,0.028,,,,,,Cc1ncc(C(N)=S)nc1-c1ccc([C@H]2CC[C@H](CC(=O)O)CC2)cc1
CHEMBL2178385,,,,,,,0.0268,,,,,,NC(=O)c1cncc(-c2ccc([C@H]3CC[C@H](CC(=O)O)CC3)cc2)c1
CHEMBL2178388,,,,,,,0.0544,,,,,,Cc1nc(C(F)F)c(C(N)=O)nc1-c1ccc([C@H]2CC[C@H](CC(=O)O)CC2)cc1
CHEMBL2178390,,,,,,,0.0262,,,,,,Cc1nc(C(C)C)c(C(N)=O)nc1-c1ccc([C@H]2CC[C@H](CC(=O)O)CC2)cc1
CHEMBL2178393,,,,72.44,89.99997929321293,,,,54.95,197.82,47.122439256788944,,Nc1nnc(CCSCCc2nnc(NC(=O)Cc3ccccc3)s2)s1
CHEMBL2178573,,,,,,,0.0009,,,,,,Cc1cnc(C(=O)c2ncnc3[nH]ccc23)c(NS(=O)(=O)c2ccc(Cl)c(C(F)(F)F)c2)c1
CHEMBL2178579,,,,22.175,89.99973186354856,,0.0029,,,,,,O=C(Nc1ccc(Cl)c(S(=O)(=O)N2CCNCC2)c1O)Nc1cccc(F)c1Cl
CHEMBL2178931,,,,,,,0.0219,,,,,,Cc1nc(C(C)C)c(-c2ccc([C@H]3CC[C@H](CC(=O)O)CC3)cc2)nc1C(N)=O
CHEMBL2178933,,,,,,,0.03,,,,,,Cc1nc(C)c(-c2ccc([C@H]3CC[C@H](CCO)CC3)cc2)nc1C(N)=O
CHEMBL2178934,,,,,,,0.028,,,,,,NC(=O)c1cncc(-c2ccc([C@H]3CC[C@H](CCO)CC3)cc2)n1
CHEMBL2178935,,,,,,,0.1289,,,,,,Cc1nc(C)c(-c2ccc([C@H]3CC[C@H](CC(N)=O)CC3)cc2)nc1C(N)=O
CHEMBL2178937,,,,,,,0.0784,,,,,,Cc1nc(C)c(-c2ccc([C@H]3CC[C@H](CC(=O)NC(C)(C)C(=O)O)CC3)cc2)nc1C(N)=O
CHEMBL2178939,,,,,,,0.1095,,,,,,Cc1nc(C)c(-c2ccc([C@H]3CC[C@H](CC(=O)NS(C)(=O)=O)CC3)cc2)nc1C(N)=O
CHEMBL2178951,,,,,,,0.0568,,,,,,Cc1ncc(C(N)=O)nc1-c1ccc([C@H]2CC[C@H](CC(=O)O)CC2)cc1
CHEMBL2178952,,,,,,,0.035,,,,,,NC(=O)c1cncc(-c2ccc([C@H]3CC[C@H](CC(=O)O)CC3)cc2)n1
CHEMBL217899,,,,39.5,89.99986472637697,,0.0373999999999999,,22.0,79.19999999999999,27.5,,CCc1nn(C2CCCC2)c2c1CCn1c(-c3cccs3)nnc1-2
CHEMBL2179269,,,,3.39,89.99955752429929,,0.0156,,,,,,Cc1cn([C@H]2CCCN([C@H](C)c3ccc(C(=O)O)c(Oc4cccc(Cl)c4)c3)C2)c(=O)[nH]c1=O
CHEMBL2179270,,,,,,,0.0229,,,,,,Cc1cn([C@H]2CCCN([C@@H](C)c3ccc(C(=O)O)c(Oc4cccc(Cl)c4)c3)C2)c(=O)[nH]c1=O
CHEMBL2179271,,,,,,,0.0179,,,,,,CC[C@H](c1ccc(C(=O)O)c(Oc2cccc(Cl)c2)c1)N1CCC[C@H](n2cc(C)c(=O)[nH]c2=O)C1
CHEMBL2179272,,,,,,,0.0383,,,,,,CC[C@@H](c1ccc(C(=O)O)c(Oc2cccc(Cl)c2)c1)N1CCC[C@H](n2cc(C)c(=O)[nH]c2=O)C1
CHEMBL2179273,,,,,,,0.0119,,,,,,CCC[C@H](c1ccc(C(=O)O)c(Oc2cccc(Cl)c2)c1)N1CCC[C@H](n2cc(C)c(=O)[nH]c2=O)C1
CHEMBL2179274,,,,,,,0.007,,,,,,CCC[C@@H](c1ccc(C(=O)O)c(Oc2cccc(Cl)c2)c1)N1CCC[C@H](n2cc(C)c(=O)[nH]c2=O)C1
CHEMBL2179275,,,,9.12,89.99983552661635,,0.0273999999999999,,,,,,Cc1cn([C@H]2CCCN([C@H](CC(C)C)c3ccc(C(=O)O)c(Oc4cccc(Cl)c4)c3)C2)c(=O)[nH]c1=O
CHEMBL2179276,,,,9.55,89.9998429322113,,0.0110999999999999,,,,,,Cc1cn([C@H]2CCCN([C@@H](CC(C)C)c3ccc(C(=O)O)c(Oc4cccc(Cl)c4)c3)C2)c(=O)[nH]c1=O
CHEMBL2179277,,,,48.98,89.99996937526562,,0.0287,,,,,,Cc1cn([C@H]2CCCN([C@H](CC(C)(C)C)c3ccc(C(=O)O)c(Oc4cccc(Br)c4)c3)C2)c(=O)[nH]c1=O
CHEMBL2179278,,,,3.0,89.99950000277776,,0.0098999999999999,,,,,,Cc1cn([C@H]2CCCN([C@@H](CC(C)(C)C)c3ccc(C(=O)O)c(Oc4cccc(Br)c4)c3)C2)c(=O)[nH]c1=O
CHEMBL2179279,,,,117.49,89.9999872329578,,0.0162999999999999,,,,,,CCC(C)(C)C[C@H](c1ccc(C(=O)O)c(Oc2cccc(Cl)c2)c1)N1CCC[C@H](n2cc(C)c(=O)[nH]c2=O)C1
CHEMBL2179280,,,,36.31,89.99995868908535,,0.0119,,,,,,CCC(CC)C[C@H](c1ccc(C(=O)O)c(Oc2cccc(Cl)c2)c1)N1CCC[C@H](n2cc(C)c(=O)[nH]c2=O)C1
CHEMBL2179281,,,,30.2,89.99995033115324,,,,,,,,CCCCC[C@H](c1ccc(C(=O)O)c(Oc2cccc(Br)c2)c1)N1CCC[C@H](n2cc(C)c(=O)[nH]c2=O)C1
CHEMBL2179282,,,,69.18,89.999978317438,,,,,,,,CCC(C)(CC)C[C@H](c1ccc(C(=O)O)c(Oc2cccc(Br)c2)c1)N1CCC[C@H](n2cc(C)c(=O)[nH]c2=O)C1
CHEMBL2179283,,,,52.48,89.99997141769201,,0.0098999999999999,,,,,,CCCC(C)(C)C[C@H](c1ccc(C(=O)O)c(Oc2cccc(Cl)c2)c1)N1CCC[C@H](n2cc(C)c(=O)[nH]c2=O)C1
CHEMBL2179284,,,,42.66,89.99996483826972,,,,,,,,Cc1cn([C@H]2CCCN([C@H](CC3CCCCC3)c3ccc(C(=O)O)c(Oc4cccc(Cl)c4)c3)C2)c(=O)[nH]c1=O
CHEMBL2179285,,,,19.05,89.9999212599114,,0.1073,,,,,,Cc1cn([C@H]2CCCN([C@H](CC3CCOCC3)c3ccc(C(=O)O)c(Oc4cccc(Cl)c4)c3)C2)c(=O)[nH]c1=O
CHEMBL2179287,,,,,,,0.0110999999999999,,,,,,Cc1cn(C2CCCN(Cc3cccc(Oc4ccccc4)c3)C2)c(=O)[nH]c1=O
CHEMBL2179291,,,,,,,0.0179,,,,,,COc1ccc(Oc2cccc(CN3CCCC(n4cc(C)c(=O)[nH]c4=O)C3)c2)cc1
CHEMBL217943,,,,22.77,89.99993412389539,,0.0306999999999999,,49.0,176.4,44.54545454545455,,O=C(NCc1ccccc1)c1ccc2cccnc2c1O
CHEMBL2179665,,,,,,,0.0268,,,,,,Cc1cn([C@H]2CCCN(Cc3ccc(C(=O)O)c(Oc4cccc(Cl)c4)c3)C2)c(=O)[nH]c1=O
CHEMBL2179666,,,,,,,0.0191,,,,,,Cc1cn([C@H]2CCCN(Cc3ccc(C(=O)O)c(Oc4cccc(Br)c4)c3)C2)c(=O)[nH]c1=O
CHEMBL2179667,,,,,,,0.0383,,,,,,Cc1cccc(Oc2cc(CN3CCC[C@H](n4cc(C)c(=O)[nH]c4=O)C3)ccc2C(=O)O)c1
CHEMBL2179668,,,,,,,0.0818000000000001,,,,,,Cc1cn([C@H]2CCCN(Cc3ccc(C(=O)O)c(Oc4cccc(F)c4)c3)C2)c(=O)[nH]c1=O
CHEMBL2179669,,,,,,,0.0293000000000001,,,,,,Cc1cn([C@H]2CCCN(Cc3ccc(C(=O)O)c(Oc4cccc(C(F)(F)F)c4)c3)C2)c(=O)[nH]c1=O
CHEMBL2180015,,,,,,,0.0059999999999998,,,,,,CC#Cc1ccnc(-c2cc(C3(C4CC4)N=C(C)C(N)=N3)ccc2O)c1
CHEMBL2180024,,,,,,,0.0487999999999999,,,,,,CC1=NC(c2ccc(F)cc2)(c2cccc(-c3cccnc3)c2)N=C1N
CHEMBL2180027,,,,,,,0.062,,,,,,COc1ccc(C2(c3cccc(-c4cncnc4)c3)N=C(C)C(N)=N2)cc1C
CHEMBL2180028,,,,,,,0.0437,,,,,,COc1c(C)cc(C2(c3cccc(-c4cncnc4)c3)N=C(C)C(N)=N2)cc1C
CHEMBL2180031,,,,,,,0.002,,,,,,CC#Cc1cncc(-c2cccc(C3(c4cc(C)c(OC)c(C)c4)N=C(C)C(N)=N3)c2)c1
CHEMBL2180033,,,,,,,0.0646999999999999,,,,,,CC1=NC(c2cccc(-c3cncc(Cl)c3)c2)(C2CC2)N=C1N
CHEMBL2180037,,,,,,,0.0498999999999999,,,,,,CC#Cc1cncc(-c2cccc(C3(C4CC4)N=C(C)C(N)=N3)c2)c1
CHEMBL2180273,,,,117.49,89.9999872329578,,0.0017,,150.0,539.9999999999999,67.5,,CCOC(=O)C1=C(C)NC2=C(C(=O)CC(C)(C)C2)C1c1ccc(-c2ccccc2)cc1
CHEMBL2180612,,,,12.3,89.99987804894573,,,,9.12,32.832,13.88362652232747,,COC(=O)C1=C(C)NC2=C(C(=O)CC(C)(C)C2)C1c1ccc(-c2ccc(C(F)(F)F)cc2)cc1
CHEMBL2181247,,,,,,,0.0062999999999999,,,,,,O=C1COc2nccc(-c3ccccc3F)c2CN1Cc1cc(C(F)(F)F)cc(C(F)(F)F)c1
CHEMBL2181753,,,,21.66,89.99992893457843,,0.0170999999999998,,67.61,243.396,51.737947453447845,,CCN(Cc1cc(C(F)(F)F)ccc1-c1cc(CC(=O)O)ccc1OC)C(=O)NCc1ccccc1
CHEMBL2181808,,,,,,,0.0167,,3.0,10.8,5.094339622641509,,Cc1c(CC(=O)O)c2cc(F)ccc2n1Cc1nc2ccccc2s1
CHEMBL2181926,,,,75.21,89.99997642957922,,0.1481,,150.0,539.9999999999999,67.5,,CCOC(=O)C1=C(C)NC(C)=C(C(C)=O)[C@H]1c1cccc2c(=O)cc(C)oc12
CHEMBL2181927,,,,15.8,89.99981188385081,,0.0751999999999999,,97.72,351.7919999999999,59.536961819658806,,CCOc1ncc(C)c2c1[C@H](c1ccc(C#N)cc1OC)C(C(N)=O)=C(C)N2
CHEMBL2181928,,,,52.48,89.99997141769201,,0.0633,,11.75,42.3,17.12550607287449,,C[C@@H]1CN(c2ccc3c(n2)NC(=O)CO3)[C@H](c2ccccc2)CO1
CHEMBL218362,,,0.0,,,,,,,,,,O=C(O)c1c(O)c(Cc2c[nH]c3ccc(Cl)cc23)nc2c3c(ccc12)CCCC3
CHEMBL218468,,,,,,,0.4598,,,,,,CC(C)Cn1c(=O)n(C)c(=O)c2c(C(=O)N3CC[C@@H](O)C3)c(Cc3ccnc4ccc(F)cc34)sc21
CHEMBL218573,,,,,,,0.0520999999999999,,,,,,CC(C)Cn1c(=O)n(C)c(=O)c2c(C(=O)N3C[C@H](O)CO3)c(Cc3ccccc3C(F)(F)F)sc21
CHEMBL218628,,,,,,,0.5229999999999999,,20.0,72.0,25.714285714285715,,CNc1nc2ccccc2n1Cc1sc2c(c1C(=O)N1C[C@H](O)CO1)c(=O)n(C)c(=O)n2CC(C)C
CHEMBL218939,,,12.6,,,,,,,,,,CCOC(=O)C1=C(C)Nc2nc3c(c(N)c2C1c1ccccc1)CCCC3
CHEMBL218940,,,5.5,,,,,,,,,,CCOC(=O)C1=C(C)Nc2nc3c(c(N)c2C1c1cccc(OC)c1)CCCC3
CHEMBL219046,,,,,,,0.0006999999999999,,,,,,O=C(O)c1c(O)c(Cc2ccc(Cl)cc2)nc2c3c(ccc12)CCCC3
CHEMBL219098,,,,,,,0.0071999999999999,,,,,,CC(C)Cn1c(=O)n(C)c(=O)c2c(C(=O)N3CC[C@@H](O)C3)c(Oc3cccc4ccccc34)sc21
CHEMBL219172,,,9.6,,,,,,,,,,CCOC(=O)C1=C(C)Nc2nc3c(c(N)c2C1c1ccc(F)cc1)CCCC3
CHEMBL219400,,,8.6,,,,,,,,,,CCOC(=O)C1=C(C)Nc2nc3c(c(N)c2C1c1ccccc1[N+](=O)[O-])CCCC3
CHEMBL219405,,,5.8,,,,,,,,,,CCOC(=O)C1=C(C)Nc2nc3c(c(N)c2C1c1ccc([N+](=O)[O-])cc1)CCCC3
CHEMBL219406,,,1.8,,,,,,,,,,CCOC(=O)C1=C(C)Nc2nc3c(c(N)c2C1c1ccc(C)cc1)CCCC3
CHEMBL219410,,,,,,,,35.0,,,,,CO[C@H]1C[C@@H]2CC[C@@H](C)[C@@](O)(O2)C(=O)C(=O)N2CCCC[C@H]2C(=O)O[C@H]([C@H](C)C[C@@H]2CC[C@H](n3cnnn3)[C@H](OC)C2)CC(=O)[C@H](C)/C=C(\C)[C@@H](O)[C@@H](OC)C(=O)[C@H](C)C[C@H](C)/C=C/C=C/C=C/1C
CHEMBL219557,,,2.0,,,,,,,,,,COc1cc(Nc2c(C#N)cnc3cc(-c4coc(CN5CCN(C)CC5)c4)c(OC)cc23)c(Cl)cc1Cl
CHEMBL219861,,,,,,,0.2487999999999999,,30.0,108.0,33.74999999999999,,CC(C)Cn1c(=O)n(C)c(=O)c2c(C(=O)N3C[C@H](O)CO3)c(Cc3ccnc4ccccc34)sc21
CHEMBL219916,,,,,,,0.0334999999999999,7.5,,,,,O=c1[nH]c2ccccc2n1CCCN1CCC(n2c(=O)[nH]c3cc(Cl)ccc32)CC1
CHEMBL22,,,,,,,0.3390000000000001,9.6,3.0,10.8,5.094339622641509,,COc1cc(Cc2cnc(N)nc2N)cc(OC)c1OC
CHEMBL220294,,,7.0,,,,,,,,,,CCOC(=O)C1=C(C)Nc2nc3c(c(N)c2C1c1cccc([N+](=O)[O-])c1)CCCC3
CHEMBL2204343,,,,,,,0.0544,,,,,,O=C(CCCN1CC[Si](O)(c2ccc(Cl)cc2)CC1)c1ccc(F)cc1
CHEMBL2204344,,,,,,,0.0409,,,,,,O=C(CCCN1CC[Si](O)(c2cccc(C(F)(F)F)c2)CC1)c1ccc(F)cc1
CHEMBL220492,,,0.27645,,,,,,,,,,CC1(C)O[C@@H]2[C@@H](CO[C@@]3(COS(N)(=O)=O)OC(C)(C)O[C@@H]23)O1
CHEMBL2205498,,,,,,,0.0373999999999999,,,,,,CC(C)COc1ccc(-c2cc(O)nc(N)n2)cc1
CHEMBL2205509,,,,,,,0.0409,,,,,,CC(C)COc1ccc(-c2cc(O)nc(N)n2)cc1C#N
CHEMBL2206784,,,,,,,0.0081999999999999,,,,,,Cc1csc(NC(=O)COc2ncnc3c2cnn3-c2ccccc2Cl)n1
CHEMBL2206789,,,,,,,0.1395,,,,,,COCCC(Oc1ncnc2c1cnn2-c1ccccc1OC)C(=O)Nc1ccc(C)cn1
CHEMBL2206790,,,,,,,0.0456999999999999,,,,,,COCC[C@H](Oc1ncnc2c1cnn2-c1ccccc1Cl)C(=O)Nc1ccc(C)cn1
CHEMBL2207225,,,,,,,0.0544,,,,,,COc1cc(OC)c(S(=O)(=O)N2c3ccccc3CCC2C)cc1NC(=O)Cc1ccnc(F)c1
CHEMBL2207226,,,,,,,0.0098999999999999,,,,,,COc1cc(OC)c(S(=O)(=O)N2c3ccccc3Oc3ccccc32)cc1NC(=O)Cc1ccnc(F)c1
CHEMBL2207276,,,,,,,,,14.0,50.4,19.6875,,Cc1cc(Cl)ccc1OC1CCN(C[C@H](O)CNC(=O)c2c[nH]c(=O)c3cc(S(C)(=O)=O)ccc23)CC1
CHEMBL2207278,,,,,,,0.0108,,9.0,32.400000000000006,13.728813559322036,,O=C(NC[C@@H](O)CN1CCC(Oc2ccc(Cl)c(Cl)c2)CC1)c1c[nH]c(=O)c2cc(F)ccc12
CHEMBL2207280,,,,,,,0.0498999999999999,,8.0,28.8,12.413793103448272,,O=C(NC[C@@H](O)CN1CCC(Oc2ccc(Cl)c(Cl)c2)CC1)c1c[nH]c(=O)c2ccc(F)cc12
CHEMBL2207281,,,,,,,0.1237999999999999,,6.0,21.6,9.642857142857142,,O=C(NC[C@@H](O)CN1CCC(Oc2ccc(Cl)c(Cl)c2)CC1)c1c[nH]c(=O)c2cc(S(=O)(=O)NCCO)ccc12
CHEMBL2207282,,,,,,,,,3.0,10.8,5.094339622641509,,NS(=O)(=O)c1ccc2c(C(=O)NC[C@@H](O)CN3CCC(Oc4ccc(Cl)c(Cl)c4)CC3)c[nH]c(=O)c2c1
CHEMBL2207283,,,,,,,0.0768,,3.0,10.8,5.094339622641509,,Cc1c(Cl)ccc(OC2CCN(C[C@H](O)CNC(=O)c3c[nH]c(=O)c4ccc(S(C)(=O)=O)cc34)CC2)c1Cl
CHEMBL2207284,,,,,,,0.0854,,14.0,50.4,19.6875,,CNS(=O)(=O)c1ccc2c(C(=O)NC[C@@H](O)CN3CCC(Oc4ccc(Cl)c(Cl)c4)CC3)c[nH]c(=O)c2c1
CHEMBL2207285,,,,,,,,,21.0,75.6,26.619718309859152,,O=C(NC[C@@H](O)CN1CCC(Oc2ccc(Cl)c(Cl)c2)CC1)c1c[nH]c(=O)c2cc(S(=O)(=O)NC3CC3)ccc12
CHEMBL2207286,,,,,,,,,86.0,309.6,56.91176470588235,,CN(C)S(=O)(=O)c1ccc2c(C(=O)NC[C@@H](O)CN3CCC(Oc4ccc(Cl)c(Cl)c4)CC3)c[nH]c(=O)c2c1
CHEMBL2207596,,,,,,,0.0437,,,,,,COc1cc(O)c(S(=O)(=O)N2c3ccccc3CCC2C)cc1NC(=O)CCC(=O)O
CHEMBL2207599,,,,,,,0.0928,,,,,,COc1cc(OC)c(S(=O)(=O)N(c2ccccc2)c2ccccc2)cc1NC(=O)CCC(=O)O
CHEMBL2207600,,,,,,,0.0487999999999999,,,,,,COc1cc(OC)c(S(=O)(=O)N(c2ccc(C)cc2)c2ccc(C)cc2)cc1NC(=O)CCC(=O)O
CHEMBL2207603,,,,,,,0.024,,,,,,COc1cc(OC)c(S(=O)(=O)N2c3ccccc3Oc3ccccc32)cc1NC(=O)CCC(=O)O
CHEMBL2207606,,,,,,,0.024,,,,,,COc1cc(OC)c(S(=O)(=O)N2c3ccccc3Oc3ccccc32)cc1NC(=O)/C=C/C(=O)O
CHEMBL2207607,,,,,,,0.0646999999999999,,,,,,COc1cc(OC)c(S(=O)(=O)N2c3ccccc3CCC2C)cc1NC(=O)CCc1nn[nH]n1
CHEMBL2207654,,,,3.0,89.99950000277776,,0.0498999999999999,,48.0,172.79999999999998,44.08163265306123,,O=C(NC[C@@H](O)CN1CCC(Oc2ccc(Cl)c(Cl)c2)CC1)c1c[nH]c(=O)c2cc(S(=O)(=O)N3CCC3)ccc12
CHEMBL2207655,,,,,,,,,18.33,65.988,24.14312893311869,,CC1(O)CN(S(=O)(=O)c2ccc3c(C(=O)NC[C@@H](O)CN4CCC(Oc5ccc(Cl)c(Cl)c5)CC4)c[nH]c(=O)c3c2)C1
CHEMBL2207656,,,,,,,,,6.0,21.6,9.642857142857142,,O=C(NC[C@@H](O)CN1CCC(Oc2ccc(Cl)c(Cl)c2)CC1)c1c[nH]c(=O)c2c(F)cccc12
CHEMBL2207658,,,,,,,0.0213999999999999,,3.0,10.8,5.094339622641509,,O=C(NC[C@@H](O)CN1CCC(Oc2ccc(Cl)c(Cl)c2)CC1)c1c[nH]nc1C(F)(F)F
CHEMBL2207659,,,,,,,0.0357999999999999,,3.0,10.8,5.094339622641509,,Cc1cc(Cl)ccc1OC1CCN(C[C@H](O)CNC(=O)c2c[nH]nc2C(F)(F)F)CC1
CHEMBL2207660,,,,,,,,,3.0,10.8,5.094339622641509,,Cc1c(Cl)ccc(OC2CCN(C[C@H](O)CNC(=O)c3c[nH]nc3C(F)(F)F)CC2)c1Cl
CHEMBL2207661,,,,,,,0.0312999999999999,,9.0,32.400000000000006,13.728813559322036,,O=C(NC[C@@H](O)CN1CCC(Oc2ccc(Cl)c(Cl)c2)CC1)c1c[nH]nc1C1CC1
CHEMBL2207662,,,,,,,0.1118000000000001,,6.0,21.6,9.642857142857142,,O=C(NC[C@@H](O)CN1CCC(Oc2ccc(Cl)c(Cl)c2)CC1)c1c[nH]c(=O)cc1C(F)(F)F
CHEMBL2207663,,,,,,,0.1341,,3.0,10.8,5.094339622641509,,Cc1cc(Cl)ccc1OC1CCN(C[C@H](O)CNC(=O)c2c[nH]c(=O)cc2C(F)(F)F)CC1
CHEMBL2207664,,,,,,,0.0334999999999999,,6.0,21.6,9.642857142857142,,Cc1c(Cl)ccc(OC2CCN(C[C@H](O)CNC(=O)c3c[nH]c(=O)cc3C(F)(F)F)CC2)c1Cl
CHEMBL2207665,,,,,,,0.0646999999999999,,4.0,14.4,6.666666666666665,,Cn1cc(C(=O)NC[C@@H](O)CN2CCC(Oc3ccc(Cl)c(Cl)c3)CC2)c(C(F)(F)F)cc1=O
CHEMBL2207666,,,,,,,0.0182999999999999,,17.25,62.1,23.08550185873605,,O=C(NC[C@@H](O)CN1CCC(Oc2ccc(Cl)c(Cl)c2)CC1)c1c[nH]c(=O)c2ccccc12
CHEMBL2207667,,,,,,,0.2120999999999999,,10.0,36.0,15.0,,NC(=O)c1c(OC2CCN(C[C@H](O)CNC(=O)c3c[nH]c(=O)c4ccccc34)CC2)ccc(Cl)c1Cl
CHEMBL2207669,,,,9.0,89.99970000144444,,0.1970999999999999,,21.5,77.39999999999999,27.062937062937063,,N#Cc1ccc(OC2CCN(C[C@H](O)CNC(=O)c3c[nH]c(=O)c4ccccc34)CC2)cc1Cl
CHEMBL2207670,,,,,,,0.3187000000000001,,3.0,10.8,5.094339622641509,,CS(=O)(=O)c1ccc2c(C(=O)NC[C@@H](O)CN3CCC(Oc4ccc(C#N)c(Cl)c4)CC3)c[nH]c(=O)c2c1
CHEMBL2207671,,,,,,,0.0968000000000001,,6.0,21.6,9.642857142857142,,CS(=O)(=O)c1ccc2c(C(=O)NC[C@@H](O)CN3CCC(Oc4ccc(Cl)c(Cl)c4)CC3)c[nH]c(=O)c2c1
CHEMBL2207672,,,,,,,,,13.0,46.8,18.57142857142857,,Cc1c(Cl)ccc(OC2CCN(C[C@H](O)CNC(=O)c3c[nH]c(=O)c4cc(S(C)(=O)=O)ccc34)CC2)c1Cl
CHEMBL2208422,,,,,,,,,7.0,25.2,11.05263157894737,,N#Cc1cccc(S(=O)(=O)NC[C@@H](O)CN2CCC(Oc3ccc(Cl)c(Cl)c3)CC2)c1
CHEMBL2208423,,,,,,,0.0646999999999999,,4.0,14.4,6.666666666666665,,N#Cc1cccc(C(=O)NC[C@@H](O)CN2CCC(Oc3ccc(Cl)c(Cl)c3)CC2)c1
CHEMBL2208427,,,,,,,0.0031999999999999,,,,,,COc1cc(C(=O)NC[C@@H](O)CN2CCC(Oc3ccc(Cl)c(Cl)c3)CC2)ccc1N
CHEMBL2208428,,,,,,,0.0871999999999999,,,,,,CS(=O)(=O)c1ccccc1C(=O)NC[C@@H](O)CN1CCC(Oc2ccc(Cl)c(Cl)c2)CC1
CHEMBL2208429,,,,,,,,,3.0,10.8,5.094339622641509,,O=C(NC[C@@H](O)CN1CCC(Oc2ccc(Cl)c(Cl)c2)CC1)c1n[nH]c2ccccc12
CHEMBL2208430,,,,,,,0.0191,,3.0,10.8,5.094339622641509,,O=C(NC[C@@H](O)CN1CCC(Oc2ccc(Cl)c(Cl)c2)CC1)c1c[nH]c2ccccc12
CHEMBL2208431,,,,,,,0.035,,3.0,10.8,5.094339622641509,,O=C(NC[C@@H](O)CN1CCC(Oc2ccc(Cl)c(Cl)c2)CC1)c1n[nH]c(=O)c2ccccc12
CHEMBL2208432,,,,,,,,,3.0,10.8,5.094339622641509,,O=C(NC[C@@H](O)CN1CCC(Oc2ccc(Cl)c(Cl)c2)CC1)n1c(=O)[nH]c2ccccc21
CHEMBL2208434,,,,,,,0.0182999999999999,,3.0,10.8,5.094339622641509,,O=C(NC[C@@H](O)CN1CCC(Oc2ccc(Cl)c(Cl)c2)CC1)c1cc(=O)[nH]c2ccccc12
CHEMBL2208435,,,,,,,,,8.0,28.8,12.413793103448272,,O=C(NC[C@@H](O)CN1CCC(Oc2ccc(Cl)c(Cl)c2)CC1)c1cnnc2ccccc12
CHEMBL22097,,,,,,,,4.9,,,,,CN1C(=O)C(O)N=C(c2ccccc2Cl)c2cc(Cl)ccc21
CHEMBL221113,,,212.0,,,,,,,,,,CCc1cc2c(c(C(F)(F)F)c1)C(=O)N1CCNC[C@@H]21
CHEMBL221572,,,,,,,,2.5,,,,,NC[C@H]1O[C@H](O[C@H]2[C@H](O[C@@H]3O[C@H](CO)[C@@H](O)[C@H]3O)[C@@H](O)[C@H](N)C[C@@H]2N)[C@H](N)[C@@H](O)[C@@H]1O
CHEMBL2216830,,,,39.81,89.99996232104064,,0.02,,87.1,313.55999999999995,57.17724288840262,,C=CC(=O)Nc1cccc(CN2C(=O)N(c3c(Cl)c(OC)cc(OC)c3Cl)Cc3cnc(NCCCCN(CC)CC)nc32)c1
CHEMBL2216839,,,,54.95,89.99997270246506,,0.0191,,107.15,385.74,61.36493795736557,,C[C@@H]1CN(Cc2nnc(-c3cc(-c4cccc5[nH]ccc45)cc4[nH]ncc34)o2)C[C@H](C)O1
CHEMBL2216859,,,,9.07,89.9997004637948,,0.03,,35.48,127.72799999999998,37.35610669162377,,CC(C)N1CCN(Cc2cnc(-c3cc(-c4cccc5[nH]ccc45)cc4[nH]ncc34)o2)CC1
CHEMBL2216870,,,,12.375,89.99981868180507,,,,21.88,78.768,27.39565943238731,,CC[C@H](Nc1ncnc2[nH]cnc12)c1nc2cccc(F)c2c(=O)n1-c1ccccc1
CHEMBL2216902,,,,10.0,89.99985000025,,0.2198999999999999,,20.42,73.512,26.09769951718262,,CC(C)c1nc2ccccc2n1-c1nc(N2CCOCC2)c2nc(OC3CN(C4CCS(=O)(=O)CC4)C3)n(C)c2n1
CHEMBL22183,,,,,,,0.1095,,,,,,Cc1ccc(Sc2ccccc2CN(C)C)c(N)c1
CHEMBL221886,,,,,,,,2.4,,,,,CN[C@@H]1[C@@H](O)[C@@H](O[C@@H]2[C@@H](O)[C@H](O[C@H]3OC(CN)=CC[C@H]3N)[C@@H](N)C[C@H]2N)OC[C@]1(C)O
CHEMBL2219422,,,,7.08,89.99978813609196,,,,,,,,Cn1ncc(Cl)c1-c1cc(C(=O)N[C@H](CN)Cc2cccc(F)c2)sc1Cl
CHEMBL2220384,,,,,,,,5.0,,,,,CCOC(=O)C1(c2ccccc2)CCC=CC1N(C)C
CHEMBL2220442,,,,3.0,89.99950000277776,,0.0048,0.7,8.33,29.988,12.852734441968114,,CC(C)n1c(/C=C/C(O)CC(O)CC(=O)O)c(-c2ccc(F)cc2)c2ccccc21
CHEMBL222333,,,,,,,0.0135999999999999,,,,,,CCNC(=O)Nc1nc2cc(-c3cccnc3)cc(-c3ncccc3F)c2[nH]1
CHEMBL22242,,,,,,,,5.5,,,,,CCN1CCC[C@H]1CNC(=O)c1c(OC)ccc(Br)c1OC
CHEMBL222645,,,,,,,,1.4,,,,,Cc1onc(-c2c(F)cccc2Cl)c1C(=O)N[C@@H]1C(=O)N2[C@@H]1SC(C)(C)[C@@H]2C(=O)O
CHEMBL222659,,,,,,,,,146.0,525.6,67.04081632653062,,O=C(Nc1ccccn1)c1ccc2[nH]c(-c3ccc(NC(=O)C45CC6CC(CC(C6)C4)C5)cc3)nc2c1
CHEMBL222813,,,,,,,,1.7,,,,,CC(=O)N[C@H]1[C@H]([C@H](O)[C@H](O)CO)OC(C(=O)O)=C[C@@H]1NC(=N)N
CHEMBL222989,,,,26.92,89.99994427938071,,,,,,,,O=C(O)CN1C(=O)C(=O)c2ccccc21
CHEMBL223166,,,,,,,0.3087999999999999,,,,,,COc1ccccc1O[C@@H](c1ccccc1)[C@@H]1CNCCO1
CHEMBL223228,,,,8.51,89.99982373712547,,,,,,,,O=C1Nc2ccc(Cl)cc2[C@@](C#CC2CC2)(C(F)(F)F)O1
CHEMBL223402,,,,9.12,89.99983552661635,,0.0365999999999999,,11.22,40.392,16.494609604704344,,O=C(Nc1ccccc1F)N[C@H]1N=C(c2ccccc2)c2ccccc2NC1=O
CHEMBL223713,,,,150.0,89.9999900000011,,,,44.67,160.81199999999998,42.466462448505325,,CCc1cccc2c1N(C)Cc1cc3c(cc1-2)OCO3
CHEMBL22442,,,,,,,,,20.42,73.512,26.09769951718262,,CCCc1cc(OCc2ccccc2)cc(=O)n1Cc1ccc(-c2ccccc2-c2nn[nH]n2)cc1
CHEMBL225519,,,1.84,,,,0.5854999999999999,,,,,,O=C1NCCc2[nH]c(-c3ccncc3)cc21
CHEMBL226471,,,9.45,,,,,,,,,,O=C1NCCc2[nH]c(-c3ccnc(-c4ccccc4F)c3)cc21
CHEMBL226646,,,,,,,0.0179,,,,,,Cc1nnc(-c2ccc(N3CCC(Oc4cc(F)ccc4Cl)CC3)nn2)o1
CHEMBL227497,,,0.07,,,,,,,,,,O=C(NCc1ccc(F)cc1)c1nc(C2CCCCN2)nc(O)c1O
CHEMBL228814,,,,,,,0.0059999999999998,,,,,,Cc1ccc(C(=O)N(CCCN)[C@@H](c2nc3cc(Cl)ccc3c(=O)n2Cc2ccccc2)C(C)C)cc1
CHEMBL229008,,,320.0,,,,,,,,,,CCN1CCN(c2ccc(C(C)(C)NC(=O)c3cc4[nH]c5ccccc5c(=O)c4cc3F)cn2)CC1
CHEMBL229402,,,31.3,,,,,,,,,,Cc1cc(-c2ccc(N(C)C)cc2)cc(-c2ccc(N(C)C)cc2)[s+]1.[I-]
CHEMBL229404,,,71.41666666666667,,,,,,,,,,CCCc1cc(-c2ccc(N(C)C)cc2)cc(-c2ccc(N(C)C)cc2)[s+]1.[I-]
CHEMBL229430,,,,,,,0.0009999999999998,,,,,,CC(=O)Nc1nc2c(Oc3cc(-c4ccc(C(F)(F)F)cc4)ncn3)cccc2s1
CHEMBL229938,,,87.38333333333333,,,,,,,,,,CN(C)c1ccc(-c2cc(-c3ccc(N(C)C)cc3)[s+]c(C(C)(C)C)c2)cc1.[I-]
CHEMBL23,,,,79.665,89.99991461429207,,0.2402999999999999,5.6,43.65,157.14,41.94874532835024,,COc1ccc([C@@H]2Sc3ccccc3N(CCN(C)C)C(=O)[C@@H]2OC(C)=O)cc1
CHEMBL230034,,,0.4,,,,,,,,,,N=C(N)NCCC[C@H](NC(=O)c1ccc(C(c2ccccc2)c2ccccc2)o1)C(=O)O
CHEMBL230232,,,2.5,,,,,,,,,,N#Cc1cnc2c(Br)cc(NCc3c[nH]nn3)cc2c1Nc1ccc(F)c(Cl)c1
CHEMBL230245,,,,,,,0.0446999999999999,,,,,,CC(C)S(=O)(=O)N(C)c1cc(C(=O)N[C@@H](Cc2ccccc2)[C@@H](N)CF)cc(NC[C@H]2C[C@@H]2C)n1
CHEMBL2303613,,,,,,,,4.2,,,,,CO/N=C(\C(=O)N[C@@H]1C(=O)N2C(C(=O)O)=C(CSc3nc(C)c(CC(=O)O)s3)CS[C@H]12)c1csc(N)n1
CHEMBL230654,,,5.0,,,,,,,,,,CCCc1[nH]cnc1CNc1cc(Cl)c2ncc(C#N)c(Nc3ccc(F)c(Cl)c3)c2c1
CHEMBL230761,,,5.0,,,,,,,,,,Cn1cnc(CNc2cc(Br)c3ncc(C#N)c(Nc4ccc(F)c(Cl)c4)c3c2)c1
CHEMBL2312113,,,,150.0,89.9999900000011,,0.0023999999999999,,150.0,539.9999999999999,67.5,,COc1cc(O)c(C(CC(=O)N2CC(C)CC(C)C2)c2ccc3c(c2)OCO3)c(OC)c1
CHEMBL2312185,,,,19.5,89.99992307698882,,0.1140999999999999,,27.54,99.144,31.96543719370647,,CNc1nc(C)c(-c2nc(Nc3cccc(N4CCCNCC4)c3)ncc2C#N)s1
CHEMBL2312918,,,,,,,0.0373999999999999,,,,,,CCCN(c1ccon1)P(=O)(c1ccccc1)c1ccccc1
CHEMBL2312920,,,,,,,0.0056,,,,,,CCCN(c1cccc(C#N)c1)P(=O)(c1ccccc1)c1ccccc1
CHEMBL2312921,,,,,,,0.0320999999999999,,,,,,CCCN(c1cccc(S(C)(=O)=O)c1)P(=O)(c1ccccc1)c1ccccc1
CHEMBL2312933,,,,,,,0.0204999999999999,,,,,,CCCN(c1cccnc1)P(=O)(c1ccccc1)c1ccccc1
CHEMBL2313226,,,,,,,0.0234,,,,,,O=P(c1ccccc1)(c1ccccc1)N(Cc1ccccn1)c1cccnc1
CHEMBL2313227,,,,,,,0.0871999999999999,,,,,,COCCN(c1cccnc1)P(=O)(c1ccccc1)c1ccccc1
CHEMBL2313229,,,,,,,0.0048999999999999,,,,,,O=P(c1ccccc1)(c1ccccc1)N(Cc1ccccn1)Cc1ccccn1
CHEMBL2313230,,,,,,,0.1189,,,,,,CCCN(c1cncnc1)P(=O)(c1ccccc1)c1ccccc1
CHEMBL2313309,,,,,,,0.3237000000000001,,,,,,Cc1csc(N)c1C(N)=O
CHEMBL2314383,,,,30.9,89.99995145633686,,,,150.0,539.9999999999999,67.5,,CC(C)c1ccc(Sc2cnc(O)c(C(=O)NCc3ccccc3)c2)cc1
CHEMBL2316109,,,,,,,0.013,,,,,,C[S+]([O-])Cc1ccc(C(=O)Nc2cccnc2C(=O)NCC2CCC2)c2ccccc12
CHEMBL2316382,,,,,,,0.0544,,,,,,COc1ccc(NC(=O)c2ccc(C[S+](C)[O-])c3ccccc23)c(C(=O)NCC2CCOCC2)n1
CHEMBL2316386,,,,,,,0.0498999999999999,,,,,,C[S+]([O-])Cc1ccc(C(=O)Nc2ccc(OCCOCCO)nc2C(=O)NCC2CCC2)c2ccccc12
CHEMBL231662,,,15.5,,,,,,,,,,Cn1cncc1CN1CC(N(CC2CCN(C(=O)OC(C)(C)C)CC2)S(=O)(=O)c2ccccn2)Cc2cc(C#N)ccc21
CHEMBL231805,,,0.6,,,,,,,,,,CC(C)NC(=O)N1CCC(CN(C2Cc3cc(C#N)ccc3N(Cc3cncn3C)C2)S(=O)(=O)c2ccccn2)CC1
CHEMBL231898,,,0.6,,,,,,,,,,Cn1cncc1CN1CC(N(CC2CCN(C(=O)NC(C)(C)C)CC2)S(=O)(=O)c2ccccn2)Cc2cc(C#N)ccc21
CHEMBL232104,,,1.1,,,,,,,,,,COC(=O)N1CCC(CN(C2Cc3cc(C#N)ccc3N(Cc3cncn3C)C2)S(=O)(=O)c2ccccn2)CC1
CHEMBL232122,,,0.5,,,,,,,,,,Cn1cncc1CN1CC(N(CC2CCN(C(=O)CC(F)(F)F)CC2)S(=O)(=O)c2ccccn2)Cc2cc(C#N)ccc21
CHEMBL2322164,,,,,,,0.1262999999999999,,,,,,COc1ccc(-c2cc(O)nc(N)n2)cc1C#N
CHEMBL2323231,,,,150.0,89.9999900000011,,0.0017,,150.0,539.9999999999999,67.5,,O=C(CSc1nc2c(c(=O)n1-c1ccccc1)SCC2)Nc1ccc(-c2ccccc2)cn1
CHEMBL2323239,,,,128.82,89.99998835584688,,0.0023,,150.0,539.9999999999999,67.5,,O=C(CSc1nc2c(c(=O)n1-c1ccccc1)SCC2)Nc1ncc(-c2ccccc2)s1
CHEMBL232418,,,6.3,,,,,,,,,,O=C(NC1CCN(C(=O)CCc2cccnc2)CC1)C(c1ccc(Cl)cc1)c1ccc(Cl)cc1
CHEMBL2324355,,,,74.13,89.99997976528176,,0.0159999999999999,,3.0,10.8,5.094339622641509,,Cc1nocc1C(=O)Nc1ccc(-c2ccccc2OC(F)(F)F)c(N)n1
CHEMBL2324423,,,,,,,0.0040999999999999,,,,,,N#Cc1cc(S(=O)(=O)Nc2ncns2)ccc1Oc1cc(Cl)c(F)cc1-c1ccnnc1
CHEMBL232484,,,0.6,,,,,,,,,,CN(C)C(=O)N1CCC(CN(C2Cc3cc(C#N)ccc3N(Cc3cncn3C)C2)S(=O)(=O)c2ccccn2)CC1
CHEMBL2325014,,,,5.62,89.99973309687694,,0.0023999999999999,,,,,,Nc1[nH]ncc1-c1cc(Cl)ccc1Oc1cc(F)c(S(=O)(=O)Nc2cscn2)cc1Cl
CHEMBL2325021,,,,,,,0.0059,,,,,,N#Cc1cc(S(=O)(=O)Nc2ncns2)ccc1Oc1ccc(C(F)(F)F)cc1-c1ccnnc1
CHEMBL232523,,,2.6,,,,,,,,,,CCOC(=O)N1CCC(CN(C2Cc3cc(C#N)ccc3N(Cc3cncn3C)C2)S(=O)(=O)c2ccccn2)CC1
CHEMBL232526,,,25.15,,,,,,,,,,Cn1cncc1CN1CC(N(Cc2ccc(S(C)(=O)=O)cc2)S(=O)(=O)c2ccccn2)Cc2cc(C#N)ccc21
CHEMBL2325503,,,,,,,0.0633,,3.0,10.8,5.094339622641509,,CS(=O)(=O)c1ccc(-c2nnc(/C=C/c3nnc(-c4ccc(C#N)cc4)o3)n2-c2ccccc2Cl)nc1
CHEMBL2325601,,,,,,,0.0034,,,,,,Nc1n[nH]cc1-c1cc(C(F)(F)F)ccc1Oc1cc(F)c(S(=O)(=O)Nc2cscn2)cc1Cl
CHEMBL2325622,,,,,,,0.0159999999999999,,,,,,CN1CC(n2nccc2-c2cc(Cl)ccc2Oc2cc(F)c(S(=O)(=O)Nc3ncns3)cc2F)C1
CHEMBL2325635,,,,,,,0.0080999999999999,,,,,,N#Cc1cc(S(=O)(=O)Nc2ncc(Cl)s2)ccc1Oc1ccc(Cl)cc1-c1ccnn1C1CNC1
CHEMBL2325642,,,,,,,0.02,,,,,,O=S(=O)(Nc1ncns1)c1cc(F)c(Oc2ccc(Cl)cc2-c2ccnn2C2CNC2)cc1F
CHEMBL2325697,,,,,,,,,7.41,26.676,11.616443128374849,,C[C@@H]1COCCN1c1cc(C2(S(C)(=O)=O)CC2)nc(-c2cccc3[nH]ccc23)n1
CHEMBL2325699,,,,,,,,,8.91,32.076,13.61228993379732,,CS(=O)(=O)C1(c2cc(N3CC4CCC(C3)O4)nc(-c3cccc4[nH]ccc34)n2)CC1
CHEMBL2325704,,,,,,,,,11.22,40.392,16.494609604704344,,CS(=O)(=O)C1(c2cc(N3CCOCC3)nc(-c3cccc4[nH]ccc34)n2)CC1
CHEMBL2325716,,,,3.0,89.99950000277776,,,,,,,,CS(=O)(=O)C1(c2cc(N3CCOCC3)nc(-c3cccc4[nH]ncc34)n2)CC1
CHEMBL2325719,,,,,,,,,5.75,20.700000000000003,9.282511210762332,,Cc1ccc2[nH]ccc2c1-c1nc(N2CCOCC2)cc(C2(S(C)(=O)=O)CC2)n1
CHEMBL232604,,,59.0,,,,,,,,,,CCS(=O)(=O)CCCn1c(Cn2c(=O)n(C(F)F)c3ccncc32)nc2ccccc21
CHEMBL2326523,,,,,,,0.0080999999999999,,,,,,Cc1ccc(C(=O)N(CCCN)[C@H](c2nc3cc(Cl)ccc3c(=O)n2Cc2ccccc2)C(C)C)cc1
CHEMBL232656,,,,,,,0.0204999999999999,,21.0,75.6,26.619718309859152,,C[C@@H]1CN(Cc2ccc(F)cc2)CCN1C(=O)COc1ccc(Cl)cc1NC(N)=O
CHEMBL2326623,,,,22.0,89.99992633935048,,0.0156,,58.5,210.6,48.52534562211982,,COc1cccc2c1c(NS(=O)(=O)c1ccc(Cl)s1)nn2Cc1cccc(CNC(=O)[C@H]2COCCN2)c1
CHEMBL2326624,,,,23.0,89.9999336538959,,0.0159999999999999,,40.5,145.79999999999998,40.27624309392265,,COc1cccc2c1c(NS(=O)(=O)c1ccc(Cl)s1)nn2Cc1cccc(CNC(=O)[C@@H]2COCCN2)c1
CHEMBL2326864,,,,12.88,89.99988354052337,,0.4655,,3.98,14.328,6.635791033716191,,CC(=O)Nc1nc(CCc2ccc(NC(=N)N)cc2)cs1
CHEMBL232846,,,,12.375,89.99983009194588,,,,8.13,29.268,12.587304317908137,,C[C@H](CO)Nc1nc(SCc2ccccc2F)nc2nc(N)sc12
CHEMBL232978,,,21.0,,,,,,,,,,O=c1n(Cc2nc3ccccc3n2CCCS(=O)(=O)C2CC2)c2cnccc2n1C1CC1
CHEMBL232979,,,245.0,,,,,,,,,,O=c1n(Cc2nc3ccccc3n2CCCCF)c2cnccc2n1CC(F)(F)F
CHEMBL233028,,,16.0,,,,,,,,,,O=C(NC1CCN(C(=O)CCc2cccnc2)CC1)C(c1ccccc1)C1CCC(F)(F)CC1
CHEMBL2331738,,,,,,,0.0262,,,,,,Cc1cn([C@H]2CCCN(S(=O)(=O)c3cccc(Oc4ccccc4)c3)C2)c(=O)[nH]c1=O
CHEMBL2331741,,,,,,,0.0568,,,,,,Cc1cccc(Oc2cc(S(=O)(=O)N3CCC[C@H](n4cc(C)c(=O)[nH]c4=O)C3)ccc2C(=O)O)c1
CHEMBL2331742,,,,,,,0.04,,,,,,Cc1cn([C@H]2CCCN(S(=O)(=O)c3ccc(C(=O)O)c(Oc4cccc(Cl)c4)c3)C2)c(=O)[nH]c1=O
CHEMBL2331743,,,,,,,0.0357999999999999,,,,,,Cc1cn([C@H]2CCCN(S(=O)(=O)c3ccc(C(N)=O)c(Oc4cccc(Cl)c4)c3)C2)c(=O)[nH]c1=O
CHEMBL2331744,,,,,,,0.0229,,,,,,Cc1cn([C@H]2CCCN(S(=O)(=O)c3ccc(C#N)c(Oc4cccc(Cl)c4)c3)C2)c(=O)[nH]c1=O
CHEMBL2331745,,,,,,,0.0251,,,,,,COc1ccc(S(=O)(=O)N2CCC[C@H](n3cc(C)c(=O)[nH]c3=O)C2)cc1Oc1cccc(Cl)c1
CHEMBL2331746,,,,,,,0.062,,,,,,Cc1cn([C@H]2CCCN(S(=O)(=O)c3ccc(O)c(Oc4ccccc4)c3)C2)c(=O)[nH]c1=O
CHEMBL2331748,,,,,,,0.0456999999999999,,,,,,Cc1cn([C@H]2CCCN(S(=O)(=O)c3ccc(O)c(Oc4cccc(F)c4)c3)C2)c(=O)[nH]c1=O
CHEMBL2331749,,,,89.13,89.99998317065275,,0.0139,,,,,,Cc1cn([C@H]2CCCN(S(=O)(=O)c3ccc(O)c(Oc4ccc(Cl)cc4)c3)C2)c(=O)[nH]c1=O
CHEMBL2331750,,,,20.42,89.99992654266525,,,,,,,,Cc1cc(Oc2cc(S(=O)(=O)N3CCC[C@H](n4cc(C)c(=O)[nH]c4=O)C3)ccc2O)ccc1Cl
CHEMBL2331751,,,,38.02,89.99996054709777,,0.0139,,,,,,Cc1cn([C@H]2CCCN(S(=O)(=O)c3ccc(O)c(Oc4cccc(Br)c4)c3)C2)c(=O)[nH]c1=O
CHEMBL2331752,,,,74.13,89.99997976528176,,0.0119,,,,,,Cc1cn([C@H]2CCCN(S(=O)(=O)c3ccc(O)c(Oc4cc(F)cc(Cl)c4)c3)C2)c(=O)[nH]c1=O
CHEMBL2331753,,,,,,,0.0139,,,,,,Cc1cn([C@H]2CCCN(S(=O)(=O)c3ccc(O)c(Oc4cccc(C(F)(F)F)c4)c3)C2)c(=O)[nH]c1=O
CHEMBL2331754,,,,,,,0.0736,,,,,,Cc1cn([C@H]2CCCN(S(=O)(=O)c3ccc(CO)c(Oc4cccc(Cl)c4)c3)C2)c(=O)[nH]c1=O
CHEMBL2331843,,,,112.2,89.99998663101803,,0.2045,,51.29,184.644,45.57310692072267,,CCc1[nH]c2nc(Sc3cnc4ccc[n+]([O-])c4c3)nc(N3CC[C@@H](N)C3)c2c1Cl
CHEMBL233263,,,,,,,0.1165,,5.0,18.0,8.181818181818182,,C[C@H](CO)Nc1nc(SCc2ccco2)nc2nc(N)sc12
CHEMBL2332935,,,,,,,,,8.0,28.8,12.413793103448272,,CC(=O)Nc1ccc(O)cc1OC[C@@H](O)CN1CCC2(CC1)Cc1cc(Cl)ccc1O2
CHEMBL2332936,,,,,,,,,3.0,10.8,5.094339622641509,,CC(=O)Nc1ccc(O)cc1OC[C@@H](O)CN1CCC2(CC1)Cc1cc(F)ccc1O2
CHEMBL2333941,,,,,,,0.4598,,,,,,C[C@@]1(c2cc(-c3cncnc3)c(F)cc2F)CCSC(N)=N1
CHEMBL2334144,,,,18.62,89.9999194415329,,,,,,,,Cc1c(Cl)cccc1S(=O)(=O)N1CCC[C@H](C(=O)NC2CCCCC2)C1
CHEMBL2335504,,,,,,,0.0148999999999999,,,,,,CC(=O)N[C@@H](C)c1ccc(Nc2ncc3cc(-c4ccncc4)ccc3n2)cc1
CHEMBL2335864,,,,,,,0.0170999999999998,,,,,,COCCNC(=O)c1ccc(Nc2ncc3cc(-c4ccncc4)ccc3n2)cc1
CHEMBL2335866,,,,,,,0.002,,,,,,COCCNC(=O)c1ccc(Nc2ncc3cc(-c4ccncc4OC)ccc3n2)cc1
CHEMBL2335867,,,,,,,0.0139,,,,,,COCCNC(=O)c1ccc(Nc2ncc3cc(-c4ccncc4C)ccc3n2)cc1
CHEMBL2335871,,,,,,,0.0262,,,,,,COCCNC(=O)c1ccc(Nc2ncc3cc(-c4cnccc4C)ccc3n2)cc1
CHEMBL2335876,,,,,,,0.004,,,,,,COCCNC(=O)c1ccc(Nc2ncc3cc(-c4ccncc4)ccc3n2)cc1C
CHEMBL2335878,,,,,,,0.0110999999999999,,,,,,CN(C)CCNC(=O)c1ccc(Nc2ncc3cc(-c4ccncc4)ccc3n2)cc1
CHEMBL2335879,,,,,,,0.0080999999999999,,,,,,CN1CCCC1CCNC(=O)c1ccc(Nc2ncc3cc(-c4ccncc4)ccc3n2)cc1
CHEMBL2335881,,,,,,,0.1029999999999999,,42.66,153.57599999999996,41.43535506151521,,COCCNCc1ccc(Nc2ncc3cc(-c4ccncc4)ccc3n2)cc1
CHEMBL2335883,,,,,,,0.0498999999999999,,,,,,CN(C)CCNCc1ccc(Nc2ncc3cc(-c4ccncc4)ccc3n2)cc1
CHEMBL2335884,,,,,,,0.028,,,,,,c1cc(-c2ccc3nc(Nc4ccc(OCCN5CCCC5)cc4)ncc3c2)ccn1
CHEMBL2335885,,,,,,,0.0262,,,,,,COCCC(=O)N(C)c1ccc(Nc2ncc3cc(-c4ccncc4)ccc3n2)cc1
CHEMBL2335887,,,,,,,0.0179,,,,,,COCCC(=O)Nc1ccc(Nc2ncc3cc(-c4ccncc4)ccc3n2)cc1
CHEMBL2335888,,,,,,,0.0191,,,,,,CC(=O)N(C)c1ccc(Nc2ncc3cc(-c4ccncc4)ccc3n2)cc1
CHEMBL2335889,,,,,,,0.0059999999999998,,,,,,CC(=O)Nc1ccc(Nc2ncc3cc(-c4ccncc4)ccc3n2)cc1
CHEMBL2335890,,,,40.74,89.9999631811638,,,,75.86,273.096,54.2459876052757,,COCCN(C)c1ccc(Nc2ncc3cc(-c4ccncc4)ccc3n2)cc1
CHEMBL2335892,,,,,,,0.0139,,,,,,COCCC(=O)NC(C)c1ccc(Nc2ncc3cc(-c4ccncc4)ccc3n2)cc1
CHEMBL2335893,,,,,,,0.0182999999999999,,,,,,COCCC(=O)N[C@H](C)c1ccc(Nc2ncc3cc(-c4ccncc4)ccc3n2)cc1
CHEMBL2335895,,,,,,,0.013,,,,,,CC(=O)NC(C)c1ccc(Nc2ncc3cc(-c4ccncc4)ccc3n2)cc1
CHEMBL2335896,,,,,,,0.0245,,,,,,CC(=O)N[C@H](C)c1ccc(Nc2ncc3cc(-c4ccncc4)ccc3n2)cc1
CHEMBL2335897,,,,,,,0.0487999999999999,,,,,,C[C@@H](NC(=O)[C@H]1CCCCN1)c1ccc(Nc2ncc3cc(-c4ccncc4)ccc3n2)cc1
CHEMBL2335898,,,,,,,0.0383,,,,,,C[C@@H](NC(=O)C1CCCCN1C)c1ccc(Nc2ncc3cc(-c4ccncc4)ccc3n2)cc1
CHEMBL2335900,,,,,,,0.0544,,,,,,C[C@@H](NC(=O)[C@H]1CCCNC1)c1ccc(Nc2ncc3cc(-c4ccncc4)ccc3n2)cc1
CHEMBL2335901,,,,3.0,89.99950000277776,,0.0476999999999999,,4.17,15.012,6.928189034520952,,C[C@@H](NC(=O)C1CCNCC1)c1ccc(Nc2ncc3cc(-c4ccncc4)ccc3n2)cc1
CHEMBL2335903,,,,,,,0.0135999999999999,,,,,,C[C@@H](NC1=CC(=O)CCC1)c1ccc(Nc2ncc3cc(-c4ccncc4)ccc3n2)cc1
CHEMBL2335904,,,,,,,0.02,,,,,,C[C@@H](NC1=CC(=O)CC1)c1ccc(Nc2ncc3cc(-c4ccncc4)ccc3n2)cc1
CHEMBL2335905,,,,,,,0.0287,,,,,,C[C@@H](NC1=CC(=O)NCC1)c1ccc(Nc2ncc3cc(-c4ccncc4)ccc3n2)cc1
CHEMBL2335906,,,,,,,0.0357999999999999,,,,,,C[C@@H](NC1=CC(=O)CNC1)c1ccc(Nc2ncc3cc(-c4ccncc4)ccc3n2)cc1
CHEMBL2335907,,,,,,,0.0343000000000001,,,,,,COc1cc(-c2ccncc2)cc2cnc(Nc3ccc([C@@H](C)NC(C)=O)cc3)nc12
CHEMBL2335908,,,,,,,0.0262,,,,,,COc1cc2nc(Nc3ccc([C@@H](C)NC(C)=O)cc3)ncc2cc1-c1ccncc1
CHEMBL2335911,,,,,,,0.0191,,,,,,CC(=O)N[C@H](C)c1ccc(Nc2ncc3cc(-c4ccncc4)c(C)cc3n2)cc1
CHEMBL233629,,,0.7,,,,,,,,,,C#CCN1C[C@H](C(=O)NO)[C@H](NC(=O)c2ccc(Cc3cc(C)nc4ccccc34)cc2)C1
CHEMBL2336319,,,,38.02,89.99996054709777,,,,,,,,COc1ccc(-c2ccc3c(N4CCOC[C@@H]4C)nc(N4CCOC[C@@H]4C)nc3n2)cc1C(C)O
CHEMBL2336322,,,,4.27,89.99964871331494,,,,,,,,COc1ccc(-c2ccc3c(N4CCOC[C@@H]4C)nc(N4CCOC[C@@H]4C)nc3n2)cc1C(=O)N(C)C
CHEMBL2336324,,,,150.0,89.9999900000011,,,,,,,,C[C@H]1COCCN1c1nc(N2CCOC[C@@H]2C)c2ccc(-c3ccc4nc[nH]c(=O)c4c3)nc2n1
CHEMBL2336326,,,,10.0,89.99985000025,,,,,,,,C[C@H]1COCCN1c1nc(N2CCOC[C@@H]2C)c2ccc(-c3cccc(C(=O)NCCO)c3)nc2n1
CHEMBL233675,,,10.0,,,,,,,,,,O=C(NC1CCN(C(=O)CCc2cccnc2)CC1)C(c1ccc(Cl)cc1)C1CCCCC1
CHEMBL233717,,,0.1,,,,,,,,,,CC(C)S(=O)(=O)N1CCC(CN(C2Cc3cc(C#N)ccc3N(Cc3cncn3C)C2)S(=O)(=O)c2ccccn2)CC1
CHEMBL233718,,,0.1,,,,,,,,,,Cn1cncc1CN1CC(N(CC2CCN(S(=O)(=O)c3ccccc3)CC2)S(=O)(=O)c2ccccn2)Cc2cc(C#N)ccc21
CHEMBL233719,,,0.1,,,,,,,,,,Cn1cnc(S(=O)(=O)N2CCC(CN(C3Cc4cc(C#N)ccc4N(Cc4cncn4C)C3)S(=O)(=O)c3ccccn3)CC2)c1
CHEMBL2337977,,,,3.31,89.99954683007638,,0.0928,,,,,,CC(C)(C)NC(=O)NCCN1CC(NC(=O)c2cc(Cl)cc(Cl)c2)C1
CHEMBL2337979,,,,,,,0.028,,,,,,CC(C)(C)NC(=O)NCCN1CCCC(NC(=O)c2cc(Cl)cc(Cl)c2)C1
CHEMBL2337980,,,,,,,0.2319,,,,,,CC(C)(C)NC(=O)NCCN1CCC(O)(CNC(=O)c2cc(Cl)cc(Cl)c2)CC1
CHEMBL2337981,,,,7.08,89.99978813609196,,0.1795,,,,,,CC(C)(C)NC(=O)NCCN1CCC(CO)(CNC(=O)c2cc(Cl)cc(Cl)c2)CC1
CHEMBL2337982,,,,,,,0.5288,,,,,,O=C(CN1CCN(CCC2CCOCC2)CC1)NC12CC3CC(CC(C3)C1)C2
CHEMBL2337984,,,,,,,0.299,,,,,,CC(C)(C)NC(=O)CN1CCN(CC(=O)NC23CC4CC(CC(C4)C2)C3)CC1
CHEMBL2338020,,,,58.88,89.99997452446374,,0.0661,,33.88,121.968,36.351931330472105,,CCc1[nH]c2nc(Sc3cnc4ccc[n+]([O-])c4c3)nc(N3C[C@@H]4[C@@H](N)[C@@H]4C3)c2c1Cl
CHEMBL233823,,,27.6,,,,,,,,,,O=C(Nc1ccc(C(F)(F)F)c(Cl)c1)c1ccnn1CCc1ccncc1
CHEMBL2338400,,,,33.88,89.99995572611387,,0.3087999999999999,,,,,,CC(C)(C)NC(=O)NCCN1CCN(CC(=O)NC23CC4CC(CC(C4)C2)C3)CC1
CHEMBL2338403,,,,,,,0.3493999999999999,,,,,,CC(C)(C)S(=O)(=O)CCCN1CCN(CC(=O)NC23CC4CC(CC(C4)C2)C3)CC1
CHEMBL2338404,,,,,,,0.1395,,,,,,CC(C)(C)CS(=O)(=O)NCCN1CCN(CC(=O)NC23CC4CC(CC(C4)C2)C3)CC1
CHEMBL2338405,,,,,,,0.0520999999999999,,,,,,CC(C)(C)NC(=O)NCCN1CCN(CC(=O)Nc2cc(Cl)cc(Cl)c2)CC1
CHEMBL2338406,,,,,,,0.1095,,,,,,CC(C)(C)NC(=O)NCCN1CCC(CNC(=O)c2cc(Cl)cc(Cl)c2)CC1
CHEMBL2338408,,,,,,,0.0605999999999999,,,,,,CC(C)(C)NC(=O)NCCN1CCOC(CNC(=O)c2cc(Cl)cc(Cl)c2)C1
CHEMBL2338409,,,,,,,0.0968000000000001,,,,,,CC(C)(C)NC(=O)NCCN1CCC(CNC(=O)c2cc(Cl)cc(Cl)c2)C1
CHEMBL233842,,,1.9,,,,,,,,,,CC#CCN1C[C@H](C(=O)NO)[C@H](NC(=O)c2ccc(Cc3cc(C)nc4ccccc34)cc2)C1
CHEMBL233843,,,0.3,,,,,,,,,,CCCCS(=O)(=O)N1C[C@H](C(=O)NO)[C@H](NC(=O)c2ccc(Cc3cc(C)nc4ccccc34)cc2)C1
CHEMBL233844,,,0.1,,,,,,,,,,COC(=O)N1C[C@H](C(=O)NO)[C@H](NC(=O)c2ccc(Cc3cc(C)nc4ccccc34)cc2)C1
CHEMBL233892,,,214.0,,,,,,,,,,CC(C)(C)n1c(=O)n(Cc2nc3ccccc3n2CCCC#N)c2cnccc21
CHEMBL233893,,,168.0,,,,,,,,,,N#CCCCn1c(Cn2c(=O)n(C3CCC3)c3ccncc32)nc2ccccc21
CHEMBL233921,,,0.1,,,,,,,,,,Cn1cncc1CN1CC(N(CC2CCN(S(C)(=O)=O)CC2)S(=O)(=O)c2ccccn2)Cc2cc(C#N)ccc21
CHEMBL233922,,,0.1,,,,,,,,,,CCS(=O)(=O)N1CCC(CN(C2Cc3cc(C#N)ccc3N(Cc3cncn3C)C2)S(=O)(=O)c2ccccn2)CC1
CHEMBL233941,,,0.5,,,,,,,,,,CC(=O)N1CCC(CN(C2Cc3cc(C#N)ccc3N(Cc3cncn3C)C2)S(=O)(=O)c2ccccn2)CC1
CHEMBL233992,,,92.0,,,,,,,,,,O=C(N[C@H]1CCC[C@H]1NC(=O)c1ccc(Cl)s1)c1ccc(-n2ccccc2=O)cc1
CHEMBL234027,,,230.0,,,,,,,,,,C=C(C)n1c(=O)n(Cc2nc3ccccc3n2CCCC#N)c2ncccc21
CHEMBL234033,,,0.1,,,,,,,,,,Cc1cc(Cc2cccc(C(=O)N[C@@H]3COC[C@@H]3C(=O)NO)c2)c2ccccc2n1
CHEMBL234034,,,0.6,,,,,,,,,,Cc1cc(Cc2ccc(C(=O)N[C@@H]3CCOC[C@@H]3C(=O)NO)cc2)c2ccccc2n1
CHEMBL234053,,,0.3,,,,,,,,,,CC(C)C[C@@]1(C(=O)O)C[C@H](C(=O)NS(C)(=O)=O)[C@H](c2nccs2)N1C(=O)c1ccc(C(C)(C)C)cc1
CHEMBL234151,,,0.5,,,,,,,,,,CCCC(=O)N1CCC(CN(C2Cc3cc(C#N)ccc3N(Cc3cncn3C)C2)S(=O)(=O)c2ccccn2)CC1
CHEMBL234199,,,9.3,,,,,,,,,,Cc1cc(Cc2ccc(C(=O)N[C@@H]3CN(CC(C)(C)C)C[C@@H]3C(=O)NO)cc2)c2ccccc2n1
CHEMBL234237,,,0.0,,,,,,,,,,Cn1cc(C(=O)O)c(Nc2ccc(I)cc2F)cc1=O
CHEMBL234346,,,5.2,,,,,,,,,,CC[C@H](C)[C@H](NC(=O)[C@@H]1CCCN1C(=O)[C@@H](NC(=O)[C@H](C)N)C(C)C)C(=O)O
CHEMBL234359,,,0.5,,,,,,,,,,Cn1cncc1CN1CC(N(CC2CCN(C(=O)c3ccc(Cl)cc3)CC2)S(=O)(=O)c2ccccn2)Cc2cc(C#N)ccc21
CHEMBL234412,,,2.5,,,,,,,,,,CCCC[C@H]1CN2CCc3cc(OC)c(OC)cc3[C@@H]2C[C@@H]1N
CHEMBL234522,,,19.0,,,,,,,,,,O=C(NC1CCN(C(=O)CCc2ccc(F)nc2)CC1)C(c1ccccc1)C1CCCCC1
CHEMBL234523,,,8.5,,,,,,,,,,O=C(NC1CCN(C(=O)/C=C/c2cccnc2)CC1)C(c1ccccc1)C1CCCCC1
CHEMBL234578,,,26.65,,,,,,,,,,Cn1cnc(S(=O)(=O)N(CCn2cccc2)C2Cc3cc(C#N)ccc3N(Cc3cncn3C)C2)c1
CHEMBL234579,,,36.6,,,,,,,,,,Cn1cnc(S(=O)(=O)N(Cc2ccc(C(F)(F)F)o2)C2Cc3cc(C#N)ccc3N(Cc3cncn3C)C2)c1
CHEMBL2346974,,,,,,,,,150.0,539.9999999999999,67.5,,CC(=O)N1CCN(CCOc2ccc(C3CCN(c4ccc5nnc(C(F)(F)F)n5n4)CC3)cc2)CC1
CHEMBL2346975,,,,,,,,,89.13,320.86799999999994,57.65614892546539,,CC(=O)N1CCN(CCOc2ccc(C3(O)CCN(c4ccc5nnc(C(F)(F)F)n5n4)CC3)cc2)CC1
CHEMBL234729,,,7.9,,,,,,,,,,Cc1cncc(/C=C/C(=O)N2CCC(NC(=O)C(c3ccccc3)C3CCCCC3)CC2)c1
CHEMBL2347404,,,,44.67,89.9999664204289,,,,63.1,227.16000000000005,50.212201591511935,,Fc1cccc(COc2ccc(Nc3ncnc4ccc(-c5cccc(N6CCOCC6)c5)cc34)cc2Cl)c1
CHEMBL234796,,,1.0,,,,,,,,,,Cn1cncc1CN1CC(N(CC2CCN(C(=O)OCc3ccccc3)CC2)S(=O)(=O)c2ccccn2)Cc2cc(C#N)ccc21
CHEMBL2348176,,,,,,,,,112.0,403.2,62.22222222222221,,Nc1nccc(-n2ccc3ccccc32)n1
CHEMBL234849,,,197.0,,,,,,,,,,O=c1n(Cc2nc3ccccc3n2CCCCO)c2cnccc2n1C(F)F
CHEMBL2348642,,,,12.3,89.99987804894573,,0.1395,,17.78,64.008,23.608734139864264,,CNc1nc(C)c(-c2nc(Nc3cccc(N4CCNCC4)c3)ncc2C#N)s1
CHEMBL2348645,,,,150.0,89.9999900000011,,0.0019,,95.5,343.79999999999995,59.0721649484536,,CNc1nc(C)c(-c2nc(Nc3cccc(N4CCCCC4)c3)ncc2C#N)s1
CHEMBL2348651,,,,150.0,89.9999900000011,,0.0179,,150.0,539.9999999999999,67.5,,CNc1nc(C)c(-c2nc(Nc3cccc(N4CCCN(C(C)=O)CC4)c3)ncc2C#N)s1
CHEMBL234887,,,0.0,,,,,,,,,,Cn1cc(C(=O)NOCCO)c(Nc2ccc(I)cc2F)cc1=O
CHEMBL234890,,,0.0,,,,,,,,,,Cn1cc(C(=O)NCCCO)c(Nc2ccc(I)cc2F)cc1=O
CHEMBL234900,,,239.0,,,,,,,,,,O=c1n(Cc2nc3ccccc3n2CCCC(F)(F)F)c2cnccc2n1C1CC1
CHEMBL2349312,,,,,,,0.0009999999999998,,,,,,CC(C)C[C@H](CO)Nc1nc(S[C@@H](C)c2ccccc2)nc2[nH]c(=O)sc12
CHEMBL2349316,,,,30.9,89.99995145633686,,0.0010999999999999,,,,,,CC(C)C[C@H](CO)Nc1nc(S[C@@H](C)c2ccccc2F)nc2nc(N)sc12
CHEMBL2349318,,,,22.39,89.99993300585604,,0.0006999999999999,,52.48,188.928,46.08899297423887,,CCC[C@H](CO)Nc1nc(S[C@@H](C)c2cccc(C#N)c2)nc2[nH]c(=O)sc12
CHEMBL2349321,,,,13.49,89.99988880666073,,0.002,,,,,,CC(C)C[C@H](CO)Nc1nc(SCc2ccccc2)nc2[nH]c(=O)sc12
CHEMBL2349329,,,,,,,0.0085999999999999,,,,,,CC(C)C[C@H](CO)Nc1nc(SCc2cccc(C#N)c2)nc2nc(N)sc12
CHEMBL2349334,,,,10.0,89.99985000025,,0.0015999999999999,,,,,,CC[C@H](CO)Nc1nc(SCc2ccccc2)nc2[nH]c(=O)sc12
CHEMBL2349335,,,,20.42,89.99992654266525,,0.0043999999999999,,,,,,CC(C)C[C@H](CO)Nc1nc(SCc2ccccc2)nc2nc(N)sc12
CHEMBL234975,,,0.6,,,,,,,,,,Cn1cncc1CN1CC(N(CC2CCN(C(=O)N3CCCCC3)CC2)S(=O)(=O)c2ccccn2)Cc2cc(C#N)ccc21
CHEMBL235252,,,57.0,,,,,,,,,,CCCCCCc1ccc(C(=O)CCN(C)CCc2ccccc2)cc1
CHEMBL235276,,,14.0,,,,,,,,,,CCCCCCc1ccc(NC(=O)/C=C/c2ccccc2)cc1
CHEMBL235357,,,,,,,0.0544,,,,,,O=C(NCC12CC3CC(CC(C3)C1)C2)c1cc(O[C@@H]2CCCNC2)ccc1Cl
CHEMBL235392,,,,9.0,89.99983333364197,,0.0466999999999999,,15.0,53.99999999999999,20.769230769230766,,O=C(NCC12CC3CC(CC(C3)C1)C2)c1cc(CN2CC3CNCC(C2)O3)ccc1Cl
CHEMBL235427,,,10000000.0,,,,,,,,,,CC(C(=O)NCc1cc(F)cc(F)c1)C(=O)N[C@@H]1C(=O)N(C)c2ccccc2-c2ccccc21
CHEMBL235489,,,57.0,,,,,,,,,,C=C(CC(=O)Nc1ccc(CCCCCC)cc1)C(=O)O
CHEMBL235491,,,621.0,,,,,,,,,,C#CC(=O)Nc1ccc(CCCCCC)cc1
CHEMBL235510,,,40.0,,,,,,,,,,NC(=O)[C@H](Cc1ccccc1)N1CCNC(=O)CCN[C@@H](Cc2ccccc2)C(=O)NCC(=O)NCC(=O)NCC(=O)NCC1=O
CHEMBL235579,,,,,,,0.0544,,,,,,O=C(NCC12CC3CC(CC(C3)C1)C2)c1cc(O[C@H]2CCCNC2)ccc1Cl
CHEMBL235581,,,,,,,0.0871999999999999,,,,,,O=C(NCC12CC3CC(CC(C3)C1)C2)c1cc(CC2CCNCC2)ccc1Cl
CHEMBL235646,,,10000000.0,,,,,,,,,,CC(C(=O)NCc1cc(F)cc(F)c1)C(=O)N[C@H]1C(=O)N(C)c2ccccc2-c2ccccc21
CHEMBL235648,,,10000000.0,,,,,,,,,,C[C@@H](C(=O)NCc1cc(F)cc(F)c1)C(=O)N[C@@H]1C(=O)N(C)c2ccccc2-c2ccccc21
CHEMBL235789,,,,4.23,89.99964433997468,,0.0871999999999999,,18.0,64.80000000000001,23.82352941176471,,O=C(NCC12CC3CC(CC(C3)C1)C2)c1cc(CN2CCNCC2)ccc1Cl
CHEMBL235904,,,29.0,,,,,,,,,,CCCCCCc1ccc(NC(=O)/C=C\C(=O)O)cc1
CHEMBL235922,,,965.0,,,,,,,,,,CCCCCCc1ccc(C(=O)CCN(C)CCO)cc1
CHEMBL236033,,,2323.0,,,,,,,,,,CCCCCCc1ccc(C(=O)CCN(C)C)cc1
CHEMBL2361207,,,,18.2,89.99991758249305,,,,50.12,180.432,45.0539352776668,,COc1ccc(C#Cc2ccc([C@@H]3[C@H](CO)N4CCCCN(C(=O)Nc5cccc(F)c5)C[C@@H]34)cc2)cc1
CHEMBL236131,,,747.0,,,,,,,,,,CCCCCCc1ccc(C(=O)CCN(C(C)C)C(C)C)cc1
CHEMBL236132,,,1210.0,,,,,,,,,,CCCCCCc1ccc(C(=O)CCN2CCOCC2)cc1
CHEMBL236133,,,145.0,,,,,,,,,,CCCCCCc1ccc(C(=O)CCN2CCC(C(=O)OC)CC2)cc1
CHEMBL236134,,,681.0,,,,,,,,,,CCCCCCc1ccc(C(=O)CCN(C)Cc2ccco2)cc1
CHEMBL2361579,,,,57.54,89.99997393118586,,0.0209,,150.0,539.9999999999999,67.5,,Cc1cc2cc(C)c3nnc(SCC(=O)N4CCN(C(=O)c5ccco5)CC4)n3c2cc1C
CHEMBL236205,,,42.2,,,,,,,,,,O=C(Nc1ccc(OC(F)(F)F)cc1)c1ccnn1CCc1ccncc1
CHEMBL236307,,,58.0,,,,,,,,,,CCCCCCc1ccc(C(=O)CCCBr)cc1
CHEMBL236338,,,21.0,,,,,,,,,,C#CC(=O)Oc1ccc(CCCCCC)cc1
CHEMBL236339,,,1029.0,,,,,,,,,,CCCCCCc1ccc(C(=O)CCl)cc1
CHEMBL236341,,,974.0,,,,,,,,,,CCCCCCc1ccc(C(=O)CF)cc1
CHEMBL236419,,,28.4,,,,,,,,,,O=C(Nc1cccc(OC(F)(F)Cl)c1)c1ccnn1CCc1ccncc1
CHEMBL236420,,,49.1,,,,,,,,,,CC(C)c1ccc(NC(=O)c2ccnn2CCc2ccncc2)cc1
CHEMBL2364624,,,,7.24,89.99968467047327,,,,3.0,10.8,5.094339622641509,,O=C(O)C[C@H]1CC[C@H](c2ccc(-c3ccc(Nc4ccc(C(F)(F)F)nc4)cn3)cc2)CC1
CHEMBL236543,,,1117.0,,,,,,,,,,CCCCCCc1ccc(C(=O)C2CO2)cc1
CHEMBL236587,,,4.4350000000000005,,,,,,,,,,CCOc1cc(CN2CCC(Nc3nc4ccccc4o3)CC2)ccc1OC
CHEMBL236610,,,0.49,,,,,,,,,,CCOc1cc(CN2CCC(Nc3nc4ccccc4o3)CC2)ccc1Cl
CHEMBL236788,,,0.0,,,,0.299,,,,,,CCOc1cc(CN2CCC(Nc3nc4cc(S(N)(=O)=O)ccc4o3)CC2)cc(OCC)c1N
CHEMBL2368925,,,,,,,,0.13,,,,,O=C(O[C@@H]1C[C@@H]2C[C@H]3C[C@H](C1)N2CC3=O)c1c[nH]c2ccccc12
CHEMBL2369736,,,2.0,,,,,,,,,,CC[C@H](C)[C@H](NC(=O)[C@H](CC(=O)O)NC(=O)[C@H](CC(C)C)NC(=O)[C@@H](NC(C)=O)C(c1ccccc1)c1ccccc1)C(=O)N(C)[C@H](C(=O)N[C@@H](Cc1c[nH]c2ccccc12)C(=O)O)[C@@H](C)CC
CHEMBL237600,,,38.0,,,,,,,,,,C=CC(=O)c1ccc(CCCCCC)cc1
CHEMBL237601,,,66.0,,,,,,,,,,CCCCCCc1ccc(C(=O)/C=C\C(=O)O)cc1
CHEMBL237605,,,43.0,,,,,,,,,,C=C(C)C(=O)c1ccc(CCCCCCC)cc1
CHEMBL237820,,,0.0,,,,,,,,,,C/C=C(\C)C(=O)c1ccc(CCCCCCC)cc1
CHEMBL237821,,,0.0,,,,,,,,,,CCCCCCc1ccc(C(=O)CC)cc1
CHEMBL238071,,,,,,,,35.0,,,,,CC[C@]1(O)C[C@@H]2CN(CCc3c([nH]c4ccccc34)[C@@](C(=O)OC)(c3cc4c(cc3OC)N(C)[C@H]3[C@@](O)(C(N)=O)[C@H](O)[C@]5(CC)C=CCN6CC[C@]43[C@@H]65)C2)C1
CHEMBL238103,,,178.0,,,,,,,,,,COc1ncc(OC)c2c(C(=O)C(=O)N3CCN(C(=O)c4ccccc4)CC3)c[nH]c12
CHEMBL238538,,,0.19,,,,,,,,,,Cc1c(N2CC(=O)NS2(=O)=O)csc1-c1cccc(NC2CCN(S(=O)(=O)Cc3ccccc3)CC2)c1
CHEMBL238678,,,6.3,,,,,,,,,,CCc1nc(N)nc(N)c1-c1ccc2c(c1)N(CCO)C(=O)C(C)(c1cc(F)cc(F)c1)O2
CHEMBL238866,,,17.0,,,,,,,,,,CCc1nc(N)nc(N)c1-c1ccc2c(c1)N(CCCOC)C(=O)C(C)(c1ccc(F)c(F)c1)O2
CHEMBL239074,,,34.0,,,,,,,,,,CCc1nc(N)nc(N)c1-c1ccc2c(c1)N(CCNC(C)=O)C(=O)C(C)(c1ccc(Cl)cc1)O2
CHEMBL239085,,,1.9,,,,,,,,,,CCc1nc(N)nc(N)c1-c1ccc2c(c1)N(CCNC(C)=O)C(=O)[C@@](C)(c1ccccc1)O2
CHEMBL239336,,,,,,,0.0268,,,,,,CC1=C(C(=O)OCc2ccccc2)C(c2cccs2)NC(=O)N1
CHEMBL239495,,,32.0,,,,,,,,,,CCc1nc(N)nc(N)c1-c1ccc2c(c1)N(CCCOC)C(=O)C(CC)(CC)O2
CHEMBL239496,,,29.5,,,,,,,,,,CCc1nc(N)nc(N)c1-c1ccc2c(c1)N(CCCOC)C(=O)C(C)(c1cc(F)cc(F)c1)O2
CHEMBL239497,,,17.0,,,,,,,,,,CCc1nc(N)nc(N)c1-c1ccc2c(c1)N(CCCOC)C(=O)C(CC)(c1cc(F)cc(F)c1)O2
CHEMBL239767,,,,,,,0.0026999999999999,,3.0,10.8,5.094339622641509,,O=C(Nc1ccc([N+](=O)[O-])cc1O)Nc1ccccc1Br
CHEMBL24,,,0.1306666666666666,,,,,6.1,,,,,CC(C)NCC(O)COc1ccc(CC(N)=O)cc1
CHEMBL240317,,,,150.0,89.9999900000011,,,,20.0,72.0,25.714285714285715,,O=C(c1ccccc1)N1CCN(Cc2ccccc2)CC1
CHEMBL240355,,,1.7,,,,,,,,,,CCc1nc(N)nc(N)c1-c1ccc2c(c1)N(CCNC(C)=O)C(=O)C(C)(C)O2
CHEMBL240364,,,0.3,,,,,,,,,,Cc1ccc(N2CCN(C(=O)[C@H](C)Cc3ccc(Cl)cc3)CC2)c([C@@H](NC(=O)CCN)C(C)C)c1
CHEMBL240391,,,1.5,,,,,,,,,,CCc1nc(N)nc(N)c1-c1ccc2c(c1)N(CCNC(=O)CO)C(=O)C(C)(c1cc(F)cc(F)c1)O2
CHEMBL240566,,,14.0,,,,,,,,,,CCc1nc(N)nc(N)c1-c1ccc2c(c1)N(CCCOC)C(=O)C(C)(CC)O2
CHEMBL240568,,,0.3,,,,,,,,,,CNCCN[C@H](c1cc(C)ccc1N1CCN(C(=O)[C@H](C)Cc2ccc(Cl)cc2F)CC1)C(C)C
CHEMBL240571,,,0.8,,,,,,,,,,CNCC(=O)N[C@H](c1cc(C)ccc1N1CCN(C(=O)[C@H](C)Cc2ccc(Cl)cc2F)CC1)C(C)C
CHEMBL240572,,,1.9,,,,,,,,,,Cc1ccc(N2CCN(C(=O)[C@H](C)Cc3ccc(Cl)cc3C)CC2)c([C@@H](NC(=O)CCN(C)C)C(C)C)c1
CHEMBL240598,,,5.1,,,,,,,,,,CCc1nc(N)nc(N)c1-c1ccc2c(c1)N(CCC(=O)NC)C(=O)C(C)(c1cc(F)cc(F)c1)O2
CHEMBL240780,,,1.2,,,,,,,,,,CNCCC(=O)N[C@H](c1cc(C)ccc1N1CCN(C(=O)[C@H](C)Cc2ccc(Cl)cc2)CC1)C(C)C
CHEMBL240813,,,1.8,,,,,,,,,,CCc1nc(N)nc(N)c1-c1ccc2c(c1)N(CCNS(C)(=O)=O)C(=O)C(C)(c1cc(F)cc(F)c1)O2
CHEMBL241032,,,2.1,,,,,,,,,,CCc1nc(N)nc(N)c1-c1ccc2c(c1)N(CCNC(=O)OC)C(=O)C(C)(c1cc(F)cc(F)c1)O2
CHEMBL241457,,,2.8,,,,,,,,,,CCc1nc(N)nc(N)c1-c1ccc2c(c1)N(CCOCC(F)(F)F)C(=O)C(C)(c1cc(F)cc(F)c1)O2
CHEMBL241458,,,9.0,,,,,,,,,,CCc1nc(N)nc(N)c1-c1ccc2c(c1)N(CCCC(F)(F)F)C(=O)C(C)(c1cc(F)cc(F)c1)O2
CHEMBL241970,,,,17.38,89.9999136939838,,,,,,,,Cc1ccc(-c2cc(C(F)(F)F)nn2-c2ccc(S(C)(=O)=O)cc2)cc1
CHEMBL242403,,,,9.33,89.99983922858301,,,,,,,,O=C(O)c1ccc(-n2nc(C(F)(F)F)cc2-c2ccc(C(F)(F)F)cc2)cc1
CHEMBL243001,,,,10.47,89.99985673375241,,,,7.41,26.676,11.616443128374849,,Cc1nc2ccc(Oc3ccc(F)cc3)cc2c(=O)n1C[C@H]1CCCN(C(C)C)C1
CHEMBL243027,,,145.0,,,,,,,,,,CC(C)(O)CCCn1c(Cn2c(=O)n(C3CC3)c3ccncc32)nc2ccccc21
CHEMBL243028,,,137.0,,,,,,,,,,O=c1n(Cc2nc3ccccc3n2CCC2(O)CC2)c2cnccc2n1C1CC1
CHEMBL243029,,,33.0,,,,,,,,,,CS(=O)(=O)CCCn1c(Cn2c(=O)n(C3CC3)c3ccncc32)nc2ccccc21
CHEMBL243031,,,36.0,,,,,,,,,,CS(=O)(=O)CCCn1c(Cn2c(=O)n(CC(F)(F)F)c3ccncc32)nc2ccccc21
CHEMBL243032,,,92.0,,,,,,,,,,CCS(=O)(=O)CCCn1c(Cn2c(=O)n(CC(F)(F)F)c3ccncc32)nc2ccccc21
CHEMBL243150,,,2.4,,,,,,,,,,CN1CCN(S(C)(=O)=O)CC1c1nc(C(=O)NCc2ccc(F)cc2)c(O)c(=O)n1C
CHEMBL243365,,,3.2,,,,,,,,,,CN1CCN(S(=O)(=O)N(C)C)CC1c1nc(C(=O)NCc2ccc(F)cc2)c(O)c(=O)n1C
CHEMBL243875,,,115.0,,,,,,,,,,O=c1n(Cc2nc3ccccc3n2CCCO)c2cnccc2n1C1CC1
CHEMBL243876,,,131.66666666666666,,,,,,,,,,O=c1n(Cc2nc3ccccc3n2CCCCO)c2cnccc2n1C1CC1
CHEMBL243877,,,161.0,,,,,,,,,,O=c1n(Cc2nc3ccccc3n2CCCCO)c2cnccc2n1C1CCC1
CHEMBL243878,,,160.0,,,,,,,,,,O=c1n(Cc2nc3ccccc3n2CCCCO)c2cnccc2n1C1CCCC1
CHEMBL243978,,,,,,,,,13.0,46.8,18.57142857142857,,c1cn(-c2ccc(Oc3nccc(Oc4ccc5c(c4)OCO5)n3)cc2)cn1
CHEMBL244131,,,,4.79,89.99968684868875,,,,,,,,Cc1ccc(-c2cc(C(F)(F)F)nn2-c2ccc(CC(=O)O)cc2)cc1
CHEMBL244183,,,,,,,,,13.0,46.8,18.57142857142857,,c1cn(-c2ccc(Oc3cc(Oc4ccc5c(c4)OCO5)ncn3)cc2)cn1
CHEMBL244184,,,,,,,,,3.0,10.8,5.094339622641509,,Cc1cnc(Oc2ccc(-n3ccnc3)cc2)nc1Oc1ccc2c(c1)OCO2
CHEMBL244347,,,1.83,,,,,,,,,,CN(C(=O)CC[C@@H](C1CCCCC1)N1Cc2cc(Oc3ccccc3)ccc2N=C1N)C1CCCCC1
CHEMBL244488,,,43.4,,,,,,,,,,O=C(NOCCO)c1ccc(F)c(F)c1Nc1ccc(I)cc1F
CHEMBL244521,,,,29.51,89.99994916980167,,,,12.88,46.368,18.435114503816795,,CC(C)c1nc2ccc(-c3ccc(F)cc3)cc2c(=O)n1C[C@H]1CCCN(C(C)C)C1
CHEMBL244564,,,0.0,,,,,,,,,,O=C(O)COc1c(C(=O)O)sc(-c2cccc(OC3CCN(S(=O)(=O)Cc4ccccc4)CC3)c2)c1Br
CHEMBL2448076,,,10.6,,,,,,,,,,Cl.Cl.O=C(CCc1ccc2nc(-c3ccccc3)c3c(c2c1)OCCC3)NCCCCCNc1c2c(nc3cc(Cl)ccc13)CCCC2
CHEMBL244877,,,24.6,,,,,,,,,,Cc1cc(O)no1
CHEMBL244936,,,,3.8,89.9996052648892,,,,3.0,10.8,5.094339622641509,,Cc1nc2ccc(-c3ccc(Cl)cc3)cc2c(=O)n1C[C@H]1CCCN(C(C)C)C1
CHEMBL245196,,,,13.49,89.99988880666073,,,,,,,,Cc1ccc(-c2cc(-c3ccccc3)nn2-c2ccc(S(N)(=O)=O)cc2)cc1
CHEMBL245425,,,0.1,,,,,,,,,,O=C1CC(c2ccc(C[C@H](Nc3nc4ccc(C(F)(F)F)cc4s3)c3nc4ccccc4[nH]3)cc2)S(=O)(=O)N1
CHEMBL245831,,,0.1,,,,,,,,,,O=C1CC(c2ccc(C[C@H](Nc3nc4c(C(F)(F)F)cccc4s3)c3nc4ccccc4[nH]3)cc2)S(=O)(=O)N1
CHEMBL246036,,,1.3,,,,,,,,,,O=C1CC(c2ccc(C[C@H](Nc3nc4cc(F)ccc4s3)c3nc4ccccc4[nH]3)cc2)S(=O)(=O)N1
CHEMBL246038,,,1.7,,,,,,,,,,O=C1CC(c2ccc(C[C@H](Nc3nc4c(F)cccc4s3)c3nc4ccccc4[nH]3)cc2)S(=O)(=O)N1
CHEMBL246052,,,19.6,,,,,,,,,,O=C1Nc2c(C(F)(F)F)cccc2C1(c1ccc(O)cc1)c1ccc(O)cc1
CHEMBL246160,,,10.4,,,,,,,,,,CN(C)CC1CCC(CNc2nc(NCc3ccccc3Cl)ncc2[N+](=O)[O-])CC1
CHEMBL246161,,,9.35,,,,,,,,,,O=[N+]([O-])c1cnc(NCc2ccccc2Cl)nc1NCC1CCNCC1
CHEMBL246247,,,0.8,,,,,,,,,,O=C1CC(c2ccc(C[C@H](Nc3nc4ccc(Cl)cc4s3)c3nc4ccccc4[nH]3)cc2)S(=O)(=O)N1
CHEMBL246252,,,25.5,,,,,,,,,,C[C@H]1CC[C@H](NC(=O)c2cnc(N3CCC(CO)CC3)cn2)CC1
CHEMBL246270,,,238.0,,,,,,,,,,Cc1oc(-c2ccccc2)nc1CCOc1cccc(CN(CC(=O)O)Cc2ccccc2)c1
CHEMBL246284,,,64.0,,,,,,,,,,Fc1cccc(Cn2ncc3cc(Nc4ncnn5ccc(COC[C@@H]6CNCCO6)c45)ccc32)c1
CHEMBL246452,,,0.8,,,,,,,,,,O=C1CC(c2ccc(C[C@H](Nc3nc4cc(Cl)ccc4s3)c3nc4ccccc4[nH]3)cc2)S(=O)(=O)N1
CHEMBL24646,,,,,,,0.1095,1.8,14.0,50.4,19.6875,,COc1ccc(-c2nc3cc(C4=NNC(=O)CC4C)ccc3[nH]2)cc1
CHEMBL246659,,,0.5,,,,,,,,,,COc1ccc2nc(N[C@@H](Cc3ccc(C4CC(=O)NS4(=O)=O)cc3)c3nc4ccccc4[nH]3)sc2c1
CHEMBL246869,,,0.2,,,,,,,,,,O=C1CC(c2ccc(C[C@H](Nc3nc4ccc(Br)cc4s3)c3nc4ccccc4[nH]3)cc2)S(=O)(=O)N1
CHEMBL246970,,,5.45,,,,,,,,,,NCC1CCC(CNc2nc(NCc3ccccc3Cl)ncc2[N+](=O)[O-])CC1
CHEMBL247035,,,3.43,,,,,,,,,,COc1cccc(CN(c2c(Cl)c(Cl)cc3[nH]c(=O)c(=O)[nH]c23)S(C)(=O)=O)c1
CHEMBL247074,,,0.4,,,,,,,,,,O=C1CC(c2ccc(C[C@H](Nc3nc4ccccc4s3)c3nc4cc(C(F)(F)F)ccc4[nH]3)cc2)S(=O)(=O)N1
CHEMBL247075,,,0.8,,,,,,,,,,O=C1CC(c2ccc(C[C@H](Nc3nc4ccccc4s3)c3nc4ccccc4[nH]3)cc2F)S(=O)(=O)N1
CHEMBL247278,,,0.5,,,,,,,,,,Cc1cc(C[C@H](Nc2nc3ccccc3s2)c2nc3ccccc3[nH]2)ccc1C1CC(=O)NS1(=O)=O
CHEMBL247438,,,29.6,,,,,,,,,,Cc1nc2c(cnn2-c2ccccc2)c(=O)n1-c1ccc(Cl)cc1
CHEMBL247471,,,,,,,0.0009999999999998,,,,,,C[C@H](c1ccc(F)cc1CCCC(=O)O)N(c1cc(F)ccc1F)S(=O)(=O)c1ccc(Cl)cc1
CHEMBL247496,,,43.1,,,,,,,,,,O=C1Nc2c(ccc(F)c2F)C1(c1ccc(O)cc1)c1ccc(O)cc1
CHEMBL247828,,,,,,,0.003,,,,,,CC(C)N1C(=O)[C@H](NC(=O)[C@@H](Cc2ccccc2OC(F)(F)F)NC(=O)OC(C)(C)C)CCc2ccccc21
CHEMBL247925,,,15.0,,,,,,,,,,Cc1oc(-c2ccccc2)nc1CCOc1ccc(CN(CC(=O)O)Cc2ccc(Oc3ccccc3)cc2)cc1
CHEMBL248052,,,5.49,,,,,,,,,,Cc1nc2c(cnn2-c2ccccc2)c(=O)n1N1CCCCC1
CHEMBL248208,,,19.4,,,,,,,,,,Cc1nc2c(cnn2-c2ccccc2)c(=O)n1-c1ccc(Br)cc1
CHEMBL248233,,,17.6,,,,,,,,,,Cc1nc2c(cnn2-c2cccc(S(N)(=O)=O)c2)c(=O)n1-c1ccc(Cl)cc1
CHEMBL248291,,,0.4,,,,,,,,,,Cc1cc(C[C@H](NS(=O)(=O)c2ccccc2)c2nc3ccccc3[nH]2)ccc1[C@@H]1CC(=O)NS1(=O)=O
CHEMBL248436,,,1.75,,,,,,,,,,CS(=O)(=O)N(Cc1cccc(F)c1)c1c(Cl)c(Cl)cc2[nH]c(=O)c(=O)[nH]c12
CHEMBL248438,,,1.52,,,,,,,,,,CS(=O)(=O)N(CC1CCCO1)c1c(Cl)c(Cl)cc2[nH]c(=O)c(=O)[nH]c12
CHEMBL248439,,,0.01,,,,,,,,,,COCCN(c1c(Cl)c(Cl)cc2[nH]c(=O)c(=O)[nH]c12)S(C)(=O)=O
CHEMBL248442,,,10.0,,,,,,,,,,CCOCCN(c1c(Cl)c(Cl)cc2[nH]c(=O)c(=O)[nH]c12)S(C)(=O)=O
CHEMBL248443,,,0.41,,,,,,,,,,CS(=O)(=O)N(CCC(F)(F)F)c1c(Cl)c(Cl)cc2[nH]c(=O)c(=O)[nH]c12
CHEMBL248444,,,0.14,,,,,,,,,,COCCN(c1c(Cl)c(C)cc2[nH]c(=O)c(=O)[nH]c12)S(C)(=O)=O
CHEMBL248445,,,0.01,,,,,,,,,,COCCN(c1c(C)c(Cl)cc2[nH]c(=O)c(=O)[nH]c12)S(C)(=O)=O
CHEMBL248446,,,0.01,,,,,,,,,,CCc1cc2[nH]c(=O)c(=O)[nH]c2c(N(CCCOC)S(C)(=O)=O)c1Cl
CHEMBL248490,,,1.3,,,,,,,,,,O=C1CC(c2ccc(C[C@H](Nc3nc4ccccc4s3)c3nc4ccccc4[nH]3)cc2)S(=O)(=O)N1
CHEMBL24850,,,,25.7,89.9999416342791,,,,,,,,O=C(O)c1cc2cc(OCc3ccccc3)ccc2[nH]1
CHEMBL248702,,,,,,,,14.0,,,,,CCN[C@@H](C)Cc1cccc(C(F)(F)F)c1
CHEMBL248849,,,15.0,,,,,,,,,,O=C(C1CCN(c2ccncc2)CC1)N1CC[C@@H](CNS(=O)(=O)/C=C/c2ccc(-c3ccc(Cl)s3)s2)C1
CHEMBL249584,,,,,,,,,3.0,10.8,5.094339622641509,,OC[C@H]1C[C@@H](n2nnc3c(N[C@@H]4C[C@H]4c4ccccc4)nc(SCCC(F)(F)F)nc32)[C@H](O)[C@@H]1O
CHEMBL249789,,,,,,,0.0015,,,,,,OC[C@H]1C[C@@H](n2nnc3c(N[C@@H]4C[C@H]4c4ccc(F)c(F)c4)nc(SCCC(F)(F)F)nc32)[C@H](O)[C@@H]1O
CHEMBL249790,,,,,,,0.0015,,,,,,OCCO[C@H]1C[C@@H](n2nnc3c(N[C@@H]4C[C@H]4c4ccc(F)c(F)c4)nc(SCCC(F)(F)F)nc32)[C@H](O)[C@@H]1O
CHEMBL249856,,,,,,,,1.0,,,,,CSc1ccc(C(=O)c2[nH]c(=O)[nH]c2C)cc1
CHEMBL25,,,,,,,,0.26,,,,,CC(=O)Oc1ccccc1C(=O)O
CHEMBL250512,,,2.6,,,,,,,,,,C=CC[C@]1(O)CC[C@H]2[C@@H]3CCC4=CC(=O)CCC4=C3[C@@H](c3ccc(P(=O)(c4ccccc4)c4ccccc4)cc3)C[C@@]21C
CHEMBL250687,,,,,,,0.0076999999999999,,,,,,CCCSc1nc(N[C@@H]2C[C@H]2c2ccccc2)c2nnn([C@@H]3C[C@H](CO)[C@@H](O)[C@H]3O)c2n1
CHEMBL250750,,,14.5,,,,,,,,,,C=CC[C@]1(O)CC[C@H]2[C@@H]3CCC4=CC(=O)CCC4=C3[C@@H](c3ccc(P(=O)(OCC)OCC)cc3)C[C@@]21C
CHEMBL250774,,,,,,,0.013,,,,,,CS(=O)(=O)c1ccc(-c2ccc3c(Nc4ccc(F)cc4)c(C(N)=O)cnc3c2)cc1
CHEMBL250961,,,,150.0,89.9999900000011,,,,144.54,520.3439999999999,66.86851033206538,,Cc1ccc(F)cc1S(=O)(=O)N[C@@H]1CCN(Cc2ccc(-c3ccccc3)cc2)C1
CHEMBL251073,,,,3.47,89.99956772541918,,,,,,,,CC(=O)C[C@H](c1ccccc1)c1c(O)c2ccccc2oc1=O
CHEMBL251074,,,,3.0,89.99950000277776,,,,,,,,CC(=O)C[C@@H](c1ccccc1)c1c(O)c2ccccc2oc1=O
CHEMBL251701,,,,,,,0.0262,,,,,,COc1ccc2c(C)cc(N[C@H]3CC[C@H](NCc4cn(C)c5cccnc45)C3)nc2c1
CHEMBL252124,,,,,,,,,,,,0.432,CCNC(=O)c1noc(-c2cc(Cl)c(O)cc2O)c1-c1ccc(OC)cc1
CHEMBL252164,,,,,,,,,,,,0.478,CCNC(=O)c1noc(-c2cc(C(C)C)c(O)cc2O)c1-c1ccc(CN2CCOCC2)cc1
CHEMBL253641,,,,,,,0.0119,,,,,,CCNc1cc(C(=O)N[C@@H](Cc2ccccc2)[C@H](O)CNCc2cccc(C(F)(F)F)c2)c(F)c(N2CCCCS2(=O)=O)c1
CHEMBL253881,,,15.0,,,,,,,,,,NC1CCN(Cc2ccn3ncnc(Oc4ccc(NC(=O)NC(=O)Cc5ccc(F)cc5)cc4F)c23)CC1
CHEMBL254129,,,,,,,0.0676000000000001,,,,,,CC1=C2C[C@H]3[C@@H](CC=C4C[C@@H](O)CC[C@@]43C)[C@@H]2CC[C@]12O[C@@H]1C[C@H](C)CN[C@H]1[C@H]2C
CHEMBL254193,,,,,,,,5.6,,,,,N/N=c1/cc2c(n[nH]1)CCN(C(=O)c1ccccc1)C2
CHEMBL254219,,,,,,,,180.0,,,,,C[C@H]1O[C@@H](O[C@H]2[C@@H](O)C[C@H](O[C@H]3[C@@H](O)C[C@H](O[C@H]4CC[C@@]5(C)[C@H](CC[C@@H]6[C@@H]5CC[C@]5(C)[C@@H](C7=CC(=O)OC7)CC[C@]65O)C4)O[C@@H]3C)O[C@@H]2C)C[C@H](O)[C@@H]1O
CHEMBL254328,,,,54.95,89.99997270246506,,,,,,,,C[C@]12CC[C@H](O)CC1=CC[C@@H]1[C@@H]2CC[C@]2(C)C(c3cccnc3)=CC[C@@H]12
CHEMBL254370,,,,65.0,89.99997692308284,,,,3.0,10.8,5.094339622641509,,CC[C@@H](Nc1c(Nc2cccc(C(=O)N(C)C)c2O)c(=O)c1=O)c1ccccc1
CHEMBL254497,,,,,,,0.0110999999999999,,,,,,CC(C)(C)OC(=O)N[C@H](Cc1ccccc1C(F)(F)F)C(=O)NCc1nc2cccnc2n1Cc1ccccc1
CHEMBL254832,,,,,,,0.0115999999999999,,,,,,CC(NCCC(c1ccccc1)c1ccccc1)c1ccccc1
CHEMBL255044,,,,,,,0.16,8.5,,,,,CCOC(=O)Nc1ccc(NCc2ccc(F)cc2)nc1N
CHEMBL255536,,,,26.0,89.99994230772928,,,,150.0,539.9999999999999,67.5,,COc1ccc(CC(=O)NC(N/C(=N/C#N)Nc2ccccc2C)C(C)(C)C)cc1OC
CHEMBL25554,,,,,,,0.024,,,,,,COc1cccc(OC)c1OCCNCC1COc2ccccc2O1
CHEMBL255858,,,34.5,,,,,,,,,,Cc1cc[n+]([O-])c(C)c1C(=O)N1CCC(C)(N2CCC(N(c3ccccc3)c3cccnc3)CC2)CC1
CHEMBL256418,,,30.0,,,,,,,,,,O=C(O)c1ccc(-c2ccc(CCNC[C@H](O)c3cccc(Cl)c3)cc2)cc1OC1CCCCC1
CHEMBL256467,,,0.2,,,,,,,,,,O=C(NCCN1CCCCC1)c1nc(NCC(c2ccccc2)c2ccccc2)c2ncn([C@@H]3O[C@H](CO)[C@@H](O)[C@H]3O)c2n1
CHEMBL256668,,,,32.61,89.9999498431458,,0.0113999999999999,,6.18,22.248,9.900320398718405,,C[C@H](CO)Nc1nc(SCc2cccc(F)c2F)nc2[nH]c(=O)cnc12
CHEMBL256794,,,280.0,,,,,,,,,,COc1ccc(CN([C@@H]2CC(F)(F)CCNC2=O)S(=O)(=O)c2ccc(Cl)cc2)cn1
CHEMBL256907,,,5.5,,,,,,,,,,Cc1nnc(C(C)C)n1[C@H]1C[C@H]2CC[C@@H](C1)N2CC[C@H](NC(=O)C1CCC(F)(F)CC1)c1ccccc1
CHEMBL256963,,,,19.05,89.9999212599114,,0.1631999999999999,,3.0,10.8,5.094339622641509,,Clc1ccc2ncc(-c3cccc(NC4CNC4)n3)n2c1
CHEMBL256982,,,18.0,,,,,,,,,,CS(=O)(=O)Nc1c(Cl)ccc2c1CCCC2c1ncc[nH]1
CHEMBL257006,,,,,,,0.0229,,,,,,C[C@H](CO)Nc1nc(SCc2cccc(F)c2F)nc2[nH]c(N)nc12
CHEMBL257025,,,,17.78,89.99991563562463,,0.035,,14.0,50.4,19.6875,,C[C@H](CO)Nc1nc(SCc2cccc(F)c2F)nc2[nH]ncc12
CHEMBL257027,,,,,,,,,3.0,10.8,5.094339622641509,,C[C@H](CO)Nc1nc(SCc2ccccc2)nc2[nH]c(=O)[nH]c12
CHEMBL257167,,,,,,,,,3.0,10.8,5.094339622641509,,NC(=O)Nc1sc(-c2ccc(F)cc2)cc1C(N)=O
CHEMBL257178,,,,9.8,89.99984693903582,,,,40.4,145.44,40.2212389380531,,N#Cc1ccc2[nH]c(-c3ccc(F)cc3)c(CCCC(=O)NS(=O)(=O)C(F)(F)F)c2c1
CHEMBL257269,,,,,,,,,9.0,32.400000000000006,13.728813559322036,,C[C@H](CO)Nc1nc(SCc2cccc(F)c2F)nc2[nH]c(=O)ccc12
CHEMBL257830,,,,19.6,89.99992346945284,,0.0145999999999999,,3.0,10.8,5.094339622641509,,N#Cc1ccc2[nH]c(-c3ccc(F)cc3)c(CCCC(=O)NS(N)(=O)=O)c2c1
CHEMBL257991,,,,,,,0.0098999999999999,,,,,,O=C(Nc1ccccc1-c1cn2c(CN3CCNCC3)csc2n1)c1cnc2ccccc2n1
CHEMBL258202,,,83.0,,,,,,,,,,CC[C@@H](C)Nc1ncc(C(=O)Nc2cc(C(=O)NC)ccc2C)s1
CHEMBL258282,,,,13.49,89.99988880666073,,0.1165,,30.2,108.71999999999998,33.890274314214466,,CN1CCN(CCOc2n[nH]c3ncnc(Nc4ccc(OCc5ccccn5)c(Cl)c4)c23)CC1
CHEMBL258539,,,10.6,,,,,,,,,,O=C(c1cc2c(cc1F)O[C@](c1ccc(F)cc1)(c1ccc(Cl)cc1Cl)O2)N1CCOCC1
CHEMBL258806,,,3.0,,,,,,,,,,COc1cc(-c2ccc(-n3cc(NC(N)=O)c(C(N)=O)n3)cc2F)ccc1O
CHEMBL258807,,,3.0,,,,,,,,,,Cc1cc(-c2ccc(-n3cc(NC(N)=O)c(C(N)=O)n3)cc2F)cc(C)c1O
CHEMBL258943,,,3.0,,,,,,,,,,COc1ccc(-c2ccc(-n3cc(NC(N)=O)c(C(N)=O)n3)cc2F)cc1C
CHEMBL259074,,,3.0,,,,,,,,,,NC(=O)Nc1cn(-c2ccc(-c3ccc(O)c(F)c3)c(O)c2)nc1C(N)=O
CHEMBL259081,,,,19.95,89.99992481209289,,0.0012,,150.0,539.9999999999999,67.5,,O=c1nc(NCc2ccccc2)sn1Cc1ccccc1
CHEMBL259114,,,1.78,,,,,,,,,,CCCCn1c(=O)c2cccnc2n1Cc1ccc(-c2ccccc2-c2nn[nH]n2)cc1
CHEMBL259145,,,3.0,,,,,,,,,,Cc1cc(-c2ccc(-n3cc(NC(N)=O)c(C(N)=O)n3)cc2)cc(C)c1O
CHEMBL259287,,,3.0,,,,,,,,,,CCOc1cc(-n2cc(NC(N)=O)c(C(N)=O)n2)ccc1-c1ccc(O)c(F)c1
CHEMBL259353,,,3.6,,,,,,,,,,CCCCn1c2ncccc2c(=O)n1Cc1ccc(-c2ccccc2-c2nn[nH]n2)cc1
CHEMBL259850,,,,91.0,89.99998351648654,,0.0031999999999999,,56.0,201.6,47.54716981132075,,COc1ccc(CNC(=O)Nc2ncc([N+](=O)[O-])s2)cc1
CHEMBL259927,,,3.0,,,,,,,,,,NC(=O)Nc1cn(-c2ccc(-c3ccc(O)c(O)c3)cc2)nc1C(N)=O
CHEMBL260015,,,28.0,,,,,,,,,,c1ccc(-c2nn3c(c2-c2ccnc4cc(OCCN5CCOCC5)ccc24)CCC3)nc1
CHEMBL260091,,,,27.02,89.99993118220853,,0.0357999999999999,,,,,,C[C@@H](O)[C@H](NC(=O)c1ccc(C#Cc2ccc(CN3CCOCC3)cc2)cc1)C(=O)NO
CHEMBL260367,,,26.7,,,,,,,,,,COc1cc(-c2nnc([S+]([O-])Cc3ccccc3)o2)cc(OC)c1OC
CHEMBL261012,,,3.0,,,,,,,,,,COc1ccc(-c2ccc(-n3cc(NC(N)=O)c(C(N)=O)n3)cc2C)cc1C
CHEMBL261410,,,3.0,,,,,,,,,,Cc1cc(-n2cc(NC(N)=O)c(C(N)=O)n2)ccc1-c1ccc(O)c(F)c1
CHEMBL261454,,,76.0,,,,,,,,,,c1ccc(-c2n[nH]cc2-c2ccnc3ccccc23)nc1
CHEMBL261531,,,7.3,,,,,,,,,,COc1cc(Nc2c(C#N)cnc3cc(NCCCN(C)C)c(OC)cc23)c(Cl)cc1Cl
CHEMBL261615,,,3.0,,,,,,,,,,Cc1cc(O)ccc1-c1ccc(-n2cc(NC(N)=O)c(C(N)=O)n2)cc1
CHEMBL261629,,,3.0,,,,,,,,,,COc1cc(F)c(-c2ccc(-n3cc(NC(N)=O)c(C(N)=O)n3)cc2C)c(F)c1
CHEMBL261674,,,13.0,,,,,,,,,,CN1CCN(CCCOc2ccc3c(-c4c(-c5ccccn5)nn5c4CCC5)ccnc3c2)CC1
CHEMBL261762,,,54.0,,,,,,,,,,ClCCOc1ccc2c(-c3c(-c4ccccn4)nn4c3CCC4)ccnc2c1
CHEMBL262085,,,3.0,,,,,,,,,,NC(=O)Nc1cn(-c2ccc(-c3ccc(O)cc3)c(F)c2)nc1C(N)=O
CHEMBL262098,,,10.8,,,,,,,,,,CCCCn1c(=O)c2cc(Cl)cnc2n1Cc1ccc(-c2ccccc2-c2nn[nH]n2)cc1
CHEMBL262273,,,,,,,0.2198999999999999,,,,,,CC(O)(C(=O)Nc1ccc(S(=O)(=O)N2CCCC2)cc1)C(F)(F)F
CHEMBL262514,,,3.1e-06,,,,,,,,,,CCCc1nc(Cl)ncc1C(=O)Nc1cc(C(F)(F)F)cc(C(F)(F)F)c1
CHEMBL262614,,,3.0,,,,,,,,,,NC(=O)Nc1cn(-c2ccc(-c3ccc(O)cc3)c(Cl)c2)nc1C(N)=O
CHEMBL262777,,,,,,,,6.5,,,,,CN[C@H](CC(C)C)C(=O)N[C@H]1C(=O)N[C@@H](CC(N)=O)C(=O)N[C@H]2C(=O)N[C@H]3C(=O)N[C@H](C(=O)N[C@H](C(=O)O)c4cc(O)cc(O)c4-c4cc3ccc4O)[C@H](O)c3ccc(c(Cl)c3)Oc3cc2cc(c3O[C@@H]2O[C@H](CO)[C@@H](O)[C@H](O)[C@H]2O[C@H]2C[C@](C)(N)[C@H](O)[C@H](C)O2)Oc2ccc(cc2Cl)[C@H]1O
CHEMBL262993,,,4.7,,,,,,,,,,CC[C@H](C)[C@H](NC(=O)[C@H](CC(=O)O)NC(=O)[C@H](CC(C)C)NC(=O)[C@@H](NC(C)=O)C1c2ccccc2CCc2ccccc21)C(=O)N[C@H](C(=O)N[C@@H](Cc1c[nH]c2ccccc12)C(=O)O)[C@@H](C)CC
CHEMBL263252,,,0.35,,,,,,,,,,Nc1noc2ccc(-n3nc(C(F)(F)F)cc3C(=O)Nc3ccc(-c4ccccc4C[n+]4ccccc4)cc3F)cc12.[Br-]
CHEMBL263499,,,,,,,,60.0,,,,,CC/C=C\C/C=C\C/C=C\C/C=C\C/C=C\C/C=C/CCC(=O)O[C@@H](C(=O)O[C@H]1C[C@@]2(O)[C@@H](OC(=O)c3ccccc3)C3[C@](C)(C(=O)[C@H](OC(C)=O)C(=C1C)C2(C)C)[C@@H](O)C[C@H]1OC[C@@]31OC(C)=O)[C@@H](NC(=O)c1ccccc1)c1ccccc1
CHEMBL263892,,,3.0,,,,,,,,,,COc1cc(-c2ccc(-n3cc(NC(N)=O)c(C(N)=O)n3)cc2C)ccc1O
CHEMBL263894,,,3.0,,,,,,,,,,Cc1cc(-n2cc(NC(N)=O)c(C(N)=O)n2)ccc1-c1cc(C)c(O)c(Br)c1
CHEMBL264241,,,,,,,,40.0,,,,,CCCCCOc1ccc(-c2ccc(-c3ccc(C(=O)N[C@H]4C[C@@H](O)[C@@H](O)NC(=O)[C@@H]5[C@@H](O)[C@@H](C)CN5C(=O)[C@H]([C@@H](C)O)NC(=O)[C@H]([C@H](O)[C@@H](O)c5ccc(O)cc5)NC(=O)[C@@H]5C[C@@H](O)CN5C(=O)[C@H]([C@@H](C)O)NC4=O)cc3)cc2)cc1
CHEMBL264405,,,3.0,,,,,,,,,,Cc1cc(O)ccc1-c1ccc(-n2cc(NC(N)=O)c(C(N)=O)n2)cc1C
CHEMBL265208,,,8.7,,,,,,,,,,CCCCn1c2nc(C)ccc2c(=O)n1Cc1ccc(-c2ccccc2-c2nn[nH]n2)cc1
CHEMBL265502,,,,,,,,1200.0,,,,,Cc1ccc(C(=O)Nc2ccc(S(=O)(=O)O)c3cc(S(=O)(=O)O)cc(S(=O)(=O)O)c23)cc1NC(=O)c1cccc(NC(=O)Nc2cccc(C(=O)Nc3cc(C(=O)Nc4ccc(S(=O)(=O)O)c5cc(S(=O)(=O)O)cc(S(=O)(=O)O)c45)ccc3C)c2)c1
CHEMBL265603,,,0.5,,,,,,,,,,Cn1cncc1CN1CC(N(CC2CCN(C(=O)C3CC3)CC2)S(=O)(=O)c2ccccn2)Cc2cc(C#N)ccc21
CHEMBL266195,,,,81.59,89.9999380956719,,,2.5,,,,,C=CCc1ccccc1OCC(O)CNC(C)C
CHEMBL266349,,,,,,,,1.6,,,,,N=C(N)c1ccc(CNC(=O)[C@@H]2CCN2C(=O)[C@H](NCC(=O)O)C2CCCCC2)cc1
CHEMBL266510,,,,,,,,37.0,,,,,COc1ccc(Cl)cc1[C@]1(F)C(=O)Nc2cc(C(F)(F)F)ccc21
CHEMBL267144,,,,144.54,89.99998962225109,,0.3706,,30.9,111.24,34.37577255871446,,CC(C)[C@H]1C(=O)N[C@H](CO)Cc2ccccc2N1C
CHEMBL267648,,,23.0,,,,,11.0,,,,,CCn1cc(C(=O)O)c(=O)c2cc(F)c(N3CCN(C)CC3)cc21
CHEMBL267744,,,,61.0,89.99997540984279,,,,82.0,295.2,55.909090909090914,,O=C(O)COc1ccc(C(=O)c2cccs2)c(Cl)c1Cl
CHEMBL267894,,,,11.75,89.99987234060661,,0.3923,,,,,,CCC1(CCC(C)C)C(=O)NC(=O)NC1=O
CHEMBL267959,,,10000000.0,,,,,,,,,,C[C@H](C(=O)NCc1cc(F)cc(F)c1)C(=O)N[C@@H]1C(=O)N(C)c2ccccc2-c2ccccc21
CHEMBL268254,,,,,,,,200.0,,,,,O=C1CN=C(c2ccccc2Cl)c2cc(Cl)ccc2N1
CHEMBL268764,,,0.05,,,,,,,,,,CCN(CC)CCN(Cc1ccc(-c2ccc(C(F)(F)F)cc2)cc1)C(=O)Cn1c(C)cc(=O)nc1SCc1ccc(F)cc1
CHEMBL269732,,,,,,,,26.0,,,,,C=CC[C@@H]1/C=C(\C)C[C@H](C)C[C@H](OC)[C@H]2O[C@@](O)(C(=O)C(=O)N3CCCC[C@H]3C(=O)O[C@H](/C(C)=C/[C@@H]3CC[C@@H](O)[C@H](OC)C3)[C@H](C)[C@@H](O)CC1=O)[C@H](C)C[C@@H]2OC
CHEMBL27,,,21.522222222222226,,,,,3.4,,,,,CC(C)NCC(O)COc1cccc2ccccc12
CHEMBL270026,,,26.0,,,,,,,,,,CC(C)Cc1cc(-c2ccc(CCNC[C@H](O)c3ccccc3)cc2)ccc1C(=O)O
CHEMBL270548,,,4.6,,,,,,,,,,COc1cc2nccc(Oc3ccc4c(c3)OCCN4C(=O)Nc3ccc(Cl)cc3)c2cc1OC
CHEMBL270591,,,5.1,,,,,,,,,,CCS(=O)(=O)CCN(C(=O)Cc1ccc(F)c(C(F)(F)F)c1)[C@H](C)c1nc(C2CC2)cn1-c1ccc(C#N)cc1
CHEMBL271012,,,,29.06,89.99994831391703,,0.0013999999999999,,3.0,10.8,5.094339622641509,,C[C@H](CO)Nc1nc(SCc2ccccc2F)nc2[nH]c(=O)sc12
CHEMBL271013,,,,,,,0.0456999999999999,,,,,,C[C@H](CO)Nc1nc(SCc2ccccc2)nc2nc(N)sc12
CHEMBL271023,,,,150.0,89.9999900000011,,,,150.0,539.9999999999999,67.5,,[O-][S+](c1ccccc1)c1ccc2nnnn2n1
CHEMBL271574,,,10.0,,,,,,,,,,CC(C)Sc1cc(-c2ccc(CCNC[C@H](O)c3ccccc3)cc2)ccc1C(=O)O
CHEMBL271703,,,,,,,0.0446999999999999,,12.0,43.2,17.419354838709676,,C[C@H](CO)Nc1nc(SCc2cccc(F)c2F)nc2nc(N)cnc12
CHEMBL27193,,,,,,,,3.3,,,,,C[C@H](CCc1ccccc1)NC[C@H](O)c1ccc(O)c(C(N)=O)c1
CHEMBL271945,,,18.0,,,,,,,,,,CC(C)Oc1cc(-c2ccc(CCNC[C@H](O)c3ccccc3)cc2)ccc1C(=O)O
CHEMBL272080,,,,,,,,24.0,,,,,CN[C@@H]1[C@@H](O)[C@@H](O[C@@H]2[C@@H](O)[C@H](O[C@H]3O[C@H](CN)[C@@H](O)[C@H](O)[C@H]3O)[C@@H](N)C[C@H]2NC(=O)[C@@H](O)CN)OC[C@]1(C)O
CHEMBL272282,,,,,,,,,3.0,10.8,5.094339622641509,,Cn1c(=N)n(CC(=O)c2ccc(Cl)cc2)c2ccccc21
CHEMBL272383,,,3.3,,,,,,,,,,COc1cc(-c2ccc(CCNC[C@H](O)c3cccc(Cl)c3)cc2)ccc1C(=O)O
CHEMBL272551,,,,150.0,89.9999900000011,,,,64.0,230.4,50.52631578947368,,O=S(=O)(c1ccccc1)N1CCN(Cc2ccccc2)CC1
CHEMBL272584,,,30.0,,,,,,,,,,CC(C)Oc1cc(-c2ccc(CCNC[C@H](O)c3cccc(Cl)c3)cc2)ccc1C(=O)O
CHEMBL272705,,,,44.15,89.9999602324107,,0.0159999999999999,,8.28,29.808,12.786547700754973,,C[C@H](CO)Nc1nc(SCc2ccco2)nc2[nH]c(=O)sc12
CHEMBL272761,,,0.7,,,,,,,,,,CCNC(=O)[C@H]1O[C@@H](n2cnc3c(NCC(c4ccccc4)c4ccccc4)nc(CNC(=O)NCCN(C(C)C)C4CCCC4)nc32)[C@H](O)[C@@H]1O
CHEMBL272842,,,,28.0,89.99994642860332,,,,3.0,10.8,5.094339622641509,,O=C(O)[C@H](Cc1ccccc1)N1CCC(CN2CCC(Oc3ccc(CO)c(Cl)c3)CC2)CC1
CHEMBL273453,,,0.6,,,,,,,,,,C[C@]12CCC(=O)C=C1CC[C@@H]1[C@@H]2[C@@H](O)C[C@]2(C=O)[C@@H](C(=O)CO)CC[C@@H]12
CHEMBL273503,,,0.12,,,,,,,,,,CCc1cn(CC(=O)N(CCN(CC)CC)Cc2ccc(-c3ccc(Cl)cc3)cc2)c(SCc2ccc(F)cc2)nc1=O
CHEMBL273575,,,,,,,,6.5,,,,,CN1Cc2c(N)cccc2C(c2ccccc2)C1
CHEMBL274070,,,,,,,,7.0,,,,,CC[C@@]1(O)C(=O)OCc2c1cc1n(c2=O)Cc2cc3c(N)cccc3nc2-1
CHEMBL274551,,,0.13,,,,,,,,,,CCCc1cn(CC(=O)N(CCN(CC)CC)Cc2ccc(-c3ccc(C(F)(F)F)cc3)cc2)c(SCc2ccc(F)cc2)nc1=O
CHEMBL274713,,,,,,,,,3.0,10.8,5.094339622641509,,CCCSc1nc(N[C@@H]2C[C@H]2c2ccccc2)c2nnn([C@@H]3C[C@H](OCCO)[C@@H](O)[C@H]3O)c2n1
CHEMBL274737,,,,,,,0.013,,8.71,31.356000000000005,13.35206949412366,,CC[C@H](CO)Nc1nc(SCc2ccccc2)nc2nc(N)sc12
CHEMBL275128,,,0.006,,,,,,,,,,CCN(CC)CCN(Cc1ccc(-c2ccc(C(F)(F)F)cc2)cc1)C(=O)Cn1cc([S+](C)[O-])c(=O)nc1SCc1ccc(F)cc1
CHEMBL275224,,,,,,,,,89.0,320.4,57.62589928057554,,c1ccc2c(c1)[nH]c1cnccc12
CHEMBL275528,,,,,,,,16.0,,,,,c1ccc(C2(N3CCCCC3)CCCCC2)cc1
CHEMBL275742,,,,,,,0.1761,,,,,,CC(C)NC[C@@H](O)COc1cccc2ccccc12
CHEMBL275955,,,,,,,0.3288,,,,,,NC1=NC(c2ccc(F)cc2)Cc2ccc(F)cc21
CHEMBL276832,,,,,,,,0.96,,,,,NNc1nncc2ccccc12
CHEMBL276856,,,0.002,,,,,,,,,,Cn1cc(Cc2cn(CC(=O)N(CCO)Cc3ccc(-c4ccc(Cl)cc4)cc3)c(SCc3ccc(F)cc3)nc2=O)cn1
CHEMBL277062,,,,,,,,21.0,,,,,O=C1CN=C(c2ccccn2)c2cc(Br)ccc2N1
CHEMBL277474,,,1.18,3.735,89.99958221677957,,0.8065,12.0,,,,,Cc1cc(=O)n(-c2ccccc2)n1C
CHEMBL277498,,,0.0,,,,,,,,,,O=C(O)C1CCCNC1
CHEMBL277556,,,3.0,,,,,,,,,,Cc1cc(-c2ccc(-n3cc(NC(N)=O)c(C(N)=O)n3)cc2F)ccc1O
CHEMBL278255,,,,,,,,5.4,,,,,NC1CCN(c2c(F)cc3c(=O)c(C(=O)O)cn(C4CC4)c3c2Cl)C1
CHEMBL278390,,,,10.96,89.99986313889426,,,,,,,,O=C(O)c1cc2ccccc2[nH]1
CHEMBL27890,,,,,,,0.0010999999999999,,,,,,COc1ccc2c(O)cc(=O)n(Cc3ccc(-c4ccccc4-c4nn[nH]n4)cc3)c2c1
CHEMBL279229,,,,,,,,3.5,,,,,COc1ccccc1N1CCN(CCCNc2cc(=O)n(C)c(=O)n2C)CC1
CHEMBL279516,,,,,,,,4.3,,,,,O=C(NC1CCN(CCc2c[nH]c3ccccc23)CC1)c1ccccc1
CHEMBL279898,,,,,,,0.3288,1.8,,,,,CCCn1c(=O)[nH]c(=O)c2nc[nH]c21
CHEMBL280148,,,,3.0,89.99950000277776,,,,11.0,39.6,16.22950819672131,,CN(C)CCNc1cc(-c2ccc(N3CCN(C)CC3)cc2)nc2ccccc12
CHEMBL280481,,,,,,,,2.3,,,,,CN(C)C(=O)CCS[C@H](SCCC(=O)O)c1cccc(/C=C/c2ccc3ccc(Cl)cc3n2)c1
CHEMBL280503,,,4.25,,,,,,,,,,COc1ccc(C[C@H](NC(=O)N2CCOCC2)C(=O)N[C@@H](Cc2c[nH]cn2)C(=O)N[C@H](CC2CCCCC2)[C@H](O)[C@H](O)CN=[N+]=[N-])cc1
CHEMBL281436,,,0.79,,,,,,,,,,COc1ccc(C[C@H](NC(=O)C(C)C)C(=O)N[C@@H](Cc2c[nH]cn2)C(=O)N[C@H](CC2CCCCC2)[C@H](O)[C@H](O)CN=[N+]=[N-])cc1
CHEMBL282479,,,,,,,0.0148999999999999,,,,,,O=C1Nc2cc(C(F)(F)F)ccc2C1(O)c1cc(Cl)ccc1O
CHEMBL282625,,,,,,,,,7.0,25.2,11.05263157894737,,N=C(N)c1cc2c(/C=C/c3ccc4c(c3)OCO4)cccc2s1
CHEMBL282686,,,,,,,,45.0,,,,,CCO[C@@H](Cc1ccc(OCCc2ccc(OS(C)(=O)=O)cc2)cc1)C(=O)O
CHEMBL284237,,,,,,,0.5288,,,,,,C[C@]12N[C@H](Cc3ccccc31)c1ccccc12
CHEMBL284275,,,,3.63,89.99958677875675,,0.1934999999999999,,5.37,19.332,8.728553368249957,,COc1ccc(Cc2c(N)n[nH]c2N)cc1
CHEMBL285347,,,,,,,,1.1,,,,,C[C@@H](O)[C@H]1C(=O)N2C(C(=O)[O-])=C(SC3Cn4cnc[n+]4C3)[C@H](C)[C@H]12
CHEMBL285831,,,,18.2,89.99991758249305,,,,,,,,NS(=O)(=O)c1ccc(-n2nc(C(F)(F)F)cc2-c2ccc(C(F)(F)F)cc2)cc1
CHEMBL286364,,,5.5,,,,,,,,,,CC(C)C[C@H](NC(=O)c1cc2ccccc2o1)C(=O)N[C@H]1CCCN(S(=O)(=O)c2ccccn2)CC1=O
CHEMBL286494,,,,,,,,42.0,,,,,Cc1cc(O)c2c(=O)c3c(O)cc(O)c4c5c(O)cc(O)c6c(=O)c7c(O)cc(C)c8c1c2c(c34)c(c78)c65
CHEMBL288470,,,,3.47,89.99956772541918,,,,,,,,Cc1c(N(C)C)c(=O)n(-c2ccccc2)n1C
CHEMBL289125,,,8.0,,,,,,,,,,CSc1nc(NCCc2ccccc2)c2cnn(CC(Cl)c3ccccc3)c2n1
CHEMBL289330,,,,,,,0.5402,,,,,,CCN1CCC[C@H]1CNC(=O)c1cc(Br)cc(OC)c1OC
CHEMBL289469,,,,,,,,5.2,,,,,CN1C2CCCC1CC(NC(=O)c1nn(C)c3ccccc13)C2
CHEMBL29,,,,,,,,0.7,,,,,CC1(C)S[C@@H]2[C@H](NC(=O)Cc3ccccc3)C(=O)N2[C@H]1C(=O)O
CHEMBL290194,,,,,,,,2.8,,,,,C=CCN1CCCC1CNC(=O)c1cc2nn[nH]c2cc1OC
CHEMBL290548,,,,,,,,,17.0,61.2,22.83582089552239,,COC(=O)N1CCN(c2ccnc(-n3ccnc3)n2)C(CC(=O)NCc2ccc3c(c2)OCO3)C1
CHEMBL291784,,,7.05,,,,,,,,,,CN1C(=O)C(c2ccccc2)(c2ccccc2)N=C1N
CHEMBL29384,,,,,,,0.299,,,,,,O=C(O)c1cn(Cc2ccccc2)c2cc(N3CCNCC3)c(F)cc2c1=O
CHEMBL294099,,,,3.0,89.99950000277776,,,,,,,,O=c1cc(-c2ccc(Br)cc2)oc2ccccc12
CHEMBL295467,,,,,,,0.4827,,3.0,10.8,5.094339622641509,,CNCCC(Oc1ccccc1OC)c1ccccc1
CHEMBL296035,,,,79.355,89.99990889224338,,0.0801,2.3,,,,,CCc1cccc2cc(C(O)CNC(C)(C)C)oc12
CHEMBL29609,,,,13.49,89.99988880666073,,,,14.45,52.02,20.178432893716057,,Cc1cc(CCCOc2c(C)cc(-c3noc(C(F)(F)F)n3)cc2C)on1
CHEMBL296419,,,6.1,,,,0.0262,,66.0,237.6,51.206896551724135,,COc1ccc(CCN2CCC(Nc3nc4ccccc4n3Cc3ccc(F)cc3)CC2)cc1
CHEMBL296468,,,1.0,,,,,,,,,,CC(C)(C)c1cnc(CSc2cnc(NC(=O)C3CCNCC3)s2)o1
CHEMBL297302,,,,,,,,5.8,,,,,O=C(CCCN1CCC(n2c(=O)[nH]c3ccccc32)CC1)c1ccc(F)cc1
CHEMBL297685,,,,,,,0.1189,,,,,,Cn1c(-c2cccc(F)c2)nc2c(N)nc(C#CC3(O)CCCC3)nc21
CHEMBL298019,,,,150.0,89.9999900000011,,,,150.0,539.9999999999999,67.5,,CCOC(=O)c1ccc(OCCC2CCN(c3ccc(C)nn3)CC2)cc1
CHEMBL3,,,,,,,,2.0,,,,,CN1CCC[C@H]1c1cccnc1
CHEMBL30,,,,,,,,2.2,,,,,CN/C(=N\CCSCc1nc[nH]c1C)NC#N
CHEMBL300138,,,,6.0,89.99975000069445,,0.0017,,,,,,Cn1cc(C2=C(c3cn(C4CCN(Cc5ccccn5)CC4)c4ccccc34)C(=O)NC2=O)c2ccccc21
CHEMBL30054,,,,,,,0.2801,,,,,,O=C(Cn1c(Cl)cnc(NCC(F)(F)c2ccccn2)c1=O)NCc1ncccc1F
CHEMBL301523,,,3.57,,,,,,,,,,N[C@@H](Cc1ccccc1)C(=O)O
CHEMBL301554,,,,,,,0.1423000000000001,,,,,,CN(C)CCNc1cc(-c2ccncc2)nc2ccccc12
CHEMBL301856,,,,,,,0.0476999999999999,,,,,,Nc1nc(O)c(Cl)c(-c2ccccc2)n1
CHEMBL302795,,,,,,,,67.0,,,,,CN1C(C(=O)Nc2ccccn2)=C(O)c2sccc2S1(=O)=O
CHEMBL3039597,,,,,,,,4.7,,,,,
CHEMBL304087,,,,13.0,89.99988461553255,,0.013,,120.0,432.0,63.52941176470587,,COc1cc(NC(=O)Nc2cccc(CNC(=O)O[C@H]3CCOC3)c2)ccc1-c1cnco1
CHEMBL305513,,,,,,,,,3.0,10.8,5.094339622641509,,Nc1nc2ccccc2[nH]1
CHEMBL306700,,,,,,,,4.1,,,,,CCOc1ccccc1OCC1CNCCO1
CHEMBL306713,,,,,,,,0.8,,,,,C[C@@H](O)[C@H]1C(=O)N2C(C(=O)O)=C(SCCOC(N)=O)S[C@H]12
CHEMBL3085107,,,18.5,,,,,,,,,,Cc1nc(C(C)C)n([C@@H]2C[C@H]3CC[C@@H](C2)N3CC[C@H](NC(=O)C2CCC(F)(F)CC2)c2ccccc2)n1
CHEMBL309339,,,,,,,,,3.0,10.8,5.094339622641509,,O=C(NO)c1ccccc1O
CHEMBL31,,,20.0,,,,,10.0,,,,,COc1c(N2CCNC(C)C2)c(F)cc2c(=O)c(C(=O)O)cn(C3CC3)c12
CHEMBL312421,,,,3.0,89.99950000277776,,,,,,,,CC(C)C[C@H](N)C(=O)NC[C@H](O)C[C@@H](N)CC(=O)NN(C)CC(=O)O
CHEMBL313907,,,,,,,,,5.0,18.0,8.181818181818182,,O=S(=O)(Nc1nc(-c2ccccc2)nn1Cc1ccccc1)c1ccccc1
CHEMBL314010,,,,,,,,1.9,,,,,COc1ccc(CCNCC(O)COc2cccc(C)c2)cc1OC
CHEMBL314034,,,,,,,,,116.0,417.6,62.89156626506024,,CSc1nc(-c2ccccc2)nn1Cc1ccccc1
CHEMBL314437,,,,,,,,1.7,,,,,CCC1(c2cccc(O)c2)CCCCN(C)C1
CHEMBL3144574,,,,4.37,89.99965675188119,,,,,,,,O=c1c2ccccc2[nH]n1Cc1c[nH]c2ccccc12
CHEMBL314768,,,0.068,,,,,,,,,,Cn1cc(Cc2cn(CC(=O)N(CCN3CCCCC3)Cc3ccc(-c4ccc(C(F)(F)F)cc4)cc3)c(SCc3ccc(F)cc3)nc2=O)cn1
CHEMBL315708,,,,,,,0.0306999999999999,,3.0,10.8,5.094339622641509,,c1ccc(-c2[nH]nc3ccccc23)cc1
CHEMBL315766,,,0.001,,,,,,,,,,CCN(CC)CCCN(Cc1ccc(-c2ccc(Cl)cc2)cc1)C(=O)Cn1cc(Cc2cnn(C)c2)c(=O)nc1SCc1ccc(F)cc1
CHEMBL315795,,,,,,,,4.5,,,,,Cc1ncsc1CCCl
CHEMBL315838,,,,,,,,2.6,,,,,COc1ccc(C(=O)Nc2ccccc2CCC2CCCCN2C)cc1
CHEMBL315970,,,,,,,,,14.0,50.4,19.6875,,CC(C)Cn1c(=O)n(C)c(=O)c2cn(Cc3cccc4ccccc34)cc21
CHEMBL316157,,,,,,,,1.5,,,,,O=C(Cc1cccs1)N[C@@H]1C(=O)N2C(C(=O)[O-])=C(C[n+]3ccccc3)CS[C@H]12
CHEMBL31656,,,70.4,,,,,,,,,,C=CC(=O)Nc1nc2c(Nc3ccc(F)c(Cl)c3)ncnc2cc1OCCCN1CCOCC1
CHEMBL318021,,,,104.71,89.99998567472294,,,,6.17,22.212,9.88606017447036,,CC(CCc1cccc(OCc2ccc3ccccc3n2)c1)CC(=O)O
CHEMBL31815,,,,82.745,89.99994658171823,,,,,,,,C=CC(=O)Nc1ccc2ncnc(Nc3cccc(C)c3)c2c1
CHEMBL3183075,,,,,,,,1.5,,,,,CNC(=C[N+](=O)[O-])NCCSCc1csc(CN(C)C)n1
CHEMBL318457,,,0.0,,,,,,,,,,CC(C)c1onc(-c2c(Cl)cccc2Cl)c1COc1ccc(/C=C/c2cccc(C(=O)O)c2)c(Cl)c1
CHEMBL319111,,,,,,,0.004,,,,,,O=C1N(c2ccccc2)c2ccccc2C1(Cc1ccncc1)Cc1ccncc1
CHEMBL319136,,,,,,,0.0219,,,,,,CN(C)C(=O)[C@H](O)[C@H](Cc1ccccc1)NC(=O)c1cc2cc(Cl)ccc2[nH]1
CHEMBL31965,,,54.2,,,,,,,,,,C=CC(=O)Nc1cc2c(Nc3ccc(F)c(Cl)c3)ncnc2cc1OCCCN1CCOCC1
CHEMBL32,,,,,,,0.6912,8.2,,,,,COc1c(N2C[C@@H]3CCCN[C@@H]3C2)c(F)cc2c(=O)c(C(=O)O)cn(C3CC3)c12
CHEMBL320714,,,,88.0,89.99998295454868,,,,29.0,104.4,33.037974683544306,,Oc1nc2c(O)ccc(CCNCCCCCCOCCc3ccccc3)c2s1
CHEMBL320876,,,,,,,0.0182999999999999,,,,,,COc1cc([C@@H]2c3cc4c(cc3C(O[C@@H]3O[C@@H]5CO[C@@H](C)O[C@H]5[C@H](O)[C@H]3O)C3COC(=O)[C@@H]32)OCO4)cc(OC)c1O
CHEMBL3215572,,,17.7,,,,,,,,,,Cl.Cl.Cl.Cl.O=C(NCCCCCCCNc1c2c(nc3cc(Cl)ccc13)CCCC2)c1ccc2nc(-c3ccc(Cl)cc3)c3c(c2c1)OCCC3
CHEMBL3215573,,,13.2,,,,,,,,,,Cl.Cl.Cl.O=C(CCc1ccc2nc(-c3ccccc3)c3c(c2c1)OCCC3)NCCCCCCNc1c2c(nc3cc(Cl)ccc13)CCCC2
CHEMBL3215574,,,10.1,,,,,,,,,,Cl.Cl.Cl.O=C(CCc1ccc2nc(-c3ccccc3)c3c(c2c1)OCCC3)NCCCCCCCCNc1c2c(nc3cc(Cl)ccc13)CCCC2
CHEMBL321590,,,,,,,0.0836,,,,,,O=C(NO)C1COC(c2ccc(F)c(C(F)(F)F)c2)=N1
CHEMBL3216018,,,15.1,,,,,,,,,,Cl.Cl.Cl.O=C(CCc1ccc2nc(-c3ccccc3)c3c(c2c1)OCCC3)NCCCCNc1c2c(nc3cc(Cl)ccc13)CCCC2
CHEMBL3216221,,,10.2,,,,,,,,,,Cl.Cl.Cl.O=C(CCc1ccc2nc(-c3ccccc3)c3c(c2c1)OCCC3)NCCCCCCCNc1c2c(nc3cc(Cl)ccc13)CCCC2
CHEMBL3216429,,,14.9,,,,,,,,,,Cl.Cl.Cl.Cl.O=C(NCCCCCCNc1c2c(nc3cc(Cl)ccc13)CCCC2)c1ccc2nc(-c3ccc(Cl)cc3)c3c(c2c1)OCCC3
CHEMBL321758,,,,,,,0.6813,,,,,,C[C@H]([C@H](O)c1ccc(O)cc1)N1CCC(O)(c2ccccc2)CC1
CHEMBL322308,,,23.815,,,,,,,,,,CC(=O)OC(C)OC(=O)N(CC(O)COc1cccc2[nH]ccc12)C(C)C
CHEMBL322479,,,,93.03,89.99998387617187,,,,48.67,175.212,44.39343265430222,,CC(C)(CCCCCOCCc1ccccc1)NCCc1ccc(O)c2nc(O)sc12
CHEMBL323776,,,,140.0,89.99998928571556,,0.1073,,35.0,125.99999999999996,37.05882352941176,,CN(CCNCCc1ccc(O)c2nc(O)sc12)C(=O)CCOCCc1ccccc1
CHEMBL324090,,,,,,,,5.9,,,,,COc1cc2c(cc1OC)CN(c1cc(N)c3cc(OC)c(OC)cc3n1)CC2
CHEMBL32479,,,,,,,,4.8,,,,,Cc1nnc2n1-c1sc(Br)cc1C(c1ccccc1Cl)=NC2
CHEMBL324875,,,,150.0,89.9999900000011,,,,150.0,539.9999999999999,67.5,,Cc1ccc(CCOCCNS(=O)(=O)CCCNCCc2ccc(O)c3nc(O)sc23)cc1
CHEMBL325041,,,,,,,0.1315,18.0,,,,,CC(C)C[C@H](NC(=O)[C@H](Cc1ccccc1)NC(=O)c1cnccn1)B(O)O
CHEMBL325166,,,,,,,,1.9,,,,,N=C(N)N1CCC[C@@H](CNC(=O)C[C@H](NS(=O)(=O)c2ccc3ccccc3c2)C(=O)N(CC(=O)O)C2CC2)C1
CHEMBL325438,,,1.6e-05,,,,,,,,,,CCCC(c1ccncc1)n1[nH]c(=O)c2nc3cc(Cl)ccc3c(O)c2c1=O.CS(=O)(=O)O
CHEMBL327705,,,0.001,,,,,,,,,,CN1CCN(CCCN(Cc2ccc(-c3ccc(Cl)cc3)cc2)C(=O)Cn2cc(Cc3cnn(C)c3)c(=O)nc2SCc2ccc(F)cc2)CC1
CHEMBL32800,,,,,,,,0.87,,,,,CC(Cc1ccc(O)cc1)NCC(O)c1cc(O)cc(O)c1
CHEMBL328250,,,,,,,,2.1,,,,,CN(C)Cc1nnc2n1-c1ccc(Cl)cc1C(c1ccccc1)=NC2
CHEMBL328942,,,2.0,,,,,,,,,,CC[C@H](C)[C@H](NC(=O)[C@H](CC(=O)O)NC(=O)[C@H](CC(C)C)NC(=O)[C@@H](NC(C)=O)C(c1ccccc1)c1ccccc1)C(=O)N[C@H](C(=O)N[C@@H](Cc1c[nH]c2ccccc12)C(=O)O)[C@@H](C)CC
CHEMBL329785,,,,,,,,,17.78,64.008,23.608734139864264,,Nc1nc2ccccc2s1
CHEMBL33,,,,3.0,89.99950000277776,,,8.8,,,,,C[C@H]1COc2c(N3CCN(C)CC3)c(F)cc3c(=O)c(C(=O)O)cn1c23
CHEMBL3301669,,,,,,,,170.0,,,,,CN[C@H]1C(=O)N[C@@H]2Cc3ccc(cc3)Oc3cc4cc(c3O[C@@H]3O[C@H](C(=O)O)[C@@H](O)[C@H](O)[C@H]3NC(=O)CCCCCCCCC(C)C)Oc3ccc(cc3Cl)[C@@H](O)[C@@H]3NC(=O)[C@H](NC(=O)[C@@H]4NC(=O)[C@@H](NC2=O)c2cc(cc(O)c2Cl)Oc2cc1ccc2O)c1ccc(O)c(c1)-c1c(O[C@H]2O[C@H](CO)[C@@H](O)[C@H](O)[C@@H]2O)cc(O)cc1[C@@H](C(=O)NCCCN(C)C)NC3=O
CHEMBL3301673,,,,,,,,22.0,,,,,CCCCCNC(=O)c1coc([C@H]2[C@@H](Cc3ccccc3CCC(=O)O)[C@@H]3CC[C@H]2O3)n1
CHEMBL3301800,,,,,,,,1.2,,,,,CC=CC1=C(C(=O)O)N2C(=O)[C@@H](NC(=O)[C@H](N)c3ccc(O)cc3)[C@H]2SC1
CHEMBL330758,,,1.1e-05,,,,,,,,,,CC(C)CC(c1ccncc1)n1[nH]c(=O)c2nc3cc(Cl)ccc3c(O)c2c1=O.CS(=O)(=O)O
CHEMBL331372,,,0.2,,,,0.4201,,,,,,CCNC(=O)[C@H]1O[C@@H](n2cnc3c(N)nc(NCCc4ccc(CCC(=O)O)cc4)nc32)[C@H](O)[C@@H]1O
CHEMBL333056,,,5.8e-06,,,,,,,,,,CC(c1ccncc1)n1[nH]c(=O)c2[nH]c3cc(Cl)ccc3c(=O)c2c1=O.CS(=O)(=O)O
CHEMBL333554,,,9.1e-06,,,,,,,,,,CC(C)CC(c1ccccn1)n1[nH]c(=O)c2nc3cc(Cl)ccc3c(O)c2c1=O.CS(=O)(=O)O
CHEMBL333654,,,5.6e-06,,,,,,,,,,CS(=O)(=O)O.O=c1[nH]n(C(c2ccccn2)C2CCCC2)c(=O)c2c(O)c3ccc(Cl)cc3nc12
CHEMBL333697,,,5e-07,,,,,,,,,,O=c1[nH]n(Cc2cc[n+]([O-])cc2)c(=O)c2c(O)c3ccc(Cl)cc3nc12
CHEMBL334167,,,,22.46,89.9999296138929,,,,,,,,Cn1sc(=O)c2cc(S(N)(=O)=O)ccc21
CHEMBL335744,,,,61.66,89.99997567305232,,0.0245,,104.71,376.956,60.91332169866201,,CC(C)C(=O)Nc1nc(-c2ccccn2)cc2ccccc12
CHEMBL336293,,,228.0,,,,,,,,,,O=C(C(=O)N1CCN(C(=O)c2ccccc2)CC1)c1c[nH]c2ccccc12
CHEMBL336546,,,1.1e-06,,,,,,,,,,O=C(Nc1cc(C(F)(F)F)cc(C(F)(F)F)c1)c1cnc(Cl)nc1C(F)(F)F
CHEMBL336619,,,,,,,,,69.0,248.4,52.184873949579824,,O=C(NCC12CC3CC(CC(C3)C1)C2)c1ccccc1Cl
CHEMBL336718,,,,150.0,89.9999900000011,,,,150.0,539.9999999999999,67.5,,COc1ccc(-c2nc(O)c3ccccc3n2)cc1
CHEMBL337301,,,51.0,,,,,,,,,,COc1ccnc2[nH]cc(C(=O)C(=O)N3CCN(C(=O)c4ccccc4)C[C@H]3C)c12
CHEMBL337656,,,6.1e-06,,,,,,,,,,O=C(Nc1cc(C(F)(F)F)cc(C(F)(F)F)c1)c1cnc(Cl)nc1
CHEMBL337962,,,,,,,,,14.0,50.4,19.6875,,CNC(=O)c1cccc(NC(=O)Nc2cccc(C#N)c2)c1CN1CCC(Cc2ccc(F)cc2)CC1
CHEMBL33899,,,,107.15,89.99998600093545,,0.0032999999999999,,31.62,113.832,34.866454300416564,,CC/C(=C(\c1ccccc1)c1ccc(/C=C/C(=O)O)cc1)c1ccccc1
CHEMBL339053,,,,34.14,89.99995435748292,,0.007,,,,,,O=C(N[C@H](Cc1ccc(Cl)cc1)C(=O)N1CCC(Cn2cncn2)(C2CCCCC2)CC1)[C@H]1Cc2ccccc2CN1
CHEMBL339323,,,,,,,,0.96,,,,,CC(=N)N1CC[C@H](SC2=C(C(=O)O)N3C(=O)[C@H]([C@@H](C)O)[C@H]3C2)C1
CHEMBL339462,,,5.8e-06,,,,,,,,,,CCc1nc(Cl)ncc1C(=O)Nc1cc(C(F)(F)F)cc(C(F)(F)F)c1
CHEMBL33986,,,,,,,,4.8,,,,,Oc1ccc2c(c1)[C@@]13CCCC[C@@]1(O)[C@@H](C2)N(CC1CCC1)CC3
CHEMBL340779,,,3.1e-06,,,,,,,,,,O=C(Nc1cc(C(F)(F)F)cc(C(F)(F)F)c1)c1cnc(Cl)nc1Cl
CHEMBL340978,,,,,,,0.0023999999999999,,,,,,CC(C(=O)O)c1ccc2oc(-c3ccc(Cl)cc3)nc2c1
CHEMBL341087,,,,,,,,,8.0,28.8,12.413793103448272,,CC1CN(C(=O)c2cc3ccccc3[nH]2)CCN1
CHEMBL341103,,,10.0,,,,,,,,,,COC(=O)c1c(O)cccc1OCCCCNC(=O)[C@H](Cc1ccc(OCC(=O)O)c(O)c1)NC(C)=O
CHEMBL341226,,,,,,,,,150.0,539.9999999999999,67.5,,COc1cccc(NC(=O)CC23CC4CC(CC(C4)C2)C3)c1C
CHEMBL34139,,,,,,,,49.0,,,,,C[C@H]([C@](O)(Cn1cncn1)c1ccc(F)cc1F)S(C)(=O)=O
CHEMBL34259,,,,,,,0.5345,3.9,,,,,CN(Cc1cnc2nc(N)nc(N)c2n1)c1ccc(C(=O)N[C@@H](CCC(=O)O)C(=O)O)cc1
CHEMBL343118,,,,,,,,32.0,,,,,CSCO[C@H]1C[C@H]2OC[C@@]2(OC(C)=O)C2[C@H](OCc3ccccc3)[C@]3(O)CC(OC(=O)[C@H](O)[C@@H](NC(=O)c4ccccc4)c4ccccc4)C(C)=C([C@@H](OC(C)=O)C(=O)[C@@]21C)C3(C)C
CHEMBL343199,,,,,,,0.0544,,66.07,237.852,51.23029206513311,,CCOC(=O)Nc1cc2c(c(N)n1)N=C(c1ccccc1)CCN2
CHEMBL343448,,,,,,,,11.0,,,,,C/C=C1\NC(=O)[C@H]2CSSCC/C=C/[C@H](CC(=O)N[C@H](C(C)C)C(=O)N2)OC(=O)[C@H](C(C)C)NC1=O
CHEMBL344478,,,,,,,,14.0,,,,,COc1cc([C@@H]2c3cc4c(cc3C(OC3OC5COC(C)OC5C(O)C3N)C3COC(=O)[C@@H]32)OCO4)cc(OC)c1O
CHEMBL345083,,,,18.2,89.99991758249305,,,,,,,,CC1CCC2C(C)C(=O)OC3OC4(C)CCC1C32OO4
CHEMBL345937,,,,3.0,89.99950000277776,,,,13.8,49.68,19.46708463949843,,CC1Sc2c(C(=O)O)c(=O)c3cc(F)c(N4CCNCC4)cc3n21
CHEMBL346886,,,,45.71,89.9999671844355,,,,,,,,Cc1cccc2c(O)nc(-c3ccc(C(F)(F)F)cc3)nc12
CHEMBL347164,,,,,,,0.0646999999999999,,,,,,COc1ccc(-c2nc(N3CCOCC3)nc(O)c2C#N)cc1
CHEMBL34894,,,1.68,,,,,,,,,,CC(C)C[C@H](O)[C@H](O)[C@H](CC1CCCCC1)NC(=O)[C@H](Cc1csc(N)n1)NC(=O)[C@H](Cc1ccccc1)NS(=O)(=O)N1CCOCC1
CHEMBL349803,,,,,,,,1.3,,,,,NS(=O)(=O)c1cc(C(=O)O)cc(N2CCCC2)c1Oc1ccccc1
CHEMBL35,,,,3.0,89.99950000277776,,0.0162999999999999,2.5,6.31,22.716,10.08524240809803,,NS(=O)(=O)c1cc(C(=O)O)c(NCc2ccco2)cc1Cl
CHEMBL350563,,,,,,,,,4.0,14.4,6.666666666666665,,CCO/N=C(\c1ccc(Br)cc1)C1CCN(C2(C)CCN(C(=O)c3c(Cl)cncc3Cl)CC2)CC1
CHEMBL35107,,,1.28,,,,,,,,,,CC(C)C[C@H](O)[C@H](O)[C@@H](N)CC1CCCCC1
CHEMBL351706,,,,,,,,1.6,,,,,N#Cc1ccc2c(c1)CN(S(=O)(=O)c1cccs1)[C@H](Cc1ccccc1)CN2Cc1c[nH]cn1
CHEMBL352967,,,11500000.0,,,,,,,,,,CCC(C)[C@H](NC(=O)[C@@H](C[C@H](O)[C@H](CC1CCCCC1)NC(=O)CC(C)(C)C)C(C)C)C(=O)NCc1ccccn1
CHEMBL3545252,,,,,,,,11.0,,,,,CC(=O)O[C@@]12CO[C@@H]1C[C@H](O)[C@@]1(C)C(=O)[C@H](O)C3=C(C)[C@@H](OC(=O)[C@H](O)[C@@H](NC(=O)OC(C)(C)C)c4ccccc4)C[C@@](O)([C@@H](OC(=O)c4ccccc4)[C@H]21)C3(C)C.O.O.O
CHEMBL356687,,,,,,,0.0013999999999999,,,,,,CN(C)c1cc(NC(=O)Nc2cccc(Cl)c2)c2ccccc2n1
CHEMBL359164,,,,,,,,82.0,,,,,Nc1ccn([C@@H]2CO[C@H](CO)O2)c(=O)n1
CHEMBL359695,,,2.49e-05,,,,,,,,,,Nc1noc2ccc(-n3nc(C(F)(F)F)cc3C(=O)Nc3ccc(C(=O)N4CCCC4)cc3F)cc12
CHEMBL359806,,,,,,,,,11.0,39.6,16.22950819672131,,COc1ccc(OC)c(CNc2[nH]nc3cccc(Oc4ccccc4)c23)c1
CHEMBL359864,,,,19.24,89.99972886272914,,,,,,,,Oc1nc2ccccc2n1C1CCN(Cc2ccc(-c3nc4ccccc4cc3-c3ccccc3)cc2)CC1
CHEMBL36,,,,,,,0.0736,140.0,,,,,CCc1nc(N)nc(N)c1-c1ccc(Cl)cc1
CHEMBL360033,,,147.0,,,,,,,,,,O=C(O)c1cnc(N(C(=O)c2ccc(OCc3cccc(C(F)(F)F)c3)cc2)C2CCCCC2)s1
CHEMBL360106,,,,,,,,,13.0,46.8,18.57142857142857,,CCN(C(=O)Cc1ccc([N+](=O)[O-])cc1)C1CCN(CCC(c2ccccc2)c2ccccc2)CC1
CHEMBL360227,,,,33.855,89.99992133101259,,0.2895,,93.33,335.98799999999994,58.6039210214191,,CCN(CC)CCN1C(=O)[C@@](O)(c2ccccc2Cl)c2c1cc(C(N)=O)cc2C(F)(F)F
CHEMBL360232,,,6e-06,,,,,,,,,,CNc1cccc(CCOc2ccc3c(ccn3CCC(=O)O)c2)n1
CHEMBL361431,,,,,,,,,54.0,194.4,46.73076923076923,,CCCN1CCC(Oc2nccc(Nc3cc(NC(=O)c4cccc(N5CCOCC5)c4)ccc3C)n2)CC1
CHEMBL361497,,,,,,,,0.22,,,,,C[C@H]1[C@H](OC(=O)CCC(=O)O)O[C@@H]2O[C@@]3(C)CC[C@H]4[C@H](C)CC[C@@H]1[C@@]24OO3
CHEMBL361546,,,,74.845,89.99994373044484,,,,3.0,10.8,5.094339622641509,,O=c1c2sccc2n(CC2COc3ccccc3O2)c(=O)n1O
CHEMBL361577,,,4.7,,,,,,,,,,C[C@H](Cc1c[nH]c2c(OS(C)(=O)=O)cccc12)NC[C@H](O)c1cccc(N(C)S(=O)(=O)c2ccccc2)c1
CHEMBL361812,,,,4.905,89.99967815081463,,0.0273999999999999,,3.0,10.8,5.094339622641509,,O=C(O)CCn1c2c(c3ccccc31)C[C@H](NS(=O)(=O)c1ccc(F)cc1)CC2
CHEMBL362293,,,9.0,,,,,,,,,,C[C@H](Cc1c[nH]c2c(OS(C)(=O)=O)cccc12)NC[C@H](O)c1cccc(NCc2ccccc2)c1
CHEMBL363295,,,,,,,,56.0,,,,,CC(CC(c1ccccc1)c1ccccc1)NC(C)(C)C
CHEMBL364714,,,,3.0,89.99950000277776,,0.1341,,3.0,10.8,5.094339622641509,,C[C@@H](C(N)=O)c1ccc(OS(=O)(=O)C(F)(F)F)cc1
CHEMBL365123,,,,,,,,,20.0,72.0,25.714285714285715,,Cc1cn(Cc2ccccc2)c(=O)[nH]c1=O
CHEMBL365669,,,0.9,,,,,,,,,,C[C@H](Cc1c[nH]c2c(OS(C)(=O)=O)cccc12)NC[C@H](O)c1cccc(CS(=O)(=O)c2ccccc2)c1
CHEMBL36633,,,,,,,,7.5,,,,,NC(=O)CN1CC(O)CC1=O
CHEMBL367954,,,2e-07,,,,,,,,,,CNCc1nccn1-c1ccc(NC(=O)c2cc(C(F)(F)F)nn2-c2ccc3onc(N)c3c2)c(F)c1
CHEMBL368285,,,5.4e-07,,,,,,,,,,Nc1noc2ccc(-n3nc(C(F)(F)F)cc3C(=O)Nc3ccc(-c4ccncc4S(N)(=O)=O)cc3F)cc12
CHEMBL369274,,,,,,,,,36.0,129.60000000000002,37.674418604651166,,CCCN(CCC)CCc1ccc(O)c(NC(C)=O)c1
CHEMBL369311,,,,,,,,,16.0,57.6,21.818181818181817,,CCN(C(=O)Cc1ccc(S(C)(=O)=O)cc1)C1CCN(CCC(c2ccccc2)c2ccccc2)CC1
CHEMBL369533,,,,15.14,89.99990092481184,,,,,,,,CCN(CC)CCN1C(=O)C(O)(c2ccccc2Cl)c2c1cc(C(N)=O)cc2C(F)(F)F
CHEMBL370387,,,,,,,,,3.0,10.8,5.094339622641509,,Nc1nc2nc(SCc3cccc(F)c3F)nc(O)c2s1
CHEMBL370492,,,,70.615,89.99997339057484,,0.0056,,11.22,40.392,16.494609604704344,,CCc1nc2cc(O)ccc2c(Oc2ccc(/C=C/C(=O)O)cc2)c1-c1ccccc1
CHEMBL370552,,,,,,,,,3.0,10.8,5.094339622641509,,CCN(C(=O)Cc1ccc(S(C)(=O)=O)cc1)C1CCN(CCC(c2ccccc2)c2ccc(NC(=O)C(C)(C)C)cc2)CC1
CHEMBL370657,,,,7.94,89.99981108351997,,,,3.0,10.8,5.094339622641509,,Cn1c(-c2ccccc2C(F)(F)F)nnc1C12CCC(c3noc(-c4ccc(F)cc4)n3)(CC1)CC2
CHEMBL3707182,,,,,,,,6.7,,,,,C=C[C@@]1(O)C[N+]2(C)CC[C@H]1C[C@@H]2[C@@H](O)c1ccnc2ccc(OC)cc12
CHEMBL370805,,,,,,,,0.76,,,,,COC(=O)[C@H]1[C@@H](OC(=O)c2ccccc2)C[C@@H]2CC[C@H]1N2C
CHEMBL370807,,,2.0,,,,,,,,,,O=C(CCCCCNc1c2c(nc3ccccc13)CCCC2)NCCc1c[nH]c2ccc(O)cc12
CHEMBL370826,,,,,,,,,23.5,84.6,28.775510204081627,,CCN(C(=O)Cc1ccc(S(C)(=O)=O)cc1)C1CCN(CCC(c2ccc(NC(C)=O)cc2)c2cccc(F)c2)CC1
CHEMBL371648,,,30.0,,,,,,,,,,CCOC(=O)c1c(NC(=O)NS(=O)(=O)c2ccc(C)cn2)sc2c1CCC(C)(C)C2
CHEMBL371888,,,,,,,,,15.0,53.99999999999999,20.769230769230766,,COc1cc2ncnc(Nc3ccc(OCc4ccccn4)c(C)c3)c2cc1OC
CHEMBL372052,,,,21.3,89.9999295775199,,,,3.0,10.8,5.094339622641509,,C[C@@H](C(=O)O)c1cccc(C(=O)c2ccccc2)c1
CHEMBL372205,,,,,,,0.009,,,,,,C[C@H](CN(C(=O)c1ccc(C#N)cc1)c1ccccn1)N1CCN(c2cccc3c2OCCO3)CC1
CHEMBL372795,,,,,,,,4.3,,,,,CN[C@@H]1[C@H](O[C@H]2[C@H](O[C@H]3[C@H](O)[C@@H](O)[C@H](N=C(N)N)[C@@H](O)[C@@H]3N=C(N)N)O[C@@H](C)[C@]2(O)C=O)O[C@@H](CO)[C@H](O)[C@H]1O
CHEMBL373067,,,,,,,,,3.0,10.8,5.094339622641509,,Nc1nc2nc(SCc3ccccc3)nc(O)c2s1
CHEMBL373180,,,30.0,,,,,,,,,,CCOC(=O)c1c(NC(=O)NS(=O)(=O)c2ccc(F)cc2)sc2c1CCC(C)(C)C2
CHEMBL373351,,,,,,,,,3.0,10.8,5.094339622641509,,CCc1nc2c(N)nc3ccccc3c2n1CC(C)(C)O
CHEMBL373751,,,,,,,0.0110999999999999,,,,,,COc1cc2ncn(-c3cc(OCc4ccccc4S(C)(=O)=O)c(C#N)s3)c2cc1OC
CHEMBL373869,,,90.0,,,,,,,,,,O=C(/C=C/c1ccc(Cl)c(Cl)c1)NCCCCCN1CCC(C(=O)Nc2ccc(Cl)c(Cl)c2)CC1
CHEMBL374184,,,12.8,,,,,,,,,,CCOC(=O)C1=C(C)Nc2nc3c(c(N)c2C1c1ccc(OC)cc1)CCCC3
CHEMBL374478,,,,,,,,3.8,,,,,CO[C@H]1/C=C/O[C@@]2(C)Oc3c(C)c(O)c4c(O)c(c(/C=N/N5CCN(C)CC5)c(O)c4c3C2=O)NC(=O)/C(C)=C\C=C\[C@H](C)[C@H](O)[C@@H](C)[C@@H](O)[C@@H](C)[C@H](OC(C)=O)[C@@H]1C
CHEMBL375166,,,,,,,0.4885,,4.0,14.4,6.666666666666665,,Cc1n[nH]c(C)c1Cc1sc2c(c1C(=O)N1C[C@H](O)CO1)c(=O)n(C)c(=O)n2CC(C)C
CHEMBL375293,,,,,,,0.1395,,,,,,c1cncc(Nc2ncc(-c3ccncn3)c(-c3ccco3)n2)c1
CHEMBL375671,,,15.4,,,,,,,,,,Cc1cc(Nc2ncnc3cnc(N4CCOCC4)cc23)ccc1Oc1ccc(C(=O)NCC(C)(C)C)cc1
CHEMBL376140,,,,,,,,48.0,,,,,CN(C)c1cc(NC(=O)CNC(C)(C)C)c(O)c2c1C[C@H]1C[C@H]3[C@H](N(C)C)C(O)=C(C(N)=O)C(=O)[C@@]3(O)C(O)=C1C2=O
CHEMBL376408,,,,9.55,89.9998429322113,,,,,,,,CN(C)CC[C@H](CSc1ccccc1)Nc1ccc(S(=O)(=O)NC(=O)c2ccc(N3CCN(Cc4ccccc4-c4ccc(Cl)cc4)CC3)cc2)cc1[N+](=O)[O-]
CHEMBL376488,,,,14.13,89.99989384301269,,,,19.95,71.82,25.66833452466047,,COc1nc2ccc(Br)cc2cc1[C@@H](c1ccccc1)[C@@](O)(CCN(C)C)c1cccc2ccccc12
CHEMBL376632,,,,,,,0.1898999999999999,,150.0,539.9999999999999,67.5,,Cc1cc(N2CCC[C@@H]2C(=O)NCCc2ccc3c(c2)OCO3)nc(-n2ccnc2)n1
CHEMBL376685,,,,,,,,3.0,,,,,N=C(N)NCCC[C@H](NC(=O)[C@@H]1CCCN1C(=O)[C@@H]1CSSCCC(=O)N[C@@H](Cc2ccc(O)cc2)C(=O)N[C@@H](Cc2ccccc2)C(=O)N[C@@H](CCC(N)=O)C(=O)N[C@@H](CC(N)=O)C(=O)N1)C(=O)NCC(N)=O
CHEMBL377085,,,13.6,,,,,,,,,,Cc1cc(C)c2c(N)c(C(N)=O)sc2n1
CHEMBL377141,,,0.3,,,,,,,,,,O=C1CC(c2ccc(C[C@H](NS(=O)(=O)c3cccc(C(F)(F)F)c3)c3nc4cc(Cl)ccc4[nH]3)cc2F)S(=O)(=O)[N-]1.[Na+]
CHEMBL377441,,,0.2,,,,,,,,,,Cc1cc(C[C@H](NS(=O)(=O)c2cccc(Cl)c2)c2nc3ccccc3[nH]2)ccc1[C@@H]1CC(=O)[N-]S1(=O)=O.[Na+]
CHEMBL377753,,,0.16,,,,,,,,,,COC(=O)N(C)Cn1cnc2c1c(=O)n(C)c(=O)n2C
CHEMBL377928,,,18.9,,,,,,,,,,NC(=O)c1nc(-c2ccc(C(F)(F)F)cc2)oc1N
CHEMBL377957,,,,92.755,89.99998365418351,,,,,,,,COc1ccc(C)c(Nc2ncc3ccn(-c4ccccn4)c3n2)c1
CHEMBL377989,,,0.4,,,,,,,,,,Cc1cc(C[C@H](NS(=O)(=O)c2ccccc2)c2nc3ccccc3[nH]2)ccc1[C@@H]1CC(=O)[N-]S1(=O)=O.[Na+]
CHEMBL378293,,,4.5,,,,,,,,,,CC(=O)N[C@@H](Cc1c[nH]cn1)C(=O)N[C@H](Cc1ccccc1)C(=O)N1C[C@H](OCc2ccc3ccccc3c2)C[C@@H]1C(=O)NCCN=C(N)N
CHEMBL378379,,,18.5,,,,,,,,,,CNC(=O)c1ccc2c(c1)[C@@H](NC)CC[C@H]2c1ccc(Cl)c(Cl)c1
CHEMBL378614,,,0.1,,,,,,,,,,Cc1cc(C[C@H](NS(=O)(=O)c2ccc(Br)c(C(F)(F)F)c2)c2nc3ccccc3[nH]2)ccc1[C@@H]1CC(=O)[N-]S1(=O)=O.[Na+]
CHEMBL378730,,,,,,,0.0056,,7.0,25.2,11.05263157894737,,Cc1ccc2c(c1)c(-c1ccnc3c(Cl)cccc13)c(C)n2CC(=O)O
CHEMBL378997,,,,,,,0.0034,,,,,,COC(=O)N[C@@H](C)C#Cc1cnc(Oc2ccc(OC(C)C)cc2)s1
CHEMBL379036,,,3.84,,,,,,,,,,Nc1noc2ccc(-n3nc(C(F)(F)F)cc3C(=O)Nc3ccc(-c4ccccc4CN4CCCC4)cc3F)cc12
CHEMBL379082,,,,,,,,,12.0,43.2,17.419354838709676,,CCN(C(=O)Cc1ccc(S(C)(=O)=O)cc1)C1CCN(CC[C@H](c2ccc(S(C)(=O)=O)cc2)c2cccc(Cl)c2)CC1
CHEMBL379350,,,,150.0,89.9999900000011,,0.072,,120.23,432.828,63.56517652587675,,CCN(CC)c1ccc2cc(C(C)=O)c(=O)oc2c1
CHEMBL379787,,,,150.0,89.9999900000011,,,,56.23,202.428,47.63908500423609,,O=C(Nc1nc2ccccc2n1CCN1CCOCC1)c1cccc([N+](=O)[O-])c1
CHEMBL379828,,,,,,,0.0030999999999999,,4.0,14.4,6.666666666666665,,COc1ccc2c(c1)c(-c1ccnc3cc(Cl)ccc13)c(C)n2CC(=O)O
CHEMBL379866,,,,3.0,89.99950000277776,,0.1864,,3.0,10.8,5.094339622641509,,CC(C)c1nnc2ccc(-c3ocnc3-c3cc(F)ccc3F)cn12
CHEMBL380005,,,,,,,,,8.5,30.6,13.076923076923077,,CCN(C(=O)Cc1ccc(S(C)(=O)=O)cc1)C1CCN(CC[C@@H](c2ccc(F)cc2)c2ccc(S(C)(=O)=O)cc2)CC1
CHEMBL380192,,,,,,,0.0026999999999999,,,,,,CC(C)Cc1nn(C)c(=O)c2c(SCCCO)n(Cc3cccc4ccccc34)cc12
CHEMBL380364,,,41.0,,,,,,,,,,CN(C(=O)c1ccncc1)c1ccc(C(O)(C(F)(F)F)C(F)(F)F)cc1
CHEMBL38043,,,,39.81,89.99996232104064,,,,,,,,COc1ccc(/C=C2\NC(=O)NC2=O)cc1
CHEMBL380430,,,4.86,,,,,,,,,,Nc1noc2ccc(-n3nc(C(F)(F)F)cc3C(=O)Nc3ccc(-c4ccccc4CN4CC[C@@H](N)C4)cc3F)cc12
CHEMBL380617,,,0.83,,,,,,,,,,Nc1noc2ccc(-n3nc(C(F)(F)F)cc3C(=O)Nc3ccc(-c4ccccc4CNC4CCC4)cc3F)cc12
CHEMBL380732,,,,5.16,89.99970930326452,,0.0148999999999999,,62.0,223.2,49.82142857142856,,CC[C@H](CO)Nc1nc(SCc2cccc(F)c2F)nc2nc(N)sc12
CHEMBL380737,,,6.0,,,,,,,,,,C[C@@H]1CN([C@H](c2ccc(CC(=O)O)cc2)c2cccc(O)c2)[C@@H](C)CN1Cc1ccccc1
CHEMBL380749,,,11.0,,,,,,,,,,COc1cccc([C@@H](c2ccc3c(c2)CN(CCC(=O)O)CC3)N2C[C@@H](C)N(Cc3ccccc3)C[C@@H]2C)c1
CHEMBL380936,,,,,,,,,11.0,39.6,16.22950819672131,,Nc1nc(NCc2ccccc2)nc2c1nc(O)n2Cc1ccccc1
CHEMBL380947,,,3.6,5.88,89.99974489868227,,,,31.0,111.6,34.44444444444444,,CC(C)(CO)Nc1nc(SCc2cccc(F)c2F)nc2nc(N)sc12
CHEMBL381169,,,11.0,,,,,,,,,,COC(=O)N[C@H](C(=O)NN(Cc1cccc(-c2cccnc2)c1)C[C@@](O)(Cc1ccccc1)C(=O)N[C@H]1c2ccccc2C[C@H]1O)C(C)(C)C
CHEMBL381584,,,0.1,,,,,,,,,,O=C1C[C@@H](c2ccc(C[C@H](NS(=O)(=O)c3cccc(F)c3)c3nc4ccccc4[nH]3)cc2F)S(=O)(=O)[N-]1.[Na+]
CHEMBL381660,,,30.0,,,,,,,,,,CCOC(=O)c1c(NC(=O)NS(=O)(=O)c2ccc(C)cc2)sc2c1CCC(C)(C)C2
CHEMBL38182,,,,69.0,89.99997826087481,,0.0041999999999999,,23.0,82.80000000000001,28.356164383561644,,N#Cc1ccc(NC(=O)Nc2ccccc2Br)c2nn[nH]c12
CHEMBL381949,,,4.2,,,,,,,,,,CN(C)Cc1ccccc1-c1ccc(NC(=O)c2cc(C(F)(F)F)nn2-c2ccc3onc(N)c3c2)c(F)c1
CHEMBL382024,,,23.0,,,,,,,,,,C[C@@H]1CN([C@H](c2ccc(CCC(=O)O)cc2)c2cccc(O)c2)[C@@H](C)CN1Cc1ccccc1
CHEMBL382260,,,8.6,,,,,,,,,,COc1ccc2[nH]cc(CCNC(=O)CCCCCCNc3c4c(nc5ccccc35)CCCC4)c2c1
CHEMBL382435,,,,,,,,,6.5,23.4,10.353982300884956,,CCN(C(=O)Cc1ccc(S(C)(=O)=O)cc1)C1CCN(CC[C@H](c2ccc(S(C)(=O)=O)cc2)c2cc(F)cc(Cl)c2)CC1
CHEMBL382773,,,5.0,,,,,,,,,,Cc1ccn(CCCCN2CCN(c3cc(C(F)(F)F)nc(C(C)(C)C)n3)CC2)c(=O)c1
CHEMBL382794,,,54.4,,,,,,,,,,CCN(C(=O)c1ccncc1)c1ccc(C(O)(C(F)(F)F)C(F)(F)F)cc1
CHEMBL383235,,,,,,,0.0334999999999999,,,,,,CC[C@@H](CO)Nc1nc(SCc2ccccc2)nc2nc(N)sc12
CHEMBL383322,,,,,,,,,3.0,10.8,5.094339622641509,,CCOCc1nc2c(N)nc3ccccc3c2n1CC(C)(C)O
CHEMBL383478,,,69.1,,,,,,,,,,CCN(C(=O)C(C)C)c1ccc(C(O)(C(F)(F)F)C(F)(F)F)cc1
CHEMBL383663,,,7.7,,,,,,,,,,O=C(CCCCCNc1c2c(nc3cc(Cl)ccc13)CCCC2)NCCc1c[nH]c2ccccc12
CHEMBL383669,,,,,,,,,150.0,539.9999999999999,67.5,,CC(C)Cn1c(=O)n(C)c(=O)c2c(C(=O)N3CCCC3)c(Cc3ccccc3C(F)(F)F)sc21
CHEMBL383696,,,,,,,,,7.0,25.2,11.05263157894737,,CC(C)Cn1c(=O)n(C)c(=O)c2c(SC3CCCC3)c(Cc3ccccc3C(F)(F)F)sc21
CHEMBL383706,,,12.5,,,,,,,,,,CN[C@H]1CC[C@@H](c2ccc(Cl)c(Cl)c2)c2ccc(S(N)(=O)=O)cc21
CHEMBL38380,,,,150.0,89.9999900000011,,,,10.0,36.0,15.0,,O=S(=O)(c1cccc2cnccc12)N1CCCNCC1
CHEMBL384030,,,8.4,,,,,,,,,,CS(=O)(=O)N1CCN(Cc2ccc3c(c2)CC[C@H](N2CCN(CCc4ccc(F)cc4)CC2=O)C3)CC1
CHEMBL384260,,,,,,,0.0209,,,,,,COc1cc(OC2CCN(C)CC2)c2c(Nc3cccc4c3OCO4)ncnc2c1
CHEMBL384467,,,,31.0,89.99995161292924,,0.2846999999999999,3.7,,,,,C[C@@H]1C[C@H]2[C@@H]3CCC4=CC(=O)C=C[C@]4(C)[C@@]3(F)[C@@H](O)C[C@]2(C)[C@@]1(O)C(=O)CO
CHEMBL384536,,,,,,,0.2445,,,,,,CC(C)Cn1c(=O)n(C)c(=O)c2c(C(=O)N3C[C@H](O)CO3)c(Cc3c[nH]c4ncccc34)sc21
CHEMBL384903,,,,,,,0.0012999999999999,,,,,,O=c1[nH]c2cc(C(F)(F)F)ccc2n1-c1cc(C(F)(F)F)ccc1O
CHEMBL384962,,,,,,,,,23.0,82.80000000000001,28.356164383561644,,Cc1ccc2c(c1)c(-c1ccnc3ccc(C(F)(F)F)cc13)c(C)n2CC(=O)O
CHEMBL385374,,,,,,,0.004,,,,,,CCCC[C@H](NC[C@@H]1Cc2cccc(c2)CCCCc2cc(cc(N(CCC)S(C)(=O)=O)c2)C(=O)N1)C(=O)NCC(C)C
CHEMBL385407,,,51.9,,,,,,,,,,CN(C)C(=O)CN1CCn2c(c(C3CCCCC3)c3ccc(C(=O)O)cc32)-c2ccccc21
CHEMBL386630,,,21.205714285714286,150.0,89.9999900000011,,,,,,,,C[C@]12CC[C@H]3[C@@H](CCC4=CC(=O)CC[C@@]43C)[C@@H]1CC[C@@H]2O
CHEMBL386717,,,6.25,,,,,,,,,,CC(=O)N1CCN(Cc2ccc3c(c2)CC[C@H](N2CCN(CCc4ccc(F)cc4)CC2=O)C3)CC1
CHEMBL387125,,,,,,,0.3599,,41.0,147.6,40.54945054945055,,CON(C)C(=O)c1c(Cn2c(C)nc(Cl)c2Cl)sc2c1c(=O)n(C)c(=O)n2CC(C)C
CHEMBL387574,,,21.2,,,,,,,,,,O=C(NCCO)c1ccc(F)c(F)c1Nc1ccc(I)cc1F
CHEMBL387675,,,,,,,,8.1,,,,,CCCCCCCCCC(=O)N[C@@H](Cc1c[nH]c2ccccc12)C(=O)N[C@@H](CC(N)=O)C(=O)N[C@@H](CC(=O)O)C(=O)N[C@@H]1C(=O)NCC(=O)N[C@@H](CCCN)C(=O)N[C@@H](CC(=O)O)C(=O)N[C@H](C)C(=O)N[C@@H](CC(=O)O)C(=O)NCC(=O)N[C@H](CO)C(=O)N[C@@H]([C@H](C)CC(=O)O)C(=O)N[C@@H](CC(=O)c2ccccc2N)C(=O)O[C@@H]1C
CHEMBL388039,,,173.5,,,,,,,,,,N#CCCCn1c(Cn2c(=O)n(C3CC3)c3ccncc32)nc2ccccc21
CHEMBL389338,,,233.0,,,,,,,,,,O=c1n(Cc2nc3ccccc3n2CCCC2(O)CC2)c2cnccc2n1C1CC1
CHEMBL389339,,,34.0,,,,,,,,,,CCS(=O)(=O)CCCn1c(Cn2c(=O)n(C3CC3)c3ccncc32)nc2ccccc21
CHEMBL389621,,,3.58,,,,,1.6,,,,,C[C@]12CCC(=O)C=C1CC[C@@H]1[C@@H]2[C@@H](O)C[C@@]2(C)[C@H]1CC[C@]2(O)C(=O)CO
CHEMBL389792,,,,5.96,89.99974041888996,,0.1289,,,,,,CC(CO)(CO)Nc1nc(SCc2cccc(F)c2F)nc2nc(N)sc12
CHEMBL389847,,,,,,,,1.7,,,,,C[C@@H](O)[C@H]1C(=O)N2C(C(=O)O)=C(S[C@H]3C[C@@H](C(=O)N4CC[C@H](NC(=O)CNC(=N)N)C4)N(C)C3)[C@H](C)[C@H]12
CHEMBL390034,,,182.0,,,,,,,,,,CC(C)(O)CCn1c(Cn2c(=O)n(C3CC3)c3ccncc32)nc2ccccc21
CHEMBL390036,,,12.0,,,,,,,,,,O=C(NC1CCN(C(=O)CCc2cccnc2)CC1)C(c1ccccc1)C1CCCCC1
CHEMBL390191,,,,,,,,,3.0,10.8,5.094339622641509,,Cc1nc(CSc2nc(N[C@H](C)CO)c3sc(N)nc3n2)cs1
CHEMBL390633,,,96.0,,,,,,,,,,O=c1n(Cc2nc3ccccc3n2CCCCCO)c2cnccc2n1C1CC1
CHEMBL390674,,,,,,,,,3.0,10.8,5.094339622641509,,Cc1cc(Oc2ccc3c(c2)OCO3)nc(Oc2ccc(-n3ccnc3)cc2)n1
CHEMBL391056,,,3.7,,,,,,,,,,Cc1ccc(N2CCN(C(=O)[C@H](C)Cc3ccc(Cl)cc3F)CC2)c([C@@H](NC(=O)CCN(C)C)C(C)C)c1
CHEMBL391070,,,3.4,,,,,,,,,,COc1cc2c(cc1OC)[C@@H]1C[C@H](N)[C@@H](c3cccc(C)c3)CN1CC2
CHEMBL391379,,,,54.95,89.99997270246506,,,,,,,,Clc1ccc(COc2ccc(Br)cc2CN2CCOCC2)cc1
CHEMBL391420,,,10000000.0,,,,,,,,,,CC(C(=O)NCc1cc(F)cc(F)c1)C(=O)NC1C(=O)N(C)c2ccccc2-c2ccccc21
CHEMBL391463,,,2.1,,,,,,,,,,CCc1nc(N)nc(N)c1-c1ccc2c(c1)N(CCNC(C)=O)C(=O)[C@](C)(c1ccccc1)O2
CHEMBL391529,,,63.0,,,,,,,,,,CC(C)S(=O)(=O)CCCn1c(Cn2c(=O)n(C3CC3)c3ccncc32)nc2ccccc21
CHEMBL391565,,,,,,,0.2895,,,,,,COc1ccc(NC(=O)c2ccnc(N)n2)cc1
CHEMBL391738,,,6.8,,,,,,,,,,COc1cc(Nc2c(C#N)cnc3cc(C#CCCN4CCN(C)CC4)c(OC)cc23)c(Cl)cc1Cl
CHEMBL391785,,,48.0,,,,,,,,,,CCCCCCc1ccc(NC(=O)CCC(=O)O)cc1
CHEMBL391816,,,0.9,,,,,,,,,,O=C1CC(c2ccc(C[C@H](Nc3nc4ccc(F)cc4s3)c3nc4ccccc4[nH]3)cc2)S(=O)(=O)N1
CHEMBL391994,,,35.0,,,,,,,,,,CN1CC(=O)NCC(=O)NCC(=O)NCC(=O)N([C@@H](Cc2ccccc2)C(N)=O)CCNC(=O)CCN[C@@H](Cc2ccccc2)C1=O
CHEMBL392233,,,7.199999999999999,,,,,,,,,,Cn1cncc1CN1CC(N(Cc2cccc(-n3cccc3)c2)S(=O)(=O)c2ccccn2)Cc2cc(C#N)ccc21
CHEMBL392235,,,0.5,,,,,,,,,,Cn1cncc1CN1CC(N(CC2CCN(C(=O)c3cccs3)CC2)S(=O)(=O)c2ccccn2)Cc2cc(C#N)ccc21
CHEMBL392236,,,1.0,,,,,,,,,,CC(C)OC(=O)N1CCC(CN(C2Cc3cc(C#N)ccc3N(Cc3cncn3C)C2)S(=O)(=O)c2ccccn2)CC1
CHEMBL392237,,,7.5,,,,,,,,,,CC(C)COC(=O)N1CCC(CN(C2Cc3cc(C#N)ccc3N(Cc3cncn3C)C2)S(=O)(=O)c2ccccn2)CC1
CHEMBL392297,,,15.0,,,,,,,,,,CCS(=O)(=O)N1C[C@H](NC(=O)c2ccc(-n3ccccc3=O)cc2)[C@H](NC(=O)c2ccc(Cl)s2)C1
CHEMBL392312,,,1.5,,,,,,,,,,Cc1cc(Cc2ccc(C(=O)N[C@@H]3CN(CC(C)C)C[C@@H]3C(=O)NO)cc2)c2ccccc2n1
CHEMBL392396,,,3.54,,,,,,,,,,O=C1CN(c2c(Cl)sc(-c3ccccc3)c2Cl)S(=O)(=O)N1
CHEMBL392559,,,,,,,0.0968000000000001,,13.0,46.8,18.57142857142857,,O=C(NCC12CC3CC(CC(C3)C1)C2)c1cc(CN2C[C@@H]3C[C@H]2CN3)ccc1Cl
CHEMBL392642,,,1.75,,,,,,,,,,CSc1ccccc1CNc1ncc([N+](=O)[O-])c(NCC2CCC(CN)CC2)n1
CHEMBL392760,,,13.6,,,,,,,,,,NCCc1cn(S(=O)(=O)c2c(Cl)nc3sccn23)c2ccccc12
CHEMBL392934,,,38.5,,,,,,,,,,O=C(Nc1ccc(C(F)(F)F)cc1)c1ccnn1CCc1ccncc1
CHEMBL392935,,,58.2,,,,,,,,,,CCc1ccc(NC(=O)c2ccnn2CCc2ccncc2)cc1
CHEMBL393109,,,13.0,,,,,,,,,,CCOCCCN1C(=O)C(C)(c2cc(F)cc(F)c2)Oc2ccc(-c3c(N)nc(N)nc3CC)cc21
CHEMBL393218,,,10.0,,,,,,,,,,CCc1nc(N)nc(N)c1-c1ccc2c(c1)N(CCCO)C(=O)C(C)(c1cc(F)cc(F)c1)O2
CHEMBL393307,,,188.0,,,,,,,,,,N#CCCCn1c(Cn2c(=O)n(C(F)F)c3ccncc32)nc2ccccc21
CHEMBL393326,,,12.05,,,,,,,,,,Cn1cnc(S(=O)(=O)N(Cc2ccccn2)C2Cc3cc(C#N)ccc3N(Cc3cncn3C)C2)c1
CHEMBL393363,,,8.8,,,,,,,,,,CCc1nc(N)nc(N)c1-c1ccc2c(c1)N(CCNC(C)=O)C(=O)C(C)(c1cccc(C(F)(F)F)c1)O2
CHEMBL393371,,,0.5,,,,,,,,,,C=C(C)C(=O)N1CCC(CN(C2Cc3cc(C#N)ccc3N(Cc3cncn3C)C2)S(=O)(=O)c2ccccn2)CC1
CHEMBL393384,,,,,,,,,28.0,100.8,32.30769230769231,,O=C(NCC12CC3CC(CC(C3)C1)C2)c1cc(OC2CCNCC2)ccc1Cl
CHEMBL393436,,,4.33,,,,,,,,,,CCOc1cc(CN2CCC(Nc3nc4ccccc4o3)CC2)ccc1F
CHEMBL393576,,,6.7,,,,,,,,,,CC(C)C[C@H](NCCN)c1cccc(F)c1N1CCN(C(=O)[C@@H](Cc2ccc(Cl)cc2Cl)N2CCCC2=O)CC1
CHEMBL393582,,,40.0,,,,,,,,,,CN[C@@H](Cc1ccccc1)C(=O)NCC(=O)NCC(=O)NCC(=O)NCC(=O)N(C)[C@@H](Cc1ccccc1)C(N)=O
CHEMBL393717,,,,,,,0.0268,,11.0,39.6,16.22950819672131,,O=C(NCC12CC3CC(CC(C3)C1)C2)c1cc(N2CCNCC2)ccc1Cl
CHEMBL393718,,,1.64,,,,,,,,,,CCOc1cc(CN2CCC(Nc3nc4cc(S(N)(=O)=O)ccc4o3)CC2)ccc1OC
CHEMBL393754,,,,,,,0.3087999999999999,,,,,,O=C(NCC12CC3CC(CC(C3)C1)C2)c1cc(C(=O)N2CC3CNCC(C2)O3)ccc1Cl
CHEMBL393970,,,0.6,,,,,,,,,,CCNC(=O)N1CCC(CN(C2Cc3cc(C#N)ccc3N(Cc3cncn3C)C2)S(=O)(=O)c2ccccn2)CC1
CHEMBL394016,,,2.4,,,,,,,,,,CCc1nc(N)nc(N)c1-c1ccc2c(c1)N(CCNC(C)=O)C(=O)C(C)(C(F)(F)F)O2
CHEMBL394061,,,98.0,,,,,,,,,,CCCCCCc1ccc(NC(=O)C=C(C)C)cc1
CHEMBL394085,,,0.5,,,,,,,,,,Cn1cncc1CN1CC(N(CC2CCN(C(=O)C(C)(C)C)CC2)S(=O)(=O)c2ccccn2)Cc2cc(C#N)ccc21
CHEMBL394086,,,0.5,,,,,,,,,,Cn1cncc1CN1CC(N(CC2CCN(C(=O)CC(C)(C)C)CC2)S(=O)(=O)c2ccccn2)Cc2cc(C#N)ccc21
CHEMBL394129,,,15.0,,,,,,,,,,CC(=O)N1C[C@H](NC(=O)c2ccc(-n3ccccc3=O)cc2)[C@H](NC(=O)c2ccc(Cl)s2)C1
CHEMBL394147,,,37.55,,,,,,,,,,Cc1noc(C)c1CN(C1Cc2cc(C#N)ccc2N(Cc2cncn2C)C1)S(=O)(=O)c1ccccn1
CHEMBL394382,,,1.3,,,,,,,,,,O=C1CC(c2ccc(C[C@H](Nc3nc4cc(Br)ccc4s3)c3nc4ccccc4[nH]3)cc2)S(=O)(=O)N1
CHEMBL394407,,,0.5,,,,,,,,,,Cn1cncc1CN1CC(N(CC2CCN(C(=O)c3ccccc3)CC2)S(=O)(=O)c2ccccn2)Cc2cc(C#N)ccc21
CHEMBL394696,,,0.5,,,,,,,,,,Cn1cncc1CN1CC(N(CC2CCN(C(=O)c3ccco3)CC2)S(=O)(=O)c2ccccn2)Cc2cc(C#N)ccc21
CHEMBL394786,,,2.3,,,,,,,,,,CC(=O)N1CCN(C)C(c2nc(C(=O)NCc3ccc(F)cc3)c(O)c(=O)n2C)C1
CHEMBL394859,,,,6.0,89.99975000069445,,,,,,,,O=C([C@@H]1CCCN1)N1CCN(c2nc(NCc3ccc(Cl)cc3Cl)c3cccnc3n2)CC1
CHEMBL395001,,,197.0,,,,,,,,,,N#CCCCn1c(Cn2c(=O)n(CC(F)(F)F)c3ccncc32)nc2ccccc21
CHEMBL395034,,,38.0,,,,,,,,,,CN(C)C(=O)N1CC(c2cc(F)ccc2F)=C[C@@]1(CC[C@H](N)C(F)F)c1ccccc1
CHEMBL395217,,,0.6,,,,,,,,,,Cn1cncc1CN1CC(N(CC2CCN(C(=O)N3CCCC3)CC2)S(=O)(=O)c2ccccn2)Cc2cc(C#N)ccc21
CHEMBL395231,,,0.0,,,,,,,,,,Cn1cc(C(=O)NCCO)c(Nc2ccc(I)cc2F)cc1=O
CHEMBL395233,,,8.5,,,,,,,,,,O=C(NC1CCN(C(=O)CCc2cccnc2)CC1)C(c1ccccc1)c1ccccc1
CHEMBL395332,,,4.0,,,,,,,,,,CN(C)C(=O)N1CC(c2cc(F)ccc2F)=C[C@@]1(CCCN)c1ccccc1
CHEMBL395340,,,,,,,0.004,,42.0,151.2,41.086956521739125,,CC[C@H](CO)Nc1nc(SCc2cccc(F)c2F)nc2nc(NC(C)C)sc12
CHEMBL395386,,,0.5,,,,,,,,,,N#Cc1cc(C[C@H](Nc2nc3ccccc3s2)c2nc3ccccc3[nH]2)ccc1C1CC(=O)NS1(=O)=O
CHEMBL395573,,,5.0,,,,,,,,,,N#Cc1cnc2c(Cl)cc(NCc3cccc[n+]3[O-])cc2c1Nc1ccc(F)c(Cl)c1
CHEMBL395602,,,1190.0,,,,,,,,,,CCCCCCc1ccc(C(=O)CCBr)cc1
CHEMBL396043,,,,,,,0.0121999999999999,,66.0,237.6,51.206896551724135,,C[C@H](CO)Nc1nc(SCc2cccc(F)c2F)nc2nc(NC3CC3)sc12
CHEMBL396086,,,1957.0,,,,,,,,,,CCCCCCc1ccc(C(=O)CCN(CCCC)CCCC)cc1
CHEMBL396089,,,7.0,,,,,,,,,,C/C=C/C(=O)c1ccc(CCCCCCC)cc1
CHEMBL396162,,,0.019,,,,,,,,,,COC(=O)N(C)COC(=O)[C@@H](C)c1ccc2cc(OC)ccc2c1
CHEMBL396264,,,210.0,,,,,,,,,,COc1ccc(CNC(=O)c2ccc(C3c4nc[nH]c4CCN3Cc3cccc(Cl)c3)cc2)cc1
CHEMBL396437,,,0.0,,,,,,,,,,CCCCCCCc1ccc(C(=O)C=C(C)C)cc1
CHEMBL396440,,,35.0,,,,,,,,,,CN[C@@H](Cc1ccccc1)C(=O)N(C)CC(=O)NCC(=O)NCC(=O)NCC(=O)N(C)[C@@H](Cc1ccccc1)C(N)=O
CHEMBL396548,,,0.0,,,,,,,,,,NC(=O)c1ccc(F)c(F)c1Nc1ccc(I)cc1F
CHEMBL396583,,,0.8,,,,,,,,,,O=C1CC(c2ccc(C[C@H](Nc3nc4ccccc4s3)c3nc4cc(Cl)ccc4[nH]3)cc2)S(=O)(=O)N1
CHEMBL396584,,,0.4,,,,,,,,,,N#Cc1ccc2[nH]c([C@H](Cc3ccc(C4CC(=O)NS4(=O)=O)cc3)Nc3nc4ccccc4s3)nc2c1
CHEMBL396873,,,254.0,,,,,,,,,,CCCCCCc1ccc(C(=O)CCNCCC)cc1
CHEMBL397229,,,,10.72,89.99986007484442,,,,,,,,Cc1ccc(-c2cc(C(F)(F)F)nn2-c2ccc(C(=O)O)cc2)cc1
CHEMBL397230,,,,14.79,89.99989858023599,,,,,,,,Cc1ccc(-c2cc(C(F)(F)F)nn2-c2ccc([S+](C)[O-])cc2)cc1
CHEMBL397237,,,8.075,12.375,89.99985747973648,,0.0195999999999999,,,,,,C[C@H](CO)Nc1nc(SCc2cccc(F)c2F)nc2nc(N)sc12
CHEMBL397323,,,41.7,,,,,,,,,,O=C(Nc1ccc(Cl)cc1)c1ccnn1CCc1ccncc1
CHEMBL397647,,,,,,,0.1795,,,,,,C[N+](C)(Cc1ccc(NC(=O)c2ccc(Cl)c(Cl)c2)cc1)C1CCOCC1
CHEMBL397983,,,,20.0,89.9999250000625,,0.0476999999999999,,,,,,CCOc1ccc(-n2c([C@@H](C)N(Cc3cccnc3)C(=O)Cc3ccc(OC(F)(F)F)cc3)nc3ncccc3c2=O)cc1
CHEMBL398020,,,0.4,,,,,,,,,,N#Cc1ccc2nc(N[C@@H](Cc3ccc(C4CC(=O)NS4(=O)=O)cc3)c3nc4ccccc4[nH]3)sc2c1
CHEMBL398057,,,0.6,,,,,,,,,,Cn1cncc1CN1CC(N(CC2CCN(C(=O)Nc3ccc(Br)cc3)CC2)S(=O)(=O)c2ccccn2)Cc2cc(C#N)ccc21
CHEMBL398106,,,833.0,,,,,,,,,,C=CC(=O)Nc1ccc(CCCCCC)cc1
CHEMBL398107,,,432.0,,,,,,,,,,C/C=C/C(=O)Nc1ccc(CCCCCC)cc1
CHEMBL398126,,,14.9,,,,,,,,,,O=C(O)COc1ccc(Cl)cc1C1CCCCCC1
CHEMBL398149,,,,,,,0.1073,,,,,,CC(=O)Nc1cccc(Nc2nc(NC3CC3)n3ncc(C#N)c3n2)c1
CHEMBL398295,,,,,,,,,3.0,10.8,5.094339622641509,,CCCSc1nc(N[C@@H]2C[C@H]2c2ccccc2)c2nnn([C@@H]3C[C@H](O)[C@@H](O)[C@H]3O)c2n1
CHEMBL398338,,,,20.42,89.99992654266525,,0.0021999999999999,,8.32,29.952,12.839506172839508,,CC(C)(C)c1ccc2c(c1)CC[C@H]2NC(=O)Nc1cccc2[nH]ncc12
CHEMBL398387,,,5.4,,,,,,,,,,CCc1nc(N)nc(N)c1-c1ccc2c(c1)N(CCNC(C)=O)C(=O)C1(CC1)O2
CHEMBL398584,,,1.4,,,,,,,,,,CCc1nc(N)nc(N)c1-c1ccc2c(c1)N(CCNC(C)=O)C(=O)C(C)(c1cc(F)cc(F)c1)O2
CHEMBL398707,,,,,,,,2.3,,,,,CN1CC[C@]23c4c5ccc(O)c4O[C@H]2C(=O)CC[C@H]3[C@H]1C5
CHEMBL398748,,,,,,,0.0139,,,,,,COc1ccc2c(C)cc(N[C@H]3CC[C@H](NCc4cn(C)c5ccc(C#N)cc45)C3)nc2c1
CHEMBL398805,,,247.0,,,,,,,,,,O=c1n(Cc2nc3ccccc3n2CCCCF)c2cnccc2n1C1CC1
CHEMBL398811,,,21.0,,,,,,,,,,CCNC(=O)CN1C(=O)C(C)(c2cc(F)cc(F)c2)Oc2ccc(-c3c(N)nc(N)nc3CC)cc21
CHEMBL399075,,,0.01,,,,,,,,,,CS(=O)(=O)N(CC1CCCCO1)c1c(Cl)c(Cl)cc2[nH]c(=O)c(=O)[nH]c12
CHEMBL3991199,,,,,,,,1.5,,,,,
CHEMBL399121,,,36.6,,,,,,,,,,COc1ccc([C@@H]2CC(=O)c3c(O)cc(O)cc3O2)cc1O
CHEMBL399128,,,21.4,,,,,,,,,,Cc1nc2c(cnn2-c2cccnc2)c(=O)n1-c1ccc(Cl)cc1
CHEMBL399274,,,0.97,,,,,,,,,,CCOCCOCCN(c1c(Cl)c(Cl)cc2[nH]c(=O)c(=O)[nH]c12)S(C)(=O)=O
CHEMBL399275,,,2.06,,,,,,,,,,COCCCN(c1c(Cl)c(Cl)cc2[nH]c(=O)c(=O)[nH]c12)S(C)(=O)=O
CHEMBL399309,,,5.6,,,,,,,,,,Cc1nc2c(cnn2-c2cccc(Cl)c2)c(=O)n1-c1ccc(Cl)cc1
CHEMBL399510,,,,,,,,2.9,,,,,CCN(CC)CCNC(=O)c1cc(Br)c(N)cc1OC
CHEMBL399539,,,,137.945,89.99998904241932,,,,,,,,COC(=O)C1=C(C)NC(C)=C(C(=O)OC(C)C)[C@@H]1c1cccc2nonc12
CHEMBL399583,,,,,,,,,,,,0.809,CCNC(=O)c1noc(-c2cc(C(C)(C)C)c(O)cc2O)c1-c1ccc(CN2CCOCC2)cc1
CHEMBL399605,,,44.6,,,,,,,,,,CC(C)(C)c1ccc(NC(=O)c2ccnn2CCc2ccncc2)cc1
CHEMBL399700,,,0.01,,,,,,,,,,COCCCN(c1cc(Cl)cc2[nH]c(=O)c(=O)[nH]c12)S(C)(=O)=O
CHEMBL399827,,,0.5,,,,,,,,,,CC(C)C(=O)N1CCC(CN(C2Cc3cc(C#N)ccc3N(Cc3cncn3C)C2)S(=O)(=O)c2ccccn2)CC1
CHEMBL4,,,2.3000000000000003,,,,,8.9,,,,,CC1COc2c(N3CCN(C)CC3)c(F)cc3c(=O)c(C(=O)O)cn1c23
CHEMBL40,,,,,,,,99.0,,,,,CCC1(c2ccccc2)C(=O)NC(=O)NC1=O
CHEMBL400307,,,13.4,,,,,,,,,,Cc1cccc(-n2ncc3c(=O)n(-c4ccc(Cl)cc4)c(C)nc32)c1
CHEMBL400431,,,19.0,,,,,,,,,,CCc1nc(N)nc(N)c1-c1ccc2c(c1)N(CCCOC)C(=O)C(C)(C)O2
CHEMBL400508,,,0.44,,,,,,,,,,CCOCCCN(c1c(Cl)c(Cl)cc2[nH]c(=O)c(=O)[nH]c12)S(C)(=O)=O
CHEMBL400585,,,,,,,0.0139,,,,,,O=C(O)COn1c(-c2ccccc2)nc2ccc([N+](=O)[O-])cc21
CHEMBL400778,,,,,,,,,,,,0.652,CCNC(=O)c1noc(-c2cc(-c3ccccc3)c(O)cc2O)c1-c1ccc(CN2CCCCC2)cc1
CHEMBL401158,,,,,,,0.024,,6.0,21.6,9.642857142857142,,CCCCNc1nc(SCCC)nc2c1nnn2[C@@H]1C[C@H](CO)[C@@H](O)[C@H]1O
CHEMBL401240,,,0.22,,,,,,,,,,Cc1c(-c2cccc(OC3CCN(S(=O)(=O)Cc4ccccc4)CC3)c2)sc(-c2nn[nH]n2)c1OCC(=O)O
CHEMBL401250,,,5.0,,,,,,,,,,Cc1ccc(N2CCN(C(=O)[C@H](C)Cc3ccc(Cl)cc3)CC2)c([C@@H](N)C(C)C)c1
CHEMBL401370,,,,,,,,,,,,0.736,CCNC(=O)c1noc(-c2cc(-c3ccccc3)c(O)cc2O)c1-c1ccc(CN(CC)CC)cc1
CHEMBL401453,,,0.0,,,,,,,,,,Cc1cc(Cc2ccc(C(=O)N[C@@H]3CN(C(=O)C(C)(C)C)C[C@@H]3C(=O)NO)cc2)c2ccccc2n1
CHEMBL401454,,,1.2,,,,,,,,,,Cc1cc(Cc2ccc(C(=O)N[C@@H]3CCC[C@@H]3C(=O)NO)cc2)c2ccccc2n1
CHEMBL401874,,,,,,,0.0123999999999999,,,,,,CC(C)Cn1c(=O)n(C)c(=O)c2c(-c3ccncc3)n(Cc3cccc4ccccc34)nc21
CHEMBL402146,,,,,,,0.0928,,,,,,O=C(Nc1ccc(Cl)nc1)c1ccc(F)c(F)c1
CHEMBL402478,,,3.0,,,,,,,,,,NC(=O)Nc1cn(-c2ccc(-c3ccc(O)cc3)cc2)nc1C(N)=O
CHEMBL402501,,,,32.45,89.99994831159701,,0.1008999999999999,,129.0,464.4,64.86033519553072,,C[C@H](Cc1cccc(CC(=O)NC23CC4CC(CC(C4)C2)C3)c1)NC[C@H](O)c1ccc(O)c(CO)c1
CHEMBL402728,,,,3.3,89.99954545684113,,0.0085999999999999,,3.0,10.8,5.094339622641509,,Cc1nc(CSc2nc(N[C@H](C)CO)c3sc(=O)[nH]c3n2)cs1
CHEMBL402818,,,4.6,,,,,,,,,,Cc1c(Nc2c(C#N)cnc3sc(-c4cccc(CN(C)C)c4)cc23)ccc2[nH]ccc12
CHEMBL402831,,,,,,,0.02,,,,,,Cc1nc(-c2c(F)cc(Cl)cc2-c2cnc([C@@H](C)NC(=O)[C@@](C)(O)C(F)(F)F)c(F)c2)no1
CHEMBL402986,,,,11.225,89.99971144101062,,0.0029,,4.0,14.4,6.666666666666665,,C[C@H](CO)Nc1nc(SCc2ccccc2)nc2[nH]c(=O)sc12
CHEMBL403,,,,3.0,89.99950000277776,,,1.1,,,,,CC1(C)[C@H](C(=O)O)N2C(=O)C[C@H]2S1(=O)=O
CHEMBL403036,,,0.9,,,,,,,,,,CCS(=O)(=O)CCN(C(=O)Cc1ccc(F)c(C(F)(F)F)c1)[C@H](C)c1nc(-c2ccccc2)cn1-c1ccc(C#N)cc1
CHEMBL403225,,,,18.455,89.99991821291492,,,,8.67,31.212,13.299812510652805,,C[C@H](CO)Nc1nc(SCc2cccc(Cl)c2F)nc2[nH]c(=O)sc12
CHEMBL403313,,,,23.5,89.9997329559408,,0.0040999999999999,,8.86,31.896,13.547400611620796,,CN(C)S(=O)(=O)NC(=O)CCCc1c(-c2ccc(F)cc2)[nH]c2ccc(C#N)cc12
CHEMBL403656,,,,,,,0.0170999999999998,,,,,,C[C@H](CO)Nc1nc(SCc2cccc(F)c2F)nc2[nH]c(=O)c(C#N)cc12
CHEMBL403963,,,,3.0,89.99950000277776,,,,3.0,10.8,5.094339622641509,,C(=C/c1nn[nH]n1)\c1ccccc1
CHEMBL404520,,,3.7,,,,,7.0,,,,,CN(C)[C@@H]1C(O)=C(C(N)=O)C(=O)[C@@]2(O)C(O)=C3C(=O)c4c(O)ccc(Cl)c4[C@@](C)(O)[C@H]3C[C@@H]12
CHEMBL404609,,,,,,,,,21.0,75.6,26.619718309859152,,NC(=O)Nc1sc(-c2ccccc2)cc1C(N)=O
CHEMBL405,,,,,,,,7.3,,,,,CC(N)Cc1ccccc1
CHEMBL405981,,,0.004,,,,,,,,,,Cn1cc(Cc2cn(CC(=O)N(CCN3CCCC3)Cc3ccc(-c4ccc(Cl)cc4)cc3)c(SCc3ccc(F)cc3)nc2=O)cn1
CHEMBL406,,,,9.04,89.99979003496748,,0.2045,,,,,,CC1Cc2ccccc2N1NC(=O)c1ccc(Cl)c(S(N)(=O)=O)c1
CHEMBL406366,,,,,,,0.0097,,17.78,64.008,23.608734139864264,,O=C(O)CSCC(=O)Nc1nc(-c2ccccc2)cs1
CHEMBL406852,,,,10.47,89.99985673375241,,,,42.66,153.57599999999996,41.43535506151521,,COc1nc(N)nc2c1ncn2[C@@H]1O[C@H](CO)[C@@H](O)[C@H]1O
CHEMBL407,,,,,,,0.4427,0.78,,,,,CCOC(=O)c1ncn2c1CN(C)C(=O)c1cc(F)ccc1-2
CHEMBL407451,,,0.7,,,,,,,,,,CN1CCCCC1c1nc(O)c(O)c(C(=O)NCc2ccc(F)cc2)n1
CHEMBL407960,,,,,,,0.0141999999999999,,74.0,266.4,53.70967741935483,,COc1ccc(OC)c(CNc2n[nH]c3ccnc(Oc4ccccc4)c23)c1
CHEMBL408,,,,89.09,89.99996838539599,,0.0009,,48.98,176.328,44.53626995352597,,Cc1c(C)c2c(c(C)c1O)CCC(C)(COc1ccc(CC3SC(=O)NC3=O)cc1)O2
CHEMBL408194,,,,22.39,89.99993300585604,,,,,,,,COC1=CC(c2cc3ccccc3[nH]2)=N/C1=C\c1[nH]c(C)cc1C
CHEMBL409158,,,42.0,,,,,,,,,,c1ccc(-c2nn3c(c2-c2ccnc4cc(OCC5CCCO5)ccc24)CCC3)nc1
CHEMBL409525,,,28.0,,,,,,,,,,CN(C)CCOc1ccc2c(-c3c(-c4ccccn4)nn4c3CCC4)ccnc2c1
CHEMBL409718,,,30.0,,,,,,,,,,O=C(O)c1ccc(-c2ccc(CCNC[C@H](O)c3ccccc3)cc2)cc1OC1CCCCC1
CHEMBL409810,,,3.0,,,,,,,,,,NC(=O)Nc1cn(-c2ccc(-c3ccc(O)c(F)c3)c(Cl)c2)nc1C(N)=O
CHEMBL41,,,,,,,0.0428,,,,,,CNCCC(Oc1ccc(C(F)(F)F)cc1)c1ccccc1
CHEMBL410325,,,5.6,,,,,,,,,,CCCCC1c2ncccc2C(=O)N1Cc1ccc(-c2ccccc2-c2nn[nH]n2)cc1
CHEMBL411297,,,27.0,,,,,,,,,,CCN(C)CCOc1ccc2c(-c3c(-c4ccccn4)nn4c3CCC4)ccnc2c1
CHEMBL411329,,,,,,,0.0213999999999999,,,,,,O[C@H](c1cc(C(F)(F)F)nc2c(C(F)(F)F)cccc12)[C@@H]1CCCCN1
CHEMBL411503,,,3.0,,,,,,,,,,Cc1cc(-n2cc(NC(N)=O)c(C(N)=O)n2)ccc1-c1cc(C)c(O)c(C)c1
CHEMBL411668,,,3.0,,,,,,,,,,Cc1cc(-n2cc(NC(N)=O)c(C(N)=O)n2)ccc1-c1ccc(O)c(C)c1C
CHEMBL411803,,,0.5,,,,,,,,,,Cn1cncc1CN1CC(N(CC2CCN(C(=O)C3CCCC3)CC2)S(=O)(=O)c2ccccn2)Cc2cc(C#N)ccc21
CHEMBL411875,,,3.0,,,,,,,,,,Cc1cc(-n2cc(NC(N)=O)c(C(N)=O)n2)ccc1-c1c(F)cc(O)cc1F
CHEMBL412142,,,,108.0,89.99998611111326,,0.0187,,96.0,345.6,59.17808219178082,,Cc1cnc(-c2cnc(NCCNc3ccc(C#N)cn3)nc2-c2ccc(Cl)cc2Cl)[nH]1
CHEMBL413,,,,100.06,89.99998003591934,,,,,,,,CO[C@H]1C[C@@H]2CC[C@@H](C)[C@@](O)(O2)C(=O)C(=O)N2CCCC[C@H]2C(=O)O[C@H]([C@H](C)C[C@@H]2CC[C@@H](O)[C@H](OC)C2)CC(=O)[C@H](C)/C=C(\C)[C@@H](O)[C@@H](OC)C(=O)[C@H](C)C[C@H](C)/C=C/C=C/C=C/1C
CHEMBL413065,,,,,,,0.1165,,3.0,10.8,5.094339622641509,,CCc1nc2c(N)nc3ccccc3c2n1CC(C)C
CHEMBL41355,,,,,,,0.1395,,,,,,CCOC(=O)Nc1ccc(NCc2ccc(F)cc2)cc1N
CHEMBL414017,,,,,,,,,35.0,125.99999999999996,37.05882352941176,,Nc1nc(N)c2cc(NCc3ccc(Cl)c(Cl)c3)ccc2n1
CHEMBL415,,,,,,,0.0373999999999999,26.0,,,,,CN(C)CCCN1c2ccccc2CCc2ccc(Cl)cc21
CHEMBL415274,,,0.002,,,,,,,,,,CN(C)CCN(Cc1ccc(-c2ccc(Cl)cc2)cc1)C(=O)Cn1cc(Cc2cnn(C)c2)c(=O)nc1SCc1ccc(F)cc1
CHEMBL415506,,,,125.89,89.99998808483754,,,,150.0,539.9999999999999,67.5,,CCOC(=O)c1c(-c2ccccc2)nc2ccc(C)cn12
CHEMBL416,,,,52.0,89.9999711538554,,0.0768,,6.0,21.6,9.642857142857142,,COc1c2occc2cc2ccc(=O)oc12
CHEMBL416146,,,,,,,,26.0,,,,,Cc1ccc(-c2ncc(Cl)cc2-c2ccc(S(C)(=O)=O)cc2)cn1
CHEMBL416956,,,17.0,,,,,,,,,,OC(c1cc(C(F)(F)F)nc2c(C(F)(F)F)cccc12)C1CCCCN1
CHEMBL417,,,,,,,,36.0,,,,,COc1cccc2c1C(=O)c1c(O)c3c(c(O)c1C2=O)C[C@@](O)(C(=O)CO)C[C@@H]3O[C@H]1C[C@H](N)[C@@H](O)[C@H](C)O1
CHEMBL418192,,,,,,,,2.5,,,,,Cc1ccccc1OCC(O)CNCCOc1ccc(C(N)=O)cc1
CHEMBL42,,,,78.38,89.99988405352852,,0.0520999999999999,10.0,15.14,54.504,20.91802272029475,,CN1CCN(C2=Nc3cc(Cl)ccc3Nc3ccccc32)CC1
CHEMBL420715,,,4.95e-05,,,,,,,,,,CC(C)C(c1ccccn1)n1[nH]c(=O)c2nc3cc(Cl)ccc3c(O)c2c1=O.CS(=O)(=O)O
CHEMBL421236,,,,,,,0.0098999999999999,,,,,,C[C@H](NC(=O)Cc1cc(F)cc(F)c1)C(=O)NC1C(=O)N(C)c2ccccc2-c2ccccc21
CHEMBL421280,,,9e-07,,,,,,,,,,O=C(Nc1cc(C(F)(F)F)cc(C(F)(F)F)c1)c1cnc(Cl)nc1C(F)(F)C(F)(F)F
CHEMBL421604,,,,105.0,89.99998571428799,,,,28.0,100.8,32.30769230769231,,CS(=O)(=O)Nc1ccc(CCOCCCS(=O)(=O)CCNCCc2ccc(O)c3nc(O)sc23)cc1
CHEMBL422,,,,,,,0.0080999999999999,,,,,,CN1CCN(CCCN2c3ccccc3Sc3ccc(C(F)(F)F)cc32)CC1
CHEMBL422037,,,,,,,,2.5,,,,,CN(C)/N=N/c1ccc(C(=O)O)cc1
CHEMBL422648,,,,69.18,89.999978317438,,,,15.49,55.764,21.287219422812644,,Cc1oc(=O)oc1CN1CCN(c2cc3c(cc2F)c(=O)c(C(=O)O)c2n3C(C)S2)CC1
CHEMBL422649,,,,,,,0.0908999999999999,,,,,,CC(O)(C(=O)Nc1cccc(S(=O)(=O)c2ccccc2)c1)C(F)(F)F
CHEMBL423,,,,7.5,89.99968750147569,,0.7244999999999999,17.0,3.0,10.8,5.094339622641509,,CC(C)NCC(O)COc1ccc(CCOCC2CC2)cc1
CHEMBL423150,,,9e-07,,,,,,,,,,O=C(Nc1cc(C(F)(F)F)cc(C(F)(F)F)c1)c1cnc(Cl)nc1-c1ccccc1
CHEMBL424451,,,,,,,,,150.0,539.9999999999999,67.5,,COc1ccc(C)c(NC(=O)CC23CC4CC(CC(C4)C2)C3)c1
CHEMBL424862,,,,,,,,,,,,20.0,CN1CCC(Cn2c3c(c4ccccc42)C(=O)C(N2CCN(C)CC2)C[C@H]3Oc2ccc(Cl)cc2)CC1
CHEMBL425,,,,,,,,0.9,,,,,O=C(O)c1cc(/N=N/c2ccc(O)c(C(=O)O)c2)ccc1O
CHEMBL425512,,,1e-07,,,,,,,,,,Nc1noc2ccc(-n3nc(C(F)(F)F)cc3C(=O)Nc3ccc(-c4ccccc4S(N)(=O)=O)cc3F)cc12
CHEMBL426298,,,30.0,,,,,,,,,,CCOC(=O)c1c(NC(=O)NS(=O)(=O)c2ncccn2)sc2c1CCC(C)(C)C2
CHEMBL426658,,,,14.79,89.99989858023599,,0.009,,9.12,32.832,13.88362652232747,,Clc1cccc(-c2cnc3ccc(NC4CCOCC4)nn23)c1
CHEMBL426823,,,,4.0,89.99962500156249,,0.0028,,6.0,21.6,9.642857142857142,,CCOc1nc2ccc(OCCC3CCN(c4ccc(C)nn4)CC3)cc2o1
CHEMBL426851,,,,,,,0.3187000000000001,,,,,,CNc1nc2ccccc2n1Cc1sc2c(c1C(=O)N1CC[C@@H](O)C1)c(=O)n(C)c(=O)n2CC(C)C
CHEMBL426957,,,1e-07,,,,,,,,,,Nc1noc2ccc(-n3nc(C(F)(F)F)cc3C(=O)Nc3ccc(-n4ccnc4CO)cc3F)cc12
CHEMBL427851,,,,,,,0.1481,,,,,,Cc1oc(CN2CCNCC2)cc1C(=O)NCC12CC3CC(CC(C3)C1)C2
CHEMBL427860,,,6.2,,,,,,,,,,Cc1ccc(N2CCN(C(=O)[C@H](C)Cc3ccc(Cl)cc3)CC2)c([C@@H](NC(=O)CCN(C)C)C(C)C)c1
CHEMBL428,,,57.0,,,,,11.0,,,,,N[C@@H]1[C@H]2CN(c3nc4c(cc3F)c(=O)c(C(=O)O)cn4-c3ccc(F)cc3F)C[C@@H]12
CHEMBL428077,,,3.0,,,,,,,,,,COc1cc(-c2ccc(-n3cc(NC(N)=O)c(C(N)=O)n3)cc2)ccc1O
CHEMBL428375,,,104.0,,,,,,,,,,CCCCCCc1ccc(C(=O)CCN(C2CCCCC2)C2CCCCC2)cc1
CHEMBL428647,,,,,,,,11.0,,,,,CC(=O)O[C@H]1C(=O)[C@@]2(C)[C@H]([C@H](OC(=O)c3ccccc3)[C@]3(O)C[C@H](OC(=O)[C@H](O)[C@@H](NC(=O)c4ccccc4)c4ccccc4)C(C)=C1C3(C)C)[C@]1(OC(C)=O)CO[C@@H]1C[C@@H]2O
CHEMBL428690,,,,,,,,5.2,,,,,CN1CC[C@H](c2c(O)cc(O)c3c(=O)cc(-c4ccccc4Cl)oc23)[C@H](O)C1
CHEMBL428712,,,28.95,,,,,,,,,,Cn1cncc1CN1CC(N(CCn2cccc2)S(=O)(=O)c2ccccn2)Cc2cc(C#N)ccc21
CHEMBL429,,,,,,,0.376,4.4,,,,,CC(CCc1ccccc1)NCC(O)c1ccc(O)c(C(N)=O)c1
CHEMBL429075,,,80.0,,,,,,,,,,COc1ccc(CNC(=O)c2ccc(C3c4nc[nH]c4CCN3Cc3cccc(Cl)c3Cl)cc2)cc1
CHEMBL429139,,,3.0,,,,,,,,,,NC(=O)Nc1cn(-c2ccc(-c3ccc(O)c(F)c3)cc2)nc1C(N)=O
CHEMBL429443,,,0.5,,,,,,,,,,CCC(=O)N1CCC(CN(C2Cc3cc(C#N)ccc3N(Cc3cncn3C)C2)S(=O)(=O)c2ccccn2)CC1
CHEMBL429444,,,0.3,,,,,,,,,,Cc1cc(Cc2ccc(C(=O)N[C@@H]3CN(C)C[C@@H]3C(=O)NO)cc2)c2ccccc2n1
CHEMBL429459,,,10.6,,,,,,,,,,CCc1nc(N)nc(N)c1-c1ccc2c(c1)N(CCCCO)C(=O)C(C)(c1cc(F)cc(F)c1)O2
CHEMBL429682,,,,,,,0.0113999999999999,,,,,,C[C@H](CO)Nc1nc(SCc2cccc(F)c2F)nc2nc(NS(C)(=O)=O)sc12
CHEMBL429712,,,10.7,,,,,,,,,,COc1cc(Nc2c(C#N)cnc3cc(NCCCN4CCN(C)CC4)c(OC)cc23)c(Cl)cc1Cl
CHEMBL429866,,,3.0,,,,,,,,,,Cc1cc(O)ccc1-c1ccc(-n2cc(NC(N)=O)c(C(N)=O)n2)cc1C(F)(F)F
CHEMBL429910,,,150.0,,,,,,,,,,CCOc1ccc(Cc2cc([C@@H]3O[C@H](CO)[C@@H](O)[C@H](O)[C@H]3O)ccc2Cl)cc1
CHEMBL43,,,,,,,,4.7,,,,,COc1cc(NS(C)(=O)=O)ccc1Nc1c2ccccc2nc2ccccc12
CHEMBL430200,,,0.7,,,,,,,,,,O=C1CC(c2ccc(C[C@H](Nc3nc4ccccc4s3)c3nc4ccccc4[nH]3)cc2Cl)S(=O)(=O)N1
CHEMBL430239,,,,,,,0.4427,,,,,,CCCC[C@H](NC(C)=O)C(=O)N[C@H]1CC(=O)NCCCC[C@@H](C(N)=O)NC(=O)[C@H](Cc2c[nH]c3ccccc23)NC(=O)[C@H](CCCNC(=N)N)NC(=O)[C@@H](Cc2ccccc2)NC(=O)[C@H](Cc2cnc[nH]2)NC1=O
CHEMBL430381,,,,,,,0.0509999999999999,,46.0,165.60000000000002,43.125,,OCC(CO)Nc1nc(SCc2cccc(F)c2F)nc2nc(NC3CC3)sc12
CHEMBL432103,,,,,,,,8.4,,,,,CC1CCCC(C)N1CCCC(O)(c1ccccc1)c1ccccn1
CHEMBL432672,,,5.76,,,,,,,,,,CC(C)C[C@H](O)[C@H](O)[C@H](CC1CCCCC1)NC(=O)OC(C)(C)C
CHEMBL433729,,,17000000.0,,,,,,,,,,CCC(C)[C@H](NC(=O)[C@@H](C[C@H](O)[C@H](CC1CCCCC1)NC(=O)c1ccccn1)C(C)C)C(=O)NCc1ccccn1
CHEMBL434,,,,,,,,0.41,,,,,CC(C)NCC(O)c1ccc(O)c(O)c1
CHEMBL434142,,,1.0,,,,,,,,,,NC1CCN(C2CN(CC[C@]3(c4ccc(Cl)c(Cl)c4)CCC(=O)N(CC4CCC(F)(F)CC4)C3)C2)CC1
CHEMBL434394,,,,,,,,10.0,,,,,OC(CNCC(O)C1CCc2cc(F)ccc2O1)C1CCc2cc(F)ccc2O1
CHEMBL435,,,,,,,0.2801,,,,,,NS(=O)(=O)c1cc2c(cc1Cl)NCNS2(=O)=O
CHEMBL435859,,,,3.0,89.99950000277776,,,,14.79,53.244,20.54483716622936,,OB1c2ccccc2N=C(S)N1c1cccnc1
CHEMBL436099,,,73.55,,,,,,,,,,CN(C)c1ccc(-c2cc(-c3ccc(N(C)C)cc3)[se+]c(C(C)(C)C)c2)cc1.[I-]
CHEMBL436302,,,6.1,,,,,,,,,,CCOC(=O)C1=C(C)Nc2nc3c(c(N)c2C1c1ccccc1OC)CCCC3
CHEMBL436766,,,3.7,,,,,,,,,,Nc1noc2ccc(-n3nc(C(F)(F)F)cc3C(=O)Nc3ccc(-c4ccccc4CN4CC[C@@H](O)C4)cc3F)cc12
CHEMBL436817,,,5.0,,,,,,,,,,N#Cc1cnc2c(Cl)cc(NCc3cnc[nH]3)cc2c1Nc1ccc(F)c(Cl)c1
CHEMBL436826,,,,43.36,89.99996540591735,,0.0047,,17.03,61.308,22.865880948828885,,CCOc1ccc(-n2c([C@@H](C)N(Cc3cccnc3)C(=O)Cc3ccc(C(F)(F)F)cc3)nc3ccccc3c2=O)cc1
CHEMBL436839,,,26.2,,,,,,,,,,Cc1nc2cc(C(C)C)c(-c3ccc(Cl)c(OCC4CC4)c3)cc2c(=O)[nH]1
CHEMBL437371,,,1.0,,,,,,,,,,COc1cccc2sc(N[C@@H](Cc3ccc(C4CC(=O)NS4(=O)=O)cc3)c3nc4ccccc4[nH]3)nc12
CHEMBL437526,,,,,,,,,3.0,10.8,5.094339622641509,,CCO[C@@H]1OC(=O)C[C@@H]1NC(=O)[C@@H]1CCCN2C(=O)CC[C@H](NC(=O)c3nccc4ccccc34)C(=O)N12
CHEMBL437555,,,25.0,,,,,,,,,,CCOC(=O)N1C[C@H](NC(=O)c2ccc(-n3ccccc3=O)cc2)[C@H](NC(=O)c2ccc(Cl)s2)C1
CHEMBL437565,,,0.5,,,,,,,,,,Cn1cncc1CN1CC(N(CC2CCN(C(=O)CNC(=O)OC(C)(C)C)CC2)S(=O)(=O)c2ccccn2)Cc2cc(C#N)ccc21
CHEMBL437765,,,,3.0,89.99950000277776,,,,,,,,CO[C@H]1/C=C/O[C@@]2(C)Oc3c(C)c(O)c4c(O)c(cc(O)c4c3C2=O)NC(=O)/C(C)=C\C=C\[C@H](C)[C@H](O)[C@@H](C)[C@@H](O)[C@@H](C)[C@H](OC(C)=O)[C@@H]1C
CHEMBL437897,,,30.0,,,,,,,,,,CCOC(=O)c1c(NC(=O)NS(=O)(=O)c2ccc(C#N)cc2)sc2c1CCC(C)(C)C2
CHEMBL437987,,,3.0,,,,,,,,,,Cc1cc(-n2cc(NC(N)=O)c(C(N)=O)n2)ccc1-c1ccc(O)cc1
CHEMBL438921,,,64.1,,,,,,,,,,COc1cccc2c1C(=O)c1c(O)c3c(c(O)c1C2=O)C[C@@](O)(C(=O)CO)C[C@@H]3O[C@H]1C[C@H](NC(=O)C2CCC(CN3C(=O)CC(SC[C@H](N)C(=O)NCC(=O)NCC(=O)NCC(=O)N[C@@H](Cc4ccc(O)cc4)C(=O)NCC(=O)N[C@@H](CCCN=C(N)N)C(=O)N[C@@H](CCCCN)C(=O)N[C@@H](CCCCN)C(=O)N[C@@H](CCCN=C(N)N)C(=O)N[C@@H](CCCN=C(N)N)C(=O)N[C@@H](CCC(N)=O)C(=O)N[C@@H](CCCN=C(N)N)C(=O)N[C@@H](CCCN=C(N)N)C(=O)N[C@@H](CCCN=C(N)N)C(=O)O)C3=O)CC2)[C@H](O)[C@H](C)O1
CHEMBL439,,,1.2,,,,,7.0,,,,,Nc1ccc(S(=O)(=O)Nc2ncccn2)cc1
CHEMBL439871,,,,,,,0.069,,,,,,CC(C)Cn1c(=O)n(C)c(=O)c2c(C(=O)N3CC(C)(O)C3)c(Cc3ccccc3C(F)(F)F)sc21
CHEMBL440229,,,60.0,,,,,,,,,,O=C1N/C(=C\c2ccc(CN3CCCC3)cc2)C(=O)N1c1ccc(Oc2ccccc2)cc1
CHEMBL440391,,,30.0,,,,,,,,,,CCOC(=O)c1c(NC(=O)NS(=O)(=O)c2ccccn2)sc2c1CCC(C)(C)C2
CHEMBL440405,,,,14.3,89.99989510501736,,0.013,,3.0,10.8,5.094339622641509,,CS(=O)(=O)NC(=O)CCCc1c(-c2ccc(F)cc2)[nH]c2ccc(C#N)cc12
CHEMBL440498,,,,,,,0.02,,,,,,O=C(NO)C1(CS(=O)(=O)c2ccc(Oc3ccc(Cl)cc3)cc2)CCOCC1
CHEMBL440519,,,8e-07,,,,,,,,,,CC(c1cccnc1)n1[nH]c(=O)c2nc3cc(Cl)ccc3c(O)c2c1=O.CS(=O)(=O)O
CHEMBL440955,,,0.7,,,,,,,,,,O=C1C[C@@H](c2ccc(C[C@H](Nc3nc4ccccc4s3)c3nc4ccccc4[nH]3)cc2)S(=O)(=O)N1
CHEMBL441,,,,,,,,2.0,,,,,CCCC(C)C1(CC)C(=O)NC(=S)NC1=O
CHEMBL441550,,,,,,,,,6.0,21.6,9.642857142857142,,CC(C)n1c(=O)n(C)c(=O)c2c(C(=O)N3CCS(=O)(=O)C3)c(Cc3ccccc3C(F)(F)F)sc21
CHEMBL441809,,,,,,,,1.5,,,,,CCC(C)(C)NCC(O)COc1ccccc1C(=O)CCc1ccccc1
CHEMBL442,,,,,,,,2.1,,,,,CN1C[C@H](C(=O)N[C@]2(C)O[C@@]3(O)[C@@H]4CCCN4C(=O)[C@H](Cc4ccccc4)N3C2=O)C=C2c3cccc4[nH]cc(c34)C[C@H]21
CHEMBL442078,,,168.0,,,,,,,,,,C[C@@H]1CN(C(=O)c2ccccc2)CCN1C(=O)C(=O)c1c[nH]c2ncccc12
CHEMBL442235,,,24.8,,,,,,,,,,Cn1cc(C(N)=O)c(Nc2ccc(I)cc2F)cc1=O
CHEMBL443,,,,3.0,89.99950000277776,,,9.8,3.0,10.8,5.094339622641509,,Cc1cc(NS(=O)(=O)c2ccc(N)cc2)no1
CHEMBL44354,,,0.2,,,,,1.8,,,,,CC(C)(O/N=C(\C(=O)N[C@@H]1C(=O)N2C(C(=O)[O-])=C(C[n+]3ccccc3)CS[C@H]12)c1csc(N)n1)C(=O)O
CHEMBL443684,,,,9.77,89.99984646904389,,,,,,,,CC1(C)CCC(c2ccc(Cl)cc2)=C(CN2CCN(c3ccc(C(=O)NS(=O)(=O)c4ccc(N[C@H](CCN5CCOCC5)CSc5ccccc5)c(S(=O)(=O)C(F)(F)F)c4)cc3)CC2)C1
CHEMBL444633,,,,,,,,37.0,,,,,CO[C@H]1/C=C/O[C@@]2(C)Oc3c(C)c(O)c4c(c3C2=O)C2=NC3(CCN(CC(C)C)CC3)NC2=C(NC(=O)/C(C)=C\C=C\[C@H](C)[C@H](O)[C@@H](C)[C@@H](O)[C@@H](C)[C@H](OC(C)=O)[C@@H]1C)C4=O
CHEMBL444684,,,41.0,,,,,,,,,,CC(O)c1nc([C@@H](O)[C@H](O)[C@H](O)CO)c[nH]1
CHEMBL444763,,,1.7,,,,,,,,,,CC(=O)N[C@@H](Cc1ccc(O)cc1)C(=O)N(C)[C@@H](Cc1ccccc1)C(=O)N(C)[C@@H](Cc1ccccc1)C(=O)N(C)[C@@H](Cc1ccccc1)C(N)=O
CHEMBL444884,,,,,,,,,31.0,111.6,34.44444444444444,,NC(=O)c1sc(-c2ccc(Cl)cc2)cc1N
CHEMBL444929,,,,,,,,9.5,,,,,CC(C)[C@@H](CC[C@@H](C)[C@H]1CC[C@H]2[C@@H]3[C@H](O)C[C@H]4C[C@@H](NCCCNCCCCN)CC[C@]4(C)[C@H]3CC[C@]12C)OS(=O)(=O)O
CHEMBL444981,,,200.0,,,,,,,,,,CCc1c(C)nc2sc3c(N)ncnc3c2c1C
CHEMBL445,,,,144.0,89.99998958333454,,0.1315,30.0,3.0,10.8,5.094339622641509,,CNCCC=C1c2ccccc2CCc2ccccc21
CHEMBL445391,,,0.82,,,,,,,,,,Cc1nccn1-c1ccc(NC(=O)c2cc(C(F)(F)F)nn2-c2ccc3onc(N)c3c2)cc1
CHEMBL445493,,,7.23,,,,,,,,,,CCCCc1ccc(C(=O)NC2(C(=O)N[C@H](Cc3ccccc3)C(=O)NCC3CCN(CC4CCOCC4)CC3)CCCC2)nc1
CHEMBL445663,,,6.48,,,,,,,,,,CCCC1(C(=O)O)CCc2c1[nH]c1c(Cl)ccc(Cl)c21
CHEMBL445706,,,690.5,,,,,,,,,,CC(C)[C@H](N)C(=O)O[C@@H]1Cc2ccccc2[C@@H]1NC(=O)[C@H](Cc1ccccc1)C[C@H](O)CN1CCN(Cc2cccnc2)C[C@H]1C(=O)NC(C)(C)C.O=C(O)C(F)(F)F
CHEMBL446004,,,0.0,,,,,,,,,,CC(=O)N(C)[C@@H](Cc1ccccc1)C(=O)N(C)[C@@H](Cc1ccccc1)C(=O)N(C)[C@@H](Cc1ccccc1)C(=O)N(C)[C@@H](Cc1ccccc1)C(=O)N(C)[C@@H](Cc1ccccc1)C(=O)N(C)[C@@H](Cc1ccccc1)C(=O)N(C)[C@@H](Cc1ccccc1)C(=O)N(C)[C@@H](Cc1ccccc1)C(=O)N(C)[C@@H](Cc1ccccc1)C(=O)N(C)[C@@H](Cc1ccccc1)C(N)=O
CHEMBL446257,,,93.7,,,,,,,,,,CC(=O)c1nc([C@@H](O)[C@H](O)[C@H](O)CO)c(C)[nH]1
CHEMBL44657,,,,,,,,5.7,,,,,COc1cc([C@@H]2c3cc4c(cc3[C@@H](O[C@@H]3O[C@@H]5CO[C@@H](C)O[C@H]5[C@H](O)[C@H]3O)[C@H]3COC(=O)[C@H]23)OCO4)cc(OC)c1O
CHEMBL446708,,,169.0,,,,,,,,,,CC(C)n1c(=O)n(Cc2nc3ccccc3n2CCCC#N)c2cnccc21
CHEMBL446765,,,1.1,,,,,,,,,,CC(=O)N(C)[C@H](C(=O)N(C)[C@@H](Cc1ccccc1)C(=O)N(C)[C@@H](Cc1ccccc1)C(=O)N(C)[C@@H](Cc1ccccc1)C(N)=O)c1ccccc1
CHEMBL446978,,,0.05,,,,,,,,,,CC(C)(C)c1ccc(-c2nc3c(N4CCN(Cc5ccc6[nH]c(=O)c(=O)n(Cc7cccnc7)c6c5)CC4)cccc3[nH]2)cc1
CHEMBL447183,,,,,,,0.1341,,,,,,N#Cc1ccc(C(=O)N2CCC3(CC2)N=C(N)c2c(F)ccc(F)c2N3)cn1
CHEMBL447452,,,1.1,,,,,,,,,,CC(=O)N(C)CC(=O)N(C)[C@@H](Cc1ccccc1)C(=O)N(C)[C@@H](Cc1ccccc1)C(=O)N(C)[C@@H](Cc1ccccc1)C(N)=O
CHEMBL447619,,,1.0499999999999998,,,,,,,,,,CN(C(=O)[C@H](CC1CCCCC1)NC(=O)[C@@H](N)Cc1ccc(O)c(O)c1)[C@@H](Cc1ccccc1)C(=O)N(C)[C@@H](Cc1ccccc1)C(=O)N(C)[C@@H](Cc1ccccc1)C(N)=O
CHEMBL447664,,,11.0,,,,,,,,,,Cc1cc(Cn2nnc3c(-c4ccco4)nc(N)nc32)ccc1N
CHEMBL447877,,,626.0,,,,,,,,,,CC(C)[C@H](N)C(=O)NCCCCCC(=O)O[C@@H](C[C@@H](Cc1ccccc1)C(=O)N[C@H]1c2ccccc2C[C@H]1OC(=O)CCCCCNC(=O)[C@@H](N)C(C)C)CN1CCN(Cc2cccnc2)C[C@H]1C(=O)NC(C)(C)C.O=C(O)C(F)(F)F.O=C(O)C(F)(F)F
CHEMBL44793,,,,,,,,,3.0,10.8,5.094339622641509,,O=C(/C=C/c1c(C(=O)O)[nH]c2cc(Cl)cc(Cl)c12)Nc1ccccc1
CHEMBL447983,,,,,,,0.1795,,,,,,C[C@](N)(Cc1ccccc1)c1ccccc1
CHEMBL448,,,,,,,,22.0,,,,,CCCC(C)C1(CC)C(=O)NC(=O)NC1=O
CHEMBL448262,,,4.85,,,,,,,,,,CC(=O)N[C@@H](Cc1ccc2ccccc2c1)C(=O)N(C)[C@@H](Cc1ccccc1)C(=O)N(C)[C@@H](Cc1ccccc1)C(=O)N(C)[C@@H](Cc1ccccc1)C(N)=O
CHEMBL448686,,,0.5,,,,,,,,,,CN(C(=O)[C@H](Cc1ccc2ccccc2c1)NC(=O)[C@@H](N)Cc1ccc(O)c(O)c1)[C@@H](Cc1ccccc1)C(=O)N(C)[C@@H](Cc1ccccc1)C(=O)N(C)[C@@H](Cc1ccccc1)C(N)=O
CHEMBL44884,,,,,,,,3.1,,,,,CC[C@@H](CO)NCCN[C@@H](CC)CO
CHEMBL449015,,,34.0,,,,,,,,,,CSc1ccc(Sc2ccc(NS(C)(=O)=O)cc2CN(C)C)cc1
CHEMBL449354,,,0.0,,,,,,,,,,CCCCCCCc1ccc(C(=O)/C=C/c2ccccc2)cc1
CHEMBL449375,,,1.7,,,,,,,,,,CC(=O)N(C)[C@@H](Cc1ccccc1)C(=O)N[C@@H](Cc1ccccc1)C(=O)N(C)[C@@H](Cc1ccccc1)C(=O)N(C)[C@@H](Cc1ccccc1)C(=O)N(C)[C@@H](Cc1ccccc1)C(N)=O
CHEMBL449600,,,200.0,,,,,,,,,,Cc1nc2sc3c(N)ncnc3c2c(C)c1C
CHEMBL449668,,,0.0,,,,,,,,,,CC(=O)N[C@@H](Cc1ccccc1)C(=O)N[C@@H](Cc1ccccc1)C(=O)N[C@@H](Cc1ccccc1)C(=O)N[C@@H](Cc1ccccc1)C(N)=O
CHEMBL449911,,,3.15,,,,,,,,,,CC(=O)N[C@@H](CCc1ccccc1)C(=O)N(C)[C@@H](Cc1ccccc1)C(=O)N(C)[C@@H](Cc1ccccc1)C(=O)N(C)[C@@H](Cc1ccccc1)C(N)=O
CHEMBL450061,,,27.0,,,,,,,,,,CC(C)CNc1nc(C#N)nc(N2CCOCC2)c1N
CHEMBL450449,,,,,,,,44.0,,,,,COc1cc2c(cc1O)CCN[C@]21CS[C@@H]2c3c(OC(C)=O)c(C)c4c(c3[C@H](COC1=O)N1[C@@H]2[C@H]2c3c(cc(C)c(OC)c3O)C[C@@H]([C@@H]1O)N2C)OCO4
CHEMBL450470,,,,150.0,89.9999900000011,,,,150.0,539.9999999999999,67.5,,COc1ccc(N(C(C)=O)C(C(=O)NC2CCCC2)c2ccccc2F)c(OC)c1
CHEMBL450642,,,13.3,,,,,,,,,,C[N+](C)=c1ccc2c(-c3ccc(C(=S)N4CCCCC4)s3)c3cc4c5c(c3sc-2c1)CCCN5CCC4.F[P-](F)(F)(F)(F)F
CHEMBL450848,,,131.0,,,,,,,,,,CC(=O)c1nc([C@H](O)[C@@H](O)[C@@H](O)CO)c[nH]1
CHEMBL451,,,,3.89,89.999614397539,,0.0229,8.3,5.75,20.700000000000003,9.282511210762332,,CNC1=Nc2ccc(Cl)cc2C(c2ccccc2)=[N+]([O-])C1
CHEMBL451165,,,29.5,,,,,,,,,,CNCc1cc(C(N)=O)ccc1Cc1ccc(Cl)c(Cl)c1
CHEMBL451533,,,2.35,,,,,,,,,,CC(=O)N1Cc2[nH]c3ccccc3c2C[C@H]1C(=O)N(C)[C@@H](Cc1ccccc1)C(=O)N(C)[C@@H](Cc1ccccc1)C(=O)N(C)[C@@H](Cc1ccccc1)C(N)=O
CHEMBL451653,,,79.3,,,,,,,,,,CCc1[nH]c(C(C)=O)nc1[C@@H](O)[C@H](O)[C@H](O)CO
CHEMBL451917,,,1.85,,,,,,,,,,CC(=O)N[C@@H](Cc1cccnc1)C(=O)N(C)[C@@H](Cc1ccccc1)C(=O)N(C)[C@@H](Cc1ccccc1)C(=O)N(C)[C@@H](Cc1ccccc1)C(N)=O
CHEMBL452,,,,3.72,89.9995967760001,,,38.0,,,,,O=C1CN=C(c2ccccc2Cl)c2cc([N+](=O)[O-])ccc2N1
CHEMBL452021,,,,,,,,,9.0,32.400000000000006,13.728813559322036,,CN(C)CCOc1ccc(-c2cc(C(N)=O)c(NC(N)=O)s2)cc1
CHEMBL452231,,,,,,,,16.0,,,,,COc1cc([C@@H]2c3cc4c(cc3[C@@H](O[C@@H]3O[C@@H]5CO[C@@H](c6cccs6)O[C@H]5[C@H](O)[C@H]3O)[C@H]3COC(=O)[C@H]23)OCO4)cc(OC)c1O
CHEMBL452273,,,,,,,,,3.0,10.8,5.094339622641509,,COCCNCc1ccc(-c2cc(C(N)=O)c(NC(N)=O)s2)cc1
CHEMBL452529,,,,,,,,,6.0,21.6,9.642857142857142,,CN(C)CCCOc1ccc(-c2cc(C(N)=O)c(NC(N)=O)s2)cc1
CHEMBL452624,,,3.15,,,,,,,,,,CC(=O)N1Cc2ccccc2C[C@H]1C(=O)N(C)[C@@H](Cc1ccccc1)C(=O)N(C)[C@@H](Cc1ccccc1)C(=O)N(C)[C@@H](Cc1ccccc1)C(N)=O
CHEMBL452664,,,,,,,0.1029999999999999,,,,,,COc1cc2ncc(C(N)=O)c(Nc3cccc(Cl)c3Cl)c2cc1NCCN(C)C
CHEMBL452861,,,,,,,0.1395,,,,,,CC(C)NC[C@H](O)COc1cccc2ccccc12
CHEMBL453,,,,3.0,89.99950000277776,,0.0871999999999999,7.4,3.0,10.8,5.094339622641509,,Cc1noc(NS(=O)(=O)c2ccc(N)cc2)c1C
CHEMBL453222,,,,,,,,,20.0,72.0,25.714285714285715,,COCCOc1ccc(-c2cc(C(N)=O)c(NC(N)=O)s2)cc1
CHEMBL453734,,,4.75,,,,,,,,,,CCC[C@H]1C(=O)N([C@@H](Cc2ccc3ccccc3c2)C(=O)NC)CCN1C(=O)[C@@H](Cc1ccc(F)cc1)NC(=O)C(C)(C)N
CHEMBL453779,,,4.05,,,,,,,,,,CC(=O)N[C@@H](CC1CCCCC1)C(=O)N(C)[C@@H](Cc1ccccc1)C(=O)N(C)[C@@H](Cc1ccccc1)C(=O)N(C)[C@@H](Cc1ccccc1)C(N)=O
CHEMBL454616,,,,37.72,89.99973964799534,,,,,,,,Cc1ccc(NC(=O)c2cccc(N(C)S(C)(=O)=O)c2)cc1NC(=O)c1ccc2ncccc2c1
CHEMBL455780,,,2.1,,,,,,,,,,CN[C@@H](Cc1ccccc1)C(=O)N(C)[C@@H](Cc1ccccc1)C(=O)N(C)[C@@H](Cc1ccccc1)C(=O)N(C)[C@@H](Cc1ccccc1)C(=O)O
CHEMBL455920,,,,,,,0.1118000000000001,,,,,,CC(C)Oc1cc(Nc2nc(N[C@@H](C)c3ncc(F)cn3)ncc2Cl)n[nH]1
CHEMBL456,,,,,,,,0.5,,,,,C=C(CC)C(=O)c1ccc(OCC(=O)O)c(Cl)c1Cl
CHEMBL456145,,,,,,,0.1008999999999999,,,,,,C1Cc2[nH]nc(-c3nn[nH]n3)c2C1
CHEMBL456161,,,9.65,,,,,,,,,,CC(=O)N(C)[C@@H](Cc1ccccc1)C(=O)N(C)[C@@H](Cc1ccccc1)C(=O)N(C)[C@@H](Cc1ccccc1)C(N)=O
CHEMBL456237,,,,,,,0.0006,,,,,,Fc1ccc(-c2c3cccc(C(F)(F)F)c3nn2Cc2ccc(F)cc2Cl)cc1
CHEMBL456324,,,,,,,0.0357999999999999,,,,,,CC(C)Oc1cc(Nc2nc(N[C@@H](C)c3ccc(F)cc3)nc(NC(CO)CO)c2Cl)n[nH]1
CHEMBL456390,,,,,,,0.0357999999999999,,,,,,O=C1CCc2cc(-c3cncc4ccccc34)ccc2N1
CHEMBL457,,,,108.035,89.99998364840663,,0.0023,,29.51,106.236,33.403345491133194,,Cc1ccc(C)c(OCCCC(C)(C)C(=O)O)c1
CHEMBL457023,,,5.783333333333334,,,,,,,,,,Cc1cc(C)c(-c2cc(-c3ccc(N(C)C)cc3)[te+]c(-c3ccc(N(C)C)cc3)c2)c(C)c1.F[P-](F)(F)(F)(F)F
CHEMBL457061,,,154.25,,,,,,,,,,CCN(CC)C(=O)c1ccc(-c2c3ccc(=[N+](C)C)cc-3[se]c3cc(N(C)C)ccc23)s1.F[P-](F)(F)(F)(F)F
CHEMBL457313,,,200.0,,,,,,,,,,Nc1ncnc2c1sc1ncccc12
CHEMBL457314,,,200.0,,,,,,,,,,CNc1ncnc2c1sc1nc(C)cc(C)c12
CHEMBL457393,,,,,,,0.0801,,,,,,C[C@H](Nc1ncc(F)c(Nc2cc(C3CC3)[nH]n2)n1)c1ccc(F)cn1
CHEMBL457547,,,,,,,,16.0,,,,,CCCCCOc1ccc(-c2cc(-c3ccc(C(=O)N[C@H]4C[C@@H](O)[C@@H](O)NC(=O)[C@@H]5[C@@H](O)[C@@H](C)CN5C(=O)[C@H]([C@H](O)CC(N)=O)NC(=O)[C@H]([C@H](O)[C@@H](O)c5ccc(O)c(OS(=O)(=O)O)c5)NC(=O)[C@@H]5C[C@@H](O)CN5C(=O)[C@H]([C@@H](C)O)NC4=O)cc3)no2)cc1
CHEMBL457608,,,,,,,0.0357999999999999,,,,,,C[C@H](Nc1ncc(Cl)c(Nc2cc(C3CC3)[nH]n2)n1)c1ccc(F)cn1
CHEMBL45816,,,,,,,,13.0,,,,,COCC(=O)O[C@]1(CCN(C)CCCc2nc3ccccc3[nH]2)CCc2cc(F)ccc2[C@@H]1C(C)C
CHEMBL458224,,,70.0,,,,,,,,,,COC[C@H]1CCCN1c1cc(NC(C)=O)nc(-n2nc(C)cc2C)n1
CHEMBL458287,,,,,,,0.009,,,,,,Cc1cc(Nc2nc(N[C@@H](C)c3ccc(F)cc3)ncc2Cl)n[nH]1
CHEMBL458358,,,27.0,,,,,,,,,,CN[C@@H](C)C(=O)Nc1ccc(Oc2ccc(OC)cc2)c(C(=O)NCc2csc(-c3cccs3)n2)c1
CHEMBL458568,,,4.625,,,,,,,,,,O=S(=O)(Nc1cc(F)c(O)c(F)c1)c1ccccc1
CHEMBL458997,,,,16.22,89.99990752167332,,,,,,,,CNC(=O)c1ccccc1Nc1nc(Nc2ccc(N3CCOCC3)cc2OC)ncc1Cl
CHEMBL459,,,,,,,,5.9,,,,,C[C@](N)(Cc1ccc(O)c(O)c1)C(=O)O
CHEMBL459059,,,200.0,,,,,,,,,,Cc1cc(C)c2c(n1)sc1c(Nc3ccccc3)ncnc12
CHEMBL459215,,,0.1,,,,,,,,,,CC(C)(C)c1ccc(-c2nc3c(N4CCN(Cc5ccc6[nH]c(=O)c(=O)[nH]c6c5)CC4)cccc3[nH]2)cc1
CHEMBL459353,,,,8.0,89.99981250039062,,,,12.0,43.2,17.419354838709676,,COc1ccc(N(C(=O)c2occc2CO)C(C(=O)NC[C@@H](C)O)c2ccccc2F)c(OC)c1
CHEMBL459554,,,1.4,,,,,,,,,,CC(=O)N(C)[C@@H](Cc1ccccc1)C(=O)N(C)[C@@H](Cc1ccccc1)C(=O)N(C)[C@@H](Cc1ccccc1)C(=O)N(C)[C@@H](Cc1ccccc1)C(=O)O
CHEMBL459675,,,,,,,0.0034999999999999,,,,,,Cc1ncc(NC(=O)c2cc(NC(=O)c3cc(F)cc(C(F)(F)F)c3)ccc2Cl)s1
CHEMBL46,,,,3.0,89.99950000277776,,,3.4,6.46,23.256,10.297555791710945,,Cc1nccn1CC1CCc2c(c3ccccc3n2C)C1=O
CHEMBL460085,,,26.0,,,,,,,,,,CCOc1ncc(S(=O)(=O)N2CCN(CC)CC2)cc1-c1nc2c(CC)n(C)nc2c(=O)[nH]1
CHEMBL460102,,,,,,,0.2574999999999999,,,,,,Cc1ncc(-c2nc(Nc3ccc(C(=O)N4CC[C@H](N(C)C)C4)cc3)ncc2F)n1C(C)C
CHEMBL460394,,,37.083333333333336,,,,,,,,,,CN(C)c1ccc(-c2cc(-c3ccccc3)[se+]c(-c3ccc(N)cc3)c2)cc1.F[P-](F)(F)(F)(F)F
CHEMBL460395,,,18.566666666666663,,,,,,,,,,CN(C)c1ccc(-c2cc(-c3ccc(N)cc3)[se+]c(-c3ccc(N)cc3)c2)cc1.F[P-](F)(F)(F)(F)F
CHEMBL460472,,,29.5,,,,,,,,,,COc1ccc2c(Oc3ccc(NC(=O)c4c(C)n(CC(C)(C)O)n(-c5ccccc5)c4=O)nc3)ccnc2c1
CHEMBL460522,,,26.15,,,,,,,,,,Cn1cnc(S(=O)(=O)N(Cc2cccc(-n3cccc3)c2)C2Cc3cc(C#N)ccc3N(Cc3cncn3C)C2)c1
CHEMBL461220,,,3.0,,,,,,,,,,NC(=O)[C@@]1(Cc2ccc(OCc3cc(-c4ccccc4)nc4ccccc34)c(F)c2)C[C@@H]1C(=O)NO
CHEMBL461384,,,,,,,0.0098999999999999,,,,,,CC(C)c1noc(C2CCN(c3ncnc(Nc4ccc(S(C)(=O)=O)cc4F)c3[N+](=O)[O-])CC2)n1
CHEMBL461572,,,,,,,0.002,,,,,,O=C(Nc1ccc(Cl)c(C(=O)Nc2cncs2)c1)c1cccc(Cl)c1
CHEMBL461573,,,,,,,0.004,,,,,,Cc1cc(C)cc(C(=O)Nc2ccc(Cl)c(C(=O)Nc3cncs3)c2)c1
CHEMBL461574,,,,,,,0.0119,,,,,,Cc1ncc(NC(=O)c2cc(NC(=O)c3cccc(C(F)(F)F)c3)ccc2C)s1
CHEMBL461674,,,48.61666666666667,,,,,,,,,,CN(C)c1ccc(-c2cc(-c3ccccc3)[s+]c(-c3ccc(N)cc3)c2)cc1.F[P-](F)(F)(F)(F)F
CHEMBL461950,,,,,,,0.0170999999999998,,,,,,O=C(Nc1ccc(Cl)c(C(=O)Nc2cccnc2)c1)c1cccc(Cl)c1
CHEMBL462044,,,6.5,,,,,,,,,,C=CC[C@H]1C(=O)N([C@@H](Cc2ccc3ccccc3c2)C(=O)NC)CCN1C(=O)[C@H](N)Cc1ccc(F)cc1
CHEMBL462132,,,,,,,0.004,,,,,,Cc1ncc(NC(=O)c2cc(NC(=O)c3cccc(C(F)(F)F)c3)ccc2Cl)s1
CHEMBL462133,,,,,,,0.002,,,,,,Cc1ncc(NC(=O)c2cc(NC(=O)c3cccc(Cl)c3)ccc2Cl)s1
CHEMBL462360,,,66.0,,,,,,,,,,CC1(CC(=O)NCCNc2ccnc3cc(Cl)ccc23)CC2(CCCCC2)OO1
CHEMBL462522,,,33.666666666666664,,,,,,,,,,CN(C)c1ccc(-c2cc(-c3ccc(N)cc3)[s+]c(-c3ccc(N(C)C)cc3)c2)cc1.F[P-](F)(F)(F)(F)F
CHEMBL463117,,,200.0,,,,,,,,,,Cc1c2c(nc3sc4c(N)ncnc4c13)CCC2
CHEMBL463118,,,200.0,,,,,,,,,,Cc1c2c(nc3sc4c(N)ncnc4c13)CCCC2
CHEMBL463119,,,200.0,,,,,,,,,,C=CCc1c(C)nc2sc3c(N)ncnc3c2c1C
CHEMBL463318,,,200.0,,,,,,,,,,Cc1nc2sc3c(N)ncnc3c2c(C)c1Cc1ccccc1
CHEMBL463981,,,,,,,0.0908999999999999,,,,,,O=S(=O)(N[C@H](CO)C(C(F)(F)F)C(F)(F)F)c1ccc(Cl)s1
CHEMBL464037,,,4.2,,,,,,,,,,Cc1ccc(C)c(CNC(=O)C(=O)N[C@@H](C)C(=O)N[C@@H](CC(=O)O)C(=O)COc2c(F)c(F)cc(F)c2F)c1
CHEMBL464038,,,3.7,,,,,,,,,,Cc1ccc(CNC(=O)C(=O)N[C@@H](C)C(=O)N[C@@H](CC(=O)O)C(=O)COc2c(F)c(F)cc(F)c2F)cc1C
CHEMBL464081,,,,141.0,89.99998936170338,,0.0091999999999999,,51.0,183.6,45.445544554455445,,CC1(C)[C@@H]2CC[C@@]1(CS(=O)(=O)N1CCN(c3ccc(C(F)(F)F)cn3)CC1)C(=O)C2
CHEMBL464178,,,0.0,,,,,,,,,,CC(=O)N[C@@H](Cc1ccccc1)C(=O)N[C@@H](Cc1ccccc1)C(N)=O
CHEMBL464235,,,0.9,,,,,,,,,,C[C@H](NC(=O)C(=O)Nc1c(F)cccc1F)C(=O)N[C@@H](CC(=O)O)C(=O)COc1c(F)c(F)cc(F)c1F
CHEMBL464254,,,3.9,,,,,,,,,,C[C@H](NC(=O)C(=O)NCCC1CCCC1)C(=O)N[C@@H](CC(=O)O)C(=O)COc1c(F)c(F)cc(F)c1F
CHEMBL464259,,,0.3,,,,,,,,,,C[C@H](NC(=O)C(=O)NCc1cc(F)cc(F)c1)C(=O)N[C@@H](CC(=O)O)C(=O)COc1c(F)c(F)cc(F)c1F
CHEMBL464552,,,,21.88,89.99993144429354,,,,,,,,CNC(=O)c1c(F)cccc1Nc1nc(Nc2cc3c(cc2OC)CCN3C(=O)CN(C)C)nc2[nH]ccc12
CHEMBL465,,,,,,,,33.0,,,,,CCCCCc1cc(O)c2c(c1)OC(C)(C)[C@@H]1CCC(C)=C[C@@H]21
CHEMBL465026,,,,,,,,5.0,,,,,CN1CCOC(c2ccccc2)c2ccccc2C1
CHEMBL465092,,,2.7,,,,,,,,,,C[C@H](NC(=O)C(=O)NCc1ccc(Cl)cc1Cl)C(=O)N[C@@H](CC(=O)O)C(=O)COc1c(F)c(F)cc(F)c1F
CHEMBL465108,,,1.7,,,,,,,,,,C[C@H](NC(=O)C(=O)NCc1ccc(Cl)cc1)C(=O)N[C@@H](CC(=O)O)C(=O)COc1c(F)c(F)cc(F)c1F
CHEMBL465161,,,,,,,,3.8,,,,,C[C@@H]1C(=O)O[C@H]2C[C@@]34[C@H]5C[C@@H](C(C)(C)C)[C@]36[C@@H](OC(=O)[C@@H]6O)O[C@@]4(C(=O)O5)[C@]21O
CHEMBL465305,,,,,,,,,150.0,539.9999999999999,67.5,,CC(=O)c1ccc(N2CCN(S(=O)(=O)C[C@]34CC[C@H](CC3=O)C4(C)C)CC2)nc1
CHEMBL465449,,,4.6,,,,,,,,,,C[C@H](NC(=O)C(=O)NCc1c(Cl)cccc1Cl)C(=O)N[C@@H](CC(=O)O)C(=O)COc1c(F)c(F)cc(F)c1F
CHEMBL465450,,,2.6,,,,,,,,,,C[C@H](NC(=O)C(=O)NCc1cc(Cl)cc(Cl)c1)C(=O)N[C@@H](CC(=O)O)C(=O)COc1c(F)c(F)cc(F)c1F
CHEMBL465473,,,3.7,,,,,,,,,,C[C@H](NC(=O)C(=O)NCC1(c2ccccc2)CC1)C(=O)N[C@@H](CC(=O)O)C(=O)COc1c(F)c(F)cc(F)c1F
CHEMBL465933,,,3.1,,,,,,,,,,C[C@H](NC(=O)C(=O)NCc1cccc(Cl)c1Cl)C(=O)N[C@@H](CC(=O)O)C(=O)COc1c(F)c(F)cc(F)c1F
CHEMBL465957,,,4.5,,,,,,,,,,O=C(Nc1nc(-c2cccc(C(F)(F)F)c2F)cs1)c1ccc(N2CCC(C(=O)O)C2)nc1
CHEMBL466318,,,0.0,,,,,,,,,,CC(C)c1onc(-c2ccc(S(C)(=O)=O)cc2Cl)c1COc1ccc(/C=C/c2cccc(C(=O)O)c2)c(Cl)c1
CHEMBL466323,,,0.19,,,,,,,,,,Cc1cc(OCc2c(-c3c(Cl)cncc3Cl)noc2C(C)C)ccc1-c1ccc2c(C(=O)O)cn(C)c2c1
CHEMBL466408,,,4.3,,,,,,,,,,Cc1ccc(C)c(CCNC(=O)C(=O)N[C@@H](C)C(=O)N[C@@H](CC(=O)O)C(=O)COc2c(F)c(F)cc(F)c2F)c1
CHEMBL466523,,,587.0,,,,,,,,,,Cc1cc(OCc2c(-c3c(Cl)c[n+]([O-])cc3Cl)noc2C(C)C)ccc1-c1ccc2c(C(=O)O)cn(C)c2c1
CHEMBL466547,,,15.0,,,,,,,,,,CC(C)c1nc(N(C)c2nnnn2C)nc(-c2ccc(F)cc2)c1/C=C/[C@@H](O)C[C@@H](O)CC(=O)[O-].[Na+]
CHEMBL466658,,,15.0,,,,,,,,,,C[C@H](N)C(=O)NCc1cccc(-n2nc(C(F)(F)F)cc2C(=O)NCc2ccccc2)c1
CHEMBL466887,,,0.7,,,,,,,,,,COc1ccc(Cl)c(-c2noc(C(C)C)c2COc2ccc(-c3ccc4c(C(=O)O)cn(C)c4c3)c(C)c2)n1
CHEMBL467,,,,,,,,3.4,,,,,NC(=O)NO
CHEMBL467069,,,0.28,,,,,,,,,,Cc1c(Nc2c(C#N)cncc2-c2ccc(OCCN3CCN(C)CC3)cc2)ccc2[nH]ccc12
CHEMBL467114,,,350.45,,,,,,,,,,O=C([O-])c1cccc(Cc2cc(Cl)ccc2OCc2ccc(Cl)cc2F)n1.[Na+]
CHEMBL46740,,,,26.63,89.99993667915257,,,,38.02,136.872,38.87525562372189,,Cc1c(-c2ccc(O)cc2)n(Cc2ccc(OCCN3CCCCCC3)cc2)c2ccc(O)cc12
CHEMBL467840,,,2.85,,,,,,,,,,CC(=O)N[C@@H](Cc1c[nH]c2ccccc12)C(=O)N(C)[C@@H](Cc1ccccc1)C(=O)N(C)[C@@H](Cc1ccccc1)C(=O)N(C)[C@@H](Cc1ccccc1)C(N)=O
CHEMBL467916,,,37.5,,,,,,,,,,N#Cc1ccccc1C1Cc2nccn2C1
CHEMBL468,,,,,,,,4.7,,,,,O=C1CCC(N2C(=O)c3ccccc3C2=O)C(=O)N1
CHEMBL468297,,,,,,,0.0456999999999999,,,,,,c1ccc(-c2nnc3ccc(NC4CC4)nn23)cc1
CHEMBL468927,,,267.0,,,,,,,,,,C[C@H](N)C(=O)NCc1cccc(-n2nc(C(F)(F)F)cc2-c2nnc(-c3cccc4ncsc34)o2)c1
CHEMBL469,,,,,,,,5.1,,,,,O=C(c1ccccc1)c1ccc2n1CCC2C(=O)O
CHEMBL469115,,,6.2,,,,,,,,,,Cc1ccc(CCNC(=O)C(=O)N[C@@H](C)C(=O)N[C@@H](CC(=O)O)C(=O)COc2c(F)c(F)cc(F)c2F)cc1C
CHEMBL469135,,,0.09,,,,,,,,,,CC(C)c1onc(-c2c(Cl)cncc2Cl)c1COc1ccc(/C=C/c2cccc(C(=O)O)c2)c(Cl)c1
CHEMBL469727,,,,34.5,89.99995652176014,,,,76.0,273.6,54.285714285714285,,COCc1ccoc1C(=O)N(c1ccc(OC)cc1OC)C(C(=O)NC[C@@H](C)O)c1ccccc1F
CHEMBL469728,,,,59.0,89.99997457627836,,,,145.0,522.0,66.92307692307692,,COc1ccc(N(C(=O)c2occc2Cl)C(C(=O)NC[C@@H](C)O)c2ccccc2F)c(OC)c1
CHEMBL470591,,,,,,,0.005,,,,,,CNC(=O)c1cc(Oc2ccc3c(c2)nc(Nc2ccc(C(F)(F)F)cc2)n3C)ccn1
CHEMBL47072,,,,,,,,2.3,,,,,CCC(=O)C1(c2cccc(O)c2)CCN(C)CC1
CHEMBL471,,,,,,,,6.3,,,,,CC(C)NCC(O)c1ccc(NS(C)(=O)=O)cc1
CHEMBL471412,,,,150.0,89.9999900000011,,0.0032999999999999,,150.0,539.9999999999999,67.5,,COc1ccc(N(C(=O)c2ccccc2)C(C(=O)NC2CCCC2)c2ccccc2F)c(OC)c1
CHEMBL472,,,,14.45,89.99989619389136,,0.0012,2.2,22.0,79.19999999999999,27.5,,COc1ccc(Cl)cc1C(=O)NCCc1ccc(S(=O)(=O)NC(=O)NC2CCCCC2)cc1
CHEMBL472363,,,,,,,0.0071999999999999,,,,,,O=C(COc1cccc(Cl)c1)NC1CCN(Cc2ccn(-c3ccc(C(F)(F)F)cc3)c2)CC1
CHEMBL472455,,,,150.0,89.9999900000011,,,,150.0,539.9999999999999,67.5,,COc1ccc(N(C(=O)c2ccco2)C(C(=O)NC2CCCC2)c2ccccc2F)c(OC)c1
CHEMBL472524,,,,,,,0.0179,,,,,,CCNC(=O)Nc1nc2cc(-c3cccnc3)ccc2[nH]1
CHEMBL472658,,,,150.0,89.9999900000011,,,,,,,,O=C(c1ccc(O)cc1O)N1CCCC1
CHEMBL472828,,,1.6,,,,,,,,,,Cc1ccccc1CCNC(=O)C(=O)N[C@@H](C)C(=O)N[C@@H](CC(=O)O)C(=O)COc1c(F)c(F)cc(F)c1F
CHEMBL47298,,,,,,,0.5173,,,,,,CCN(CC)CCOc1ccc2c(c1)C(=O)c1cc(OCCN(CC)CC)ccc1-2
CHEMBL473,,,,8.93,89.9997828398318,,0.3390000000000001,8.1,,,,,CN(CCOc1ccc(NS(C)(=O)=O)cc1)CCc1ccc(NS(C)(=O)=O)cc1
CHEMBL473032,,,1.7,,,,,,,,,,Cc1cccc(CCNC(=O)C(=O)N[C@@H](C)C(=O)N[C@@H](CC(=O)O)C(=O)COc2c(F)c(F)cc(F)c2F)c1
CHEMBL473033,,,7.4,,,,,,,,,,Cc1ccc(CCNC(=O)C(=O)N[C@@H](C)C(=O)N[C@@H](CC(=O)O)C(=O)COc2c(F)c(F)cc(F)c2F)c(C)c1
CHEMBL473384,,,22.0,,,,,,,,,,CC1(C)Oc2ncnc(N)c2N=C1c1ccc(C23CCC(CC(=O)O)(CC2)CC3)cc1
CHEMBL473622,,,,,,,0.0251,,,,,,COc1cncc(NC(=O)c2cc(NC(=O)c3cccc(C(C)(C)C#N)c3)ccc2C)c1
CHEMBL473807,,,0.1,,,,,,,,,,CC(C)(C)c1ccc(-c2nc3c(N4CCN(Cc5cnc6[nH]c(=O)c(=O)[nH]c6c5)CC4)cccc3[nH]2)cc1
CHEMBL474055,,,0.668,,,,,,,,,,Nc1ncnc2c1ncn2[C@@H]1O[C@H](COC(=O)[C@@H](N)Cc2ccccc2)[C@@H](O)[C@@H]1O
CHEMBL474056,,,4.0,,,,,,,,,,Cc1ccc(CNC(=O)C(=O)N[C@@H](C)C(=O)N[C@@H](CC(=O)O)C(=O)COc2c(F)c(F)cc(F)c2F)c(C)c1
CHEMBL4740983,,,,,,0.35,,,,,,,CC(C)c1nc2cnc(-c3ccc(F)c(C(F)(F)F)c3)cn2c1-c1ccc2[nH]ncc2c1
CHEMBL4742068,,,,,,0.375,,,,,,,CC(C)c1nn2cnc(-c3ccc(F)c(C(F)(F)F)c3)cc2c1-c1ccc2[nH]ncc2c1F
CHEMBL4743467,,,,,,0.578,,,,,,,Oc1cc(F)c(-c2cnc3cnc(-c4cccc(C(F)(F)F)c4)cn23)c(F)c1
CHEMBL4744740,,,,,,5.16,,,,,,,Cc1nc2cnc(-c3cccc(C(F)(F)F)c3)cn2c1-c1c(F)cc(O)cc1F
CHEMBL474484,,,2.0,,,,,,,,,,CC(C)CNc1nc(C#N)nc(N2CCNCC2)c1N
CHEMBL4745081,,,,,,0.241,,,,,,,CCc1nc2cnc(-c3ccc(F)c(C(F)(F)F)c3)cn2c1-c1ccc2[nH]ncc2c1F
CHEMBL474579,,,,,,,,4.5,,,,,CO[C@@]1(NC(=O)C2SC(=C(C(N)=O)C(=O)O)S2)C(=O)N2C(C(=O)O)=C(CSc3nnnn3C)CS[C@@H]21
CHEMBL4745965,,,,,,10.6,,,,,,,Oc1ccc(-c2cnc3cnc(C4=COCCC4)cn23)cc1
CHEMBL4746624,,,,,,4.75,,,,,,,COc1ccc(-c2c(C(C)C)nc3cnc(-c4cccc(C(F)(F)F)c4)cn23)cc1O
CHEMBL4747246,,,,,,9.5,,,,,,,Oc1ccc(-c2cnn3ccc(-c4cccc(C(F)(F)F)c4)cc23)c(F)c1
CHEMBL4747424,,,,,,0.133,,,,,,,Fc1ccc(-c2cn3c(-c4ccc5[nH]ncc5c4F)c(C(F)(F)F)nc3cn2)cc1C(F)(F)F
CHEMBL4748653,,,,,,10.4,,,,,,,COc1ccc(-c2c(C(C)C)nc3cnc(-c4ccnc(N(C)C)c4)cn23)cc1O
CHEMBL4749880,,,,,,0.213,,,,,,,Fc1ccc(-c2cn3c(-c4ccc5[nH]ncc5c4F)c(C(F)(F)F)nc3cn2)cc1C(F)(F)C(F)(F)F
CHEMBL474991,,,0.23,,,,,,,,,,CC(C)(C)c1ccc(-c2nc3c(N4CCN(Cc5ccc6nccnc6c5)CC4)cccc3[nH]2)cc1
CHEMBL474992,,,0.4,,,,,,,,,,CC(C)(C)c1ccc(-c2nc3c(N4CCN(Cc5ccc6ncccc6c5)CC4)cccc3[nH]2)cc1
CHEMBL475035,,,0.601,,,,,,,,,,CC(C)[C@@H](N)C(=O)OC[C@H]1O[C@@H](n2cnc3c(N)ncnc32)[C@@H](O)[C@@H]1O
CHEMBL4750431,,,,,,0.206,,,,,,,Fc1ccc(-c2cn3c(-c4ccc5[nH]ncc5c4F)c(C4CC4)nc3cn2)cc1C(F)(F)F
CHEMBL4750741,,,,,,0.549,,,,,,,CC(C)c1nc2cnc(-c3cccc(C(F)(F)F)c3)cn2c1-c1ccc2[nH]ncc2c1F
CHEMBL4750891,,,,,,0.956,,,,,,,CC1(c2nc3cnc(-c4ccc(F)c(C(F)(F)F)c4)cn3c2-c2c(F)cc(O)cc2F)CC1
CHEMBL4751019,,,,,,1.08,,,,,,,CCc1nc2cnc(-c3ccc(F)c(C(F)(F)F)c3)cn2c1-c1c(F)cc(O)cc1F
CHEMBL4751459,,,,,,2.91,,,,,,,Cc1nc2cnc(-c3ccc(F)c(C(F)(F)F)c3)cn2c1-c1ccc(O)cc1F
CHEMBL4751691,,,,,,0.258,,,,,,,Cc1c(-c2c(C(F)(F)F)nc3cnc(-c4ccc(F)c(C(F)(F)F)c4)cn23)ccc2[nH]ncc12
CHEMBL4752925,,,,,,0.901,,,,,,,CC(C)c1cc(-c2cn3c(-c4ccc5[nH]ncc5c4F)c(C(C)C)nc3cn2)ccc1F
CHEMBL475534,,,,75.0,89.99998000000444,,0.009,8.2,85.0,306.0,56.66666666666666,,CCOC(=O)C1=C(C)NC(C)=C(C(=O)OC)C1c1cccc([N+](=O)[O-])c1
CHEMBL4755363,,,,,,2.47,,,,,,,Oc1ccc(-c2c(C(F)(F)F)nc3cnc(-c4cccc(C(F)(F)F)c4)cn23)c(F)c1
CHEMBL4755643,,,,,,0.263,,,,,,,CC(C)c1nc2cnc(-c3ccc(F)c(C(F)(F)F)c3)cn2c1-c1ccc2[nH]ncc2c1F
CHEMBL4755956,,,,,,2.57,,,,,,,CC(C)c1nn2cnc(-c3cccc(C(F)(F)F)c3)cc2c1-c1c(F)cc(O)cc1F
CHEMBL475650,,,0.05,,,,,,,,,,CC(C)(C)c1ccc(-c2nc3c(N4CCN(Cc5ccc6c(c5)NCC(=O)N6)CC4)cccc3[nH]2)cc1
CHEMBL475660,,,1.5,,,,,,,,,,CC(C)(C)c1ccc(-c2nc3c(N4CCN(Cc5ccc6cccnc6c5)CC4)cccc3[nH]2)cc1
CHEMBL475689,,,134.0,,,,,,,,,,CC(=O)c1cccc([C@@H](O)[C@H](O)[C@H](O)CO)n1
CHEMBL4757098,,,,,,1.53,,,,,,,Fc1ccc(-c2cn3c(-c4ccc5[nH]ncc5c4F)c(C(F)(F)F)nc3cn2)cc1CC(F)(F)F
CHEMBL4757105,,,,,,3.53,,,,,,,COc1ccc(-c2c(C(C)C)nc3cnc(-c4ccc(F)c(C(F)(F)F)c4)cn23)cc1O
CHEMBL4757884,,,,,,8.4,,,,,,,Cc1noc(C)c1-c1cn2c(-c3ccc(O)cc3)cnc2cn1
CHEMBL475799,,,,,,,0.0390999999999999,,,,,,Cc1ccc(NC(=O)c2cccc(C(C)(C)C#N)c2)cc1C(=O)Nc1cnc(N)c(Cl)c1
CHEMBL4758053,,,,,,10.1,,,,,,,Oc1ccc(-c2cnc3cnc(-c4cccc(C(F)(F)F)c4)cn23)c(F)c1
CHEMBL4758070,,,,,,1.88,,,,,,,CC(C)c1cc(-c2cn3c(-c4ccc5[nH]ncc5c4F)c(C(F)(F)F)nc3cn2)ccc1F
CHEMBL475865,,,,,,,0.0119,,,,,,Cc1ccc(NC(=O)c2ccc(Cl)c(C(F)(F)F)c2)cc1C(=O)Nc1cccnc1
CHEMBL4759099,,,,,,0.194,,,,,,,Fc1ccc(-c2cn3c(-c4ccc5[nH]ncc5c4F)c(C(F)(F)F)nc3cn2)cc1OC(F)(F)F
CHEMBL4759569,,,,,,0.0856,,,,,,,Fc1c(-c2c(C(F)(F)F)nc3cnc(-c4cccc(C(F)(F)C(F)(F)F)c4)cn23)ccc2[nH]ncc12
CHEMBL476,,,,,,,,6.2,,,,,CN(C)/N=N/c1[nH]cnc1C(N)=O
CHEMBL4761377,,,,,,0.135,,,,,,,Oc1cc(F)c(-c2c(C3CC3)nc3cnc(-c4ccc(F)c(C(F)(F)F)c4)cn23)c(F)c1
CHEMBL4762116,,,,,,0.185,,,,,,,Fc1ccc(-c2cn3c(-c4ccc5[nH]ncc5c4)c(C(F)(F)F)nc3cn2)cc1C(F)(F)F
CHEMBL4763712,,,,,,3.26,,,,,,,COc1ccc(-c2c(C(F)(F)F)nc3cnc(-c4cccc(C(F)(F)C(F)(F)F)c4)cn23)cc1O
CHEMBL4764061,,,,,,0.474,,,,,,,Oc1cc(F)c(-c2c(C3CCC3)nc3cnc(-c4ccc(F)c(C(F)(F)F)c4)cn23)c(F)c1
CHEMBL4764170,,,,,,9.48,,,,,,,COc1ccc(-c2c(C)nc3ccc(-c4cccc(C(F)(F)F)c4)cn23)cc1O
CHEMBL4764292,,,,,,4.14,,,,,,,CC(C)c1nc2cnc(-c3cccc(C(F)(F)F)c3)cn2c1-c1ccc(OP(=O)(O)O)cc1F
CHEMBL4764900,,,,,,1.89,,,,,,,Fc1ccc(-c2cn3c(-c4ccc5[nH]ncc5c4F)c(C(F)(F)F)nc3cn2)cc1C1CC1
CHEMBL4765012,,,,,,4.52,,,,,,,Cc1nc2cnc(-c3ccc(F)c(C(F)(F)F)c3)cn2c1-c1c(F)cc(OP(=O)(O)O)cc1F
CHEMBL476954,,,23.5,,,,,,,,,,CC(C)C(=O)N(Cc1cccc(Cl)c1Cl)[C@H]1CCNC1
CHEMBL477,,,,3.0,89.99950000277776,,,,,,,,Nc1ncnc2c1ncn2[C@@H]1O[C@H](CO)[C@@H](O)[C@H]1O
CHEMBL477374,,,16.5,,,,,,,,,,CC(C)C(=O)N(Cc1ccc(Cl)c(Cl)c1Cl)[C@H]1CCNC1
CHEMBL477548,,,,,,,0.0251,,,,,,CC(C)Cc1c(C(=O)C(N)=O)c2c(OCC(=O)NS(C)(=O)=O)cccc2n1Cc1ccccc1
CHEMBL4779352,,,,,,0.345,,,,,,,CC(C)c1nc2cnc(-c3ccc(F)c(S(F)(F)(F)(F)F)c3)cn2c1-c1ccc2[nH]ncc2c1F
CHEMBL478,,,,,,,,4.7,,,,,Clc1cccc(N2CCNCC2)c1
CHEMBL4781298,,,,,,3.49,,,,,,,CCc1nc2cnc(-c3cccc(C(F)(F)F)c3)cn2c1-c1ccc(O)cc1F
CHEMBL4782059,,,,,,11.7,,,,,,,COc1ccc(-c2c(C)nn3cnc(-c4cccc(C(F)(F)F)c4)cc23)cc1O
CHEMBL4783028,,,,,,1.16,,,,,,,Fc1c(-c2c(C(F)(F)F)nc3cnc(-c4cccc(OC(F)(F)F)c4)cn23)ccc2[nH]ncc12
CHEMBL4784780,,,,,,1.08,,,,,,,CC(C)c1nc2cnc(-c3ccc(F)c(C(F)(F)F)c3)cn2c1-c1c(F)cc(O)cc1F
CHEMBL4785344,,,,,,1.4,,,,,,,CC(C)c1nc2cnc(-c3ccc(F)c(C(F)(F)F)c3)nc2n1-c1c(F)cc(O)cc1F
CHEMBL4787321,,,,,,1.47,,,,,,,CC(C)Oc1cc(-c2cn3c(-c4ccc5[nH]ncc5c4F)c(C(F)(F)F)nc3cn2)ccc1F
CHEMBL4788935,,,,,,1.51,,,,,,,CC(C)c1nn2cnc(-c3ccc(F)c(C(F)(F)F)c3)cc2c1-c1c(F)cc(O)cc1F
CHEMBL4789183,,,,,,1.02,,,,,,,COc1cc(-c2c(C(C)C)nc3cnc(-c4cccc(C(F)(F)F)c4)cn23)cc2cn[nH]c12
CHEMBL4789333,,,,,,2.17,,,,,,,CC(C)c1nc2cnc(-c3cccc(S(F)(F)(F)(F)F)c3)cn2c1-c1c(F)cc(O)cc1F
CHEMBL4789829,,,,,,0.94,,,,,,,CC(C)c1cc(-c2cn3c(-c4ccc5[nH]ncc5c4F)c(C4CC4)nc3cn2)ccc1F
CHEMBL479,,,,114.0,89.99998684210719,,0.0037,,50.0,180.0,45.0,,CSc1ccc2c(c1)N(CCC1CCCCN1C)c1ccccc1S2
CHEMBL4790973,,,,,,3.51,,,,,,,CCc1nn2cnc(-c3ccc(F)c(C(F)(F)F)c3)cc2c1-c1c(F)cc(O)cc1F
CHEMBL479383,,,,,,,0.0383,,,,,,O=C(CO)NC1CCN(Cc2ccc(Oc3nc4ccccc4s3)cc2)CC1
CHEMBL479410,,,29.0,,,,,,,,,,CN(C)Cc1cc(NS(C)(=O)=O)ccc1Oc1ccc(C(F)(F)F)cc1
CHEMBL479411,,,21.5,,,,,,,,,,CNCc1cc(NS(C)(=O)=O)ccc1Sc1ccc(SC)cc1
CHEMBL479441,,,,,,,0.4540999999999999,,,,,,COCCOc1cc2ncc(C(N)=O)c(Nc3ccc(F)cc3F)c2cc1N1CCN(C)CC1
CHEMBL479445,,,,,,,0.4427,,,,,,COc1cc2ncc(C(N)=O)c(Nc3ccc(F)cc3F)c2cc1NCCN(C)C
CHEMBL479446,,,,,,,0.0784,,,,,,COc1cc2ncc(C(N)=O)c(Nc3ccc(F)cc3F)c2cc1NCCN1CCOCC1
CHEMBL479447,,,,,,,0.4427,,,,,,COc1cc2c(Nc3ccc(F)cc3F)c(C(N)=O)cnc2cc1NCCN(C)C
CHEMBL479621,,,0.3,,,,,,,,,,C[C@H](NC(=O)C(=O)NCc1ccccc1F)C(=O)N[C@@H](CC(=O)O)C(=O)COc1c(F)c(F)cc(F)c1F
CHEMBL4797125,,,,,,1.57,,,,,,,Cc1nc2cnc(-c3cccc(C(F)(F)C(F)(F)F)c3)cn2c1-c1c(F)cc(O)cc1F
CHEMBL4797622,,,,,,2.14,,,,,,,Fc1ccc(-c2cn3c(-c4ccc5[nH]ncc5c4F)c(C(F)(F)F)nc3cn2)cc1C1CCC1
CHEMBL4798002,,,,,,9.16,,,,,,,CC(C)c1nc2cnc(-c3ccc(F)c(C(F)(F)F)c3)cn2c1-c1c(F)cc(OP(=O)(O)O)cc1F
CHEMBL4798182,,,,,,20.7,,,,,,,COc1ccc(-c2c(C(C)C)nc3cnc(-c4cccc(C(F)(F)F)c4)cn23)cc1OP(=O)(O)O
CHEMBL479835,,,1.04,,,,,,,,,,COc1ccc(CN(C)C)c(-c2cc3c(Nc4ccc5[nH]ccc5c4C)c(C#N)cnc3s2)c1
CHEMBL479840,,,,,,,0.0182999999999999,,,,,,CCOc1cc2ncc(C(N)=O)c(Nc3cccc(Cl)c3Cl)c2cc1N1CCN(CC)CC1
CHEMBL479848,,,,,,,0.0736,,,,,,CCOc1cc2ncc(C(N)=O)c(Nc3cc(F)ccc3F)c2cc1N1CCN(C)CC1
CHEMBL4798797,,,,,,6.46,,,,,,,COc1ccc(-c2c(C3CC3)nc3cnc(-c4cccc(C(F)(F)F)c4)cn23)cc1O
CHEMBL4799333,,,,,,0.613,,,,,,,Cc1nc2cnc(-c3ccc(F)c(C(F)(F)F)c3)cn2c1-c1c(F)cc(O)cc1F
CHEMBL4799745,,,,,,0.229,,,,,,,CCc1nc2cnc(-c3ccc(F)c(C(F)(F)C(F)(F)F)c3)cn2c1-c1c(F)cc(O)cc1F
CHEMBL479999,,,42.0,,,,,,,,,,CN(C)Cc1cc(C(N)=O)ccc1Cc1ccc(Cl)c(Cl)c1
CHEMBL480,,,,,,,0.0159999999999999,1.0,,,,,Cc1c(OCC(F)(F)F)ccnc1C[S+]([O-])c1nc2ccccc2[nH]1
CHEMBL480016,,,352.0,,,,,,,,,,C[C@H]1CN(S(=O)(=O)C[C@]23CC[C@H](CC2=O)C3(C)C)CCN1c1ncc(C(F)(F)F)cc1F
CHEMBL480027,,,,,,,0.0487999999999999,,,,,,CC(C)Oc1cc2ncc(C(N)=O)c(Nc3cccc(Cl)c3F)c2cc1N1CCN(C)CC1
CHEMBL480031,,,,,,,0.0145999999999999,,,,,,CCOc1cc2ncc(C(N)=O)c(Nc3cccc(Cl)c3Cl)c2cc1N1CCN(C(C)C)CC1
CHEMBL480032,,,,,,,0.0162999999999999,,,,,,CCOc1cc2ncc(C(N)=O)c(Nc3cccc(Cl)c3Cl)c2cc1N1CCCN(C)CC1
CHEMBL480057,,,,,,,0.0080999999999999,,,,,,COc1cc2ncc(C(N)=O)c(Nc3ccccc3C)c2cc1OC
CHEMBL480208,,,,150.0,89.9999900000011,,,,103.0,370.8,60.58823529411764,,CC1(C)[C@@H]2CC[C@@]1(CS(=O)(=O)N1CCN(c3ccc(C#N)cn3)CC1)C(=O)C2
CHEMBL480221,,,,,,,0.1029999999999999,,,,,,COCCOc1cc2ncc(C(N)=O)c(Nc3cccc(Cl)c3Cl)c2cc1N1CCN(C)CC1
CHEMBL480250,,,,,,,0.0446999999999999,,,,,,COc1cc2ncc(C(N)=O)c(Nc3cccc(Cl)c3Cl)c2cc1N1CCN(C)CC1
CHEMBL480401,,,1.2,,,,,,,,,,Cc1cccc(CNC(=O)C(=O)N[C@@H](C)C(=O)N[C@@H](CC(=O)O)C(=O)COc2c(F)c(F)cc(F)c2F)c1
CHEMBL480402,,,1.1,,,,,,,,,,Cc1ccc(CNC(=O)C(=O)N[C@@H](C)C(=O)N[C@@H](CC(=O)O)C(=O)COc2c(F)c(F)cc(F)c2F)cc1
CHEMBL480445,,,,,,,0.2531,,,,,,COc1cc2ncc(C(N)=O)c(Nc3ccc(F)cc3F)c2cc1N1CCN(C)CC1
CHEMBL480456,,,,,,,0.0581,,,,,,CN1CCN(c2ccc3ncc(C(N)=O)c(Nc4ccc(Cl)c(Cl)c4)c3c2)CC1
CHEMBL480457,,,,,,,0.0456999999999999,,,,,,CN1CCN(c2ccc3ncc(C(N)=O)c(Nc4cccc(Cl)c4Cl)c3c2)CC1
CHEMBL480558,,,12.5,,,,0.0784,,,,,,CCC(CC)[C@@H](CO)NS(=O)(=O)c1ccc(Cl)s1
CHEMBL480601,,,,,,,,,75.0,269.99999999999994,54.0,,CC1(C)[C@@H]2CC[C@@]1(CS(=O)(=O)NC1CCN(c3ccc(C(F)(F)F)cn3)CC1)C(=O)C2
CHEMBL480789,,,318.0,,,,,,,,,,CNCc1ccc(NC(=O)c2cc(C)n(Cc3cc(Cl)ccc3OCc3ccccc3)n2)cc1.Cl
CHEMBL480813,,,,,,,0.0059999999999998,,,,,,COc1cc2c(Nc3cccc(Cl)c3Cl)c(C(N)=O)cnc2cc1NCCN1CCCCC1
CHEMBL480814,,,,,,,0.0418,,,,,,CCOc1cc2ncc(C(N)=O)c(Nc3cccc(Cl)c3Cl)c2cc1NCCN(C)C
CHEMBL480822,,,,,,,0.0968000000000001,,,,,,CCOc1cc2ncc(C(N)=O)c(Nc3cccc(Cl)c3Cl)c2cc1N1CCN(C(C)=O)CC1
CHEMBL480825,,,,,,,0.0544,,,,,,COc1cc2ncc(C(N)=O)c(Nc3cc(F)ccc3F)c2cc1OC
CHEMBL480830,,,,,,,0.1423000000000001,,,,,,CCOc1cc2ncc(C(N)=O)c(Nc3ccc(F)cc3F)c2cc1N1CCN(C(C)C)CC1
CHEMBL480924,,,,,,,0.0219,,,,,,CCOc1cc2ncc(C(N)=O)c(Nc3ccc(F)cc3F)c2cc1N1CCCN(C2CC2)CC1
CHEMBL480989,,,1.3,,,,,,,,,,Cc1ccccc1CNC(=O)C(=O)N[C@@H](C)C(=O)N[C@@H](CC(=O)O)C(=O)COc1c(F)c(F)cc(F)c1F
CHEMBL481,,,,3.0,89.99950000277776,,0.4201,9.0,13.49,48.564,19.12269648763585,,CCc1c2c(nc3ccc(OC(=O)N4CCC(N5CCCCC5)CC4)cc13)-c1cc3c(c(=O)n1C2)COC(=O)[C@]3(O)CC
CHEMBL481196,,,560.0,,,,,,,,,,CC1(C)[C@@H]2CC[C@@]1(CS(=O)(=O)N1CCN(c3ncc(C(F)(F)F)cc3F)[C@H](CO)C1)C(=O)C2
CHEMBL481205,,,,,,,0.1509999999999999,,,,,,COCCOc1cc2ncc(C(N)=O)c(Nc3ccc(C)cc3F)c2cc1N1CCN(C)CC1
CHEMBL481206,,,,,,,0.1631999999999999,,,,,,COCCOc1cc2ncc(C(N)=O)c(Nc3cc(C)ccc3F)c2cc1N1CCN(C)CC1
CHEMBL481212,,,,,,,0.0605999999999999,,,,,,CCOc1cc2ncc(C(N)=O)c(Nc3cc(C)ccc3F)c2cc1N1CCN(C)CC1
CHEMBL481220,,,,,,,0.0170999999999998,,,,,,CC(C)Oc1cc2ncc(C(N)=O)c(Nc3ccc(F)cc3F)c2cc1N1CCN(C)CC1
CHEMBL481223,,,,,,,0.0320999999999999,,,,,,COc1cc2ncc(C(N)=O)c(Nc3ccc(Cl)cc3Cl)c2cc1N1CCN(C)CC1
CHEMBL481230,,,,12.59,89.9998808579814,,0.3288,,27.54,99.144,31.96543719370647,,COc1cc2c(Nc3ccc(F)c(Cl)c3)c(C(N)=O)cnc2cc1OCCN(C)CCO
CHEMBL481306,,,33.5,,,,,,,,,,CNCc1cc(S(N)(=O)=O)ccc1Cc1ccc(Cl)c(Cl)c1
CHEMBL481322,,,38.0,,,,,,,,,,COCc1c(Cl)ccc2c1CC[C@H]2c1ncc[nH]1
CHEMBL481400,,,,,,,0.2574999999999999,,,,,,CN1CCN(c2ccc3ncc(C(N)=O)c(Nc4ccc(F)cc4F)c3c2)CC1
CHEMBL481401,,,,,,,0.0437,,,,,,CN1CCN(c2cc3c(Nc4cccc(Cl)c4Cl)c(C(N)=O)cnc3cc2F)CC1
CHEMBL481423,,,,,,,0.0357999999999999,,,,,,COc1cc2ncc(C(N)=O)c(Nc3ccc(Cl)c(Cl)c3)c2cc1N1CCN(C)CC1
CHEMBL481557,,,,,,,0.0836,,,,,,CCOc1cc2ncc(C(N)=O)c(Nc3ccc(F)cc3F)c2cc1N1CCOCC1
CHEMBL481564,,,,,,,0.0139,,,,,,CCOc1cc2ncc(C(N)=O)c(Nc3ccc(F)cc3F)c2cc1N1CCN(C2CC2)CC1
CHEMBL481572,,,,,,,0.0343000000000001,,,,,,CCOc1cc2ncc(C(N)=O)c(Nc3ccc(F)c(Cl)c3)c2cc1N1CCN(C)CC1
CHEMBL481595,,,,,,,0.0209,,,,,,COc1cc2ncc(C(N)=O)c(Nc3cccc(Cl)c3Cl)c2cc1NCCN1CCCCC1
CHEMBL481596,,,,,,,0.2445,,,,,,CN1CCN(c2cc3c(Nc4ccc(F)cc4F)c(C(N)=O)cnc3cc2F)CC1
CHEMBL481605,,,,,,,0.0476999999999999,,,,,,CCOc1cc2ncc(C(N)=O)c(Nc3cccc(Cl)c3Cl)c2cc1N1CCN(CCO)CC1
CHEMBL481606,,,,,,,0.0170999999999998,,,,,,CCOc1cc2ncc(C(N)=O)c(Nc3cccc(Cl)c3Cl)c2cc1N1CCN(CCOC)CC1
CHEMBL481611,,,,,,,0.0605999999999999,,,,,,CC(C)(F)C[C@H](N[C@@H](c1ccc(-c2ccc(S(C)(=O)=O)cc2)cc1)C(F)(F)F)C(=O)NC1(C#N)CC1
CHEMBL481612,,,,,,,0.1631999999999999,,,,,,CCOc1cc2ncc(C(N)=O)c(Nc3cccc(Cl)c3Cl)c2cc1N1CCN(C(=O)CO)CC1
CHEMBL481689,,,360.0,,,,,,,,,,Cc1cc(NC(=O)c2ccc(CN3CCCC3)cc2)nn1Cc1cc(Cl)ccc1OCC(C)C.Cl
CHEMBL481695,,,27.0,,,,,,,,,,CN(C)Cc1cc(C(N)=O)ccc1Oc1ccc(OC(F)(F)F)cc1
CHEMBL481697,,,27.0,,,,,,,,,,CN(C)Cc1cc(CNS(C)(=O)=O)ccc1Oc1ccc(OC(F)(F)F)cc1
CHEMBL481717,,,,,,,0.089,,,,,,CCOc1cc2ncc(C(N)=O)c(Nc3ccc(F)cc3F)c2cc1N1CCC(O)CC1
CHEMBL481807,,,,,,,0.0456999999999999,,,,,,CCOc1cc2ncc(C(N)=O)c(Nc3ccc(F)cc3F)c2cc1N1CCN(CC)CC1
CHEMBL481870,,,521.0,,,,,,,,,,CCNCc1ccc(C(=O)Nc2cc(C)n(Cc3cc(Cl)ccc3OCC(C)C)n2)cc1.Cl
CHEMBL481905,,,,,,,0.0080999999999999,,,,,,CCOc1cc2ncc(C(N)=O)c(Nc3ccc(Cl)c(Cl)c3)c2cc1N1CCN(C)CC1
CHEMBL481975,,,0.3,,,,,,,,,,C[C@H](NC(=O)C(=O)NCc1cccc(F)c1)C(=O)N[C@@H](CC(=O)O)C(=O)COc1c(F)c(F)cc(F)c1F
CHEMBL481976,,,0.4,,,,,,,,,,C[C@H](NC(=O)C(=O)NCc1ccc(F)cc1)C(=O)N[C@@H](CC(=O)O)C(=O)COc1c(F)c(F)cc(F)c1F
CHEMBL482292,,,16.0,,,,,,,,,,CN(C)Cc1cc(S(N)(=O)=O)ccc1Cc1ccc(Cl)c(Cl)c1
CHEMBL482552,,,,,,,0.0009,,,,,,O=C(Nc1ccc(CN2CCNCC2)cc1-c1nc2ccccc2[nH]1)c1cnc2ccccc2n1
CHEMBL482562,,,1.6,,,,,,,,,,O=C(Nc1ccc2cnn(S(=O)(=O)c3cccc4ccccc34)c2c1)C1CCNCC1
CHEMBL483,,,,,,,,5.8,,,,,C[C@H](Cn1cnc2c(N)ncnc21)OCP(=O)(O)O
CHEMBL483058,,,198.0,,,,,,,,,,OC[C@@H](O)[C@@H](O)[C@H](O)c1c[nH]c(-c2cnccn2)n1
CHEMBL483201,,,4.5,,,,,,,,,,NS(=O)(=O)c1cccc(CCCCOCCCCCCNC[C@H](O)c2ccc(O)c(CO)c2)c1
CHEMBL48361,,,,,,,0.5288,,,,,,Cn1c(CNc2ccc(C(=N)N)cc2)nc2cc(C(=O)N(CCC(=O)O)c3ccccn3)ccc21
CHEMBL483879,,,0.0,,,,,,,,,,OC[C@@H](O)[C@@H](O)[C@H](O)c1c[nH]c(-c2cscn2)n1
CHEMBL483880,,,9.0,,,,,,,,,,OC[C@@H](O)[C@@H](O)[C@H](O)c1c[nH]c(-c2cocn2)n1
CHEMBL484,,,,,,,,1.6,,,,,Nc1ncnc2c1ncn2CCOCP(=O)(O)O
CHEMBL484077,,,10.0,,,,,,,,,,OC[C@@H](O)[C@@H](O)[C@H](O)c1c[nH]c(-c2nc[nH]n2)n1
CHEMBL484078,,,109.0,,,,,,,,,,OC[C@@H](O)[C@@H](O)[C@H](O)c1c[nH]c(-c2ncccn2)n1
CHEMBL484340,,,10.0,,,,,,,,,,CC(Oc1ccc(CN2C[C@@H](C)OC2=O)cc1)C1CCCCC1
CHEMBL484341,,,6.75,,,,,,,,,,C[C@H](CC(=O)O)Nc1nccc(-c2c[nH]nc2-c2ccc(Cl)cc2)n1
CHEMBL484345,,,4.3,,,,,,,,,,NCCC(=O)Nc1cccc2c1cnn2S(=O)(=O)c1cccc2ccccc12
CHEMBL484480,,,99.0,,,,,,,,,,CN(C)C(=O)c1nc([C@@H](O)[C@H](O)[C@H](O)CO)c[nH]1
CHEMBL484690,,,49.0,,,,,,,,,,Cc1scnc1-c1nc([C@@H](O)[C@H](O)[C@H](O)CO)c[nH]1
CHEMBL485,,,,,,,,4.0,,,,,COc1ccc2c3c1O[C@H]1[C@@H](O)C=C[C@H]4[C@@H](C2)N(C)CC[C@@]341
CHEMBL485108,,,31.1,,,,,,,,,,CC(=O)c1nc([C@@H](O)[C@H](O)[C@H](O)CO)c(-c2ccccc2)[nH]1
CHEMBL485328,,,15.35,,,,,,,,,,CC[C@H](C)CN1C(=O)c2ccccc2[C@@H](C(=O)O)[C@@H]1c1cc2ccccc2o1
CHEMBL485818,,,0.84225,,,,,,,,,,O=C(O)[C@H]1O[C@@H](Oc2cc3oc(-c4ccccc4)cc(=O)c3c(O)c2O)[C@H](O)[C@@H](O)[C@@H]1O
CHEMBL486162,,,154.0,,,,,,,,,,CC(=O)Nc1cc(-c2cccc(N3CCN(C)CC3)n2)nc(-n2nc(C)cc2C)n1
CHEMBL486698,,,19.8,,,,,,,,,,Cl.Nc1c2c(nc3cc(Cl)ccc13)CCCC2
CHEMBL486745,,,260.0,,,,,,,,,,COc1cccc(-c2cc(NC(C)=O)nc(-n3nc(C)cc3C)n2)c1F
CHEMBL487569,,,24.0,,,,,,,,,,COc1cc(OC)cc(-c2cc(NC(C)=O)nc(-n3nc(C)cc3C)n2)c1
CHEMBL488248,,,2.0,,,,,,,,,,Cn1c(-c2ccc(OCCCN3CCCC3)cc2)nc2ccccc2c1=O
CHEMBL488265,,,17.3,,,,,,,,,,COc1ccc(CNc2ncnc3c(CCO)c(OC)c(NC(C)=O)cc23)cc1Cl
CHEMBL488336,,,110.0,,,,,,,,,,CC(=O)c1nc([C@@H](O)[C@H](O)[C@H](O)CO)c[nH]1
CHEMBL488545,,,139.0,,,,,,,,,,CC(=O)c1ncc([C@@H](O)[C@H](O)[C@H](O)CO)s1
CHEMBL48880,,,,,,,,2.4,,,,,CNC(=O)c1cccc2c(Nc3ccc(NS(C)(=O)=O)cc3OC)c3cccc(C)c3nc12
CHEMBL488937,,,,,,,0.0498999999999999,,,,,,Cc1c(N)cccc1Cn1ccc(OCCc2cccs2)cc1=O
CHEMBL489058,,,0.45,,,,,,,,,,CCN1CCN(CC/C=C/c2ccc3c(Nc4ccc(Sc5nccn5C)c(Cl)c4)c(C#N)cnc3c2)CC1
CHEMBL48966,,,,,,,0.16,,,,,,c1ccc2[nH]c(CCc3nc4ccccc4[nH]3)nc2c1
CHEMBL49,,,,38.9,89.99996143960522,,0.2238,,116.0,417.6,62.89156626506024,,O=C1CC2(CCCC2)CC(=O)N1CCCCN1CCN(c2ncccn2)CC1
CHEMBL490,,,,,,,0.1008999999999999,13.0,,,,,Fc1ccc([C@@H]2CCNC[C@H]2COc2ccc3c(c2)OCO3)cc1
CHEMBL490121,,,72.75,,,,,,,,,,C[N+](C)=c1ccc2c(-c3ccccc3)c3cc4c5c(c3[se]c-2c1)CCCN5CCC4.F[P-](F)(F)(F)(F)F
CHEMBL490462,,,103.0,,,,,,,,,,CC(=O)c1nc([C@@H](O)[C@H](O)[C@H](O)C(=O)N(C)C)c[nH]1
CHEMBL490657,,,99.0,,,,,,,,,,CC(=O)c1nc([C@@H](O)[C@@H](O)[C@H](O)CO)c[nH]1
CHEMBL490868,,,4.7,,,,,,,,,,O[C@@H](CN1c2cccc(-c3cccc(OC(F)(F)F)c3)c2CC[C@@H]1c1cccc(OC(F)(F)F)c1)C(F)(F)F
CHEMBL490909,,,175.75,,,,,,,,,,COc1ccc(-c2c3ccc(=[N+](C)C)cc-3sc3cc(N(C)C)ccc23)cc1.F[P-](F)(F)(F)(F)F
CHEMBL491100,,,237.75,,,,,,,,,,COc1cccc(-c2c3ccc(=[N+](C)C)cc-3sc3cc(N(C)C)ccc23)c1.[Br-]
CHEMBL491113,,,129.25,,,,,,,,,,COc1ccc(-c2c3ccc(=[N+](C)C)cc-3[se]c3cc(N(C)C)ccc23)cc1OC.F[P-](F)(F)(F)(F)F
CHEMBL491358,,,9.4,,,,,,,,,,CCOC(=O)C1=C(C)Nc2nc3c(c(N)c2C1c1ccc(OC)c(OC)c1)CCCC3
CHEMBL491359,,,7.2,,,,,,,,,,CCOC(=O)C1=C(C)Nc2nc3c(c(N)c2C1c1cccnc1)CCCC3
CHEMBL491360,,,6.2,,,,,,,,,,CCOC(=O)C1=C(C)Nc2nc3c(c(N)c2C1c1ccncc1)CCCC3
CHEMBL491561,,,1.4,,,,,,,,,,CCOC(=O)C1=C(C)Nc2nc3c(c(N)c2C1c1ccccc1C(F)(F)F)CCCC3
CHEMBL491758,,,,,,,,,7.0,25.2,11.05263157894737,,Fc1cnc(Nc2ccccc2)nc1Nc1ccccc1
CHEMBL491928,,,72.25,,,,,,,,,,CN(C)c1ccc2c(-c3ccc(C(=O)O)s3)c3ccc(=[N+](C)C)cc-3[se]c2c1.F[P-](F)(F)(F)(F)F
CHEMBL491942,,,211.25,,,,,,,,,,COc1ccc(-c2c3ccc(=[N+](C)C)cc-3sc3cc(N(C)C)ccc23)cc1OC.F[P-](F)(F)(F)(F)F
CHEMBL492112,,,,,,,,,21.0,75.6,26.619718309859152,,O=C(CC12CC3CC(CC(C3)C1)C2)Nc1ccc2[nH]ncc2c1
CHEMBL492234,,,,150.0,89.9999900000011,,,,,,,,COC(=O)c1ccc(C)c(NS(=O)(=O)c2ccc3c(c2)c(=O)sn3C)c1
CHEMBL49247,,,,,,,0.0262,,,,,,c1ccc2c(c1)CC(N1CCN(c3cccc4c3OCCO4)CC1)C2
CHEMBL492602,,,11.575,,,,,,,,,,CN(C)c1ccc2c(-c3ccc(C(=S)N4CCCCC4)s3)c3ccc(=[N+](C)C)cc-3[se]c2c1.F[P-](F)(F)(F)(F)F
CHEMBL493279,,,12.5,,,,,,,,,,COc1ccc(-c2nsc(/C=[N+](\[O-])C(C)(C)C)n2)cc1
CHEMBL493677,,,,,,,0.0446999999999999,,,,,,CC(C)(C)CCN1CC[C@H](CNC(=O)c2cc(Cl)cc(Cl)c2)[C@H](F)C1
CHEMBL493937,,,2.87,,,,,,,,,,CN1CCCN(c2cncc(-c3cccc(/C=C/C(=O)O)c3)n2)CC1
CHEMBL494,,,,,,,,0.57,,,,,CC#CCC(C)[C@H](O)/C=C/[C@@H]1[C@H]2C/C(=C/CCCC(=O)O)C[C@H]2C[C@H]1O
CHEMBL494097,,,4.5,,,,,,,,,,CC(C)(C)c1cc(-c2nsc(/C=[N+](\[O-])C(C)(C)C)n2)cc(C(C)(C)C)c1O
CHEMBL494225,,,219.0,,,,,,,,,,O=C(C(=O)N1CCN(C(=O)c2ccccc2)CC1)c1c[nH]c2c(F)ccc(F)c12
CHEMBL494505,,,,,,,0.3706,,,,,,CCC(=O)N1CCN(C(=O)c2cc(Cc3n[nH]c(=O)c4ccccc34)ccc2F)CC1
CHEMBL495196,,,28.0,,,,,,,,,,CN(c1ccc(NC(=O)C(C)(O)C(F)(F)F)c(Cl)c1)S(=O)(=O)c1ccc(C#N)cc1
CHEMBL495383,,,,150.0,89.9999900000011,,0.0073999999999999,,10.0,36.0,15.0,,O=C(Nc1cccc(CCO)c1)c1cc2cc(Cl)ccc2[nH]1
CHEMBL495469,,,21.8,,,,,,,,,,CN(C)c1ccc2c(-c3ccc(C(=S)N4CCCCC4)s3)c3ccc(=[N+](C)C)cc-3sc2c1.F[P-](F)(F)(F)(F)F
CHEMBL495575,,,,,,,0.0751999999999999,,,,,,O=S(=O)(NC1CCNCC1)c1cc(S(=O)(=O)c2ccccc2)ccc1C(F)(F)F
CHEMBL495584,,,0.04,,,,,,,,,,N#Cc1cnc2c(Cl)cc(NCc3cn(CC(=O)O)nn3)cc2c1Nc1ccc(F)c(Cl)c1
CHEMBL495585,,,0.57,,,,,,,,,,N#Cc1cnc2c(Cl)cc(NCc3cn(CCC4CCCN4)nn3)cc2c1Nc1ccc(F)c(Cl)c1
CHEMBL495597,,,16.0,,,,,,,,,,CCN(CC)C(=O)Cc1cccc(NS(=O)(=O)c2cccc(Cl)c2C)n1
CHEMBL495617,,,0.48,,,,,,,,,,CCCN1CCC(n2cc(CNc3cc(Cl)c4ncc(C#N)c(Nc5ccc(F)c(Cl)c5)c4c3)nn2)CC1
CHEMBL495727,,,,3.0,89.99950000277776,,0.3339,,8.32,29.952,12.839506172839508,,O=C(Nc1c[nH]nc1-c1nc2ccc(CN3CCOCC3)cc2[nH]1)NC1CC1
CHEMBL495867,,,1.8,,,,,,,,,,N#Cc1cnc2c(Br)cc(NCc3cn(CC(=O)O)nn3)cc2c1Nc1ccc(F)c(Cl)c1
CHEMBL496110,,,3.3,,,,,,,,,,CC(=O)c1ccc(N2CCN(C(=O)c3cc(S(N)(=O)=O)ccc3N3CCOCC3)CC2)c(F)c1
CHEMBL496388,,,0.0,,,,,,,,,,N#Cc1cnc2c(Cl)cc(NCc3c[nH]nn3)cc2c1Nc1ccc(F)c(Cl)c1
CHEMBL496567,,,5.8,,,,,,,,,,CC(C)(C)c1cnc(CSc2cnc(N[C@H]3CC[C@H](N)CC3)s2)o1
CHEMBL496590,,,0.1,,,,,,,,,,CC(C)(C)n1cc(CNc2cc(Cl)c3ncc(C#N)c(Nc4ccc(F)c(Cl)c4)c3c2)nn1
CHEMBL496591,,,0.0,,,,,,,,,,N#Cc1cnc2c(Cl)cc(NCc3cn(-c4ccccc4)nn3)cc2c1Nc1ccc(F)c(Cl)c1
CHEMBL496818,,,41.0,,,,,,,,,,Cc1cccc(NS(=O)(=O)c2cccc(Cl)c2C)n1
CHEMBL496929,,,,63.1,89.99997622821547,,0.0139,,10.72,38.592,15.889328063241107,,O=C(Nc1ccc(CCO)cc1)c1cc2cc(Cl)ccc2[nH]1
CHEMBL497171,,,470.0,,,,,,,,,,CCCCNc1nccc2[nH]c3ccccc3c12
CHEMBL497766,,,6.1,,,,,,,,,,CC(=O)c1ccc(N2CCN(C(=O)c3cc(C#N)ccc3N3CCOCC3)CC2)c(F)c1
CHEMBL497853,,,7.9,,,,,,,,,,CC(=O)N(C)[C@@H](Cc1ccccc1)C(=O)N(C)[C@@H](Cc1ccccc1)C(N)=O
CHEMBL497883,,,0.72,,,,,,,,,,N#Cc1cnc2c(Br)cc(NCc3cn(CCC4CCCN4)nn3)cc2c1Nc1ccc(F)c(Cl)c1
CHEMBL497963,,,,,,,0.03,,,,,,Cc1ccc2c(OCCN3CCC(Cc4cccc(NS(C)(=O)=O)c4)CC3)cccc2n1
CHEMBL497970,,,5.3,,,,,,,,,,CNS(=O)(=O)c1ccc(N2CCOCC2)c(C(=O)N2CCN(c3ccc(C(C)=O)cc3F)CC2)c1
CHEMBL497999,,,3.2,,,,,,,,,,CS(=O)(=O)c1ccc(OCC2CC2)c(C(=O)N2CCN(c3ccc(C#N)cc3F)CC2)c1
CHEMBL498,,,,,,,0.04,46.0,,,,,CCCNC(=O)NS(=O)(=O)c1ccc(Cl)cc1
CHEMBL498028,,,0.03,,,,,,,,,,N#Cc1cnc2c(Cl)cc(NCc3cn(C4CCNCC4)nn3)cc2c1Nc1ccc(F)c(Cl)c1
CHEMBL498029,,,0.39,,,,,,,,,,CN1CCC(n2cc(CNc3cc(Cl)c4ncc(C#N)c(Nc5ccc(F)c(Cl)c5)c4c3)nn2)CC1
CHEMBL498222,,,0.18,,,,,,,,,,N#Cc1cnc2c(Cl)cc(NCc3cn(Cc4cccnc4)nn3)cc2c1Nc1ccc(F)c(Cl)c1
CHEMBL499,,,72.95333333333333,,,,,2.2,,,,,CC(C)(C)NC[C@H](O)COc1nsnc1N1CCOCC1
CHEMBL499808,,,,,,,,27.0,,,,,
CHEMBL5,,,,3.46,89.99956647607671,,,,4.0,14.4,6.666666666666665,,CCn1cc(C(=O)O)c(=O)c2ccc(C)nc21
CHEMBL50,,,,,,,,0.6,,,,,O=c1c(O)c(-c2ccc(O)c(O)c2)oc2cc(O)cc(O)c12
CHEMBL500,,,2.865,78.795,89.99989618598829,,,2.2,,,,,CC(C)NCC(O)COc1cccc2[nH]ccc12
CHEMBL500204,,,2.15,,,,,,,,,,CC(=O)N(C)[C@@H](Cc1c[nH]c2ccccc12)C(=O)N(C)[C@@H](Cc1ccccc1)C(=O)N(C)[C@@H](Cc1ccccc1)C(=O)N(C)[C@@H](Cc1ccccc1)C(N)=O
CHEMBL500260,,,0.0,,,,,,,,,,CC(=O)N(C)[C@@H](Cc1ccccc1)C(=O)N(C)[C@@H](Cc1ccccc1)C(=O)N(C)[C@@H](Cc1ccccc1)C(=O)N(C)[C@@H](Cc1ccccc1)C(=O)N(C)[C@@H](Cc1ccccc1)C(=O)N(C)[C@@H](Cc1ccccc1)C(N)=O
CHEMBL500578,,,10.0,,,,,,,,,,COc1cc2c(c(OC)c1OC)-c1ccc(OC)c(=O)cc1[C@@H](NC(=O)CCCCCNC(=O)COc1ccc(/C=C/C3=[N+]4C(=Cc5ccc(-c6ccc[nH]6)n5[B-]4(F)F)C=C3)cc1)CC2
CHEMBL500629,,,42.0,,,,,,,,,,CN(C)Cc1cc(S(N)(=O)=O)ccc1Sc1ccc(C(F)(F)F)cc1
CHEMBL500792,,,0.0,,,,,,,,,,CC(=O)N[C@H](C(=O)N(C)[C@@H](Cc1ccccc1)C(=O)N(C)[C@@H](Cc1ccccc1)C(=O)N(C)[C@@H](Cc1ccccc1)C(N)=O)c1ccccc1
CHEMBL501030,,,0.95,,,,,,,,,,CN(C(=O)[C@@H]1Cc2c([nH]c3ccccc23)CN1)[C@@H](Cc1ccccc1)C(=O)N(C)[C@@H](Cc1ccccc1)C(=O)N(C)[C@@H](Cc1ccccc1)C(N)=O
CHEMBL501052,,,111.0,,,,,,,,,,CC(F)(F)c1nc([C@@H](O)[C@H](O)[C@H](O)CO)c[nH]1
CHEMBL501063,,,1.75,,,,,,,,,,CN(C(=O)[C@@H](N)Cc1ccc(O)c(O)c1)[C@@H](Cc1ccccc1)C(=O)N(C)[C@@H](Cc1ccccc1)C(=O)N(C)[C@@H](Cc1ccccc1)C(=O)N(C)[C@@H](Cc1ccccc1)C(N)=O
CHEMBL501259,,,,,,,,51.0,,,,,CCCCCC/C=C\CCCCCCCCCC(=O)N[C@H]1[C@H](OC[C@H]2O[C@H](OP(=O)(O)O)[C@H](NC(=O)CC(=O)CCCCCCCCCCC)[C@@H](OCCCCCCCCCC)[C@@H]2O)O[C@H](COC)[C@@H](OP(=O)(O)O)[C@@H]1OCC[C@@H](CCCCCCC)OC
CHEMBL501570,,,287.5,,,,,,,,,,CC(C)[C@H](N)C(=O)O[C@H](CN1C[C@H]2CCCC[C@H]2C[C@H]1C(=O)NC(C)(C)C)[C@H](Cc1ccccc1)NC(=O)[C@H](CC(N)=O)NC(=O)c1ccc2ccccc2n1.O=C(O)C(F)(F)F
CHEMBL501709,,,0.43,,,,,,,,,,N#Cc1cnc2c(Cl)cc(NCc3cn(C4CCN(C5CCC5)CC4)nn3)cc2c1Nc1ccc(F)c(Cl)c1
CHEMBL502,,,,,,,0.1051,,,,,,COc1cc2c(cc1OC)C(=O)C(CC1CCN(Cc3ccccc3)CC1)C2
CHEMBL502080,,,90.0,,,,,,,,,,CC(=O)N/N=C(\C)c1nc([C@@H](O)[C@H](O)[C@H](O)CO)c[nH]1
CHEMBL502226,,,0.0,,,,,,,,,,CC(=O)N(C)[C@@H](Cc1ccccc1)C(=O)N(C)[C@@H](Cc1ccccc1)C(=O)N(C)[C@@H](Cc1ccccc1)C(=O)N(C)[C@@H](Cc1ccccc1)C(=O)N(C)[C@@H](Cc1ccccc1)C(=O)N(C)[C@@H](Cc1ccccc1)C(=O)N(C)[C@@H](Cc1ccccc1)C(N)=O
CHEMBL503,,,,,,,,1.4,,,,,CC[C@H](C)C(=O)O[C@H]1C[C@@H](C)C=C2C=C[C@H](C)[C@H](CC[C@@H]3C[C@@H](O)CC(=O)O3)[C@H]21
CHEMBL503199,,,3.6,,,,,,,,,,CC(=O)N[C@@H](Cc1ccccc1)C(=O)N(C)[C@@H](Cc1ccccc1)C(=O)N(C)[C@@H](Cc1ccccc1)C(=O)N(C)[C@@H](Cc1ccccc1)C(N)=O
CHEMBL503960,,,26.76,,,,,,,,,,O=C1CC2(CCN(C(=O)c3cc(-c4ccccc4)nc(-c4ccccc4)c3)CC2)Oc2ccc(N3CCCC3=O)cc21
CHEMBL503986,,,2.95,,,,,,,,,,CC(=O)N(C)[C@@H](CC1CCCCC1)C(=O)N(C)[C@@H](Cc1ccccc1)C(=O)N(C)[C@@H](Cc1ccccc1)C(=O)N(C)[C@@H](Cc1ccccc1)C(N)=O
CHEMBL504646,,,122.5,,,,,,,,,,CC(C)[C@@H](N)C(=O)NCCCCCC(=O)O[C@H](CN1C[C@H]2CCCC[C@H]2C[C@H]1C(=O)NC(C)(C)C)[C@H](Cc1ccccc1)NC(=O)[C@H](CC(N)=O)NC(=O)c1ccc2ccccc2n1.O=C(O)C(F)(F)F.O=C(O)C(F)(F)F.O=C(O)C(F)(F)F
CHEMBL504735,,,0.0,,,,,,,,,,CC(=O)N(C)[C@@H](Cc1ccccc1)C(=O)N(C)[C@@H](Cc1ccccc1)C(=O)N(C)[C@@H](Cc1ccccc1)C(=O)N(C)[C@@H](Cc1ccccc1)C(=O)N(C)[C@@H](Cc1ccccc1)C(=O)N(C)[C@@H](Cc1ccccc1)C(=O)N(C)[C@@H](Cc1ccccc1)C(=O)N(C)[C@@H](Cc1ccccc1)C(=O)N(C)[C@@H](Cc1ccccc1)C(N)=O
CHEMBL504765,,,10.4,,,,,,,,,,CN[C@@H](Cc1ccccc1)C(=O)N(C)[C@@H](Cc1ccccc1)C(=O)N(C)[C@@H](Cc1ccccc1)C(=O)N(C)[C@@H](Cc1ccccc1)C(N)=O
CHEMBL504813,,,,,,,0.0312999999999999,,,,,,CC(C)Cc1c(C(=O)C(N)=O)c2c(OCC(=O)O)cccc2n1Cc1ccccc1
CHEMBL504950,,,200.0,,,,,,,,,,Cc1cc(C)c2c(n1)sc1c(N)ncnc12
CHEMBL505,,,,23.0,89.99993478265596,,,22.0,3.0,10.8,5.094339622641509,,CN(C)CCC(c1ccc(Cl)cc1)c1ccccn1
CHEMBL505144,,,108.0,,,,,,,,,,COc1cc2c(c(OC)c1OC)-c1ccc(OC)c(=O)cc1[C@@H](NC(=O)CCC1=[N+]3C(=Cc4cccn4[B-]3(F)F)C=C1)CC2
CHEMBL505147,,,40.5,,,,,,,,,,CSc1ccc(Oc2ccc(S(N)(=O)=O)cc2CN(C)C)cc1
CHEMBL505372,,,200.0,,,,,,,,,,Cc1nc2sc3c(N)ncnc3c2c2c1CCCC2
CHEMBL505494,,,292.0,,,,,,,,,,CC(C)[C@H](N)C(=O)NCCCCCC(=O)O[C@@H]1Cc2ccccc2[C@@H]1NC(=O)[C@H](Cc1ccccc1)C[C@H](O)CN1CCN(Cc2cccnc2)C[C@H]1C(=O)NC(C)(C)C.O=C(O)C(F)(F)F
CHEMBL505930,,,0.95,,,,,,,,,,CC(=O)NCC(=O)N(C)[C@@H](Cc1ccccc1)C(=O)N(C)[C@@H](Cc1ccccc1)C(=O)N(C)[C@@H](Cc1ccccc1)C(N)=O
CHEMBL506,,,,,,,0.4034,7.1,3.0,10.8,5.094339622641509,,COc1cc(NC(C)CCCN)c2ncccc2c1
CHEMBL506295,,,610.5,,,,,,,,,,CC(C)[C@H](N)C(=O)O[C@@H](C[C@@H](Cc1ccccc1)C(=O)N[C@H]1c2ccccc2C[C@H]1O)CN1CCN(Cc2cccnc2)C[C@H]1C(=O)NC(C)(C)C.O=C(O)C(F)(F)F
CHEMBL506857,,,199.0,,,,,,,,,,Cc1nc(-c2nc([C@@H](O)[C@H](O)[C@H](O)CO)c[nH]2)cs1
CHEMBL506886,,,0.0,,,,,,,,,,CC(=O)N(C)[C@@H](Cc1ccccc1)C(=O)N(C)[C@@H](Cc1ccccc1)C(=O)N(C)[C@@H](Cc1ccccc1)C(=O)N(C)[C@@H](Cc1ccccc1)C(=O)N(C)[C@@H](Cc1ccccc1)C(=O)N(C)[C@@H](Cc1ccccc1)C(=O)N(C)[C@@H](Cc1ccccc1)C(=O)N(C)[C@@H](Cc1ccccc1)C(N)=O
CHEMBL507077,,,1.6,,,,,,,,,,CCCCc1ccc(C(=O)NC2(C(=O)N[C@H](Cc3ccccc3)C(=O)NCC3CCN(CC4CCOCC4)CC3)CCCC2)cc1
CHEMBL507361,,,72.7,,,,,,,,,,O=C(NOC[C@H](O)CO)c1ccc(F)c(F)c1Nc1ccc(I)cc1F
CHEMBL507635,,,200.0,,,,,,,,,,Nc1ncnc2c1sc1ncc(-c3ccccc3)cc12
CHEMBL507674,,,,3.0,89.99950000277776,,0.0988,1.8,,,,,CCN1CCN(C(=O)N[C@@H](C(=O)N[C@@H]2C(=O)N3C(C(=O)O)=C(CSc4nnnn4C)CS[C@H]23)c2ccc(O)cc2)C(=O)C1=O
CHEMBL507700,,,,,,,0.3339,,,,,,NC(=O)Nc1sc(-c2ccc(CN3CCCCC3)cc2)cc1C(N)=O
CHEMBL507785,,,200.0,,,,,,,,,,Nc1ncnc2c1sc1nc(C3CC3)cc(C(F)(F)F)c12
CHEMBL507870,,,,,,,,6.7,,,,,CCCCCCCCCCNCCN[C@@]1(C)C[C@H](O[C@H]2[C@H](Oc3c4cc5cc3Oc3ccc(cc3Cl)[C@@H](O)[C@@H](NC(=O)[C@@H](CC(C)C)NC)C(=O)N[C@@H](CC(N)=O)C(=O)N[C@H]5C(=O)N[C@H]3C(=O)N[C@H](C(=O)N[C@H](C(=O)O)c5cc(O)c(CNCP(=O)(O)O)c(O)c5-c5cc3ccc5O)[C@H](O)c3ccc(c(Cl)c3)O4)O[C@H](CO)[C@@H](O)[C@@H]2O)O[C@@H](C)[C@H]1O
CHEMBL508280,,,5.5,,,,,,,,,,O=[N+]([O-])c1cnc(Sc2nnc(O)n2-c2ccc3c(c2)OCCO3)s1
CHEMBL508502,,,2.75,,,,,,,,,,CC(=O)N(C)[C@@H](CCc1ccccc1)C(=O)N(C)[C@@H](Cc1ccccc1)C(=O)N(C)[C@@H](Cc1ccccc1)C(=O)N(C)[C@@H](Cc1ccccc1)C(N)=O
CHEMBL50882,,,,,,,,0.78,,,,,Nc1n[n+]([O-])c2ccccc2[n+]1[O-]
CHEMBL509032,,,,,,,0.0328,,,,,,COc1cc(N2CCC(N3CCN(C)CC3)CC2)ccc1Nc1ncc(Cl)c(Nc2ccccc2S(=O)(=O)C(C)C)n1
CHEMBL509973,,,,,,,0.0219,,,,,,CC(NC(=O)c1cc2ccccc2[nH]1)c1ccccc1
CHEMBL51,,,,27.375,89.99994461569919,,0.0968000000000001,12.0,,,,,O=C(c1ccc(F)cc1)C1CCN(CCn2c(=O)[nH]c3ccccc3c2=O)CC1
CHEMBL510193,,,,,,,0.0009,,,,,,Fc1ccc(-c2cnc(C3CCN(Cc4ccn(-c5ccc(C(F)(F)F)cc5)c4)CC3)[nH]2)cc1
CHEMBL510238,,,200.0,,,,,,,,,,Cc1nc2sc3c(N)ncnc3c2c2c1CCC2
CHEMBL510335,,,11.525,,,,,,,,,,CC(=O)N(C)[C@@H](Cc1ccccc1)C(=O)N(C)[C@@H](Cc1ccccc1)C(=O)N(C)[C@@H](Cc1ccccc1)C(=O)N(C)[C@@H](Cc1ccccc1)C(N)=O
CHEMBL510386,,,,,,,0.003,,,,,,O=C(Nc1ccc(Cl)c(C(=O)Nc2cccnc2)c1)c1cccc(C(F)(F)F)c1
CHEMBL510624,,,243.75,,,,,,,,,,CN(C)c1ccc2c(-c3ccccc3)c3ccc(=[N+](C)C)cc-3sc2c1.[Br-]
CHEMBL510780,,,,,,,0.007,,,,,,c1ccc2c(c1)CCC[C@H]2Nc1nc2ccccc2[nH]1
CHEMBL510802,,,3.4,,,,,,,,,,CN(C(=O)[C@@H]1Cc2ccccc2CN1)[C@@H](Cc1ccccc1)C(=O)N(C)[C@@H](Cc1ccccc1)C(=O)N(C)[C@@H](Cc1ccccc1)C(N)=O
CHEMBL511002,,,2.05,,,,,,,,,,CC(=O)N(C)[C@@H](Cc1ccc2ccccc2c1)C(=O)N(C)[C@@H](Cc1ccccc1)C(=O)N(C)[C@@H](Cc1ccccc1)C(=O)N(C)[C@@H](Cc1ccccc1)C(N)=O
CHEMBL511058,,,,51.29,89.99997075454255,,,,,,,,COc1ccccc1SC[C@@H](C)CN[C@@H]1COc2ccccc2SC1
CHEMBL511115,,,,28.0,89.99994642860332,,0.0115999999999999,7.9,13.0,46.8,18.57142857142857,,COc1ccc([C@]2(C#N)CC[C@@H](C(=O)O)CC2)cc1OC1CCCC1
CHEMBL511142,,,,,,,,3.2,,,,,CO[C@@]12CC[C@@]3(C[C@@H]1[C@](C)(O)C(C)(C)C)[C@H]1Cc4ccc(O)c5c4[C@@]3(CCN1CC1CC1)[C@H]2O5
CHEMBL511444,,,,12.02,89.99987520815972,,0.0159999999999999,,85.11,306.396,56.69380504773888,,CN[C@@H](C)C(=O)N[C@H](C(=O)N1CC[C@H]2CC[C@H](NC(=O)c3cccc4ccccc34)[C@H]21)C(C)(C)C
CHEMBL511550,,,106.0,,,,,,,,,,C[C@H](N)C(=O)NCc1cccc(-n2nc(C(F)(F)F)cc2-c2nnc(-c3ccccc3)o2)c1
CHEMBL511782,,,,150.0,89.9999900000011,,,,104.0,374.4,60.77922077922078,,COc1ccc(N(C(=O)c2ccccc2)C(C(=O)NC[C@@H](C)O)c2ccccc2F)c(OC)c1
CHEMBL511896,,,15.0,,,,,,,,,,COc1ccccc1Nc1nnc(-c2cc(C(F)(F)F)nn2-c2cccc(CNC(=O)[C@H](C)N)c2)o1
CHEMBL512504,,,,52.48,89.99997141769201,,,,3.0,10.8,5.094339622641509,,N#Cc1c(O)c2c(-c3ccc(-c4ccccc4O)cc3)csc2[nH]c1=O
CHEMBL512769,,,200.0,,,,,,,,,,CCOC(=O)c1cc2c(nc1C)sc1c(N)ncnc12
CHEMBL513,,,,,,,,0.37,,,,,O=NN(CCCl)C(=O)NCCCl
CHEMBL513086,,,200.0,,,,,,,,,,Cc1cc(C)c2c(n1)sc1c(N(C)C)ncnc12
CHEMBL513139,,,20.0,,,,,,,,,,CC(C)C(=O)N(Cc1ccc(Cl)cc1Cl)[C@H]1CCNC1
CHEMBL513301,,,,,,,,3.1,,,,,COc1cc2c(N)nc(N3CCN(C(=O)OCC(C)(C)O)CC3)nc2c(OC)c1OC
CHEMBL513370,,,,33.0,89.99995454547751,,,,48.0,172.79999999999998,44.08163265306123,,COc1ccc(N(C(=O)c2ccoc2Cl)C(C(=O)NC[C@@H](C)O)c2ccccc2F)c(OC)c1
CHEMBL513412,,,,87.0,89.99998275862399,,,,126.0,453.6,64.43181818181817,,COc1ccc(N(C(=O)c2occc2C)C(C(=O)NC[C@@H](C)O)c2ccccc2F)c(OC)c1
CHEMBL513588,,,,,,,0.004,,,,,,Cc1ncc(NC(=O)c2cc(NC(=O)c3cc(F)cc(Cl)c3)ccc2Cl)s1
CHEMBL514164,,,1.0,,,,,,,,,,O=C(/N=c1\sc(CCNc2ncnc3ccsc23)cn1COP(=O)(O)O)Nc1cccc(Cl)c1
CHEMBL514257,,,,,,,0.0437,,,,,,OC[C@H](Nc1ncc(Cl)c(Nc2cc(C3CC3)[nH]n2)n1)c1ccc(F)cc1
CHEMBL514432,,,,,,,,5.2,,,,,C[C@@H]1C(=O)O[C@H]2[C@H](O)[C@@]34[C@H]5C[C@@H](C(C)(C)C)[C@]36[C@@H](OC(=O)[C@@H]6O)O[C@@]4(C(=O)O5)[C@@]12O
CHEMBL514670,,,,,,,0.0159999999999999,,,,,,Cc1ccc(NC(=O)c2cccc(C(F)(F)F)c2)cc1C(=O)Nc1cnc(N)c(Cl)c1
CHEMBL51478,,,,150.0,89.9999900000011,,,,86.0,309.6,56.91176470588235,,COc1ccnc(CSc2nc3ccccc3[nH]2)c1
CHEMBL514980,,,,,,,,,150.0,539.9999999999999,67.5,,CN(CCOc1ccccc1-c1cc(C(N)=O)c(NC(N)=O)s1)Cc1ccccc1
CHEMBL515,,,,,,,,1.1,,,,,O=C(O)CCCc1ccc(N(CCCl)CCCl)cc1
CHEMBL515062,,,,,,,0.1761,,,,,,CC(C)Oc1cc(Nc2nc(N[C@@H](C)c3ccc(F)cn3)nc(OC(CO)CO)c2Cl)n[nH]1
CHEMBL515278,,,1.026,,,,,,,,,,CC[C@H](C)[C@H](N)C(=O)OC[C@H]1O[C@@H](n2cnc3c(N)ncnc32)[C@@H](O)[C@@H]1O
CHEMBL515568,,,3.0,,,,,,,,,,Cc1cccc(CNC(=O)C(=O)N[C@@H](C)C(=O)N[C@@H](CC(=O)O)C(=O)COc2c(F)c(F)cc(F)c2F)c1C
CHEMBL51594,,,,,,,0.4314,,,,,,c1ccc2c(c1)CCN(c1ccncc1)C2
CHEMBL51628,,,,123.03,89.9999878078534,,,,,,,,O=c1ccc2ccc(O)cc2o1
CHEMBL516342,,,37.0,,,,,,,,,,CCS(=O)(=O)N1CCC(c2ccccn2)([C@H](C)NC(=O)c2ccc(Cl)cc2Cl)CC1
CHEMBL516479,,,0.6,,,,,,,,,,CC(C)(C)c1ccc(-c2nc3c(N4CCN(Cc5c[nH]c(=O)[nH]c5=O)CC4)cccc3[nH]2)cc1
CHEMBL516601,,,,,,,0.0119,,,,,,COc1cc2ncc(C(N)=O)c(Nc3ccc(C)cc3F)c2cc1OC
CHEMBL516758,,,,,,,0.0139,,,,,,CC(C)Oc1cc2ncc(C(N)=O)c(Nc3cccc(Cl)c3Cl)c2cc1N1CCN(C)CC1
CHEMBL517,,,,,,,0.6660999999999999,7.0,,,,,CC(C)N(CCC(C(N)=O)(c1ccccc1)c1ccccn1)C(C)C
CHEMBL517437,,,,,,,0.004,,,,,,O=C(Nc1ccc(Cl)c(C(=O)Nc2cncs2)c1)c1cccc(C(F)(F)F)c1
CHEMBL517712,,,,,,,,4.1,,,,,CN1[C@@H]2CC[C@H]1C[C@@H](OC(=O)C(CO)c1ccccc1)C2
CHEMBL518084,,,3.1,,,,,,,,,,C[C@H](NC(=O)C(=O)NCC1CCCCC1)C(=O)N[C@@H](CC(=O)O)C(=O)COc1c(F)c(F)cc(F)c1F
CHEMBL518096,,,3.2,,,,,,,,,,C[C@H](NC(=O)C(=O)NCc1cc(Cl)ccc1Cl)C(=O)N[C@@H](CC(=O)O)C(=O)COc1c(F)c(F)cc(F)c1F
CHEMBL518760,,,,,,,0.2007999999999999,,,,,,COc1cc2ncc(C(N)=O)c(Nc3ccc(F)cc3F)c2cc1NCCN1CCCCC1
CHEMBL518770,,,,,,,0.0098999999999999,,,,,,CC(C)Oc1cc2ncc(C(N)=O)c(Nc3ccc(Cl)c(Cl)c3)c2cc1N1CCN(C)CC1
CHEMBL518871,,,1.0,,,,,,,,,,C[C@H](NC(=O)C(=O)NCCc1ccccc1)C(=O)N[C@@H](CC(=O)O)C(=O)COc1c(F)c(F)cc(F)c1F
CHEMBL518924,,,,30.51,89.9999508358184,,,,46.0,165.60000000000002,43.125,,NCCCCN(Cc1nc2ccccc2[nH]1)[C@H]1CCCc2cccnc21
CHEMBL518958,,,19.0,,,,,,,,,,Cc1cc(Cc2ccc(Cl)c(Oc3cc(C#N)cc(C#N)c3)c2F)n[nH]c1=O
CHEMBL519442,,,,,,,0.3923,,,,,,COCCOc1cc2ncc(C(N)=O)c(Nc3cccc(Cl)c3F)c2cc1N1CCN(C)CC1
CHEMBL519499,,,51.0,,,,,,,,,,OC[C@@H](O)[C@@H](O)[C@H](O)c1c[nH]c(-c2ncn(Cc3ccccc3)n2)n1
CHEMBL520129,,,3.8,,,,,,,,,,O=C(Nc1ccc2cnn(S(=O)(=O)c3cccc4ccccc34)c2c1)C1CCCNC1
CHEMBL520278,,,,,,,0.0705,,,,,,CCOc1cc2ncc(C(N)=O)c(Nc3cccc(Cl)c3F)c2cc1N1CCN(C)CC1
CHEMBL520431,,,,,,,0.3039,,,,,,CCOc1cc2ncc(C(N)=O)c(Nc3ccc(F)cc3F)c2cc1N1CCCN(C)CC1
CHEMBL520642,,,,,,,,3.3,,,,,Nc1nc(/C(=N/O)C(=O)N[C@@H]2C(=O)N3C(C(=O)O)=C(/C=C4\CCN([C@@H]5CCNC5)C4=O)CS[C@H]23)ns1
CHEMBL520733,,,,,,,0.8029,,,,,,CC(C)[C@H](O)C(=O)N[C@@H](C)C(=O)N[C@@H]1C(=O)N(C)CCc2ccccc21
CHEMBL520964,,,141.0,,,,,,,,,,OC[C@@H](O)[C@@H](O)[C@H](O)c1c[nH]c(-c2ncon2)n1
CHEMBL520987,,,259.0,,,,,,,,,,OC[C@@H](O)[C@@H](O)[C@H](O)c1c[nH]c(-c2ncc[nH]2)n1
CHEMBL521,,,,,,,,1.6,,,,,CC(C)Cc1ccc(C(C)C(=O)O)cc1
CHEMBL521075,,,46.9,,,,,,,,,,CCC(=O)Nc1cc2c(NCc3ccc(OC)c(Cl)c3)ncnc2c(CCO)c1OC
CHEMBL521096,,,,12.0,89.99987500017362,,0.0568,,26.0,93.6,30.789473684210524,,CCOc1cc2ncc(C(N)=O)c(Nc3ccc(C)cc3F)c2cc1N1CCN(C)CC1
CHEMBL521248,,,,,,,0.0357999999999999,,,,,,COc1cc2ncc(C(N)=O)c(Nc3cc(C)ccc3F)c2cc1OC
CHEMBL521262,,,,,,,0.0544,,,,,,COc1cc2c(Nc3cccc(Cl)c3Cl)c(C(N)=O)cnc2cc1NCCN(C)C
CHEMBL521407,,,,,,,0.0179,,,,,,CN1CCN(c2ccc3ncc(C(N)=O)c(Nc4ccc(Cl)cc4Cl)c3c2)CC1
CHEMBL521509,,,,29.0,89.9999482758918,,0.0167,,7.0,25.2,11.05263157894737,,O=C(NC1CC1)c1cn(-c2cccc(C#Cc3cccnc3)c2)c2ncccc2c1=O
CHEMBL521523,,,3.0,,,,,,,,,,C[C@H]1CN(Cc2cccc(-c3cc(CNC(=O)c4cccc(CC5CCNCC5)c4)ccc3F)c2)CCN1
CHEMBL521589,,,,,,,,2.6,,,,,CN(C)C(=O)Oc1cc(OC(=O)N(C)C)cc(C(O)CNC(C)(C)C)c1
CHEMBL521674,,,2.7,,,,,,,,,,CCn1cnc(CN2CCN(c3cccc4[nH]c(-c5ccc(C(C)(C)C)cc5)nc34)CC2)c1C
CHEMBL521809,,,,100.0,89.99998500000251,,0.0544,,150.0,539.9999999999999,67.5,,O=C(c1cccc(Cc2n[nH]c(=O)c3ccccc23)c1)N1CCN(c2ncccn2)CC1
CHEMBL521815,,,,,,,0.2895,,,,,,CN1CCN(C(=O)c2cc(Cc3n[nH]c(=O)c4ccccc34)ccc2F)CC1
CHEMBL521851,,,,33.11,89.99995469648913,,,,14.79,53.244,20.54483716622936,,CS(=O)(=O)N1CCN(Cc2cc3nc(-c4cccc5[nH]ncc45)nc(N4CCOCC4)c3s2)CC1
CHEMBL522217,,,1.2,,,,,,,,,,N#Cc1cnc2c(Br)cc(NCc3cn(-c4ccccc4)nn3)cc2c1Nc1ccc(F)c(Cl)c1
CHEMBL522295,,,30.0,,,,,,,,,,O=C(NC1CC2CCC(C1)N2Cc1ccc2cc(F)ccc2c1)c1ccccc1-c1ccccc1
CHEMBL522460,,,,19.0,89.99992105270083,,0.3545999999999999,,24.0,86.39999999999999,29.18918918918919,,Cc1ccccc1CN1CCC(N2CCC(n3c(=O)[nH]c4ccccc43)CC2)CC1
CHEMBL522771,,,,,,,0.0209,,,,,,Cc1ncsc1C(=O)N(Cc1cc(=O)[nH]c2c(F)cccc12)c1cccc(Cl)c1
CHEMBL522826,,,6.525,,,,,,,,,,CN(C)c1ccc2c(-c3ccc(C(=S)N4CCCCC4)s3)c3ccc(=[N+](C)C)cc-3[te]c2c1.F[P-](F)(F)(F)(F)F
CHEMBL523,,,,,,,,46.0,,,,,O=C1CN=C(c2ccccc2)c2cc(Cl)ccc2N1
CHEMBL523281,,,93.775,,,,,,,,,,C[N+](C)=c1ccc2c(-c3ccccc3)c3cc4c5c(c3sc-2c1)CCCN5CCC4.F[P-](F)(F)(F)(F)F
CHEMBL523315,,,12.0,,,,,,,,,,CNCc1cc(S(=O)(=O)N(C)CCO)ccc1Oc1ccc([S+](C)[O-])cc1
CHEMBL523829,,,,,,,0.3493999999999999,,,,,,CN1CCN(C(=O)c2cccc(Cc3n[nH]c(=O)c4ccccc34)c2)CC1
CHEMBL523864,,,43.0,,,,,,,,,,COc1cccc2[nH]cc(C(=O)C(=O)N3CCN(C(=O)c4ccccc4)CC3)c12
CHEMBL524129,,,28.5,,,,,,,,,,CN(C)c1ccc2c(-c3ccc(C(N)=O)s3)c3ccc(=[N+](C)C)cc-3sc2c1.F[P-](F)(F)(F)(F)F
CHEMBL524638,,,0.13,,,,,,,,,,N#Cc1cnc2c(Br)cc(NCc3cn(Cc4cccnc4)nn3)cc2c1Nc1ccc(F)c(Cl)c1
CHEMBL525188,,,156.0,,,,,,,,,,CC(C)c1nc(N(C)c2ccnn2C)nc(-c2ccc(F)cc2)c1/C=C/[C@@H](O)C[C@@H](O)CC(=O)[O-].[Na+]
CHEMBL526,,,,,,,,3.2,,,,,CC(C)c1cccc(C(C)C)c1O
CHEMBL52606,,,1.79,,,,,,,,,,C=C[C@@]1(C)CC(=O)[C@]2(O)[C@@]3(C)[C@@H](O)CCC(C)(C)[C@@H]3[C@H](O)[C@H](OC(C)=O)[C@@]2(C)O1
CHEMBL526280,,,4.7,,,,,,,,,,CC(=O)c1ccc(N2CCN(C(=O)c3cc([N+](=O)[O-])ccc3N3CCOCC3)CC2)c(F)c1
CHEMBL526307,,,,,,,0.0466999999999999,,,,,,COc1cc(C(C)C)c(Oc2cnc(N)nc2N)cc1I
CHEMBL526648,,,3.1,,,,,,,,,,CC(=O)c1ccc(N2CCN(C(=O)c3cc(S(C)(=O)=O)ccc3N3CCOCC3)CC2)c(F)c1
CHEMBL526715,,,262.0,,,,,,,,,,Cn1cnc(-c2nc([C@@H](O)[C@H](O)[C@H](O)CO)c[nH]2)c1
CHEMBL527,,,5.3500000000000005,,,,,,,,,,CN1C(C(=O)Nc2ccccn2)=C(O)c2ccccc2S1(=O)=O
CHEMBL527026,,,0.36,,,,,,,,,,CCN1CCC(n2cc(CNc3cc(Cl)c4ncc(C#N)c(Nc5ccc(F)c(Cl)c5)c4c3)nn2)CC1
CHEMBL528,,,,,,,,1.5,,,,,CO/N=C(\C(=O)N[C@@H]1C(=O)N2C(C(=O)O)=CCS[C@H]12)c1csc(N)n1
CHEMBL529,,,,,,,,69.0,,,,,CC[C@H]1OC(=O)[C@H](C)[C@@H](O[C@H]2C[C@@](C)(OC)[C@@H](O)[C@H](C)O2)[C@H](C)[C@@H](O[C@@H]2O[C@H](C)C[C@H](N(C)C)[C@H]2O)[C@](C)(O)C[C@@H](C)CN(C)[C@H](C)[C@@H](O)[C@]1(C)O
CHEMBL52922,,,1.715e-06,,,,,,,,,,O=C(O)[C@H](Cc1ccccc1)NC(=O)[C@@H]1CCCN1
CHEMBL529441,,,55.7,,,,,,,,,,CC(=O)c1nc([C@@H](O)[C@H](O)[C@H](O)CO)cn1C
CHEMBL53,,,,,,,,0.68,,,,,CN1CCc2cccc3c2[C@H]1Cc1ccc(O)c(O)c1-3
CHEMBL530,,,0.9,,,,,1.1,,,,,CC1(C)S[C@@H]2[C@H](/N=C/N3CCCCCC3)C(=O)N2[C@H]1C(=O)O
CHEMBL532,,,,,,,,2.0,,,,,CC[C@H]1OC(=O)[C@H](C)[C@@H](O[C@H]2C[C@@](C)(OC)[C@@H](O)[C@H](C)O2)[C@H](C)[C@@H](O[C@@H]2O[C@H](C)C[C@H](N(C)C)[C@H]2O)[C@](C)(O)C[C@@H](C)C(=O)[C@H](C)[C@@H](O)[C@]1(C)O
CHEMBL53292,,,,,,,,33.0,,,,,Cc1cc(NC(=O)C2=C(O)c3ccccc3S(=O)(=O)N2C)no1
CHEMBL533,,,,,,,,7.0,,,,,CCCCCCCN(CC)CCCC(O)c1ccc(NS(C)(=O)=O)cc1
CHEMBL53366,,,,46.0,89.99996739131616,,,,3.0,10.8,5.094339622641509,,Cc1nccn1CCC(C(N)=O)(c1ccccc1)c1ccccc1
CHEMBL53463,,,34.9,,,,,32.0,,,,,COc1cccc2c1C(=O)c1c(O)c3c(c(O)c1C2=O)C[C@@](O)(C(=O)CO)C[C@@H]3O[C@H]1C[C@H](N)[C@H](O)[C@H](C)O1
CHEMBL538150,,,1420.0,,,,,,,,,,CCCCCCOc1ccc2cc(C(=O)CCN(C)C)ccc2c1
CHEMBL538432,,,4.5,,,,,,,,,,CSc1ccc2c(=O)n(C(c3ccccc3)c3ccccc3)c(=O)n(C/C=C/COc3ccc(C(=O)O)cc3)c2c1
CHEMBL538616,,,-7.51,,,,,,,,,,Cc1cc2c(C(=O)NCC(C)c3ccccc3)c(O)c(O)cc2c(O)c1-c1c(C)cc2c(C(=O)NCC(C)c3ccccc3)c(O)c(O)cc2c1O
CHEMBL538635,,,14.0,,,,,,,,,,CC(C)n1c(=O)c(C(=O)N[C@H]2C[C@H]3CC[C@@H](C2)N3C[C@@H](O)CN2CCN(S(C)(=O)=O)CC2)cc2ccccc21
CHEMBL538864,,,3.0,,,,,,,,,,C[C@H]1CN(Cc2cccc(-c3cc(CNC(=O)c4cccc(CN5CC[N+](C)(C)CC5)c4)ccc3F)c2)CCN1.[I-]
CHEMBL538936,,,,,,,0.0052999999999999,,,,,,O=C(CC1CCN(Cc2ccn(-c3ccc(C(F)(F)F)cn3)c2)CC1)NC(c1ccc(F)cc1)c1ccc(F)cc1
CHEMBL538956,,,14.0,,,,,,,,,,CCOC(=O)N1CCN(CCCCCCCN2[C@@H]3CC[C@H]2C[C@@H](NC(=O)c2cc4ccccc4n(C(C)C)c2=O)C3)CC1
CHEMBL539139,,,160.0,,,,,,,,,,CCOCCOc1ccc(C(=O)CCN(C)C)cc1
CHEMBL539163,,,,,,,0.0179,,,,,,Cn1c(C#N)ccc1-c1ccc2c(c1)C(C)(C)OC(=S)N2
CHEMBL539164,,,13.0,,,,,,,,,,COc1ccccc1COCCCOc1ccc(N2C(=O)CNC[C@@H]2COCc2cccnc2)cc1
CHEMBL539216,,,,,,,,1.4,,,,,CS(=O)(=O)N(CCO)c1c(Cl)c(Cl)cc2[nH]c(=O)c(=O)[nH]c12
CHEMBL539393,,,1230.0,,,,,,,,,,CCCCCCOc1ccc(C(=O)CCN(C)C)cc1C
CHEMBL539456,,,,,,,,10.0,,,,,CN(C)CCCN1c2ccccc2CCc2cc(O)ccc21
CHEMBL539481,,,-7.92,,,,,,,,,,Cc1cc2c(C(=O)NC(C)c3ccc(Cl)cc3)c(O)c(O)cc2c(O)c1-c1c(C)cc2c(C(=O)NC(C)c3ccc(Cl)cc3)c(O)c(O)cc2c1O
CHEMBL539651,,,20.0,,,,,,,,,,CC(C)n1c(=O)c(C(=O)N[C@H]2C[C@H]3CC[C@@H](C2)N3CCCCCCCN2CCN(c3ccccc3)CC2)cc2ccccc21
CHEMBL539704,,,0.0,,,,,,,,,,O=C(O)c1ccc(OC/C=C/Cn2c(=O)n(C(c3ccccc3)c3ccccc3)c(=O)c3ccc(Sc4ccccc4)cc32)cc1
CHEMBL539713,,,9.0,,,,,,,,,,CC(C)n1c(=O)c(C(=O)N[C@H]2C[C@H]3CC[C@@H](C2)N3CCCCCCCN2CCC[C@@H]2C(N)=O)cc2ccccc21
CHEMBL539718,,,610.0,,,,,,,,,,CCCCCCSc1ccc(C(=O)CCN(C)C)c(Cl)c1
CHEMBL54,,,,14.24,89.99989466304464,,0.1452,35.0,8.0,28.8,12.413793103448272,,O=C(CCCN1CCC(O)(c2ccc(Cl)cc2)CC1)c1ccc(F)cc1
CHEMBL540227,,,2.0,,,,,,,,,,CCCCCCOc1ccc(C(=O)CCNc2cccc(Cl)c2)cc1
CHEMBL540359,,,3.0,,,,,,,,,,CC(C)OC(=O)c1ccc(NC(=O)N[C@@H](Cc2ccc(O)cc2)C(=O)N[C@H]2CCC[N+](C)(Cc3cccc(O)c3)C2)cc1.[I-]
CHEMBL540471,,,1770.0,,,,,,,,,,CCCCCCOc1cc(Cl)c(C(=O)CCN2CCOCC2)cc1Cl
CHEMBL540980,,,31.0,,,,,,,,,,CCOC(=O)N1CCN(CCCN2[C@@H]3CC[C@H]2C[C@@H](NC(=O)c2cc4ccccc4n(C(C)C)c2=O)C3)CC1
CHEMBL540981,,,2.0,,,,,,,,,,CC(C)n1c(=O)c(C(=O)N[C@H]2C[C@H]3CC[C@@H](C2)N3CCCCCCCN2CCC(CNS(C)(=O)=O)CC2)cc2ccccc21
CHEMBL541004,,,-6.67,,,,,,,,,,Cc1cc2c(C(=O)NCC3CCCCC3)c(O)c(O)cc2c(O)c1-c1c(C)cc2c(C(=O)NCC3CCCCC3)c(O)c(O)cc2c1O
CHEMBL541167,,,262.0,,,,,,,,,,CN(C)c1ccc2c(-c3ccc(CCl)cc3)c3ccc(=[N+](C)C)cc-3oc2c1.[Br-]
CHEMBL541214,,,1.0,,,,,,,,,,O=C(O)COc1c(C(=O)O)sc(-c2cccc(NC3CCN(S(=O)(=O)Cc4ccccc4)CC3)c2)c1Br
CHEMBL54126,,,,,,,,1.3,,,,,CN(C)C(=O)Oc1cccc([N+](C)(C)C)c1.[Br-]
CHEMBL541436,,,1.0,,,,,,,,,,O=C(O)c1ccc(OC/C=C/Cn2c(=O)n(C(c3ccccc3)c3ccccc3)c(=O)c3ccc(N4CCOCC4)cc32)cc1
CHEMBL541478,,,480.0,,,,,,,,,,CCCCCCS(=O)(=O)c1cc(C)c(C(=O)CCN2CCNC(=O)C2)c(C)c1
CHEMBL541481,,,2050.0,,,,,,,,,,CCCCCCSc1ccc(C(=O)CCN2CCOCC2)c(Cl)c1
CHEMBL541483,,,2.5,,,,,,,,,,CC(C)N1CCC(Oc2ccc3cc(C(=O)N4CCOCC4)ccc3c2)CC1
CHEMBL541496,,,-8.15,,,,,,,,,,CCc1ccc(CCNC(=O)c2c(O)c(O)cc3c(O)c(-c4c(C)cc5c(C(=O)NCCc6ccc(CC)cc6)c(O)c(O)cc5c4O)c(C)cc23)cc1
CHEMBL541944,,,,,,,0.0013999999999999,,,,,,O=C(CN1CCN(Cc2ccn(-c3ccc(C(F)(F)F)cn3)c2)CC1)NC(c1ccc(F)cc1)c1ccc(F)cc1
CHEMBL541968,,,20.0,,,,,,,,,,CC(C)n1c(=O)c(C(=O)N[C@H]2C[C@H]3CC[C@@H](C2)N3C[C@H](O)CN2CCN(S(C)(=O)=O)CC2)cc2ccccc21
CHEMBL54429,,,,,,,0.0633,,,,,,O=C(Cc1ccc(OCc2ccccc2)cc1)NO
CHEMBL549,,,,,,,0.4034,33.0,,,,,CN(C)CCCC1(c2ccc(F)cc2)OCc2cc(C#N)ccc21
CHEMBL549309,,,2.2,,,,,,,,,,CN1CCCCC1(C)c1nc(C(=O)NCc2ccc(F)cc2)c(O)c(=O)[nH]1
CHEMBL549344,,,,,,,0.3339,,,,,,CCc1nc2c(N)nc3ccccc3c2n1CCCCNS(C)(=O)=O
CHEMBL549449,,,20.0,,,,,,,,,,CC(C)n1c(=O)c(C(=O)N[C@H]2C[C@H]3CC[C@@H](C2)N3CCCN2CCN(S(C)(=O)=O)CC2)cc2ccccc21
CHEMBL549482,,,730.0,,,,,,,,,,CCCCCCOc1c(C)cc(C(=O)CCN(C)C)cc1C
CHEMBL549483,,,650.0,,,,,,,,,,CCCCCCOc1cc(C)c(C(=O)CCN(C)C)c(C)c1
CHEMBL549557,,,730.0,,,,,,,,,,CCCCCCOc1ccc(C(=O)CCN(C)C)cc1S(C)(=O)=O
CHEMBL549561,,,1010.0,,,,,,,,,,CCCCCCS(=O)(=O)c1cc(C)c(C(=O)CCN2CCN(S(=O)(=O)CC)CC2)c(C)c1
CHEMBL549562,,,220.0,,,,,,,,,,CCCCCCS(=O)(=O)c1ccc(C(=O)CCN(C)C)c(Cl)c1Cl
CHEMBL549588,,,188.0,,,,,,,,,,COCCCn1c(CN2C(=O)/C(=N/OC)c3ccccc32)nc2ccccc21
CHEMBL549592,,,5.7,,,,,,,,,,CC(=O)N1CCN(C)C(C)(c2nc(C(=O)NCc3ccc(F)cc3)c(O)c(=O)n2C)C1
CHEMBL549620,,,,,,,,,79.5,286.2,55.25096525096525,,O=C(CC12CC3CC(CC(C3)C1)C2)Nc1c(Cl)ccc2nc(CN3CCN(CCO)CC3)ccc12
CHEMBL549650,,,22.0,,,,,,,,,,CC(C)n1c(=O)c(C(=O)N[C@H]2C[C@H]3CC[C@@H](C2)N3CCCN2CCOCC2)cc2ccccc21
CHEMBL549685,,,230.0,,,,,,,,,,CCCCCCOc1ccc(C(=O)CCN(C)C)cc1Cc1ccccc1
CHEMBL549889,,,480.0,,,,,,,,,,CCCCCCS(=O)(=O)c1cc(Cl)c(C(=O)CCN2CCN(C(C)=O)CC2)c(Cl)c1
CHEMBL549918,,,10.0,,,,,,,,,,CS(=O)(=O)CCCn1c(CN2C(=O)/C(=N/OCCF)c3ccncc32)nc2ccccc21
CHEMBL55,,,,,,,,25.0,,,,,N=C(N)c1ccc(OCCCCCOc2ccc(C(=N)N)cc2)cc1
CHEMBL550056,,,16.0,,,,,,,,,,CS(=O)(=O)CCCn1c(CN2C(=O)/C(=N/OCc3ccccn3)c3ccncc32)nc2ccccc21
CHEMBL550090,,,1140.0,,,,,,,,,,CCCCCCS(=O)(=O)c1cc(C)c(C(=O)CCN2CCOCC2)c(C)c1
CHEMBL550094,,,700.0,,,,,,,,,,CCCCCCOc1ccc2c(c1)OCC(CN(C)C)C2=O
CHEMBL550167,,,,,,,,,27.0,97.2,31.55844155844156,,O=C(NCC12CC3CC(CC(C3)C1)C2)c1cc(OCCCNCCCO)ccc1Cl
CHEMBL550175,,,,63.1,89.99997622821547,,,,6.31,22.716,10.08524240809803,,C[C@@H]1CN(c2ccc(F)cc2C(F)(F)F)CCN1S(=O)(=O)c1ccc(C(N)=O)cc1Cl
CHEMBL550187,,,0.4,,,,,,,,,,Nc1ccc2c(=O)n(C(c3ccccc3)c3ccccc3)c(=O)n(C/C=C/COc3ccc(C(=O)O)cc3)c2c1
CHEMBL550202,,,40.5,,,,,,,,,,Cc1nc(C)c(C(=O)N2CCCCC2(C)c2nc(C(=O)NCc3ccc(F)cc3)c(O)c(=O)[nH]2)s1
CHEMBL550295,,,1100.0,,,,,,,,,,CCCCCCS(=O)(=O)c1ccc(C(=O)CCN2CCNC(=O)C2)c(Cl)c1Cl
CHEMBL550410,,,,,,,0.0268,,,,,,O=C(NCc1cccc(F)c1)NC1CCN(Cc2ccn(-c3ccc(C(F)(F)F)cc3)c2)CC1
CHEMBL550436,,,,29.0,89.9999482758918,,,,3.0,10.8,5.094339622641509,,C[C@H](CO)n1ccc2c(NC(=O)Cc3ccc(Cl)c(C(F)(F)F)c3)cccc2c1=O
CHEMBL550438,,,,,,,,,38.0,136.79999999999998,38.86363636363637,,CC1CCC(CC(=O)Nc2cccc3ncccc23)CC1
CHEMBL550496,,,,,,,0.072,,,,,,O=C(O)CNCCNc1ccc(Cl)c(C(=O)NCC23CC4CC(CC(C4)C2)C3)c1
CHEMBL550497,,,930.0,,,,,,,,,,CCCCCCOc1ccc(C(=O)CCN2CCOCC2)c(Cl)c1Cl
CHEMBL550637,,,,16.25,89.99990769240237,,0.2801,,71.25,256.5,52.88659793814433,,Cc1ccc(C(=O)N2CC3CNCC(C2)O3)cc1NC(=O)CC12CC3CC(CC(C3)C1)C2
CHEMBL550674,,,12.2,,,,,,,,,,CC(=O)N1CCC[C@@]1(C)c1nc(C(=O)NCc2ccc(F)cc2)c(O)c(=O)[nH]1
CHEMBL550752,,,1060.0,,,,,,,,,,CCCCCCSc1cc(Cl)c(C(=O)CCN2CCN(C(C)=O)CC2)c(Cl)c1
CHEMBL550758,,,700.0,,,,,,,,,,CCCCCCOc1cc(Cl)c(C(=O)CCN(C)C)c(Cl)c1
CHEMBL550760,,,160.0,,,,,,,,,,CCCCCCSc1cc(C)c(C(=O)CCN2CCN(S(=O)(=O)CC)CC2)c(C)c1
CHEMBL550761,,,380.0,,,,,,,,,,CCCCCCS(=O)(=O)c1ccc(C(=O)CCN(C)C)c(Cl)c1
CHEMBL550765,,,1260.0,,,,,,,,,,CCCCCCOc1ccc(C(=O)C(CN(C)C)C(C)C)cc1
CHEMBL550766,,,910.0,,,,,,,,,,CCCCCCOc1ccc(C(=O)C(CN(C)C)c2ccccc2)cc1
CHEMBL550767,,,760.0,,,,,,,,,,CCCCCCS(=O)(=O)c1ccc(C(=O)CCN2CCOCC2)c(Cl)c1
CHEMBL550768,,,360.0,,,,,,,,,,CCCCCCS(=O)(=O)c1ccc(C(=O)CCN2CCN(C(C)=O)CC2)c(Cl)c1
CHEMBL550777,,,,,,,,,41.0,147.6,40.54945054945055,,NC1CCN(c2nccc(C(=O)NCC34CC5CC(CC(C5)C3)C4)c2Cl)CC1
CHEMBL550781,,,,,,,,1.2,,,,,CCCCCN(CCCOC)C(=O)[C@@H](CCC(=O)O)NC(=O)c1ccc(Cl)c(Cl)c1
CHEMBL550841,,,0.2,,,,,,,,,,CCCCCCOc1ccc(C(=O)CCNc2ccccc2)cc1
CHEMBL550845,,,1040.0,,,,,,,,,,CCCCCCOc1cc(Cl)c(C(=O)CCN(C)C)cc1Cl
CHEMBL550902,,,,7.0,89.99978571479592,,0.0098999999999999,,66.0,237.6,51.206896551724135,,O=C(O)c1cncc(-c2ccc(Cl)c(C(=O)NCC34CC5CC(CC(C5)C3)C4)c2)c1
CHEMBL550905,,,1.0,,,,,,,,,,CCCCCCOc1cc(Cl)c(C(=O)CCN2CCOCC2)c(Cl)c1
CHEMBL550929,,,71.0,,,,,,,,,,CS(=O)(=O)c1ccc(CO/N=C2/C(=O)N(Cc3nc4ccccc4n3CCCCO)c3ncccc32)cc1
CHEMBL550954,,,560.0,,,,,,,,,,CCCCCCS(=O)(=O)c1ccc(C(=O)CCN2CCOCC2)c(Cl)c1Cl
CHEMBL551013,,,23.0,,,,,,,,,,CC(C)n1c(=O)c(C(=O)N[C@H]2C[C@H]3CC[C@@H](C2)N3CCCCCCCN2CCCCC2)cc2ccccc21
CHEMBL551046,,,1300.0,,,,,,,,,,CCCCCCOc1ccc(C(=O)CCN2C(=O)CCC2=O)cc1
CHEMBL551073,,,53.0,,,,,,,,,,O=C1/C(=N/OCCF)c2ccncc2N1Cc1nc2ccccc2n1CCCCO
CHEMBL551106,,,1550.0,,,,,,,,,,CCCCCCOc1cc(C)c(C(=O)CCN2CCN(C(C)=O)CC2)c(C)c1
CHEMBL551170,,,,26.15,89.99993071018442,,0.0187,,83.83,301.788,56.37525218560861,,O=C(NCC12CC3CC(CC(C3)C1)C2)c1cc(-n2ncc(=O)[nH]c2=O)ccc1Cl
CHEMBL551184,,,950.0,,,,,,,,,,CCCCCCOc1ccc(C(=O)CCN(C)C)cc1OC
CHEMBL551185,,,1040.0,,,,,,,,,,CCCCCCOc1ccc(C(=O)CCN(C)C)c(OC)c1
CHEMBL551244,,,140.0,,,,,,,,,,CCN1CCC(Cc2ccc(C(=O)CCN(C)C)cc2)CC1
CHEMBL551288,,,-7.16,,,,,,,,,,Cc1cc2c(C(C)C)c(O)c(O)cc2c(O)c1-c1c(C)cc2c(C(C)C)c(O)c(O)cc2c1O
CHEMBL551336,,,152.0,,,,,,,,,,CS(=O)(=O)c1ccc(CO/N=C2/C(=O)N(Cc3nc4ccccc4n3CCCCO)c3ccccc32)cc1
CHEMBL551360,,,,19.0,89.99992105270083,,,,42.0,151.2,41.086956521739125,,O=C(CC12CC3CC(CC(C3)C1)C2)Nc1cccc2c(=O)n(C(CO)CO)ccc12
CHEMBL551385,,,30.0,,,,,,,,,,CCCCCCSc1ccc(C(=O)CCN2CCN(S(=O)(=O)CC)CC2)c(Cl)c1Cl
CHEMBL551450,,,2300.0,,,,,,,,,,CCCCCCOc1ccc(C(=O)CCN2CCN(C)CC2)cc1
CHEMBL551674,,,15.0,,,,,,,,,,COCCCn1c(CN2C(=O)/C(=N/OCC(N)=O)c3ccccc32)nc2ccccc21
CHEMBL551707,,,,13.0,89.99988461553255,,,,15.0,53.99999999999999,20.769230769230766,,O=C(NCC12CC3CC(CC(C3)C1)C2)c1c(Cl)ccc2nc(N3CCC[C@H](NCCc4nnn[nH]4)C3)ccc12
CHEMBL551710,,,830.0,,,,,,,,,,CCCCCCOc1cccc(C(=O)CCN(C)C)c1
CHEMBL551765,,,,15.0,89.99990000011111,,,,24.0,86.39999999999999,29.18918918918919,,O=C(NCC1CCCCCC1)c1cc(-c2cccnc2N2CCC(C(=O)O)CC2)ccc1Cl
CHEMBL551786,,,,,,,,5.0,,,,,Cc1cccc(C)c1NC(=O)NCCCNC(C)C
CHEMBL551791,,,80.0,,,,,,,,,,CCCCCCOc1ccc(C(=O)CCN(C)C)c(Br)c1
CHEMBL551813,,,,11.545,89.99979193615715,,0.0039,,3.0,10.8,5.094339622641509,,CN(C)c1nc(Cc2ccc(NC(=O)c3ccc(C(F)(F)F)cc3)cc2)nc(N(C)C)c1CC(=O)O
CHEMBL551924,,,,,,,0.013,,,,,,O=C(CC1CCN(Cc2ccn(-c3ccc(C(F)(F)F)cc3)c2)CC1)NC(c1ccncc1)c1ccc(Cl)cc1
CHEMBL551942,,,5.4,,,,,,,,,,CN1CCN(C(=O)c2cnccn2)C(C)(c2nc(C(=O)NCc3ccc(F)cc3)c(O)c(=O)[nH]2)C1
CHEMBL551962,,,1.0,,,,,,,,,,CCCCCCOc1cc(Cl)c(C(=O)CCN2CC2C)c(Cl)c1
CHEMBL551975,,,1360.0,,,,,,,,,,CCCCCCSc1ccc(C(=O)CCN2CCNC(=O)C2)c(Cl)c1
CHEMBL551976,,,740.0,,,,,,,,,,CCCCCCSc1ccc(C(=O)CCN2CCN(S(=O)(=O)CC)CC2)c(Cl)c1
CHEMBL551978,,,,,,,,9.3,,,,,CCOc1ccc(/C=C2\NCCc3cc(OCC)c(OCC)cc32)cc1OCC
CHEMBL551979,,,190.0,,,,,,,,,,CCCCCCOc1ccc(C(=O)CCN(C)C)cc1C(C)(C)C
CHEMBL551984,,,,8.0,89.99981250039062,,,,30.0,108.0,33.74999999999999,,N#Cc1cccc(NCC(=O)Nc2c(Cl)ccc3nc(N4CC[C@@H](O)C4)ccc23)c1
CHEMBL552048,,,1540.0,,,,,,,,,,CCCCCCOc1cc(Cl)c(C(=O)CCN2CCN(C(C)=O)CC2)cc1Cl
CHEMBL552105,,,1270.0,,,,,,,,,,CCCCCCOc1ccc(C(=O)CCN(C)C)cc1SC
CHEMBL552106,,,1450.0,,,,,,,,,,CCCCCCOc1ccc(C(=O)CCN(C)C)c(SC)c1
CHEMBL552158,,,700.0,,,,,,,,,,CCCCCCOc1ccc(C(=O)CCN(C)C)cc1F
CHEMBL552185,,,660.0,,,,,,,,,,CCCCCCOc1ccc(C(=O)CCN(C)C)c2ccccc12
CHEMBL552275,,,214.0,,,,,,,,,,COCCCn1c(CN2C(=O)/C(=N/OCc3ccncc3)c3ccccc32)nc2ccccc21
CHEMBL552287,,,-6.49,,,,,,,,,,Cc1cc2c(C(=O)NCCc3ccccc3)c(O)c(O)cc2c(O)c1-c1c(C)cc2c(C(=O)NCCc3ccccc3)c(O)c(O)cc2c1O
CHEMBL552392,,,710.0,,,,,,,,,,CCCCCCOc1ccc2c(c1)CCC(CN(C)C)C2=O
CHEMBL552416,,,128.0,,,,,,,,,,CO/N=C1/C(=O)N(Cc2nc3ccccc3n2CCCCF)c2cnccc21
CHEMBL552512,,,,3.2,89.9995294142349,,,,3.0,10.8,5.094339622641509,,O=C(CC1CCCCCC1)Nc1cccc2c(=O)n([C@H]3CCNC3)ccc12
CHEMBL552513,,,,3.0,89.99950000277776,,,,8.0,28.8,12.413793103448272,,O=C(Cc1ccc(F)c(C(F)(F)F)c1)Nc1cccc2c(=O)n([C@@H]3CNC[C@H]3O)ccc12
CHEMBL552517,,,140.0,,,,,,,,,,CCCCCCSc1cc(Cl)c(C(=O)CCN2CC2C)cc1Cl
CHEMBL552704,,,1.6,,,,,,,,,,O=C(O)c1ccc(OC/C=C/Cn2c(=O)n(C(c3ccccc3)c3ccccc3)c(=O)c3ccc(-n4cncn4)cc32)cc1
CHEMBL552735,,,-6.61,,,,,,,,,,Cc1cc2c(CCc3ccccc3)c(O)c(O)cc2c(O)c1-c1c(C)cc2c(CCc3ccccc3)c(O)c(O)cc2c1O
CHEMBL552742,,,170.0,,,,,,,,,,CCCCCCOc1ccc(C(=O)CCN(C)C)c(N(C)C)c1
CHEMBL553,,,,8.59,89.99982202017469,,0.0418,,18.62,67.03200000000001,24.421451471874093,,C#Cc1cccc(Nc2ncnc3cc(OCCOC)c(OCCOC)cc23)c1
CHEMBL553025,,,,,,,,22.0,,,,,CCC1=C[C@@H]2CN(C1)Cc1c([nH]c3ccccc13)[C@@](C(=O)OC)(c1cc3c(cc1OC)N(C)[C@H]1[C@@](O)(C(=O)OC)[C@H](OC(C)=O)[C@]4(CC)C=CCN5CC[C@]31[C@@H]54)C2
CHEMBL553190,,,1470.0,,,,,,,,,,CCCCCCSc1ccc(C(=O)CCN(C)C)cc1
CHEMBL553404,,,3.0,,,,,,,,,,CC(C)n1c(=O)c(C(=O)N[C@H]2C[C@H]3CC[C@@H](C2)N3CCCCCCCN(C)CCCN(C)S(C)(=O)=O)cc2ccccc21
CHEMBL553405,,,19.0,,,,,,,,,,CC(C)n1c(=O)c(C(=O)N[C@H]2C[C@H]3CC[C@@H](C2)N3CC(O)CN2CCN(S(C)(=O)=O)CC2)cc2ccccc21
CHEMBL553474,,,-7.71,,,,,,,,,,Cc1cc2c(C(=O)NCCc3cccc(Cl)c3)c(O)c(O)cc2c(O)c1-c1c(C)cc2c(C(=O)NCCc3cccc(Cl)c3)c(O)c(O)cc2c1O
CHEMBL553624,,,930.0,,,,,,,,,,CCCCCCOc1cc(C)c(C(=O)CCN2CC2C)c(C)c1
CHEMBL553652,,,1280.0,,,,,,,,,,CCCCCCOc1ccc(C(=O)CCN2CCCC2)cc1
CHEMBL553702,,,1.8,,,,,,,,,,COc1ccc2c(=O)n(C(c3ccccc3)c3ccccc3)c(=O)n(C/C=C/COc3ccc(C(=O)O)cc3)c2c1
CHEMBL554,,,,91.2,89.99998355263459,,0.0026,,36.31,130.716,37.86235662148071,,CS(=O)(=O)CCNCc1ccc(-c2ccc3ncnc(Nc4ccc(OCc5cccc(F)c5)c(Cl)c4)c3c2)o1
CHEMBL554267,,,0.1,,,,,,,,,,Cc1cc(C)c(S(=O)(=O)N[C@H](CNC(=O)c2coc(C)n2)C(=O)O)c(C)c1
CHEMBL554365,,,0.3,,,,,,,,,,CS(=O)(=O)c1ccc2c(=O)n(C(c3ccccc3)c3ccccc3)c(=O)n(C/C=C/COc3ccc(C(=O)O)cc3)c2c1
CHEMBL554522,,,6.4,,,,,,,,,,C[C@@]1(c2nc(C(=O)NCc3ccc(F)cc3)c(O)c(=O)[nH]2)CCCN1
CHEMBL554901,,,21.4,,,,,,,,,,COC(=O)CCc1ccc2nc(-c3ccccc3)c3c(c2c1)OCCC3.Cl
CHEMBL554926,,,1e-07,,,,,,,,,,CS(=O)(=O)c1ccccc1-c1ccc(NC(=O)c2cc(C(F)(F)F)nn2-c2ccc3onc(N)c3c2)c(F)c1
CHEMBL555033,,,,,,,,,25.0,90.0,30.0,,O=C(CC1CCCCC1)Nc1c(Cl)ccc2nc(NCCCO)ccc12
CHEMBL555065,,,810.0,,,,,,,,,,CCCCCCOc1cc(Cl)c(C(=O)CCN2CC2C)cc1Cl
CHEMBL555222,,,22.0,,,,,,,,,,CC(C)n1c(=O)c(C(=O)N[C@H]2C[C@H]3CC[C@@H](C2)N3CCCN2CCN(c3ccccc3)CC2)cc2ccccc21
CHEMBL555223,,,3.0,,,,,,,,,,CC(C)n1c(=O)c(C(=O)N[C@H]2C[C@H]3CC[C@@H](C2)N3CCCN2CCC(CNS(C)(=O)=O)CC2)cc2ccccc21
CHEMBL555487,,,2.27,,,,,,,,,,OCC12C3C4C1N(Cc1ccccc1)C1(CO)C(CO)(C4c4ccccc4)C(N3Cc3ccccc3)C1(CO)C2c1ccccc1
CHEMBL555693,,,22.0,,,,,,,,,,CC(C)n1c(=O)c(C(=O)N[C@H]2C[C@H]3CC[C@@H](C2)N3CCCCCCCN2CCN(S(C)(=O)=O)CC2)cc2ccccc21
CHEMBL555726,,,50.0,,,,,,,,,,CCCCCS(=O)(=O)Nc1ccc(C(=O)CCN(C)C)cc1
CHEMBL555745,,,2.6,,,,,,,,,,O=C(O)c1ccc(OC/C=C/Cn2c(=O)n(C(c3ccccc3)c3ccccc3)c(=O)c3ccc([N+](=O)[O-])cc32)cc1
CHEMBL555749,,,230.0,,,,,,,,,,CCCCCCOc1ccc2c(c1)CC(CN(C)C)C2=O
CHEMBL556086,,,30.0,,,,,,,,,,N#CCCCn1c(CN2C(=O)/C(=N/OCC(N)=O)c3ccccc32)nc2ccccc21
CHEMBL556270,,,1.0,,,,,,,,,,CCCCCCOc1ccc(C(=O)CCN2CCN(S(=O)(=O)CC)CC2)c(Cl)c1Cl
CHEMBL556646,,,12.0,,,,,,,,,,CC(=O)OCCCCn1c(CN2C(=O)/C(=N/O)c3cccnc32)nc2ccccc21
CHEMBL556667,,,,150.0,89.9999900000011,,,,,,,,O=C(Nc1cccc(Cl)c1)c1ccccn1
CHEMBL556680,,,,43.0,89.99996511629259,,,,15.0,53.99999999999999,20.769230769230766,,O=C(CC12CC3CC(CC(C3)C1)C2)Nc1cccc2c(=O)n(C[C@H]3CCCN3)ccc12
CHEMBL557322,,,98.0,,,,,,,,,,CO/N=C1/C(=O)N(Cc2nc3ccccc3n2CCCCO)c2cnccc21
CHEMBL557461,,,2.6,,,,,,,,,,CC1CCN(C(=O)c2ccc3cc(OCCCN4CCCCC4)ccc3c2)CC1
CHEMBL557697,,,,,,,,,33.0,118.79999999999998,35.78313253012048,,O=C(O)c1cccc(-c2ccc3c(C(=O)NCC45CC6CC(CC(C6)C4)C5)c(Cl)ccc3n2)c1
CHEMBL557885,,,670.0,,,,,,,,,,COc1ccc(Nc2nc3cc(C(N)=O)ccc3n2Cc2ccccc2C(F)(F)F)cc1
CHEMBL557905,,,850.0,,,,,,,,,,CCCCCCOc1ccc(C(=O)CCN(C)C)c(S(C)(=O)=O)c1
CHEMBL557906,,,10.0,,,,,,,,,,CCCCCCSc1cc(Cl)c(C(=O)CCN2CCOCC2)c(Cl)c1
CHEMBL558,,,,,,,0.6347,9.9,,,,,Cc1cccc(C)c1OCC(C)N
CHEMBL558106,,,500.0,,,,,,,,,,CCCCCCOc1ccc(C(=O)CCN(C)C)c(C(F)(F)F)c1
CHEMBL558107,,,1340.0,,,,,,,,,,CCCCCCOc1ccc(C(=O)CCN(C)C)cc1[N+](=O)[O-]
CHEMBL558125,,,0.0,,,,,,,,,,O=C(O)c1ccc(OC/C=C/Cn2c(=O)n(C(c3ccccc3)c3ccccc3)c(=O)c3ccc(Oc4ccccc4)cc32)cc1
CHEMBL558130,,,0.021,,,,,,,,,,Cc1cc(C)c(S(=O)(=O)N[C@H](CNC(=O)c2ccnn2C)C(=O)O)c(C)c1
CHEMBL558198,,,2.78000278,,,,,,,,,,CN(C)Cc1nccn1-c1ccc(NC(=O)c2cc(C(F)(F)F)nn2-c2ccc3onc(N)c3c2)c(F)c1.Cl
CHEMBL558297,,,380.0,,,,,,,,,,CCCCCCS(=O)(=O)c1ccc(C(=O)CCN2CCN(S(=O)(=O)CC)CC2)c(Cl)c1Cl
CHEMBL558298,,,50.0,,,,,,,,,,CCCCCCSc1cc(Cl)c(C(=O)CCN2CCN(S(=O)(=O)CC)CC2)c(Cl)c1
CHEMBL558637,,,0.4,,,,,,,,,,O=C(CN1C[C@H](NC(=O)c2ccc(Cl)s2)[C@@H](OCCO)C1)Nc1ccc(-n2ccccc2=O)cc1F
CHEMBL558748,,,,,,,,,150.0,539.9999999999999,67.5,,O=C(NCC1CCCCC1)c1c(Cl)ccc2ncccc12
CHEMBL558855,,,2.0,,,,,,,,,,CC(C)n1c(=O)c(C(=O)N[C@H]2C[C@H]3CC[C@@H](C2)N3CCCN2CCC[C@@H]2C(N)=O)cc2ccccc21
CHEMBL558889,,,560.0,,,,,,,,,,CCCCCC(=O)Nc1ccc(C(=O)CCN(C)C)cc1
CHEMBL558917,,,0.046,,,,,,,,,,O=C(NC[C@@H](NS(=O)(=O)c1cccc(Cl)c1Cl)C(=O)O)c1ccsc1
CHEMBL559044,,,0.7,,,,,,,,,,Cc1c(CC(=O)O)c2cccnc2n1S(=O)(=O)c1ccc(F)c(C#N)c1
CHEMBL559050,,,4.0,,,,,,,,,,CC(C)n1c(=O)c(C(=O)N[C@H]2C[C@H]3CC[C@@H](C2)N3CCCN(C)CCCN(C)S(C)(=O)=O)cc2ccccc21
CHEMBL559078,,,,,,,,,24.0,86.39999999999999,29.18918918918919,,CCCCC(CC)CNC(=O)c1cc(-n2ncc(=O)[nH]c2=O)ccc1Cl
CHEMBL559288,,,,,,,,8.0,,,,,N#CC(CCN1CCC(C(N)=O)(N2CCCCC2)CC1)(c1ccccc1)c1ccccc1
CHEMBL559316,,,2.7,,,,,,,,,,Cc1c(CC(=O)O)c2cccnc2n1S(=O)(=O)c1ccc(Cl)c(C#N)c1
CHEMBL559322,,,28.0,,,,,,,,,,CC(C)n1c(=O)c(C(=O)N[C@H]2C[C@H]3CC[C@@H](C2)N3CCCCCCCN2CCOCC2)cc2ccccc21
CHEMBL559347,,,1.0,,,,,,,,,,COC(=O)C1CCN(c2ccc3c(=O)n(C(c4ccccc4)c4ccccc4)c(=O)n(C/C=C/COc4ccc(C(=O)O)cc4)c3c2)CC1
CHEMBL559492,,,21.3,,,,,,,,,,CC(=O)N1CCN(C)CC1(C)c1nc(C(=O)NCc2ccc(F)cc2)c(O)c(=O)[nH]1
CHEMBL559493,,,5.7,,,,,,,,,,Cc1nc(C)c(C(=O)N2CCCCC2c2nc(C(=O)NCc3ccc(F)cc3)c(O)c(=O)[nH]2)s1
CHEMBL559494,,,0.4,,,,,,,,,,CN1CCN(C(=O)c2cnccn2)C(c2nc(C(=O)NCc3ccc(F)cc3)c(O)c(=O)[nH]2)C1
CHEMBL559520,,,750.0,,,,,,,,,,CCCCCCOc1ccc(C(=O)CCN(C)C)c(C)c1
CHEMBL559521,,,70.0,,,,,,,,,,CCCCCCSc1ccc(C(=O)CCN2CC2C)c(Cl)c1Cl
CHEMBL559522,,,170.0,,,,,,,,,,CCCCCCSc1ccc(C(=O)CCN2CCOCC2)c(Cl)c1Cl
CHEMBL559696,,,,,,,0.0110999999999999,,,,,,O=c1[nH]cnc2scc(-c3cccs3)c12
CHEMBL559716,,,460.0,,,,,,,,,,CCCCCCOc1ccc(C(=O)CCN(C)C)cc1Br
CHEMBL559717,,,330.0,,,,,,,,,,CCCCCCSc1cc(Cl)c(C(=O)CCN(C)C)cc1Cl
CHEMBL559718,,,810.0,,,,,,,,,,CCCCCCSc1cc(Cl)c(C(=O)CCN2CCNC(=O)C2)cc1Cl
CHEMBL559968,,,,8.0,89.99981250039062,,0.028,,,,,,O=C(NCCc1ccccc1Cl)c1cc(-n2ncc(=O)[nH]c2=O)ccc1Cl
CHEMBL560108,,,540.0,,,,,,,,,,CCCCCCS(=O)(=O)c1cc(Cl)c(C(=O)CCN2CCNC(=O)C2)cc1Cl
CHEMBL560114,,,860.0,,,,,,,,,,CCCCCCOc1cc(C(C)C)c(C(=O)CCN(C)C)cc1C
CHEMBL560148,,,1100.0,,,,,,,,,,CCCCCCOc1cc(C)ccc1C(=O)CCN(C)C
CHEMBL560167,,,,,,,0.1095,,,,,,O=C(NCC12CC3CC(CC(C3)C1)C2)c1cc(OCCNCCCO)ncc1Cl
CHEMBL560172,,,1040.0,,,,,,,,,,CCCCCCOc1ccc(C(=O)CCN(C)C)cc1
CHEMBL560199,,,652.0,,,,,,,,,,COCCCn1c(CN2C(=O)/C(=N/OCC(F)(F)F)c3ccccc32)nc2ccccc21
CHEMBL560219,,,,21.5,89.99990838079734,,0.0097,,3.0,10.8,5.094339622641509,,O=C(Cc1ccc(Cl)c(C(F)(F)F)c1)Nc1cccc2c(=O)n(CCO)ccc12
CHEMBL560241,,,,57.0,89.99997368421822,,,,12.0,43.2,17.419354838709676,,Cc1cc(-c2ccc(Cl)c(C(=O)NCC3(O)CCCCCC3)c2)n[nH]1
CHEMBL560275,,,27.3,,,,,,,,,,Cc1ccc(C(=O)N2CCC(=CC(=O)N[C@@H]3CCN(Cc4ccc5cc(F)ccc5c4)C3)CC2)c(O)c1
CHEMBL560279,,,14.0,,,,,,,,,,Cc1c(CC(=O)O)c2cccnc2n1S(=O)(=O)c1ccc(Cl)c(Cl)c1
CHEMBL560309,,,1490.0,,,,,,,,,,CCCCCCOc1ccc(C(=O)CCn2ccnc2)cc1
CHEMBL560310,,,320.0,,,,,,,,,,CCCN1CCN(c2ccc(C(=O)CCN(C)C)cc2)CC1
CHEMBL560311,,,600.0,,,,,,,,,,CCCCCCOc1ccc(C(=O)CCN(C)C)c(Cl)c1Cl
CHEMBL560369,,,1420.0,,,,,,,,,,CCCCCCSc1ccc(C(=O)CCN2CCN(C(C)=O)CC2)c(Cl)c1
CHEMBL560377,,,,,,,0.002,,,,,,c1ccc2nc(COc3ccc(-c4n[nH]cc4-c4ccncc4)cc3)ccc2c1
CHEMBL560423,,,,3.0,89.99950000277776,,0.2402999999999999,,3.0,10.8,5.094339622641509,,O=C(NCC1(O)CCCCCC1)c1cc(-n2ncc(=O)[nH]c2=O)ccc1Cl
CHEMBL560478,,,158.0,,,,,,,,,,O=C1/C(=N/OCCF)c2ccncc2N1Cc1nc2ccccc2n1CCCCF
CHEMBL560510,,,780.0,,,,,,,,,,CCCCCCS(=O)(=O)c1ccc(C(=O)CCN(C)C)cc1
CHEMBL560512,,,830.0,,,,,,,,,,CCCCCCOc1ccc(C(=O)CCN(C)C)cc1-c1ccccc1
CHEMBL560568,,,140.0,,,,,,,,,,CCCCCCSc1ccc(C(=O)CCN(C)C)c(Cl)c1Cl
CHEMBL560569,,,2300.0,,,,,,,,,,CCCCCCSc1ccc(C(=O)CCN2CCN(C(C)=O)CC2)c(Cl)c1Cl
CHEMBL560591,,,180.0,,,,,,,,,,N#CCCCn1c(CN2C(=O)/C(=N/OCC(F)(F)F)c3cccnc32)nc2ccccc21
CHEMBL560675,,,10.0,,,,,,,,,,CCCCNC(=O)Nc1ccc(C(=O)CCN(C)C)cc1
CHEMBL560911,,,560.0,,,,,,,,,,CCCCCCOc1ccc(C(=O)CCN(CCCC)CCCC)cc1
CHEMBL560927,,,0.8,,,,,,,,,,Cc1cc(C)c(S(=O)(=O)N[C@H](CN2Cc3ccccc3C2=O)C(=O)O)c(C)c1
CHEMBL560928,,,4.6,,,,,,,,,,COc1ccccc1C(=O)NC[C@@H](NS(=O)(=O)c1c(C)cc(C)cc1C)C(=O)O
CHEMBL560936,,,237.0,,,,,,,,,,COCCCn1c(CN2C(=O)/C(=N/OCc3ccc(C(=O)N(C)C)cc3)c3ccccc32)nc2ccccc21
CHEMBL560944,,,0.4,,,,,,,,,,CC(=O)N1CCN(C)CC1c1nc(C(=O)NCc2ccc(F)cc2)c(O)c(=O)[nH]1
CHEMBL560972,,,930.0,,,,,,,,,,CCCCCCOc1ccc(C(=O)CCN(C)C)cc1C(F)(F)F
CHEMBL560976,,,,,,,,2.4,,,,,NC[C@@H]1CC[C@@H](N)[C@@H](O[C@H]2[C@H](O)[C@@H](O[C@H]3O[C@H](CO)[C@@H](O)[C@H](N)[C@H]3O)[C@H](N)C[C@@H]2N)O1
CHEMBL560993,,,,7.02,89.9997393573265,,0.0063999999999999,,3.0,10.8,5.094339622641509,,Cc1c(Cc2ccc3ccccc3n2)c2cc(F)ccc2n1CC(=O)O
CHEMBL561,,,4.366666666666666,,,,,,,,,,CCn1cc(C(=O)O)c(=O)c2cc(F)c(N3CCNC(C)C3)c(F)c21
CHEMBL561050,,,540.0,,,,,,,,,,CCCCCCOc1ccc(C(=O)CCN(C)C)cc1I
CHEMBL561051,,,20.0,,,,,,,,,,CCCCCCSc1cc(Cl)c(C(=O)CCN2CCN(S(=O)(=O)CC)CC2)cc1Cl
CHEMBL561052,,,350.0,,,,,,,,,,CCCCCCSc1cc(Cl)c(C(=O)CCN(C)C)c(Cl)c1
CHEMBL561137,,,27.0,,,,,,,,,,O=C1/C(=N/O)c2ccncc2N1Cc1nc2ccccc2n1CCCCF
CHEMBL561170,,,190.0,,,,,,,,,,CCCCCCSc1cc(Cl)c(C(=O)CCN2CC2C)c(Cl)c1
CHEMBL561245,,,1790.0,,,,,,,,,,CCCCCCOc1ccc(C(=O)CCN2CCOCC2)cc1
CHEMBL561318,,,1.5,,,,,,,,,,O=C(CN1C[C@H](NC(=O)c2ccc(Cl)s2)[C@@H](O)C1)Nc1ccc(-n2ccccc2=O)cc1F
CHEMBL561368,,,,,,,0.0056,,,,,,CC(C)NC(=O)c1cnc(N2CCC(N3C(=O)OCc4ccccc43)CC2)c(Cl)c1
CHEMBL561398,,,24.0,,,,,,,,,,CC(C)n1c(=O)c(C(=O)N[C@H]2C[C@H]3CC[C@@H](C2)N3CCCN2CCCCC2)cc2ccccc21
CHEMBL561446,,,170.0,,,,,,,,,,CCCCCCS(=O)(=O)c1cc(Cl)c(C(=O)CCN(C)C)c(Cl)c1
CHEMBL561539,,,10.05,,,,,,,,,,Cc1c(CC(=O)O)c2cccnc2n1S(=O)(=O)c1ccc(Cl)cc1
CHEMBL561569,,,90.0,,,,,,,,,,CCCCCCS(=O)(=O)c1cc(Cl)c(C(=O)CCN(C)C)cc1Cl
CHEMBL561570,,,680.0,,,,,,,,,,CCCCCCS(=O)(=O)c1cc(Cl)c(C(=O)CCN2CCOCC2)cc1Cl
CHEMBL561573,,,160.0,,,,,,,,,,CCCCCCS(=O)(=O)c1ccc(C(=O)CCN2CC2C)c(Cl)c1
CHEMBL561574,,,300.0,,,,,,,,,,CCCCCCS(=O)(=O)c1ccc(C(=O)CCN2CCN(S(=O)(=O)CC)CC2)c(Cl)c1
CHEMBL561648,,,770.0,,,,,,,,,,CCCCCCNC(=O)c1ccc(C(=O)CCN(C)C)cc1
CHEMBL561649,,,1880.0,,,,,,,,,,CCCCCCS(=O)(=O)c1cc(C)c(C(=O)CCN(C)C)c(C)c1
CHEMBL561650,,,370.0,,,,,,,,,,CCCCCCOc1ccc(C(=O)CCN2CC2C)c(Cl)c1Cl
CHEMBL561653,,,150.0,,,,,,,,,,CCCCCCOc1ccc(-c2ccc(C(=O)CCN(C)C)cc2)cc1
CHEMBL561696,,,530.0,,,,,,,,,,CSc1ccc(Nc2nc3cc(C(N)=O)ccc3n2Cc2ccccc2C(F)(F)F)cc1
CHEMBL561742,,,160.0,,,,,,,,,,CO/N=C1/C(=O)N(Cc2nc3ccccc3n2CCCC#N)c2ncccc21
CHEMBL561771,,,,150.0,89.9999900000011,,,,146.0,525.6,67.04081632653062,,COc1cccc(NC(=O)c2cccc(Cc3c(C)nn(CCO)c3-c3ccccc3)c2)c1
CHEMBL561820,,,-6.27,,,,,,,,,,Cc1cc2c(CC3CCCC3)c(O)c(O)cc2c(O)c1-c1c(C)cc2c(CC3CCCC3)c(O)c(O)cc2c1O
CHEMBL561850,,,1550.0,,,,,,,,,,CCCCCCCc1ccc(C(=O)CCN(C)C)cc1
CHEMBL561975,,,770.0,,,,,,,,,,CCCCCCS(=O)(=O)c1ccc(C(=O)CCN2CCN(C(C)=O)CC2)c(Cl)c1Cl
CHEMBL561993,,,2.0,,,,,,,,,,Cc1ccc2c(=O)n(C(c3ccccc3)c3ccccc3)c(=O)n(C/C=C/COc3ccc(C(=O)O)cc3)c2c1
CHEMBL562141,,,115.0,,,,,,,,,,O=C1/C(=N/OCCF)c2cccnc2N1Cc1nc2ccccc2n1CCCCO
CHEMBL562173,,,1200.0,,,,,,,,,,CCCCCCS(=O)(=O)c1cc(C)c(C(=O)CCN2CC2C)c(C)c1
CHEMBL562250,,,1660.0,,,,,,,,,,CCCCCCOc1ccc(C(=O)CCN2CC2C)cc1
CHEMBL562251,,,440.0,,,,,,,,,,CCCCCCS(=O)(=O)c1ccc(C(=O)CCN2CC2C)c(Cl)c1Cl
CHEMBL562308,,,,,,,0.0456999999999999,,,,,,O=C(CC12CC3CC(CC(C3)C1)C2)Nc1cccc2nc(NCCNCCO)ccc12
CHEMBL562310,,,,,,,0.0110999999999999,,,,,,O=C(Nc1cccc2cccnc12)c1ccc(N2C(=O)[C@@H]3[C@H](C2=O)[C@@H]2C=C[C@H]3C2)cc1
CHEMBL562318,,,,,,,0.0012,,,,,,Cn1cc(-c2ccncc2)c(-c2ccc(OCc3ccc4ccccc4n3)cc2)n1
CHEMBL562476,,,4.6,,,,,,,,,,CNC[C@@H](O)[C@H](c1ccccc1)n1ccc2ccccc21
CHEMBL562482,,,15.3,,,,,,,,,,CN1CCCCC1(C)c1nc(C(=O)NCc2ccc(F)cc2)c(O)c(=O)n1C
CHEMBL562507,,,500.0,,,,,,,,,,CCCCCCSc1ccc(C(=O)CCN2CC2C)c(Cl)c1
CHEMBL562536,,,154.0,,,,,,,,,,O=C1/C(=N/OCC(F)(F)F)c2cccnc2N1Cc1nc2ccccc2n1CCCCO
CHEMBL562551,,,,150.0,89.9999900000011,,,,,,,,COc1cc(NC(=O)c2ccccn2)ccc1Cl
CHEMBL562595,,,57.6,,,,,,,,,,CN1CCN(S(=O)(=O)N(C)C)CC1(C)c1nc(C(=O)NCc2ccc(F)cc2)c(O)c(=O)n1C
CHEMBL562698,,,,7.2,89.99979166714891,,,,73.0,262.8,53.41463414634146,,O=C(NCC12CC3CC(CC(C3)C1)C2)c1ccnc(N2CCNCC2)c1Cl
CHEMBL562733,,,42.0,,,,,,,,,,N#CCCCn1c(CN2C(=O)/C(=N/O)c3cccnc32)nc2ccccc21
CHEMBL562897,,,4.7,,,,,,,,,,O=C(NC1CC2CCC(C1)N2Cc1ccc2cc(F)ccc2c1)c1cc[n+]([O-])cc1C(=O)N1CCCCC1
CHEMBL563,,,,,,,,,23.5,84.6,28.775510204081627,,CC(C(=O)O)c1ccc(-c2ccccc2)c(F)c1
CHEMBL563032,,,470.0,,,,,,,,,,CCCCCCS(=O)(=O)c1cc(C)c(C(=O)CCN2CCN(C(C)=O)CC2)c(C)c1
CHEMBL563154,,,1310.0,,,,,,,,,,CCCCCCSc1cc(Cl)c(C(=O)CCN2CCOCC2)cc1Cl
CHEMBL563175,,,670.0,,,,,,,,,,CCCCCCS(=O)(=O)c1cc(Cl)c(C(=O)CCN2CCN(C(C)=O)CC2)cc1Cl
CHEMBL563181,,,1960.0,,,,,,,,,,CCCCCCOc1ccc(C(=O)CCN(C)C)c(Cl)c1
CHEMBL563189,,,19.9,,,,,,,,,,O=C(C=C1CCN(C(=O)c2ccccc2)CC1)N[C@@H]1CCN(Cc2ccc3cc(F)ccc3c2)C1
CHEMBL563264,,,155.0,,,,,,,,,,N#CCCCn1c(CN2C(=O)/C(=N/OCCF)c3cccnc32)nc2ccccc21
CHEMBL56337,,,7.62,,,,,,,,,,CC(/C=C1\SC(=S)N(CC(=O)O)C1=O)=C\c1ccccc1
CHEMBL563498,,,,,,,0.0365999999999999,,,,,,N#Cc1c(O)nc(N)nc1-c1ccccc1
CHEMBL563566,,,730.0,,,,,,,,,,CCCCCCS(=O)(=O)c1cc(Cl)c(C(=O)CCN2CCN(S(=O)(=O)CC)CC2)cc1Cl
CHEMBL563628,,,3.5,,,,,,,,,,CC(=O)N1CCCC1c1nc(C(=O)NCc2ccc(F)cc2)c(O)c(=O)[nH]1
CHEMBL563757,,,6.3,,,,,,,,,,CC(=O)N1CCCCC1(C)c1nc(C(=O)NCc2ccc(F)cc2)c(O)c(=O)[nH]1
CHEMBL563784,,,,,,,,,10.0,36.0,15.0,,O=C(NCC12CC3CC(CC(C3)C1)C2)c1cc(N2CCNCC2)ncc1Cl
CHEMBL563804,,,1010.0,,,,,,,,,,CCCCCCSc1cc(Cl)c(C(=O)CCN2CCN(C(C)=O)CC2)cc1Cl
CHEMBL563816,,,470.0,,,,,,,,,,CCCCCCS(=O)(=O)c1cc(Cl)c(C(=O)CCN2CCOCC2)c(Cl)c1
CHEMBL563871,,,860.0,,,,,,,,,,CCCCCCOc1cc(Cl)c(C(=O)CCN2CCN(S(=O)(=O)CC)CC2)c(Cl)c1
CHEMBL563898,,,3.74,,,,,,,,,,CC(=O)N1CCCCC1c1nc(C(=O)NCc2ccc(F)cc2)c(O)c(=O)[nH]1
CHEMBL563943,,,980.0,,,,,,,,,,CCCCCCS(=O)(=O)c1cc(Cl)c(C(=O)CCN2CC2C)c(Cl)c1
CHEMBL563949,,,9.15,,,,,,,,,,Cc1c(CC(=O)O)c2cccnc2n1S(=O)(=O)c1ccc(F)c(F)c1
CHEMBL564,,,13.52,,,,0.1008999999999999,7.9,,,,,CN(C)CCCN1c2ccccc2Sc2ccccc21
CHEMBL564011,,,0.45,,,,,,,,,,Cc1cc(C)c(S(=O)(=O)N[C@H](CNCC(=O)c2ccoc2)C(=O)O)c(C)c1
CHEMBL564112,,,240.0,,,,,,,,,,CCCCCCS(=O)(=O)c1ccc(C(=O)CCN2CCNC(=O)C2)c(Cl)c1
CHEMBL564246,,,141.0,,,,,,,,,,CO/N=C1/C(=O)N(Cc2nc3ccccc3n2CCCCO)c2ncccc21
CHEMBL564248,,,0.9,,,,,,,,,,O=C(Cn1cnc(NC(=O)c2ccc(Cl)s2)n1)Nc1ccc(-n2ccccc2=O)cc1F
CHEMBL564267,,,34.3,,,,,,,,,,CN1CCN(S(C)(=O)=O)CC1(C)c1nc(C(=O)NCc2ccc(F)cc2)c(O)c(=O)n1C
CHEMBL564271,,,20.0,,,,,,,,,,C=C1NC(=O)CC[C@@H](C(=O)O)NC(=O)[C@H](NC(=O)[C@H](CCCCN)NC(=O)[C@@H](N)Cc2c[nH]c3ccccc23)CSC[C@@H](C(=O)N[C@@H]2C(=O)N3CCC[C@H]3C(=O)NCC(=O)N[C@H](C(=O)N[C@H](C(=O)N[C@@H]3C(=O)NCC(=O)N[C@@H](C)C(=O)N[C@@H](CC(C)C)C(=O)N[C@@H](CCC(N)=O)C(=O)N/C(=C/C)C(=O)N[C@H](C(=O)N[C@@H](Cc4ccccc4)C(=O)N[C@@H](CC(C)C)C(=O)N[C@@H](CCC(N)=O)C(=O)N[C@@H]4C(=O)N[C@@H](CC(C)C)C(=O)N[C@H]5C(=O)N[C@@H](CSC4C)C(=O)NC(=O)[C@H](CC(N)=O)N[C@H](C(=O)N[C@@H](CCCCN)C(=O)N[C@H](C(=O)NC(=C)C(=O)N[C@@H](CCCCN)C(=O)O)[C@@H](C)CC)CSC5C)CSC3C)C(C)C)CSC2C)N[C@@H](CC(C)C)C(=O)NC1=O
CHEMBL564363,,,182.0,,,,,,,,,,CS(=O)(=O)CCCn1c(CN2C(=O)/C(=N/OCCF)c3cccnc32)nc2ccccc21
CHEMBL564366,,,,,,,,,33.0,118.79999999999998,35.78313253012048,,Cc1ccc2nc(CCNCCCO)ccc2c1NC(=O)CC12CC3CC(CC(C3)C1)C2
CHEMBL564464,,,430.0,,,,,,,,,,CCCCCCS(=O)(=O)c1cc(Cl)c(C(=O)CCN2CCNC(=O)C2)c(Cl)c1
CHEMBL564535,,,,,,,,,11.0,39.6,16.22950819672131,,CN(C)C[C@H](O)Cc1ccc(Cl)c(C(=O)NCC23CC4CC(CC(C4)C2)C3)c1
CHEMBL564607,,,,3.0,89.99950000277776,,0.0076999999999999,,40.0,144.0,40.0,,O=C(O)c1ccc(-c2ccc(Cl)c(C(=O)NCC34CC5CC(CC(C5)C3)C4)c2)cc1
CHEMBL564737,,,,12.5,89.99988000016,,0.089,,3.0,10.8,5.094339622641509,,O=C(NCC1(O)CCCCCC1)c1cc(-c2ccccc2C(=O)O)ccc1Cl
CHEMBL564885,,,,4.0,89.99962500156249,,,,68.0,244.8,51.86440677966102,,O=C(NCC12CC3CC(CC(C3)C1)C2)c1ccnc(NCC2CCNCC2)c1Cl
CHEMBL564984,,,0.7,,,,,,,,,,O=C(NCc1ccc(F)cc1)c1nc(C2CCCN2)[nH]c(=O)c1O
CHEMBL565073,,,,,,,0.0312999999999999,,,,,,O=C(CC1CCN(Cc2ccn(-c3ccc(C(F)(F)F)cc3)c2)CC1)NC(c1ccc(F)cc1)c1cccnc1
CHEMBL565150,,,270.0,,,,,,,,,,CCCCCCOc1ccc(C(=O)CCN(C)C)c(I)c1
CHEMBL565195,,,18.0,,,,,,,,,,CS(=O)(=O)c1ccc(Nc2nc3cc(C(N)=O)ccc3n2Cc2ccccc2C(F)(F)F)cc1
CHEMBL565220,,,1.9,,,,,,,,,,CC1(c2nc(C(=O)NCc3ccc(F)cc3)c(O)c(=O)[nH]2)CCCCN1
CHEMBL565360,,,77.0,,,,,,,,,,CC1(CC(=O)NCc2ccccc2Sc2ccccc2CO)CC2(CCCCC2)OO1
CHEMBL565361,,,65.0,,,,,,,,,,COc1cccc(CNC(=O)CC2(C)CC3(CCCCC3)OO2)c1
CHEMBL56564,,,,,,,,5.6,,,,,CN1[C@@H]2CC[C@H]1C[C@@H](OC(=O)c1c[nH]c3ccccc13)C2
CHEMBL565755,,,,43.075,89.99992748672074,,,,19.95,71.82,25.66833452466047,,CCOc1ccc2nc(N)sc2c1
CHEMBL567,,,,,,,0.0148999999999999,9.4,,,,,OCCN1CCN(CCCN2c3ccccc3Sc3ccc(Cl)cc32)CC1
CHEMBL567124,,,3.28,,,,,,,,,,Cc1c(Nc2c(C#N)cncc2/C=C/c2cccc(OCCN3CCN(C)CC3)c2)ccc2[nH]ccc12
CHEMBL567243,,,5.59,,,,,,,,,,CCOC(=O)c1ncn2c1Cn1ncnc1-c1cc(Cl)ccc1-2
CHEMBL567376,,,37.0,,,,,,,,,,CC1(CC(=O)NCc2ccccc2N)CC2(CCCCC2)OO1
CHEMBL567470,,,34.0,,,,,,,,,,CCCOCCn1c(=O)c(N[C@H]2CC[C@H](O)CC2)nc2cnc(-c3ccc(OC)nc3)cc21
CHEMBL567570,,,169.0,,,,,,,,,,C[C@@H]1CN(C(=O)c2ccccc2)CCN1C(=O)C(=O)c1c[nH]c2ccccc12
CHEMBL567582,,,55.0,,,,,,,,,,CC1(CC(=O)NCc2ccc3c(c2)OCC=CO3)CC2(CCCCC2)OO1
CHEMBL567850,,,58.0,,,,,,,,,,COc1ccc(OC)c(S(=O)(=O)Nc2cnc3ccccc3c2)c1
CHEMBL568,,,,8.51,89.99982373712547,,0.0383,6.7,,,,,O=C1Nc2ccc(Cl)cc2C(c2ccccc2)=NC1O
CHEMBL568438,,,33.0,,,,,,,,,,CC1(CC(=O)NCc2ccccn2)CC2(CCCCC2)OO1
CHEMBL568444,,,49.0,,,,,,,,,,CC1(CC(=O)NCc2ccc([N+](=O)[O-])cc2)CC2(CCCCC2)OO1
CHEMBL568705,,,0.1,,,,,,,,,,CC(=O)OC[C@H]1O[C@@H](S(N)(=O)=O)[C@H](OC(C)=O)[C@@H](OC(C)=O)[C@@H]1OC(C)=O
CHEMBL568799,,,1.3,,,,,,,,,,CNc1nc(NCc2ccc(NC(=O)c3ccc(F)cc3)cc2)c2cc(C)ccc2n1
CHEMBL568800,,,2.0,,,,,,,,,,Cc1ccc2c(NCc3ccc(NC(=O)c4ccc(F)cc4)cc3)nc(N3CCCCC3)nc2c1
CHEMBL568821,,,0.7,,,,,,,,,,CC(=O)c1ccc2c(NCc3ccc(NC(=O)c4ccc(F)cc4)cc3)nc(N(C)C)nc2c1
CHEMBL568823,,,5.8,,,,,,,,,,CNc1nc(NCc2ccc(NC(=O)c3ccc(C)cc3)cc2)c2ccccc2n1
CHEMBL568825,,,4.4,,,,,,,,,,Cc1ccc2c(NCc3ccc(NC(=O)c4ccc(F)cc4)cc3)nc(N3CCN(C)CC3)nc2c1
CHEMBL568851,,,1.6,,,,,,,,,,Cc1ccc2c(NCc3ccc(NC(=O)c4ccc(F)cc4)cc3)nc(N(C)C)nc2c1
CHEMBL568852,,,0.1,,,,,,,,,,Cc1ccc2c(NCc3ccc(NC(=O)c4ccc(F)cc4)cc3)nc(N3CCNCC3)nc2c1
CHEMBL568853,,,2.4,,,,,,,,,,CNc1nc(NCc2ccc(NC(=O)c3ccc(Cl)cc3)cc2)c2cc(C)ccc2n1
CHEMBL568894,,,1.4,,,,,,,,,,CC(C)(C)[C@H]1C(O)=C(C2=CS(=O)(=O)c3cc(NS(C)(=O)=O)ccc3N2)C(=O)N1Cc1ccc(F)cc1
CHEMBL568904,,,,,,,,,13.0,46.8,18.57142857142857,,Cc1ccc2c(N)c(C(N)=O)sc2n1
CHEMBL569002,,,0.0,,,,,,,,,,Cc1ccc2c(NCc3ccc(NC(=O)c4ccc(F)cc4)cc3)nc(N3CCOCC3)nc2c1
CHEMBL569004,,,1.5,,,,,,,,,,Cc1ccc2c(NCc3ccc(NC(=O)c4ccc(F)cc4)cc3)nc(N3CCC3)nc2c1
CHEMBL569077,,,0.5,,,,,,,,,,Cc1ccc2c(NCc3ccc(NC(=O)c4ccc(F)cc4)cc3)nc(N3CCCC3)nc2c1
CHEMBL569098,,,0.0,,,,,,,,,,CN(C)c1nc(NCc2ccc(NC(=O)c3ccc(F)cc3)cc2)c2ccc(CO)cc2n1
CHEMBL569099,,,0.4,,,,,,,,,,CN(C)Cc1ccc2c(NCc3ccc(NC(=O)c4ccc(F)cc4)cc3)nc(N(C)C)nc2c1
CHEMBL569102,,,4.2,,,,,,,,,,CNc1nc(NCc2ccc(NC(=O)c3ccc(F)cc3)cc2)c2ccccc2n1
CHEMBL569103,,,0.0,,,,,,,,,,CNc1nc(NCc2ccc(NC(=O)c3ccc(Cl)nc3)cc2)c2ccccc2n1
CHEMBL569131,,,161.0,,,,,,,,,,CC(C)C1CN(C(=O)C(=O)c2c[nH]c3cccc(F)c23)CCN1C(=O)c1ccccc1
CHEMBL569133,,,96.0,,,,,,,,,,C[C@@H]1CN(C(=O)c2ccccc2)[C@H](C)CN1C(=O)C(=O)c1c[nH]c2cccc(F)c12
CHEMBL569168,,,0.5,,,,,,,,,,NS(=O)(=O)[C@@H]1O[C@H](CO)[C@@H](O[C@H]2O[C@H](CO)[C@@H](O)[C@H](O)[C@H]2O)[C@H](O)[C@H]1O
CHEMBL569170,,,0.4,,,,,,,,,,NS(=O)(=O)[C@@H]1O[C@H](CO)[C@@H](O)[C@H](O)[C@H]1O
CHEMBL569184,,,,19.05,89.9999212599114,,0.0476999999999999,,,,,,COc1ccc(CCN2C(=O)N(NS(C)(=O)=O)C[C@@H]2c2ccc(OC)cc2)cc1
CHEMBL569185,,,39.5,21.88,89.99993144429354,,0.0633,,,,,,COc1ccc(CCN2C(=O)N(NS(C)(=O)=O)C[C@H]2c2ccc(OC)cc2)cc1
CHEMBL569230,,,1.1,,,,,,,,,,C=Cc1ccc2c(NCc3ccc(NC(=O)c4ccc(F)cc4)cc3)nc(N(C)C)nc2c1
CHEMBL569231,,,0.3,,,,,,,,,,CCc1ccc2c(NCc3ccc(NC(=O)c4ccc(F)cc4)cc3)nc(N(C)C)nc2c1
CHEMBL569321,,,0.0,,,,,,,,,,CNc1nc(NCc2ccc(NC(=O)c3ccc(Cl)nc3)cc2)c2cc(C)ccc2n1
CHEMBL569477,,,3.6,,,,,,,,,,CCOC(=O)c1ncn2c1Cc1cnc(C)nc1-c1cc(Br)ccc1-2
CHEMBL569532,,,0.9,,,,,,,,,,CNc1nc(NCc2ccc(NC(=O)c3ccc(Cl)cc3)cc2)c2c(C)cccc2n1
CHEMBL569533,,,0.2,,,,,,,,,,CNc1nc(NCc2ccc(NC(=O)c3ccc(Cl)nc3)cc2)c2c(C)cccc2n1
CHEMBL569639,,,54.0,,,,,,,,,,COc1ccc(Br)cc1S(=O)(=O)Nc1cnc2ccccc2c1
CHEMBL569682,,,0.0,,,,,,,,,,CN(C)c1nc(NCc2ccc(NC(=O)c3ccc(F)cc3)cc2)c2ccc(I)cc2n1
CHEMBL569720,,,,,,,0.3039,,,,,,Cc1cc(Nc2nc(N[C@@H](C)c3ncc(F)cn3)c(C#N)nc2C)n[nH]1
CHEMBL569738,,,,,,,0.2198999999999999,,34.67,124.81199999999998,36.85248612259359,,Cc1cc(Nc2cncc(N[C@@H](C)c3ccc(F)cn3)n2)n[nH]1
CHEMBL569745,,,0.02,,,,,,,,,,Cc1ccc2c(NCc3ccc(NC(=O)c4ccc(F)cc4)cc3)nc(N3CCNC(C)(C)C3)nc2c1
CHEMBL569754,,,0.0,,,,,,,,,,CNc1nc(NCc2ccc(NC(=O)c3ccnc(Cl)c3)cc2)c2ccccc2n1
CHEMBL569792,,,170.0,,,,,,,,,,CC(C)(C)C1CN(C(=O)c2ccccc2)CCN1C(=O)C(=O)c1c[nH]c2cccc(F)c12
CHEMBL569806,,,69.0,,,,,,,,,,CCCCCC1CN(C(=O)C(=O)c2c[nH]c3cccc(F)c23)CCN1C(=O)c1ccccc1
CHEMBL569807,,,172.0,,,,,,,,,,CCCC1CN(C(=O)c2ccccc2)CCN1C(=O)C(=O)c1c[nH]c2cccc(F)c12
CHEMBL569808,,,154.0,,,,,,,,,,CCCCCC1CN(C(=O)c2ccccc2)CCN1C(=O)C(=O)c1c[nH]c2cccc(F)c12
CHEMBL569845,,,1600.0,,,,,,,,,,CCCCCCSc1ccc(C(=O)CCN2CCNC(=O)C2)c(Cl)c1Cl
CHEMBL569962,,,0.0,,,,,,,,,,CNc1nc(NCc2ccc(NC(=O)c3ccc(Cl)cc3)cc2)c2cccc(C)c2n1
CHEMBL57,,,,,,,0.5572999999999999,53.0,,,,,Cc1ccnc2c1NC(=O)c1cccnc1N2C1CC1
CHEMBL570002,,,,,,,0.1864,,,,,,Cc1cc(Nc2cnc(C#N)c(N[C@@H](C)c3ncc(F)cn3)n2)n[nH]1
CHEMBL570015,,,,75.025,89.99995682431728,,0.0148999999999999,,150.0,539.9999999999999,67.5,,COc1cccc(Nc2c(C(N)=O)cnc3c(C)cc(S(=O)(=O)c4cccc(C(=O)N(C)C)c4)cc23)c1
CHEMBL570017,,,190.0,,,,,,,,,,CC(C)(C)C1CN(C(=O)C(=O)c2c[nH]c3cccc(F)c23)CCN1C(=O)c1ccccc1
CHEMBL570192,,,,,,,0.0594,,,,,,Cc1cc(Nc2nc(O[C@@H](C)c3ccc(F)cn3)c(C#N)nc2C)n[nH]1
CHEMBL570194,,,0.4,,,,,,,,,,Cc1ccc2c(NCc3ccc(NC(=O)c4ccc(F)cc4)cc3)nc(N3CCN[C@H](C)C3)nc2c1
CHEMBL570307,,,1350.0,,,,,,,,,,CCCCCCOc1ccc(C(=O)C(C)CN(C)C)cc1
CHEMBL570417,,,5.3,,,,,,,,,,CNc1nc(NCc2ccc(NC(=O)c3ccc(C(F)(F)F)cc3)cc2)c2ccccc2n1
CHEMBL570418,,,3.0,,,,,,,,,,CNc1nc(NCc2ccc(NC(=O)c3cccc(Cl)c3)cc2)c2ccccc2n1
CHEMBL570485,,,88.0,,,,,,,,,,C[C@H]1CN(C(=O)c2ccccc2)CCN1C(=O)C(=O)c1c[nH]c2cccc(F)c12
CHEMBL570656,,,4.2,,,,,,,,,,CNc1nc(NCc2ccc(NC(=O)c3ccc(F)cc3)cc2)c2cccc(C)c2n1
CHEMBL570667,,,5.9,,,,,,,,,,NCC1CCN(c2nccc(-c3ccc4ccccc4c3)n2)CC1
CHEMBL570776,,,870.0,,,,,,,,,,CCCCCCOc1ccc(C(=O)CCN2CC2C)c(Cl)c1
CHEMBL570899,,,,,,,0.0854,,15.85,57.06,21.662870159453306,,Cc1cc(Nc2cncc(N[C@@H](C)c3ncc(F)cn3)n2)n[nH]1
CHEMBL570902,,,0.0,,,,,,,,,,CCCNc1nc(NCc2ccc(NC(=O)c3ccc(F)cc3)cc2)c2ccc(C)cc2n1
CHEMBL570931,,,171.0,,,,,,,,,,CCC1CN(C(=O)C(=O)c2c[nH]c3cccc(F)c23)CCN1C(=O)c1ccccc1
CHEMBL570934,,,0.98,,,,,,,,,,CC(C)(C)[C@H]1C(O)=C(C2=CS(=O)(=O)c3cc(NS(C)(=O)=O)ccc3N2)C(=O)N1Cc1ccc(F)c(Cl)c1
CHEMBL571,,,,28.35,89.99973603491277,,0.0126999999999999,2.1,,,,,CC(C(=O)O)c1cccc(C(=O)c2ccccc2)c1
CHEMBL571135,,,72.0,,,,,,,,,,CC1CN(C(=O)c2ccccc2)CCN1C(=O)C(=O)c1c[nH]c2cccc(F)c12
CHEMBL571147,,,154.0,,,,,,,,,,CCCC1CN(C(=O)C(=O)c2c[nH]c3cccc(F)c23)CCN1C(=O)c1ccccc1
CHEMBL571148,,,50.0,,,,,,,,,,C[C@@H]1CN(C(=O)c2ccccc2)[C@@H](C)CN1C(=O)C(=O)c1c[nH]c2cccc(F)c12
CHEMBL571226,,,1380.0,,,,,,,,,,CCCCCCOc1cc(Cl)c(C(=O)CCN2CCNC(=O)C2)c(Cl)c1
CHEMBL571353,,,,,,,0.0098999999999999,,,,,,Cc1nc(C(F)(F)F)ccc1C(=O)Nc1ccc(Cl)c(-c2ccccn2)c1
CHEMBL571526,,,,,,,0.0219,,,,,,Cc1cc(Nc2nc(O[C@H](C)c3ccc(F)cn3)c(C#N)nc2C)n[nH]1
CHEMBL571578,,,46.0,,,,,,,,,,COc1cccc2[nH]cc(C(=O)C(=O)N3CCN(C(=O)c4ccccc4)C[C@H]3C)c12
CHEMBL571581,,,3.96,,,,,,,,,,Cc1c(Nc2c(C#N)cncc2-c2cc3cc(CN4CCN(C)CC4)ccc3o2)ccc2[nH]ccc12
CHEMBL571720,,,7.0,,,,,,,,,,COc1ccc(C)cc1S(=O)(=O)Nc1cnc2ccccc2c1
CHEMBL571721,,,11.0,,,,,,,,,,COc1cc([N+](=O)[O-])ccc1S(=O)(=O)Nc1cnc2ccccc2c1
CHEMBL571796,,,150.0,,,,,,,,,,CCC1CN(C(=O)c2ccccc2)CCN1C(=O)C(=O)c1c[nH]c2cccc(F)c12
CHEMBL571810,,,190.0,,,,,,,,,,CC(C)CC1CN(C(=O)C(=O)c2c[nH]c3cccc(F)c23)CCN1C(=O)c1ccccc1
CHEMBL571825,,,1.62,,,,,,,,,,Cc1cc(CN2C(=O)C(C3=CS(=O)(=O)c4cc(NS(C)(=O)=O)ccc4N3)=C(O)[C@@H]2C(C)(C)C)ccc1F
CHEMBL571994,,,1.4,,,,,,,,,,CNc1nc(NCc2ccc(NC(=O)c3ccc(Cl)cc3)cc2)c2ccccc2n1
CHEMBL572,,,,3.0,89.99950000277776,,,0.97,,,,,O=C1CN(/N=C/c2ccc([N+](=O)[O-])o2)C(=O)N1
CHEMBL572013,,,54.0,,,,,,,,,,C[C@@H]1CN(C(=O)c2ccccc2)CCN1C(=O)C(=O)c1c[nH]c2cccc(F)c12
CHEMBL572016,,,,,,,0.0390999999999999,,,,,,Cc1cnc(-c2cc(NC(=O)c3ccc(C(F)(F)F)nc3C)ccc2Cl)[nH]1
CHEMBL572035,,,165.0,,,,,,,,,,CC(C)C1CN(C(=O)c2ccccc2)CCN1C(=O)C(=O)c1c[nH]c2cccc(F)c12
CHEMBL572246,,,1.8,,,,,,,,,,CC(C)(C)CCN1C(=O)C(C2=CS(=O)(=O)c3cc(NS(C)(=O)=O)ccc3N2)=C(O)[C@@H]1C(C)(C)C
CHEMBL572341,,,260.0,,,,,,,,,,CCCCCCS(=O)(=O)c1cc(Cl)c(C(=O)CCN2CC2C)cc1Cl
CHEMBL572342,,,770.0,,,,,,,,,,CCCCCCSc1cc(C)c(C(=O)CCN2CC2C)c(C)c1
CHEMBL572348,,,1020.0,,,,,,,,,,CCCCCCOc1ccc(C(=O)CCN(C)C)cc1Cl
CHEMBL572683,,,0.21,,,,,,,,,,Cc1cc(CN2C(=O)C(C3=NS(=O)(=O)c4c(CN(C)S(C)(=O)=O)cccc43)=C(O)[C@@H]2C(C)(C)C)ccc1F
CHEMBL572774,,,83.0,,,,,,,,,,COc1ccc(C)cc1S(=O)(=O)Nc1cccnc1
CHEMBL573,,,,,,,0.5516,,,,,,O=C(O)c1cccnc1
CHEMBL573460,,,0.02,,,,,,,,,,CC(=O)OC[C@H]1O[C@@H](S(N)(=O)=O)[C@H](OC(C)=O)[C@@H](OC(C)=O)[C@@H]1O[C@H]1O[C@H](COC(C)=O)[C@@H](OC(C)=O)[C@H](OC(C)=O)[C@H]1OC(C)=O
CHEMBL574059,,,,6.17,89.99975688882526,,0.004,,131.83,474.588,65.25160864543805,,Cn1c(=O)c(-c2c(Cl)cccc2Cl)cc2cnc(Nc3ccc(F)cc3)nc21
CHEMBL575,,,,,,,,0.64,,,,,COc1cccc(OC)c1C(=O)N[C@@H]1C(=O)N2[C@@H]1SC(C)(C)[C@@H]2C(=O)O
CHEMBL57531,,,,120.23,89.99998752391423,,0.1140999999999999,,21.88,78.768,27.39565943238731,,Nc1ncc2cc(-c3c(Br)cccc3Br)c(N)nc2n1
CHEMBL575448,,,264.0,70.79,89.99997881057146,,0.0209,,,,,,C[C@@]1(C(=O)Nc2ccc(F)nc2)CCCN1c1nc(Nc2cc(C3CC3)n[nH]2)c2cccn2n1
CHEMBL575777,,,0.09,,,,,,,,,,Cc1cc(CN2C(=O)C(C3=NS(=O)(=O)c4c(CNS(C)(=O)=O)cccc43)=C(O)[C@@H]2C(C)(C)C)ccc1F
CHEMBL575934,,,37.85,,,,,,,,,,Cc1cc(=O)oc2cc(OCc3cccc(Cl)c3)ccc12
CHEMBL575966,,,422.0,,,,,,,,,,Cc1onc(-c2ccccc2Cl)c1C(=O)N(C)c1ccc(Cl)cc1
CHEMBL576068,,,,,,,0.16,,,,,,Cc1cc(Nc2nc(N[C@@H](C)c3ccc(F)cn3)cnc2C)n[nH]1
CHEMBL576127,,,,,,,,14.0,,,,,O=C1NCC2(CCN(CCc3ccccc3)CC2)O1
CHEMBL576138,,,257.0,,,,,,,,,,Cc1ccc(N(C)C(=O)c2c(-c3ccccc3Cl)noc2C)cc1Cl
CHEMBL576257,,,,,,,0.1452,,,,,,Cc1cc(Nc2cnc(C#N)c(N[C@@H](C)c3ccc(F)cn3)n2)n[nH]1
CHEMBL576426,,,6.79,,,,,,,,,,CCc1ncn2c1Cn1ncnc1-c1ccccc1-2
CHEMBL576494,,,51.0,,,,,,,,,,COc1cc([N+](=O)[O-])ccc1S(=O)(=O)Nc1cccnc1
CHEMBL576667,,,2.87,,,,,,,,,,c1ccc2c(c1)-c1ncnn1Cc1cncn1-2
CHEMBL576864,,,0.2,,,,,,,,,,CNc1nc(NCc2ccc(NC(=O)c3ccc(C#N)cc3)cc2)c2ccccc2n1
CHEMBL576981,,,,4.79,89.99968684868875,,,,23.44,84.384,28.725490196078432,,C[C@@H](O)[C@H]1C(=O)N2C(C(=O)O)=C(SC3CN(C4=NCCS4)C3)[C@H](C)[C@H]12
CHEMBL577,,,,,,,,39.0,,,,,C[C@H](N[C@@H](CCc1ccccc1)C(=O)O)C(=O)N1CCC[C@H]1C(=O)O
CHEMBL577072,,,1.4,,,,,,,,,,CNc1nc(NCc2ccc(NC(=O)c3ccc(Cl)nc3)cc2)c2cccc(C)c2n1
CHEMBL577470,,,0.0,,,,,,,,,,CC1(CC(=O)NCc2ccc(C(=O)O)cc2)CC2(CCCCC2)OO1
CHEMBL577512,,,0.0,,,,,,,,,,CNc1nc(NCc2ccc(NC(=O)c3ccc(Cl)cc3)cc2)c2ccc(C)cc2n1
CHEMBL577902,,,,,,,0.4827,,,,,,CCCSc1nc(N)c2ncn([C@@H]3O[C@H](CO)[C@@H](O)[C@H]3O)c2n1
CHEMBL578194,,,,5.470000000000001,89.99965554314886,,0.0487999999999999,,17.38,62.568,23.21460373998219,,C[C@H](Nc1nc(Nc2cc(C3CC3)[nH]n2)cnc1C#N)c1ccc(F)cn1
CHEMBL578201,,,,,,,0.1728,,,,,,Cc1cc(Nc2nc(N[C@@H](C)c3ccc(F)cn3)c(C#N)nc2C)n[nH]1
CHEMBL578211,,,,,,,,17.0,,,,,CN1C(=O)CC[C@H]1c1cccnc1
CHEMBL578288,,,,,,,0.1029999999999999,,3.0,10.8,5.094339622641509,,N#CN=C(N)c1sc(Nc2ccccc2)nc1N
CHEMBL578387,,,15.0,,,,,,,,,,C[C@@H]1CN(C(=O)c2ccccc2)C[C@H](C)N1C(=O)C(=O)c1c[nH]c2cccc(F)c12
CHEMBL578547,,,57.0,,,,,,,,,,COC(=O)c1ccc(CNC(=O)CC2(C)CC3(CCCCC3)OO2)cc1
CHEMBL578578,,,62.0,,,,,,,,,,CC1(CC(=O)NCc2ccccc2N2CCCCC2)CC2(CCCCC2)OO1
CHEMBL578588,,,90.0,,,,,,,,,,CN(C)c1ccc(CNC(=O)CC2(C)CC3(CCCCC3)OO2)cc1
CHEMBL578594,,,97.0,,,,,,,,,,CSc1ccc(CNC(=O)CC2(C)CC3(CCCCC3)OO2)cc1
CHEMBL578675,,,,,,,0.2238,,,,,,COc1cnc(-c2ccccn2)nc1NC(C)C
CHEMBL57895,,,,3.0,89.99950000277776,,,,,,,,CCC1(C2=NCCN2)Cc2ccccc2O1
CHEMBL578968,,,74.0,,,,,,,,,,CCOc1ccccc1CNC(=O)CC1(C)CC2(CCCCC2)OO1
CHEMBL579016,,,18.0,,,,,,,,,,CC1(CC(=O)NCc2ccncc2)CC2(CCCCC2)OO1
CHEMBL579199,,,55.0,,,,,,,,,,COc1cc(CNC(=O)CC2(C)CC3(CCCCC3)OO2)cc(OC)c1
CHEMBL579200,,,54.0,,,,,,,,,,COc1cc(CNC(=O)CC2(C)CC3(CCCCC3)OO2)cc(OC)c1OC
CHEMBL579258,,,70.0,,,,,,,,,,CC1(CC(=O)NCc2ccc(-n3cccc3)cc2)CC2(CCCCC2)OO1
CHEMBL58,,,,,,,,53.0,,,,,O=C1c2c(O)ccc(O)c2C(=O)c2c(NCCNCCO)ccc(NCCNCCO)c21
CHEMBL580,,,,10.975,89.99979273380487,,0.072,17.0,7.94,28.584000000000003,12.333448394891269,,O=C1Nc2ccc(Cl)cc2C(c2ccccc2Cl)=NC1O
CHEMBL581,,,,,,,,9.4,,,,,O=C(O)[C@@H]1C[C@@H](C2CCCCC2)CN1C(=O)CP(=O)(O)CCCCc1ccccc1
CHEMBL581893,,,,,,,0.2120999999999999,,,,,,COc1ccc2c(C)nc(NC(=N)N)nc2c1
CHEMBL582044,,,4.8,,,,,,,,,,NC1=NC(c2ccccc2)(c2ccccc2)C2=NCCCN12
CHEMBL582392,,,0.0,,,,,,,,,,CCOC(=O)c1c(-c2ccc3c(c2)OCO3)[nH]c2cc(OC)ccc2c1=O
CHEMBL582809,,,1.2,,,,,,,,,,CNc1nc(NCc2ccc(NC(=O)c3ccc(-c4ccccc4)cc3)cc2)c2ccccc2n1
CHEMBL582995,,,0.29,,,,,,,,,,Cc1cc(CN2C(=O)C(C3=NS(=O)(=O)c4c(CNS(N)(=O)=O)cccc43)=C(O)[C@@H]2C(C)(C)C)ccc1F
CHEMBL583042,,,,10.695,89.99985363882442,,,,25.12,90.432,30.09584664536741,,Cc1cnc(Nc2ccc(F)cc2Cl)nc1-c1c[nH]c(C(=O)N[C@H](CO)c2cccc(Cl)c2)c1
CHEMBL583050,,,0.0,,,,,,,,,,CNc1nc(NCc2ccc(NC(=O)c3ccc(F)cc3)cc2)c2ccc(C)cc2n1
CHEMBL583110,,,356.0,,,,,,,,,,CCN(C(=O)c1c(-c2ccccc2Cl)noc1C)c1cccc(Cl)c1
CHEMBL583242,,,0.3,,,,,,,,,,CNc1nc(NCc2ccc(NC(=O)c3ccc(Cl)nc3)cc2)c2ccc(C)cc2n1
CHEMBL583471,,,5.6,,,,,,,,,,CN(C)c1nc(NCc2ccc(NC(=O)c3ccc(F)cc3)cc2)c2ccc(C#N)cc2n1
CHEMBL583538,,,36.0,,,,,,,,,,CC1CN(C(=O)C(=O)c2c[nH]c3cccc(F)c23)CCN1C(=O)c1ccccc1
CHEMBL583544,,,0.0,,,,,,,,,,CN(C)c1nc(NCc2ccc(NC(=O)c3ccc(F)cc3)cc2)c2ccc(C=O)cc2n1
CHEMBL583867,,,15.0,,,,,,,,,,C[C@@H]1CN(C(=O)c2ccccc2)CCN1C(=O)C(=O)c1c[nH]c2cnccc12
CHEMBL584,,,177.0,,,,,,,,,,Cc1c(O)cccc1C(=O)N[C@@H](CSc1ccccc1)[C@H](O)CN1C[C@H]2CCCC[C@H]2C[C@H]1C(=O)NC(C)(C)C
CHEMBL584328,,,171.0,,,,,,,,,,CC(C)CC1CN(C(=O)c2ccccc2)CCN1C(=O)C(=O)c1c[nH]c2cccc(F)c12
CHEMBL584708,,,2.78,,,,,,,,,,C#Cc1ccc2c(c1)-c1nc(C)ncc1Cc1c(C(=O)OCC)ncn1-2
CHEMBL584735,,,2.6,,,,,,,,,,CNc1nc(NCc2ccc(NC(=O)c3ccc(F)cc3)cc2)c2c(C)cccc2n1
CHEMBL584886,,,69.0,,,,,,,,,,CC1(CC(=O)NCc2ccc3c(c2)OCC3)CC2(CCCCC2)OO1
CHEMBL584991,,,36.0,,,,,,,,,,Nc1nonc1/C(=N/O)Nc1ccc(F)c(Cl)c1
CHEMBL585,,,,,,,,4.3,,,,,Nc1nc(N)c2nc(-c3ccccc3)c(N)nc2n1
CHEMBL585143,,,0.1,,,,,,,,,,CC(O)c1ccc2c(NCc3ccc(NC(=O)c4ccc(F)cc4)cc3)nc(N(C)C)nc2c1
CHEMBL585152,,,73.0,,,,,,,,,,C[C@@H]1CN(C(=O)C(=O)c2c[nH]c3cccc(F)c23)C[C@H](C)N1C(=O)c1ccccc1
CHEMBL585186,,,39.0,,,,,,,,,,Nc1nonc1/C(=N/O)NCc1ccccc1
CHEMBL585191,,,56.0,,,,,,,,,,CC1(CC(=O)NCc2ccc3c(c2)OCCO3)CC2(CCCCC2)OO1
CHEMBL585384,,,1.8,,,,,,,,,,CC(C)(C)[C@H]1C(O)=C(C2=CS(=O)(=O)c3cc(NS(C)(=O)=O)ccc3N2)C(=O)N1Cc1ccccc1
CHEMBL585487,,,76.0,,,,,,,,,,C[C@@H]1CN(C(=O)c2ccccc2)CCN1C(=O)C(=O)c1c[nH]c2cccnc12
CHEMBL585498,,,19.0,,,,,,,,,,C[C@@H]1CN(C(=O)c2ccccc2)CCN1C(=O)C(=O)c1c[nH]c2ccncc12
CHEMBL585640,,,,150.0,89.9999900000011,,,,150.0,539.9999999999999,67.5,,CCn1c(SCC(=O)Nc2cccc(C)c2)nnc1-c1ccccc1
CHEMBL589163,,,5.3,,,,,,,,,,CN1C(=O)C(C2CCCCC2)(C2CCCCC2)N=C1N
CHEMBL589543,,,,,,,0.3599,,,,,,COc1ccc(C[C@H](N)C(=O)N[C@@H](Cc2ccccc2C)C(N)=O)cc1
CHEMBL589586,,,,,,,0.1395,,,,,,COC(=O)/C=C/C(=O)O
CHEMBL589598,,,0.7,,,,,,,,,,COc1cc2c(cc1OC)C1CC(N)C(N3CCCC[S+]3[O-])CN1CC2
CHEMBL589908,,,6.5,,,,,,,,,,O=C(c1ccc(Cn2ccc3cccc(Cl)c32)cc1)N1CC[C@H](N2CCCC2)C1
CHEMBL589973,,,,3.0,89.99950000277776,,0.002,,3.0,10.8,5.094339622641509,,CCCCNC(=O)c1ccc(Oc2ccc(CC(=O)O)cc2OC)c(NS(=O)(=O)c2ccc(Cl)cc2Cl)c1
CHEMBL59,,,0.0,,,,,,,,,,NCCc1ccc(O)c(O)c1
CHEMBL590086,,,0.5,,,,,,,,,,COc1cc2c(cc1OC)C1CC(N)C(N3CCC(C)CC3=O)CN1CC2
CHEMBL590326,,,0.6,,,,,,,,,,COc1cc2c(cc1OC)C1CC(N)C(N3CCCC3=O)CN1CC2
CHEMBL590329,,,1.1,,,,,,,,,,COc1cc2c(cc1OC)C1CC(N)C(N3CC(C)CCC3=O)CN1CC2
CHEMBL590330,,,0.0,,,,,,,,,,COc1cc2c(cc1OC)C1CC(N)C(N3CCOC3=O)CN1CC2
CHEMBL590582,,,2.6,,,,,,,,,,O=C(O)Cc1sc(C(c2ccccc2)c2ccccc2)nc1-c1ccc(Cl)cc1
CHEMBL590625,,,7.3,,,,,,,,,,O=C(c1ccc(Cn2ccc3ccc(Cl)cc32)cc1)N1CC[C@H](N2CCCC2)C1
CHEMBL590810,,,8.8,,,,,,,,,,N#Cc1ccc(NC(=O)NCc2cccc(C(=O)Nc3ccc4c(c3)CNCC4)c2)cc1
CHEMBL590812,,,0.2,,,,,,,,,,COc1cc2c(cc1OC)C1CC(N)C(N3CC(C)CC3=O)CN1CC2
CHEMBL590830,,,7.55,,,,,,,,,,Cc1ccoc1C(=O)Nc1cccc(C2(C3CCCCC3)N=C(N)N(C)C2=O)c1
CHEMBL591117,,,0.4,,,,,,,,,,COc1cc2c(cc1OC)[C@@H]1C[C@H](N)[C@@H](N3C[C@H](CF)CC3=O)CN1CC2
CHEMBL591118,,,0.13,,,,,,,,,,COc1cc2c(cc1OC)[C@@H]1C[C@H](N)[C@@H](N3C[C@@H](CF)CC3=O)CN1CC2
CHEMBL591266,,,1.0,,,,,,,,,,CN(C(=O)CCC(=O)CN)[C@@H](Cc1ccccc1)C(=O)N(C)[C@@H](Cc1ccccc1)C(=O)N(C)[C@@H](Cc1ccccc1)C(=O)N(C)[C@@H](Cc1ccccc1)C(N)=O
CHEMBL591290,,,0.6,,,,,,,,,,COc1cc2c(cc1OC)[C@@H]1C[C@H](N)[C@@H](N3C[C@@H](C)CC3=O)CN1CC2
CHEMBL591291,,,0.8,,,,,,,,,,COc1cc2c(cc1OC)[C@@H]1C[C@H](N)[C@@H](N3C[C@H](C)CC3=O)CN1CC2
CHEMBL591375,,,1.4,,,,,,,,,,CN(C(=O)C1CCCNC1)[C@@H](Cc1ccccc1)C(=O)N(C)[C@@H](Cc1ccccc1)C(=O)N(C)[C@@H](Cc1ccccc1)C(=O)N(C)[C@@H](Cc1ccccc1)C(N)=O
CHEMBL591718,,,0.0,,,,,,,,,,CC(=O)N1CCC[C@H]1C(=O)N1CCC[C@H]1C(=O)N1CCC[C@H]1C(=O)N1CCC[C@H]1C(N)=O
CHEMBL591867,,,0.4,,,,,,,,,,CN(C(=O)[C@H](CC1CCCCC1)NC(=O)CCCN)[C@@H](Cc1ccccc1)C(=O)N(C)[C@@H](Cc1ccccc1)C(=O)N(C)[C@@H](Cc1ccccc1)C(N)=O
CHEMBL591888,,,0.2,,,,,,,,,,CN(C(=O)[C@H](Cc1ccc2ccccc2c1)NC(=O)CCCN)[C@@H](Cc1ccccc1)C(=O)N(C)[C@@H](Cc1ccccc1)C(=O)N(C)[C@@H](Cc1ccccc1)C(N)=O
CHEMBL591892,,,1.2,,,,,,,,,,CN(C(=O)[C@H](CC1CCCCC1)NC(=O)C1CCCNC1)[C@@H](Cc1ccccc1)C(=O)N(C)[C@@H](Cc1ccccc1)C(=O)N(C)[C@@H](Cc1ccccc1)C(N)=O
CHEMBL591902,,,0.4,,,,,,,,,,CN(C(=O)CCCN)[C@@H](Cc1ccccc1)C(=O)N(C)[C@@H](Cc1ccccc1)C(=O)N(C)[C@@H](Cc1ccccc1)C(=O)N(C)[C@@H](Cc1ccccc1)C(N)=O
CHEMBL591903,,,1.1,,,,,,,,,,CN(C(=O)[C@H](Cc1ccc2ccccc2c1)NC(=O)C1CCCNC1)[C@@H](Cc1ccccc1)C(=O)N(C)[C@@H](Cc1ccccc1)C(=O)N(C)[C@@H](Cc1ccccc1)C(N)=O
CHEMBL591904,,,0.3,,,,,,,,,,CN(C(=O)[C@H](CC1CCCCC1)NC(=O)CCC(=O)CN)[C@@H](Cc1ccccc1)C(=O)N(C)[C@@H](Cc1ccccc1)C(=O)N(C)[C@@H](Cc1ccccc1)C(N)=O
CHEMBL591931,,,,,,,0.1008999999999999,,5.0,18.0,8.181818181818182,,N=C(N)c1cc2c(-c3ccccc3)cccc2s1
CHEMBL591998,,,1.0,,,,,,,,,,O=C(O)C(=O)Nc1sc2c(c1C(=O)O)CCN[C@H]2CNC(=O)c1cc2cc(F)ccc2[nH]1
CHEMBL592445,,,0.1,,,,,,,,,,CN(C)C1CCN(C(=O)c2ccc(NC(=O)Nc3ccc(-c4nc(N5CCOCC5)nc(N5CCOCC5)n4)cc3)cc2)CC1
CHEMBL592615,,,0.1,,,,,,,,,,CN(C)CCNC(=O)c1ccc(NC(=O)Nc2ccc(-c3nc(N4CCOCC4)nc(N4CCOCC4)n3)cc2)cc1
CHEMBL592649,,,200.0,,,,,,,,,,O=C(Cc1nnc(-c2cc(Cl)cc(C3CCN(CC(F)F)CC3)c2)o1)N1CCC(n2c(=O)[nH]c3ncccc32)CC1
CHEMBL592709,,,25.666666666666668,,,,,,,,,,COc1ccc(C(=O)NCc2cccc(C(=O)Nc3ccc(CN(C)C)cc3)c2)cc1Cl
CHEMBL592778,,,0.2,,,,,,,,,,COc1cc2c(cc1OC)[C@@H]1C[C@H](N)[C@@H](N3CCCCC3=O)CN1CC2
CHEMBL592779,,,0.2,,,,,,,,,,COc1cc2c(cc1OC)C1CC(N)C(N3CCCCC3=O)CN1CC2
CHEMBL593034,,,10.2,,,,,,,,,,O=C(O)c1ccc(Cn2nnc(-c3ccnc(C(=O)NCc4cccc(F)c4)c3)n2)cc1
CHEMBL593162,,,0.16,,,,,,,,,,Cc1c(Nc2c(C#N)cncc2/C=C/CCCN2CCNCC2)ccc2[nH]ccc12
CHEMBL593163,,,0.03,,,,,,,,,,Cc1c(Nc2c(C#N)cncc2/C=C/CN2CCC(N)CC2)ccc2[nH]ccc12
CHEMBL593205,,,26.4,,,,,,,,,,CCCCN1C(=O)[C@H](CC2CCCCC2)NC(=O)C12CCN(CCc1cccc(Oc3ccc(C(=O)O)cc3)c1)CC2.Cl
CHEMBL593256,,,5.7,,,,,,,,,,Cc1cc(-c2nnn(Cc3ccc(C(=O)O)cc3)n2)cc(C(=O)NCc2ccccc2)n1
CHEMBL59356,,,,3.0,89.99950000277776,,,,,,,,C[C@H](C#Cc1ccc(Cc2ccc(F)cc2)s1)N(O)C(N)=O
CHEMBL593619,,,0.02,,,,,,,,,,Cc1c(Nc2c(C#N)cncc2/C=C/CN2CCNCC2)ccc2[nH]ccc12
CHEMBL593763,,,21.9,,,,,,,,,,CNCc1cc(=O)oc2cc(OCc3cccc(Cl)c3)ccc12.CS(=O)(=O)O
CHEMBL593883,,,0.04,,,,,,,,,,Cc1c(Nc2c(C#N)cncc2/C=C/CCN2CCC(N)CC2)ccc2[nH]ccc12
CHEMBL593890,,,0.02,,,,,,,,,,Cc1c(Nc2c(C#N)cncc2/C=C/CCN2CCC(O)CC2)ccc2[nH]ccc12
CHEMBL593983,,,0.0,,,,,,,,,,COc1cccc(Cn2nnc(-c3cccc(C(=O)NCc4ccc(C(=O)O)cc4)c3)n2)c1
CHEMBL594160,,,35.0,,,,,,,,,,COC(=O)N(C)c1cc2c(NCc3ccc(OC)c(Cl)c3)ncnc2c(CCO)c1OC
CHEMBL594671,,,,12.02,89.99987520815972,,0.0073999999999999,,,,,,CC(C)[C@H](C(=O)Nc1nccs1)c1ccc(Cl)cc1
CHEMBL594684,,,,8.51,89.99982373712547,,,,3.0,10.8,5.094339622641509,,Cc1cc(NS(=O)(=O)c2ccc(Cl)cc2)no1
CHEMBL595134,,,,,,,0.0139,,114.82,413.3519999999999,62.69748816891154,,N#CC1=C2C(=NC1=O)c1cccc3c(N4CCSCC4)ccc2c13
CHEMBL595521,,,0.86,,,,,,,,,,Cc1c(Nc2c(C#N)cncc2/C=C/CCN2CCN(C)CC2)ccc2[nH]ccc12
CHEMBL595724,,,0.07,,,,,,,,,,Cc1c(Nc2c(C#N)cncc2/C=C/CCN2CC[C@@H](O)C2)ccc2[nH]ccc12
CHEMBL595734,,,0.02,,,,,,,,,,Cc1c(Nc2c(C#N)cncc2/C=C/CCN2CCN(S(C)(=O)=O)CC2)ccc2[nH]ccc12
CHEMBL595986,,,0.13,,,,,,,,,,OC[C@H](Cc1c[nH]cn1)Nc1nccc(-c2ccc3ccccc3c2)n1
CHEMBL596,,,,,,,,3.0,,,,,CCC(=O)N(c1ccccc1)C1CCN(CCc2ccccc2)CC1
CHEMBL596008,,,,9.77,89.99984646904389,,,,,,,,Cc1ccc2[nH]c(C(=O)O)nc2c1
CHEMBL596056,,,10.1,,,,,,,,,,Cc1cc(-c2nnn(Cc3ccc(C(=O)O)cc3)n2)cc(C(=O)NCc2ccc(F)cc2)n1
CHEMBL596071,,,2.7,,,,,,,,,,Cc1cc(-c2nnn(Cc3ccc(C(=O)O)cc3)n2)cc(C(=O)NCc2ccc(F)c(F)c2)n1
CHEMBL596172,,,0.06,,,,,,,,,,Cc1c(Nc2c(C#N)cncc2/C=C/CCN2CC(N)C2)ccc2[nH]ccc12
CHEMBL596173,,,0.05,,,,,,,,,,Cc1c(Nc2c(C#N)cncc2/C=C/CCN2CCC(NS(=O)(=O)C(C)C)CC2)ccc2[nH]ccc12
CHEMBL596287,,,2.8,,,,,,,,,,COc1ccc(CNC(=O)c2cc(-c3nnn(Cc4ccc(C(=O)O)cc4)n3)cc(C)n2)cc1
CHEMBL596397,,,0.08,,,,,,,,,,Cc1c(Nc2c(C#N)cncc2/C=C/CCN2CCC(N(C)C)CC2)ccc2[nH]ccc12
CHEMBL596413,,,0.0,,,,,,,,,,Cc1c(Nc2c(C#N)cncc2/C=C/CN2CCN(C)CC2)ccc2[nH]ccc12
CHEMBL596494,,,0.0,,,,,,,,,,COc1cccc(CNC(=O)c2cccc(C(=O)NCc3ccc(C(=O)O)cc3)c2)c1
CHEMBL596597,,,1.4,,,,,,,,,,O=C(Nc1ccncc1)Nc1ccc(-c2nc(N3CCOCC3)nc(N3CCOCC3)n2)cc1
CHEMBL596790,,,0.7,,,,,,,,,,CCNC(=O)Nc1ccc(-c2nc(N3CCOCC3)nc(N3CCOCC3)n2)cc1
CHEMBL597004,,,0.2,,,,,,,,,,O=C(Nc1ccc(CO)cc1)Nc1ccc(-c2nc(N3CCOCC3)nc(N3CCOCC3)n2)cc1
CHEMBL597012,,,0.01,,,,,,,,,,O=C(Nc1ccc(-c2nc(N3CCOCC3)nc(N3CCOCC3)n2)cc1)NN1CCCCC1
CHEMBL597127,,,0.45,,,,,,,,,,COc1ccc(C(=O)NCc2cccc(C(=O)NCCC3CCCNC3)c2)cc1OC
CHEMBL597754,,,11.9,,,,,,,,,,CNC(=O)c1nn(C)c2c1CCc1cnc(NC3CCN(C(=O)C4CCN(S(C)(=O)=O)CC4)CC3)nc1-2
CHEMBL597814,,,5.6,,,,,,,,,,Cc1ccc(NC(=O)Nc2ccc(-c3nc(N4CCOCC4)nc(N4CCOCC4)n3)cc2)cc1
CHEMBL597815,,,0.0,,,,,,,,,,O=C(Nc1ccc(-c2nc(N3CCOCC3)nc(N3CCOCC3)n2)cc1)Nc1ccc(F)cc1F
CHEMBL597824,,,0.0,,,,,,,,,,O=C(Nc1ccc(C(=O)O)cc1)Nc1ccc(-c2nc(N3CCOCC3)nc(N3CCOCC3)n2)cc1
CHEMBL597879,,,44.650000000000006,,,,,,,,,,CN(C)C1CCN(C(=O)c2ccc(Cn3c(-c4ccccc4)nc4ccccc43)cc2)C1
CHEMBL598191,,,,,,,,,11.0,39.6,16.22950819672131,,N=C(N)c1cc2c(OCc3ccccc3)cccc2s1
CHEMBL598336,,,14.8,,,,,,,,,,COc1ccc(C(=O)NCc2cccc(C(=O)NCCc3ccncc3)c2)cc1OC
CHEMBL598931,,,15.0,,,,,,,,,,COCCNCC(O)c1cc(C(F)(F)F)nc2c(C(F)(F)F)cccc12
CHEMBL598944,,,9.0,,,,,,,,,,COCCCNCC(O)c1cc(C(F)(F)F)nc2c(C(F)(F)F)cccc12
CHEMBL598979,,,0.3,,,,,,,,,,Cc1nc2ccccc2n1Cc1ccc(C(=O)N2CC[C@H](N3CCCC3)C2)cc1
CHEMBL599,,,13.0,,,,,18.0,,,,,Cc1cnc(NC(=O)C2=C(O)c3ccccc3S(=O)(=O)N2C)s1
CHEMBL599111,,,76.3,,,,,,,,,,COc1ccc(CCNc2nnc(Sc3ncc([N+](=O)[O-])s3)s2)cc1OC
CHEMBL599246,,,1.0,,,,,,,,,,O=C(Nc1ccc(F)cc1)Nc1ccc(-c2nc(N3CCOCC3)nc(N3CCOCC3)n2)cc1
CHEMBL599259,,,0.6,,,,,,,,,,COC(=O)c1ccc(NC(=O)Nc2ccc(-c3nc(N4CCOCC4)nc(N4CCOCC4)n3)cc2)cc1
CHEMBL599346,,,8.4,,,,,,,,,,OC(NC[C@]12CC[C@@H](C1)NC2)c1cc(C(F)(F)F)nc2c(C(F)(F)F)cccc12
CHEMBL599518,,,7.9,,,,,,,,,,CCC(C)Nc1nnc(Sc2ncc([N+](=O)[O-])s2)s1
CHEMBL599523,,,10.0,,,,,,,,,,OC(CNCCNCc1ccccc1)c1cc(C(F)(F)F)nc2c(C(F)(F)F)cccc12
CHEMBL599589,,,0.3,,,,,,,,,,O=C(c1ccc(Cn2cnc3ccccc32)cc1)N1CC[C@H](N2CCCC2)C1
CHEMBL599667,,,2.4,,,,,,,,,,O=C(Nc1ccc(-c2nc(N3CCOCC3)nc(N3CCOCC3)n2)cc1)Nc1cccs1
CHEMBL599668,,,0.5,,,,,,,,,,O=C(Nc1ccc(-c2nc(N3CCOCC3)nc(N3CCOCC3)n2)cc1)Nc1cccnc1
CHEMBL599791,,,14.466666666666669,,,,,,,,,,COc1ccc(C(=O)NCc2cccc(C(=O)Nc3ccc4c(c3)CN(C)CC4)c2)cc1OC
CHEMBL599792,,,12.3,,,,,,,,,,COc1ccc(C(=O)NCc2cccc(C(=O)Nc3ccc(CN(C)C)cc3)c2)cc1OC
CHEMBL599965,,,10.0,,,,,,,,,,CN1C(=O)C(c2ccccc2)(C2CCCCC2)N=C1N
CHEMBL6,,,1.643333333333333,,,,,1.4,,,,,COc1ccc2c(c1)c(CC(=O)O)c(C)n2C(=O)c1ccc(Cl)cc1
CHEMBL600,,,,,,,,5.5,,,,,CC(=O)N[C@@H](CS)C(=O)O
CHEMBL600005,,,0.1,,,,,,,,,,O=C(O)c1ccc2c(C3CCCCC3)c(-c3ccccc3)n(CC(=O)N3CCC(N4CCCC4)CC3)c2c1
CHEMBL600045,,,0.1,,,,,,,,,,COc1cc2c(cc1OC)C1CC(N)C(N3CCCOC3=O)CN1CC2
CHEMBL600222,,,1.4,,,,,,,,,,O=C(O)c1ccc2c(C3CCCCC3)c(-c3ccoc3)n(CC(=O)N3CCC(N4CCCC4)CC3)c2c1
CHEMBL600250,,,7.8,,,,,,,,,,O=C(c1ccc(Cn2ccc3cc(Cl)ccc32)cc1)N1CC[C@H](N2CCCC2)C1
CHEMBL600613,,,0.2,,,,,,,,,,O=C(O)c1ccc2c(C3CCCCC3)c(-c3cccs3)n(CC(=O)N3CCC(N4CCCC4)CC3)c2c1
CHEMBL60066,,,,149.0,89.99998993288703,,0.4655,,3.0,10.8,5.094339622641509,,O=C(Nc1ccc(F)cc1)c1ccc(Cl)[n+]([O-])c1
CHEMBL600837,,,120.0,,,,,,,,,,O=C(Cc1nnc(-c2cc(Cl)cc(N3CCOCC3)c2)o1)N1CCC(n2c(=O)[nH]c3ncccc32)CC1
CHEMBL60088,,,,,,,,,4.0,14.4,6.666666666666665,,N=C(N)c1cc2c(I)cccc2s1
CHEMBL601,,,0.0,,,,,,,,,,NCC(=O)CCC(=O)O
CHEMBL601030,,,6.5,,,,,,,,,,CCN1CCN(C(=O)Cn2c(-c3ccoc3)c(C3CCCCC3)c3ccc(C(=O)O)cc32)CC1
CHEMBL601031,,,7.0,,,,,,,,,,CC(C)N1CCN(C(=O)Cn2c(-c3ccoc3)c(C3CCCCC3)c3ccc(C(=O)O)cc32)CC1
CHEMBL601074,,,0.9,,,,,,,,,,CCC1CC(=O)N(C2CN3CCc4cc(OC)c(OC)cc4C3CC2N)C1
CHEMBL601639,,,3.0,,,,,,,,,,CN1CCN(c2cc(Cl)cc(-c3nnc(CC(=O)N4CCC(n5c(=O)[nH]c6ncccc65)CC4)o3)c2)CC1
CHEMBL601719,,,,,,,0.0784,,,,,,C[C@@H](Oc1cc(-c2cnn(C3CCNCC3)c2)cnc1N)c1c(Cl)ccc(F)c1Cl
CHEMBL601854,,,22.0,,,,,,,,,,CN1CCC(c2cc(Cl)cc(-c3nnc(CC(=O)N4CCC(n5c(=O)[nH]c6ncccc65)CC4)o3)c2)CC1
CHEMBL601857,,,3.0,,,,,,,,,,Cc1ncc(-c2cc(Cl)cc(-c3nnc(CC(=O)N4CCC(n5c(=O)[nH]c6ncccc65)CC4)o3)c2)n1C
CHEMBL601882,,,,,,,0.0418,,,,,,Cc1onc(-c2ccccc2)c1C(=O)N(C)c1ccc(Cl)cc1
CHEMBL601948,,,0.0,,,,,,,,,,CC(=O)N1CCC[C@H]1C(=O)N1CCC[C@H]1C(N)=O
CHEMBL602142,,,1.7,,,,,,,,,,CN1CCN(C(=O)Cn2c(-c3ccoc3)c(C3CCCCC3)c3ccc(C(=O)O)cc32)CC1
CHEMBL602180,,,,,,,0.0661,,,,,,COc1cnc(-c2ccccn2)nc1N1CCCC1
CHEMBL602475,,,185.0,,,,,,,,,,CN(C)CCOc1cc(Cl)cc(-c2nnc(CC(=O)N3CCC(N4CCc5ccccc5NC4=O)CC3)o2)c1
CHEMBL602515,,,8.3,,,,,,,,,,O=C(c1ccc(Cn2ccc3ccccc32)cc1)N1CC[C@H](N2CCCC2)C1
CHEMBL602560,,,0.0,,,,,,,,,,CC(=O)N1CCC[C@H]1C(=O)N1CCC[C@H]1C(=O)N1CCC[C@H]1C(=O)N1CCC[C@H]1C(=O)N1CCC[C@H]1C(=O)N1CCC[C@H]1C(N)=O
CHEMBL602680,,,2.0,,,,,,,,,,CC(C)CC(C)NCC(O)c1cc(C(F)(F)F)nc2c(C(F)(F)F)cccc12
CHEMBL602745,,,,72.44,89.99997929321293,,,,,,,,CS(=O)(=O)N1CC[C@H](N(Cc2ccccc2Cl)c2ccc(C#N)c(Cl)c2)C1
CHEMBL602755,,,0.0,,,,,,,,,,CC(=O)N1CCC[C@H]1C(=O)N1CCC[C@H]1C(=O)N1CCC[C@H]1C(=O)N1CCC[C@H]1C(=O)N1CCC[C@H]1C(=O)N1CCC[C@H]1C(=O)N1CCC[C@H]1C(=O)N1CCC[C@H]1C(N)=O
CHEMBL602756,,,0.0,,,,,,,,,,CC(=O)N1CCC[C@H]1C(=O)N1CCC[C@H]1C(=O)N1CCC[C@H]1C(=O)N1CCC[C@H]1C(=O)N1CCC[C@H]1C(=O)N1CCC[C@H]1C(=O)N1CCC[C@H]1C(=O)N1CCC[C@H]1C(=O)N1CCC[C@H]1C(=O)N1CCC[C@H]1C(N)=O
CHEMBL602912,,,8.0,,,,,,,,,,CCCCNCC(O)c1cc(C(F)(F)F)nc2c(C(F)(F)F)cccc12
CHEMBL603217,,,0.07,,,,,,,,,,Cc1c(Nc2c(C#N)cncc2/C=C/CCCN2CCN(C)CC2)ccc2[nH]ccc12
CHEMBL603418,,,0.11,,,,,,,,,,Cc1c(Nc2c(C#N)cncc2/C=C/CCN2CCNCC2)ccc2[nH]ccc12
CHEMBL603488,,,25.0,,,,,,,,,,CNCC(O)c1cc(C(F)(F)F)nc2c(C(F)(F)F)cccc12
CHEMBL603584,,,,,,,0.6454,,,,,,COc1ccc(C2Sc3ccccc3N(CCN(C)C)C(=O)C2OC(C)=O)cc1
CHEMBL603623,,,0.0,,,,,,,,,,COc1ccc(Cn2nnc(-c3cccc(C(=O)NCc4ccc(C(=O)O)cc4)c3)n2)cc1
CHEMBL603668,,,48.0,,,,,,,,,,COc1cc(C(=O)Nc2nonc2NCc2ccc(-c3cc(Cl)cc(F)c3-c3noc(C)n3)cc2F)on1
CHEMBL604085,,,0.4333333333333333,,,,,,,,,,COc1ccc(C(=O)NCc2cccc(C(=O)NCCC3CCNCC3)c2)cc1OC
CHEMBL604087,,,4.5,,,,,,,,,,COc1ccc(C(=O)NCc2cccc(C(=O)Nc3ccc4c(c3)CNCC4)c2)cc1OC
CHEMBL604102,,,0.19,,,,,,,,,,N[C@@H]1CCN(c2ccc3[nH]nc(S(=O)(=O)c4cccc5ccccc45)c3c2)C1
CHEMBL604126,,,,,,,0.0006,,,,,,Cc1cc(Oc2ncc(C(F)(F)F)cc2Cl)ccc1CC1SC(=O)NC1=O
CHEMBL604249,,,19.9,,,,,,,,,,COc1ccc(C(=O)NCc2cccc(C(=O)Nc3ccc(CN(C)C)cc3)c2)cc1C
CHEMBL604271,,,17.0,,,,,,,,,,CCC(=O)N(C)c1cc2c(NCc3ccc(OC)c(Cl)c3)ncnc2c(CCO)c1OC
CHEMBL604303,,,0.0,,,,,,,,,,O=C(Nc1ccc(Cl)cc1)Nc1ccc(-c2nc(N3CCOCC3)nc(N3CCOCC3)n2)cc1
CHEMBL604710,,,,,,,0.0009999999999998,,,,,,O=C(CC(c1ccccc1)c1ccccc1)N1CCN(C(c2ccccc2)c2ccccc2)CC1
CHEMBL604753,,,3.0,,,,,,,,,,CC1C(NCC(O)c2cc(C(F)(F)F)nc3c(C(F)(F)F)cccc23)CC2CC1C2(C)C
CHEMBL604798,,,18.0,,,,,,,,,,Cc1ccc2oc(N3CCN4CCC3CC4)nc2n1
CHEMBL604908,,,0.2,,,,,,,,,,O=C(Nc1ccccc1)Nc1ccc(-c2nc(N3CCOCC3)nc(N3CCOCC3)n2)cc1
CHEMBL604945,,,0.2,,,,,,,,,,CN1CCC(N(C)C(=O)Cn2c(-c3ccoc3)c(C3CCCCC3)c3ccc(C(=O)O)cc32)CC1
CHEMBL605121,,,0.0,,,,,,,,,,O=C(Nc1ccc(CCO)cc1)Nc1ccc(-c2nc(N3CCOCC3)nc(N3CCOCC3)n2)cc1
CHEMBL605148,,,0.0,,,,,,,,,,COc1ccc(C(c2ccccc2)c2nc(-c3ccc(F)cc3)c(CC(=O)O)s2)cc1
CHEMBL605285,,,1.2,,,,,,,,,,COc1cc2c(cc1OC)C1CC(N)C(N3CCC[S+]3[O-])CN1CC2
CHEMBL605360,,,8.9,,,,,,,,,,COc1ccc(C(=O)NCc2cccc(C(=O)Nc3ccc(CO)cc3)c2)cc1OC
CHEMBL60542,,,,,,,,2.5,,,,,CC(C)=CCN1CC[C@]2(C)c3cc(O)ccc3C[C@H]1[C@H]2C
CHEMBL605579,,,12.0,,,,,,,,,,CN(C)CCOc1cc(Cl)cc(-c2nnc(CC(=O)N3CCC(n4c(=O)[nH]c5ncccc54)CC3)o2)c1
CHEMBL605742,,,9.7,,,,,,,,,,COc1cccc(CNC(=O)c2cc(-c3nnn(Cc4ccc(C(=O)O)cc4)n3)cc(C)n2)c1
CHEMBL605846,,,,14.0,89.99989285727041,,0.4089,,14.0,50.4,19.6875,,COc1ccc(CC(C)(C)NC[C@H](O)c2cc(O)cc3c2OCC(=O)N3)cc1
CHEMBL606052,,,,,,,0.013,,,,,,N#Cc1ccc2c(c1)NC(=O)C2c1ncnc2cc(OCCCN3CCOCC3)ccc12
CHEMBL606133,,,0.01,,,,,,,,,,Cc1c(Nc2c(C#N)cncc2/C=C/CCN2CCCNCC2)ccc2[nH]ccc12
CHEMBL606148,,,0.06,,,,,,,,,,Cc1c(Nc2c(C#N)cncc2/C=C/CCN2CC[C@H](N)C2)ccc2[nH]ccc12
CHEMBL606202,,,5.2,,,,,,,,,,O=C(O)c1ccc2c(C3CCCCC3)c(-c3ccoc3)n(CC(=O)N3CCOCC3)c2c1
CHEMBL607,,,,,,,,7.9,,,,,CCOC(=O)C1(c2ccccc2)CCN(C)CC1
CHEMBL60745,,,,,,,,1.8,,,,,CC[N+](C)(C)c1cccc(O)c1.[Br-]
CHEMBL608806,,,,,,,,1.5,,,,,CCOC(=O)[C@@H]1C2CCC(C[C@@H]1OC(=O)c1ccccc1)N2C
CHEMBL608839,,,0.18,,,,,,,,,,CCN(CC)CC.Cc1ccccc1-c1cn(-c2nc(N)c3ncn([C@@H]4O[C@H](COS(=O)(=O)NC(=O)c5ccccc5O)[C@@H](O)[C@H]4O)c3n2)nn1
CHEMBL608842,,,0.84,,,,,,,,,,CCN(CC)CC.Cc1cccc(-c2cn(-c3nc(N)c4ncn([C@@H]5O[C@H](COS(=O)(=O)NC(=O)c6ccccc6O)[C@@H](O)[C@H]5O)c4n3)nn2)c1
CHEMBL608843,,,0.01,,,,,,,,,,CC(C)Cc1cn(-c2nc(N)c3ncn([C@@H]4O[C@H](COS(=O)(=O)NC(=O)c5ccccc5O)[C@@H](O)[C@H]4O)c3n2)nn1.CCN(CC)CC
CHEMBL609039,,,30.0,,,,,,,,,,CCCNc1nnc(Sc2ncc([N+](=O)[O-])s2)s1
CHEMBL609100,,,0.01,,,,,,,,,,CCN(CC)CC.Nc1nc(-n2cc(-c3ccncc3)nn2)nc2c1ncn2[C@@H]1O[C@H](COS(=O)(=O)NC(=O)c2ccccc2O)[C@@H](O)[C@H]1O
CHEMBL609101,,,0.03,,,,,,,,,,CCN(CC)CC.Nc1ccccc1-c1cn(-c2nc(N)c3ncn([C@@H]4O[C@H](COS(=O)(=O)NC(=O)c5ccccc5O)[C@@H](O)[C@H]4O)c3n2)nn1
CHEMBL609105,,,0.01,,,,,,,,,,CCN(CC)CC.Nc1nc(-n2cc(C3CCCC3)nn2)nc2c1ncn2[C@@H]1O[C@H](COS(=O)(=O)NC(=O)c2ccccc2O)[C@@H](O)[C@H]1O
CHEMBL609330,,,17.0,,,,,,,,,,CSCCCNCC(O)c1cc(C(F)(F)F)nc2c(C(F)(F)F)cccc12
CHEMBL609757,,,220.0,,,,,,,,,,Cc1ccc(-c2cc(Cl)cc(-c3nnc(CC(=O)N4CCC(n5c(=O)[nH]c6ncccc65)CC4)o3)c2)cn1
CHEMBL610062,,,5.0,,,,,,,,,,CCN1CCC(c2cc(Cl)cc(-c3nnc(CC(=O)N4CCC(n5c(=O)[nH]c6ncccc65)CC4)o3)c2)CC1
CHEMBL611,,,,,,,0.2045,9.0,,,,,COc1cc2nc(N3CCN(C(=O)C4CCCO4)CC3)nc(N)c2cc1OC
CHEMBL611079,,,49.8,,,,,,,,,,COCCNc1nnc(Sc2ncc([N+](=O)[O-])s2)s1
CHEMBL611631,,,3.6,,,,,,,,,,Cc1cc(S(=O)(=O)NC(=O)Nc2ncc(Br)s2)ccc1-c1ccc(F)nc1
CHEMBL611766,,,0.39,,,,,,,,,,CCN(CC)CC.Nc1nc(-n2cc(C3CCCCC3)nn2)nc2c1ncn2[C@@H]1O[C@H](COS(=O)(=O)NC(=O)c2ccccc2O)[C@@H](O)[C@H]1O
CHEMBL611767,,,0.01,,,,,,,,,,CC(C)(C)c1cn(-c2nc(N)c3ncn([C@@H]4O[C@H](COS(=O)(=O)NC(=O)c5ccccc5O)[C@@H](O)[C@H]4O)c3n2)nn1.CCN(CC)CC
CHEMBL611772,,,2.07,,,,,,,,,,CCCCCCc1cn(-c2nc(N)c3ncn([C@@H]4O[C@H](COS(=O)(=O)NC(=O)c5ccccc5O)[C@@H](O)[C@H]4O)c3n2)nn1.CCN(CC)CC
CHEMBL611774,,,0.01,,,,,,,,,,CCN(CC)CC.Nc1nc(-n2cc(CO)nn2)nc2c1ncn2[C@@H]1O[C@H](COS(=O)(=O)NC(=O)c2ccccc2O)[C@@H](O)[C@H]1O
CHEMBL611775,,,0.01,,,,,,,,,,CCN(CC)CC.Nc1cccc(-c2cn(-c3nc(N)c4ncn([C@@H]5O[C@H](COS(=O)(=O)NC(=O)c6ccccc6O)[C@@H](O)[C@H]5O)c4n3)nn2)c1
CHEMBL611780,,,0.46,,,,,,,,,,CCN(CC)CC.Nc1nc(-n2cc(-c3cccnc3)nn2)nc2c1ncn2[C@@H]1O[C@H](COS(=O)(=O)NC(=O)c2ccccc2O)[C@@H](O)[C@H]1O
CHEMBL611782,,,0.01,,,,,,,,,,CCN(CC)CC.Nc1nc(-n2cc(-c3ccc(O)cc3)nn2)nc2c1ncn2[C@@H]1O[C@H](COS(=O)(=O)NC(=O)c2ccccc2O)[C@@H](O)[C@H]1O
CHEMBL611783,,,0.12,,,,,,,,,,CCN(CC)CC.Nc1nc(-n2cc(-c3ccccn3)nn2)nc2c1ncn2[C@@H]1O[C@H](COS(=O)(=O)NC(=O)c2ccccc2O)[C@@H](O)[C@H]1O
CHEMBL611784,,,0.01,,,,,,,,,,CCCCCc1cn(-c2nc(N)c3ncn([C@@H]4O[C@H](COS(=O)(=O)NC(=O)c5ccccc5O)[C@@H](O)[C@H]4O)c3n2)nn1.CCN(CC)CC
CHEMBL611785,,,1.03,,,,,,,,,,CCN(CC)CC.Cc1ccc(-c2cn(-c3nc(N)c4ncn([C@@H]5O[C@H](COS(=O)(=O)NC(=O)c6ccccc6O)[C@@H](O)[C@H]5O)c4n3)nn2)cc1
CHEMBL612037,,,1.61,,,,,,,,,,CCCCCCCCc1cn(-c2nc(N)c3ncn([C@@H]4O[C@H](COS(=O)(=O)NC(=O)c5ccccc5O)[C@@H](O)[C@H]4O)c3n2)nn1.CCN(CC)CC
CHEMBL612040,,,0.12,,,,,,,,,,CCN(CC)CC.Nc1nc(-n2cc(-c3ccccc3O)nn2)nc2c1ncn2[C@@H]1O[C@H](COS(=O)(=O)NC(=O)c2ccccc2O)[C@@H](O)[C@H]1O
CHEMBL612041,,,0.33,,,,,,,,,,CCN(CC)CC.Nc1ccc(-c2cn(-c3nc(N)c4ncn([C@@H]5O[C@H](COS(=O)(=O)NC(=O)c6ccccc6O)[C@@H](O)[C@H]5O)c4n3)nn2)cc1
CHEMBL612042,,,0.03,,,,,,,,,,CCCCCCCCCCc1cn(-c2nc(N)c3ncn([C@@H]4O[C@H](COS(=O)(=O)NC(=O)c5ccccc5O)[C@@H](O)[C@H]4O)c3n2)nn1.CCN(CC)CC
CHEMBL612044,,,0.05,,,,,,,,,,CCCCCCCCCCCCc1cn(-c2nc(N)c3ncn([C@@H]4O[C@H](COS(=O)(=O)NC(=O)c5ccccc5O)[C@@H](O)[C@H]4O)c3n2)nn1.CCN(CC)CC
CHEMBL612048,,,0.01,,,,,,,,,,CCN(CC)CC.Nc1nc(-n2cc(C3CC3)nn2)nc2c1ncn2[C@@H]1O[C@H](COS(=O)(=O)NC(=O)c2ccccc2O)[C@@H](O)[C@H]1O
CHEMBL612049,,,2.65,,,,,,,,,,CCCCCCCc1cn(-c2nc(N)c3ncn([C@@H]4O[C@H](COS(=O)(=O)NC(=O)c5ccccc5O)[C@@H](O)[C@H]4O)c3n2)nn1.CCN(CC)CC
CHEMBL612052,,,0.09,,,,,,,,,,CCN(CC)CC.Nc1nc(-n2cc(-c3cccc(O)c3)nn2)nc2c1ncn2[C@@H]1O[C@H](COS(=O)(=O)NC(=O)c2ccccc2O)[C@@H](O)[C@H]1O
CHEMBL615,,,,,,,,0.84,,,,,CC1(C)S[C@@H]2[C@H](NC(=O)COc3ccccc3)C(=O)N2[C@H]1C(=O)O
CHEMBL617,,,,,,,,0.95,,,,,CC(=O)OCC1=C(C(=O)O)N2C(=O)[C@@H](NC(=O)Cc3cccs3)[C@H]2SC1
CHEMBL61780,,,,,,,,3.8,,,,,COc1ccccc1Oc1c(NS(=O)(=O)c2ccc(C(C)C)cn2)nc(-c2ccnc(-c3nnn[nH]3)c2)nc1OCCO
CHEMBL62,,,,,,,0.0801,,,,,,CN1CCc2cc(Cl)c(O)cc2[C@@H](c2ccccc2)C1
CHEMBL621,,,,,,,0.03,7.3,,,,,O=c1n(CCCN2CCN(c3cccc(Cl)c3)CC2)nc2ccccn12
CHEMBL62136,,,,9.75,89.99980725713534,,0.0043999999999999,,3.0,10.8,5.094339622641509,,O=S(=O)(c1ccccc1)N(CC(F)(F)F)c1ccc(C(O)(C(F)(F)F)C(F)(F)F)cc1
CHEMBL622,,,,12.88,89.99988354052337,,,,,,,,CCc1cccc2c3c([nH]c12)C(CC)(CC(=O)O)OCC3
CHEMBL623,,,,,,,,1.2,,,,,CCc1nn(CCCN2CCN(c3cccc(Cl)c3)CC2)c(=O)n1CCOc1ccccc1
CHEMBL6273,,,,,,,,8.6,,,,,CN1CCN(c2c(F)cc3c(=O)c(C(=O)O)cn(CCF)c3c2F)CC1
CHEMBL628,,,,,,,,1.2,,,,,CC(=O)CCCCn1c(=O)c2c(ncn2C)n(C)c1=O
CHEMBL629,,,,,,,,17.0,,,,,CN(C)CCC=C1c2ccccc2CCc2ccccc21
CHEMBL63,,,,,,,0.1728,,,,,,COc1ccc(C2CNC(=O)C2)cc1OC1CCCC1
CHEMBL631,,,,38.02,89.99996054709777,,0.0705,2.1,,,,,CCCNCC(O)COc1ccccc1C(=O)CCc1ccccc1
CHEMBL632,,,,,,,,5.6,,,,,C[C@H]1C[C@H]2[C@@H]3CCC4=CC(=O)C=C[C@]4(C)[C@@]3(F)[C@@H](O)C[C@]2(C)[C@@]1(O)C(=O)CO
CHEMBL633,,,,11.0,89.99986363657025,,,820.0,27.0,97.2,31.55844155844156,,CCCCc1oc2ccccc2c1C(=O)c1cc(I)c(OCCN(CC)CC)c(I)c1
CHEMBL634,,,,,,,,1.6,,,,,CCC(=O)N(c1ccccc1)C1(COC)CCN(CCn2nnn(CC)c2=O)CC1
CHEMBL635,,,,,,,,2.9,,,,,C[C@]12C=CC(=O)C=C1CC[C@@H]1[C@@H]2C(=O)C[C@@]2(C)[C@H]1CC[C@]2(O)C(=O)CO
CHEMBL636,,,,,,,,1.4,,,,,CCN(C)C(=O)Oc1cccc([C@H](C)N(C)C)c1
CHEMBL637,,,,,,,0.8136,5.0,,,,,COc1ccc(C(CN(C)C)C2(O)CCCCC2)cc1
CHEMBL638,,,,,,,0.5345,5.6,,,,,C[C@@H](c1ncncc1F)[C@](O)(Cn1cncn1)c1ccc(F)cc1F
CHEMBL639,,,,,,,,22.0,,,,,CN1CCCC(n2nc(Cc3ccc(Cl)cc3)c3ccccc3c2=O)CC1
CHEMBL64,,,,,,,,1.0,,,,,NNC(=O)c1ccncc1
CHEMBL640,,,,,,,,3.1,,,,,CCN(CC)CCNC(=O)c1ccc(N)cc1
CHEMBL641,,,,,,,,5.2,,,,,CNCC[C@@H](Oc1ccccc1C)c1ccccc1
CHEMBL642,,,,6.92,89.99978323751628,,,3.5,3.0,10.8,5.094339622641509,,CCCC(=O)Nc1ccc(OCC(O)CNC(C)C)c(C(C)=O)c1
CHEMBL643,,,,,,,,14.0,,,,,CC(CN1c2ccccc2Sc2ccccc21)N(C)C
CHEMBL64360,,,,,,,,2.2,,,,,Cc1cc(-n2cccc2)c(S(C)(=O)=O)cc1C(=O)N=C(N)N
CHEMBL64391,,,,,,,,25.0,,,,,CCC(C)n1ncn(-c2ccc(N3CCN(c4ccc(OCC5COC(Cn6cncn6)(c6ccc(Cl)cc6Cl)O5)cc4)CC3)cc2)c1=O
CHEMBL644,,,,,,,0.069,23.0,,,,,CC(CN(C)C)CN1c2ccccc2CCc2ccccc21
CHEMBL645,,,,25.12,89.99994028666383,,,10.0,,,,,CC(C)NCC(O)COc1ccc(COCCOC(C)C)cc1
CHEMBL646,,,,150.0,89.9999900000011,,0.1452,2.7,,,,,Cc1nnc2n1-c1ccc(Cl)cc1C(c1ccccc1Cl)=NC2
CHEMBL649,,,,,,,,9.2,,,,,
CHEMBL650,,,,79.56,89.99991276330873,,0.2007999999999999,2.3,,,,,C[C@H]1C[C@@H]2[C@H]([C@@H](O)C[C@@]3(C)[C@H]2CC[C@]3(O)C(=O)CO)[C@@]2(C)C=CC(=O)C=C12
CHEMBL651,,,,,,,,31.0,,,,,CCC(=O)C(CC(C)N(C)C)(c1ccccc1)c1ccccc1
CHEMBL652,,,,3.0,89.99950000277776,,0.6186,12.0,3.0,10.8,5.094339622641509,,O=C(NCC1CCCCN1)c1cc(OCC(F)(F)F)ccc1OCC(F)(F)F
CHEMBL654,,,,,,,,15.0,,,,,CN1CCN2c3ncccc3Cc3ccccc3C2C1
CHEMBL655,,,,76.68,89.99997062490425,,0.0174999999999999,3.1,,,,,Cc1ncc2n1-c1ccc(Cl)cc1C(c1ccccc1F)=NC2
CHEMBL656,,,,,,,,5.5,,,,,COc1ccc2c3c1O[C@H]1C(=O)CC[C@@]4(O)[C@@H](C2)N(C)CC[C@]314
CHEMBL65693,,,,,,,0.0054999999999999,,,,,,CS(=O)(=O)Nc1ccc2[nH]c(Cc3ccc(Oc4ccccc4)cc3)nc2c1
CHEMBL657,,,,,,,,9.3,,,,,CN(C)CCOC(c1ccccc1)c1ccccc1
CHEMBL65794,,,,,,,,1.7,,,,,CO/N=C(\C(=O)N[C@@H]1C(=O)N2C(C(=O)[O-])=C(C[n+]3cccc4c3CCC4)CS[C@H]12)c1csc(N)n1
CHEMBL658,,,,,,,,14.0,,,,,CCC(=O)N(c1ccccc1)C1(COC)CCN(CCc2cccs2)CC1
CHEMBL659,,,,,,,,5.3,,,,,COc1ccc2c3c1O[C@H]1C[C@@H](O)C=C[C@@]31CCN(C)C2
CHEMBL660,,,,,,,,16.0,,,,,NC12CC3CC(CC(C3)C1)C2
CHEMBL66089,,,,,,,0.0343000000000001,,7.59,27.323999999999995,11.861434276784165,,Nc1ncnc2nc(-c3ccc(N4CCOCC4)nc3)cc(-c3cccc(Br)c3)c12
CHEMBL661,,,,23.32,89.99979397771293,,0.2895,12.0,,,,,Cc1nnc2n1-c1ccc(Cl)cc1C(c1ccccc1)=NC2
CHEMBL6622,,,,,,,,1.69,,,,,O=[N+]([O-])O[C@H]1CO[C@H]2[C@@H]1OC[C@H]2O[N+](=O)[O-]
CHEMBL666,,,,,,,,4.7,,,,,O=C(O)P(=O)(O)O
CHEMBL669,,,,,,,0.0784,,4.07,14.652,6.774551507305344,,CN(C)CCC=C1c2ccccc2C=Cc2ccccc21
CHEMBL671,,,,,,,,2.7,,,,,S=P(N1CC1)(N1CC1)N1CC1
CHEMBL672,,,,54.0,89.9999722222308,,,,,,,,CC(C)OC(=O)C(C)(C)Oc1ccc(C(=O)c2ccc(Cl)cc2)cc1
CHEMBL674,,,,,,,,1.8,,,,,CCC(CC)O[C@@H]1C=C(C(=O)O)C[C@H](N)[C@H]1NC(C)=O
CHEMBL67929,,,1.53,,,,,,,,,,N[C@@H](C(=O)N1CCC[C@H]1C(=O)N[C@H](Cc1ccc(O)c(O)c1)C(=O)O)c1ccc(O)cc1
CHEMBL681,,,,,,,,3.5,,,,,CCOC(=O)c1cncn1[C@H](C)c1ccccc1
CHEMBL682,,,,32.36,89.99995364650101,,,,150.0,539.9999999999999,67.5,,CCN(CC)Cc1cc(Nc2ccnc3cc(Cl)ccc23)ccc1O
CHEMBL685,,,,,,,,1.1,,,,,COC(=O)Nc1nc2cc(C(=O)c3ccccc3)ccc2[nH]1
CHEMBL686,,,,,,,,,9.0,32.400000000000006,13.728813559322036,,Cc1cccc(Nc2ccccc2C(=O)O)c1C
CHEMBL687,,,0.0129,,,,,,,,,,CC(=O)Nc1ccc(S(N)(=O)=O)cc1
CHEMBL689,,,4.810000096,,,,,,,,,,OC[C@@H](O)[C@@H](O)[C@H](O)[C@H](O)CO
CHEMBL691,,,,,,,,9.7,,,,,C#C[C@]1(O)CC[C@H]2[C@@H]3CCc4cc(O)ccc4[C@H]3CC[C@@]21C
CHEMBL6966,,,25.616666666666664,65.505,89.99996432026927,,0.1073,2.8,127.7,459.72,64.67642093415868,,COc1ccc(CCN(C)CCCC(C#N)(c2ccc(OC)c(OC)c2)C(C)C)cc1OC
CHEMBL70,,,,,,,0.7917000000000001,2.0,,,,,CN1CC[C@]23c4c5ccc(O)c4O[C@H]2[C@@H](O)C=C[C@H]3[C@H]1C5
CHEMBL700,,,,,,,,,3.0,10.8,5.094339622641509,,Nc1ccc(S(=O)(=O)Nc2ccccn2)cc1
CHEMBL702,,,,,,,,0.96,,,,,CCN1CCN(C(=O)N[C@@H](C(=O)N[C@@H]2C(=O)N3[C@@H]2SC(C)(C)[C@@H]3C(=O)O)c2ccccc2)C(=O)C1=O
CHEMBL704,,,0.9,,,,,0.61,,,,,Nc1ccc(O)c(C(=O)O)c1
CHEMBL707,,,,,,,,10.0,,,,,COc1cc2nc(N3CCN(C(=O)C4COc5ccccc5O4)CC3)nc(N)c2cc1OC
CHEMBL708,,,,,,,0.0009999999999998,3.1,,,,,O=C1Cc2cc(CCN3CCN(c4nsc5ccccc45)CC3)c(Cl)cc2N1
CHEMBL709,,,,,,,,4.8,,,,,COc1cc2nc(N(C)CCCNC(=O)C3CCCO3)nc(N)c2cc1OC
CHEMBL70972,,,,85.0,89.99998235294464,,,,3.0,10.8,5.094339622641509,,CC1=C(C)C(=O)C(C(CCCCCC(=O)O)c2ccccc2)=C(C)C1=O
CHEMBL71,,,8.2,82.225,89.99994309694623,,0.0135999999999999,11.0,37.15,133.73999999999998,38.36488812392426,,CN(C)CCCN1c2ccccc2Sc2ccc(Cl)cc21
CHEMBL710,,,,,,,,6.0,,,,,CC(C)(C)NC(=O)[C@H]1CC[C@H]2[C@@H]3CC[C@H]4NC(=O)C=C[C@]4(C)[C@H]3CC[C@]12C
CHEMBL714,,,,12.0,89.99987500017362,,0.7721,2.4,3.0,10.8,5.094339622641509,,CC(C)(C)NCC(O)c1ccc(O)c(CO)c1
CHEMBL715,,,,,,,0.1073,,,,,,Cc1cc2c(s1)Nc1ccccc1N=C2N1CCN(C)CC1
CHEMBL72,,,17.88,78.46,89.9998866187587,,0.1481,22.0,10.47,37.692,15.582933686125353,,CNCCCN1c2ccccc2CCc2ccccc21
CHEMBL72292,,,,,,,0.0357999999999999,,,,,,CN1CCN(C2=Nc3ccccc3Nc3ccc(OS(=O)(=O)C(F)(F)F)cc32)CC1
CHEMBL723,,,,26.3,89.9999429658156,,,2.4,41.69,150.084,40.92158359690261,,COc1ccccc1OCCNCC(O)COc1cccc2[nH]c3ccccc3c12
CHEMBL726,,,,,,,0.0119,,,,,,OCCN1CCN(CCCN2c3ccccc3Sc3ccc(C(F)(F)F)cc32)CC1
CHEMBL728,,,,,,,,9.0,,,,,CN1CCN(CCCN2c3ccccc3Sc3ccc(Cl)cc32)CC1
CHEMBL7301,,,,,,,0.0019,,,,,,CC1=C(/C=C/C(C)=C/C=C/C(C)=C/C(=O)Nc2ccc(O)cc2)C(C)(C)CCC1
CHEMBL73048,,,,,,,0.3923,,,,,,C[C@@](O)(C(=O)Nc1ccc(S(C)(=O)=O)cc1Cl)C(F)(F)F
CHEMBL73135,,,1e-05,,,,,,,,,,NC(=O)N(O)CCC#Cc1ccc(CN2CCN([C@H](c3ccccc3)c3ccc(Cl)cc3)CC2)o1
CHEMBL741,,,0.0129,,,,0.4427,,,,,,Nc1nnc(-c2cccc(Cl)c2Cl)c(N)n1
CHEMBL7413,,,,,,,,1.6,,,,,C=CCC1(C(C)C#CCC)C(=O)NC(=O)N(C)C1=O
CHEMBL742,,,,,,,0.5799000000000001,2.8,,,,,CNC1(c2ccccc2Cl)CCCCC1=O
CHEMBL74355,,,,,,,0.6506000000000001,,,,,,COc1cccc([C@H](O)C2CCN(CCc3ccc(F)cc3)CC2)c1OC
CHEMBL744,,,,,,,0.0287,,,,,,Nc1nc2ccc(OC(F)(F)F)cc2s1
CHEMBL74632,,,,,,,,2.9,,,,,CO[C@@]1(NC(=O)C(C(=O)O)c2ccc(O)cc2)C(=O)N2C(C(=O)O)=C(CSc3nnnn3C)CO[C@@H]21
CHEMBL748,,,10.0,,,,,,,,,,C[n+]1ccccc1/C=N/O.[Cl-]
CHEMBL750,,,0.0129,,,,,,,,,,NS(=O)(=O)Cc1noc2ccccc12
CHEMBL75435,,,,21.0,89.99992857148526,,,,3.0,10.8,5.094339622641509,,C[C@H](C(=O)O)c1cccc(C(=O)c2ccccc2)c1
CHEMBL75474,,,,34.67,89.99995673495013,,,,,,,,C[C@]12CC[C@H](O)CC1=CCC1C2CC[C@]2(C)C(n3cnc4ccccc43)=CCC12
CHEMBL7568,,,,,,,0.1140999999999999,120.0,,,,,CCN(CC)CCCC(C)Nc1c2ccc(Cl)cc2nc2ccc(OC)cc12
CHEMBL75753,,,,,,,,7.7,,,,,O=C(NCCNCC(O)COc1ccc(O)cc1)N1CCOCC1
CHEMBL75880,,,,,,,0.0156,,,,,,C1CCC(C(CC2CCCCN2)C2CCCCC2)CC1
CHEMBL76,,,,,,,,570.0,,,,,CCN(CC)CCCC(C)Nc1ccnc2cc(Cl)ccc12
CHEMBL76370,,,11.0,,,,,11.0,,,,,CCCCCNC(=N)N/N=C/c1c[nH]c2ccc(OC)cc12
CHEMBL766,,,,,,,,0.86,,,,,CC1(C)C[C@@H]1C(=O)N/C(=C\CCCCSC[C@H](N)C(=O)O)C(=O)O
CHEMBL7662,,,,,,,0.0017,,,,,,COc1ccc(Cl)cc1C1(F)C(=O)Nc2cc(C(F)(F)F)ccc21
CHEMBL768,,,,,,,,0.15,,,,,COC(=O)CCc1ccc(OCC(O)CNC(C)C)cc1
CHEMBL77131,,,,49.225,89.99996624775872,,,,,,,,CCNC(=O)OC1CCN(c2nncc3cc(OC)c(OC)cc23)CC1
CHEMBL7728,,,,,,,,4.9,,,,,CN1C(=O)NC(=O)C(C)(C2=CCCCC2)C1=O
CHEMBL777,,,,,,,,0.9,,,,,O=C(O)[C@H]1/C(=C/CO)O[C@@H]2CC(=O)N21
CHEMBL778,,,,,,,,2.2,,,,,Cc1cccc([C@H](C)c2c[nH]cn2)c1C
CHEMBL782,,,,6.46,89.99976767719818,,0.0191,7.0,6.31,22.716,10.08524240809803,,CCCCNC(=O)NS(=O)(=O)c1ccc(C)cc1
CHEMBL783,,,,,,,,1.5,,,,,CC(C)[C@H]1CC[C@H](C(=O)N[C@H](Cc2ccccc2)C(=O)O)CC1
CHEMBL78628,,,,3.0,89.99950000277776,,0.8737,,,,,,CN(CC(=O)O)NC(=O)C[C@H](N)C[C@@H](O)CN
CHEMBL787,,,,28.825,89.99992924651119,,0.0004999999999999,5.0,30.0,108.0,33.74999999999999,,CC(C)(O)c1ccccc1CC[C@@H](SCC1(CC(=O)O)CC1)c1cccc(/C=C/c2ccc3ccc(Cl)cc3n2)c1
CHEMBL79,,,,,,,,1.6,,,,,CCN(CC)CC(=O)Nc1c(C)cccc1C
CHEMBL796,,,,,,,,4.8,,,,,COC(=O)C(c1ccccc1)C1CCCCN1
CHEMBL8,,,2.8,4.17,89.99964028920748,,0.6557999999999999,3.8,,,,,O=C(O)c1cn(C2CC2)c2cc(N3CCNCC3)c(F)cc2c1=O
CHEMBL80,,,,,,,,1.1,,,,,C=CCN1CC[C@]23c4c5ccc(O)c4O[C@H]2C(=O)CC[C@@]3(O)[C@H]1C5
CHEMBL8088,,,,,,,0.3599,,,,,,NC1=NC(c2ccc(F)cc2)Cc2ccccc21
CHEMBL809,,,14.5,,,,0.0145999999999999,,,,,,CN[C@H]1CC[C@@H](c2ccc(Cl)c(Cl)c2)c2ccccc21
CHEMBL81,,,,30.0,89.99995000002778,,0.005,,21.0,75.6,26.619718309859152,,O=C(c1ccc(OCCN2CCCCC2)cc1)c1c(-c2ccc(O)cc2)sc2cc(O)ccc12
CHEMBL810,,,,,,,,1.5,,,,,Cn1nnc2c(C(N)=O)ncn2c1=O
CHEMBL813,,,,,,,,2.1,,,,,CCCCc1ncc(/C=C(\Cc2cccs2)C(=O)O)n1Cc1ccc(C(=O)O)cc1
CHEMBL81324,,,,,,,0.0581,,,,,,Clc1ccc(C(c2ccccc2)N2CCNCC2)cc1
CHEMBL814,,,,,,,0.2445,,,,,,COCCCC/C(=N\OCCN)c1ccc(C(F)(F)F)cc1
CHEMBL819,,,,,,,,0.7,,,,,Cc1onc(-c2ccccc2)c1C(=O)N[C@@H]1C(=O)N2[C@@H]1SC(C)(C)[C@@H]2C(=O)O
CHEMBL81945,,,,61.66,89.99997567305232,,,,,,,,Nc1ccc2c(c1)Cc1cc(N)ccc1-2
CHEMBL820,,,,,,,,3.4,,,,,CS(=O)(=O)OCCCCOS(C)(=O)=O
CHEMBL8232,,,,,,,,,3.0,10.8,5.094339622641509,,COc1cccc(Oc2cncnc2O)c1
CHEMBL826,,,3.45,,,,0.6557999999999999,5.1,,,,,CCn1cc(C(=O)O)c(=O)c2cc(F)c(N3CCNCC3)nc21
CHEMBL8260,,,2.8145,,,,,,,,,,O=c1cc(-c2ccccc2)oc2cc(O)c(O)c(O)c12
CHEMBL82663,,,,66.75,89.99997411119136,,0.0555999999999999,,111.0,399.6,62.04968944099379,,O=S(=O)(CCCOCCc1ccccc1)CCNCCc1ccc(O)c2nc(O)sc12
CHEMBL83063,,,,,,,,2.6,,,,,CC(NCCc1ccc(O)cc1)C(O)c1ccc(O)cc1
CHEMBL832,,,,,,,0.0069,6.2,,,,,O=C1C(CC[S+]([O-])c2ccccc2)C(=O)N(c2ccccc2)N1c1ccccc1
CHEMBL833,,,,103.115,89.99998166192874,,,,35.0,125.99999999999996,37.05882352941176,,Clc1ccccc1CN1CCc2sccc2C1
CHEMBL834,,,4.5e-08,,,,,32.0,,,,,NCCC(O)(P(=O)(O)O)P(=O)(O)O
CHEMBL83597,,,,,,,0.1368,,,,,,CN1CCC[C@@H]1Cc1c[nH]c2ccc(Nc3ncccc3[N+](=O)[O-])cc12
CHEMBL836,,,,,,,,6.8,,,,,CCOc1ccccc1OCCN[C@H](C)Cc1ccc(OC)c(S(N)(=O)=O)c1
CHEMBL837,,,,23.99,89.99993747399091,,0.0768,,25.12,90.432,30.09584664536741,,CCc1c2c(nc3ccc(O)cc13)-c1cc3c(c(=O)n1C2)COC(=O)[C@]3(O)CC
CHEMBL838,,,17.0,,,,,,,,,,CCOC(=O)[C@H](CCc1ccccc1)N[C@H]1CCc2ccccc2N(CC(=O)O)C1=O
CHEMBL84,,,,3.24,89.99953703941853,,,2.3,,,,,CC[C@@]1(O)C(=O)OCc2c1cc1n(c2=O)Cc2cc3c(CN(C)C)c(O)ccc3nc2-1
CHEMBL841,,,,52.5,89.99993742855685,,0.0736,,45.71,164.55599999999998,42.98296938668896,,CN(C)C(=O)C(CCN1CCC(O)(c2ccc(Cl)cc2)CC1)(c1ccccc1)c1ccccc1
CHEMBL85,,,,,,,0.154,3.2,,,,,Cc1nc2n(c(=O)c1CCN1CCC(c3noc4cc(F)ccc34)CC1)CCCC2
CHEMBL850,,,42.0,,,,,20.0,,,,,C[C@@H]1CN(c2c(F)c(N)c3c(=O)c(C(=O)O)cn(C4CC4)c3c2F)C[C@H](C)N1
CHEMBL852,,,84.0,,,,,1.0,,,,,N[C@@H](Cc1ccc(N(CCCl)CCCl)cc1)C(=O)O
CHEMBL853,,,,,,,,1.2,,,,,Nc1ccn([C@H]2CC[C@@H](CO)O2)c(=O)n1
CHEMBL855,,,,84.0,89.99998214286069,,0.6454,,8.0,28.8,12.413793103448272,,Cc1ccc(/C(=C\CN2CCCC2)c2ccccn2)cc1
CHEMBL86,,,,,,,0.7010000000000001,7.2,,,,,CCN(CC)CCNC(=O)c1cc(Cl)c(N)cc1OC
CHEMBL860,,,,,,,0.2120999999999999,,,,,,CN(C)CC/C=C1\c2ccccc2COc2ccccc21
CHEMBL862,,,,,,,,15.0,,,,,N=C(N)NC(=O)Cc1c(Cl)cccc1Cl
CHEMBL86247,,,0.1,,,,,,,,,,CCc1nc2c(C)cc(C)nc2n1Cc1ccc(-c2c(-c3nn[nH]n3)cnc3ccccc23)cc1
CHEMBL86276,,,,,,,,,9.0,32.400000000000006,13.728813559322036,,Nc1nc(-c2ccccc2)nn1Cc1ccccc1
CHEMBL86304,,,,,,,,1.5,,,,,O=C(NCCN1CCOCC1)c1ccc(Cl)cc1
CHEMBL865,,,,,,,0.0245,,,,,,Cc1onc(-c2ccccc2)c1-c1ccc(S(N)(=O)=O)cc1
CHEMBL866,,,,14.79,89.99989858023599,,0.0159999999999999,,,,,,COc1c(C)c2c(c(O)c1C/C=C(\C)CCC(=O)O)C(=O)OC2
CHEMBL86715,,,,,,,,12.0,,,,,OC(CCN1CCCC1)(c1ccccc1)C1CCCCC1
CHEMBL86882,,,,,,,,2.2,,,,,CCNCC(O)c1cccc(O)c1
CHEMBL86932,,,0.029,,,,,,,,,,CCN(CC)CCN(Cc1ccc(-c2ccc(Cl)cc2)cc1)C(=O)Cn1cc(Cc2cnn(C)c2)c(=O)nc1SCc1ccc(F)cc1
CHEMBL87,,,,,,,0.6712,,,,,,COc1cc2c(c(OC)c1OC)-c1ccc(OC)c(=O)cc1C(NC(C)=O)CC2
CHEMBL870,,,6e-08,,,,,,,,,,NCCCC(O)(P(=O)(O)O)P(=O)(O)O
CHEMBL87045,,,,,,,,7.3,,,,,c1ccc(C2(c3ccccc3)CC2C2=NCCN2)cc1
CHEMBL87071,,,0.002,,,,,,,,,,Cn1cc(Cc2cn(CC(=O)N(CCN)Cc3ccc(-c4ccc(Cl)cc4)cc3)c(SCc3ccc(F)cc3)nc2=O)cn1
CHEMBL87355,,,0.001,,,,,,,,,,CN(C)CCCN(Cc1ccc(-c2ccc(Cl)cc2)cc1)C(=O)Cn1cc(Cc2cnn(C)c2)c(=O)nc1SCc1ccc(F)cc1
CHEMBL87543,,,,28.18,89.99994677079088,,0.2895,6.5,,,,,CC(C)N1CCC(N(C(=O)Cc2ccccc2)c2ccc(Cl)cc2)CC1
CHEMBL877,,,,,,,,2.3,,,,,NC[C@H]1CC[C@H](C(=O)O)CC1
CHEMBL87792,,,0.001,,,,,,,,,,CN(C)CCN(Cc1ccc(-c2ccc(C(F)(F)F)cc2)cc1)C(=O)Cn1cc(Cc2cnn(C)c2)c(=O)nc1SCc1ccc(F)cc1
CHEMBL878,,,,,,,,20.0,,,,,Cc1ccccc1N1C(=O)c2cc(S(N)(=O)=O)c(Cl)cc2NC1C
CHEMBL88,,,,,,,0.7992,8.0,,,,,O=P1(N(CCCl)CCCl)NCCCO1
CHEMBL8809,,,,,,,0.1095,,,,,,CCN1CCC[C@H]1CNC(=O)c1c(O)c(Cl)cc(Cl)c1OC
CHEMBL88712,,,,,,,0.0015,,,,,,O=C(O)[C@@H](c1ccc(OCc2ccc3ccccc3n2)cc1)C1CCCC1
CHEMBL888,,,,,,,,1.0,,,,,Nc1ccn([C@@H]2O[C@H](CO)[C@@H](O)C2(F)F)c(=O)n1
CHEMBL893,,,,,,,,0.88,,,,,Cc1onc(-c2c(Cl)cccc2Cl)c1C(=O)N[C@@H]1C(=O)N2[C@@H]1SC(C)(C)[C@@H]2C(=O)O
CHEMBL894,,,,44.71,89.99994547703852,,0.5402,,12.02,43.27199999999999,17.442760399871005,,CC(NC(C)(C)C)C(=O)c1cccc(Cl)c1
CHEMBL895,,,,,,,,3.7,,,,,Oc1ccc2c3c1O[C@H]1[C@@H](O)CC[C@@]4(O)[C@@H](C2)N(CC2CCC2)CC[C@]314
CHEMBL896,,,,,,,0.0818000000000001,,,,,,OCCOCCN1CCN(C(c2ccccc2)c2ccc(Cl)cc2)CC1
CHEMBL897,,,,,,,,5.9,,,,,CCCN(CCC)S(=O)(=O)c1ccc(C(=O)O)cc1
CHEMBL89750,,,0.001,,,,,,,,,,Cn1cc(Cc2cn(CC(=O)N(CC(=O)O)Cc3ccc(-c4ccc(C(F)(F)F)cc4)cc3)c(SCc3ccc(F)cc3)nc2=O)cn1
CHEMBL898,,,,8.27,89.99980782769634,,0.0020999999999999,10.0,,,,,O=C(O)c1cc(-c2ccc(F)cc2F)ccc1O
CHEMBL9,,,1.0,,,,,,,,,,CCn1cc(C(=O)O)c(=O)c2cc(F)c(N3CCNCC3)cc21
CHEMBL900,,,,150.0,89.9999900000011,,,,,,,,Cc1ccccc1C(OCCN(C)C)c1ccccc1
CHEMBL902,,,0.6,,,,,2.8,,,,,NC(N)=Nc1nc(CSCC/C(N)=N/S(N)(=O)=O)cs1
CHEMBL905,,,,,,,,2.2,,,,,CN(C)CCc1c[nH]c2ccc(Cn3cncn3)cc12
CHEMBL90555,,,,,,,,23.0,,,,,CC[C@]1(O)C[C@H]2CN(CCc3c([nH]c4ccccc34)[C@@](C(=O)OC)(c3cc4c(cc3OC)N(C=O)[C@H]3[C@@](O)(C(=O)OC)[C@H](OC(C)=O)[C@]5(CC)C=CCN6CC[C@]43[C@@H]65)C2)C1
CHEMBL90568,,,54.9,,,,,,,,,,COc1ccc(-c2cc(=O)c3c(O)cc(O)cc3o2)cc1O
CHEMBL907,,,,,,,0.0048999999999999,,,,,,CCCCc1nc(Cl)c(C(=O)O)n1Cc1ccc(-c2ccccc2-c2nn[nH]n2)cc1
CHEMBL911,,,,,,,,1.7,,,,,Cc1ccc(-c2nc3ccc(C)cn3c2CC(=O)N(C)C)cc1
CHEMBL914,,,2.8,3.0,89.99950000277776,,0.3706,,3.0,10.8,5.094339622641509,,CC(C)(C(=O)O)c1ccc(C(O)CCCN2CCC(C(O)(c3ccccc3)c3ccccc3)CC2)cc1
CHEMBL91428,,,,3.0,89.99950000277776,,,,30.9,111.24,34.37577255871446,,COc1cc2ncnc(Nc3cc4ccccc4cn3)c2cc1OC
CHEMBL916,,,,,,,,1.6,,,,,CCCCS(=O)(=O)N[C@@H](Cc1ccc(OCCCCC2CCNCC2)cc1)C(=O)O
CHEMBL923,,,,,,,,200.0,,,,,O=P(O)(O)C(O)(Cc1cccnc1)P(=O)(O)O
CHEMBL924,,,,,,,,11.0,,,,,O=P(O)(O)C(O)(Cn1ccnc1)P(=O)(O)O
CHEMBL93,,,,7.76,89.99980670144609,,,,,,,,CC(c1cc2ccccc2s1)N(O)C(N)=O
CHEMBL93124,,,,,,,0.0110999999999999,,,,,,CNc1ccc(-c2nc3ccc(O)cc3s2)cc1
CHEMBL934,,,,,,,0.8882,,,,,,CC(C)(C(=O)c1cccnc1)c1cccnc1
CHEMBL93484,,,,3.0,89.99950000277776,,0.7469,,3.31,11.916,5.588069780528982,,CC1N=C(N)N=C(N)N1c1ccc(Cl)cc1
CHEMBL9352,,,38.3,,,,,,,,,,O=C1C[C@@H](c2ccc(O)cc2)Oc2cc(O)cc(O)c21
CHEMBL939,,,,,,,,34.0,,,,,COc1cc2ncnc(Nc3ccc(F)c(Cl)c3)c2cc1OCCCN1CCOCC1
CHEMBL940,,,0.46,,,,,5.3,,,,,NCC1(CC(=O)O)CCCCC1
CHEMBL941,,,,,,,0.0633,22.0,,,,,Cc1ccc(NC(=O)c2ccc(CN3CCN(C)CC3)cc2)cc1Nc1nccc(-c2cccnc2)n1
CHEMBL945,,,,3.0,89.99950000277776,,0.7291000000000001,,3.0,10.8,5.094339622641509,,N=C(N)NC(=O)c1nc(Cl)c(N)nc1N
CHEMBL95,,,,13.8,89.9998913044791,,0.4655,3.3,30.5,109.8,34.099378881987576,,Nc1c2c(nc3ccccc13)CCCC2
CHEMBL953,,,,,,,,2.4,,,,,CCN(CC)C(=O)/C(C#N)=C/c1cc(O)c(O)c([N+](=O)[O-])c1
CHEMBL956,,,,12.885,89.99987635957078,,,2.1,3.0,10.8,5.094339622641509,,CC(C(=O)O)c1ccc(C(=O)c2cccs2)cc1
CHEMBL957,,,,4.79,89.99968684868875,,0.013,4.1,15.14,54.504,20.91802272029475,,COc1ccccc1Oc1c(NS(=O)(=O)c2ccc(C(C)(C)C)cc2)nc(-c2ncccn2)nc1OCCO
CHEMBL95804,,,,,,,0.849,3.8,,,,,CCN(CC)CCNC(=O)c1ccc(NS(C)(=O)=O)cc1
CHEMBL96,,,0.0,,,,,,,,,,NCCCC(=O)O
CHEMBL960,,,,13.495,89.99971873838433,,,,,,,,Cc1oncc1C(=O)Nc1ccc(C(F)(F)F)cc1
CHEMBL972,,,,,,,0.2709,1.3,,,,,C#CCN(C)[C@H](C)Cc1ccccc1
CHEMBL976,,,,17.38,89.9999136939838,,,,,,,,O=C(C1CCCCC1)N1CC(=O)N2CCc3ccccc3C2C1
CHEMBL979,,,,,,,,14.0,,,,,CCCC(C)(COC(N)=O)COC(N)=O
CHEMBL98,,,,,,,,0.76,,,,,O=C(CCCCCCC(=O)Nc1ccccc1)NO
CHEMBL981,,,,,,,0.0119,,,,,,CC(C)(Oc1ccc(C(=O)c2ccc(Cl)cc2)cc1)C(=O)O
CHEMBL982,,,,,,,,8.8,,,,,C=C1CC[C@@]2(O)[C@H]3Cc4ccc(O)c5c4[C@@]2(CCN3CC2CC2)[C@H]1O5
CHEMBL98345,,,,,,,,,12.0,43.2,17.419354838709676,,O=C(NO)c1ccc(NS(=O)(=O)c2ccccc2)cc1
CHEMBL98406,,,,5.75,89.99973913119092,,0.16,,,,,,Nc1nc2ccc(F)cc2s1
CHEMBL98760,,,,,,,0.0051000000000001,,3.0,10.8,5.094339622641509,,CC(C)NC(=O)c1ccc2c(Nc3ccc(Cl)cc3)nc(N3CCOCC3)nc2c1
CHEMBL991,,,,,,,,1.4,,,,,Cc1cn([C@H]2C=C[C@@H](CO)O2)c(=O)[nH]c1=O
CHEMBL996,,,,,,,,0.81,,,,,CO[C@@]1(NC(=O)Cc2cccs2)C(=O)N2C(C(=O)O)=C(COC(N)=O)CS[C@@H]21
CHEMBL9967,,,,6.76,89.99977810705595,,0.7597,,3.0,10.8,5.094339622641509,,CN1CCN(CC(=O)N2c3ccccc3C(=O)Nc3cccnc32)CC1
CHEMBL997,,,,,,,,14.0,,,,,CCCCCN(C)CCC(O)(P(=O)(O)O)P(=O)(O)O
CP-65207,,,,,,,,,,,,0.21,CC(C1C2N(C1=O)C(=C(S2)SC3CCS(=O)C3)C(=O)[O-])O.[Na+]
CPU-86017,,-6.2314224000000005,,,,,,,,,,,
CPW 86-363,,,,,,,,,,,,0.22,CN1C(=NN=N1)SCC2=C(N3C(C(C3=O)NC(=O)C(=NOCC(=O)O)C4=CC=NN4)SC2)C(=O)O
CYT997,,,,,,,,,,,,3.41,CCCC(C1=CN=CC=C1)NC2=NC(=NC=C2C)C3=CC(=C(C=C3)NC(=O)NCC)OC
Cabazitaxel,,,,,,,,,,,,48.0,CC1=C2C(C(=O)C3(C(CC4C(C3C(C(C2(C)C)(CC1OC(=O)C(C(C5=CC=CC=C5)NC(=O)OC(C)(C)C)O)O)OC(=O)C6=CC=CC=C6)(CO4)OC(=O)C)OC)C)OC
Cabergoline,1.0,,,,,,,,,,,,CCNC(=O)N(CCCN(C)C)C(=O)C1CC2C(CC3=CNC4=CC=CC2=C34)N(C1)CC=C
Caderofloxacin,,,,,,,,,,,,1.1,CC1CN(CCN1)C2=C(C=C3C(=C2OC(F)F)N(C=C(C3=O)C(=O)O)C4CC4)F
Caffeine,1.0,,,,,,,,,,,0.63,CN1C=NC2=C1C(=O)N(C(=O)N2C)C
Calcitriol,1.0,,,,,,,,,,,,CC(CCCC(C)(C)O)C1CCC2C1(CCCC2=CC=C3CC(CC(C3=C)O)O)C
Camazepam,,-4.46,,,,,,,,,,,CN1C2=C(C=C(C=C2)Cl)C(=NC(C1=O)OC(=O)N(C)C)C3=CC=CC=C3
Candesartan,1.0,,,,,,,,,,,0.13,CCOC1=NC2=CC=CC(=C2N1CC3=CC=C(C=C3)C4=CC=CC=C4C5=NNN=N5)C(=O)O
Candoxatrilat,,,,,,,,,,,,0.25,COCCOCC(CC1(CCCC1)C(=O)NC2CCC(CC2)C(=O)O)C(=O)O
Cangrelor,,,,,,,,,,,,0.04,CSCCNC1=C2C(=NC(=N1)SCCC(F)(F)F)N(C=N2)C3C(C(C(O3)COP(=O)(O)OP(=O)(C(P(=O)(O)O)(Cl)Cl)O)O)O
Cannabinol,,,,,,,,,,,,16.98,CCCCCC1=CC(=C2C(=C1)OC(C3=C2C=C(C=C3)C)(C)C)O
Capric acid (decanoic acid),,-4.6799998,,,,,,,,,,,
Captopril,1.0,,,,,,,,,,,0.75,CC(CS)C(=O)N1CCCC1C(=O)O
Captopril (Cap),,-4.8200002,,,,,,,,,,,
Carbamazepine,1.0,,,,,,,,,,,,C1=CC=C2C(=C1)C=CC3=CC=CC=C3N2C(=O)N
Carbendazim,,-4.1011863,,,,,,,,,,,COC(=O)NC1=NC2=CC=CC=C2N1
Carbenicillin,,,,,,,,,,,,0.17,CC1(C(N2C(S1)C(C2=O)NC(=O)C(C3=CC=CC=C3)C(=O)O)C(=O)O)C
Carbimazole,0.0,,,,,,,,,,,,CCOC(=O)N1C=CN(C1=S)C
Carebastine,,,,,,,,,,,,0.41,CC(C)(C1=CC=C(C=C1)C(=O)CCCN2CCC(CC2)OC(C3=CC=CC=C3)C4=CC=CC=C4)C(=O)O
Carfilzomib,,,,,,,,,,,,0.13,CC(C)CC(C(=O)C1(CO1)C)NC(=O)C(CC2=CC=CC=C2)NC(=O)C(CC(C)C)NC(=O)C(CCC3=CC=CC=C3)NC(=O)CN4CCOCC4
Carmustine (BCNU),,,,,,,,,,,,1.2,
Carnitine_L,,,,,,,,,,,,0.4,
Carocainide,,,,,,,,,,,,0.8,CNC(=O)NC1=C(C2=C(C(=C1OCCN3CCCC3)OC)OC=C2)OC
Carteolol,1.0,,,,,,,,,,,,CC(C)(C)NCC(COC1=CC=CC2=C1CCC(=O)N2)O
Carumonam,,,,,,,,,,,,0.18,C1=C(N=C(S1)N)C(=NOCC(=O)O)C(=O)NC2C(N(C2=O)S(=O)(=O)O)COC(=O)N
Carvedilol,1.0,,,,,,,,,,,1.3,COC1=CC=CC=C1OCCNCC(COC2=CC=CC3=C2C4=CC=CC=C4N3)O
Carzelesin,,,,,,,,,,,,0.09,CCN(CC)C1=CC2=C(C=C1)C=C(O2)C(=O)NC3=CC4=C(C=C3)NC(=C4)C(=O)N5CC(C6=C7C(=CNC7=C(C=C65)OC(=O)NC8=CC=CC=C8)C)CCl
Caspofungin,,,,,,,,,,,,0.13,CCC(C)CC(C)CCCCCCCCC(=O)NC1CC(C(NC(=O)C2C(CCN2C(=O)C(NC(=O)C(NC(=O)C3CC(CN3C(=O)C(NC1=O)C(C)O)O)C(C(C4=CC=C(C=C4)O)O)O)C(CCN)O)O)NCCN)O
Cefacetrile,0.0,,,,,,,,,,,,CC(=O)OCC1=C(N2C(C(C2=O)NC(=O)CC#N)SC1)C(=O)O
Cefaclor,1.0,,,,,,,,,,,,C1C(=C(N2C(S1)C(C2=O)NC(=O)C(C3=CC=CC=C3)N)C(=O)O)Cl
Cefadroxil,1.0,,,,,,,,,,,0.23,CC1=C(N2C(C(C2=O)NC(=O)C(C3=CC=C(C=C3)O)N)SC1)C(=O)O
Cefamandole,,,,,,,,,,,,0.16,CN1C(=NN=N1)SCC2=C(N3C(C(C3=O)NC(=O)C(C4=CC=CC=C4)O)SC2)C(=O)O
Cefatrizine,1.0,,,,,,,,,,,0.22,C1C(=C(N2C(S1)C(C2=O)NC(=O)C(C3=CC=C(C=C3)O)N)C(=O)O)CSC4=NNN=C4
Cefazedone,,,,,,,,,,,,0.13,CC1=NN=C(S1)SCC2=C(N3C(C(C3=O)NC(=O)CN4C=C(C(=O)C(=C4)Cl)Cl)SC2)C(=O)O
Cefazolin,1.0,,,,,,,,,,,0.12,CC1=NN=C(S1)SCC2=C(N3C(C(C3=O)NC(=O)CN4C=NN=N4)SC2)C(=O)O
Cefcanel,,,,,,,,,,,,0.13,CC1=NN=C(S1)SCC2=C(N3C(C(C3=O)NC(=O)C(C4=CC=CC=C4)O)SC2)C(=O)O
Cefclidin,,,,,,,,,,,,0.27,CON=C(C1=NSC(=N1)N)C(=O)NC2C3N(C2=O)C(=C(CS3)C[N+]45CCC(CC4)(CC5)C(=O)N)C(=O)[O-]
Cefdinir,1.0,,,,,,,,,,,,C=CC1=C(N2C(C(C2=O)NC(=O)C(=NO)C3=CSC(=N3)N)SC1)C(=O)O
Cefepime,,,,,,,,,,,,0.28,C[N+]1(CCCC1)CC2=C(N3C(C(C3=O)NC(=O)C(=NOC)C4=CSC(=N4)N)SC2)C(=O)[O-]
Cefetamet,,,,,,,,,,,,0.28,CC1=C(N2C(C(C2=O)NC(=O)C(=NOC)C3=CSC(=N3)N)SC1)C(=O)O
Cefixime,1.0,,,,,,,,,,,0.24,C=CC1=C(N2C(C(C2=O)NC(=O)C(=NOCC(=O)O)C3=CSC(=N3)N)SC1)C(=O)O
Cefmenoxime,,,,,,,,,,,,0.2,CN1C(=NN=N1)SCC2=C(N3C(C(C3=O)NC(=O)C(=NOC)C4=CSC(=N4)N)SC2)C(=O)O
Cefmetazole,,,,,,,,,,,,0.13,CN1C(=NN=N1)SCC2=C(N3C(C(C3=O)(NC(=O)CSCC#N)OC)SC2)C(=O)O
Cefodizime,0.0,,,,,,,,,,,0.05,CC1=C(SC(=N1)SCC2=C(N3C(C(C3=O)NC(=O)C(=NOC)C4=CSC(=N4)N)SC2)C(=O)O)CC(=O)O
Cefonicid,,,,,,,,,,,,0.14,C1C(=C(N2C(S1)C(C2=O)NC(=O)C(C3=CC=CC=C3)O)C(=O)O)CSC4=NN=NN4CS(=O)(=O)O
Cefoperazone,,,,,,,,,,,,0.17,CCN1CCN(C(=O)C1=O)C(=O)NC(C2=CC=C(C=C2)O)C(=O)NC3C4N(C3=O)C(=C(CS4)CSC5=NN=NN5C)C(=O)O
Ceforanide,,,,,,,,,,,,0.17,C1C(=C(N2C(S1)C(C2=O)NC(=O)CC3=CC=CC=C3CN)C(=O)O)CSC4=NN=NN4CC(=O)O
Cefoselis,,,,,,,,,,,,0.3,CON=C(C1=CSC(=N1)N)C(=O)NC2C3N(C2=O)C(=C(CS3)C[N+]4=CC=C(N4CCO)N)C(=O)[O-]
Cefotaxime,,,,,,,,,,,,0.19,CC(=O)OCC1=C(N2C(C(C2=O)NC(=O)C(=NOC)C3=CSC(=N3)N)SC1)C(=O)O
Cefotetan,,,,,,,,,,,,0.13,CN1C(=NN=N1)SCC2=C(N3C(C(C3=O)(NC(=O)C4SC(=C(C(=O)N)C(=O)O)S4)OC)SC2)C(=O)O
Cefoxitin,0.0,,,,,,,,,,,0.17,COC1(C2N(C1=O)C(=C(CS2)COC(=O)N)C(=O)O)NC(=O)CC3=CC=CS3
Cefozopran,,,,,,,,,,,,0.24,CON=C(C1=NSC(=N1)N)C(=O)NC2C3N(C2=O)C(=C(CS3)C[N+]4=C5C=CC=NN5C=C4)C(=O)[O-]
Cefpimizole,,,,,,,,,,,,0.21,C1C(=C(N2C(S1)C(C2=O)NC(=O)C(C3=CC=CC=C3)NC(=O)C4=C(NC=N4)C(=O)O)C(=O)O)C[N+]5=CC=C(C=C5)CCS(=O)(=O)[O-]
Cefpiramide,,,,,,,,,,,,0.15,CC1=CC(=O)C(=CN1)C(=O)NC(C2=CC=C(C=C2)O)C(=O)NC3C4N(C3=O)C(=C(CS4)CSC5=NN=NN5C)C(=O)O
Cefpirome,,,,,,,,,,,,0.24,CON=C(C1=CSC(=N1)N)C(=O)NC2C3N(C2=O)C(=C(CS3)C[N+]4=CC=CC5=C4CCC5)C(=O)[O-]
Cefprozil,1.0,,,,,,,,,,,0.21,CC=CC1=C(N2C(C(C2=O)NC(=O)C(C3=CC=C(C=C3)O)N)SC1)C(=O)O
Ceftaroline fosamil,,,,,,,,,,,,0.53,CCON=C(C1=NSC(=N1)NP(=O)(O)O)C(=O)NC2C3N(C2=O)C(=C(CS3)SC4=NC(=CS4)C5=CC=[N+](C=C5)C)C(=O)[O-]
Ceftazidime,0.0,,,,,,,,,,,0.31,CC(C)(C(=O)O)ON=C(C1=CSC(=N1)N)C(=O)NC2C3N(C2=O)C(=C(CS3)C[N+]4=CC=CC=C4)C(=O)[O-]
Ceftizoxime,0.0,,,,,,,,,,,0.2,CON=C(C1=CSC(=N1)N)C(=O)NC2C3N(C2=O)C(=CCS3)C(=O)O
Ceftobiprole,,,,,,,,,,,,0.27,C1CNCC1N2CCC(=CC3=C(N4C(C(C4=O)NC(=O)C(=NO)C5=NSC(=N5)N)SC3)C(=O)O)C2=O
Ceftolozane,,,,,,,,,,,,0.17,CC(C)(C(=O)O)ON=C(C1=NSC(=N1)N)C(=O)NC2C3N(C2=O)C(=C(CS3)C[N+]4=CC(=C(N4C)N)NC(=O)NCCN)C(=O)[O-]
Ceftriaxone,0.0,-6.604713,,,,,,,,,,0.12,CN1C(=NC(=O)C(=O)N1)SCC2=C(N3C(C(C3=O)NC(=O)C(=NOC)C4=CSC(=N4)N)SC2)C(=O)O
Cefuroxime,1.0,-6.29,,,,,,,,,,0.15,CON=C(C1=CC=CO1)C(=O)NC2C3N(C2=O)C(=C(CS3)COC(=O)N)C(=O)O
Cefuzonam,,,,,,,,,,,,0.2,CON=C(C1=CSC(=N1)N)C(=O)NC2C3N(C2=O)C(=C(CS3)CSC4=CN=NS4)C(=O)O
Celecoxib,,-4.8050604,,,,,,,,,,,CC1=CC=C(C=C1)C2=CC(=NN2C3=CC=C(C=C3)S(=O)(=O)N)C(F)(F)F
Celiprolol,1.0,,,,,,,,,,,,CCN(CC)C(=O)NC1=CC(=C(C=C1)OCC(CNC(C)(C)C)O)C(=O)C
Cephalexin,1.0,,,,,,,,,,,0.21,CC1=C(N2C(C(C2=O)NC(=O)C(C3=CC=CC=C3)N)SC1)C(=O)O
Cephaloridine,,,,,,,,,,,,0.46,C1C(=C(N2C(S1)C(C2=O)NC(=O)CC3=CC=CS3)C(=O)[O-])C[N+]4=CC=CC=C4
Cephalothin,,,,,,,,,,,,0.07,CC(=O)OCC1=C(N2C(C(C2=O)NC(=O)CC3=CC=CS3)SC1)C(=O)O
Cephapirin,,,,,,,,,,,,0.13,CC(=O)OCC1=C(N2C(C(C2=O)NC(=O)CSC3=CC=NC=C3)SC1)C(=O)O
Cepharanthine (CEP),,-4.1877432,,,,,,,,,,,
Cephradine,,,,,,,,,,,,0.21,CC1=C(N2C(C(C2=O)NC(=O)C(C3=CCC=CC3)N)SC1)C(=O)O
Cerivastatin,1.0,-5.27,,,,,,,,,,0.33,CC(C)C1=C(C(=C(C(=N1)C(C)C)COC)C2=CC=C(C=C2)F)C=CC(CC(CC(=O)O)O)O
Cerulenin,,-5.4224062,,,,,,,,,,,CC=CCC=CCCC(=O)C1C(O1)C(=O)N
Cetirizine,1.0,-5.5,,,,,,,,,,,C1CN(CCN1CCOCC(=O)O)C(C2=CC=CC=C2)C3=CC=C(C=C3)Cl
Cetrorelix,,,,,,,,,,,,0.39,CC(C)CC(C(=O)NC(CCCN=C(N)N)C(=O)N1CCCC1C(=O)NC(C)C(=O)N)NC(=O)C(CCCNC(=O)N)NC(=O)C(CC2=CC=C(C=C2)O)NC(=O)C(CO)NC(=O)C(CC3=CN=CC=C3)NC(=O)C(CC4=CC=C(C=C4)Cl)NC(=O)C(CC5=CC6=CC=CC=C6C=C5)NC(=O)C
Chlorambucil,1.0,,,,,,,,,,,0.26,C1=CC(=CC=C1CCCC(=O)O)N(CCCl)CCCl
Chloramphenicol,1.0,,,,,,,,,,,0.94,C1=CC(=CC=C1C(C(CO)NC(=O)C(Cl)Cl)O)[N+](=O)[O-]
Chlorazepate,,,,,,,,,,,,0.2,C1=CC=C(C=C1)C2=NC(C(=O)NC3=C2C=C(C=C3)Cl)C(=O)O
Chlordiazepoxide,1.0,,,,,,,,,,,0.25,CN=C1CN(C(=C2C=C(C=CC2=N1)Cl)C3=CC=CC=C3)O
Chlormethiazole,,,,,,,,,,,,6.6,CC1=C(SC=N1)CCCl
"Chlorophenylpiperazine, m-",,,,,,,,,,,,2.5,
Chloroquine,1.0,-4.5500002,,,,,,,,,,140.0,CCN(CC)CCCC(C)NC1=C2C=CC(=CC2=NC=C1)Cl
Chlorothiazide,0.0,,,,,,,,,,,,C1=C2C(=CC(=C1Cl)S(=O)(=O)N)S(=O)(=O)N=CN2
Chloroxine,1.0,,,,,,,,,,,,C1=CC2=C(C(=C(C=C2Cl)Cl)O)N=C1
Chlorpheniramine,1.0,-4.2800002,,,,,,,,,,3.3,CN(C)CCC(C1=CC=C(C=C1)Cl)C2=CC=CC=N2
Chlorpromazine,1.0,,,,,,,,,,,10.0,CN(C)CCCN1C2=CC=CC=C2SC3=C1C=C(C=C3)Cl
Chlorpropamide,,,,,,,,,,,,0.19,CCCNC(=O)NS(=O)(=O)C1=CC=C(C=C1)Cl
Chlorprothixene,1.0,-4.7399998,,,,,,,,,,,CN(C)CCC=C1C2=CC=CC=C2SC3=C1C=C(C=C3)Cl
Chlortetracycline,1.0,-6.3200002,,,,,,,,,,0.9,CC1(C2CC3C(C(=O)C(=C(C3(C(=O)C2=C(C4=C(C=CC(=C41)Cl)O)O)O)O)C(=O)N)N(C)C)O
Chlorthalidone,1.0,,,,,,,,,,,3.9,C1=CC=C2C(=C1)C(=O)NC2(C3=CC(=C(C=C3)Cl)S(=O)(=O)N)O
Chlorzoxazone,,-4.190000100000002,,,,,,,,,,,C1=CC2=C(C=C1Cl)NC(=O)O2
Choline,,-4.9521427000000005,,,,,,,,,,,C[N+](C)(C)CCO
"Chrysin (5,7-DHF)",,-5.0105972,,,,,,,,,,,
Cibenzoline,1.0,,,,,,,,,,,4.1,C1CN=C(N1)C2CC2(C3=CC=CC=C3)C4=CC=CC=C4
Cicaprost,,,,,,,,,,,,0.08,CCC#CCC(C)C(C#CC1C(CC2C1CC(=CCOCC(=O)O)C2)O)O
Ciclesonide,,,,,,,,,,,,2.9,CC(C)C(=O)OCC(=O)C12C(CC3C1(CC(C4C3CCC5=CC(=O)C=CC45C)O)C)OC(O2)C6CCCCC6
Cidofovir,,,,,,,,,,,,0.49,C1=CN(C(=O)N=C1N)CC(CO)OCP(=O)(O)O
Cilastatin,,,,,,,,,,,,0.15,CC1(CC1C(=O)NC(=CCCCCSCC(C(=O)O)N)C(=O)O)C
Cilazapril,1.0,,,,,,,,,,,,CCOC(=O)C(CCC1=CC=CC=C1)NC2CCCN3CCCC(N3C2=O)C(=O)O
Cilazaprilat,1.0,,,,,,,,,,,3.7,C1CC(C(=O)N2C(CCCN2C1)C(=O)O)NC(CCC3=CC=CC=C3)C(=O)O
Cilengitide,,,,,,,,,,,,0.26,CC(C)C1C(=O)NC(C(=O)NCC(=O)NC(C(=O)NC(C(=O)N1C)CC2=CC=CC=C2)CC(=O)O)CCCN=C(N)N
Cilomilast,,,,,,,,,,,,0.23,COC1=C(C=C(C=C1)C2(CCC(CC2)C(=O)O)C#N)OC3CCCC3
Cimetidine,1.0,-6.0420098,,,,,,,,,,1.2,CC1=C(N=CN1)CSCCNC(=NC)NC#N
Cimetropium,0.0,,,,,,,,,,,1.12,C[N+]1(C2CC(CC1C3C2O3)OC(=O)C(CO)C4=CC=CC=C4)CC5CC5
Cinacalcet,0.0,,,,,,,,,,,17.6,CC(C1=CC=CC2=CC=CC=C21)NCCCC3=CC(=CC=C3)C(F)(F)F
Cinaciguat,,,,,,,,,,,,0.24,C1=CC=C(C=C1)CCC2=CC=C(C=C2)COC3=CC=CC=C3CCN(CCCCC(=O)O)CC4=CC=C(C=C4)C(=O)O
Ciprofibrate,1.0,,,,,,,,,,,,CC(C)(C(=O)O)OC1=CC=C(C=C1)C2CC2(Cl)Cl
Ciprofloxacin,1.0,,,,,,,,,,,2.1,C1CC1N2C=C(C(=O)C3=CC(=C(C=C32)N4CCNCC4)F)C(=O)O
Cisapride,1.0,-4.52,,,,,,,,,,1.2,COC1CN(CCC1NC(=O)C2=CC(=C(C=C2OC)N)Cl)CCCOC3=CC=C(C=C3)F
Cisatracurium,,,,,,,,,,,,0.14,C[N+]1(CCC2=CC(=C(C=C2C1CC3=CC(=C(C=C3)OC)OC)OC)OC)CCC(=O)OCCCCCOC(=O)CC[N+]4(CCC5=CC(=C(C=C5C4CC6=CC(=C(C=C6)OC)OC)OC)OC)C
Citalopram,1.0,,,,,,,,,,,12.0,CN(C)CCCC1(C2=C(CO1)C=C(C=C2)C#N)C3=CC=C(C=C3)F
Cladribine,1.0,,,,,,,,,,,7.7,C1C(C(OC1N2C=NC3=C(N=C(N=C32)Cl)N)CO)O
Clarithromycin,1.0,-5.4699998,,,,,,,,,,1.5,CCC1C(C(C(C(=O)C(CC(C(C(C(C(C(=O)O1)C)OC2CC(C(C(O2)C)O)(C)OC)C)OC3C(C(CC(O3)C)N(C)C)O)(C)OC)C)C)O)(C)O
Clavulanic Acid,,,,,,,,,,,,0.22,C1C2N(C1=O)C(C(=CCO)O2)C(=O)O
Clazosentan,,,,,,,,,,,,0.23,CC1=CN=C(C=C1)S(=O)(=O)NC2=C(C(=NC(=N2)C3=CC(=NC=C3)C4=NNN=N4)OCCO)OC5=CC=CC=C5OC
Clemastine,1.0,,,,,,,,,,,,CC(C1=CC=CC=C1)(C2=CC=C(C=C2)Cl)OCCC3CCCN3C
Clentiazem,,,,,,,,,,,,9.7,CC(=O)OC1C(SC2=C(C=CC(=C2)Cl)N(C1=O)CCN(C)C)C3=CC=C(C=C3)OC
Clevidipine,,,,,,,,,,,,0.58,CCCC(=O)OCOC(=O)C1=C(NC(=C(C1C2=C(C(=CC=C2)Cl)Cl)C(=O)OC)C)C
Clinafloxacin,1.0,,,,,,,,,,,1.9,C1CC1N2C=C(C(=O)C3=CC(=C(C(=C32)Cl)N4CCC(C4)N)F)C(=O)O
Clindamycin,1.0,,,,,,,,,,,0.79,CCCC1CC(N(C1)C)C(=O)NC(C2C(C(C(C(O2)SC)O)O)O)C(C)Cl
Clodronate,,,,,,,,,,,,0.88,C(P(=O)(O)O)(P(=O)(O)O)(Cl)Cl
Clofarabine,,,,,,,,,,,,1.75,C1=NC2=C(N=C(N=C2N1C3C(C(C(O3)CO)O)F)Cl)N
Clofazimine,1.0,,,,,,,,,,,,CC(C)N=C1C=C2C(=NC3=CC=CC=C3N2C4=CC=C(C=C4)Cl)C=C1NC5=CC=C(C=C5)Cl
Clofibrate,0.0,,,,,,,,,,,,CCOC(=O)C(C)(C)OC1=CC=C(C=C1)Cl
Clomethiazole,1.0,,,,,,,,,,,,CC1=C(SC=N1)CCCl
Clomipramine,1.0,,,,,,,,,,,13.0,CN(C)CCCN1C2=CC=CC=C2CCC3=C1C=C(C=C3)Cl
Clonazepam,1.0,,,,,,,,,,,2.9,C1C(=O)NC2=C(C=C(C=C2)[N+](=O)[O-])C(=N1)C3=CC=CC=C3Cl
Clonidine,1.0,,,,,,,,,,,3.3,C1CN=C(N1)NC2=C(C=CC=C2Cl)Cl
Cloxacillin,1.0,,,,,,,,,,,,CC1=C(C(=NO1)C2=CC=CC=C2Cl)C(=O)NC3C4N(C3=O)C(C(S4)(C)C)C(=O)O
Clozapine,1.0,-4.5100002,,,,,,,,,,1.6,CN1CCN(CC1)C2=NC3=C(C=CC(=C3)Cl)NC4=CC=CC=C42
Cobimetinib,,,,,,,,,,,,15.4,C1CCNC(C1)C2(CN(C2)C(=O)C3=C(C(=C(C=C3)F)F)NC4=C(C=C(C=C4)I)F)O
Cocaethylene,,,,,,,,,,,,1.6,CCOC(=O)C1C2CCC(N2C)CC1OC(=O)C3=CC=CC=C3
Cocaine,1.0,,,,,,,,,,,2.0,CN1C2CCC1C(C(C2)OC(=O)C3=CC=CC=C3)C(=O)OC
Codeine,1.0,-4.2800002,,,,,,,,,,3.5,CN1CCC23C4C1CC5=C2C(=C(C=C5)OC)OC3C(C=C4)O
Colchicine,1.0,,,,,,,,,,,6.1,CC(=O)NC1CCC2=CC(=C(C(=C2C3=CC=C(C(=O)C=C13)OC)OC)OC)OC
Compound D,,-4.8428431,,,,,,,,,,,
Conivaptan,,,,,,,,,,,,0.76,CC1=NC2=C(N1)CCN(C3=CC=CC=C32)C(=O)C4=CC=C(C=C4)NC(=O)C5=CC=CC=C5C6=CC=CC=C6
Corticosterone,,-4.3887606,,,,,,,,,,,CC12CCC(=O)C=C1CCC3C2C(CC4(C3CCC4C(=O)CO)C)O
Corynanthine (COR),,-4.729893700000001,,,,,,,,,,,
Cotinine,,,,,,,,,,,,1.1,CN1C(CCC1=O)C2=CN=CC=C2
Coumarin,0.0,,,,,,,,,,,1.1,C1=CC=C2C(=C1)C=CC(=O)O2
Cyanamide,,,,,,,,,,,,0.78,C(#N)N
Cyclizine,,,,,,,,,,,,16.5,CN1CCN(CC1)C(C2=CC=CC=C2)C3=CC=CC=C3
Cyclo(-PFMewKTF-) (4),,-6.3989701,,,,,,,,,,,
Cyclo(-PFMewKTMeF-) (7),,-6.570000200000001,,,,,,,,,,,
Cyclo(-PFMewMeKTF-) (6),,-6.742363900000001,,,,,,,,,,,
Cyclo(-PFwKTF-) (1),,-6.2209244,,,,,,,,,,,
Cyclo(-PFwKTMeF-) (3),,-6.3005152,,,,,,,,,,,
Cycloastragenol,,-4.5,,,,,,,,,,,CC1(C(CCC23C1C(CC4C2(C3)CCC5(C4(CC(C5C6(CCC(O6)C(C)(C)O)C)O)C)C)O)O)C
Cyclobenzaprine,1.0,,,,,,,,,,,,CN(C)CCC=C1C2=CC=CC=C2C=CC3=CC=CC=C31
Cycloheximide,,-4.8400002,,,,,,,,,,,CC1CC(C(=O)C(C1)C(CC2CC(=O)NC(=O)C2)O)C
Cyclopenthiazide,1.0,,,,,,,,,,,,C1CCC(C1)CC2NC3=CC(=C(C=C3S(=O)(=O)N2)S(=O)(=O)N)Cl
Cyclophosphamide,1.0,,,,,,,,,,,0.73,C1CNP(=O)(OC1)N(CCCl)CCCl
Cycloserine,1.0,-5.4400001,,,,,,,,,,,C1C(C(=O)NO1)N
Cyclosporine,,,,,,,,,,,,3.3,CCC1C(=O)N(CC(=O)N(C(C(=O)NC(C(=O)N(C(C(=O)NC(C(=O)NC(C(=O)N(C(C(=O)N(C(C(=O)N(C(C(=O)N(C(C(=O)N1)C(C(C)CC=CC)O)C)C(C)C)C)CC(C)C)C)CC(C)C)C)C)C)CC(C)C)C)C(C)C)CC(C)C)C)C
Cymarin,,-5.579999900000002,,,,,,,,,,,CC1C(C(CC(O1)OC2CCC3(C4CCC5(C(CCC5(C4CCC3(C2)O)O)C6=CC(=O)OC6)C)C=O)OC)O
Cytarabine,0.0,,,,,,,,,,,0.67,C1=CN(C(=O)N=C1N)C2C(C(C(O2)CO)O)O
Cytarabine (1),,-6.0999999,,,,,,,,,,,
D,,-5.489058,,,,,,,,,,,
D-Glu(OBzl)-Ala,,-5.6912522,,,,,,,,,,,
D-Phe-D-Ala-D-Ser-OH,,-6.2819986,,,,,,,,,,,
D-Ser(Bzl)-Ala,,-5.9906998,,,,,,,,,,,
DB377 (4),,-5.2295737,,,,,,,,,,,
"DB75 [2,5-bis(4-amidinophenyl)furan]",,-6.4201083,,,,,,,,,,,
DG (13),,-6.9204097,,,,,,,,,,,
DHA Paclitaxel,,,,,,,,,,,,0.07,CCC=CCC=CCC=CCC=CCC=CCC=CCCC(=O)OC(C(C1=CC=CC=C1)NC(=O)C2=CC=CC=C2)C(=O)OC3CC4(C(C5C(C(CC6C5(CO6)OC(=O)C)O)(C(=O)C(C(=C3C)C4(C)C)OC(=O)C)C)OC(=O)C7=CC=CC=C7)O
DMP 851,,-5.6788902000000006,,,,,,,,,,,CCCCN1C(C(C(C(N(C1=O)CC2=CC3=C(C=C2)NN=C3N)CC4=CC=CC=C4)O)O)CC5=CC=CC=C5
DMXAA-G,,-6.52,,,,,,,,,,,
DP-b99,,,,,,,,,,,,1.1,CCCCCCCCOCCOC(=O)CN(CC(=O)O)C1=CC=CC=C1OCCOC2=CC=CC=C2N(CC(=O)O)CC(=O)OCCOCCCCCCCC
DQ-2556,,,,,,,,,,,,0.22,CON=C(C1=CSC(=N1)N)C(=O)NC2C3N(C2=O)C(=C(CS3)C[N+]4=CC=C(C=C4)C5=CN=CO5)C(=O)[O-]
DX-52-1,,,,,,,,,,,,0.23,CN1C2CC(C1C3CC4=C(C(N3C2C#N)CO)C(=CC=C4)OC)C(=O)O
DX9065a,,,,,,,,,,,,1.55,CC(=N)N1CCC(C1)OC2=CC=C(C=C2)C(CC3=CC4=C(C=C3)C=CC(=C4)C(=N)N)C(=O)O
DXG (9),,-6.1599998,,,,,,,,,,,
Dabigatran,,,,,,,,,,,,0.85,CN1C2=C(C=C(C=C2)C(=O)N(CCC(=O)O)C3=CC=CC=N3)N=C1CNC4=CC=C(C=C4)C(=N)N
Dacarbazine,,,,,,,,,,,,1.2,CN(C)N=NC1=C(NC=N1)C(=O)N
Dacinostat.,,,,,,,,,,,,2.17,
Dalbavancin,,,,,,,,,,,,0.14,CC(C)CCCCCCCCC(=O)NC1C(C(C(OC1OC2=C3C=C4C=C2OC5=C(C=C(C=C5)C(C6C(=O)NC(C7=C(C(=CC(=C7)O)OC8C(C(C(C(O8)CO)O)O)O)C9=C(C=CC(=C9)C(C(=O)N6)NC(=O)C4NC(=O)C1C2=C(C(=CC(=C2)OC2=C(C=CC(=C2)C(C(=O)NC(CC2=CC=C(O3)C=C2)C(=O)N1)NC)O)O)Cl)O)C(=O)NCCCN(C)C)O)Cl)C(=O)O)O)O
Dalfampridine,,,,,,,,,,,,2.6,C1=CN=CC=C1N
Dalfopristin,,,,,,,,,,,,0.39,CCN(CC)CCS(=O)(=O)C1CCN2C1C(=O)OC(C(C=CC(=O)NCC=CC(=CC(CC(=O)CC3=NC(=CO3)C2=O)O)C)C)C(C)C
Danazol,,-4.561461,,,,,,,,,,,CC12CCC3C(C1CCC2(C#C)O)CCC4=CC5=C(CC34C)C=NO5
Dantrolene,,,,,,,,,,,,0.37,C1C(=O)NC(=O)N1N=CC2=CC=C(O2)C3=CC=C(C=C3)[N+](=O)[O-]
Danusertib,,,,,,,,,,,,2.5,CN1CCN(CC1)C2=CC=C(C=C2)C(=O)NC3=NNC4=C3CN(C4)C(=O)C(C5=CC=CC=C5)OC
Dapagliflozin,,,,,,,,,,,,1.7,CCOC1=CC=C(C=C1)CC2=C(C=CC(=C2)C3C(C(C(C(O3)CO)O)O)O)Cl
Dapsone,1.0,,,,,,,,,,,0.83,C1=CC(=CC=C1N)S(=O)(=O)C2=CC=C(C=C2)N
Daptomycin,,,,,,,,,,,,0.09,CCCCCCCCCC(=O)NC(CC1=CNC2=CC=CC=C21)C(=O)NC(CC(=O)N)C(=O)NC(CC(=O)O)C(=O)NC3C(OC(=O)C(NC(=O)C(NC(=O)C(NC(=O)CNC(=O)C(NC(=O)C(NC(=O)C(NC(=O)C(NC(=O)CNC3=O)CCCN)CC(=O)O)C)CC(=O)O)CO)C(C)CC(=O)O)CC(=O)C4=CC=CC=C4N)C
Darapladib,,,,,,,,,,,,11.9,CCN(CC)CCN(CC1=CC=C(C=C1)C2=CC=C(C=C2)C(F)(F)F)C(=O)CN3C4=C(CCC4)C(=O)N=C3SCC5=CC=C(C=C5)F
Darifenacin,,,,,,,,,,,,2.6,C1CN(CC1C(C2=CC=CC=C2)(C3=CC=CC=C3)C(=O)N)CCC4=CC5=C(C=C4)OCC5
Daunorubicin,,-6.0999999,,,,,,,,,,,CC1C(C(CC(O1)OC2CC(CC3=C2C(=C4C(=C3O)C(=O)C5=C(C4=O)C(=CC=C5)OC)O)(C(=O)C)O)N)O
Deacetyl metipranolol,,,,,,,,,,,,3.6,
Decitabine,,,,,,,,,,,,4.6,C1C(C(OC1N2C=NC(=NC2=O)N)CO)O
Decursinol angelate (DA),,-4.9204097,,,,,,,,,,,
Deferasirox,,,,,,,,,,,,0.2,C1=CC=C(C(=C1)C2=NN(C(=N2)C3=CC=CC=C3O)C4=CC=C(C=C4)C(=O)O)O
Deferolimus,,,,,,,,,,,,3.2,
Degarelix,,,,,,,,,,,,0.74,CC(C)CC(C(=O)NC(CCCCNC(C)C)C(=O)N1CCCC1C(=O)NC(C)C(=O)N)NC(=O)C(CC2=CC=C(C=C2)NC(=O)N)NC(=O)C(CC3=CC=C(C=C3)NC(=O)C4CC(=O)NC(=O)N4)NC(=O)C(CO)NC(=O)C(CC5=CN=CC=C5)NC(=O)C(CC6=CC=C(C=C6)Cl)NC(=O)C(CC7=CC8=CC=CC=C8C=C7)NC(=O)C
Dehydroandrographolide succinate,,,,,,,,,,,,0.13,CC12CCC(C(C1CCC(=C)C2C=CC3=CCOC3=O)(C)COC(=O)CCC(=O)O)OC(=O)CCC(=O)O
Delapril,1.0,,,,,,,,,,,,CCOC(=O)C(CCC1=CC=CC=C1)NC(C)C(=O)N(CC(=O)O)C2CC3=CC=CC=C3C2
Delavirdine,1.0,,,,,,,,,,,,CC(C)NC1=C(N=CC=C1)N2CCN(CC2)C(=O)C3=CC4=C(N3)C=CC(=C4)NS(=O)(=O)C
Delorazepam (Chlordesmethyldiazepam),,,,,,,,,,,,2.2,
Demeclocycline,1.0,,,,,,,,,,,,CN(C)C1C2CC3C(C4=C(C=CC(=C4C(=C3C(=O)C2(C(=C(C1=O)C(=O)N)O)O)O)O)Cl)O
Demethylchlortetracycline,,,,,,,,,,,,1.3,CN(C)C1C2CC3C(C4=C(C=CC(=C4C(=C3C(=O)C2(C(=C(C1=O)C(=O)N)O)O)O)O)Cl)O
Denaverine,,,,,,,,,,,,7.1,CCC(CC)COC(C1=CC=CC=C1)(C2=CC=CC=C2)C(=O)OCCN(C)C
Deoxynivalenol (DON),,-5.3005152,,,,,,,,,,,
Deramciclane,,,,,,,,,,,,7.7,CC1(C2CCC1(C(C2)(C3=CC=CC=C3)OCCN(C)C)C)C
"Desacetylpaclitaxel, 4-; 4-methyl carbonate",,,,,,,,,,,,6.9,
Desipramine,1.0,,,,,,,,,,,15.0,CNCCCN1C2=CC=CC=C2CCC3=CC=CC=C31
Desloratadine,,-4.059999899999998,,,,,,,,,,,C1CC2=C(C=CC(=C2)Cl)C(=C3CCNCC3)C4=C1C=CC=N4
Desmethyldiazepam,,,,,,,,,,,,0.45,C1C(=O)NC2=C(C=C(C=C2)Cl)C(=N1)C3=CC=CC=C3
Desmopressin,,,,,,,,,,,,0.3,C1CC(N(C1)C(=O)C2CSSCCC(=O)NC(C(=O)NC(C(=O)NC(C(=O)NC(C(=O)N2)CC(=O)N)CCC(=O)N)CC3=CC=CC=C3)CC4=CC=C(C=C4)O)C(=O)NC(CCCN=C(N)N)C(=O)NCC(=O)N
Desogestrel,0.0,,,,,,,,,,,,CCC12CC(=C)C3C(C1CCC2(C#C)O)CCC4=CCCCC34
Desvenlafaxine,,,,,,,,,,,,3.5,CN(C)CC(C1=CC=C(C=C1)O)C2(CCCCC2)O
Dexamethasone,1.0,,,,,,,,,,,0.94,CC1CC2C3CCC4=CC(=O)C=CC4(C3(C(CC2(C1(C(=O)CO)O)C)O)F)C
Dexamethasone-?-D-glucoside,,-6.3982739,,,,,,,,,,,
Dexamethasone-?-D-glucuronide,,-5.9796510000000005,,,,,,,,,,,
Dexanabinol,,,,,,,,,,,,5.06,CCCCCCC(C)(C)C1=CC(=C2C3CC(=CCC3C(OC2=C1)(C)C)CO)O
Dexfenfluramine,,,,,,,,,,,,11.0,CCNC(C)CC1=CC(=CC=C1)C(F)(F)F
Dexloxiglumide,,-5.140130999999999,,,,,,,,,,0.18,CCCCCN(CCCOC)C(=O)C(CCC(=O)O)NC(=O)C1=CC(=C(C=C1)Cl)Cl
Dexmedetomidine,,,,,,,,,,,,1.6,CC1=C(C(=CC=C1)C(C)C2=CN=CN2)C
Dexmethylphenidate,,,,,,,,,,,,2.65,COC(=O)C(C1CCCCN1)C2=CC=CC=C2
Dexniguldipine,,,,,,,,,,,,8.4,CC1=C(C(C(=C(N1)C)C(=O)OCCCN2CCC(CC2)(C3=CC=CC=C3)C4=CC=CC=C4)C5=CC(=CC=C5)[N+](=O)[O-])C(=O)OC
Dexrazoxane,,,,,,,,,,,,0.55,CC(CN1CC(=O)NC(=O)C1)N2CC(=O)NC(=O)C2
Dextromethorphan,,-4.7399998,,,,,,,,,,,CN1CCC23CCCCC2C1CC4=C3C=C(C=C4)OC
Dextromoramide,1.0,,,,,,,,,,,,CC(CN1CCOCC1)C(C2=CC=CC=C2)(C3=CC=CC=C3)C(=O)N4CCCC4
Dezocine,,,,,,,,,,,,5.6,CC12CCCCCC(C1N)CC3=C2C=C(C=C3)O
Diatrizoic Acid (Amidotrizoate),,,,,,,,,,,,0.26,
Diazepam,1.0,,,,,,,,,,,1.0,CN1C(=O)CN=C(C2=C1C=CC(=C2)Cl)C3=CC=CC=C3
Diazoxide,1.0,,,,,,,,,,,0.21,CC1=NS(=O)(=O)C2=C(N1)C=CC(=C2)Cl
Dibekacin,,,,,,,,,,,,0.13,C1CC(C(OC1CN)OC2C(CC(C(C2O)OC3C(C(C(C(O3)CO)O)N)O)N)N)N
Dichloroacetic Acid,,,,,,,,,,,,0.19,C(C(=O)O)(Cl)Cl
Diclofenac,1.0,-4.460681,,,,,,,,,,0.22,C1=CC=C(C(=C1)CC(=O)O)NC2=C(C=CC=C2Cl)Cl
Dicloxacillin,1.0,,,,,,,,,,,0.11,CC1=C(C(=NO1)C2=C(C=CC=C2Cl)Cl)C(=O)NC3C4N(C3=O)C(C(S4)(C)C)C(=O)O
Didanosine,1.0,,,,,,,,,,,0.77,C1CC(OC1CO)N2C=NC3=C2N=CNC3=O
Dienogest,1.0,,,,,,,,,,,,CC12CCC3=C4CCC(=O)C=C4CCC3C1CCC2(CC#N)O
Diflomotecan,,,,,,,,,,,,1.42,CCC1(CC(=O)OCC2=C1C=C3C4=C(CN3C2=O)C=C5C=C(C(=CC5=N4)F)F)O
Diflunisal,1.0,,,,,,,,,,,0.1,C1=CC(=C(C=C1C2=C(C=C(C=C2)F)F)C(=O)O)O
Digitoxin,1.0,,,,,,,,,,,0.44,CC1C(C(CC(O1)OC2C(OC(CC2O)OC3C(OC(CC3O)OC4CCC5(C(C4)CCC6C5CCC7(C6(CCC7C8=CC(=O)OC8)O)C)C)C)C)O)O
Digoxin,1.0,-5.6316042,,,,,,,,,,4.1,CC1C(C(CC(O1)OC2C(OC(CC2O)OC3C(OC(CC3O)OC4CCC5(C(C4)CCC6C5CC(C7(C6(CCC7C8=CC(=O)OC8)O)C)O)C)C)C)O)O
Dihydrocodeine,0.0,,,,,,,,,,,,CN1CCC23C4C1CC5=C2C(=C(C=C5)OC)OC3C(CC4)O
Dihydroergosine,,,,,,,,,,,,4.02,CC(C)CC1C(=O)N2CCCC2C3(N1C(=O)C(O3)(C)NC(=O)C4CC5C(CC6=CNC7=CC=CC5=C67)N(C4)C)O
Dihydroergotamine,0.0,,,,,,,,,,,0.33,CC1(C(=O)N2C(C(=O)N3CCCC3C2(O1)O)CC4=CC=CC=C4)NC(=O)C5CC6C(CC7=CNC8=CC=CC6=C78)N(C5)C
Dihydroquinidine,,,,,,,,,,,,2.8,CCC1CN2CCC1CC2C(C3=C4C=C(C=CC4=NC=C3)OC)O
Dihydrotetrabenazine isomer A,,-4.6799998,,,,,,,,,,,
Dilevalol,,,,,,,,,,,,4.8,CC(CCC1=CC=CC=C1)NCC(C2=CC(=C(C=C2)O)C(=O)N)O
Diltiazem,1.0,-4.4043612,,,,,,,,,,4.1,CC(=O)OC1C(SC2=CC=CC=C2N(C1=O)CCN(C)C)C3=CC=C(C=C3)OC
Dimercaprol,0.0,,,,,,,,,,,,C(C(CS)S)O
"Dimethyl-4',4'-dimethoxy-5,6,5',6'-dimethylene dioxybiphenyl-2,2'-dicarboxylate (DDB)",,-4.1687455,,,,,,,,,,,
Dimetindene,,,,,,,,,,,,2.16,CC(C1=CC=CC=N1)C2=C(CC3=CC=CC=C32)CCN(C)C
Dinaciclib,,,,,,,,,,,,0.32,CCC1=C2N=C(C=C(N2N=C1)NCC3=C[N+](=CC=C3)[O-])N4CCCCC4CCO
Diphenhydramine,1.0,-4.27,,,,,,,,,,6.5,CN(C)CCOC(C1=CC=CC=C1)C2=CC=CC=C2
Diprafenone,,,,,,,,,,,,1.2,CCC(C)(C)NCC(COC1=CC=CC=C1C(=O)CCC2=CC=CC=C2)O
Diprophylline,,,,,,,,,,,,0.42,CN1C2=C(C(=O)N(C1=O)C)N(C=N2)CC(CO)O
Dipyridamole,1.0,,,,,,,,,,,0.82,C1CCN(CC1)C2=NC(=NC3=C2N=C(N=C3N4CCCCC4)N(CCO)CCO)N(CCO)CCO
Dirithromycin,0.0,,,,,,,,,,,,CCC1C(C2C(C(C(CC(C(C(C(C(C(=O)O1)C)OC3CC(C(C(O3)C)O)(C)OC)C)OC4C(C(CC(O4)C)N(C)C)O)(C)O)C)NC(O2)COCCOC)C)(C)O
Disopyramide,1.0,,,,,,,,,,,0.52,CC(C)N(CCC(C1=CC=CC=C1)(C2=CC=CC=N2)C(=O)N)C(C)C
Distigmine,0.0,,,,,,,,,,,1.0,C[N+]1=CC=CC(=C1)OC(=O)N(C)CCCCCCN(C)C(=O)OC2=C[N+](=CC=C2)C
Disufenton sodium,,,,,,,,,,,,0.18,CC(C)(C)[N+](=CC1=C(C=C(C=C1)S(=O)(=O)[O-])S(=O)(=O)[O-])[O-].[Na+].[Na+]
Dixyrazine,0.0,,,,,,,,,,,4.06,CC(CN1CCN(CC1)CCOCCO)CN2C3=CC=CC=C3SC4=CC=CC=C42
Dobesilic acid,,,,,,,,,,,,0.12,C1=CC(=C(C=C1O)S(=O)(=O)O)O
Docetaxel,,,,,,,,,,,,2.1,CC1=C2C(C(=O)C3(C(CC4C(C3C(C(C2(C)C)(CC1OC(=O)C(C(C5=CC=CC=C5)NC(=O)OC(C)(C)C)O)O)OC(=O)C6=CC=CC=C6)(CO4)OC(=O)C)O)C)O
Dofetilide,1.0,,,,,,,,,,,3.3,CN(CCC1=CC=C(C=C1)NS(=O)(=O)C)CCOC2=CC=C(C=C2)NS(=O)(=O)C
Dolasetron,1.0,,,,,,,,,,,2.0,C1C2CC3CC(CC1N3CC2=O)OC(=O)C4=CNC5=CC=CC=C54
Domperidone,0.0,,,,,,,,,,,3.4,C1CN(CCC1N2C3=C(C=C(C=C3)Cl)NC2=O)CCCN4C5=CC=CC=C5NC4=O
Donepezil,1.0,,,,,,,,,,,,COC1=C(C=C2C(=C1)CC(C2=O)CC3CCN(CC3)CC4=CC=CC=C4)OC
Dopamine,,,,,,,,,,,,0.74,C1=CC(=C(C=C1CCN)O)O
Doripenem,,,,,,,,,,,,0.23,CC1C2C(C(=O)N2C(=C1SC3CC(NC3)CNS(=O)(=O)N)C(=O)O)C(C)O
Doxacurium,,,,,,,,,,,,0.22,C[N+]1(CCC2=CC(=C(C(=C2C1CC3=CC(=C(C(=C3)OC)OC)OC)OC)OC)OC)CCCOC(=O)CCC(=O)OCCC[N+]4(CCC5=CC(=C(C(=C5C4CC6=CC(=C(C(=C6)OC)OC)OC)OC)OC)OC)C
Doxapram,1.0,,,,,,,,,,,1.2,CCN1CC(C(C1=O)(C2=CC=CC=C2)C3=CC=CC=C3)CCN4CCOCC4
Doxazosin,1.0,,,,,,,,,,,1.3,COC1=C(C=C2C(=C1)C(=NC(=N2)N3CCN(CC3)C(=O)C4COC5=CC=CC=C5O4)N)OC
Doxepin,1.0,,,,,,,,,,,12.0,CN(C)CCC=C1C2=CC=CC=C2COC3=CC=CC=C31
Doxifluridine,,,,,,,,,,,,0.28,CC1C(C(C(O1)N2C=C(C(=O)NC2=O)F)O)O
Doxofylline,,,,,,,,,,,,1.03,CN1C2=C(C(=O)N(C1=O)C)N(C=N2)CC3OCCO3
Doxorubicin,0.0,-6.5900002,,,,,,,,,,22.0,CC1C(C(CC(O1)OC2CC(CC3=C2C(=C4C(=C3O)C(=O)C5=C(C4=O)C(=CC=C5)OC)O)(C(=O)CO)O)N)O
Doxycycline,1.0,,,,,,,,,,,0.69,CC1C2C(C3C(C(=O)C(=C(C3(C(=O)C2=C(C4=C1C=CC=C4O)O)O)O)C(=O)N)N(C)C)O
Dronedarone,,-4.52,,,,,,,,,,20.0,CCCCC1=C(C2=C(O1)C=CC(=C2)NS(=O)(=O)C)C(=O)C3=CC=C(C=C3)OCCCN(CCCC)CCCC
Droperidol,1.0,,,,,,,,,,,1.41,C1CN(CC=C1N2C3=CC=CC=C3NC2=O)CCCC(=O)C4=CC=C(C=C4)F
Drotaverine,1.0,,,,,,,,,,,1.9,CCOC1=C(C=C(C=C1)C=C2C3=CC(=C(C=C3CCN2)OCC)OCC)OCC
Dynorphin A (1-13),,,,,,,,,,,,0.12,CCC(C)C(C(=O)NC(CCCN=C(N)N)C(=O)N1CCCC1C(=O)NC(CCCCN)C(=O)NC(CC(C)C)C(=O)NC(CCCCN)C(=O)O)NC(=O)C(CCCN=C(N)N)NC(=O)C(CCCN=C(N)N)NC(=O)C(CC(C)C)NC(=O)C(CC2=CC=CC=C2)NC(=O)CNC(=O)CNC(=O)C(CC3=CC=C(C=C3)O)N
E15,,-4.1999998,,,,,,,,,,,CC(C)C(C)NC(=O)C1C(SCN1C(=O)C(C(CC2=CC=CC=C2)NC(=O)C(C(C)(C)C)NC(=O)C(C3=CC=CC=C3)N)O)(C)C
E17,,-4.329999900000002,,,,,,,,,,,CC(C(C)(C)C)NC(=O)C1C(SCN1C(=O)C(C(CC2=CC=CC=C2)NC(=O)C(C(C)(C)C)NC(=O)C(C3=CC=CC=C3)NC(=O)CN4CCOCC4)O)(C)C
E23,,-4.3899999,,,,,,,,,,,
E24,,-4.099999899999999,,,,,,,,,,,
E25,,-4.7399998,,,,,,,,,,,CC1=C(C(NC(=O)N1)C2=CC(=C(C=C2)F)C(=O)NC3CC4CC5(C4(C35C)C)C)C(=O)NC6=CC7=C(C=C6)NN=C7
E28,,-5.1500001,,,,,,,,,,,C1COC2=C1C=C(C=C2)CNC(=O)C3=CC(=CN3)C4=C(C=NN4)C5=CC(=C(C=C5)CN)C(F)(F)F
E7107,,,,,,,,,,,,10.1,CCC(C(C)C1C(O1)CC(C)(C=CC=C(C)C2C(C=CC(C(CCC(CC(=O)O2)O)(C)O)OC(=O)N3CCN(CC3)C4CCCCCC4)C)O)O
E7974,,,,,,,,,,,,1.26,CC(C)C(C=C(C)C(=O)O)N(C)C(=O)C(C(C)(C)C)NC(=O)C1CCCCN1C(C)C
EACV,,-5.8099999,,,,,,,,,,,
EF5154,,-6.119999900000002,,,,,,,,,,,
EF5170,,-5.79,,,,,,,,,,,
EF5232,,-5.29,,,,,,,,,,,
EF5242,,-4.7399998,,,,,,,,,,,
EF5248,,-4.3499999,,,,,,,,,,,
EF5249,,-4.3099999,,,,,,,,,,,
EF5251,,-4.2800002,,,,,,,,,,,
EF5261,,-4.4000001,,,,,,,,,,,
EF5264,,-4.5100002,,,,,,,,,,,
EF5265,,-4.1500001000000015,,,,,,,,,,,
EF5270,,-4.02,,,,,,,,,,,
EF5278,,-4.0,,,,,,,,,,,
EF5283,,-4.139999899999999,,,,,,,,,,,
EF5289,,-4.2600002,,,,,,,,,,,
EF5292,,-4.4400001,,,,,,,,,,,
"EI analogue 101 (MDL 101,146)",,-5.098455,,,,,,,,,,,
"EI analogue 102 (MDL 102,111)",,-4.517849900000001,,,,,,,,,,,
Edaravone,,,,,,,,,,,,0.23,CC1=NN(C(=O)C1)C2=CC=CC=C2
Edoxaban,,,,,,,,,,,,1.53,CN1CCC2=C(C1)SC(=N2)C(=O)NC3CC(CCC3NC(=O)C(=O)NC4=NC=C(C=C4)Cl)C(=O)N(C)C
Edrophonium,0.0,,,,,,,,,,,1.1,CC[N+](C)(C)C1=CC(=CC=C1)O
Efavirenz,,-4.0500002,,,,,,,,,,,C1CC1C#CC2(C3=C(C=CC(=C3)Cl)NC(=O)O2)C(F)(F)F
Eflornithine,1.0,,,,,,,,,,,,C(CC(C(F)F)(C(=O)O)N)CN
Eletriptan,1.0,,,,,,,,,,,1.6,CN1CCCC1CC2=CNC3=C2C=C(C=C3)CCS(=O)(=O)C4=CC=CC=C4
Elinafide,,,,,,,,,,,,12.0,C1=CC2=C3C(=C1)C(=O)N(C(=O)C3=CC=C2)CCNCCCNCCN4C(=O)C5=CC=CC6=C5C(=CC=C6)C4=O
Eltanolone,,,,,,,,,,,,2.0,CC(=O)C1CCC2C1(CCC3C2CCC4C3(CCC(C4)O)C)C
Eltoprazine,,,,,,,,,,,,3.6,C1CN(CCN1)C2=C3C(=CC=C2)OCCO3
Emepronium,0.0,,,,,,,,,,,,CC[N+](C)(C)C(C)CC(C1=CC=CC=C1)C2=CC=CC=C2
Emetine,,-5.6900001,,,,,,,,,,,CCC1CN2CCC3=CC(=C(C=C3C2CC1CC4C5=CC(=C(C=C5CCN4)OC)OC)OC)OC
Enalapril,1.0,,,,,,,,,,,,CCOC(=O)C(CCC1=CC=CC=C1)NC(C)C(=O)N2CCCC2C(=O)O
Enalaprilat,,-5.880000099999998,,,,,,,,,,0.38,CC(C(=O)N1CCCC1C(=O)O)NC(CCC2=CC=CC=C2)C(=O)O
Enalkiren,,,,,,,,,,,,7.5,CC(C)CC(C(C(CC1CCCCC1)NC(=O)C(CC2=CN=CN2)NC(=O)C(CC3=CC=C(C=C3)OC)NC(=O)CC(C)(C)N)O)O
Encainide,1.0,,,,,,,,,,,2.2,CN1CCCCC1CCC2=CC=CC=C2NC(=O)C3=CC=C(C=C3)OC
Endralazine,1.0,,,,,,,,,,,2.2,C1CN(CC2=CC(=NN=C21)NN)C(=O)C3=CC=CC=C3
Eniporide,,,,,,,,,,,,1.1,CC1=CC(=C(C=C1C(=O)N=C(N)N)S(=O)(=O)C)N2C=CC=C2
Enoxacin,1.0,,,,,,,,,,,2.0,CCN1C=C(C(=O)C2=CC(=C(N=C21)N3CCNCC3)F)C(=O)O
Enoximone,1.0,,,,,,,,,,,1.39,CC1=C(NC(=O)N1)C(=O)C2=CC=C(C=C2)SC
Enprofylline,,,,,,,,,,,,0.63,CCCN1C2=C(C(=O)NC1=O)NC=N2
Entacapone,1.0,,,,,,,,,,,0.27,CCN(CC)C(=O)C(=CC1=CC(=C(C(=C1)O)O)[N+](=O)[O-])C#N
Epanolol,0.0,,,,,,,,,,,,C1=CC=C(C(=C1)C#N)OCC(CNCCNC(=O)CC2=CC=C(C=C2)O)O
Epigallocatechin (EGC),,-6.8284068,,,,,,,,,,,C1C(C(OC2=CC(=CC(=C21)O)O)C3=CC(=C(C(=C3)O)O)O)O
Epimedin A,,-6.4910722000000005,,,,,,,,,,,CC1C(C(C(C(O1)OC2=C(OC3=C(C2=O)C(=CC(=C3CC=C(C)C)OC4CC(C(C(C4O)O)O)CO)O)C5=CC=C(C=C5)OC)OC6C(C(C(C(O6)CO)O)O)O)O)O
Epimedin B,,-6.5595455000000005,,,,,,,,,,,CC1C(C(C(C(O1)OC2=C(OC3=C(C2=O)C(=CC(=C3CC=C(C)C)OC4C(C(C(C(O4)CO)O)O)O)O)C5=CC=C(C=C5)OC)OC6C(C(C(CO6)O)O)O)O)O
Epinephrine,,-6.0188646,,,,,,,,,,,CNCC(C1=CC(=C(C=C1)O)O)O
Epiroprim,,,,,,,,,,,,2.5,CCOC1=CC(=CC(=C1N2C=CC=C2)OCC)CC3=CN=C(N=C3N)N
Epirubicin,0.0,,,,,,,,,,,45.0,CC1C(C(CC(O1)OC2CC(CC3=C2C(=C4C(=C3O)C(=O)C5=C(C4=O)C(=CC=C5)OC)O)(C(=O)CO)O)N)O
Epothilone folate,,,,,,,,,,,,0.09,
Epristeride,,,,,,,,,,,,0.54,CC12CCC3C(C1CCC2C(=O)NC(C)(C)C)CC=C4C3(CCC(=C4)C(=O)O)C
Eprosartan,0.0,,,,,,,,,,,0.17,CCCCC1=NC=C(N1CC2=CC=C(C=C2)C(=O)O)C=C(CC3=CC=CS3)C(=O)O
Eptaloprost,,,,,,,,,,,,2.4,CCC#CCC(C)C(C#CC1C(CC2C1CC(=CCOCCCC(=O)O)C2)O)O
Eptifibatide,,,,,,,,,,,,0.17,C1CC2C(=O)NC(CSSCCC(=O)NC(C(=O)NCC(=O)NC(C(=O)NC(C(=O)N2C1)CC3=CNC4=CC=CC=C43)CC(=O)O)CCCCN=C(N)N)C(=O)N
Eravacycline,,,,,,,,,,,,2.3,CN(C)C1C2CC3CC4=C(C=C(C(=C4C(=C3C(=O)C2(C(=C(C1=O)C(=O)N)O)O)O)O)NC(=O)CN5CCCC5)F
Ergonovine,,-5.1684265,,,,,,,,,,,CC(CO)NC(=O)C1CN(C2CC3=CNC4=CC=CC(=C34)C2=C1)C
Ergotamine,0.0,,,,,,,,,,,3.6,CC1(C(=O)N2C(C(=O)N3CCCC3C2(O1)O)CC4=CC=CC=C4)NC(=O)C5CN(C6CC7=CNC8=CC=CC(=C78)C6=C5)C
Eribulin,,,,,,,,,,,,1.46,CC1CC2CCC3C(=C)CC(O3)CCC45CC6C(O4)C7C(O6)C(O5)C8C(O7)CCC(O8)CC(=O)CC9C(CC(C1=C)O2)OC(C9OC)CC(CN)O
Eriodictyol (28),,-5.2800002,,,,,,,,,,,
Eritoran,,,,,,,,,,,,0.05,CCCCCCCCCCCC(=O)CC(=O)NC1C(C(C(OC1OP(=O)(O)O)COC2C(C(C(C(O2)COC)OP(=O)(O)O)OCCC(CCCCCCC)OC)NC(=O)CCCCCCCCCC=CCCCCCC)O)OCCCCCCCCCC
Erlotinib,1.0,-4.4699998,,,,,,,,,,0.77,COCCOC1=C(C=C2C(=C1)C(=NC=N2)NC3=CC=CC(=C3)C#C)OCCOC
Ertapenem,,,,,,,,,,,,0.12,CC1C2C(C(=O)N2C(=C1SC3CC(NC3)C(=O)NC4=CC=CC(=C4)C(=O)O)C(=O)O)C(C)O
Erythromycin,1.0,,,,,,,,,,,0.95,CCC1C(C(C(C(=O)C(CC(C(C(C(C(C(=O)O1)C)OC2CC(C(C(O2)C)O)(C)OC)C)OC3C(C(CC(O3)C)N(C)C)O)(C)O)C)C)O)(C)O
Escin Ia,,,,,,,,,,,,0.28,CC=C(C)C(=O)OC1C(C2(C(CC1(C)C)C3=CCC4C5(CCC(C(C5CCC4(C3(CC2O)C)C)(C)CO)OC6C(C(C(C(O6)C(=O)O)OC7C(C(C(C(O7)CO)O)O)O)O)OC8C(C(C(C(O8)CO)O)O)O)C)CO)OC(=O)C
Escin Ib,,,,,,,,,,,,0.23,CC=C(C)C(=O)OC1C(C2(C(CC1(C)C)C3=CCC4C5(CCC(C(C5CCC4(C3(CC2O)C)C)(C)CO)OC6C(C(C(C(O6)C(=O)O)OC7C(C(C(C(O7)CO)O)O)O)O)OC8C(C(C(C(O8)CO)O)O)O)C)CO)OC(=O)C
Esmolol,,,,,,,,,,,,1.2,CC(C)NCC(COC1=CC=C(C=C1)CCC(=O)OC)O
Esomeprazole,,,,,,,,,,,,0.2,CC1=CN=C(C(=C1OC)C)CS(=O)C2=NC3=C(N2)C=C(C=C3)OC
Estradiol,0.0,,,,,,,,,,,1.2,CC12CCC3C(C1CCC2O)CCC4=C3C=CC(=C4)O
Estramustine phosphate,,,,,,,,,,,,0.12,CC12CCC3C(C1CCC2OP(=O)(O)O)CCC4=C3C=CC(=C4)OC(=O)N(CCCl)CCCl
Ethacrynic Acid,,,,,,,,,,,,0.26,CCC(=C)C(=O)C1=C(C(=C(C=C1)OCC(=O)O)Cl)Cl
Ethambutol,1.0,,,,,,,,,,,1.7,CCC(CO)NCCNC(CC)CO
Ethanol,1.0,,,,,,,,,,,,CCO
Ethimizol,,,,,,,,,,,,0.73,CCN1C=NC(=C1C(=O)NC)C(=O)NC
Ethinylestradiol,,,,,,,,,,,,4.3,CC12CCC3C(C1CCC2(C#C)O)CCC4=C3C=CC(=C4)O
Ethinylestradiol-17-Sulfate,,,,,,,,,,,,0.61,CC12CCC3C(C1CCC2(C#C)OS(=O)(=O)O)CCC4=C3C=CC(=C4)O
Ethinylestradiol-3-Sulfate,,,,,,,,,,,,2.3,CC12CCC3C(C1CCC2(C#C)O)CCC4=C3C=CC(=C4)OS(=O)(=O)O
Ethionamide,,-4.4000001,,,,,,,,,,,CCC1=NC=CC(=C1)C(=S)N
Ethylparaben,,-4.8102908,,,,,,,,,,,CCOC(=O)C1=CC=C(C=C1)O
Etilefrine,,,,,,,,,,,,2.1,CCNCC(C1=CC(=CC=C1)O)O
Etodolac,1.0,,,,,,,,,,,,CCC1=C2C(=CC=C1)C3=C(N2)C(OCC3)(CC)CC(=O)O
Etomidate,,,,,,,,,,,,2.7,CCOC(=O)C1=CN=CN1C(C)C2=CC=CC=C2
Etonogestrel,,,,,,,,,,,,2.87,CCC12CC(=C)C3C(C1CCC2(C#C)O)CCC4=CC(=O)CCC34
Etoposide,1.0,,,,,,,,,,,0.18,CC1OCC2C(O1)C(C(C(O2)OC3C4COC(=O)C4C(C5=CC6=C(C=C35)OCO6)C7=CC(=C(C(=C7)OC)O)OC)O)O
Etoricoxib,,,,,,,,,,,,1.5,CC1=NC=C(C=C1)C2=C(C=C(C=N2)Cl)C3=CC=C(C=C3)S(=O)(=O)C
Evodiamine (EDM),,-4.632256,,,,,,,,,,,
Exatecan (acid),,,,,,,,,,,,0.44,CCC(C1=C(C(=O)N2CC3=C4C(CCC5=C4C(=CC(=C5C)F)N=C3C2=C1)N)CO)(C(=O)O)O
Exemestane,1.0,-4.329999900000002,,,,,,,,,,,CC12CCC3C(C1CCC2=O)CC(=C)C4=CC(=O)C=CC34C
Ezogabine,,,,,,,,,,,,2.5,CCOC(=O)NC1=C(C=C(C=C1)NCC2=CC=C(C=C2)F)N
F-(S)-IZD,,-6.521439099999999,,,,,,,,,,,
F992,,,,,,,,,,,,0.31,CCC1(C(=O)NC(C(=O)NC(CSCCCC(=O)NC(C(=O)NC(C(=O)N1)CC2=CC=CS2)CC3=CC=CC=C3)C(=O)N4CC(CC4C(=O)NC(CCCN=C(N)N)C(=O)NCC(=O)N)O)CC(=O)N)C
Falipamil,,,,,,,,,,,,2.4,CN(CCCN1CC2=CC(=C(C=C2C1=O)OC)OC)CCC3=CC(=C(C=C3)OC)OC
Famciclovir,1.0,,,,,,,,,,,,CC(=O)OCC(CCN1C=NC2=CN=C(N=C21)N)COC(=O)C
Famotidine,1.0,,,,,,,,,,,1.2,C1=C(N=C(S1)N=C(N)N)CSCCC(=NS(=O)(=O)N)N
Faropenem,,,,,,,,,,,,0.18,CC(C1C2N(C1=O)C(=C(S2)C3CCCO3)C(=O)O)O
Felbamate,1.0,,,,,,,,,,,,C1=CC=C(C=C1)C(COC(=O)N)COC(=O)N
Felodipine,0.0,,,,,,,,,,,4.4,CCOC(=O)C1=C(NC(=C(C1C2=C(C(=CC=C2)Cl)Cl)C(=O)OC)C)C
Fenbufen,1.0,,,,,,,,,,,,C1=CC=C(C=C1)C2=CC=C(C=C2)C(=O)CCC(=O)O
Fenfluramine,1.0,,,,,,,,,,,,CCNC(C)CC1=CC(=CC=C1)C(F)(F)F
Fenoldopam,,,,,,,,,,,,0.5,C1CNCC(C2=CC(=C(C(=C21)Cl)O)O)C3=CC=C(C=C3)O
Fenoprofen,1.0,,,,,,,,,,,0.1,CC(C1=CC(=CC=C1)OC2=CC=CC=C2)C(=O)O
Fenoterol,0.0,,,,,,,,,,,1.2,CC(CC1=CC=C(C=C1)O)NCC(C2=CC(=CC(=C2)O)O)O
Fenoximone,,,,,,,,,,,,1.8,CC1=C(NC(=O)N1)C(=O)C2=CC=C(C=C2)SC
Fenspiride,1.0,,,,,,,,,,,3.0,C1CN(CCC12CNC(=O)O2)CCC3=CC=CC=C3
Fentanyl,0.0,,,,,,,,,,,0.89,CCC(=O)N(C1CCN(CC1)CCC2=CC=CC=C2)C3=CC=CC=C3
Fexofenadine,1.0,,,,,,,,,,,,CC(C)(C1=CC=C(C=C1)C(CCCN2CCC(CC2)C(C3=CC=CC=C3)(C4=CC=CC=C4)O)O)C(=O)O
Finasteride,1.0,,,,,,,,,,,1.1,CC12CCC3C(C1CCC2C(=O)NC(C)(C)C)CCC4C3(C=CC(=O)N4)C
Fingolimod,,,,,,,,,,,,17.3,CCCCCCCCC1=CC=C(C=C1)CCC(CO)(CO)N
Flavone,,-3.9201083,,,,,,,,,,,C1=CC=C(C=C1)C2=CC(=O)C3=CC=CC=C3O2
Flavopiridol,,,,,,,,,,,,1.5,CN1CCC(C(C1)O)C2=C(C=C(C3=C2OC(=CC3=O)C4=CC=CC=C4Cl)O)O
Flecainide,1.0,,,,,,,,,,,6.1,C1CCNC(C1)CNC(=O)C2=C(C=CC(=C2)OCC(F)(F)F)OCC(F)(F)F
Fleroxacin,,-4.8099742,,,,,,,,,,1.6,CN1CCN(CC1)C2=C(C=C3C(=C2F)N(C=C(C3=O)C(=O)O)CCF)F
Flomoxef,,,,,,,,,,,,0.19,COC1(C2N(C1=O)C(=C(CO2)CSC3=NN=NN3CCO)C(=O)O)NC(=O)CSC(F)F
Flucloxacillin,,,,,,,,,,,,0.19,CC1=C(C(=NO1)C2=C(C=CC=C2Cl)F)C(=O)NC3C4N(C3=O)C(C(S4)(C)C)C(=O)O
Fluconazole,1.0,,,,,,,,,,,0.75,C1=CC(=C(C=C1F)F)C(CN2C=NC=N2)(CN3C=NC=N3)O
Flucytosine,1.0,,,,,,,,,,,0.68,C1=NC(=O)NC(=C1F)N
Fludarabine,1.0,,,,,,,,,,,2.2,C1=NC2=C(N=C(N=C2N1C3C(C(C(O3)CO)O)O)F)N
Flumazenil,1.0,,,,,,,,,,,0.8,CCOC(=O)C1=C2CN(C(=O)C3=C(N2C=N1)C=CC(=C3)F)C
Flunisolide,0.0,,,,,,,,,,,1.08,CC1(OC2CC3C4CC(C5=CC(=O)C=CC5(C4C(CC3(C2(O1)C(=O)CO)C)O)C)F)C
Flunitrazepam,1.0,,,,,,,,,,,1.9,CN1C(=O)CN=C(C2=C1C=CC(=C2)[N+](=O)[O-])C3=CC=CC=C3F
Fluocortolone,1.0,,,,,,,,,,,,CC1CC2C3CC(C4=CC(=O)C=CC4(C3C(CC2(C1C(=O)CO)C)O)C)F
Fluorescein,1.0,-4.77,,,,,,,,,,0.14,C1=CC=C2C(=C1)C(=O)OC23C4=C(C=C(C=C4)O)OC5=C3C=CC(=C5)O
Fluorouracil,1.0,,,,,,,,,,,,C1=C(C(=O)NC(=O)N1)F
"Fluorouracil, 5-",,,,,,,,,,,,0.23,C1=C(C(=O)NC(=O)N1)F
Fluoxetine,1.0,-4.5500002,,,,,,,,,,,CNCCC(C1=CC=CC=C1)OC2=CC=C(C=C2)C(F)(F)F
Fluparoxan (GR50360A),,-3.729485,,,,,,,,,,,
Flupenthixol,,-4.8899999,,,,,,,,,,,C1CN(CCN1CCC=C2C3C=C(C=CC3SC4=CC=CC=C42)C(F)(F)F)CCO
Flupentixol,1.0,,,,,,,,,,,,C1CN(CCN1CCC=C2C3=CC=CC=C3SC4=C2C=C(C=C4)C(F)(F)F)CCO
Fluphenazine,0.0,,,,,,,,,,,2.9,C1CN(CCN1CCCN2C3=CC=CC=C3SC4=C2C=C(C=C4)C(F)(F)F)CCO
Flupirtine,1.0,,,,,,,,,,,1.1,CCOC(=O)NC1=C(N=C(C=C1)NCC2=CC=C(C=C2)F)N
Flurazepam,1.0,,,,,,,,,,,,CCN(CC)CCN1C(=O)CN=C(C2=C1C=CC(=C2)Cl)C3=CC=CC=C3F
Flurbiprofen,1.0,,,,,,,,,,,,CC(C1=CC(=C(C=C1)C2=CC=CC=C2)F)C(=O)O
Fluticasone furoate,,,,,,,,,,,,4.95,CC1CC2C3CC(C4=CC(=O)C=CC4(C3(C(CC2(C1(C(=O)SCF)OC(=O)C5=CC=CO5)C)O)F)C)F
Fluticasone propionate,,,,,,,,,,,,3.6,CCC(=O)OC1(C(CC2C1(CC(C3(C2CC(C4=CC(=O)C=CC43C)F)F)O)C)C)C(=O)SCF
Fluvastatin,1.0,-5.6999998,,,,,,,,,,0.42,CC(C)N1C2=CC=CC=C2C(=C1C=CC(CC(CC(=O)O)O)O)C3=CC=C(C=C3)F
Fluvoxamine,1.0,,,,,,,,,,,,COCCCCC(=NOCCN)C1=CC=C(C=C1)C(F)(F)F
Folinic acid,,-7.5214391,,,,,,,,,,0.25,C1C(N(C2=C(N1)N=C(NC2=O)N)C=O)CNC3=CC=C(C=C3)C(=O)NC(CCC(=O)O)C(=O)O
Fosaprepitant,,,,,,,,,,,,0.07,CC(C1=CC(=CC(=C1)C(F)(F)F)C(F)(F)F)OC2C(N(CCO2)CC3=NN(C(=O)N3)P(=O)(O)O)C4=CC=C(C=C4)F
Foscarnet,0.0,,,,,,,,,,,0.5,C(=O)(O)P(=O)(O)O
Fosfluconazole,,,,,,,,,,,,0.15,C1=CC(=C(C=C1F)F)C(CN2C=NC=N2)(CN3C=NC=N3)OP(=O)(O)O
Fosfomycin,1.0,,,,,,,,,,,0.32,CC1C(O1)P(=O)(O)O
Fosinopril,1.0,,,,,,,,,,,,CCC(=O)OC(C(C)C)OP(=O)(CCCCC1=CC=CC=C1)CC(=O)N2CC(CC2C(=O)O)C3CCCCC3
Fosinoprilat,,,,,,,,,,,,0.13,C1CCC(CC1)C2CC(N(C2)C(=O)CP(=O)(CCCCC3=CC=CC=C3)O)C(=O)O
Fosphenytoin,,,,,,,,,,,,0.06,C1=CC=C(C=C1)C2(C(=O)N(C(=O)N2)COP(=O)(O)O)C3=CC=CC=C3
Fostriecin,,,,,,,,,,,,0.09,CC(C=CC1CC=CC(=O)O1)(C(CC(C=CC=CC=CCO)O)OP(=O)(O)O)O
Fotemustin,,,,,,,,,,,,0.62,
Frovatriptan,1.0,,,,,,,,,,,3.6,CNC1CCC2=C(C1)C3=C(N2)C=CC(=C3)C(=O)N
Fructose,1.0,,,,,,,,,,,,C1C(C(C(C(O1)(CO)O)O)O)O
Fulvestrant,,,,,,,,,,,,4.15,CC12CCC3C(C1CCC2O)C(CC4=C3C=CC(=C4)O)CCCCCCCCCS(=O)CCCC(C(F)(F)F)(F)F
Furazolidone,,-4.9899998,,,,,,,,,,,C1COC(=O)N1N=CC2=CC=C(O2)[N+](=O)[O-]
Furosemide,1.0,,,,,,,,,,,0.12,C1=COC(=C1)CNC2=CC(=C(C=C2C(=O)O)S(=O)(=O)N)Cl
Fusidate sodium,,,,,,,,,,,,0.23,CC1C2CCC3(C(C2(CCC1O)C)C(CC4C3(CC(C4=C(CCC=C(C)C)C(=O)[O-])OC(=O)C)C)O)C.[Na+]
G6191,,-6.4579659000000005,,,,,,,,,,,
G6262,,-6.3682656,,,,,,,,,,,
G6264,,-6.8519359,,,,,,,,,,,
GHRP-6,,,,,,,,,,,,0.42,CC(C(=O)NC(CC1=CNC2=CC=CC=C21)C(=O)NC(CC3=CC=CC=C3)C(=O)NC(CCCCN)C(=O)N)NC(=O)C(CC4=CNC5=CC=CC=C54)NC(=O)C(CC6=CN=CN6)N
GPX-150,,,,,,,,,,,,15.45,CC1C(C(CC(O1)OC2CC(CC3=C2C(=C4C(=C3O)C(=O)C5=C(C4=N)C(=CC=C5)OC)O)(CCO)O)N)O
GSK1322322,,,,,,,,,,,,0.75,CC1=NC(=C(C(=N1)N2CCN3CCOCC3C2)F)NNC(=O)C(CC4CCCC4)CN(C=O)O
GSK2239633,,,,,,,,,,,,1.65,
GSK2251052,,,,,,,,,,,,2.37,B1(C2=C(C=CC=C2OCCCO)C(O1)CN)O
GSK269984A,,,,,,,,,,,,0.77,C1=CC(=NC(=C1)C(=O)[O-])CC2=C(C=CC(=C2)Cl)OCC3=C(C=C(C=C3)Cl)F.[Na+]
GSK461364,,,,,,,,,,,,12.0,CC(C1=CC=CC=C1C(F)(F)F)OC2=C(SC(=C2)N3C=NC4=C3C=C(C=C4)CN5CCN(CC5)C)C(=O)N
Gabapentin,1.0,,,,,,,,,,,0.71,C1CCC(CC1)(CC(=O)O)CN
Galantamine,1.0,,,,,,,,,,,,CN1CCC23C=CC(CC2OC4=C(C=CC(=C34)C1)OC)O
Galanthamine,,,,,,,,,,,,2.3,CN1CCC23C=CC(CC2OC4=C(C=CC(=C34)C1)OC)O
Gallopamil,0.0,,,,,,,,,,,1.75,CC(C)C(CCCN(C)CCC1=CC(=C(C=C1)OC)OC)(C#N)C2=CC(=C(C(=C2)OC)OC)OC
Gambogic acid,,,,,,,,,,,,0.99,CC(=CCCC1(C=CC2=C(C3=C(C(=C2O1)CC=C(C)C)OC45C6CC(C=C4C3=O)C(=O)C5(OC6(C)C)CC=C(C)C(=O)O)O)C)C
Ganciclovir,0.0,,,,,,,,,,,1.0,C1=NC2=C(N1COC(CO)CO)N=C(NC2=O)N
Gancyclovir,,-6.1012278,,,,,,,,,,,C1=NC2=C(N1COC(CO)CO)N=C(NC2=O)N
Garenoxacin,,,,,,,,,,,,1.0,CC1C2=C(CN1)C=C(C=C2)C3=C(C4=C(C=C3)C(=O)C(=CN4C5CC5)C(=O)O)OC(F)F
Gatifloxacin,1.0,,,,,,,,,,,1.7,CC1CN(CCN1)C2=C(C=C3C(=C2OC)N(C=C(C3=O)C(=O)O)C4CC4)F
Gavestinel,,,,,,,,,,,,0.12,C1=CC=C(C=C1)NC(=O)C=CC2=C(NC3=C2C(=CC(=C3)Cl)Cl)C(=O)O
Gefitinib,1.0,-4.48,,,,,,,,,,23.0,COC1=C(C=C2C(=C1)N=CN=C2NC3=CC(=C(C=C3)F)Cl)OCCCN4CCOCC4
Gemcitabine,,,,,,,,,,,,1.5,C1=CN(C(=O)N=C1N)C2C(C(C(O2)CO)O)(F)F
Gemfibrozil,1.0,,,,,,,,,,,,CC1=CC(=C(C=C1)C)OCCCC(C)(C)C(=O)O
Gemifloxacin,,,,,,,,,,,,3.52,CON=C1CN(CC1CN)C2=C(C=C3C(=O)C(=CN(C3=N2)C4CC4)C(=O)O)F
Genaconazole,,,,,,,,,,,,0.62,CC(C(CN1C=NC=N1)(C2=C(C=C(C=C2)F)F)O)S(=O)(=O)C
Gentamicin,,,,,,,,,,,,0.33,CC(C1CCC(C(O1)OC2C(CC(C(C2O)OC3C(C(C(CO3)(C)O)NC)O)N)N)N)NC
Gestodene,1.0,,,,,,,,,,,0.46,CCC12CCC3C(C1C=CC2(C#C)O)CCC4=CC(=O)CCC34
Ginkgolide A,,,,,,,,,,,,0.62,CC1C(=O)OC2C1(C34C(=O)OC5C3(C2)C6(C(C5)C(C)(C)C)C(C(=O)OC6O4)O)O
Ginkgolide B,,,,,,,,,,,,0.91,CC1C(=O)OC2C1(C34C(=O)OC5C3(C2O)C6(C(C5)C(C)(C)C)C(C(=O)OC6O4)O)O
Ginsenoside RD,,,,,,,,,,,,0.11,CC(=CCCC(C)(C1CCC2(C1C(CC3C2(CCC4C3(CCC(C4(C)C)OC5C(C(C(C(O5)CO)O)O)OC6C(C(C(C(O6)CO)O)O)O)C)C)O)C)OC7C(C(C(C(O7)CO)O)O)O)C
Ginsenoside Rg1 (Rg1),,-6.5883503,,,,,,,,,,,
Gisadenafil,,,,,,,,,,,,2.4,CCC1=C2C(=NN1CCOC)C(=O)NC(=N2)C3=C(N=CC(=C3)S(=O)(=O)N4CCN(CC4)CC)OCC
Glibornuride,,,,,,,,,,,,0.27,CC1=CC=C(C=C1)S(=O)(=O)NC(=O)NC2C3CCC(C2O)(C3(C)C)C
Gliclazide,1.0,,,,,,,,,,,0.43,CC1=CC=C(C=C1)S(=O)(=O)NC(=O)NN2CC3CCCC3C2
Glimepiride,1.0,,,,,,,,,,,0.19,CCC1=C(CN(C1=O)C(=O)NCCC2=CC=C(C=C2)S(=O)(=O)NC(=O)NC3CCC(CC3)C)C
Glipizide,1.0,-4.7199998,,,,,,,,,,0.16,CC1=CN=C(C=N1)C(=O)NCCC2=CC=C(C=C2)S(=O)(=O)NC(=O)NC3CCCCC3
Glucosamine,1.0,,,,,,,,,,,,C(C1C(C(C(C(O1)O)N)O)O)O
Gludopa,,,,,,,,,,,,0.21,C1=CC(=C(C=C1CC(C(=O)O)NC(=O)CCC(C(=O)O)N)O)O
Glufosfamide,,,,,,,,,,,,0.24,C(CCl)NP(=O)(NCCCl)OC1C(C(C(C(O1)CO)O)O)O
Glutamine,,-6.0702906,,,,,,,,,,,C(CC(=O)N)C(C(=O)O)N
Glutaminic Acid,,-6.0700002,,,,,,,,,,,C(CC(=O)O)C(C(=O)O)N
Gly-Pro (glycylproline),,-5.2123351,,,,,,,,,,,
Glyburide,1.0,,,,,,,,,,,0.08,COC1=C(C=C(C=C1)Cl)C(=O)NCCC2=CC=C(C=C2)S(=O)(=O)NC(=O)NC3CCCCC3
Glyceryl 1-nitrate,,,,,,,,,,,,0.76,C(C(CO[N+](=O)[O-])O)O
Glycocholate,,-5.7141905,,,,,,,,,,,CC(CCC(=O)NCC(=O)O)C1CCC2C1(C(CC3C2C(CC4C3(CCC(C4)O)C)O)O)C
Glycopyrrolate bromide,,,,,,,,,,,,0.37,C[N+]1(CCC(C1)OC(=O)C(C2CCCC2)(C3=CC=CC=C3)O)C.[Br-]
Glycylsarcosine,,-4.9000001,,,,,,,,,,,CN(CC(=O)O)C(=O)CN
Glycyrrhizin,,,,,,,,,,,,0.06,CC1(C2CCC3(C(C2(CCC1OC4C(C(C(C(O4)C(=O)O)O)O)OC5C(C(C(C(O5)C(=O)O)O)O)O)C)C(=O)C=C6C3(CCC7(C6CC(CC7)(C)C(=O)O)C)C)C)C
Gomisin A,,-4.5693183,,,,,,,,,,,CC1CC2=CC3=C(C(=C2C4=C(C(=C(C=C4CC1(C)O)OC)OC)OC)OC)OCO3
Granisetron,1.0,,,,,,,,,,,3.7,CN1C2CCCC1CC(C2)NC(=O)C3=NN(C4=CC=CC=C43)C
Grepafloxacin HCl,,-4.8899999,,,,,,,,,,,CC1CN(CCN1)C2=C(C(=C3C(=C2)N(C=C(C3=O)C(=O)O)C4CC4)C)F.Cl
Griseofulvin,1.0,,,,,,,,,,,,CC1CC(=O)C=C(C12C(=O)C3=C(O2)C(=C(C=C3OC)OC)Cl)OC
Guanabenz,,-4.329999900000002,,,,,,,,,,,C1=CC(=C(C(=C1)Cl)C=NN=C(N)N)Cl
Guanethidine,0.0,,,,,,,,,,,,C1CCCN(CCC1)CCN=C(N)N
Guanfacine,1.0,,,,,,,,,,,5.6,C1=CC(=C(C(=C1)Cl)CC(=O)N=C(N)N)Cl
Guanylcisteine,,,,,,,,,,,,0.25,
H 244/45,,-5.2198415,,,,,,,,,,,CCC(=O)NC1=CC=C(C=C1)OCC(CNC(C)C)O
H 95/71,,-5.4279842,,,,,,,,,,,
Haloperidol,1.0,-4.71,,,,,,,,,,17.0,C1CN(CCC1(C2=CC=C(C=C2)Cl)O)CCCC(=O)C3=CC=C(C=C3)F
Harmol,,-5.302258999999999,,,,,,,,,,,CC1=C2C(=C3C=CC(=O)C=C3N2)C=CN1
Heptaminol,,,,,,,,,,,,2.14,CC(CCCC(C)(C)O)N
Heroin,,,,,,,,,,,,1.31,CC(=O)OC1C=CC2C3CC4=C5C2(C1OC5=C(C=C4)OC(=O)C)CCN3C
Hesperidin,0.0,,,,,,,,,,,,CC1C(C(C(C(O1)OCC2C(C(C(C(O2)OC3=CC(=C4C(=O)CC(OC4=C3)C5=CC(=C(C=C5)OC)O)O)O)O)O)O)O)O
Hexobarbital,1.0,,,,,,,,,,,1.1,CC1(C(=O)NC(=O)N(C1=O)C)C2=CCCCC2
Homocysteine,1.0,,,,,,,,,,,,C(CS)C(C(=O)O)N
Homoharringtonine,,,,,,,,,,,,1.8,CC(C)(CCCC(CC(=O)OC)(C(=O)OC1C2C3=CC4=C(C=C3CCN5C2(CCC5)C=C1OC)OCO4)O)O
Hydralazine,1.0,,,,,,,,,,,1.5,C1=CC=C2C(=C1)C=NN=C2NN
Hydrochlorothiazide,1.0,,,,,,,,,,,,C1NC2=CC(=C(C=C2S(=O)(=O)N1)S(=O)(=O)N)Cl
Hydrocortisone,,,,,,,,,,,,0.38,CC12CCC(=O)C=C1CCC3C2C(CC4(C3CCC4(C(=O)CO)O)C)O
Hydroflumethiazide,1.0,,,,,,,,,,,2.2,C1NC2=C(C=C(C(=C2)C(F)(F)F)S(=O)(=O)N)S(=O)(=O)N1
Hydromorphone,1.0,,,,,,,,,,,4.3,CN1CCC23C4C1CC5=C2C(=C(C=C5)O)OC3C(=O)CC4
Hydroxychloroquine,1.0,,,,,,,,,,,700.0,CCN(CCCC(C)NC1=C2C=CC(=CC2=NC=C1)Cl)CCO
"Hydroxycotinine, 3'-",,,,,,,,,,,,0.85,
"Hydroxydihydroquinidine, 3(S)-",,,,,,,,,,,,6.8,
"Hydroxyimipramine, 2-",,,,,,,,,,,,6.6,CN(C)CCCN1C2=C(CCC3=CC=CC=C31)C=C(C=C2)O
Hydroxymidazolam,,,,,,,,,,,,0.77,
Hydroxysafflor yellow A,,,,,,,,,,,,0.2,C1=CC(=CC=C1C=CC(=C2C(=C(C(=O)C(C2=O)(C3C(C(C(C(O3)CO)O)O)O)O)C4C(C(C(C(O4)CO)O)O)O)O)O)O
"Hydroxystaurosporine, 7-",,,,,,,,,,,,0.15,
Hydroxyurea,1.0,,,,,,,,,,,0.52,C(=O)(N)NO
Hypericin,0.0,,,,,,,,,,,0.25,CC1=CC(=O)C2=C(C3=C(C=C(C4=C3C5=C2C1=C6C(=CC(=O)C7=C(C8=C(C=C(C4=C8C5=C67)O)O)O)C)O)O)O
I-II,,-5.6900001,,,,,,,,,,,
IACV,,-5.6799998,,,,,,,,,,,
IDX899,,,,,,,,,,,,0.56,CC1=CC(=CC(=C1)P(=O)(C2=C(NC3=C2C=C(C=C3)Cl)C(=O)N)OC)C=CC#N
IDX989,,,,,,,,,,,,0.97,CC1=CC(=CC(=C1)P(=O)(C2=C(NC3=C2C(=C(C=C3)Cl)F)C(=O)N)OC)C=CC#N
II,,-4.1799998,,,,,,,,,,,CCC(C)C(C(=O)NC(C(C)CC)C(=O)O)N
INO-1001,,,,,,,,,,,,1.9,CS(=O)(=O)O.C1COCCN1CCCNS(=O)(=O)C2=CC3=C(C=C2)C4=C(C3)C5=CC=CC=C5C(=O)N4
IRR ,,-6.54,,,,,,,,,,,
IRR (23),,-6.5388007,,,,,,,,,,,
IVL745,,,,,,,,,,,,0.25,CC1=CC=CC=C1NC(=O)NC2=C(C=C(C=C2)CC(=O)NCC(=O)N(CCC(=O)O)CC3=CC(=C(C=C3)OC)OC)OC
Ibandronate,0.0,,,,,,,,,,,,CCCCCN(C)CCC(O)(P(=O)(O)O)P(=O)(O)O
Ibandronic Acid (Ibandronate),,,,,,,,,,,,0.55,
Ibrutinib,,,,,,,,,,,,9.75,C=CC(=O)N1CCCC(C1)N2C3=NC=NC(=C3C(=N2)C4=CC=C(C=C4)OC5=CC=CC=C5)N
Ibuprofen,1.0,,,,,,,,,,,0.15,CC(C)CC1=CC=C(C=C1)C(C)C(=O)O
Ibutilide,0.0,,,,,,,,,,,12.0,CCCCCCCN(CC)CCCC(C1=CC=C(C=C1)NS(=O)(=O)C)O
Icajine (Ica),,-4.5816798,,,,,,,,,,,
Icariin,,-6.2292061,,,,,,,,,,,CC1C(C(C(C(O1)OC2=C(OC3=C(C2=O)C(=CC(=C3CC=C(C)C)OC4C(C(C(C(O4)CO)O)O)O)O)C5=CC=C(C=C5)OC)O)O)O
Idarubicin,1.0,,,,,,,,,,,38.0,CC1C(C(CC(O1)OC2CC(CC3=C2C(=C4C(=C3O)C(=O)C5=CC=CC=C5C4=O)O)(C(=O)C)O)N)O
Idazoxan,,,,,,,,,,,,3.3,C1CN=C(N1)C2COC3=CC=CC=C3O2
Idrocilamide,,,,,,,,,,,,0.11,C1=CC=C(C=C1)C=CC(=O)NCCO
Ifetroban,,,,,,,,,,,,4.4,CCCCCNC(=O)C1=COC(=N1)C2C3CCC(C2CC4=CC=CC=C4CCC(=O)O)O3
Ifosfamide,1.0,,,,,,,,,,,0.62,C1CN(P(=O)(OC1)NCCCl)CCCl
Iloprost,0.0,,,,,,,,,,,0.37,CC#CCC(C)C(C=CC1C(CC2C1CC(=CCCCC(=O)O)C2)O)O
Imatinib,1.0,-5.3899999,,,,,,,,,,3.9,CC1=C(C=C(C=C1)NC(=O)C2=CC=C(C=C2)CN3CCN(CC3)C)NC4=NC=CC(=N4)C5=CN=CC=C5
Imidacloprid (IMI),,-4.6677732,,,,,,,,,,,
Imidafenacin,,,,,,,,,,,,1.51,CC1=NC=CN1CCC(C2=CC=CC=C2)(C3=CC=CC=C3)C(=O)N
Imipenem,0.0,,,,,,,,,,,0.24,CC(C1C2CC(=C(N2C1=O)C(=O)O)SCCN=CN)O
Imipramine,1.0,,,,,,,,,,,12.0,CN(C)CCCN1C2=CC=CC=C2CCC3=CC=CC=C31
Imipramine N-oxide,,,,,,,,,,,,1.9,C[N+](C)(CCCN1C2=CC=CC=C2CCC3=CC=CC=C31)[O-]
Indacaterol,,,,,,,,,,,,19.4,CCC1=C(C=C2CC(CC2=C1)NCC(C3=C4C=CC(=O)NC4=C(C=C3)O)O)CC
Indapamide,1.0,,,,,,,,,,,,CC1CC2=CC=CC=C2N1NC(=O)C3=CC(=C(C=C3)Cl)S(=O)(=O)N
Indinavir,0.0,-5.6900001,,,,,,,,,,0.82,CC(C)(C)NC(=O)C1CN(CCN1CC(CC(CC2=CC=CC=C2)C(=O)NC3C(CC4=CC=CC=C34)O)O)CC5=CN=CC=C5
Indisulam,,,,,,,,,,,,0.68,C1=CC2=C(C(=C1)NS(=O)(=O)C3=CC=C(C=C3)S(=O)(=O)N)NC=C2Cl
Indobufen,1.0,,,,,,,,,,,,CCC(C1=CC=C(C=C1)N2CC3=CC=CC=C3C2=O)C(=O)O
Indocyanine Green,,,,,,,,,,,,0.04,CC1(C(=[N+](C2=C1C3=CC=CC=C3C=C2)CCCCS(=O)(=O)[O-])C=CC=CC=CC=C4C(C5=C(N4CCCCS(=O)(=O)[O-])C=CC6=CC=CC=C65)(C)C)C.[Na+]
Indomethacin,1.0,,,,,,,,,,,0.1,CC1=C(C2=C(N1C(=O)C3=CC=C(C=C3)Cl)C=CC(=C2)OC)CC(=O)O
Indoramin,0.0,,,,,,,,,,,4.9,C1CN(CCC1NC(=O)C2=CC=CC=C2)CCC3=CNC4=CC=CC=C43
Inogatran,,,,,,,,,,,,0.26,C1CCC(CC1)CC(C(=O)N2CCCCC2C(=O)NCCCN=C(N)N)NCC(=O)O
Intoplicine,,,,,,,,,,,,11.0,CC1=CN=C(C2=C1NC3=C2C4=C(C=C3)C=C(C=C4)O)NCCCN(C)C
Iodixanol,,,,,,,,,,,,0.2,CC(=O)N(CC(CN(C1=C(C(=C(C(=C1I)C(=O)NCC(CO)O)I)C(=O)NCC(CO)O)I)C(=O)C)O)C2=C(C(=C(C(=C2I)C(=O)NCC(CO)O)I)C(=O)NCC(CO)O)I
Iododoxorubicin,,,,,,,,,,,,53.6,CC1C(C(CC(O1)OC2CC(CC3=C2C(=C4C(=C3O)C(=O)C5=C(C4=O)C(=CC=C5)OC)O)(C(=O)CO)O)N)I
Iohexol,,,,,,,,,,,,0.16,CC(=O)N(CC(CO)O)C1=C(C(=C(C(=C1I)C(=O)NCC(CO)O)I)C(=O)NCC(CO)O)I
Iomeprol,,,,,,,,,,,,0.23,CN(C1=C(C(=C(C(=C1I)C(=O)NCC(CO)O)I)C(=O)NCC(CO)O)I)C(=O)CO
Iopamidol,,,,,,,,,,,,0.28,CC(C(=O)NC1=C(C(=C(C(=C1I)C(=O)NC(CO)CO)I)C(=O)NC(CO)CO)I)O
Iopentol,,,,,,,,,,,,0.2,CC(=O)N(CC(COC)O)C1=C(C(=C(C(=C1I)C(=O)NCC(CO)O)I)C(=O)NCC(CO)O)I
Iopromide,,,,,,,,,,,,0.22,CN(CC(CO)O)C(=O)C1=C(C(=C(C(=C1I)C(=O)NCC(CO)O)I)NC(=O)COC)I
Iothalamic acid (Iothalamate),,,,,,,,,,,,0.17,
Iotrolan,,,,,,,,,,,,0.23,CN(C1=C(C(=C(C(=C1I)C(=O)NC(CO)C(CO)O)I)C(=O)NC(CO)C(CO)O)I)C(=O)CC(=O)N(C)C2=C(C(=C(C(=C2I)C(=O)NC(CO)C(CO)O)I)C(=O)NC(CO)C(CO)O)I
Ipratropium,0.0,,,,,,,,,,,5.1,CC(C)[N+]1(C2CCC1CC(C2)OC(=O)C(CO)C3=CC=CC=C3)C
Irbesartan,1.0,,,,,,,,,,,0.94,CCCCC1=NC2(CCCC2)C(=O)N1CC3=CC=C(C=C3)C4=CC=CC=C4C5=NNN=N5
Irinotecan,0.0,,,,,,,,,,,3.5,CCC1=C2CN3C(=CC4=C(C3=O)COC(=O)C4(CC)O)C2=NC5=C1C=C(C=C5)OC(=O)N6CCC(CC6)N7CCCCC7
Irofulven,,,,,,,,,,,,3.1,CC1=C(C2=C(C3(CC3)C(C(=O)C2=C1)(C)O)C)CO
Isavuconazole,,,,,,,,,,,,5.37,CC(C1=NC(=CS1)C2=CC=C(C=C2)C#N)C(CN3C=NC=N3)(C4=C(C=CC(=C4)F)F)O
Isepamicin,,,,,,,,,,,,0.32,CC1(COC(C(C1NC)O)OC2C(CC(C(C2O)OC3C(C(C(C(O3)CN)O)O)O)N)NC(=O)C(CN)O)O
Isoglycirrhizinate (acid),,,,,,,,,,,,0.05,
Isoliquiritigenin (35),,-4.8378239,,,,,,,,,,,
Isomazole,,,,,,,,,,,,1.67,COC1=C(C=CC(=C1)S(=O)C)C2=NC3=C(N2)C=NC=C3
Isoniazid,1.0,,,,,,,,,,,,C1=CN=CC=C1C(=O)NN
Isoniazide,,,,,,,,,,,,0.82,C1=CN=CC=C1C(=O)NN
Isoproterenol,,,,,,,,,,,,1.5,CC(C)NCC(C1=CC(=C(C=C1)O)O)O
Isoquercitrin (22),,-6.27,,,,,,,,,,,
Isosorbide Dinitrate,,,,,,,,,,,,1.9,C1C(C2C(O1)C(CO2)O[N+](=O)[O-])O[N+](=O)[O-]
Isosorbide-2-Mononitrate,,,,,,,,,,,,0.86,C1C(C2C(O1)C(CO2)O[N+](=O)[O-])O
Isosorbide-5-Mononitrate,,,,,,,,,,,,0.7,C1C(C2C(O1)C(CO2)O[N+](=O)[O-])O
Isotretinoin,1.0,,,,,,,,,,,,CC1=C(C(CCC1)(C)C)C=CC(=CC=CC(=CC(=O)O)C)C
Isovitexin (10),,-6.2003298,,,,,,,,,,,
Isoxicam,,-4.6100001,,,,,,,,,,0.19,CC1=CC(=NO1)NC(=O)C2=C(C3=CC=CC=C3S(=O)(=O)N2C)O
Isradipine,0.0,,,,,,,,,,,1.5,CC1=C(C(C(=C(N1)C)C(=O)OC(C)C)C2=CC=CC3=NON=C32)C(=O)OC
Itraconazole,1.0,,,,,,,,,,,7.4,CCC(C)N1C(=O)N(C=N1)C2=CC=C(C=C2)N3CCN(CC3)C4=CC=C(C=C4)OCC5COC(O5)(CN6C=NC=N6)C7=C(C=C(C=C7)Cl)Cl
Ivabradine,,,,,,,,,,,,1.66,CN(CCCN1CCC2=CC(=C(C=C2CC1=O)OC)OC)CC3CC4=CC(=C(C=C34)OC)OC
Ixabepilone,,,,,,,,,,,,11.0,CC1CCCC2(C(O2)CC(NC(=O)CC(C(C(=O)C(C1O)C)(C)C)O)C(=CC3=CSC(=N3)C)C)C
Ixazomib,,,,,,,,,,,,3.61,B(C(CC(C)C)NC(=O)CNC(=O)C1=C(C=CC(=C1)Cl)Cl)(O)O
KAR-2,,-4.8616409,,,,,,,,,,,CCC1(CC2CC(C3=C(CCN(C2)C1)C4=CC=CC=C4N3)(C5=C(C=C6C(=C5)C78CCN9C7C(CC1(C8N6C)C(=O)N(C(=O)O1)CCCl)(C=CC9)CC)OC)C(=O)OC)O
KNI-272,,,,,,,,,,,,0.11,CC(C)(C)NC(=O)C1CSCN1C(=O)C(C(CC2=CC=CC=C2)NC(=O)C(CSC)NC(=O)COC3=CC=CC4=C3C=CN=C4)O
KRN-5500,,,,,,,,,,,,0.17,CCCCCCCCCC=CC=CC(=O)NCC(=O)NC1C(C(C(OC1C(CO)O)NC2=NC=NC3=C2NC=N3)O)O
KRN8602,,,,,,,,,,,,20.9,CCC1(CC(C2=C(C1O)C(=C3C(=C2O)C(=O)C4=C(C3=O)C=CC=C4O)O)OC5CC(C(C(O5)C)O)N6CCOCC6)O.Cl.Cl
KW-2170,,,,,,,,,,,,12.0,C1=CC(=C2C3=C1C(=NN3C4=C(C=CC(=O)C4=C2O)O)CNCCO)NCCCN.Cl.Cl
Kaempferol (16),,-4.9899998,,,,,,,,,,,
Kahalalide F,,,,,,,,,,,,0.11,CCC(C)C1C(=O)NC(C(=O)NC(C(=O)NC(=CC)C(=O)NC(C(=O)OC(C(C(=O)N1)NC(=O)C(C(C)CC)NC(=O)C(CCCN)NC(=O)C2CCCN2C(=O)C(C(C)C)NC(=O)C(C(C)C)NC(=O)C(C(C)O)NC(=O)C(C(C)C)NC(=O)CCCC(C)C)C)C(C)C)CC3=CC=CC=C3)C(C)C
Kanamycin,0.0,,,,,,,,,,,0.26,C1C(C(C(C(C1N)OC2C(C(C(C(O2)CN)O)O)O)O)OC3C(C(C(C(O3)CO)O)N)O)N
Ketamine,0.0,-4.2600002,,,,,,,,,,2.9,CNC1(CCCCC1=O)C2=CC=CC=C2Cl
Ketanserin,1.0,-4.4400001,,,,,,,,,,3.9,C1CN(CCC1C(=O)C2=CC=C(C=C2)F)CCN3C(=O)C4=CC=CC=C4NC3=O
Ketobemidone,1.0,,,,,,,,,,,0.48,CCC(=O)C1(CCN(CC1)C)C2=CC(=CC=C2)O
Ketoconazole,,-4.7538648,,,,,,,,,,,CC(=O)N1CCN(CC1)C2=CC=C(C=C2)OCC3COC(O3)(CN4C=CN=C4)C5=C(C=C(C=C5)Cl)Cl
Ketoprofen,1.0,,,,,,,,,,,0.13,CC(C1=CC(=CC=C1)C(=O)C2=CC=CC=C2)C(=O)O
Ketorolac,1.0,,,,,,,,,,,0.11,C1CN2C(=CC=C2C(=O)C3=CC=CC=C3)C1C(=O)O
Ketotifen,,-4.9499998,,,,,,,,,,,CN1CCC(=C2C3=C(C(=O)CC4=CC=CC=C42)SC=C3)CC1
L-692429,,,,,,,,,,,,0.2,CC(C)(CC(=O)NC1CCC2=CC=CC=C2N(C1=O)CC3=CC=C(C=C3)C4=CC=CC=C4C5=NNN=N5)N
"L-778,123",,,,,,,,,,,,0.8,C1CN(C(=O)CN1CC2=CN=CN2CC3=CC=C(C=C3)C#N)C4=CC(=CC=C4)Cl
L-alanine,,-5.4201083,,,,,,,,,,,CC(C(=O)O)N
"L1 (1,2-dimethyl-3 hydroxypyridin-4-one)",,-4.8885303,,,,,,,,,,,
LEF553,,-7.7600002,,,,,,,,,,,C1=CC=C(C=C1)CC(C(=O)N)NC(=O)C(CC2=CC=CC=C2)NC(=O)C(CCCN=C(N)N)NC(=O)C(CC3=CC=C(C=C3)O)N.Cl
LY2090314,,,,,,,,,,,,1.2,C1CCN(CC1)C(=O)N2CCN3C=C(C4=CC(=CC(=C43)C2)F)C5=C(C(=O)NC5=O)C6=CN=C7N6C=CC=C7
LY2140023,,,,,,,,,,,,0.44,CSCCC(C(=O)NC1(CS(=O)(=O)C2C1C2C(=O)O)C(=O)O)N
LY334370,,-5.3211966,,,,,,,,,,,CN1CCC(CC1)C2=CNC3=C2C=C(C=C3)NC(=O)C4=CC=C(C=C4)F
LY366092,,-4.0300002,,,,,,,,,,,
LY366659,,-4.1999998,,,,,,,,,,,
LY366799,,-4.54,,,,,,,,,,,
LY366853,,-5.3000002,,,,,,,,,,,
LY366856,,-4.329999900000002,,,,,,,,,,,
LY404039,,,,,,,,,,,,0.21,C1C(C2C(C2S1(=O)=O)C(=O)O)(C(=O)O)N
Labetalol,1.0,-4.895062,,,,,,,,,,4.8,CC(CCC1=CC=CC=C1)NCC(C2=CC(=C(C=C2)O)C(=O)N)O
Lacidipine,0.0,,,,,,,,,,,,CCOC(=O)C1=C(NC(=C(C1C2=CC=CC=C2C=CC(=O)OC(C)(C)C)C(=O)OCC)C)C
Lacosamide,,,,,,,,,,,,0.58,CC(=O)NC(COC)C(=O)NCC1=CC=CC=C1
Lactulose,0.0,-6.5364394,,,,,,,,,,,C(C1C(C(C(C(O1)OC2C(OC(C2O)(CO)O)CO)O)O)O)O
Lamifiban,,,,,,,,,,,,0.29,C1CN(CCC1OCC(=O)O)C(=O)C(CC2=CC=C(C=C2)O)NC(=O)C3=CC=C(C=C3)C(=N)N
Lamivudine,1.0,-5.420000099999998,,,,,,,,,,1.3,C1C(OC(S1)CO)N2C=CC(=NC2=O)N
Lamotrigine,1.0,,,,,,,,,,,,C1=CC(=C(C(=C1)Cl)Cl)C2=C(N=C(N=N2)N)N
Laniquidar,,,,,,,,,,,,6.03,COC(=O)C1=CN=C2N1CCC3=CC=CC=C3C2=C4CCN(CC4)CCC5=CC=C(C=C5)OCC6=NC7=CC=CC=C7C=C6
Lanreotide,,,,,,,,,,,,0.2,CC(C)C1C(=O)NC(CSSCC(C(=O)NC(C(=O)NC(C(=O)NC(C(=O)N1)CCCCN)CC2=CNC3=CC=CC=C32)CC4=CC=C(C=C4)O)NC(=O)C(CC5=CC6=CC=CC=C6C=C5)N)C(=O)NC(C(C)O)C(=O)N
Lansoprazole,1.0,,,,,,,,,,,0.28,CC1=C(C=CN=C1CS(=O)C2=NC3=CC=CC=C3N2)OCC(F)(F)F
Laromustine,,,,,,,,,,,,0.88,CNC(=O)N(N(CCCl)S(=O)(=O)C)S(=O)(=O)C
Larotaxel,,,,,,,,,,,,17.0,CC1=C2C(C(=O)C34CC3CC5C(C4C(C(C2(C)C)(CC1OC(=O)C(C(C6=CC=CC=C6)NC(=O)OC(C)(C)C)O)O)OC(=O)C7=CC=CC=C7)(CO5)OC(=O)C)OC(=O)C
Laudanosine (LAU),,-4.5497985,,,,,,,,,,,
Lef53,,-7.4317985,,,,,,,,,,,
Leflunomide metabolite (A 771726),,,,,,,,,,,,0.13,
Lenapenem,,,,,,,,,,,,0.22,CC1C2C(C(=O)N2C(=C1SC3CC(NC3)C(CCNC)O)C(=O)O)C(C)O
Letrozole,1.0,,,,,,,,,,,1.9,C1=CC(=CC=C1C#N)C(C2=CC=C(C=C2)C#N)N3C=NC=N3
Leuprolide,,,,,,,,,,,,0.38,CCNC(=O)C1CCCN1C(=O)C(CCCN=C(N)N)NC(=O)C(CC(C)C)NC(=O)C(CC(C)C)NC(=O)C(CC2=CC=C(C=C2)O)NC(=O)C(CO)NC(=O)C(CC3=CNC4=CC=CC=C43)NC(=O)C(CC5=CN=CN5)NC(=O)C6CCC(=O)N6
Levamisole,1.0,,,,,,,,,,,,C1CSC2=NC(CN21)C3=CC=CC=C3
Levetiracetam,1.0,,,,,,,,,,,,CCC(C(=O)N)N1CCCC1=O
Levobupivacaine,,,,,,,,,,,,0.49,CCCCN1CCCCC1C(=O)NC2=C(C=CC=C2C)C
Levocabastine,,,,,,,,,,,,1.17,CC1CN(CCC1(C2=CC=CC=C2)C(=O)O)C3CCC(CC3)(C#N)C4=CC=C(C=C4)F
Levodopa,1.0,,,,,,,,,,,1.7,C1=CC(=C(C=C1CC(C(=O)O)N)O)O
Levofloxacin,,-4.5500002,,,,,,,,,,1.2,CC1COC2=C3N1C=C(C(=O)C3=CC(=C2N4CCN(CC4)C)F)C(=O)O
Levoleucovorin,,,,,,,,,,,,0.27,C1C(N(C2=C(N1)N=C(NC2=O)N)C=O)CNC3=CC=C(C=C3)C(=O)NC(CCC(=O)O)C(=O)O
Levomepromazine,,,,,,,,,,,,12.0,CC(CN1C2=CC=CC=C2SC3=C1C=C(C=C3)OC)CN(C)C
Levonorgestrel,1.0,,,,,,,,,,,1.5,CCC12CCC3C(C1CCC2(C#C)O)CCC4=CC(=O)CCC34
Levoprotiline,,,,,,,,,,,,18.8,CNCC(CC12CCC(C3=CC=CC=C31)C4=CC=CC=C24)O
Levorphanol,,,,,,,,,,,,11.5,CN1CCC23CCCCC2C1CC4=C3C=C(C=C4)O
Levosimendan,,,,,,,,,,,,0.24,CC1CC(=O)NN=C1C2=CC=C(C=C2)NN=C(C#N)C#N
Libenzapril,,,,,,,,,,,,1.98,C1CC2=CC=CC=C2N(C(=O)C1NC(CCCCN)C(=O)O)CC(=O)O
Licarbazepine,,,,,,,,,,,,0.72,C1C(C2=CC=CC=C2N(C3=CC=CC=C31)C(=O)N)O
Lidocaine,1.0,,,,,,,,,,,1.8,CCN(CC)CC(=O)NC1=C(C=CC=C1C)C
Linagliptin,,,,,,,,,,,,16.0,CC#CCN1C2=C(N=C1N3CCCC(C3)N)N(C(=O)N(C2=O)CC4=NC5=CC=CC=C5C(=N4)C)C
Lincomycin,1.0,,,,,,,,,,,1.0,CCCC1CC(N(C1)C)C(=O)NC(C2C(C(C(C(O2)SC)O)O)O)C(C)O
Linezolid,1.0,,,,,,,,,,,0.58,CC(=O)NCC1CN(C(=O)O1)C2=CC(=C(C=C2)N3CCOCC3)F
Liquiritigenin (LG),,-4.8000002,,,,,,,,,,,
Liquiritin apioside ,,-7.119999900000002,,,,,,,,,,,C1C(OC2=C(C1=O)C=CC(=C2)O)C3=CC=C(C=C3)OC4C(C(C(C(O4)CO)O)O)OC5C(C(CO5)(CO)O)O
Lisdexamfetamine,,,,,,,,,,,,0.6,CC(CC1=CC=CC=C1)NC(=O)C(CCCCN)N
Lisinopril,1.0,-6.6599998,,,,,,,,,,0.89,C1CC(N(C1)C(=O)C(CCCCN)NC(CCC2=CC=CC=C2)C(=O)O)C(=O)O
Lisuride,0.0,,,,,,,,,,,1.73,CCN(CC)C(=O)NC1CN(C2CC3=CNC4=CC=CC(=C34)C2=C1)C
Lithospermic acid (LSA),,-7.0891552,,,,,,,,,,,
Lobucavir,,-6.05775855,,,,,,,,,,,C1C(C(C1N2C=NC3=C2N=C(NC3=O)N)CO)CO
Lomefloxacin,1.0,-4.8000002,,,,,,,,,,2.04,CCN1C=C(C(=O)C2=CC(=C(C(=C21)F)N3CCNC(C3)C)F)C(=O)O
Lomitapide,,,,,,,,,,,,16.3,C1CN(CCC1NC(=O)C2=CC=CC=C2C3=CC=C(C=C3)C(F)(F)F)CCCCC4(C5=CC=CC=C5C6=CC=CC=C64)C(=O)NCC(F)(F)F
Loperamide,1.0,,,,,,,,,,,,CN(C)C(=O)C(CCN1CCC(CC1)(C2=CC=C(C=C2)Cl)O)(C3=CC=CC=C3)C4=CC=CC=C4
Loperamide HCl,,-4.9699998,,,,,,,,,,,CN(C)C(=O)C(CCN1CCC(CC1)(C2=CC=C(C=C2)Cl)O)(C3=CC=CC=C3)C4=CC=CC=C4.Cl
Loracarbef,1.0,,,,,,,,,,,,C1CC(=C(N2C1C(C2=O)NC(=O)C(C3=CC=CC=C3)N)C(=O)O)Cl
Lorazepam,1.0,,,,,,,,,,,1.3,C1=CC=C(C(=C1)C2=NC(C(=O)NC3=C2C=C(C=C3)Cl)O)Cl
Lorcainide,0.0,,,,,,,,,,,6.6,CC(C)N1CCC(CC1)N(C2=CC=C(C=C2)Cl)C(=O)CC3=CC=CC=C3
Lormetazepam,1.0,,,,,,,,,,,1.6,CN1C2=C(C=C(C=C2)Cl)C(=NC(C1=O)O)C3=CC=CC=C3Cl
Losartan,1.0,-6.0727587,,,,,,,,,,0.37,CCCCC1=NC(=C(N1CC2=CC=C(C=C2)C3=CC=CC=C3C4=NNN=N4)CO)Cl
Losmapimod,,,,,,,,,,,,1.67,CC1=C(C=C(C=C1F)C(=O)NC2CC2)C3=NC=C(C=C3)C(=O)NCC(C)(C)C
Lovastatin,0.0,-4.8400002,,,,,,,,,,,CCC(C)C(=O)OC1CC(C=C2C1C(C(C=C2)C)CCC3CC(CC(=O)O3)O)C
Lovastatin (acid),,,,,,,,,,,,0.87,
Loxiglumide,,,,,,,,,,,,0.24,CCCCCN(CCCOC)C(=O)C(CCC(=O)O)NC(=O)C1=CC(=C(C=C1)Cl)Cl
Loxoprofen,,-4.3499999,,,,,,,,,,,CC(C1=CC=C(C=C1)CC2CCCC2=O)C(=O)O
Lubeluzole,,,,,,,,,,,,2.6,CN(C1CCN(CC1)CC(COC2=CC(=C(C=C2)F)F)O)C3=NC4=CC=CC=C4S3
Lumiracoxib,1.0,,,,,,,,,,,,CC1=CC(=C(C=C1)NC2=C(C=CC=C2Cl)F)CC(=O)O
Lurtotecan,,,,,,,,,,,,4.77,CCC1(C2=C(COC1=O)C(=O)N3CC4=C(C5=CC6=C(C=C5N=C4C3=C2)OCCO6)CN7CCN(CC7)C)O
Lynestrenol,1.0,,,,,,,,,,,,CC12CCC3C(C1CCC2(C#C)O)CCC4=CCCCC34
Lys-FITC-OCH3,,-5.8313413,,,,,,,,,,,
M1,,-4.7799463,,,,,,,,,,,
MDAM,,,,,,,,,,,,0.7,C=C(CC(C(=O)O)NC(=O)C1=CC=C(C=C1)CCC2=CN=C3C(=N2)C(=NC(=N3)N)N)C(=O)O
ME3229,,-5.1011863,,,,,,,,,,,CCCCOC(=O)COC1=C(C=C(C=C1)C(=O)CNC(=O)C2=CC3=C(S2)CCNC3)OCC(=O)OCCCC
MEN-10755,,,,,,,,,,,,2.4,CC1C(C(CC(O1)OC2C(OC(CC2O)OC3CC(CC4=C3C(=C5C(=C4O)C(=O)C6=CC=CC=C6C5=O)O)(C(=O)CO)O)C)N)O.Cl
MEN14268,,-5.0478787,,,,,,,,,,,
MEN14732,,-4.7399998,,,,,,,,,,,
MEN14745,,-5.2209244,,,,,,,,,,,
MEN14970,,-4.9309068,,,,,,,,,,,
MEN15353,,-5.0700002,,,,,,,,,,,
MEN15366,,-5.4094677,,,,,,,,,,,
MEN15596,,-5.291214900000001,,,,,,,,,,,CC1=CC2=C(C=C1)C=C(S2)C(=O)NC3(CCCC3)C(=O)NC(CC4=CC=CC=C4)C(=O)NCC5CCN(CC5)CC6CCOCC6
MEN15716,,-4.997839,,,,,,,,,,,
MMMDPB,,-4.5,,,,,,,,,,,
Mannitol,0.0,,,,,,,,,,,0.24,C(C(C(C(C(CO)O)O)O)O)O
Maprotiline,1.0,,,,,,,,,,,45.0,CNCCCC12CCC(C3=CC=CC=C31)C4=CC=CC=C24
Maraviroc,,,,,,,,,,,,2.3,CC1=NN=C(N1C2CC3CCC(C2)N3CCC(C4=CC=CC=C4)NC(=O)C5CCC(CC5)(F)F)C(C)C
"Maraviroc (UK-427,857)",,-6.0,,,,,,,,,,,
Maxipost,,,,,,,,,,,,10.0,COC1=C(C=C(C=C1)Cl)C2(C3=C(C=C(C=C3)C(F)(F)F)NC2=O)F
Mazapertine,,,,,,,,,,,,1.54,CC(C)OC1=CC=CC=C1N2CCN(CC2)CC3=CC(=CC=C3)C(=O)N4CCCCC4
Me-(S)-IZD,,-6.3989701,,,,,,,,,,,
Mebendazole,1.0,-4.5100002,,,,,,,,,,1.2,COC(=O)NC1=NC2=C(N1)C=C(C=C2)C(=O)C3=CC=CC=C3
Medifoxamine,1.0,,,,,,,,,,,2.8,CN(C)CC(OC1=CC=CC=C1)OC2=CC=CC=C2
Medroxalol,,,,,,,,,,,,7.9,CC(CCC1=CC2=C(C=C1)OCO2)NCC(C3=CC(=C(C=C3)O)C(=O)N)O
Mefloquine,1.0,,,,,,,,,,,,C1CCNC(C1)C(C2=CC(=NC3=C2C=CC=C3C(F)(F)F)C(F)(F)F)O
Melagatran,0.0,,,,,,,,,,,0.23,C1CCC(CC1)C(C(=O)N2CCC2C(=O)NCC3=CC=C(C=C3)C(=N)N)NCC(=O)O
Melatonin,0.0,,,,,,,,,,,1.1,CC(=O)NCCC1=CNC2=C1C=C(C=C2)OC
Meloxicam,1.0,-4.7058601,,,,,,,,,,0.15,CC1=CN=C(S1)NC(=O)C2=C(C3=CC=CC=C3S(=O)(=O)N2C)O
Melperone,,,,,,,,,,,,14.0,CC1CCN(CC1)CCCC(=O)C2=CC=C(C=C2)F
Melphalan,1.0,,,,,,,,,,,0.48,C1=CC(=CC=C1CC(C(=O)O)N)N(CCCl)CCCl
Meperidine,1.0,,,,,,,,,,,2.3,CCOC(=O)C1(CCN(CC1)C)C2=CC=CC=C2
Mepindolol,1.0,,,,,,,,,,,,CC1=CC2=C(N1)C=CC=C2OCC(CNC(C)C)O
Mepivacaine,,,,,,,,,,,,0.95,CC1=C(C(=CC=C1)C)NC(=O)C2CCCCN2C
Meprobamate,,,,,,,,,,,,0.7,CCCC(C)(COC(=O)N)COC(=O)N
Meptazinol,0.0,,,,,,,,,,,3.3,CCC1(CCCCN(C1)C)C2=CC(=CC=C2)O
Mercaptopurine,0.0,,,,,,,,,,,,C1=NC2=C(N1)C(=S)N=CN2
"Mercaptopurine, 6-",,,,,,,,,,,,1.0,C1=NC2=C(N1)C(=S)N=CN2
Meropenem,0.0,,,,,,,,,,,0.3,CC1C2C(C(=O)N2C(=C1SC3CC(NC3)C(=O)N(C)C)C(=O)O)C(C)O
Mesna,,,,,,,,,,,,0.65,C(CS(=O)(=O)[O-])S.[Na+]
Met-enkephalin,,-7.380000099999998,,,,,,,,,,,CSCCC(C(=O)O)NC(=O)C(CC1=CC=CC=C1)NC(=O)CNC(=O)CNC(=O)C(CC2=CC=C(C=C2)O)N
Metadoxine,,,,,,,,,,,,0.66,CC1=NC=C(C(=C1O)CO)CO.C1CC(=O)NC1C(=O)O
Metaproterenol,,,,,,,,,,,,6.03,CC(C)NCC(C1=CC(=CC(=C1)O)O)O
Metazosin,,,,,,,,,,,,0.44,CC(C(=O)N1CCN(CC1)C2=NC3=CC(=C(C=C3C(=N2)N)OC)OC)OC
Metergoline,1.0,,,,,,,,,,,,CN1CC(CC2C1CC3=CN(C4=CC=CC2=C34)C)CNC(=O)OCC5=CC=CC=C5
Metformin,1.0,,,,,,,,,,,0.64,CN(C)C(=N)N=C(N)N
Methadone,1.0,-4.6599998,,,,,,,,,,4.4,CCC(=O)C(CC(C)N(C)C)(C1=CC=CC=C1)C2=CC=CC=C2
Methamphetamine,,,,,,,,,,,,4.3,CC(CC1=CC=CC=C1)NC
Methapyrilene,0.0,,,,,,,,,,,,CN(C)CCN(CC1=CC=CS1)C2=CC=CC=N2
Methicillin,,,,,,,,,,,,0.32,CC1(C(N2C(S1)C(C2=O)NC(=O)C3=C(C=CC=C3OC)OC)C(=O)O)C
Methimazole,1.0,,,,,,,,,,,0.86,CN1C=CNC1=S
Methohexital,,,,,,,,,,,,1.1,CCC#CC(C)C1(C(=O)NC(=O)N(C1=O)C)CC=C
Methotrexate,1.0,,,,,,,,,,,0.43,CN(CC1=CN=C2C(=N1)C(=NC(=N2)N)N)C3=CC=C(C=C3)C(=O)NC(CCC(=O)O)C(=O)O
Methotrimeprazine,1.0,,,,,,,,,,,,CC(CN1C2=CC=CC=C2SC3=C1C=C(C=C3)OC)CN(C)C
Methyl gallate,,-5.3899999,,,,,,,,,,,COC(=O)C1=CC(=C(C(=C1)O)O)O
Methyldopa,1.0,-6.619894,,,,,,,,,,0.69,CC(CC1=CC(=C(C=C1)O)O)(C(=O)O)N
Methylergometrine,,,,,,,,,,,,0.96,CCC(CO)NC(=O)C1CN(C2CC3=CNC4=CC=CC(=C34)C2=C1)C
Methylnaltrexone,,,,,,,,,,,,2.6,C[N+]1(CCC23C4C(=O)CCC2(C1CC5=C3C(=C(C=C5)O)O4)O)CC6CC6
"Methylnortestosterone, 7α-, 19-",,,,,,,,,,,,0.8,
Methylparaben,,-4.46,,,,,,,,,,,COC(=O)C1=CC=C(C=C1)O
Methylphenidate,0.0,,,,,,,,,,,2.2,COC(=O)C(C1CCCCN1)C2=CC=CC=C2
Methylprednisolone,1.0,-5.1161518,,,,,,,,,,1.2,CC1CC2C3CCC(C3(CC(C2C4(C1=CC(=O)C=C4)C)O)C)(C(=O)CO)O
"Methylthiomethylpaclitaxel, 7-",,,,,,,,,,,,11.0,
Methysergide,0.0,,,,,,,,,,,,CCC(CO)NC(=O)C1CN(C2CC3=CN(C4=CC=CC(=C34)C2=C1)C)C
Metkephamid,,-7.309999900000001,,,,,,,,,,,CC(C(=O)NCC(=O)NC(CC1=CC=CC=C1)C(=O)N(C)C(CCSC)C(=O)N)NC(=O)C(CC2=CC=C(C=C2)O)N
Metoclopramide,1.0,,,,,,,,,,,3.2,CCN(CC)CCNC(=O)C1=CC(=C(C=C1OC)N)Cl
Metocurine,,,,,,,,,,,,0.4,C[N+]1(CCC2=CC(=C3C=C2C1CC4=CC=C(C=C4)OC5=C6C(CC7=CC(=C(C=C7)OC)O3)[N+](CCC6=CC(=C5OC)OC)(C)C)OC)C
Metolazone,1.0,-5.3049202000000015,,,,,,,,,,1.6,CC1NC2=CC(=C(C=C2C(=O)N1C3=CC=CC=C3C)S(=O)(=O)N)Cl
Metopimazine,0.0,,,,,,,,,,,,CS(=O)(=O)C1=CC2=C(C=C1)SC3=CC=CC=C3N2CCCN4CCC(CC4)C(=O)N
Metoprolol,1.0,-4.3493013,,,,,,,,,,3.1,CC(C)NCC(COC1=CC=C(C=C1)CCOC)O
Metrizoate,,,,,,,,,,,,0.17,CC(=O)NC1=C(C(=C(C(=C1I)C(=O)O)I)N(C)C(=O)C)I
Metronidazole,1.0,,,,,,,,,,,0.4,CC1=NC=C(N1CCO)[N+](=O)[O-]
Mexiletine,1.0,,,,,,,,,,,5.9,CC1=C(C(=CC=C1)C)OCC(C)N
Mezlocillin,,,,,,,,,,,,0.09,CC1(C(N2C(S1)C(C2=O)NC(=O)C(C3=CC=CC=C3)NC(=O)N4CCN(C4=O)S(=O)(=O)C)C(=O)O)C
Mianserin,1.0,,,,,,,,,,,13.75,CN1CCN2C(C1)C3=CC=CC=C3CC4=CC=CC=C42
Mibefradil,1.0,,,,,,,,,,,3.1,CC(C)C1C2=C(CCC1(CCN(C)CCCC3=NC4=CC=CC=C4N3)OC(=O)COC)C=C(C=C2)F
Micafungin,,,,,,,,,,,,0.21,CCCCCOC1=CC=C(C=C1)C2=CC(=NO2)C3=CC=C(C=C3)C(=O)NC4CC(C(NC(=O)C5C(C(CN5C(=O)C(NC(=O)C(NC(=O)C6CC(CN6C(=O)C(NC4=O)C(C)O)O)C(C(C7=CC(=C(C=C7)O)OS(=O)(=O)O)O)O)C(CC(=O)N)O)C)O)O)O
Miconazole,1.0,,,,,,,,,,,,C1=CC(=C(C=C1Cl)Cl)COC(CN2C=CN=C2)C3=C(C=C(C=C3)Cl)Cl
Micronomicin,,,,,,,,,,,,0.15,CC1(COC(C(C1NC)O)OC2C(CC(C(C2O)OC3C(CCC(O3)CNC)N)N)N)O
Midazolam,1.0,,,,,,,,,,,1.1,CC1=NC=C2N1C3=C(C=C(C=C3)Cl)C(=NC2)C4=CC=CC=C4F
Midodrine,,,,,,,,,,,,0.67,COC1=CC(=C(C=C1)OC)C(CNC(=O)CN)O
Mifamurtide,,,,,,,,,,,,5.8,CCCCCCCCCCCCCCCC(=O)OCC(COP(=O)([O-])OCCNC(=O)C(C)NC(=O)CCC(C(=O)N)NC(=O)C(C)NC(=O)C(C)OC(C(C=O)NC(=O)C)C(C(CO)O)O)OC(=O)CCCCCCCCCCCCCCC.O.[Na+]
Mifepristone,1.0,,,,,,,,,,,0.01,CC#CC1(CCC2C1(CC(C3=C4CCC(=O)C=C4CCC23)C5=CC=C(C=C5)N(C)C)C)O
Miglitol,,,,,,,,,,,,0.28,C1C(C(C(C(N1CCO)CO)O)O)O
Mildronate,,,,,,,,,,,,0.7,C[N+](C)(C)NCCC(=O)[O-]
Milnacipran,1.0,,,,,,,,,,,4.51,CCN(CC)C(=O)C1(CC1CN)C2=CC=CC=C2
Milrinone,1.0,,,,,,,,,,,0.25,CC1=C(C=C(C(=O)N1)C#N)C2=CC=NC=C2
Minocycline,1.0,,,,,,,,,,,1.6,CN(C)C1C2CC3CC4=C(C=CC(=C4C(=C3C(=O)C2(C(=C(C1=O)C(=O)N)O)O)O)O)N(C)C
Minoxidil,1.0,,,,,,,,,,,0.9,C1CCN(CC1)C2=NC(=N)N(C(=C2)N)O
Mirabegron,,,,,,,,,,,,23.8,C1=CC=C(C=C1)C(CNCCC2=CC=C(C=C2)NC(=O)CC3=CSC(=N3)N)O
Mirtazapine,1.0,,,,,,,,,,,4.2,CN1CCN2C(C1)C3=CC=CC=C3CC4=C2N=CC=C4
Misoprostol,1.0,,,,,,,,,,,,CCCCC(C)(CC=CC1C(CC(=O)C1CCCCCCC(=O)OC)O)O
Mitonafide,,,,,,,,,,,,11.3,CN(C)CCN1C(=O)C2=CC=CC3=CC(=CC(=C32)C1=O)[N+](=O)[O-]
Mitotane,1.0,,,,,,,,,,,,C1=CC=C(C(=C1)C(C2=CC=C(C=C2)Cl)C(Cl)Cl)Cl
Mitoxantrone,,,,,,,,,,,,12.0,C1=CC(=C2C(=C1NCCNCCO)C(=O)C3=C(C=CC(=C3C2=O)O)O)NCCNCCO
Mivacurium (cis/cis),,,,,,,,,,,,0.27,C[N+]1(CCC2=CC(=C(C=C2C1CC3=CC(=C(C(=C3)OC)OC)OC)OC)OC)CCCOC(=O)CCC=CCCC(=O)OCCC[N+]4(CCC5=CC(=C(C=C5C4CC6=CC(=C(C(=C6)OC)OC)OC)OC)OC)C
Mizolastine,1.0,,,,,,,,,,,0.38,CN(C1CCN(CC1)C2=NC3=CC=CC=C3N2CC4=CC=C(C=C4)F)C5=NC=CC(=O)N5
Moclobemide,1.0,,,,,,,,,,,1.1,C1COCCN1CCNC(=O)C2=CC=C(C=C2)Cl
Molsidomine,1.0,,,,,,,,,,,1.4,CCOC(=NC1=C[N+](=NO1)N2CCOCC2)[O-]
Mometasone Furoate,,,,,,,,,,,,2.2,CC1CC2C3CCC4=CC(=O)C=CC4(C3(C(CC2(C1(C(=O)CCl)OC(=O)C5=CC=CO5)C)O)Cl)C
Montelukast,1.0,,,,,,,,,,,0.15,CC(C)(C1=CC=CC=C1CCC(C2=CC=CC(=C2)C=CC3=NC4=C(C=CC(=C4)Cl)C=C3)SCC5(CC5)CC(=O)O)O
Moricizine,1.0,,,,,,,,,,,,CCOC(=O)NC1=CC2=C(C=C1)SC3=CC=CC=C3N2C(=O)CCN4CCOCC4
Morinidazole,,,,,,,,,,,,0.75,CC1=NC=C(N1CC(CN2CCOCC2)O)[N+](=O)[O-]
Morphine,1.0,,,,,,,,,,,2.3,CN1CCC23C4C1CC5=C2C(=C(C=C5)O)OC3C(C=C4)O
Morphine-6-Glucuronide,,,,,,,,,,,,0.12,CN1CCC23C4C1CC5=C2C(=C(C=C5)O)OC3C(C=C4)OC6C(C(C(C(O6)C(=O)O)O)O)O
Moxalactam,,,,,,,,,,,,0.17,CN1C(=NN=N1)SCC2=C(N3C(C(C3=O)(NC(=O)C(C4=CC=C(C=C4)O)C(=O)O)OC)OC2)C(=O)O
Moxestrol,1.0,,,,,,,,,,,,CC12CC(C3C(C1CCC2(C#C)O)CCC4=C3C=CC(=C4)O)OC
Moxifloxacin,1.0,,,,,,,,,,,1.4,COC1=C2C(=CC(=C1N3CC4CCCNC4C3)F)C(=O)C(=CN2C5CC5)C(=O)O
Moxonidine,1.0,,,,,,,,,,,1.8,CC1=NC(=C(C(=N1)Cl)NC2=NCCN2)OC
Muristerone A (28),,-4.9000001,,,,,,,,,,,
Mycophenolic acid,,,,,,,,,,,,0.77,CC1=C2COC(=O)C2=C(C(=C1OC)CC=C(C)CCC(=O)O)O
N-(3-tertbutylphenyl)-4-(pyridin-4-ylmethylamino)isothiazole-3-carboxamide (11),,-5.2516832,,,,,,,,,,,
N-(4-(Chlorodifluoromethoxy)phenyl)-1-(2-(pyridin-4-yl)ethyl)-1H-pyrazole-5-carboxamide (22),,-5.3275695,,,,,,,,,,,
N-(4-Chlorophenyl)-1-(2-(pyridin-4-yl)ethyl)-1H-pyrazole-5-carboxamide (11),,-5.1590075,,,,,,,,,,,
N-(4-tert-Butylphenyl)-1-(2-(pyridin-4-yl)ethyl)-1H-pyrazole-5-carboxamide (23),,-5.1295056,,,,,,,,,,,
N-Acetyl-D-alanine Phenethylamide (8),,-4.6095328,,,,,,,,,,,
N-Acetyl-D-alanyl-D-phenylalanine N-Methylamide (2),,-5.7484403,,,,,,,,,,,
N-Acetyl-D-cyclohexylalanine Phenethylamide (12),,-4.351765599999999,,,,,,,,,,,
N-Acetyl-D-cyclohexylalanyl-D-phenylalanine N-Methylamide (6),,-5.141333599999999,,,,,,,,,,,
N-Acetyl-D-leucine Phenethylamide (10),,-4.513246499999998,,,,,,,,,,,
N-Acetyl-D-leucyl-D-phenylalanine N-Methylamide (4),,-5.2142239,,,,,,,,,,,
N-Acetyl-D-phenylalanine Phenethylamide (11a),,-4.4210458,,,,,,,,,,,
N-Acetyl-D-phenylalanyl-D-phenylalanine N-Methylamide (5a),,-5.0499268,,,,,,,,,,,
N-Acetyl-D-valine Phenethylamide (9a),,-4.4610906,,,,,,,,,,,
N-Acetyl-D-valyl-D-phenylalanine N-Methylamide (3a),,-5.3900242,,,,,,,,,,,
N-Acetylglycine Phenethylamide (7),,-4.6597776,,,,,,,,,,,
N-[5-[(4-Dimethylaminobenzoyl)amino]pentyl]-2-mercaptoacetamide (S2),,-5.1324477,,,,,,,,,,,
N-acetyl-tryptophanamide,,-5.619999900000002,,,,,,,,,,,CC(=O)NC(CC1=CNC2=CC=CC=C21)C(=O)N
N-carbobenzoxy-tryptophan,,-5.8000002,,,,,,,,,,,
N-desmethylclozapine,,-4.6799998,,,,,,,,,,,C1CN(CCN1)C2=NC3=C(C=CC(=C3)Cl)NC4=CC=CC=C42
NBI-1,,,,,,,,,,,,1.83,CC(C1=CC=CC=N1)C2=C(SC3=CC=CC=C32)CCN(C)C
NBI-2,,,,,,,,,,,,1.11,CN(C)CCC1=C(C2=C(C1)C=C(C=C2)F)CC3=NN=CC=C3
NBI-3,,,,,,,,,,,,1.86,CC(C1=NC=CN=C1)C2=C(CC3=CC=CC=C32)CCN(C)C
NBI-4,,,,,,,,,,,,5.73,CC(C1=C(N=CC=C1)F)C2=C(SC3=CC=CC=C32)CCN(C)C
NK 611,,,,,,,,,,,,0.3,CC1OCC2C(O1)C(C(C(O2)OC3C4COC(=O)C4C(C5=CC6=C(C=C35)OCO6)C7=CC(=C(C(=C7)OC)O)OC)N(C)C)O.Cl
NK1NK2 analogue 104 (15f),,-5.1382737,,,,,,,,,,,
"NK1NK2 analogue 105 (MDL 105,212)",,-5.4105153,,,,,,,,,,,
NK1NK2 analogue 212 (15d),,-5.0814137000000015,,,,,,,,,,,
NS5B inhibitor 2,,-4.9593034000000005,,,,,,,,,,,
Nabumetone,1.0,,,,,,,,,,,,CC(=O)CCC1=CC2=C(C=C1)C=C(C=C2)OC
Nadolol,1.0,,,,,,,,,,,1.9,CC(C)(C)NCC(COC1=CC=CC2=C1CC(C(C2)O)O)O
Nafarelin,,,,,,,,,,,,0.14,CC(C)CC(C(=O)NC(CCCN=C(N)N)C(=O)N1CCCC1C(=O)NCC(=O)N)NC(=O)C(CC2=CC3=CC=CC=C3C=C2)NC(=O)C(CC4=CC=C(C=C4)O)NC(=O)C(CO)NC(=O)C(CC5=CNC6=CC=CC=C65)NC(=O)C(CC7=CN=CN7)NC(=O)C8CCC(=O)N8
Nafcillin,1.0,,,,,,,,,,,0.22,CCOC1=C(C2=CC=CC=C2C=C1)C(=O)NC3C4N(C3=O)C(C(S4)(C)C)C(=O)O
Nalbuphine,0.0,,,,,,,,,,,4.6,C1CC(C1)CN2CCC34C5C(CCC3(C2CC6=C4C(=C(C=C6)O)O5)O)O
Nalmefene,1.0,,,,,,,,,,,8.2,C=C1CCC2(C3CC4=C5C2(C1OC5=C(C=C4)O)CCN3CC6CC6)O
Naloxone,0.0,,,,,,,,,,,1.7,C=CCN1CCC23C4C(=O)CCC2(C1CC5=C3C(=C(C=C5)O)O4)O
Naltrexone,1.0,,,,,,,,,,,7.6,C1CC1CN2CCC34C5C(=O)CCC3(C2CC6=C4C(=C(C=C6)O)O5)O
Naphtidrofuryl oxalate,,,,,,,,,,,,0.98,CC[NH+](CC)CCOC(=O)C(CC1CCCO1)CC2=CC=CC3=CC=CC=C32.C(=O)(C(=O)[O-])O
Naproxen,1.0,,,,,,,,,,,,CC(C1=CC2=C(C=C1)C=C(C=C2)OC)C(=O)O
Napsagatran,,,,,,,,,,,,0.36,C1CC(CN(C1)C(=N)N)CNC(=O)CC(C(=O)N(CC(=O)O)C2CC2)NS(=O)(=O)C3=CC4=CC=CC=C4C=C3.O
Naratriptan,1.0,,,,,,,,,,,2.4,CNS(=O)(=O)CCC1=CC2=C(C=C1)NC=C2C3CCN(CC3)C
Naringin,,-6.820000200000001,,,,,,,,,,,CC1C(C(C(C(O1)OC2C(C(C(OC2OC3=CC(=C4C(=O)CC(OC4=C3)C5=CC=C(C=C5)O)O)CO)O)O)O)O)O
Nateglinide,1.0,,,,,,,,,,,0.15,CC(C)C1CCC(CC1)C(=O)NC(CC2=CC=CC=C2)C(=O)O
Nebivolol,1.0,,,,,,,,,,,11.0,C1CC2=C(C=CC(=C2)F)OC1C(CNCC(C3CCC4=C(O3)C=CC(=C4)F)O)O
Nedocromil,0.0,,,,,,,,,,,,CCCC1=C2C(=CC3=C1OC(=CC3=O)C(=O)O)C(=O)C=C(N2CC)C(=O)O
Nefazodone,0.0,,,,,,,,,,,0.51,CCC1=NN(C(=O)N1CCOC2=CC=CC=C2)CCCN3CCN(CC3)C4=CC(=CC=C4)Cl
Nefopam,1.0,,,,,,,,,,,5.6,CN1CCOC(C2=CC=CC=C2C1)C3=CC=CC=C3
Nelarabine,,,,,,,,,,,,4.9,COC1=NC(=NC2=C1N=CN2C3C(C(C(O3)CO)O)O)N
Nelfinavir,1.0,-6.1500001,,,,,,,,,,,CC1=C(C=CC=C1O)C(=O)NC(CSC2=CC=CC=C2)C(CN3CC4CCCCC4CC3C(=O)NC(C)(C)C)O
Nemonoxacin,,,,,,,,,,,,1.9,CC1CC(CN(C1)C2=C(C3=C(C=C2)C(=O)C(=CN3C4CC4)C(=O)O)OC)N
Nemorubicin,,,,,,,,,,,,49.0,CC1C(C(CC(O1)OC2CC(CC3=C2C(=C4C(=C3O)C(=O)C5=C(C4=O)C(=CC=C5)OC)O)(C(=O)CO)O)N6CCOC(C6)OC)O
Neostenine,,-4.9198675000000005,,,,,,,,,,,CCC1C2CCCCN3C2C(CC3)C4C1OC(=O)C4C
Neostigmine,0.0,,,,,,,,,,,0.74,CN(C)C(=O)OC1=CC=CC(=C1)[N+](C)(C)C
Netilmicin,,,,,,,,,,,,0.07,CCNC1CC(C(C(C1OC2C(C(C(CO2)(C)O)NC)O)O)OC3C(CC=C(O3)CN)N)N
Netivudine (882C87),,-5.1687455,,,,,,,,,,,
Nevirapine,1.0,,,,,,,,,,,1.3,CC1=C2C(=NC=C1)N(C3=C(C=CC=N3)C(=O)N2)C4CC4
Nicainoprol,,,,,,,,,,,,0.67,CC(C)NCC(COC1=CC=CC2=C1N(CCC2)C(=O)C3=CN=CC=C3)O
Nicardipine,1.0,-4.9305754,,,,,,,,,,1.0,CC1=C(C(C(=C(N1)C)C(=O)OCCN(C)CC2=CC=CC=C2)C3=CC(=CC=C3)[N+](=O)[O-])C(=O)OC
Nicorandil,1.0,,,,,,,,,,,1.4,C1=CC(=CN=C1)C(=O)NCCO[N+](=O)[O-]
Nicotine,1.0,,,,,,,,,,,2.6,CN1CCCC1C2=CN=CC=C2
Nifedipine,1.0,-4.3319983,,,,,,,,,,0.79,CC1=C(C(C(=C(N1)C)C(=O)OC)C2=CC=CC=C2[N+](=O)[O-])C(=O)OC
Nilvadipine,0.0,,,,,,,,,,,,CC1=C(C(C(=C(N1)C#N)C(=O)OC)C2=CC(=CC=C2)[N+](=O)[O-])C(=O)OC(C)C
Nimodipine,0.0,,,,,,,,,,,1.1,CC1=C(C(C(=C(N1)C)C(=O)OC(C)C)C2=CC(=CC=C2)[N+](=O)[O-])C(=O)OCCOC
Nintedanib,,,,,,,,,,,,15.0,CN1CCN(CC1)CC(=O)N(C)C2=CC=C(C=C2)N=C(C3=CC=CC=C3)C4=C(NC5=C4C=CC(=C5)C(=O)OC)O
Nisoldipine,0.0,-4.6999998,,,,,,,,,,5.5,CC1=C(C(C(=C(N1)C)C(=O)OCC(C)C)C2=CC=CC=C2[N+](=O)[O-])C(=O)OC
Nitrazepam,1.0,,,,,,,,,,,1.7,C1C(=O)NC2=C(C=C(C=C2)[N+](=O)[O-])C(=N1)C3=CC=CC=C3
Nitrendipine,0.0,-4.6200309,,,,,,,,,,6.1,CCOC(=O)C1=C(NC(=C(C1C2=CC(=CC=C2)[N+](=O)[O-])C(=O)OC)C)C
Nitrofurantoin,1.0,,,,,,,,,,,0.57,C1C(=O)NC(=O)N1N=CC2=CC=C(O2)[N+](=O)[O-]
Nizatidine,1.0,,,,,,,,,,,1.0,CNC(=C[N+](=O)[O-])NCCSCC1=CSC(=N1)CN(C)C
Nocloprost,,,,,,,,,,,,0.16,CCCCC(C)(C)C(C=CC1C(CC(C1CC=CCCCC(=O)O)Cl)O)O
Nomifensine,,,,,,,,,,,,6.0,CN1CC(C2=C(C1)C(=CC=C2)N)C3=CC=CC=C3
Norepinephrine,0.0,,,,,,,,,,,,C1=CC(=C(C=C1C(CN)O)O)O
Norfenefrine,0.0,,,,,,,,,,,,C1=CC(=CC(=C1)O)C(CN)O
Norfloxacin,1.0,,,,,,,,,,,,CCN1C=C(C(=O)C2=CC(=C(C=C21)N3CCNCC3)F)C(=O)O
Norfloxacine,,,,,,,,,,,,1.88,CCN1C=C(C(=O)C2=CC(=C(C=C21)N3CCNCC3)F)C(=O)O
Norgestrel,1.0,,,,,,,,,,,,CCC12CCC3C(C1CCC2(C#C)O)CCC4=CC(=O)CCC34
Nortilidine,,,,,,,,,,,,2.5,CCOC(=O)C1(CCC=CC1NC)C2=CC=CC=C2
Nortriptyline,1.0,,,,,,,,,,,22.0,CNCCC=C1C2=CC=CC=C2CCC3=CC=CC=C31
Noscapine,1.0,,,,,,,,,,,,CN1CCC2=CC3=C(C(=C2C1C4C5=C(C(=C(C=C5)OC)OC)C(=O)O4)OC)OCO3
Nystatin,0.0,,,,,,,,,,,,CC1C=CC=CCCC=CC=CC=CC=CC(CC2C(C(CC(O2)(CC(C(CCC(CC(CC(CC(=O)OC(C(C1O)C)C)O)O)O)O)O)O)O)C(=O)O)OC3C(C(C(C(O3)C)O)N)O
OR-1896,,,,,,,,,,,,2.38,CC1CC(=O)NN=C1C2=CC=C(C=C2)NC(=O)C
OXb,,-4.1799998,,,,,,,,,,,CC1COC(CN1CCCS(=O)(=O)N)C2=C(C=CC(=C2)C)C
OXc,,-4.8499999,,,,,,,,,,,
OXd,,-3.95,,,,,,,,,,,C(=O)(C(=O)O)O
OXe,,-5.2199998,,,,,,,,,,,C1C(C2=CC=CC=C2OC3=CC=CC=C31)N.Cl
OXf,,-5.119999900000002,,,,,,,,,,,C1CN(CCN1CCOCCO)CC2=CC(=CC=C2)OC3=CC=CC=C3
OXh,,-5.6999998,,,,,,,,,,,
OXn,,-4.0100002,,,,,,,,,,,
OXo,,-4.7199998,,,,,,,,,,,
Octreotide,0.0,,,,,,,,,,,0.19,CC(C1C(=O)NC(CSSCC(C(=O)NC(C(=O)NC(C(=O)NC(C(=O)N1)CCCCN)CC2=CNC3=CC=CC=C32)CC4=CC=CC=C4)NC(=O)C(CC5=CC=CC=C5)N)C(=O)NC(CO)C(C)O)O
Octylparaben,,-4.880000099999998,,,,,,,,,,,CCCCCCCCOC(=O)C1=CC=C(C=C1)O
Ofloxacin,1.0,,,,,,,,,,,1.6,CC1COC2=C3N1C=C(C(=O)C3=CC(=C2N4CCN(CC4)C)F)C(=O)O
Olanzapine,1.0,,,,,,,,,,,,CC1=CC2=C(S1)NC3=CC=CC=C3N=C2N4CCN(CC4)C
Olcegepant,,,,,,,,,,,,0.31,C1CN(CCC1N2CC3=CC=CC=C3NC2=O)C(=O)NC(CC4=CC(=C(C(=C4)Br)O)Br)C(=O)NC(CCCCN)C(=O)N5CCN(CC5)C6=CC=NC=C6
Oleandomycin,,,,,,,,,,,,0.77,CC1CC(C(C(O1)OC2C(CC3(CO3)C(=O)C(C(C(C(OC(=O)C(C(C2C)OC4CC(C(C(O4)C)O)OC)C)C)C)O)C)C)O)N(C)C
Olopatadine,,-5.0100002,,,,,,,,,,,CN(C)CCC=C1C2=CC=CC=C2COC3=C1C=C(C=C3)CC(=O)O
Olsalazine,0.0,,,,,,,,,,,0.07,C1=CC(=C(C=C1N=NC2=CC(=C(C=C2)O)C(=O)O)C(=O)O)O
Ombrabulin,,,,,,,,,,,,0.44,COC1=C(C=C(C=C1)C=CC2=CC(=C(C(=C2)OC)OC)OC)NC(=O)C(CO)N
Omeprazole,1.0,,,,,,,,,,,0.24,CC1=CN=C(C(=C1OC)C)CS(=O)C2=NC3=C(N2)C=C(C=C3)OC
Ondansetron,1.0,,,,,,,,,,,1.8,CC1=NC=CN1CC2CCC3=C(C2=O)C4=CC=CC=C4N3C
Org 12962,,-4.5999999,,,,,,,,,,,C1CN(CCN1)C2=NC(=C(C=C2)C(F)(F)F)Cl
Org 13011,,-4.7399998,,,,,,,,,,,CC1(CC(=O)N(C(=O)C1)CCCCN2CCN(CC2)C3=NC=CC=N3)C
Org 23366,,-5.0599999,,,,,,,,,,,
Org 25907,,-4.8899999,,,,,,,,,,,
Org 28611,,,,,,,,,,,,1.0,CC1CN(CCN1C)C(=O)C2=CN(C3=C2C=CC=C3OC)CC4CCCCC4
Org 33062,,-4.6999998,,,,,,,,,,,CC1(CC(=O)N(C(=O)C1)CCCCN2CCN(CC2)C3=NC=CC=N3)C.Cl
Org 34037,,-4.7199998,,,,,,,,,,,
Org 34167,,-4.869999900000002,,,,,,,,,,,C=CCC(C1=CC=CC=C1C2=NOC3=CC=CC=C32)N
Org 5222,,-4.73,,,,,,,,,,,CN1CC2C(C1)C3=C(C=CC(=C3)Cl)OC4=CC=CC=C24.C(=CC(=O)O)C(=O)O
Ornidazole,,,,,,,,,,,,1.16,CC1=NC=C(N1CC(CCl)O)[N+](=O)[O-]
Orphenadrine,1.0,,,,,,,,,,,,CC1=CC=CC=C1C(C2=CC=CC=C2)OCCN(C)C
Ortataxel,,,,,,,,,,,,13.83,CC1=C2C(C(=O)C3(C(CC4C(C3C(C5(C2(C)C)C(C1OC(=O)C(C(CC(C)C)NC(=O)OC(C)(C)C)O)OC(=O)O5)OC(=O)C6=CC=CC=C6)(CO4)OC(=O)C)O)C)OC(=O)C
Oseltamivir acid,,,,,,,,,,,,0.37,CCC(CC)OC1C=C(CC(C1NC(=O)C)N)C(=O)O
Otamixaban,,,,,,,,,,,,0.89,CC(C(CC1=CC(=CC=C1)C(=N)N)C(=O)OC)NC(=O)C2=CC=C(C=C2)C3=CC=[N+](C=C3)[O-]
Ouabain,0.0,-6.9593034,,,,,,,,,,,CC1C(C(C(C(O1)OC2CC(C3(C4C(CCC3(C2)O)C5(CCC(C5(CC4O)C)C6=CC(=O)OC6)O)CO)O)O)O)O
Oxacillin,1.0,-4.879711599999999,,,,,,,,,,0.19,CC1=C(C(=NO1)C2=CC=CC=C2)C(=O)NC3C4N(C3=O)C(C(S4)(C)C)C(=O)O
Oxaprozin,1.0,-4.48,,,,,,,,,,,C1=CC=C(C=C1)C2=C(OC(=N2)CCC(=O)O)C3=CC=CC=C3
Oxazepam,1.0,,,,,,,,,,,0.59,C1=CC=C(C=C1)C2=NC(C(=O)NC3=C2C=C(C=C3)Cl)O
Oxazolidin-2-one (OXa),,-4.5900002,,,,,,,,,,,
Oxcarbazepine,1.0,,,,,,,,,,,,C1C2=CC=CC=C2N(C3=CC=CC=C3C1=O)C(=O)N
Oxiracetam,,,,,,,,,,,,0.55,C1C(CN(C1=O)CC(=O)N)O
Oxitropium,0.0,,,,,,,,,,,,CC[N+]1(C2CC(CC1C3C2O3)OC(=O)C(CO)C4=CC=CC=C4)C
Oxprenolol,1.0,,,,,,,,,,,0.72,CC(C)NCC(COC1=CC=CC=C1OCC=C)O
Oxprenolol ester,,-4.1920457,,,,,,,,,,,
Oxybutynin,0.0,,,,,,,,,,,0.85,CCN(CC)CC#CCOC(=O)C(C1CCCCC1)(C2=CC=CC=C2)O
Oxycodone,1.0,,,,,,,,,,,2.5,CN1CCC23C4C(=O)CCC2(C1CC5=C3C(=C(C=C5)OC)O4)O
Oxyfedrine,1.0,,,,,,,,,,,,CC(C(C1=CC=CC=C1)O)NCCC(=O)C2=CC(=CC=C2)OC
Oxymatrine,,,,,,,,,,,,0.61,C1CC2C3CCC[N+]4(C3C(CCC4)CN2C(=O)C1)[O-]
Oxytetracycline,1.0,,,,,,,,,,,1.7,CC1(C2C(C3C(C(=O)C(=C(C3(C(=O)C2=C(C4=C1C=CC=C4O)O)O)O)C(=O)N)N(C)C)O)O
PB-102,,-5.1224694,,,,,,,,,,,
PB-104,,-5.5875134000000015,,,,,,,,,,,
PB-26,,-5.6391363,,,,,,,,,,,CN1C=NC=C1CN2CC(CC3=C2C=CC(=C3)C#N)N(CC4=CC(=CC=C4)N5C=CC=C5)S(=O)(=O)C6=CC=CC=N6
PB-27,,-5.7979398,,,,,,,,,,,CN1C=NC=C1CN2CC(CC3=C2C=CC(=C3)C#N)N(CC4=CC=CC=N4)S(=O)(=O)C5=CC=CC=N5
PB-43,,-4.9099998,,,,,,,,,,,CN1C=NC=C1CN2CC(CC3=C2C=CC(=C3)C#N)N(CCN4C=CC=C4)S(=O)(=O)C5=CC=CC=N5
PDE-310,,-4.71,,,,,,,,,,,
PF-05212384,,,,,,,,,,,,2.39,CN(C)C1CCN(CC1)C(=O)C2=CC=C(C=C2)NC(=O)NC3=CC=C(C=C3)C4=NC(=NC(=N4)N5CCOCC5)N6CCOCC6
PF-4776548,,,,,,,,,,,,5.7,COC1=C(C=CC(=C1)F)CN2C=CC3=C4CCN(C(=O)C4=NC=C32)O
PK11195,,,,,,,,,,,,1.7,CCC(C)N(C)C(=O)C1=CC2=CC=CC=C2C(=N1)C3=CC=CC=C3Cl
PNU 200603,,-6.4579659000000005,,,,,,,,,,,
PNU-100766,,-4.6788902000000006,,,,,,,,,,,CC(=O)NCC1CN(C(=O)O1)C2=CC(=C(C=C2)N3CCOCC3)F
PNU-145156E,,,,,,,,,,,,0.27,CN1C=C(C=C1C(=O)NC2=CC3=C(C=C(C=C3C=C2)S(=O)(=O)O)S(=O)(=O)O)NC(=O)C4=CC(=CN4C)NC(=O)NC5=CN(C(=C5)C(=O)NC6=CN(C(=C6)C(=O)NC7=CC8=C(C=C(C=C8C=C7)S(=O)(=O)O)S(=O)(=O)O)C)C
PNU-159548,,,,,,,,,,,,2.95,CC1C(C(CC(O1)OC2CC(CC3=C2C(=C4C(=C3O)C(=O)C5=CC=CC=C5C4=O)O)(C(=O)C)O)N6CC6)OS(=O)(=O)C
PNU-179397,,-4.3099999,,,,,,,,,,,
PNU-179399,,-5.8880281,,,,,,,,,,,
PNU-179450,,-4.4308991,,,,,,,,,,,
PNU-179962,,-5.250906,,,,,,,,,,,
PNU-182347,,-4.8219547,,,,,,,,,,,
PNU-182945,,-4.769775900000001,,,,,,,,,,,
PNU-184147,,-4.7423639,,,,,,,,,,,
PNU-184148,,-4.4308991,,,,,,,,,,,
PNU-184249,,-4.4579659000000005,,,,,,,,,,,
PNU-184421,,-4.3783755,,,,,,,,,,,
PNU-184435,,-5.338621099999999,,,,,,,,,,,
PNU-184470,,-4.6391363,,,,,,,,,,,
PNU-241028,,-5.619894,,,,,,,,,,,
PNU-93936A,,-4.29,,,,,,,,,,,
PNU200001,,-6.6999998,,,,,,,,,,,
PNU200603,,-6.4699998,,,,,,,,,,,
PNU200647,,-4.6500001,,,,,,,,,,,
PNU200648,,-7.048939450000001,,,,,,,,,,,
PNU200681,,-6.6994848,,,,,,,,,,,
PNU200969,,-6.15122555,,,,,,,,,,,
PR-104,,,,,,,,,,,,0.86,CS(=O)(=O)OCCN(CCBr)C1=C(C=C(C=C1[N+](=O)[O-])[N+](=O)[O-])C(=O)NCCOP(=O)(O)O
Paclitaxel,,,,,,,,,,,,3.0,CC1=C2C(C(=O)C3(C(CC4C(C3C(C(C2(C)C)(CC1OC(=O)C(C(C5=CC=CC=C5)NC(=O)C6=CC=CC=C6)O)O)OC(=O)C7=CC=CC=C7)(CO4)OC(=O)C)O)C)OC(=O)C
Paeoniflorin,,,,,,,,,,,,0.22,CC12CC3(C4CC1(C4(C(O2)O3)COC(=O)C5=CC=CC=C5)OC6C(C(C(C(O6)CO)O)O)O)O
Palonosetron,,,,,,,,,,,,6.3,C1CC2CN(C(=O)C3=CC=CC(=C23)C1)C4CN5CCC4CC5
Pamidronic acid (Pamidronate),,,,,,,,,,,,1.8,
Pancopride,,,,,,,,,,,,3.9,C1CC1COC2=CC(=C(C=C2C(=O)NC3CN4CCC3CC4)Cl)N
Pancuronium,0.0,,,,,,,,,,,0.2,CC(=O)OC1CC2CCC3C(C2(CC1[N+]4(CCCCC4)C)C)CCC5(C3CC(C5OC(=O)C)[N+]6(CCCCC6)C)C
Panipenem,,,,,,,,,,,,0.19,CC(C1C2CC(=C(N2C1=O)C(=O)O)SC3CCN(C3)C(=N)C)O
Pantoprazole,1.0,,,,,,,,,,,0.17,COC1=C(C(=NC=C1)CS(=O)C2=NC3=C(N2)C=C(C=C3)OC(F)F)OC
Papaverine,1.0,,,,,,,,,,,1.0,COC1=C(C=C(C=C1)CC2=NC=CC3=CC(=C(C=C32)OC)OC)OC
Paraoxon,,-4.6900001,,,,,,,,,,,CCOP(=O)(OCC)OC1=CC=C(C=C1)[N+](=O)[O-]
Paricalcitol,,,,,,,,,,,,0.41,CC(C=CC(C)C(C)(C)O)C1CCC2C1(CCCC2=CC=C3CC(CC(C3)O)O)C
Paromomycin,0.0,,,,,,,,,,,,C1C(C(C(C(C1N)OC2C(C(C(C(O2)CO)O)O)N)OC3C(C(C(O3)CO)OC4C(C(C(C(O4)CN)O)O)N)O)O)N
Paroxetine,1.0,,,,,,,,,,,18.0,C1CNCC(C1C2=CC=C(C=C2)F)COC3=CC4=C(C=C3)OCO4
Patupilone,,,,,,,,,,,,14.4,CC1CCCC2(C(O2)CC(OC(=O)CC(C(C(=O)C(C1O)C)(C)C)O)C(=CC3=CSC(=N3)C)C)C
Pazopanib,,,,,,,,,,,,0.16,CC1=C(C=C(C=C1)NC2=NC=CC(=N2)N(C)C3=CC4=NN(C(=C4C=C3)C)C)S(=O)(=O)N
Pazufloxacin,,,,,,,,,,,,0.68,CC1COC2=C3N1C=C(C(=O)C3=CC(=C2C4(CC4)N)F)C(=O)O
Pedelsine,,,,,,,,,,,,1.2,
Pefloxacin,1.0,,,,,,,,,,,1.5,CCN1C=C(C(=O)C2=CC(=C(C=C21)N3CCN(CC3)C)F)C(=O)O
Pelrinone,,,,,,,,,,,,0.39,CC1=NC(=C(C(=O)N1)C#N)NCC2=CN=CC=C2
Pemetrexed,,,,,,,,,,,,0.15,C1=CC(=CC=C1CCC2=CNC3=C2C(=O)NC(=N3)N)C(=O)NC(CCC(=O)O)C(=O)O
Penbutolol,1.0,,,,,,,,,,,,CC(C)(C)NCC(COC1=CC=CC=C1C2CCCC2)O
Penciclovir,1.0,,,,,,,,,,,1.1,C1=NC2=C(N1CCC(CO)CO)N=C(NC2=O)N
Penclomedine,1.0,,,,,,,,,,,9.1,COC1=C(C(=NC(=C1Cl)OC)C(Cl)(Cl)Cl)Cl
Penicillamine,1.0,,,,,,,,,,,,CC(C)(C(C(=O)O)N)S
Penicillin G,,-5.8697934,,,,,,,,,,0.24,CC1(C(N2C(S1)C(C2=O)NC(=O)CC3=CC=CC=C3)C(=O)O)C
"Pentadeca-(8Z,13Z)dien-11-yn-2-one (5)",,-5.0,,,,,,,,,,,
Pentamidine,0.0,,,,,,,,,,,53.0,C1=CC(=CC=C1C(=N)N)OCCCCCOC2=CC=C(C=C2)C(=N)N
Pentazocine,0.0,,,,,,,,,,,3.4,CC1C2CC3=C(C1(CCN2CC=C(C)C)C)C=C(C=C3)O
Pentobarbital,1.0,,,,,,,,,,,0.91,CCCC(C)C1(C(=O)NC(=O)NC1=O)CC
Pentostatin,,,,,,,,,,,,0.59,C1C(C(OC1N2C=NC3=C2NC=NCC3O)CO)O
Pentoxifylline,1.0,-4.1799998,,,,,,,,,,1.8,CC(=O)CCCCN1C(=O)C2=C(N=CN2C)N(C1=O)C
Pergolide,1.0,,,,,,,,,,,,CCCN1CC(CC2C1CC3=CNC4=CC=CC2=C34)CSC
Perindopril,1.0,,,,,,,,,,,,CCCC(C(=O)OCC)NC(C)C(=O)N1C2CCCCC2CC1C(=O)O
Perindoprilat,,,,,,,,,,,,0.76,CCCC(C(=O)O)NC(C)C(=O)N1C2CCCCC2CC1C(=O)O
Perphenazine,1.0,,,,,,,,,,,18.0,C1CN(CCN1CCCN2C3=CC=CC=C3SC4=C2C=C(C=C4)Cl)CCO
Phenacetin,1.0,,,,,,,,,,,1.4,CCOC1=CC=C(C=C1)NC(=O)C
Phenazepam,,,,,,,,,,,,6.23,C1C(=O)NC2=C(C=C(C=C2)Br)C(=N1)C3=CC=CC=C3Cl
Phencyclidine,1.0,,,,,,,,,,,6.9,C1CCC(CC1)(C2=CC=CC=C2)N3CCCCC3
Phencyclidine (PCP),,-4.48,,,,,,,,,,,
Phenethicillin,,,,,,,,,,,,0.3,CC(C(=O)NC1C2N(C1=O)C(C(S2)(C)C)C(=O)O)OC3=CC=CC=C3
Phenindione,1.0,,,,,,,,,,,,C1=CC=C(C=C1)C2C(=O)C3=CC=CC=C3C2=O
Pheniramine,1.0,,,,,,,,,,,,CN(C)CCC(C1=CC=CC=C1)C2=CC=CC=N2
Phenobarbital,1.0,-4.630000099999998,,,,,,,,,,0.54,CCC1(C(=O)NC(=O)NC1=O)C2=CC=CC=C2
Phenoperidine,0.0,,,,,,,,,,,,CCOC(=O)C1(CCN(CC1)CCC(C2=CC=CC=C2)O)C3=CC=CC=C3
Phenoxymethylpenicillin,,,,,,,,,,,,0.41,CC1(C(N2C(S1)C(C2=O)NC(=O)COC3=CC=CC=C3)C(=O)O)C
Phenprocoumon,,,,,,,,,,,,0.2,CCC(C1=CC=CC=C1)C2=C(C3=CC=CC=C3OC2=O)O
Phenylbutazone,1.0,,,,,,,,,,,,CCCCC1C(=O)N(N(C1=O)C2=CC=CC=C2)C3=CC=CC=C3
Phenylephrine,1.0,,,,,,,,,,,,CNCC(C1=CC(=CC=C1)O)O
Phenylpropanolamine,1.0,,,,,,,,,,,,CC(C(C1=CC=CC=C1)O)N
Phenytoin,1.0,,,,,,,,,,,,C1=CC=C(C=C1)C2(C(=O)NC(=O)N2)C3=CC=CC=C3
Phylloquinone,,,,,,,,,,,,0.32,CC1=C(C(=O)C2=CC=CC=C2C1=O)CC=C(C)CCCC(C)CCCC(C)CCCC(C)C
Physostigmine,0.0,,,,,,,,,,,,CC12CCN(C1N(C3=C2C=C(C=C3)OC(=O)NC)C)C
Picumast,,,,,,,,,,,,1.3,CC1=C(C(=O)OC2=C1C=CC(=C2)OCCCN3CCN(CC3)CC4=CC=C(C=C4)Cl)C
Pidotimod,,,,,,,,,,,,0.31,C1CC(=O)NC1C(=O)N2CSCC2C(=O)O
Pimobendan,,,,,,,,,,,,2.0,CC1CC(=O)NN=C1C2=CC3=C(C=C2)N=C(N3)C4=CC=C(C=C4)OC
Pimozide,1.0,,,,,,,,,,,,C1CN(CCC1N2C3=CC=CC=C3NC2=O)CCCC(C4=CC=C(C=C4)F)C5=CC=C(C=C5)F
Pinacidil,,,,,,,,,,,,1.1,CC(C(C)(C)C)N=C(NC#N)NC1=CC=NC=C1.O
Pindolol,1.0,,,,,,,,,,,1.2,CC(C)NCC(COC1=CC=CC2=C1C=CN2)O
Pinocembrin,,,,,,,,,,,,0.8,C1C(OC2=CC(=CC(=C2C1=O)O)O)C3=CC=CC=C3
Pioglitazone,1.0,,,,,,,,,,,,CCC1=CN=C(C=C1)CCOC2=CC=C(C=C2)CC3C(=O)NC(=O)S3
Pipecuronium,,,,,,,,,,,,0.35,CC(=O)OC1CC2CCC3C(C2(CC1N4CC[N+](CC4)(C)C)C)CCC5(C3CC(C5OC(=O)C)N6CC[N+](CC6)(C)C)C
Pipemidic acid,,,,,,,,,,,,0.88,CCN1C=C(C(=O)C2=CN=C(N=C21)N3CCNCC3)C(=O)O
Piperacillin,,,,,,,,,,,,0.27,CCN1CCN(C(=O)C1=O)C(=O)NC(C2=CC=CC=C2)C(=O)NC3C4N(C3=O)C(C(S4)(C)C)C(=O)O
Piperphentonamine,,,,,,,,,,,,2.13,CN(CCC1=CC2=C(C=C1)OCO2)CCC(=O)C=CC3=CC=C(C=C3)O
Pipotiazine,1.0,,,,,,,,,,,,CN(C)S(=O)(=O)C1=CC2=C(C=C1)SC3=CC=CC=C3N2CCCN4CCC(CC4)CCO
Pirarubicin,,,,,,,,,,,,43.2,CC1C(C(CC(O1)OC2CC(CC3=C2C(=C4C(=C3O)C(=O)C5=C(C4=O)C(=CC=C5)OC)O)(C(=O)CO)O)N)OC6CCCCO6
Pirenzepine,0.0,,,,,,,,,,,1.71,CN1CCN(CC1)CC(=O)N2C3=CC=CC=C3C(=O)NC4=C2N=CC=C4
Piretanide,1.0,,,,,,,,,,,0.17,C1CCN(C1)C2=C(C(=CC(=C2)C(=O)O)S(=O)(=O)N)OC3=CC=CC=C3
Piritramide,,,,,,,,,,,,4.7,C1CCN(CC1)C2(CCN(CC2)CCC(C#N)(C3=CC=CC=C3)C4=CC=CC=C4)C(=O)N
Piritrexim,1.0,,,,,,,,,,,,CC1=C2C(=NC(=NC2=NC=C1CC3=C(C=CC(=C3)OC)OC)N)N
Pirmenol,,,,,,,,,,,,1.4,CC1CCCC(N1CCCC(C2=CC=CC=C2)(C3=CC=CC=N3)O)C
Piroxicam,1.0,-4.4490995,,,,,,,,,,,CN1C(=C(C2=CC=CC=C2S1(=O)=O)O)C(=O)NC3=CC=CC=N3
Piroximone,,,,,,,,,,,,0.65,CCC1=C(NC(=O)N1)C(=O)C2=CC=NC=C2
Pitavastatin,,,,,,,,,,,,0.9,C1CC1C2=NC3=CC=CC=C3C(=C2C=CC(CC(CC(=O)O)O)O)C4=CC=C(C=C4)F
Pixantrone,,,,,,,,,,,,10.1,C1=CC(=C2C(=C1NCCN)C(=O)C3=C(C2=O)C=NC=C3)NCCN
Plazomicin,,,,,,,,,,,,0.22,CC1(COC(C(C1NC)O)OC2C(CC(C(C2O)OC3C(CC=C(O3)CNCCO)N)N)NC(=O)C(CCN)O)O
Plinabulin,,,,,,,,,,,,3.0,CC(C)(C)C1=C(N=CN1)C=C2C(=O)NC(=CC3=CC=CC=C3)C(=O)N2
PoA 2-methyl ether (16),,-4.6999998,,,,,,,,,,,
PoA 22-methyl ether (18),,-4.579999900000002,,,,,,,,,,,
PoA 3.22-dimethyl ether (20),,-4.5380535,,,,,,,,,,,
Ponasterone A (26),,-4.7199998,,,,,,,,,,,
Posaconazole,,,,,,,,,,,,3.8,CCC(C(C)O)N1C(=O)N(C=N1)C2=CC=C(C=C2)N3CCN(CC3)C4=CC=C(C=C4)OCC5CC(OC5)(CN6C=NC=N6)C7=C(C=C(C=C7)F)F
Practolol,1.0,,,,,,,,,,,,CC(C)NCC(COC1=CC=C(C=C1)NC(=O)C)O
Pralatrexate (R),,,,,,,,,,,,0.53,
Pralatrexate (S),,,,,,,,,,,,1.5,
Pralidoxime,,,,,,,,,,,,0.8,C[N+]1=CC=CC=C1C=NO
Pramipexole,1.0,,,,,,,,,,,7.0,CCCNC1CCC2=C(C1)SC(=N2)N
Pranoprofen; pyranoprofen,,-4.3899999,,,,,,,,,,,
Pravastatin,0.0,-5.869999900000002,,,,,,,,,,0.46,CCC(C)C(=O)OC1CC(C=C2C1C(C(C=C2)C)CCC(CC(CC(=O)O)O)O)O
Praziquantel,0.0,,,,,,,,,,,,C1CCC(CC1)C(=O)N2CC3C4=CC=CC=C4CCN3C(=O)C2
Prazocin,,-4.8899999,,,,,,,,,,,COC1=C(C=C2C(=C1)C(=NC(=N2)N3CCN(CC3)C(=O)C4=CC=CO4)N)OC
Prazosin,1.0,,,,,,,,,,,0.73,COC1=C(C=C2C(=C1)C(=NC(=N2)N3CCN(CC3)C(=O)C4=CC=CO4)N)OC
Prednisolone,1.0,-5.369999900000002,,,,,,,,,,0.86,CC12CC(C3C(C1CCC2(C(=O)CO)O)CCC4=CC(=O)C=CC34C)O
Prednisone,,,,,,,,,,,,0.57,CC12CC(=O)C3C(C1CCC2(C(=O)CO)O)CCC4=CC(=O)C=CC34C
Prenalterol,1.0,,,,,,,,,,,4.28,CC(C)NCC(COC1=CC=C(C=C1)O)O
Prilocaine,,,,,,,,,,,,3.7,CCCNC(C)C(=O)NC1=CC=CC=C1C
Primaquine,1.0,,,,,,,,,,,4.0,CC(CCCN)NC1=C2C(=CC(=C1)OC)C=CC=N2
Primidone,1.0,,,,,,,,,,,,CCC1(C(=O)NCNC1=O)C2=CC=CC=C2
Probenecid,1.0,,,,,,,,,,,0.13,CCCN(CCC)S(=O)(=O)C1=CC=C(C=C1)C(=O)O
Probucol,0.0,,,,,,,,,,,,CC(C)(C)C1=CC(=CC(=C1O)C(C)(C)C)SC(C)(C)SC2=CC(=C(C(=C2)C(C)(C)C)O)C(C)(C)C
Procainamide,1.0,,,,,,,,,,,2.2,CCN(CC)CCNC(=O)C1=CC=C(C=C1)N
Prochlorperazine,0.0,,,,,,,,,,,22.0,CN1CCN(CC1)CCCN2C3=CC=CC=C3SC4=C2C=C(C=C4)Cl
Procyclidine,1.0,,,,,,,,,,,0.74,C1CCC(CC1)C(CCN2CCCC2)(C3=CC=CC=C3)O
Progesterone,1.0,,,,,,,,,,,,CC(=O)C1CCC2C1(CCC3C2CCC4=CC(=O)CCC34C)C
Promazine,,-4.380000099999998,,,,,,,,,,8.1,CN(C)CCCN1C2=CC=CC=C2SC3=CC=CC=C31
Promethazine,1.0,-3.7777722,,,,,,,,,,14.0,CC(CN1C2=CC=CC=C2SC3=CC=CC=C31)N(C)C
Propafenone,0.0,,,,,,,,,,,2.2,CCCNCC(COC1=CC=CC=C1C(=O)CCC2=CC=CC=C2)O
Propiomazine,1.0,,,,,,,,,,,,CCC(=O)C1=CC2=C(C=C1)SC3=CC=CC=C3N2CC(C)N(C)C
Propionyl-L-carnitine,,,,,,,,,,,,0.3,CCC(=O)OC(CC(=O)[O-])C[N+](C)(C)C
Propiverine,,,,,,,,,,,,2.73,CCCOC(C1=CC=CC=C1)(C2=CC=CC=C2)C(=O)OC3CCN(CC3)C
Propofol,,,,,,,,,,,,4.7,CC(C)C1=C(C(=CC=C1)C(C)C)O
Propoxyphene,,,,,,,,,,,,12.0,CCC(=O)OC(CC1=CC=CC=C1)(C2=CC=CC=C2)C(C)CN(C)C
Propranolol,1.0,,,,,,,,,,,3.1,CC(C)NCC(COC1=CC=CC2=CC=CC=C21)O
Propranolol ester,,-4.1608586,,,,,,,,,,,
Propylparaben,,-4.3899999,,,,,,,,,,,CCCOC(=O)C1=CC=C(C=C1)O
Propylthiouracil,1.0,,,,,,,,,,,0.34,CCCC1=CC(=O)NC(=S)N1
Proquazone,0.0,,,,,,,,,,,0.52,CC1=CC2=C(C=C1)C(=NC(=O)N2C(C)C)C3=CC=CC=C3
Proscillaridin,0.0,-6.2299852,,,,,,,,,,,CC1C(C(C(C(O1)OC2CCC3(C4CCC5(C(CCC5(C4CCC3=C2)O)C6=COC(=O)C=C6)C)C)O)O)O
Protriptyline,1.0,,,,,,,,,,,,CNCCCC1C2=CC=CC=C2C=CC3=CC=CC=C13
Proxyphylline,1.0,,,,,,,,,,,,CC(CN1C=NC2=C1C(=O)N(C(=O)N2C)C)O
Pseudoephedrine,1.0,,,,,,,,,,,,CC(C(C1=CC=CC=C1)O)NC
Pseudohypericin,,,,,,,,,,,,0.56,CC1=CC(=O)C2=C(C3=C(C=C(C4=C3C5=C2C1=C6C(=CC(=O)C7=C(C8=C(C=C(C4=C8C5=C67)O)O)O)CO)O)O)O
Pseudostrychnine (Psd),,-4.6001629999999984,,,,,,,,,,,
Puerarin (34),,-6.3989701,,,,,,,,,,,
Putrescine,,-4.5179658,,,,,,,,,,,C(CCN)CN
Pyr-His-Pro-NH2 (TRH),,-6.8313413,,,,,,,,,,,
Pyridostigmine,0.0,,,,,,,,,,,1.1,C[N+]1=CC=CC(=C1)OC(=O)N(C)C
Pyrilamine Maleate,,-4.6599998,,,,,,,,,,,CN(C)CCN(CC1=CC=C(C=C1)OC)C2=CC=CC=N2.C(=CC(=O)O)C(=O)O
Pyrimethamine,1.0,-4.23,,,,,,,,,,0.43,CCC1=C(C(=NC(=N1)N)N)C2=CC=C(C=C2)Cl
Quercetin,,,,,,,,,,,,0.12,C1=CC(=C(C=C1C2=C(C(=O)C3=C(C=C(C=C3O2)O)O)O)O)O
"Quercetin 3,4'-diglucoside",,-7.0478787,,,,,,,,,,,C1=CC(=C(C=C1C2=C(C(=O)C3=C(C=C(C=C3O2)O)O)OC4C(C(C(C(O4)CO)O)O)O)O)OC5C(C(C(C(O5)CO)O)O)O
Quercitrin (21),,-6.0999999,,,,,,,,,,,
Quetiapine,1.0,,,,,,,,,,,,C1CN(CCN1CCOCCO)C2=NC3=CC=CC=C3SC4=CC=CC=C42
Quinacrine,,,,,,,,,,,,45.0,CCN(CC)CCCC(C)NC1=C2C=C(C=CC2=NC3=C1C=CC(=C3)Cl)OC
Quinapril,1.0,,,,,,,,,,,,CCOC(=O)C(CCC1=CC=CC=C1)NC(C)C(=O)N2CC3=CC=CC=C3CC2C(=O)O
Quinaprilat,,,,,,,,,,,,0.13,CC(C(=O)N1CC2=CC=CC=C2CC1C(=O)O)NC(CCC3=CC=CC=C3)C(=O)O
Quinidine,1.0,-4.6799998,,,,,,,,,,2.9,COC1=CC2=C(C=CN=C2C=C1)C(C3CC4CCN3CC4C=C)O
Quinine,1.0,,,,,,,,,,,1.8,COC1=CC2=C(C=CN=C2C=C1)C(C3CC4CCN3CC4C=C)O
Quinupristin,,,,,,,,,,,,0.67,CCC1C(=O)N2CCCC2C(=O)N(C(C(=O)N3CC(C(=O)CC3C(=O)NC(C(=O)OC(C(C(=O)N1)NC(=O)C4=C(C=CC=N4)O)C)C5=CC=CC=C5)CSC6CN7CCC6CC7)CC8=CC=C(C=C8)N(C)C)C
R 82913,,,,,,,,,,,,21.98,CC1CN2C3=C(CN1CC=C(C)C)C=C(C=C3NC2=S)Cl
R-Apomorphine,,,,,,,,,,,,1.6,
RGB-286638,,,,,,,,,,,,5.9,COCCN1CCN(CC1)CC2=CC=C(C=C2)C3=NNC4=C3C(=O)C5=C4C=CC=C5NC(=O)NN6CCOCC6.Cl.Cl
RO0270608,,,,,,,,,,,,0.3,CC1=C(C(=CC=C1)Cl)C(=O)NC(CC2=CC=C(C=C2)NC(=O)C3=C(C=NC=C3Cl)Cl)C(=O)O
RPR 109881A,,,,,,,,,,,,12.0,CC1=C2C(C(=O)C34CC3CC5C(C4C(C(C2(C)C)(CC1OC(=O)C(C(C6=CC=CC=C6)NC(=O)OC(C)(C)C)O)O)OC(=O)C7=CC=CC=C7)(CO5)OC(=O)C)OC(=O)C
RSD921,,,,,,,,,,,,1.1,
Rabeprazole,1.0,,,,,,,,,,,0.22,CC1=C(C=CN=C1CS(=O)C2=NC3=CC=CC=C3N2)OCCCOC
Raclopride,,,,,,,,,,,,1.1,CCN1CCCC1CNC(=O)C2=C(C(=CC(=C2OC)Cl)Cl)O
Raloxifene,0.0,,,,,,,,,,,7.5,C1CCN(CC1)CCOC2=CC=C(C=C2)C(=O)C3=C(SC4=C3C=CC(=C4)O)C5=CC=C(C=C5)O
Raloxifene HCl,,-5.7227535000000005,,,,,,,,,,,C1CCN(CC1)CCOC2=CC=C(C=C2)C(=O)C3=C(SC4=C3C=CC(=C4)O)C5=CC=C(C=C5)O.Cl
Raltitrexed,,,,,,,,,,,,6.57,CC1=NC2=C(C=C(C=C2)CN(C)C3=CC=C(S3)C(=O)NC(CCC(=O)O)C(=O)O)C(=O)N1
Ramelteon,,,,,,,,,,,,1.05,CCC(=O)NCCC1CCC2=C1C3=C(C=C2)OCC3
Ramipril,1.0,,,,,,,,,,,,CCOC(=O)C(CCC1=CC=CC=C1)NC(C)C(=O)N2C3CCCC3CC2C(=O)O
Ranitidine,1.0,,,,,,,,,,,1.2,CNC(=C[N+](=O)[O-])NCCSCC1=CC=C(O1)CN(C)C
Ranolazine,,,,,,,,,,,,1.2,CC1=C(C(=CC=C1)C)NC(=O)CN2CCN(CC2)CC(COC3=CC=CC=C3OC)O
Rebaudioside A,,-6.9593034,,,,,,,,,,,CC12CCCC(C1CCC34C2CCC(C3)(C(=C)C4)OC5C(C(C(C(O5)CO)O)OC6C(C(C(C(O6)CO)O)O)O)OC7C(C(C(C(O7)CO)O)O)O)(C)C(=O)OC8C(C(C(C(O8)CO)O)O)O
Reboxetine,1.0,,,,,,,,,,,0.65,CCOC1=CC=CC=C1OC(C2CNCCO2)C3=CC=CC=C3
Recainam,,,,,,,,,,,,1.4,CC1=C(C(=CC=C1)C)NC(=O)NCCCNC(C)C
Regadenoson,,,,,,,,,,,,0.94,CNC(=O)C1=CN(N=C1)C2=NC(=C3C(=N2)N(C=N3)C4C(C(C(O4)CO)O)O)N
Remifentanil,,,,,,,,,,,,0.4,CCC(=O)N(C1=CC=CC=C1)C2(CCN(CC2)CCC(=O)OC)C(=O)OC
Remikiren,,,,,,,,,,,,0.77,CC(C)(C)S(=O)(=O)CC(CC1=CC=CC=C1)C(=O)NC(CC2=CN=CN2)C(=O)NC(CC3CCCCC3)C(C(C4CC4)O)O
Remikiren (Ro 42-5892),,-6.1300907,,,,,,,,,,,
Remimazolam,,,,,,,,,,,,0.44,CC1=CN=C2N1C3=C(C=C(C=C3)Br)C(=NC2CCC(=O)OC)C4=CC=CC=N4
Remoxipride,,,,,,,,,,,,0.65,CCN1CCCC1CNC(=O)C2=C(C=CC(=C2OC)Br)OC
Repaglinide,1.0,,,,,,,,,,,0.35,CCOC1=C(C=CC(=C1)CC(=O)NC(CC(C)C)C2=CC=CC=C2N3CCCCC3)C(=O)O
Repinotan,,,,,,,,,,,,0.21,C1CC2=CC=CC=C2OC1CNCCCCN3C(=O)C4=CC=CC=C4S3(=O)=O
Reserpine,1.0,-5.369999900000002,,,,,,,,,,,COC1C(CC2CN3CCC4=C(C3CC2C1C(=O)OC)NC5=C4C=CC(=C5)OC)OC(=O)C6=CC(=C(C(=C6)OC)OC)OC
Rhodamine 123 (Rho 123),,-5.9411516,,,,,,,,,,,
Ribavirin,1.0,,,,,,,,,,,14.0,C1=NC(=NN1C2C(C(C(O2)CO)O)O)C(=O)N
Ribostamycin,,,,,,,,,,,,0.25,C1C(C(C(C(C1N)OC2C(C(C(C(O2)CN)O)O)N)OC3C(C(C(O3)CO)O)O)O)N
Ridogrel,,,,,,,,,,,,0.43,C1=CC(=CC(=C1)C(F)(F)F)C(=NOCCCCC(=O)O)C2=CN=CC=C2
Rifabutin,0.0,,,,,,,,,,,9.3,CC1C=CC=C(C(=O)NC2=C(C3=C(C4=C(C(=C3O)C)OC(C4=O)(OC=CC(C(C(C(C(C(C1O)C)O)C)OC(=O)C)C)OC)C)C5=NC6(CCN(CC6)CC(C)C)N=C25)O)C
Rifampicin,,-5.399786,,,,,,,,,,,CC1C=CC=C(C(=O)NC2=C(C(=C3C(=C2O)C(=C(C4=C3C(=O)C(O4)(OC=CC(C(C(C(C(C(C1O)C)O)C)OC(=O)C)C)OC)C)C)O)O)C=NN5CCN(CC5)C)C
Rifampin,,,,,,,,,,,,0.97,CC1C=CC=C(C(=O)NC2=C(C(=C3C(=C2O)C(=C(C4=C3C(=O)C(O4)(OC=CC(C(C(C(C(C(C1O)C)O)C)OC(=O)C)C)OC)C)C)O)O)C=NN5CCN(CC5)C)C
Rigosertib,,,,,,,,,,,,0.11,COC1=C(C=C(C=C1)CS(=O)(=O)C=CC2=C(C=C(C=C2OC)OC)OC)NCC(=O)O
Riluzole,1.0,,,,,,,,,,,3.5,C1=CC2=C(C=C1OC(F)(F)F)SC(=N2)N
Risedronic acid (Risedronate),,,,,,,,,,,,6.3,
Risperidone,1.0,,,,,,,,,,,1.1,CC1=C(C(=O)N2CCCCC2=N1)CCN3CCC(CC3)C4=NOC5=C4C=CC(=C5)F
Ritanserin,,,,,,,,,,,,1.41,CC1=C(C(=O)N2C=CSC2=N1)CCN3CCC(=C(C4=CC=C(C=C4)F)C5=CC=C(C=C5)F)CC3
Ritipenem,,,,,,,,,,,,0.24,CC(C1C2N(C1=O)C(=C(S2)COC(=O)N)C(=O)O)O
Ritodrine,1.0,,,,,,,,,,,4.4,CC(C(C1=CC=C(C=C1)O)O)NCCC2=CC=C(C=C2)O
Ritonavir,1.0,,,,,,,,,,,,CC(C)C1=NC(=CS1)CN(C)C(=O)NC(C(C)C)C(=O)NC(CC2=CC=CC=C2)CC(C(CC3=CC=CC=C3)NC(=O)OCC4=CN=CS4)O
Rivaroxaban,,,,,,,,,,,,0.7,C1COCC(=O)N1C2=CC=C(C=C2)N3CC(OC3=O)CNC(=O)C4=CC=C(S4)Cl
Rivastigmine,1.0,,,,,,,,,,,1.3,CCN(C)C(=O)OC1=CC=CC(=C1)C(C)N(C)C
Rivulobirin A,,-4.48,,,,,,,,,,,CC(=C)C(COC1=C2C(=CC3=C1OC=C3)C=CC(=O)O2)OC(C)(C)C(COC4=C5C(=CC6=C4OC=C6)C=CC(=O)O5)O
Rizatriptan,1.0,,,,,,,,,,,1.9,CN(C)CCC1=CNC2=C1C=C(C=C2)CN3C=NC=N3
Ro25-6833,,,,,,,,,,,,0.11,C1CN(C(=O)C1=CC2=C(N3C(C(C3=O)NC(=O)C(=NO)C4=CSC(=N4)N)SC2)C(=O)O)CC(F)(F)F
Rocuronium,,,,,,,,,,,,0.21,CC(=O)OC1C(CC2C1(CCC3C2CCC4C3(CC(C(C4)O)N5CCOCC5)C)C)[N+]6(CCCC6)CC=C
Rofecoxib,1.0,-4.619999900000002,,,,,,,,,,1.3,CS(=O)(=O)C1=CC=C(C=C1)C2=C(C(=O)OC2)C3=CC=CC=C3
Roflumilast,,,,,,,,,,,,1.92,C1CC1COC2=C(C=CC(=C2)C(=O)NC3=C(C=NC=C3Cl)Cl)OC(F)F
Rolipram,1.0,,,,,,,,,,,0.67,COC1=C(C=C(C=C1)C2CC(=O)NC2)OC3CCCC3
Rolitetracycline,,,,,,,,,,,,0.54,CC1(C2CC3C(C(=O)C(=C(C3(C(=O)C2=C(C4=C1C=CC=C4O)O)O)O)C(=O)NCN5CCCC5)N(C)C)O
Rolofylline,,,,,,,,,,,,4.3,CCCN1C2=C(C(=O)N(C1=O)CCC)NC(=N2)C34CC5CC(C3)CC4C5
Romidepsin,,,,,,,,,,,,1.2,CC=C1C(=O)NC(C(=O)OC2CC(=O)NC(C(=O)NC(CSSCCC=C2)C(=O)N1)C(C)C)C(C)C
Ropinirole,1.0,,,,,,,,,,,7.7,CCCN(CCC)CCC1=C2CC(=O)NC2=CC=C1
Ropivacaine,,,,,,,,,,,,0.75,CCCN1CCCCC1C(=O)NC2=C(C=CC=C2C)C
Roquinimex,,,,,,,,,,,,0.21,CN1C2=CC=CC=C2C(=C(C1=O)C(=O)N(C)C3=CC=CC=C3)O
Rosaramicin,,,,,,,,,,,,2.83,CCC1C(C2C(O2)(C=CC(=O)C(CC(C(C(C(CC(=O)O1)O)C)OC3C(C(CC(O3)C)N(C)C)O)CC=O)C)C)C
Rosiglitazone,1.0,,,,,,,,,,,0.2,CN(CCOC1=CC=C(C=C1)CC2C(=O)NC(=O)S2)C3=CC=CC=N3
Rosuvastatin,0.0,,,,,,,,,,,1.7,CC(C)C1=NC(=NC(=C1C=CC(CC(CC(=O)O)O)O)C2=CC=C(C=C2)F)N(C)S(=O)(=O)C
Rotigotine,,,,,,,,,,,,5.7,CCCN(CCC1=CC=CS1)C2CCC3=C(C2)C=CC=C3O
Roxithromycin,1.0,-5.7397189000000015,,,,,,,,,,,CCC1C(C(C(C(=NOCOCCOC)C(CC(C(C(C(C(C(=O)O1)C)OC2CC(C(C(O2)C)O)(C)OC)C)OC3C(C(CC(O3)C)N(C)C)O)(C)O)C)C)O)(C)O
Rutaecarpine (RCP),,-5.0582528,,,,,,,,,,,
S 12363,,,,,,,,,,,,4.67,CCC1(CC2CC(C3=C(CCN(C2)C1)C4=CC=CC=C4N3)(C5=C(C=C6C(=C5)C78CCN9C7C(C=CC9)(C(C(C8N6C)(C(=O)NC(C(C)C)P(=O)(OCC)OCC)O)O)CC)OC)C(=O)OC)O.OS(=O)(=O)O
S-0139,,,,,,,,,,,,1.45,CC1(CCC2(CCC3(C(=CCC4C3(CCC5C4(CCC(=O)C5(C)C)C)C)C2C1)COC(=O)C=CC6=C(C=CC(=C6)[O-])NC(=O)C=CC(=O)O)C(=O)[O-])C.[Na+].[Na+]
S-6j,,-4.7544875,,,,,,,,,,,
S-nitrosylated captopril (CapNO),,-4.5,,,,,,,,,,,
S1,,-5.0300002,,,,,,,,,,,
S2,,-5.29,,,,,,,,,,,S=S
SACV,,-5.329999900000002,,,,,,,,,,,
SB209670,,-5.23,,,,,,,,,,,CCCOC1=CC2=C(C=C1)C(C(C2C3=C(C=C(C=C3)OC)OCC(=O)O)C(=O)O)C4=CC5=C(C=C4)OCO5
SB639,,-5.5207167,,,,,,,,,,,
SDZ-RAD,,-4.630000099999998,,,,,,,,,,,CC1CCC2CC(C(=CC=CC=CC(CC(C(=O)C(C(C(=CC(C(=O)CC(OC(=O)C3CCCCN3C(=O)C(=O)C1(O2)O)C(C)CC4CCC(C(C4)OC)OCCO)C)C)O)OC)C)C)C)OC
SNS-032,,,,,,,,,,,,5.14,CC(C)(C)C1=CN=C(O1)CSC2=CN=C(S2)NC(=O)C3CCNCC3
SR 271425,,,,,,,,,,,,1.01,CCN(CC)CCNC1=C2C(=C(C=C1)CNC=O)SC3=C(C2=O)C=C(C=C3)OC
SR 4554,,,,,,,,,,,,0.69,C1=CN(C(=N1)[N+](=O)[O-])CC(=O)NCC(C(F)(F)F)O
Sabeluzole,,,,,,,,,,,,5.5,CN(C1CCN(CC1)CC(COC2=CC=C(C=C2)F)O)C3=NC4=CC=CC=C4S3
Saccharin,1.0,,,,,,,,,,,,C1=CC=C2C(=C1)C(=O)NS2(=O)=O
Salvianolic acid A (SAA),,-7.2277412,,,,,,,,,,,
Salvianolic acid D (SAD),,-7.179570699999998,,,,,,,,,,,
Saquinavir,0.0,-6.2800002,,,,,,,,,,3.6,CC(C)(C)NC(=O)C1CC2CCCCC2CN1CC(C(CC3=CC=CC=C3)NC(=O)C(CC(=O)N)NC(=O)C4=NC5=CC=CC=C5C=C4)O
SarCNU,,,,,,,,,,,,0.76,CN(CC(=O)N)C(=O)N(CCCl)N=O
Sardomozide,,,,,,,,,,,,20.0,C1CC(=NN=C(N)N)C2=C1C(=CC=C2)C(=N)N
Satavaptan,,,,,,,,,,,,7.0,CCOC1=CC2=C(C=C1)N(C(=O)C23CCC(CC3)OCCN4CCOCC4)S(=O)(=O)C5=C(C=C(C=C5)C(=O)NC(C)(C)C)OC
Saxagliptin,,,,,,,,,,,,1.8,C1C2CC2N(C1C#N)C(=O)C(C34CC5CC(C3)CC(C5)(C4)O)N
Sch34343,,,,,,,,,,,,0.3,CC(C1C2N(C1=O)C(=C(S2)SCCOC(=O)N)C(=O)O)O
Scopolamine,1.0,-4.724059099999999,,,,,,,,,,3.1,CN1C2CC(CC1C3C2O3)OC(=O)C(CO)C4=CC=CC=C4
Selegiline,0.0,,,,,,,,,,,1.9,CC(CC1=CC=CC=C1)N(C)CC#C
Sematilide,,,,,,,,,,,,0.82,CCN(CC)CCNC(=O)C1=CC=C(C=C1)NS(=O)(=O)C
Semaxanib,,,,,,,,,,,,0.98,CC1=CC(=C(N1)C=C2C3=CC=CC=C3NC2=O)C
Setrobuvir (ANA598),,-5.8899999,,,,,,,,,,,
Silatecan,,,,,,,,,,,,0.47,CCC1(C2=C(COC1=O)C(=O)N3CC4=C(C5=C(C=CC(=C5)O)N=C4C3=C2)[Si](C)(C)C(C)(C)C)O
Sildenafil,1.0,,,,,,,,,,,1.36,CCCC1=NN(C2=C1N=C(NC2=O)C3=C(C=CC(=C3)S(=O)(=O)N4CCN(CC4)C)OCC)C
Simvastatin,0.0,-5.170000099999998,,,,,,,,,,,CCC(C)(C)C(=O)OC1CC(C=C2C1C(C(C=C2)C)CCC3CC(CC(=O)O3)O)C
Sinitrodil,,,,,,,,,,,,0.68,C1N(C(=O)C2=CC=CC=C2O1)CCO[N+](=O)[O-]
Sipatrigine,,,,,,,,,,,,24.0,CN1CCN(CC1)C2=NC=C(C(=N2)N)C3=C(C(=CC(=C3)Cl)Cl)Cl
Sisomicin,,,,,,,,,,,,0.19,CC1(COC(C(C1NC)O)OC2C(CC(C(C2O)OC3C(CC=C(O3)CN)N)N)N)O
Sitafloxacin,1.0,,,,,,,,,,,1.5,C1CC12CN(CC2N)C3=C(C=C4C(=C3Cl)N(C=C(C4=O)C(=O)O)C5CC5F)F
Sitagliptin,,,,,,,,,,,,2.8,C1CN2C(=NN=C2C(F)(F)F)CN1C(=O)CC(CC3=CC(=C(C=C3F)F)F)N
Soblidotin,,,,,,,,,,,,0.42,CCC(C)C(C(CC(=O)N1CCCC1C(C(C)C(=O)NCCC2=CC=CC=C2)OC)OC)N(C)C(=O)C(C(C)C)NC(=O)C(C(C)C)N(C)C
Sobrerol,1.0,,,,,,,,,,,,CC1=CCC(CC1O)C(C)(C)O
Solifenacin,,,,,,,,,,,,8.2,C1CN2CCC1C(C2)OC(=O)N3CCC4=CC=CC=C4C3C5=CC=CC=C5
Sorivudine (BVaraU),,-5.3899999,,,,,,,,,,,
Sotalol,1.0,,,,,,,,,,,1.3,CC(C)NCC(C1=CC=C(C=C1)NS(=O)(=O)C)O
Sparfloxacin,1.0,,,,,,,,,,,3.9,CC1CN(CC(N1)C)C2=C(C(=C3C(=C2F)N(C=C(C3=O)C(=O)O)C4CC4)N)F
Sparfloxacin (SPX),,-4.7784066,,,,,,,,,,,
Sparfosic acid,,,,,,,,,,,,0.33,C(C(C(=O)O)NC(=O)CP(=O)(O)O)C(=O)O
Spectinomycin,,,,,,,,,,,,0.13,CC1CC(=O)C2(C(O1)OC3C(C(C(C(C3O2)NC)O)NC)O)O
Spiramycin,1.0,,,,,,,,,,,5.4,CC1CC=CC=CC(C(CC(C(C(C(CC(=O)O1)O)OC)OC2C(C(C(C(O2)C)OC3CC(C(C(O3)C)O)(C)O)N(C)C)O)CC=O)C)OC4CCC(C(O4)C)N(C)C
Spirapril,,,,,,,,,,,,0.43,CCOC(=O)C(CCC1=CC=CC=C1)NC(C)C(=O)N2CC3(CC2C(=O)O)SCCS3
Spironolactone,1.0,-4.5008955,,,,,,,,,,,CC(=O)SC1CC2=CC(=O)CCC2(C3C1C4CCC5(C4(CC3)C)CCC(=O)O5)C
Spisulosine,,,,,,,,,,,,30.7,CCCCCCCCCCCCCCCC(C(C)N)O
Squalamine,,,,,,,,,,,,0.23,CC(C)C(CCC(C)C1CCC2C1(CCC3C2C(CC4C3(CCC(C4)NCCCNCCCCN)C)O)C)OS(=O)(=O)O
Stavudine,1.0,,,,,,,,,,,0.67,CC1=CN(C(=O)NC1=O)C2C=CC(O2)CO
Stavudine (d4T),,-5.3483939000000005,,,,,,,,,,,CC1=CN(C(=O)NC1=O)C2C=CC(O2)CO
Streptomycin,0.0,,,,,,,,,,,0.34,CC1C(C(C(O1)OC2C(C(C(C(C2O)O)N=C(N)N)O)N=C(N)N)OC3C(C(C(C(O3)CO)O)O)NC)(C=O)O
Streptozocin,1.0,,,,,,,,,,,,CN(C(=O)NC1C(C(C(OC1O)CO)O)O)N=O
Strychnine (Str),,-4.5086198,,,,,,,,,,,
Sucrose,,-5.9186072,,,,,,,,,,,C(C1C(C(C(C(O1)OC2(C(C(C(O2)CO)O)O)CO)O)O)O)O
Sufentanil,,,,,,,,,,,,9.4,CCC(=O)N(C1=CC=CC=C1)C2(CCN(CC2)CCC3=CC=CS3)COC
Sugammadex,,,,,,,,,,,,0.18,C(CSCC1C2C(C(C(O1)OC3C(OC(C(C3O)O)OC4C(OC(C(C4O)O)OC5C(OC(C(C5O)O)OC6C(OC(C(C6O)O)OC7C(OC(C(C7O)O)OC8C(OC(C(C8O)O)OC9C(OC(O2)C(C9O)O)CSCCC(=O)O)CSCCC(=O)O)CSCCC(=O)O)CSCCC(=O)O)CSCCC(=O)O)CSCCC(=O)O)CSCCC(=O)O)O)O)C(=O)O
Sulbactam,,,,,,,,,,,,0.32,CC1(C(N2C(S1(=O)=O)CC2=O)C(=O)O)C
Sulbenicillin,,,,,,,,,,,,0.15,CC1(C(N2C(S1)C(C2=O)NC(=O)C(C3=CC=CC=C3)S(=O)(=O)O)C(=O)O)C
Sulfadiazine,1.0,,,,,,,,,,,0.29,C1=CN=C(N=C1)NS(=O)(=O)C2=CC=C(C=C2)N
Sulfamethazine,1.0,,,,,,,,,,,,CC1=CC(=NC(=N1)NS(=O)(=O)C2=CC=C(C=C2)N)C
Sulfamethizole,,-5.8393164,,,,,,,,,,,CC1=NN=C(S1)NS(=O)(=O)C2=CC=C(C=C2)N
Sulfamethoxazole,1.0,,,,,,,,,,,0.3,CC1=CC(=NO1)NS(=O)(=O)C2=CC=C(C=C2)N
Sulfanilic acid,,-5.4299998,,,,,,,,,,,C1=CC(=CC=C1N)S(=O)(=O)O
Sulfasalamide,,-5.7088718,,,,,,,,,,,
Sulfasalazine,1.0,-6.5171175,,,,,,,,,,0.11,C1=CC=NC(=C1)NS(=O)(=O)C2=CC=C(C=C2)N=NC3=CC(=C(C=C3)O)C(=O)O
Sulfinpyrazone,1.0,,,,,,,,,,,0.12,C1=CC=C(C=C1)N2C(=O)C(C(=O)N2C3=CC=CC=C3)CCS(=O)C4=CC=CC=C4
Sulfisoxazole,1.0,,,,,,,,,,,0.17,CC1=C(ON=C1C)NS(=O)(=O)C2=CC=C(C=C2)N
Sulindac,1.0,,,,,,,,,,,,CC1=C(C2=C(C1=CC3=CC=C(C=C3)S(=O)C)C=CC(=C2)F)CC(=O)O
Sulmazole,,,,,,,,,,,,0.62,COC1=C(C=CC(=C1)S(=O)C)C2=NC3=C(N2)C=CC=N3
Sulpiride,1.0,,,,,,,,,,,0.94,CCN1CCCC1CNC(=O)C2=C(C=CC(=C2)S(=O)(=O)N)OC
Sumatriptan,0.0,-5.6828976,,,,,,,,,,1.7,CNS(=O)(=O)CC1=CC2=C(C=C1)NC=C2CCN(C)C
Suprofen,1.0,,,,,,,,,,,0.04,CC(C1=CC=C(C=C1)C(=O)C2=CC=CS2)C(=O)O
Suramin,,,,,,,,,,,,0.54,CC1=C(C=C(C=C1)C(=O)NC2=C3C(=CC(=CC3=C(C=C2)S(=O)(=O)O)S(=O)(=O)O)S(=O)(=O)O)NC(=O)C4=CC(=CC=C4)NC(=O)NC5=CC=CC(=C5)C(=O)NC6=C(C=CC(=C6)C(=O)NC7=C8C(=CC(=CC8=C(C=C7)S(=O)(=O)O)S(=O)(=O)O)S(=O)(=O)O)C
Susalimod,,,,,,,,,,,,0.1,CC1=C(N=CC=C1)NS(=O)(=O)C2=CC=C(C=C2)C#CC3=CC(=C(C=C3)O)C(=O)O
T2000,,-4.4499998,,,,,,,,,,,COCN1C(=O)C(C(=O)N(C1=O)COC)(C2=CC=CC=C2)C3=CC=CC=C3
T2007,,-4.46,,,,,,,,,,,CCCC[P+](CCCC)(CCCC)CCCC.F[P-](F)(F)(F)(F)F
TAS-106,,,,,,,,,,,,1.1,C#CC1(C(OC(C1O)N2C=CC(=NC2=O)N)CO)O
TH-302,,,,,,,,,,,,0.64,CN1C(=CN=C1[N+](=O)[O-])COP(=O)(NCCBr)NCCBr
TMC435350 (32c),,-5.0778604000000005,,,,,,,,,,,
TZP 101,,,,,,,,,,,,0.1,CC1CNC(C(=O)N(C(C(=O)NC(C(=O)NCCCC2=CC=CC=C2O1)CC3=CC=C(C=C3)F)C)C)C4CC4
Tacrine,1.0,,,,,,,,,,,11.0,C1CCC2=NC3=CC=CC=C3C(=C2C1)N
Tacrolimus,1.0,-5.1500001,,,,,,,,,,1.2,CC1CC(C2C(CC(C(O2)(C(=O)C(=O)N3CCCCC3C(=O)OC(C(C(CC(=O)C(C=C(C1)C)CC=C)O)C)C(=CC4CCC(C(C4)OC)O)C)O)C)OC)OC
Talinolol,1.0,-4.9684534000000005,,,,,,,,,,3.3,CC(C)(C)NCC(COC1=CC=C(C=C1)NC(=O)NC2CCCCC2)O
Tamarixetin (17),,-5.0013065,,,,,,,,,,,
Tamoxifen,1.0,-4.3221111,,,,,,,,,,,CCC(=C(C1=CC=CC=C1)C2=CC=C(C=C2)OCCN(C)C)C3=CC=CC=C3
Tamsulosin,1.0,,,,,,,,,,,0.21,CCOC1=CC=CC=C1OCCNC(C)CC2=CC(=C(C=C2)OC)S(=O)(=O)N
Tanshinol (TSL),,-5.9118199,,,,,,,,,,,
Tariquidar,,,,,,,,,,,,6.4,COC1=C(C=C2CN(CCC2=C1)CCC3=CC=C(C=C3)NC(=O)C4=CC(=C(C=C4NC(=O)C5=CC6=CC=CC=C6N=C5)OC)OC)OC
Tasidotin,,,,,,,,,,,,0.33,CC(C)C(C(=O)N(C)C(C(C)C)C(=O)N1CCCC1C(=O)N2CCCC2C(=O)NC(C)(C)C)NC(=O)C(C(C)C)N(C)C
Taxifolin (29),,-6.5093193,,,,,,,,,,,
Tazarotene,,,,,,,,,,,,3.55,CCOC(=O)C1=CN=C(C=C1)C#CC2=CC3=C(C=C2)SCCC3(C)C
Tazobactam,,,,,,,,,,,,0.26,CC1(C(N2C(S1(=O)=O)CC2=O)C(=O)O)CN3C=CN=N3
Tebufelone,,,,,,,,,,,,12.0,CC(C)(C)C1=CC(=CC(=C1O)C(C)(C)C)C(=O)CCCC#C
Tedizolid,,,,,,,,,,,,0.91,CN1N=C(N=N1)C2=NC=C(C=C2)C3=C(C=C(C=C3)N4CC(OC4=O)CO)F
Tegaserod,,,,,,,,,,,,5.3,CCCCCN=C(N)NN=CC1=CNC2=C1C=C(C=C2)OC
Teicoplanin A2-1,,,,,,,,,,,,0.92,CCCCCC=CCCC(=O)NC1C(C(C(OC1OC2=C3C=C4C=C2OC5=C(C=C(C=C5)C(C6C(=O)NC(C7=C(C(=CC(=C7)O)OC8C(C(C(C(O8)CO)O)O)O)C9=C(C=CC(=C9)C(C(=O)N6)NC(=O)C4NC(=O)C1C2=CC(=CC(=C2)OC2=C(C=CC(=C2)C(C(=O)NC(CC2=CC(=C(O3)C=C2)Cl)C(=O)N1)N)O)O)O)C(=O)O)OC1C(C(C(C(O1)CO)O)O)NC(=O)C)Cl)CO)O)O
Teicoplanin A2-2,,,,,,,,,,,,0.83,CC(C)CCCCCCC(=O)NC1C(C(C(OC1OC2=C3C=C4C=C2OC5=C(C=C(C=C5)C(C6C(=O)NC(C7=C(C(=CC(=C7)O)OC8C(C(C(C(O8)CO)O)O)O)C9=C(C=CC(=C9)C(C(=O)N6)NC(=O)C4NC(=O)C1C2=CC(=CC(=C2)OC2=C(C=CC(=C2)C(C(=O)NC(CC2=CC(=C(O3)C=C2)Cl)C(=O)N1)N)O)O)O)C(=O)O)OC1C(C(C(C(O1)CO)O)O)NC(=O)C)Cl)CO)O)O
Teicoplanin A2-3,,,,,,,,,,,,0.57,CCCCCCCCCC(=O)NC1C(C(C(OC1OC2=C3C=C4C=C2OC5=C(C=C(C=C5)C(C6C(=O)NC(C7=C(C(=CC(=C7)O)OC8C(C(C(C(O8)CO)O)O)O)C9=C(C=CC(=C9)C(C(=O)N6)NC(=O)C4NC(=O)C1C2=CC(=CC(=C2)OC2=C(C=CC(=C2)C(C(=O)NC(CC2=CC(=C(O3)C=C2)Cl)C(=O)N1)N)O)O)O)C(=O)O)OC1C(C(C(C(O1)CO)O)O)NC(=O)C)Cl)CO)O)O
Teicoplanin A2-4,,,,,,,,,,,,0.57,CCC(C)CCCCCCC(=O)NC1C(C(C(OC1OC2=C3C=C4C=C2OC5=C(C=C(C=C5)C(C6C(=O)NC(C7=C(C(=CC(=C7)O)OC8C(C(C(C(O8)CO)O)O)O)C9=C(C=CC(=C9)C(C(=O)N6)NC(=O)C4NC(=O)C1C2=CC(=CC(=C2)OC2=C(C=CC(=C2)C(C(=O)NC(CC2=CC(=C(O3)C=C2)Cl)C(=O)N1)N)O)O)O)C(=O)O)OC1C(C(C(C(O1)CO)O)O)NC(=O)C)Cl)CO)O)O
Teicoplanin A2-5,,,,,,,,,,,,0.42,CC(C)CCCCCCCC(=O)NC1C(C(C(OC1OC2=C3C=C4C=C2OC5=C(C=C(C=C5)C(C6C(=O)NC(C7=C(C(=CC(=C7)O)OC8C(C(C(C(O8)CO)O)O)O)C9=C(C=CC(=C9)C(C(=O)N6)NC(=O)C4NC(=O)C1C2=CC(=CC(=C2)OC2=C(C=CC(=C2)C(C(=O)NC(CC2=CC(=C(O3)C=C2)Cl)C(=O)N1)N)O)O)O)C(=O)O)OC1C(C(C(C(O1)CO)O)O)NC(=O)C)Cl)CO)O)O
Telaprevir,,-5.3899999,,,,,,,,,,,CCCC(C(=O)C(=O)NC1CC1)NC(=O)C2C3CCCC3CN2C(=O)C(C(C)(C)C)NC(=O)C(C4CCCCC4)NC(=O)C5=NC=CN=C5
Telavancin,,,,,,,,,,,,0.11,CCCCCCCCCCNCCNC1(CC(OC(C1O)C)OC2C(C(C(OC2OC3=C4C=C5C=C3OC6=C(C=C(C=C6)C(C(C(=O)NC(C(=O)NC5C(=O)NC7C8=CC(=C(C=C8)O)C9=C(C(=C(C=C9C(NC(=O)C(C(C1=CC(=C(O4)C=C1)Cl)O)NC7=O)C(=O)O)O)CNCP(=O)(O)O)O)CC(=O)N)NC(=O)C(CC(C)C)NC)O)Cl)CO)O)O)C
Telcagepant,,,,,,,,,,,,0.86,C1CC(C(=O)N(CC1C2=C(C(=CC=C2)F)F)CC(F)(F)F)NC(=O)N3CCC(CC3)N4C5=C(NC4=O)N=CC=C5
Telithromycin,1.0,,,,,,,,,,,3.0,CCC1C2(C(C(C(=O)C(CC(C(C(C(=O)C(C(=O)O1)C)C)OC3C(C(CC(O3)C)N(C)C)O)(C)OC)C)C)N(C(=O)O2)CCCCN4C=C(N=C4)C5=CN=CC=C5)C
Telmisartan,1.0,,,,,,,,,,,5.3,CCCC1=NC2=C(N1CC3=CC=C(C=C3)C4=CC=CC=C4C(=O)O)C=C(C=C2C)C5=NC6=CC=CC=C6N5C
Temafloxacin,1.0,,,,,,,,,,,,CC1CN(CCN1)C2=C(C=C3C(=C2)N(C=C(C3=O)C(=O)O)C4=C(C=C(C=C4)F)F)F
Temazepam,1.0,,,,,,,,,,,,CN1C2=C(C=C(C=C2)Cl)C(=NC(C1=O)O)C3=CC=CC=C3
Temocillin,,,,,,,,,,,,0.11,CC1(C(N2C(S1)C(C2=O)(NC(=O)C(C3=CSC=C3)C(=O)O)OC)C(=O)O)C
Temozolomide,1.0,,,,,,,,,,,0.5,CN1C(=O)N2C=NC(=C2N=N1)C(=O)N
Temsirolimus,,,,,,,,,,,,3.0,CC1CCC2CC(C(=CC=CC=CC(CC(C(=O)C(C(C(=CC(C(=O)CC(OC(=O)C3CCCCN3C(=O)C(=O)C1(O2)O)C(C)CC4CCC(C(C4)OC)OC(=O)C(C)(CO)CO)C)C)O)OC)C)C)C)OC
Tenidap,,-4.3103647,,,,,,,,,,,C1=CSC(=C1)C(=O)C2=C(N(C3=C2C=C(C=C3)Cl)C(=O)N)O
Teniposide,1.0,-6.0500002,,,,,,,,,,0.41,COC1=CC(=CC(=C1O)OC)C2C3C(COC3=O)C(C4=CC5=C(C=C24)OCO5)OC6C(C(C7C(O6)COC(O7)C8=CC=CS8)O)O
Tenofovir,1.0,,,,,,,,,,,0.83,CC(CN1C=NC2=C(N=CN=C21)N)OCP(=O)(O)O
Tenoxicam,1.0,,,,,,,,,,,0.19,CN1C(=C(C2=C(S1(=O)=O)C=CS2)O)C(=O)NC3=CC=CC=N3
Terazosin,1.0,,,,,,,,,,,0.98,COC1=C(C=C2C(=C1)C(=NC(=N2)N3CCN(CC3)C(=O)C4CCCO4)N)OC
Terbutaline,0.0,,,,,,,,,,,1.5,CC(C)(C)NCC(C1=CC(=CC(=C1)O)O)O
Terfenadine,0.0,-5.2600002,,,,,,,,,,,CC(C)(C)C1=CC=C(C=C1)C(CCCN2CCC(CC2)C(C3=CC=CC=C3)(C4=CC=CC=C4)O)O
Terguride,0.0,,,,,,,,,,,,CCN(CC)C(=O)NC1CC2C(CC3=CNC4=CC=CC2=C34)N(C1)C
Teriflunomide,,,,,,,,,,,,0.16,CC(=C(C#N)C(=O)NC1=CC=C(C=C1)C(F)(F)F)O
Terlipressin,,,,,,,,,,,,0.24,C1CC(N(C1)C(=O)C2CSSCC(C(=O)NC(C(=O)NC(C(=O)NC(C(=O)NC(C(=O)N2)CC(=O)N)CCC(=O)N)CC3=CC=CC=C3)CC4=CC=C(C=C4)O)NC(=O)CNC(=O)CNC(=O)CN)C(=O)NC(CCCCN)C(=O)NCC(=O)N
Terodiline,1.0,,,,,,,,,,,5.1,CC(CC(C1=CC=CC=C1)C2=CC=CC=C2)NC(C)(C)C
Tertatolol,1.0,,,,,,,,,,,,CC(C)(C)NCC(COC1=CC=CC2=C1SCCC2)O
Tesaglitazar,,,,,,,,,,,,0.13,CCOC(CC1=CC=C(C=C1)OCCC2=CC=C(C=C2)OS(=O)(=O)C)C(=O)O
Testosterone,0.0,,,,,,,,,,,,CC12CCC3C(C1CCC2O)CCC4=CC(=O)CCC34C
Tetrabenazine,0.0,,,,,,,,,,,,CC(C)CC1CN2CCC3=CC(=C(C=C3C2CC1=O)OC)OC
Tetracycline,1.0,,,,,,,,,,,1.2,CC1(C2CC3C(C(=O)C(=C(C3(C(=O)C2=C(C4=C1C=CC=C4O)O)O)O)C(=O)N)N(C)C)O
"Tetradec-(8Z)-ene-11,13-diyn-2-one (6)",,-4.492425,,,,,,,,,,,
"Tetrahydrocannabinol, D9-",,,,,,,,,,,,8.9,
"Tetrahydrocannabinol,11-Nor-9-carboxy-D9-",,,,,,,,,,,,1.28,
Tezosentan,,,,,,,,,,,,0.28,CC(C)C1=CN=C(C=C1)S(=O)(=O)NC2=C(C(=NC(=N2)C3=CC(=NC=C3)C4=NNN=N4)OCCO)OC5=CC=CC=C5OC
Thalidomide,,-4.6999998,,,,,,,,,,0.95,C1CC(=O)NC(=O)C1N2C(=O)C3=CC=CC=C3C2=O
Theophylline,1.0,,,,,,,,,,,0.51,CN1C2=C(C(=O)N(C1=O)C)NC=N2
Thiamin (Vitamin B1),,-5.2685814,,,,,,,,,,,
Thiamphenicol glycinate,,,,,,,,,,,,0.13,CS(=O)(=O)C1=CC=C(C=C1)C(C(COC(=O)CN)NC(=O)C(Cl)Cl)O
Thioguanine,,,,,,,,,,,,2.89,C1=NC2=C(N1)C(=S)N=C(N2)N
Thionylan (Methapyrilene),,,,,,,,,,,,3.3,
Thiopental,,,,,,,,,,,,1.2,CCCC(C)C1(C(=O)NC(=S)NC1=O)CC
Thioridazine,1.0,,,,,,,,,,,,CN1CCCCC1CCN2C3=CC=CC=C3SC4=C2C=C(C=C4)SC
Thiotepa,,,,,,,,,,,,1.6,C1CN1P(=S)(N2CC2)N3CC3
Tiagabine,1.0,,,,,,,,,,,1.1,CC1=C(SC=C1)C(=CCCN2CCCC(C2)C(=O)O)C3=C(C=CS3)C
Tianeptine,1.0,,,,,,,,,,,0.3,CN1C2=CC=CC=C2C(C3=C(S1(=O)=O)C=C(C=C3)Cl)NCCCCCCC(=O)O
Tiapride,,,,,,,,,,,,1.1,CCN(CC)CCNC(=O)C1=C(C=CC(=C1)S(=O)(=O)C)OC
Tiaprofenic acid,,,,,,,,,,,,0.08,CC(C1=CC=C(S1)C(=O)C2=CC=CC=C2)C(=O)O
Tiazofurin,,,,,,,,,,,,1.1,C1=C(N=C(S1)C2C(C(C(O2)CO)O)O)C(=O)N
Ticarcillin,0.0,,,,,,,,,,,0.16,CC1(C(N2C(S1)C(C2=O)NC(=O)C(C3=CSC=C3)C(=O)O)C(=O)O)C
Tigecycline,,,,,,,,,,,,12.0,CC(C)(C)NCC(=O)NC1=CC(=C2CC3CC4C(C(=O)C(=C(C4(C(=O)C3=C(C2=C1O)O)O)O)C(=O)N)N(C)C)N(C)C
Tilidine,,,,,,,,,,,,4.0,CCOC(=O)C1(CCC=CC1N(C)C)C2=CC=CC=C2
Tiludronate,,,,,,,,,,,,0.23,C1=CC(=CC=C1SC(P(=O)(O)O)P(=O)(O)O)Cl
Timolol,1.0,,,,,,,,,,,1.5,CC(C)(C)NCC(COC1=NSN=C1N2CCOCC2)O
Tinidazole,1.0,-4.52,,,,,,,,,,0.59,CCS(=O)(=O)CCN1C(=NC=C1[N+](=O)[O-])C
Tiopronin,1.0,,,,,,,,,,,1.39,CC(C(=O)NCC(=O)O)S
Tiotidine,,-5.6587887000000014,,,,,,,,,,,CN=C(NCCSCC1=CSC(=N1)N=C(N)N)NC#N
Tiotropium,,,,,,,,,,,,32.0,C[N+]1(C2CC(CC1C3C2O3)OC(=O)C(C4=CC=CS4)(C5=CC=CS5)O)C
Tirapazamine,,,,,,,,,,,,0.56,C1=CC=C2C(=C1)[N+](=C(N=[N+]2[O-])N)[O-]
Tirilazad,,,,,,,,,,,,9.8,CC1CC2C3CCC4=CC(=O)C=CC4(C3=CCC2(C1C(=O)CN5CCN(CC5)C6=NC(=NC(=C6)N7CCCC7)N8CCCC8)C)C
Tirofiban,,,,,,,,,,,,0.99,CCCCS(=O)(=O)NC(CC1=CC=C(C=C1)OCCCCC2CCNCC2)C(=O)O
Tizanidine,1.0,,,,,,,,,,,2.4,C1CN=C(N1)NC2=C(C=CC3=NSN=C32)Cl
Toborinone,,,,,,,,,,,,1.6,COC1=C(C=C(C=C1)CNCC(COC2=CC3=C(C=C2)NC(=O)C=C3)O)OC
Tobramycin,0.0,,,,,,,,,,,0.23,C1C(C(C(C(C1N)OC2C(C(C(C(O2)CO)O)N)O)O)OC3C(CC(C(O3)CN)O)N)N
Tocainide,1.0,,,,,,,,,,,1.8,CC1=C(C(=CC=C1)C)NC(=O)C(C)N
Tofacitinib,,,,,,,,,,,,1.24,CC1CCN(CC1N(C)C2=NC=NC3=C2C=CN3)C(=O)CC#N
Tofogliflozin,,,,,,,,,,,,0.63,CCC1=CC=C(C=C1)CC2=CC3=C(COC34C(C(C(C(O4)CO)O)O)O)C=C2
Tolamolol,,,,,,,,,,,,4.0,CC1=CC=CC=C1OCC(CNCCOC2=CC=C(C=C2)C(=O)N)O
Tolbutamide,1.0,,,,,,,,,,,0.12,CCCCNC(=O)NS(=O)(=O)C1=CC=C(C=C1)C
Tolcapone,1.0,,,,,,,,,,,0.12,CC1=CC=C(C=C1)C(=O)C2=CC(=C(C(=C2)O)O)[N+](=O)[O-]
Tolmetin,1.0,,,,,,,,,,,,CC1=CC=C(C=C1)C(=O)C2=CC=C(N2C)CC(=O)O
Toloxatone,,,,,,,,,,,,1.5,CC1=CC(=CC=C1)N2CC(OC2=O)CO
Tolterodine,,,,,,,,,,,,1.5,CC1=CC(=C(C=C1)O)C(CCN(C(C)C)C(C)C)C2=CC=CC=C2
Tolvaptan,,,,,,,,,,,,0.5,CC1=CC=CC=C1C(=O)NC2=CC(=C(C=C2)C(=O)N3CCCC(C4=C3C=CC(=C4)Cl)O)C
Tomopenem,,,,,,,,,,,,0.23,CC1C2C(C(=O)N2C(=C1SC3CC(N(C3)C)C(=O)N4CCC(C4)NC(=O)CN=C(N)N)C(=O)O)C(C)O
Tonapofylline,,,,,,,,,,,,0.76,CCCN1C2=C(C(=O)N(C1=O)CCC)NC(=N2)C34CCC(CC3)(CC4)CCC(=O)O
Topiramate,1.0,,,,,,,,,,,0.8,CC1(OC2COC3(C(C2O1)OC(O3)(C)C)COS(=O)(=O)N)C
Topixantrone,,,,,,,,,,,,57.0,CN(C)CCNC1=C2C3=C(C=C1)N(N=C3C4=C(C2=O)C=CN=C4)CCNCCO
Topotecan,1.0,,,,,,,,,,,1.8,CCC1(C2=C(COC1=O)C(=O)N3CC4=CC5=C(C=CC(=C5CN(C)C)O)N=C4C3=C2)O
Toremifene,1.0,,,,,,,,,,,,CN(C)CCOC1=CC=C(C=C1)C(=C(CCCl)C2=CC=CC=C2)C3=CC=CC=C3
Torsemide,,,,,,,,,,,,0.21,CC1=CC(=CC=C1)NC2=C(C=NC=C2)S(=O)(=O)NC(=O)NC(C)C
Toxogonin,,,,,,,,,,,,0.17,C1=C[N+](=CC=C1C=NO)COC[N+]2=CC=C(C=C2)C=NO.[Cl-]
Tozasertib,,,,,,,,,,,,5.1,CC1=CC(=NN1)NC2=CC(=NC(=N2)SC3=CC=C(C=C3)NC(=O)C4CC4)N5CCN(CC5)C
Trabectedin,,,,,,,,,,,,25.0,CC1=CC2=C(C3C4C5C6=C(C(=C7C(=C6C(N4C(C(C2)N3C)O)COC(=O)C8(CS5)C9=CC(=C(C=C9CCN8)O)OC)OCO7)C)OC(=O)C)C(=C1OC)O
Tramadol,1.0,,,,,,,,,,,2.8,CN(C)CC1CCCCC1(C2=CC(=CC=C2)OC)O
Trametinib,,,,,,,,,,,,13.94,CC1=C2C(=C(N(C1=O)C)NC3=C(C=C(C=C3)I)F)C(=O)N(C(=O)N2C4=CC=CC(=C4)NC(=O)C)C5CC5
Trandolapril,0.0,,,,,,,,,,,0.25,CCOC(=O)C(CCC1=CC=CC=C1)NC(C)C(=O)N2C3CCCCC3CC2C(=O)O
Tranexamic acid,,,,,,,,,,,,0.38,C1CC(CCC1CN)C(=O)O
Trapidil,1.0,,,,,,,,,,,,CCN(CC)C1=CC(=NC2=NC=NN12)C
Traxoprodil,,,,,,,,,,,,4.4,CC(C(C1=CC=C(C=C1)O)O)N2CCC(CC2)(C3=CC=CC=C3)O
Trazodone,1.0,-4.619999900000002,,,,,,,,,,0.52,C1CN(CCN1CCCN2C(=O)N3C=CC=CC3=N2)C4=CC(=CC=C4)Cl
Treosulfan,1.0,,,,,,,,,,,0.59,CS(=O)(=O)OCC(C(COS(=O)(=O)C)O)O
Treprostinil,,,,,,,,,,,,0.23,CCCCCC(CCC1C(CC2C1CC3=C(C2)C(=CC=C3)OCC(=O)O)O)O
Triamcinolone Acetonide,,,,,,,,,,,,1.4,CC1(OC2CC3C4CCC5=CC(=O)C=CC5(C4(C(CC3(C2(O1)C(=O)CO)C)O)F)C)C
Triamterene,1.0,,,,,,,,,,,13.0,C1=CC=C(C=C1)C2=NC3=C(N=C(N=C3N=C2N)N)N
Triapine,,,,,,,,,,,,0.41,C1=CC(=C(N=C1)C=NNC(=S)N)N
Triazolam,1.0,-4.5500002,,,,,,,,,,0.58,CC1=NN=C2N1C3=C(C=C(C=C3)Cl)C(=NC2)C4=CC=CC=C4Cl
Trihexyphenidyl,1.0,,,,,,,,,,,,C1CCC(CC1)C(CCN2CCCCC2)(C3=CC=CC=C3)O
Trimazosin,1.0,,,,,,,,,,,0.18,CC(C)(COC(=O)N1CCN(CC1)C2=NC3=C(C(=C(C=C3C(=N2)N)OC)OC)OC)O
Trimethobenzamide,,-4.96,,,,,,,,,,,CN(C)CCOC1=CC=C(C=C1)CNC(=O)C2=CC(=C(C(=C2)OC)OC)OC
Trimethoprim,1.0,,,,,,,,,,,1.5,COC1=CC(=CC(=C1OC)OC)CC2=CN=C(N=C2N)N
Trimetrexate,1.0,,,,,,,,,,,0.77,CC1=C(C=CC2=C1C(=NC(=N2)N)N)CNC3=CC(=C(C(=C3)OC)OC)OC
Trimipramine,1.0,,,,,,,,,,,16.0,CC(CN1C2=CC=CC=C2CCC3=CC=CC=C31)CN(C)C
Troglitazone,1.0,,,,,,,,,,,,CC1=C(C2=C(CCC(O2)(C)COC3=CC=C(C=C3)CC4C(=O)NC(=O)S4)C(=C1O)C)C
Tropatepine,,,,,,,,,,,,11.85,CN1C2CCC1CC(=C3C4=CC=CC=C4CSC5=CC=CC=C53)C2
Tropisetron,1.0,,,,,,,,,,,9.7,CN1C2CCC1CC(C2)OC(=O)C3=CNC4=CC=CC=C43
Trospectomycin,,,,,,,,,,,,0.7,CCCCC1CC(=O)C2(C(O1)OC3C(C(C(C(C3O2)NC)O)NC)O)O
Trospium,,,,,,,,,,,,5.1,C1CC[N+]2(C1)C3CCC2CC(C3)OC(=O)C(C4=CC=CC=C4)(C5=CC=CC=C5)O
Trovafloxacin,1.0,,,,,,,,,,,1.3,C1C2C(C2N)CN1C3=C(C=C4C(=O)C(=CN(C4=N3)C5=C(C=C(C=C5)F)F)C(=O)O)F
Troxacitabine,,,,,,,,,,,,1.0,C1C(OC(O1)CO)N2C=CC(=NC2=O)N
Tryptanthrin,,-4.1999998,,,,,,,,,,,C1=CC=C2C(=C1)C(=O)N3C4=CC=CC=C4C(=O)C3=N2
Tubocurarine,,,,,,,,,,,,0.45,CN1CCC2=CC(=C3C=C2C1CC4=CC=C(C=C4)OC5=C6C(CC7=CC(=C(C=C7)O)O3)[N+](CCC6=CC(=C5O)OC)(C)C)OC
Tulobuterol,1.0,,,,,,,,,,,,CC(C)(C)NCC(C1=CC=CC=C1Cl)O
U-84656 (IV),,-5.8998151,,,,,,,,,,,
"UK 224,671",,-5.8969545,,,,,,,,,,,
"UK-240,455",,,,,,,,,,,,0.8,
Umbelliferone,,-4.5710139000000005,,,,,,,,,,,C1=CC(=CC2=C1C=CC(=O)O2)O
Urapidil,1.0,,,,,,,,,,,0.75,CN1C(=CC(=O)N(C1=O)C)NCCCN2CCN(CC2)C3=CC=CC=C3OC
Uridine,0.0,,,,,,,,,,,,C1=CN(C(=O)NC1=O)C2C(C(C(O2)CO)O)O
Ursolic acid,,,,,,,,,,,,0.54,CC1CCC2(CCC3(C(=CCC4C3(CCC5C4(CCC(C5(C)C)O)C)C)C2C1C)C)C(=O)O
V,,-4.85000015,,,,,,,,,,,[V]
VACV,,-5.3499999,,,,,,,,,,,CC(C)C(C(=O)OCCOCN1C=NC2=C1N=C(NC2=O)N)N
VIII,,-4.5700002,,,,,,,,,,,
VLA-4 antagonist 2,,-5.369999900000002,,,,,,,,,,,
VLA-4 antagonist 3,,-5.170000099999998,,,,,,,,,,,
VLA-4 antagonist 4,,-5.3400002,,,,,,,,,,,
VLA-4 antagonist 5,,-5.5999999,,,,,,,,,,,
VLA-4 antagonist 6,,-5.6900001,,,,,,,,,,,
VX-950,,-5.3200002,,,,,,,,,,,CCCC(C(=O)C(=O)NC1CC1)NC(=O)C2C3CCCC3CN2C(=O)C(C(C)(C)C)NC(=O)C(C4CCCCC4)NC(=O)C5=NC=CN=C5
Val-ACV,,-5.6697760000000015,,,,,,,,,,,CC(C)C(C(=O)OCCOCN1C=NC2=C1N=C(NC2=O)N)N
Valdecoxib,1.0,,,,,,,,,,,0.75,CC1=C(C(=NO1)C2=CC=CC=C2)C3=CC=C(C=C3)S(=O)(=O)N
Valproic Acid,,,,,,,,,,,,0.14,CCCC(CCC)C(=O)O
Valproic acid,,-4.3200002,,,,,,,,,,,CCCC(CCC)C(=O)O
Valsartan,1.0,-6.2600002,,,,,,,,,,0.22,CCCCC(=O)N(CC1=CC=C(C=C1)C2=CC=CC=C2C3=NNN=N3)C(C(C)C)C(=O)O
Valspodar,,,,,,,,,,,,1.8,CC=CCC(C)C(=O)C1C(=O)NC(C(=O)N(CC(=O)N(C(C(=O)NC(C(=O)N(C(C(=O)NC(C(=O)NC(C(=O)N(C(C(=O)N(C(C(=O)N(C(C(=O)N1C)C(C)C)C)CC(C)C)C)CC(C)C)C)C)C)CC(C)C)C)C(C)C)CC(C)C)C)C)C(C)C
Vancomycin,,,,,,,,,,,,0.54,CC1C(C(CC(O1)OC2C(C(C(OC2OC3=C4C=C5C=C3OC6=C(C=C(C=C6)C(C(C(=O)NC(C(=O)NC5C(=O)NC7C8=CC(=C(C=C8)O)C9=C(C=C(C=C9O)O)C(NC(=O)C(C(C1=CC(=C(O4)C=C1)Cl)O)NC7=O)C(=O)O)CC(=O)N)NC(=O)C(CC(C)C)NC)O)Cl)CO)O)O)(C)N)O
Vardenafil,,,,,,,,,,,,3.0,CCCC1=NC(=C2N1N=C(NC2=O)C3=C(C=CC(=C3)S(=O)(=O)N4CCN(CC4)CC)OCC)C
Vecuronium,0.0,,,,,,,,,,,,CC(=O)OC1CC2CCC3C(C2(CC1N4CCCCC4)C)CCC5(C3CC(C5OC(=O)C)[N+]6(CCCCC6)C)C
Vecuronium Bromide,,,,,,,,,,,,0.3,CC(=O)OC1CC2CCC3C(C2(CC1N4CCCCC4)C)CCC5(C3CC(C5OC(=O)C)[N+]6(CCCCC6)C)C.[Br-]
Velcalcetide,,,,,,,,,,,,0.5,CC(C(=O)NC(CCCN=C(N)N)C(=O)N)NC(=O)C(CCCN=C(N)N)NC(=O)C(CCCN=C(N)N)NC(=O)C(CCCN=C(N)N)NC(=O)C(C)NC(=O)C(CSSCC(C(=O)O)N)NC(=O)C
Venlafaxine,1.0,,,,,,,,,,,4.4,CN(C)CC(C1=CC=C(C=C1)OC)C2(CCCCC2)O
Verapamil,1.0,-4.961279900000001,,,,,,,,,,3.7,CC(C)C(CCCN(C)CCC1=CC(=C(C=C1)OC)OC)(C#N)C2=CC(=C(C=C2)OC)OC
Verlukast,,,,,,,,,,,,0.11,CN(C)C(=O)CCSC(C1=CC=CC(=C1)C=CC2=NC3=C(C=CC(=C3)Cl)C=C2)SCCC(=O)O
Vernakalant,,,,,,,,,,,,1.8,COC1=C(C=C(C=C1)CCOC2CCCCC2N3CCC(C3)O)OC
Verteporfin-Mac,,,,,,,,,,,,0.63,CC1=C(C2=CC3=NC(=CC4=C(C(=C(N4)C=C5C6(C(C(=CC=C6C(=N5)C=C1N2)C(=O)OC)C(=O)OC)C)C)CCC(=O)OC)C(=C3C)CCC(=O)O)C=C
Verteporfin-Mad,,,,,,,,,,,,0.51,CC1=C(C2=CC3=NC(=CC4=C(C(=C(N4)C=C5C6(C(C(=CC=C6C(=N5)C=C1N2)C(=O)OC)C(=O)OC)C)C)CCC(=O)O)C(=C3C)CCC(=O)OC)C=C
Vestipitant,,,,,,,,,,,,3.8,CC1=C(C=CC(=C1)F)C2CNCCN2C(=O)N(C)C(C)C3=CC(=CC(=C3)C(F)(F)F)C(F)(F)F
Vidarabine,0.0,,,,,,,,,,,,C1=NC(=C2C(=N1)N(C=N2)C3C(C(C(O3)CO)O)O)N
Vigabatrin,1.0,,,,,,,,,,,,C=CC(CCC(=O)O)N
Vilanterol,,,,,,,,,,,,2.38,C1=CC(=C(C(=C1)Cl)COCCOCCCCCCNCC(C2=CC(=C(C=C2)O)CO)O)Cl
Vildagliptin,,,,,,,,,,,,1.03,C1CC(N(C1)C(=O)CNC23CC4CC(C2)CC(C4)(C3)O)C#N
Viloxazine,1.0,-4.3899999,,,,,,,,,,0.73,CCOC1=CC=CC=C1OCC2CNCCO2
Vinblastine,,,,,,,,,,,,28.0,CCC1(CC2CC(C3=C(CCN(C2)C1)C4=CC=CC=C4N3)(C5=C(C=C6C(=C5)C78CCN9C7C(C=CC9)(C(C(C8N6C)(C(=O)OC)O)OC(=O)C)CC)OC)C(=O)OC)O
Vincamine,0.0,,,,,,,,,,,,CCC12CCCN3C1C4=C(CC3)C5=CC=CC=C5N4C(C2)(C(=O)OC)O
Vincristine,,,,,,,,,,,,2.4,CCC1(CC2CC(C3=C(CCN(C2)C1)C4=CC=CC=C4N3)(C5=C(C=C6C(=C5)C78CCN9C7C(C=CC9)(C(C(C8N6C=O)(C(=O)OC)O)OC(=O)C)CC)OC)C(=O)OC)O
Vindesine,,,,,,,,,,,,5.0,CCC1(CC2CC(C3=C(CCN(C2)C1)C4=CC=CC=C4N3)(C5=C(C=C6C(=C5)C78CCN9C7C(C=CC9)(C(C(C8N6C)(C(=O)N)O)O)CC)OC)C(=O)OC)O
Vinorelbine,1.0,,,,,,,,,,,23.0,CCC1=CC2CC(C3=C(CN(C2)C1)C4=CC=CC=C4N3)(C5=C(C=C6C(=C5)C78CCN9C7C(C=CC9)(C(C(C8N6C)(C(=O)OC)O)OC(=O)C)CC)OC)C(=O)OC
Vinpocetine,0.0,,,,,,,,,,,2.08,CCC12CCCN3C1C4=C(CC3)C5=CC=CC=C5N4C(=C2)C(=O)OCC
Viqualine,,,,,,,,,,,,24.4,COC1=CC2=C(C=CN=C2C=C1)CCCC3CCNCC3C=C
Vismodegib,,,,,,,,,,,,0.23,CS(=O)(=O)C1=CC(=C(C=C1)C(=O)NC2=CC(=C(C=C2)Cl)C3=CC=CC=N3)Cl
Volasertib,,,,,,,,,,,,80.5,CCC1C(=O)N(C2=CN=C(N=C2N1C(C)C)NC3=C(C=C(C=C3)C(=O)NC4CCC(CC4)N5CCN(CC5)CC6CC6)OC)C
Voriconazole,1.0,,,,,,,,,,,2.2,CC(C1=NC=NC=C1F)C(CN2C=NC=N2)(C3=C(C=C(C=C3)F)F)O
Vorinostat,,,,,,,,,,,,0.5,C1=CC=C(C=C1)NC(=O)CCCCCCC(=O)NO
Vorinostat (SAHA-suberoylanilide hydroxamic acid),,-5.629466099999999,,,,,,,,,,,
Vortioxetine,,,,,,,,,,,,35.3,CC1=CC(=C(C=C1)SC2=CC=CC=C2N3CCNCC3)C
Warfarin,1.0,,,,,,,,,,,0.13,CC(=O)CC(C1=CC=CC=C1)C2=C(C3=CC=CC=C3OC2=O)O
XI,,-4.5900002,,,,,,,,,,,
XIV,,-4.77,,,,,,,,,,,CC1=CC(=C(C=C1Cl)C(C)(C)C)COC2=NNC3=C2C=CN(CC3)C(=O)C4=C(C(=C(C=C4)S(=O)(=O)N)F)F
XK469R,,,,,,,,,,,,0.19,
XM970,,-5.1999998,,,,,,,,,,,
XP13512,,-4.5093193,,,,,,,,,,,CC(C)C(=O)OC(C)OC(=O)NCC1(CCCCC1)CC(=O)O
XR5000,,,,,,,,,,,,3.41,CN(C)CCNC(=O)C1=CC=CC2=CC3=CC=CC=C3N=C21
Xaliproden (SR57746),,-4.73,,,,,,,,,,,
Xamoterol,0.0,,,,,,,,,,,0.64,C1COCCN1C(=O)NCCNCC(COC2=CC=C(C=C2)O)O
Xipamide,1.0,,,,,,,,,,,,CC1=C(C(=CC=C1)C)NC(=O)C2=CC(=C(C=C2O)Cl)S(=O)(=O)N
Xylose_D,,,,,,,,,,,,0.23,
Y 20811,,,,,,,,,,,,0.37,CC1=C(C=C(C=C1)N2C=CN=C2)C(C3=C(C=C(C=C3C)C(=O)[O-])C)O.[Na+]
YH439,,-4.5100002,,,,,,,,,,,CC1=CSC(=N1)NC(=O)C(=C2SCS2)C(=O)OC(C)C
YM155,,,,,,,,,,,,23.7,CC1=[N+](C2=C(N1CCOC)C(=O)C3=CC=CC=C3C2=O)CC4=NC=CN=C4.[Br-]
Yohimbine,1.0,,,,,,,,,,,0.48,COC(=O)C1C(CCC2C1CC3C4=C(CCN3C2)C5=CC=CC=C5N4)O
Yohimbine (YOH),,-4.8099999,,,,,,,,,,,
ZD-9331,,,,,,,,,,,,0.53,CC1=CC2=C(C=C1CN(CC#C)C3=CC(=C(C=C3)C(=O)NC(CCC4=NNN=N4)C(=O)O)F)C(=O)NC(=N2)C
Zalcitabine,1.0,,,,,,,,,,,0.54,C1CC(OC1CO)N2C=CC(=NC2=O)N
Zaleplon,1.0,,,,,,,,,,,1.3,CCN(C1=CC=CC(=C1)C2=CC=NC3=C(C=NN23)C#N)C(=O)C
Zalypsis,,,,,,,,,,,,12.6,CC1=CC2=C(C3C4CC5=C(C(=C6C(=C5C(N4C(C(C2)N3C)O)CNC(=O)C=CC7=CC(=CC=C7)C(F)(F)F)OCO6)C)OC(=O)C)C(=C1OC)O
Zanamivir,0.0,,,,,,,,,,,0.23,CC(=O)NC1C(C=C(OC1C(C(CO)O)O)C(=O)O)N=C(N)N
Zearalenone (ZEN),,-4.98,,,,,,,,,,,
Zidovudine,1.0,,,,,,,,,,,1.8,CC1=CN(C(=O)NC1=O)C2CC(C(O2)CO)N=[N+]=[N-]
Zimelidine,,,,,,,,,,,,6.8,CN(C)CC=C(C1=CC=C(C=C1)Br)C2=CN=CC=C2
Ziprasidone,1.0,,,,,,,,,,,1.0,C1CN(CCN1CCC2=C(C=C3C(=C2)CC(=O)N3)Cl)C4=NSC5=CC=CC=C54
Ziracin,,,,,,,,,,,,0.39,CC1C(C(CC(O1)OC2C(OC3(CC2O)OC4C(OC(C(C4(O3)C)O)OC5C(C(OC(C5OC)C)OC6C(OC(C(C6O)OC)OC7C(C8C(CO7)OC9(O8)C1C(C(CO9)OC(=O)C2=C(C=C(C=C2C)O)O)OCO1)O)COC)O)C)C)OC1CC(C(C(O1)C)OC)(C)[N+](=O)[O-])OC(=O)C1=C(C(=C(C(=C1OC)Cl)O)Cl)C
Zoledronic Acid,,,,,,,,,,,,0.6,C1=CN(C=N1)CC(O)(P(=O)(O)O)P(=O)(O)O
Zolmitriptan,1.0,,,,,,,,,,,1.8,CN(C)CCC1=CNC2=C1C=C(C=C2)CC3COC(=O)N3
Zolpidem,1.0,-4.5,,,,,,,,,,0.54,CC1=CC=C(C=C1)C2=C(N3C=C(C=CC3=N2)C)CC(=O)N(C)C
Zomepirac,,-4.6100001,,,,,,,,,,,CC1=C(N(C(=C1)CC(=O)O)C)C(=O)C2=CC=C(C=C2)Cl
Zonampanel,,,,,,,,,,,,0.19,C1=CN(C=N1)C2=C(C=C3C(=C2)N(C(=O)C(=O)N3)CC(=O)O)[N+](=O)[O-]
Zoniporide,,,,,,,,,,,,1.7,C1CC1C2=C(C=NN2C3=CC=CC4=C3C=CC=N4)C(=O)N=C(N)N
Zonisamide,1.0,,,,,,,,,,,,C1=CC=C2C(=C1)C(=NO2)CS(=O)(=O)N
Zopiclone,1.0,,,,,,,,,,,1.3,CN1CCN(CC1)C(=O)OC2C3=NC=CN=C3C(=O)N2C4=NC=C(C=C4)Cl
Zotarolimus,,,,,,,,,,,,1.3,CC1CCC2CC(C(=CC=CC=CC(CC(C(=O)C(C(C(=CC(C(=O)CC(OC(=O)C3CCCCN3C(=O)C(=O)C1(O2)O)C(C)CC4CCC(C(C4)OC)N5C=NN=N5)C)C)O)OC)C)C)C)OC
Zotepine,0.0,,,,,,,,,,,,CN(C)CCOC1=CC2=CC=CC=C2SC3=C1C=C(C=C3)Cl
[D-Ala2]Met-enkephalin,,-7.02,,,,,,,,,,,
a,,-5.8899999,,,,,,,,,,,
a-Zearalanol (a-ZAL),,-4.8200002,,,,,,,,,,,
a-Zearalenol (a-ZEL),,-5.27,,,,,,,,,,,
aceclofenac,,-4.4099998,,,,,,,,,,,C1=CC=C(C(=C1)CC(=O)OCC(=O)O)NC2=C(C=CC=C2Cl)Cl
acetaminophen,,-4.4400001,,,,,,,,,,,CC(=O)NC1=CC=C(C=C1)O
alminoprofen,,-4.3400002,,,,,,,,,,,CC(C1=CC=C(C=C1)NCC(=C)C)C(=O)O
amfenac sodium,,-4.52,,,,,,,,,,,C1=CC=C(C=C1)C(=O)C2=CC=CC(=C2N)CC(=O)[O-].O.[Na+]
amoxicillin,,-6.1524997,,,,,,,,,,,CC1(C(N2C(S1)C(C2=O)NC(=O)C(C3=CC=C(C=C3)O)N)C(=O)O)C
ampicillin,,-5.6999998,,,,,,,,,,,CC1(C(N2C(S1)C(C2=O)NC(=O)C(C3=CC=CC=C3)N)C(=O)O)C
artesunate,,-5.4000001,,,,,,,,,,,CC1CCC2C(C(OC3C24C1CCC(O3)(OO4)C)OC(=O)CCC(=O)O)C
atropine,,-4.6999998,,,,,,,,,,,CN1C2CCC1CC(C2)OC(=O)C(CO)C3=CC=CC=C3
b,,-5.5999999,,,,,,,,,,,[B]
benzoic acid,,-4.0050001,,,,,,,,,,,C1=CC=C(C=C1)C(=O)O
benzylpenicillin,,-6.0250001,,,,,,,,,,,CC1(C(N2C(S1)C(C2=O)NC(=O)CC3=CC=CC=C3)C(=O)O)C
betazolol,,-4.8099999,,,,,,,,,,,CN(C)CC(COC1=CC=C(C=C1)CCOC2CC2)O
betazolol ester,,-4.52,,,,,,,,,,,
caffeine,,-4.3400002,,,,,,,,,,,CN1C=NC2=C1C(=O)N(C(=O)N2C)C
camptothecin,,-4.1100001000000015,,,,,,,,,,,CCC1(C2=C(COC1=O)C(=O)N3CC4=CC5=CC=CC=C5N=C4C3=C2)O
carboxamido 28,,-4.059999899999998,,,,,,,,,,,
cefazolin,,-6.23,,,,,,,,,,,CC1=NN=C(S1)SCC2=C(N3C(C(C3=O)NC(=O)CN4C=NN=N4)SC2)C(=O)O
ceftriaxone,,-6.764999900000001,,,,,,,,,,,CN1C(=NC(=O)C(=O)N1)SCC2=C(N3C(C(C3=O)NC(=O)C(=NOC)C4=CSC(=N4)N)SC2)C(=O)O
cephalexin,,-6.3600001,,,,,,,,,,,CC1=C(N2C(C(C2=O)NC(=O)C(C3=CC=CC=C3)N)SC1)C(=O)O
cephalexin acetylated,,-6.630000099999998,,,,,,,,,,,
cimetidine,,-5.9000001,,,,,,,,,,,CC1=C(N=CN1)CSCCNC(=NC)NC#N
clozapine,,-4.5100002,,,,,,,,,,,CN1CCN(CC1)C2=NC3=C(C=CC(=C3)Cl)NC4=CC=CC=C42
codeine,,-4.0900002,,,,,,,,,,,CN1CCC23C4C1CC5=C2C(=C(C=C5)OC)OC3C(C=C4)O
corticosterone,,-4.4850001,,,,,,,,,,,CC12CCC(=O)C=C1CCC3C2C(CC4(C3CCC4C(=O)CO)C)O
creatinine,,-5.935409099999998,,,,,,,,,,,CN1CC(=O)N=C1N
cyclo[Trp-Ala-Gly-Gly-Asp-Ala],,-7.0307584,,,,,,,,,,,
cymarin,,-5.6999998,,,,,,,,,,,CC1C(C(CC(O1)OC2CCC3(C4CCC5(C(CCC5(C4CCC3(C2)O)O)C6=CC(=O)OC6)C)C=O)OC)O
d-praeruptorin,,-4.579999900000002,,,,,,,,,,,
daidzin ,,-6.3600001,,,,,,,,,,,C1=CC(=CC=C1C2=COC3=C(C2=O)C=CC(=C3)OC4C(C(C(C(O4)CO)O)O)O)O
danazol,,-4.8400002,,,,,,,,,,,CC12CCC3C(C1CCC2(C#C)O)CCC4=CC5=C(CC34C)C=NO5
desoxycarticosterone,,-4.670000099999998,,,,,,,,,,,
dexamethasone b D glucoside,,-6.54,,,,,,,,,,,
dexamethasone b D glucuronide,,-6.119999900000002,,,,,,,,,,,
echinacoside,,-6.650000099999999,,,,,,,,,,,CC1C(C(C(C(O1)OC2C(C(OC(C2OC(=O)C=CC3=CC(=C(C=C3)O)O)COC4C(C(C(C(O4)CO)O)O)O)OCCC5=CC(=C(C=C5)O)O)O)O)O)O
elarofiban,,-6.21,,,,,,,,,,,C1CC(CN(C1)C(=O)CCC2CCNCC2)C(=O)NC(CC(=O)O)C3=CN=CC=C3.O
enalapril,,-5.6719999,,,,,,,,,,,CCOC(=O)C(CCC1=CC=CC=C1)NC(C)C(=O)N2CCCC2C(=O)O
epinephrine,,-6.125,,,,,,,,,,,CNCC(C1=CC(=C(C=C1)O)O)O
eriodictyol ,,-5.2800002,,,,,,,,,,,C1C(OC2=CC(=CC(=C2C1=O)O)O)C3=CC(=C(C=C3)O)O
erythromycin,,-5.7800002,,,,,,,,,,,CCC1C(C(C(C(=O)C(CC(C(C(C(C(C(=O)O1)C)OC2CC(C(C(O2)C)O)(C)OC)C)OC3C(C(CC(O3)C)N(C)C)O)(C)O)C)C)O)(C)O
famotidine,,-6.0700002,,,,,,,,,,,C1=C(N=C(S1)N=C(N)N)CSCCC(=NS(=O)(=O)N)N
fexofenadine,,-6.5100002,,,,,,,,,,,CC(C)(C1=CC=C(C=C1)C(CCCN2CCC(CC2)C(C3=CC=CC=C3)(C4=CC=CC=C4)O)O)C(=O)O
fexofenadine hydrochloride,,-5.6999998,,,,,,,,,,,CC(C)(C1=CC=C(C=C1)C(CCCN2CCC(CC2)C(C3=CC=CC=C3)(C4=CC=CC=C4)O)O)C(=O)O.Cl
fluparoxan,,-4.099999899999999,,,,,,,,,,,C1C2C(CN1)OC3=C(O2)C=CC=C3F
ganciclovir,,-6.369999900000002,,,,,,,,,,,C1=NC2=C(N1COC(CO)CO)N=C(NC2=O)N
glycerol,,-4.829999900000002,,,,,,,,,,,C(C(CO)O)O
glycine-valine acyclovir,,-5.2800002,,,,,,,,,,,
guanabenz,,-4.6799998,,,,,,,,,,,C1=CC(=C(C(=C1)Cl)C=NN=C(N)N)Cl
hesperetin ,,-4.7399998,,,,,,,,,,,COC1=C(C=C(C=C1)C2CC(=O)C3=C(C=C(C=C3O2)O)O)O
hexapeptide 01,,-5.8200002,,,,,,,,,,,
hexapeptide 03,,-5.8200002,,,,,,,,,,,
hexapeptide 04,,-5.8200002,,,,,,,,,,,
hexapeptide 05,,-5.8200002,,,,,,,,,,,
hexapeptide 06,,-5.8200002,,,,,,,,,,,
hexapeptide 07,,-5.8200002,,,,,,,,,,,
hexapeptide 08,,-5.8200002,,,,,,,,,,,
hexapeptide 09,,-5.3000002,,,,,,,,,,,
hexapeptide 12,,-5.8200002,,,,,,,,,,,CC(C)C(C(=O)NCC(=O)NC(C(C)C)C(=O)O)NC(=O)CNC(=O)C1CCCN1C(=O)C(C)N
hexapeptide 13,,-5.8200002,,,,,,,,,,,
hexapeptide 14,,-5.8200002,,,,,,,,,,,
hexapeptide 15,,-5.8200002,,,,,,,,,,,
hexapeptide 16,,-5.3000002,,,,,,,,,,,
hexapeptide 18,,-5.3000002,,,,,,,,,,,
hexapeptide 19,,-5.8200002,,,,,,,,,,,
hexapeptide 20,,-5.8200002,,,,,,,,,,,
hexapeptide 22,,-5.8200002,,,,,,,,,,,
hexapeptide 23,,-5.8200002,,,,,,,,,,,
hexapeptide 24,,-5.8200002,,,,,,,,,,,
hexapeptide 25,,-5.8200002,,,,,,,,,,,
hexapeptide 26,,-5.3000002,,,,,,,,,,,
hexapeptide 27,,-5.3000002,,,,,,,,,,,
hexapeptide 28,,-5.0,,,,,,,,,,,
hexapeptide 29,,-5.8200002,,,,,,,,,,,
hexapeptide 32,,-5.8200002,,,,,,,,,,,
hexapeptide 33,,-5.8200002,,,,,,,,,,,CC(C)CC(C(=O)NC(CCCN=C(N)N)C(=O)NC(CC1=CC=C(C=C1)O)C(=O)O)NC(=O)C(CCCCN)NC(=O)C(CC2=CC=CC=C2)NC(=O)C(CO)N
hexapeptide 34,,-5.8200002,,,,,,,,,,,
hexapeptide 37,,-5.8200002,,,,,,,,,,,
hexapeptide 38,,-5.8200002,,,,,,,,,,,
hexapeptide 41,,-5.2600002,,,,,,,,,,,
hexapeptide 42,,-5.8200002,,,,,,,,,,,CCC(C)C(C(=O)NC(CCC(=O)N)C(=O)NC(C)C(=O)NC(CS)C(=O)NC(CCCN=C(N)N)C(=O)NCC(=O)O)N
hexapeptide 43,,-5.8200002,,,,,,,,,,,
hexapeptide 47,,-5.3000002,,,,,,,,,,,
hexapeptide 48,,-5.3000002,,,,,,,,,,,
hexapeptide 51,,-5.3000002,,,,,,,,,,,
hexapeptide 52,,-4.6999998,,,,,,,,,,,
hexapeptide 53,,-5.3000002,,,,,,,,,,,
hexapeptide 54,,-5.0,,,,,,,,,,,
hexapeptide 55,,-5.3000002,,,,,,,,,,,
hexapeptide 56,,-5.0999999,,,,,,,,,,,
hexapeptide 57,,-5.1500001,,,,,,,,,,,
hexapeptide 58,,-5.3000002,,,,,,,,,,,
hexapeptide 59,,-5.3000002,,,,,,,,,,,
hexapeptide 60,,-5.3000002,,,,,,,,,,,
hydralazine,,-5.170000099999998,,,,,,,,,,,C1=CC=C2C(=C1)C=NN=C2NN
hydrocortisone,,-4.6599998,,,,,,,,,,,CC12CCC(=O)C=C1CCC3C2C(CC4(C3CCC4(C(=O)CO)O)C)O
imipramine,,-4.8509998,,,,,,,,,,,CN(C)CCCN1C2=CC=CC=C2CCC3=CC=CC=C31
indobufen,,-4.3899999,,,,,,,,,,,CCC(C1=CC=C(C=C1)N2CC3=CC=CC=C3C2=O)C(=O)O
indomethacin,,-4.6900001,,,,,,,,,,,CC1=C(C2=C(N1C(=O)C3=CC=C(C=C3)Cl)C=CC(=C2)OC)CC(=O)O
isoquercitrin ,,-6.170000099999998,,,,,,,,,,,C1=CC(=C(C=C1C2=C(C(=O)C3=C(C=C(C=C3O2)O)O)OC4C(C(C(O4)C(CO)O)O)O)O)O
isovitexin ,,-6.1999998,,,,,,,,,,,C1=CC(=CC=C1C2=CC(=O)C3=C(O2)C=C(C(=C3O)C4C(C(C(C(O4)CO)O)O)O)O)O
kaempferide ,,-5.1900001,,,,,,,,,,,COC1=CC=C(C=C1)C2=C(C(=O)C3=C(C=C(C=C3O2)O)O)O
ketoconazole,,-4.9299998,,,,,,,,,,,CC(=O)N1CCN(CC1)C2=CC=C(C=C2)OCC3COC(O3)(CN4C=CN=C4)C5=C(C=C(C=C5)Cl)Cl
lamotrigine,,-4.3899999,,,,,,,,,,,C1=CC(=C(C(=C1)Cl)Cl)C2=C(N=C(N=N2)N)N
lansoprazole,,-4.1100001000000015,,,,,,,,,,,CC1=C(C=CN=C1CS(=O)C2=NC3=CC=CC=C3N2)OCC(F)(F)F
lisinopril,,-7.389999900000001,,,,,,,,,,,C1CC(N(C1)C(=O)C(CCCCN)NC(CCC2=CC=CC=C2)C(=O)O)C(=O)O
loracarbef,,-7.3400002,,,,,,,,,,,C1CC(=C(N2C1C(C2=O)NC(=O)C(C3=CC=CC=C3)N)C(=O)O)Cl
meloxicam,,-4.71,,,,,,,,,,,CC1=CN=C(S1)NC(=O)C2=C(C3=CC=CC=C3S(=O)(=O)N2C)O
methanol,,-4.4899998,,,,,,,,,,,CO
methylscopolamine,,-6.1599998,,,,,,,,,,,C[N+]1(C2CC(CC1C3C2O3)OC(=O)C(CO)C4=CC=CC=C4)C.[Br-]
metolazone,,-5.21,,,,,,,,,,,CC1NC2=CC(=C(C=C2C(=O)N1C3=CC=CC=C3C)S(=O)(=O)N)Cl
nadalol,,-5.4109998,,,,,,,,,,,
naproxen,,-4.6599998,,,,,,,,,,,CC(C1=CC2=C(C=C1)C=C(C=C2)OC)C(=O)O
naproxen sodium,,-4.329999900000002,,,,,,,,,,,CC(C1=CC2=C(C=C1)C=C(C=C2)OC)C(=O)[O-].[Na+]
naringenin,,-4.6550002,,,,,,,,,,,C1C(OC2=CC(=CC(=C2C1=O)O)O)C3=CC=C(C=C3)O
neolignan smi02,,-5.3400002,,,,,,,,,,,
neolignan smi05,,-4.73,,,,,,,,,,,
neolignan smi06,,-4.5900002,,,,,,,,,,,
neolignan smi07,,-4.619999900000002,,,,,,,,,,,
neolignan smi08,,-4.5500002,,,,,,,,,,,
neolignan smi09,,-4.5100002,,,,,,,,,,,
neolignan smi10,,-4.6500001,,,,,,,,,,,
nitrendipine,,-4.8499999,,,,,,,,,,,CCOC(=O)C1=C(NC(=C(C1C2=CC(=CC=C2)[N+](=O)[O-])C(=O)OC)C)C
omeprazole,,-4.1700001,,,,,,,,,,,CC1=CN=C(C(=C1OC)C)CS(=O)C2=NC3=C(N2)C=C(C=C3)OC
ouabain,,-7.23,,,,,,,,,,,CC1C(C(C(C(O1)OC2CC(C3(C4C(CCC3(C2)O)C5(CCC(C5(CC4O)C)C6=CC(=O)OC6)O)CO)O)O)O)O
oxacillin,,-5.579999900000002,,,,,,,,,,,CC1=C(C(=NO1)C2=CC=CC=C2)C(=O)NC3C4N(C3=O)C(C(S4)(C)C)C(=O)O
oxprenolol ester,,-4.545000099999998,,,,,,,,,,,
pravastatin,,-5.8400002,,,,,,,,,,,CCC(C)C(=O)OC1CC(C=C2C1C(C(C=C2)C)CCC(CC(CC(=O)O)O)O)O
prazosin,,-4.987,,,,,,,,,,,COC1=C(C=C2C(=C1)C(=NC(=N2)N3CCN(CC3)C(=O)C4=CC=CO4)N)OC
prednisolone,,-4.7199998,,,,,,,,,,,CC12CC(C3C(C1CCC2(C(=O)CO)O)CCC4=CC(=O)C=CC34C)O
preladenant,,-5.3499999,,,,,,,,,,,COCCOC1=CC=C(C=C1)N2CCN(CC2)CCN3C4=C(C=N3)C5=NC(=NN5C(=N4)N)C6=CC=CO6
propranolol ester,,-4.5100002,,,,,,,,,,,
puerarin ,,-6.4000001,,,,,,,,,,,C1=CC(=CC=C1C2=COC3=C(C2=O)C=CC(=C3C4C(C(C(C(O4)CO)O)O)O)O)O
quercitrin ,,-6.0999999,,,,,,,,,,,CC1C(C(C(C(O1)OC2=C(OC3=CC(=CC(=C3C2=O)O)O)C4=CC(=C(C=C4)O)O)O)O)O
quinidine,,-4.6900001,,,,,,,,,,,COC1=CC2=C(C=CN=C2C=C1)C(C3CC4CCN3CC4C=C)O
raffinose,,-7.619999900000002,,,,,,,,,,,C(C1C(C(C(C(O1)OCC2C(C(C(C(O2)OC3(C(C(C(O3)CO)O)O)CO)O)O)O)O)O)O)O
rapamycin,,-4.96,,,,,,,,,,,CC1CCC2CC(C(=CC=CC=CC(CC(C(=O)C(C(C(=CC(C(=O)CC(OC(=O)C3CCCCN3C(=O)C(=O)C1(O2)O)C(C)CC4CCC(C(C4)OC)O)C)C)O)OC)C)C)C)OC
saquinavir,,-6.2600002,,,,,,,,,,,CC(C)(C)NC(=O)C1CC2CCCCC2CN1CC(C(CC3=CC=CC=C3)NC(=O)C(CC(=O)N)NC(=O)C4=NC5=CC=CC=C5C=C4)O
scopolamine,,-4.928,,,,,,,,,,,CN1C2CC(CC1C3C2O3)OC(=O)C(CO)C4=CC=CC=C4
serotonin,,-4.8600001,,,,,,,,,,,C1=CC2=C(C=C1O)C(=CN2)CCN
sildenafil,,-4.5100002,,,,,,,,,,,CCCC1=NN(C2=C1N=C(NC2=O)C3=C(C=CC(=C3)S(=O)(=O)N4CCN(CC4)C)OCC)C
sulfadiazine,,-4.75,,,,,,,,,,,C1=CN=C(N=C1)NS(=O)(=O)C2=CC=C(C=C2)N
sulfamethoxazole,,-4.880000099999998,,,,,,,,,,,CC1=CC(=NO1)NS(=O)(=O)C2=CC=C(C=C2)N
sulfasalazine,,-5.378171,,,,,,,,,,,C1=CC=NC(=C1)NS(=O)(=O)C2=CC=C(C=C2)N=NC3=CC(=C(C=C3)O)C(=O)O
tenidap,,-4.5700002,,,,,,,,,,,C1=CSC(=C1)C(=O)C2=C(N(C3=C2C=C(C=C3)Cl)C(=O)N)O
tenoxicam,,-4.6100001,,,,,,,,,,,CN1C(=C(C2=C(S1(=O)=O)C=CS2)O)C(=O)NC3=CC=CC=N3
theophylline,,-4.3499999,,,,,,,,,,,CN1C2=C(C(=O)N(C1=O)C)NC=N2
tiotidine,,-5.880000099999998,,,,,,,,,,,CN=C(NCCSCC1=CSC(=N1)N=C(N)N)NC#N
tryptophan,,-5.3899999,,,,,,,,,,,C1=CC=C2C(=C1)C(=CN2)CC(C(=O)O)N
tryptophanamide,,-4.920000099999998,,,,,,,,,,,C1=CC=C2C(=C1)C(=CN2)CC(C(=O)N)N
ursolic acid,,-5.5500002,,,,,,,,,,,CC1CCC2(CCC3(C(=CCC4C3(CCC5C4(CCC(C5(C)C)O)C)C)C2C1C)C)C(=O)O
verapamil,,-4.579999900000002,,,,,,,,,,,CC(C)C(CCCN(C)CCC1=CC(=C(C=C1)OC)OC)(C#N)C2=CC(=C(C=C2)OC)OC
vinblastine,,-5.48,,,,,,,,,,,CCC1(CC2CC(C3=C(CCN(C2)C1)C4=CC=CC=C4N3)(C5=C(C=C6C(=C5)C78CCN9C7C(C=CC9)(C(C(C8N6C)(C(=O)OC)O)OC(=O)C)CC)OC)C(=O)OC)O
ximelagatran,1.0,,,,,,,,,,,,CCOC(=O)CNC(C1CCCCC1)C(=O)N2CCC2C(=O)NCC3=CC=C(C=C3)C(=NO)N
zidovudine,,-5.0599999,,,,,,,,,,,CC1=CN(C(=O)NC1=O)C2CC(C(O2)CO)N=[N+]=[N-]
