{
  "checkpoint": "models/dynamic_gnn_sweep_c/best_model.pt",
  "data": "data/processed/pbpk_enriched/dynamic_gnn_dataset_enriched_v3.npz",
  "device": "cuda",
  "metrics": {
    "per_organ": {
      "blood": {
        "mse": 8.368561310589939e-08,
        "mae": 8.906742004910484e-05,
        "r2": 0.9999999891973638
      },
      "liver": {
        "mse": 5.430900174019371e-08,
        "mae": 7.950144936330616e-05,
        "r2": 0.9999994237330155
      },
      "kidney": {
        "mse": 5.6365315970197116e-08,
        "mae": 6.820776616223156e-05,
        "r2": 0.999999412090233
      },
      "brain": {
        "mse": 3.7026783417104525e-08,
        "mae": 6.031580414855853e-05,
        "r2": 0.9999996188730765
      },
      "heart": {
        "mse": 2.970512547051385e-08,
        "mae": 5.91717725910712e-05,
        "r2": 0.9999996974812906
      },
      "lung": {
        "mse": 1.3409702148692304e-07,
        "mae": 0.00016341164882760495,
        "r2": 0.9999985135518392
      },
      "muscle": {
        "mse": 6.767564286747074e-08,
        "mae": 8.611789962742478e-05,
        "r2": 0.9999992951683689
      },
      "adipose": {
        "mse": 2.8051164946418794e-08,
        "mae": 5.919125396758318e-05,
        "r2": 0.999999714768907
      },
      "gut": {
        "mse": 3.1377332732063223e-08,
        "mae": 7.008031388977543e-05,
        "r2": 0.999999677639231
      },
      "skin": {
        "mse": 2.1658669524526886e-08,
        "mae": 6.0802143707405776e-05,
        "r2": 0.9999997802789108
      },
      "bone": {
        "mse": 3.062302766920766e-08,
        "mae": 6.486198981292546e-05,
        "r2": 0.9999996896587098
      },
      "spleen": {
        "mse": 3.261873970927809e-08,
        "mae": 5.694369610864669e-05,
        "r2": 0.9999996683422985
      },
      "pancreas": {
        "mse": 4.448605750440038e-08,
        "mae": 6.577806198038161e-05,
        "r2": 0.9999995488257833
      },
      "other": {
        "mse": 2.354042827334979e-08,
        "mae": 5.870290988241322e-05,
        "r2": 0.9999997605609569
      }
    },
    "global": {
      "mse": 4.822998889153496e-08,
      "mae": 7.443957292707637e-05,
      "r2": 0.999999925715597
    }
  }
}